{"type":"FeatureCollection","features":[{"type":"Feature","geometry":{"type":"Polygon","coordinates":[[[-81.45284699997825,28.531047999931303],[-81.4528439996052,28.53093799962677],[-81.45283000025982,28.53082700004979],[-81.4528229996888,28.530798999953127],[-81.45280000012258,28.53068900017799],[-81.45277699965806,28.530609000341144],[-81.45273700037339,28.53050300016783],[-81.45270399986312,28.53043199974639],[-81.4526889997945,28.530398999789913],[-81.452632999718,28.530298999906535],[-81.45256800031899,28.530202999739775],[-81.45252899996093,28.530152999716968],[-81.45249600034897,28.530111000089818],[-81.45241699980794,28.530024000132563],[-81.45233099959422,28.529941999880226],[-81.45225500032456,28.52987800035123],[-81.4521740001337,28.52981799982031],[-81.45208999956981,28.529761999872708],[-81.4519349997591,28.529676000374412],[-81.45181799958323,28.529621000309742],[-81.45177199955248,28.52960300026802],[-81.45172200022208,28.529584000264432],[-81.45162299958956,28.529551000042428],[-81.45152300003045,28.529522999606822],[-81.4514209999232,28.529499999750787],[-81.45129399970159,28.52947699988971],[-81.45125699989167,28.529472000090816],[-81.45116499983017,28.5294609997432],[-81.45108100016458,28.52945499998359],[-81.45097499985937,28.529451000143695],[-81.45090600026239,28.529450000183704],[-81.45077700039097,28.52945499998359],[-81.45065900039019,28.52946600033188],[-81.45064799962121,28.52946800025156],[-81.45055499973478,28.52948199968839],[-81.45043699973402,28.529504000378058],[-81.45039400007632,28.529513000013193],[-81.45026900040286,28.529546000247095],[-81.45014800002902,28.529586000181926],[-81.45009500032558,28.52960700010214],[-81.44998599964732,28.52965399972058],[-81.44952299986504,28.52984900004629],[-81.44914100027361,28.530010999933182],[-81.44894700010487,28.53007899998687],[-81.44874700008832,28.530129999998408],[-81.44854200004892,28.530163000039124],[-81.44807400024376,28.530198999928214],[-81.44757399975325,28.530238999615225],[-81.44757999960103,28.53044699979496],[-81.44759999969253,28.531072000183375],[-81.44760600043863,28.53124000021638],[-81.44761099956318,28.531280000297524],[-81.44761899995909,28.531334000343463],[-81.4476470004465,28.53144300029354],[-81.4476549999441,28.53147200015992],[-81.4476900001042,28.531562000320307],[-81.44786199963335,28.531895000324347],[-81.44788199972483,28.53193300028395],[-81.44794899967198,28.532038999808215],[-81.44796999958837,28.532068000299763],[-81.4480499999543,28.532158999885468],[-81.44811600007657,28.532218999872867],[-81.44818800004658,28.532285000214173],[-81.44827799955996,28.53238299992723],[-81.44835299990302,28.53248799985686],[-81.44853200000317,28.532824999803765],[-81.44855999959225,28.532876999992325],[-81.44861599966876,28.532950000198547],[-81.44868799963876,28.533014000229677],[-81.44874100024053,28.53304900000827],[-81.44881999988324,28.533085999626266],[-81.4489079997468,28.533112999979213],[-81.44895600032571,28.533119000319807],[-81.44900099963323,28.53312599979596],[-81.44983199966151,28.53311000020343],[-81.45012399973957,28.53310499978766],[-81.45012299991465,28.533053999637424],[-81.45012200008975,28.53290199975513],[-81.45012200008975,28.53288999983812],[-81.45013499961024,28.532854000079023],[-81.45013799998328,28.532844999940025],[-81.45017300014337,28.532798000166192],[-81.45022599984682,28.532747999796133],[-81.45029100014415,28.532720000209864],[-81.45037900000769,28.532698000191534],[-81.45044699977976,28.53269299975621],[-81.45060300031369,28.532718000351885],[-81.45064000012361,28.532721000138828],[-81.45078099969061,28.532733000075073],[-81.45091100028527,28.53273400000392],[-81.4510760001417,28.532726999712516],[-81.45123299960221,28.53270800027218],[-81.45129899972447,28.532693999685428],[-81.45142699977099,28.532668999873287],[-81.45153800009906,28.53264000033635],[-81.45168399968892,28.532589999891282],[-81.45182599997916,28.53253000011512],[-81.45186899963686,28.532507000126074],[-81.45197400011716,28.532452999891934],[-81.45207700004931,28.53238800037721],[-81.45208999956981,28.532381000062816],[-81.45221199976854,28.532292999678752],[-81.45232399992152,28.53219599981601],[-81.45235999990653,28.532157999951174],[-81.45244500029536,28.532071000105265],[-81.45252099956501,28.531979999654336],[-81.45255900009816,28.53192599993933],[-81.45258800041047,28.531887000040328],[-81.45264699996171,28.531789999803834],[-81.45269999966516,28.53169100038982],[-81.45274400004608,28.531588000334796],[-81.452780999856,28.53148300029763],[-81.45279500009973,28.53142900032801],[-81.45281000016834,28.53137600027241],[-81.45283299973455,28.531248999703223],[-81.45284299978029,28.531158000120968],[-81.45284299978029,28.531135999776502],[-81.45284699997825,28.531047999931303]]]},"properties":{"block_id":"120950146012009","school_id":"sch_orlo_vista_elementary","kids_est":0,"class":"red","shortest":{"len_m":2897.7,"mean_c":38.22,"peak_c":38.4,"dose":210.6},"coolest":{"len_m":2897.7,"mean_c":38.22,"peak_c":38.4,"dose":210.6},"delta_mean_c":0.0,"delta_dose_pct":0,"distance_mi":0.873,"status_now":"walk","status_rec":"bus_eligible","reason":"Coolest route mean 38.2C exceeds threshold (110 C-min dose, actual 211).","safe_until_hour":"11:00"}},{"type":"Feature","geometry":{"type":"Polygon","coordinates":[[[-81.45073899985782,28.528388000208828],[-81.45072999963698,28.528324999706893],[-81.45071200009363,28.52828799999587],[-81.45067100008575,28.528251000271858],[-81.45061699965908,28.528230000081464],[-81.45048399958968,28.528230000081464],[-81.45011399969384,28.528232000024605],[-81.45011000039419,28.528449999914375],[-81.45010700002115,28.52846200033694],[-81.45009100012761,28.528545000130762],[-81.4499429999896,28.528982999672117],[-81.44991299985237,28.52910300007208],[-81.44991000037764,28.52912500005162],[-81.4498939995858,28.52925699983271],[-81.44989799978376,28.529354999993778],[-81.44990199998173,28.529417999880064],[-81.44990700000459,28.529478999809186],[-81.44992799992099,28.529532999988746],[-81.44995800005823,28.52959599976862],[-81.44998599964732,28.52965399972058],[-81.45009500032558,28.52960700010214],[-81.45014800002902,28.529586000181926],[-81.45026900040286,28.529546000247095],[-81.45039400007632,28.529513000013193],[-81.45043699973402,28.529504000378058],[-81.45055499973478,28.52948199968839],[-81.4505199995747,28.529327000295286],[-81.45051799992487,28.529245000289976],[-81.45052899979552,28.529163000220812],[-81.45054300003923,28.52911800030979],[-81.45069000035232,28.528679999751002],[-81.45072600033734,28.528532999717715],[-81.45073899985782,28.528388000208828]]]},"properties":{"block_id":"120950146012014","school_id":"sch_orlo_vista_elementary","kids_est":7,"class":"red","shortest":{"len_m":2648.7,"mean_c":38.22,"peak_c":38.4,"dose":192.8},"coolest":{"len_m":2648.7,"mean_c":38.22,"peak_c":38.4,"dose":192.8},"delta_mean_c":0.0,"delta_dose_pct":0,"distance_mi":1.006,"status_now":"walk","status_rec":"bus_eligible","reason":"Coolest route mean 38.2C exceeds threshold (110 C-min dose, actual 193).","safe_until_hour":"11:00"}},{"type":"Feature","geometry":{"type":"Polygon","coordinates":[[[-81.459116000088,28.527989000340096],[-81.45909000014872,28.52700400016529],[-81.45905599981354,28.525704999757636],[-81.45903200042241,28.524797999902034],[-81.45904300029306,28.524258000228148],[-81.45905300033881,28.52374899980816],[-81.45905699963845,28.523596999924195],[-81.45905300033881,28.523134999627224],[-81.45904900014085,28.52249099982943],[-81.45903900009512,28.52085699988962],[-81.45903400007222,28.520773000314552],[-81.4580530002561,28.52076900014517],[-81.45782499975215,28.520985999642466],[-81.45766699956842,28.52092100015998],[-81.45761899988783,28.520905000293332],[-81.45755199994068,28.520901000128998],[-81.4575030004352,28.52091099975027],[-81.45722499970253,28.521100000228778],[-81.45706900006692,28.520930999779345],[-81.45702800005904,28.52091199979134],[-81.45699999957164,28.520907000375487],[-81.45602399977838,28.520918000037145],[-81.45592800041723,28.520927999656855],[-81.45565899990541,28.52096799970476],[-81.45561899972243,28.520985999642466],[-81.45558600011046,28.521013999977885],[-81.45557100004186,28.5210370001069],[-81.4553919999417,28.521424999845824],[-81.45538899956864,28.5214409996335],[-81.45524100032897,28.5214409996335],[-81.45523999960572,28.520314999668656],[-81.45524899982657,28.51970500022041],[-81.45524600035185,28.519094999611085],[-81.45477500017364,28.519100999960347],[-81.45478799969412,28.52042500000872],[-81.45477599999856,28.523836000209176],[-81.45479899956477,28.525330999973416],[-81.45482000037948,28.526621000373133],[-81.45479100006716,28.52769199978959],[-81.4549760000151,28.52768999983621],[-81.45516000013812,28.527687999882737],[-81.45567399997401,28.52767800011502],[-81.45569400006549,28.52767800011502],[-81.45620200005361,28.52768599992927],[-81.45639700004729,28.527688999859446],[-81.45678000036192,28.52767900009182],[-81.45691699973095,28.52767600016137],[-81.45697399963237,28.52767900009182],[-81.45714299968677,28.52770100036865],[-81.45730800044153,28.5277400002382],[-81.45745400003139,28.527789999827267],[-81.45778299991936,28.527884999849256],[-81.45803200033971,28.52794399992786],[-81.4582070002419,28.527972999967705],[-81.45836600025055,28.52799000031402],[-81.45844300024345,28.527999000078378],[-81.459116000088,28.527989000340096]]]},"properties":{"block_id":"120950146082000","school_id":"sch_orlo_vista_elementary","kids_est":47,"class":"red","shortest":{"len_m":2042.5,"mean_c":38.27,"peak_c":38.4,"dose":149.6},"coolest":{"len_m":2042.5,"mean_c":38.27,"peak_c":38.4,"dose":149.6},"delta_mean_c":0.0,"delta_dose_pct":0,"distance_mi":1.192,"status_now":"walk","status_rec":"bus_eligible","reason":"Coolest route mean 38.3C exceeds threshold (110 C-min dose, actual 150).","safe_until_hour":"12:00"}},{"type":"Feature","geometry":{"type":"Polygon","coordinates":[[[-81.46124299957671,28.534058999998653],[-81.46123000005622,28.533706999680412],[-81.46122599985826,28.53360499993794],[-81.46095300004679,28.533601000255494],[-81.46081599977946,28.533601000255494],[-81.46067699986227,28.533601000255494],[-81.46068799973293,28.53390099969184],[-81.46069100010597,28.53398200010348],[-81.4606939995807,28.534070999782486],[-81.46070799982441,28.534070999782486],[-81.460763000076,28.534070999782486],[-81.46095899989459,28.534066000201534],[-81.46124299957671,28.534058999998653]]]},"properties":{"block_id":"120950147022010","school_id":"sch_orlo_vista_elementary","kids_est":2,"class":"green","shortest":{"len_m":1253.7,"mean_c":38.35,"peak_c":38.4,"dose":93.0},"coolest":{"len_m":1253.7,"mean_c":38.35,"peak_c":38.4,"dose":93.0},"delta_mean_c":0.0,"delta_dose_pct":0,"distance_mi":0.545,"status_now":"walk","status_rec":"walk","reason":"Shortest route already under threshold (dose 93).","safe_until_hour":null}},{"type":"Feature","geometry":{"type":"Polygon","coordinates":[[[-81.46137700036931,28.53794200032767],[-81.4613759996461,28.537624000308792],[-81.46135800010273,28.537149999720132],[-81.46134899988192,28.536914000093663],[-81.46115399988825,28.536915999872015],[-81.46101400014615,28.53691799965031],[-81.46080099971083,28.53692000021777],[-81.4608059997337,28.53704999992955],[-81.46081099975657,28.53718000027012],[-81.46081599977946,28.53730999966106],[-81.46075700022821,28.53731100033566],[-81.46077200029683,28.53767800026055],[-81.46078099961933,28.53787800013297],[-81.4606850002582,28.537879000012992],[-81.46039800020301,28.537883000322235],[-81.46028600005002,28.537885000082188],[-81.46028299967698,28.537652000170308],[-81.46028000020223,28.53731699964802],[-81.45966000006113,28.53732500030897],[-81.45929099999019,28.53732999973523],[-81.45922099967,28.537330999620533],[-81.45922400004305,28.53758600003387],[-81.45922599969286,28.53783599963884],[-81.45922499986794,28.53791100011492],[-81.45920999979933,28.53789899997918],[-81.45918800005803,28.537881999653067],[-81.45908299957773,28.537852000092144],[-81.45888199973626,28.5378409998301],[-81.45866699965111,28.537852000092144],[-81.45859800005414,28.5378409998301],[-81.45826199959517,28.537841999710476],[-81.45825999994534,28.537989000174605],[-81.45825999994534,28.53802999993998],[-81.45831600002184,28.5380200003644],[-81.45838299996899,28.53801099987745],[-81.45857700013775,28.537986999627453],[-81.45866500000129,28.537981000353255],[-81.45907000005724,28.53797399962123],[-81.45930000021102,28.53797099998384],[-81.45950299970231,28.537966999677984],[-81.46011199997274,28.537957000096362],[-81.46031600018725,28.537955000337785],[-81.46077399994665,28.537949000272636],[-81.46135100043006,28.53794200032767],[-81.46137700036931,28.53794200032767]]]},"properties":{"block_id":"120950147022000","school_id":"sch_orlo_vista_elementary","kids_est":0,"class":"green","shortest":{"len_m":723.0,"mean_c":38.3,"peak_c":38.3,"dose":53.4},"coolest":{"len_m":723.0,"mean_c":38.3,"peak_c":38.3,"dose":53.4},"delta_mean_c":0.0,"delta_dose_pct":0,"distance_mi":0.285,"status_now":"walk","status_rec":"walk","reason":"Shortest route already under threshold (dose 53).","safe_until_hour":null}},{"type":"Feature","geometry":{"type":"Polygon","coordinates":[[[-81.46095600041984,28.528203000055953],[-81.46094100035123,28.52795800035631],[-81.45988099999406,28.527971999993692],[-81.45984599983396,28.527972999967705],[-81.45939499974726,28.527985999629216],[-81.45941900003672,28.529018000000182],[-81.45941900003672,28.52931799985509],[-81.45962699955084,28.529308000242008],[-81.45974399972671,28.529308000242008],[-81.4597780000619,28.529206000188044],[-81.45978300008477,28.528864999855827],[-81.4598120003971,28.52872899971653],[-81.46013799991202,28.528714000212712],[-81.46037700028661,28.5287090003776],[-81.46039599965488,28.52866900010993],[-81.46037700028661,28.528265999841565],[-81.46092200008464,28.528265999841565],[-81.46095600041984,28.528203000055953]]]},"properties":{"block_id":"120950147022013","school_id":"sch_orlo_vista_elementary","kids_est":0,"class":"red","shortest":{"len_m":1551.8,"mean_c":38.34,"peak_c":38.4,"dose":115.0},"coolest":{"len_m":1551.8,"mean_c":38.34,"peak_c":38.4,"dose":115.0},"delta_mean_c":0.0,"delta_dose_pct":0,"distance_mi":0.901,"status_now":"walk","status_rec":"bus_eligible","reason":"Coolest route mean 38.3C exceeds threshold (110 C-min dose, actual 115).","safe_until_hour":"14:00"}},{"type":"Feature","geometry":{"type":"Polygon","coordinates":[[[-81.45103099993585,28.52490700029726],[-81.45103000011095,28.524868000168766],[-81.45102400026317,28.524432000118203],[-81.45102199971502,28.52428699970356],[-81.45102000006521,28.524163000094415],[-81.45101400021743,28.52379399964352],[-81.4510130003925,28.52367100025856],[-81.45096800018668,28.523673000288248],[-81.45085699985859,28.523689999749415],[-81.45084099996507,28.52369399980798],[-81.4507580001244,28.523720000184735],[-81.45063000007787,28.52375299986448],[-81.45061699965908,28.52375599990658],[-81.45047299971903,28.52377700019907],[-81.45033100032713,28.523782000268106],[-81.45015800007477,28.523789000364353],[-81.45016499974746,28.524510999900887],[-81.4501680001205,28.524750999696817],[-81.45016300009763,28.524808999947012],[-81.45013799998328,28.524864000154807],[-81.4489849997397,28.526257999786335],[-81.44852500033048,28.526815999996092],[-81.44826500003947,28.527146000054024],[-81.44820599958993,28.52722100024598],[-81.448176000351,28.527244999791],[-81.44812299974926,28.52727300004258],[-81.4480630003731,28.52728699977094],[-81.44705800026753,28.52729600038458],[-81.44663800014295,28.527301000286652],[-81.44663899996787,28.52739699993965],[-81.44664200034092,28.527687999882737],[-81.44664300016584,28.527784999948334],[-81.44673500022735,28.52778399997254],[-81.4471260000396,28.52776499964104],[-81.44715899965156,28.527763999665044],[-81.44857800003393,28.52775000000004],[-81.44906199973259,28.52774600009544],[-81.44906400028073,28.527614000000547],[-81.44906500010565,28.527599000337993],[-81.449082999649,28.5275000001443],[-81.44912200000704,28.52740599975464],[-81.44917899990844,28.52731899993231],[-81.4492240001143,28.527263000235436],[-81.44930799977989,28.527161999762686],[-81.44943500000149,28.527006000131674],[-81.44981900014105,28.526537999853485],[-81.44994700018756,28.52638300007734],[-81.45005699979242,28.526247999882962],[-81.45038800022853,28.52584499982936],[-81.4504989996583,28.525710999730716],[-81.45060900016146,28.525576000254233],[-81.45091200011016,28.525208000013983],[-81.45093499967639,28.525167999996295],[-81.45096900001157,28.52511299994711],[-81.45099800032389,28.525046999850247],[-81.45100900019455,28.525011999782098],[-81.4510190002403,28.524977999704813],[-81.45103099993585,28.52490700029726]]]},"properties":{"block_id":"120950146081011","school_id":"sch_orlo_vista_elementary","kids_est":7,"class":"red","shortest":{"len_m":2715.9,"mean_c":38.23,"peak_c":38.4,"dose":197.2},"coolest":{"len_m":2715.9,"mean_c":38.23,"peak_c":38.4,"dose":197.2},"delta_mean_c":0.0,"delta_dose_pct":0,"distance_mi":1.202,"status_now":"walk","status_rec":"bus_eligible","reason":"Coolest route mean 38.2C exceeds threshold (110 C-min dose, actual 197).","safe_until_hour":"11:00"}},{"type":"Feature","geometry":{"type":"Polygon","coordinates":[[[-81.45720999963392,28.549005000059886],[-81.45723899994624,28.54892100003687],[-81.45704200030275,28.548848999625644],[-81.45701299999043,28.548939999709727],[-81.45699299989894,28.5489999996095],[-81.45677699998888,28.54964499972617],[-81.45666300018605,28.55009800033861],[-81.45657600014744,28.550553000099935],[-81.45647599968999,28.551406999758402],[-81.45647599968999,28.55196100036229],[-81.45647599968999,28.552086999890527],[-81.45654500018527,28.552231000181262],[-81.4566370002468,28.552077999816472],[-81.45663499969865,28.55188400013797],[-81.45663300004883,28.551362999631067],[-81.45678399966157,28.55042800007518],[-81.45697700000541,28.549725999869015],[-81.45705800019627,28.54943599980048],[-81.45718600024279,28.549071999917484],[-81.45720999963392,28.549005000059886]]]},"properties":{"block_id":"120950147013008","school_id":"sch_orlo_vista_elementary","kids_est":0,"class":"green","shortest":{"len_m":1165.5,"mean_c":38.3,"peak_c":38.3,"dose":85.9},"coolest":{"len_m":1165.5,"mean_c":38.3,"peak_c":38.3,"dose":85.9},"delta_mean_c":0.0,"delta_dose_pct":0,"distance_mi":0.622,"status_now":"walk","status_rec":"walk","reason":"Shortest route already under threshold (dose 86).","safe_until_hour":null}},{"type":"Feature","geometry":{"type":"Polygon","coordinates":[[[-81.46134899988192,28.536914000093663],[-81.4613129998969,28.535932000165506],[-81.46127699991189,28.534987000295338],[-81.46124599994975,28.53414200011983],[-81.46124299957671,28.534058999998653],[-81.46095899989459,28.534066000201534],[-81.460763000076,28.534070999782486],[-81.46070799982441,28.534070999782486],[-81.4606939995807,28.534070999782486],[-81.46069100010597,28.53398200010348],[-81.46068799973293,28.53390099969184],[-81.46067699986227,28.533601000255494],[-81.46081599977946,28.533601000255494],[-81.46095300004679,28.533601000255494],[-81.46122599985826,28.53360499993794],[-81.46120900013982,28.5331440000252],[-81.4612069995917,28.53310800035282],[-81.46120199956881,28.5330009996099],[-81.46120099974391,28.532965999815353],[-81.46119499989612,28.532815999662297],[-81.46118499985039,28.532361999770867],[-81.46118200037564,28.532210999613444],[-81.46118300020056,28.532193000014058],[-81.46118700039851,28.53214200021169],[-81.46118900004835,28.532124999745925],[-81.46118900004835,28.532109000001423],[-81.46118900004835,28.532063999769818],[-81.46118900004835,28.532048999951403],[-81.46115600043639,28.532048999951403],[-81.46105799962876,28.532048999951403],[-81.46102599984172,28.532048999951403],[-81.46078800019035,28.53204999988674],[-81.46066799964144,28.53204999988674],[-81.4595959995887,28.532058000158393],[-81.45938600042474,28.532060000028874],[-81.4593489997165,28.532226000198026],[-81.4593210001274,28.532349999792434],[-81.45928799961715,28.532492000370713],[-81.45915200007302,28.532974999944024],[-81.45909699982143,28.533171000363296],[-81.45892699994212,28.53371000022842],[-81.45885099977413,28.53395000038673],[-81.45883099968265,28.534009000226867],[-81.45871799970475,28.534284999775938],[-81.45855399967321,28.53482899980156],[-81.45836700007546,28.535592000190277],[-81.45828000003682,28.536426000165918],[-81.4582640001433,28.537628999720933],[-81.45826199959517,28.537841999710476],[-81.45859800005414,28.5378409998301],[-81.45866699965111,28.537852000092144],[-81.45888199973626,28.5378409998301],[-81.45908299957773,28.537852000092144],[-81.45918800005803,28.537881999653067],[-81.45920999979933,28.53789899997918],[-81.45922499986794,28.53791100011492],[-81.45922599969286,28.53783599963884],[-81.45922400004305,28.53758600003387],[-81.45922099967,28.537330999620533],[-81.45929099999019,28.53732999973523],[-81.45966000006113,28.53732500030897],[-81.46028000020223,28.53731699964802],[-81.46028299967698,28.537652000170308],[-81.46028600005002,28.537885000082188],[-81.46039800020301,28.537883000322235],[-81.4606850002582,28.537879000012992],[-81.46078099961933,28.53787800013297],[-81.46077200029683,28.53767800026055],[-81.46075700022821,28.53731100033566],[-81.46081599977946,28.53730999966106],[-81.46081099975657,28.53718000027012],[-81.4608059997337,28.53704999992955],[-81.46080099971083,28.53692000021777],[-81.46101400014615,28.53691799965031],[-81.46115399988825,28.536915999872015],[-81.46134899988192,28.536914000093663]]]},"properties":{"block_id":"120950147022009","school_id":"sch_orlo_vista_elementary","kids_est":3,"class":"green","shortest":{"len_m":922.6,"mean_c":38.3,"peak_c":38.3,"dose":68.0},"coolest":{"len_m":922.6,"mean_c":38.3,"peak_c":38.3,"dose":68.0},"delta_mean_c":0.0,"delta_dose_pct":0,"distance_mi":0.448,"status_now":"walk","status_rec":"walk","reason":"Shortest route already under threshold (dose 68).","safe_until_hour":null}},{"type":"Feature","geometry":{"type":"Polygon","coordinates":[[[-81.45482000037948,28.526621000373133],[-81.45479899956477,28.525330999973416],[-81.45477599999856,28.523836000209176],[-81.45478799969412,28.52042500000872],[-81.45477500017364,28.519100999960347],[-81.45476699977772,28.51824999989832],[-81.45475000005928,28.516469000258237],[-81.45472800031797,28.51607800017644],[-81.45471800027222,28.51589100034558],[-81.4547149998992,28.51584500020549],[-81.45470800022649,28.515709999935957],[-81.45470599967835,28.51566499980772],[-81.45341900043879,28.51566499980772],[-81.45308999965249,28.51566499980772],[-81.45299900031422,28.515718999959326],[-81.45290399987967,28.515775000262746],[-81.45280599997037,28.51582500000107],[-81.45270600041125,28.515871000149883],[-81.45260299958078,28.515912999925046],[-81.45211399985924,28.515936000377383],[-81.45141400025051,28.515970000213287],[-81.45105900042327,28.515987000127136],[-81.45034399984759,28.51602099994655],[-81.4502519997861,28.516026000383416],[-81.45015100040207,28.516000999775525],[-81.45004900029483,28.515981999688428],[-81.44994499963943,28.515966999949583],[-81.44984099988235,28.51595699985946],[-81.44973700012527,28.515952000208674],[-81.44959200036031,28.51594799985638],[-81.4490700001285,28.51595000003258],[-81.44555400039467,28.515914000013442],[-81.44267399979715,28.515883999724988],[-81.44267299997225,28.515735999913645],[-81.44253999990285,28.5157380000938],[-81.44232200034295,28.515753999955127],[-81.44210399988475,28.515770999903747],[-81.44206000040214,28.517862000315574],[-81.44206100022706,28.517954000394624],[-81.44206799989975,28.518542999959426],[-81.44210399988475,28.521223000245367],[-81.44211599958034,28.522070999900933],[-81.44215999996126,28.523099999713573],[-81.44208499961817,28.523435999667868],[-81.44205399965604,28.5235130001643],[-81.44195400009693,28.52351800024587],[-81.44107700003788,28.523500999967617],[-81.43889399957435,28.52345900005779],[-81.43872899971792,28.52345499999036],[-81.43871100017458,28.52345499999036],[-81.43852799987647,28.52345199993965],[-81.43830000027083,28.52345099992274],[-81.43823699962331,28.52344999990583],[-81.43807299959181,28.52344999990583],[-81.43808199981262,28.523483999686682],[-81.43809100003347,28.52350900009888],[-81.4381000002543,28.52353499973202],[-81.43811100012495,28.523560000132196],[-81.43818899994275,28.523743999737604],[-81.43828699985204,28.523973000359355],[-81.43831100014148,28.524066999863955],[-81.43832200001214,28.52416200008426],[-81.43832100018722,28.524258000228148],[-81.43833399970771,28.52467200009397],[-81.43834499957836,28.52498999973332],[-81.43845699973136,28.52498899973099],[-81.43855299999083,28.52498899973099],[-81.43879499984014,28.52499199973792],[-81.43890799981807,28.52499399974255],[-81.43907400039774,28.524994999744816],[-81.43949600017211,28.5250009997583],[-81.43957399998992,28.5249989997538],[-81.4397410003945,28.52499699974934],[-81.43974499969416,28.52483500004883],[-81.4397410003945,28.52465199998531],[-81.43973399982349,28.524207999753017],[-81.43974300004433,28.52411500038475],[-81.43976300013581,28.524078999996213],[-81.43979400009795,28.524048999663062],[-81.4398329995577,28.524030000236902],[-81.43987799976352,28.524021000133686],[-81.4401990001539,28.52402400016815],[-81.4405439999354,28.524029000225486],[-81.4405439999354,28.524177000235827],[-81.4405449997603,28.524403999901267],[-81.44055099960809,28.52462199981521],[-81.44055599963096,28.52475399971052],[-81.44055300015624,28.52476999978231],[-81.44053800008761,28.524813999967098],[-81.44050999960021,28.524853000115527],[-81.44046100009471,28.524895000259253],[-81.44010000041972,28.525208000013983],[-81.43997700039606,28.525307999991924],[-81.44010399971935,28.525422999849265],[-81.440487000034,28.52576900024197],[-81.44061500008051,28.5258850003795],[-81.44070499959388,28.52596799983478],[-81.44097699958044,28.526217000176402],[-81.44101400028869,28.526250999854053],[-81.4410369998549,28.52628800028013],[-81.44104500025082,28.526315999996633],[-81.44104600007574,28.52635800034674],[-81.44104199987775,28.526387000033733],[-81.44104299970267,28.52645500005773],[-81.44105500029656,28.526874999883784],[-81.44105600012148,28.526885999712015],[-81.44104600007574,28.526950000268574],[-81.4410229996112,28.52701000006443],[-81.44091200018143,28.52716999961612],[-81.4406000000119,28.527623999774335],[-81.44057999992042,28.52765299990228],[-81.44054800013336,28.527705000274956],[-81.44052700021696,28.527777000141594],[-81.4405220001941,28.527836000280576],[-81.44076099967037,28.52783400032993],[-81.44148100026891,28.527829999639263],[-81.44172200029334,28.527829999639263],[-81.44185399963949,28.5278279996885],[-81.44225200002276,28.527824999762228],[-81.44238500009214,28.527824999762228],[-81.44245700006218,28.527823999786804],[-81.44248100035162,28.527823999786804],[-81.44263399961419,28.527822999811377],[-81.44273200042178,28.52782599973765],[-81.4427690002317,28.527826999713053],[-81.44284600022462,28.52782899966389],[-81.44286600031609,28.527829999639263],[-81.44294999998168,28.527832000379245],[-81.44301199990596,28.527833000354594],[-81.44312900008183,28.52783700025595],[-81.44320400042488,28.527836000280576],[-81.4432889999154,28.527836000280576],[-81.44336000006051,28.527835000305263],[-81.44354800038148,28.52783400032993],[-81.44357500014566,28.527833000354594],[-81.44364700011569,28.527833000354594],[-81.44364299991773,28.52773199963877],[-81.44363200004706,28.52743200000517],[-81.44362899967402,28.527331999674466],[-81.44362299982622,28.52715299992688],[-81.44361100013067,28.52678399968202],[-81.44362200000133,28.526709999954377],[-81.4436489997655,28.52662400033362],[-81.44365700016142,28.52660099984497],[-81.44372999995635,28.526465999929787],[-81.4438029997513,28.526336999779144],[-81.4438399995612,28.52627299963966],[-81.4440079997907,28.526010000323545],[-81.44403600027812,28.525956999910754],[-81.44404899979858,28.5259350000592],[-81.4440930001795,28.525820999965582],[-81.4441209997686,28.52569599979742],[-81.4441219995935,28.525677999874663],[-81.44412699961639,28.52561300012796],[-81.44411900011879,28.525242000017148],[-81.44411699957065,28.525096999927428],[-81.44411599974573,28.525046999850247],[-81.444113000271,28.52489700026566],[-81.44411200044608,28.52484800009728],[-81.44411699957065,28.524787999860102],[-81.44414699970788,28.524646999957593],[-81.44418199986798,28.524544000122244],[-81.44421700002808,28.524466000371596],[-81.44424299996734,28.52442200004155],[-81.4442749997544,28.524377999693144],[-81.44432400015819,28.524322000012415],[-81.44437100001387,28.524276999613203],[-81.4444229998924,28.524235000012528],[-81.44447800014399,28.52419799965517],[-81.44453699969523,28.524165000114717],[-81.44466300009192,28.524113000363524],[-81.44473000003907,28.524095000170405],[-81.4447889995903,28.524085000061845],[-81.44490999996412,28.524081000018114],[-81.44497000023857,28.52408600007274],[-81.44508700041445,28.524110000331515],[-81.44519700001929,28.524151999981985],[-81.44527200036235,28.524194999625575],[-81.44559700005237,28.524432000118203],[-81.44598899968955,28.52471800032949],[-81.4460060003063,28.524727000373264],[-81.44611799956097,28.524776999812946],[-81.44618500040643,28.5248009999144],[-81.44632500014852,28.52483500004883],[-81.44639700011854,28.52484600008993],[-81.4464780003094,28.52485000010464],[-81.44654100005859,28.52485400011912],[-81.44660200015794,28.52485200011191],[-81.44668599982354,28.524844000082567],[-81.4467600003417,28.524828000022048],[-81.4469019997336,28.524781999834495],[-81.44703099960503,28.524720000339308],[-81.44709799955218,28.52468000013638],[-81.44715700000174,28.524637999906975],[-81.44726400013185,28.524543000115703],[-81.44732000020835,28.52448099969061],[-81.44775899970118,28.52394299999604],[-81.44779999970905,28.523911000388335],[-81.44784599973983,28.523886000071464],[-81.44789699979344,28.523867999839595],[-81.4479500003952,28.523858999722552],[-81.44802300019013,28.52385599968338],[-81.44847599992666,28.523843000301834],[-81.44864300033124,28.523837000222436],[-81.44914399974834,28.523821000009097],[-81.44931199997785,28.523815999941903],[-81.44948100003224,28.523809999860966],[-81.44998800019545,28.52379399964352],[-81.45015800007477,28.523789000364353],[-81.45033100032713,28.523782000268106],[-81.45047299971903,28.52377700019907],[-81.45061699965908,28.52375599990658],[-81.45063000007787,28.52375299986448],[-81.4507580001244,28.523720000184735],[-81.45084099996507,28.52369399980798],[-81.45085699985859,28.523689999749415],[-81.45096800018668,28.523673000288248],[-81.4510130003925,28.52367100025856],[-81.45101199966929,28.52354699992485],[-81.45122799957936,28.523532999699775],[-81.45153200025129,28.52352999965128],[-81.45346700011935,28.523512000147985],[-81.45400699989453,28.5235080000825],[-81.45405999959799,28.52351600021324],[-81.45410800017687,28.523535999748145],[-81.4541469996366,28.523568000258965],[-81.45417500012402,28.523608000094487],[-81.45418699981958,28.523658000064966],[-81.45418199979672,28.524112000352883],[-81.4541809999718,28.524264000283562],[-81.4541800001469,28.524409999948325],[-81.45417900032199,28.52485000010464],[-81.45417900032199,28.52499699974934],[-81.45417699977384,28.525145999980076],[-81.4541740002991,28.52559600018756],[-81.45417299957589,28.52574700035118],[-81.45417099992606,28.525895000317302],[-81.4541669997281,28.526340999737275],[-81.45416599990318,28.526489999646763],[-81.45416400025336,28.5266370001615],[-81.45416199970524,28.527080999634],[-81.45416099988032,28.527229000094923],[-81.4541590002305,28.52732199987292],[-81.45415699968235,28.52760400022574],[-81.45415699968235,28.52769899962619],[-81.45428300007907,28.527696999672933],[-81.45466399984556,28.527692999766273],[-81.45479100006716,28.52769199978959],[-81.45482000037948,28.526621000373133]]]},"properties":{"block_id":"120950146081000","school_id":"sch_orlo_vista_elementary","kids_est":20,"class":"red","shortest":{"len_m":3064.1,"mean_c":38.22,"peak_c":38.4,"dose":221.5},"coolest":{"len_m":3064.1,"mean_c":38.22,"peak_c":38.4,"dose":221.5},"delta_mean_c":0.0,"delta_dose_pct":0,"distance_mi":1.557,"status_now":"walk","status_rec":"bus_eligible","reason":"Coolest route mean 38.2C exceeds threshold (110 C-min dose, actual 222).","safe_until_hour":"11:00"}},{"type":"Feature","geometry":{"type":"Polygon","coordinates":[[[-81.46763300006027,28.547784000123183],[-81.46763200023537,28.547640999851446],[-81.46762999968722,28.547213999821462],[-81.46762999968722,28.547072000146795],[-81.46680100020706,28.547087999986378],[-81.46431700034299,28.547137000071658],[-81.46348999961431,28.547153999693354],[-81.46348999961431,28.54729699983721],[-81.46349200016245,28.547726999679487],[-81.46349299998737,28.547870999619615],[-81.46432099964262,28.5478530003283],[-81.4668039996818,28.547800999640458],[-81.46763300006027,28.547784000123183]]]},"properties":{"block_id":"120950147013017","school_id":"sch_orlo_vista_elementary","kids_est":3,"class":"red","shortest":{"len_m":1554.0,"mean_c":38.33,"peak_c":38.4,"dose":115.2},"coolest":{"len_m":1554.0,"mean_c":38.33,"peak_c":38.4,"dose":115.2},"delta_mean_c":0.0,"delta_dose_pct":0,"distance_mi":0.583,"status_now":"walk","status_rec":"bus_eligible","reason":"Coolest route mean 38.3C exceeds threshold (110 C-min dose, actual 115).","safe_until_hour":"14:00"}},{"type":"Feature","geometry":{"type":"Polygon","coordinates":[[[-81.4614040001335,28.548645999943712],[-81.46140199958536,28.548273000087246],[-81.46139599973758,28.547155000274447],[-81.46139400008775,28.54678299966742],[-81.4611859996753,28.54678400025204],[-81.46056200023455,28.546790999609417],[-81.46035499964698,28.546792999989385],[-81.46035800002004,28.547164999772022],[-81.46036800006577,28.54828499983029],[-81.46037200026373,28.548657999644252],[-81.46057800012807,28.548655000311026],[-81.46119700044427,28.548648000288427],[-81.4614040001335,28.548645999943712]]]},"properties":{"block_id":"120950147013012","school_id":"sch_orlo_vista_elementary","kids_est":0,"class":"green","shortest":{"len_m":842.7,"mean_c":38.31,"peak_c":38.4,"dose":62.4},"coolest":{"len_m":842.7,"mean_c":38.31,"peak_c":38.4,"dose":62.4},"delta_mean_c":0.0,"delta_dose_pct":0,"distance_mi":0.446,"status_now":"walk","status_rec":"walk","reason":"Shortest route already under threshold (dose 62).","safe_until_hour":null}},{"type":"Feature","geometry":{"type":"Polygon","coordinates":[[[-81.46032799988281,28.54135900011633],[-81.4603270000579,28.54126600009968],[-81.4603270000579,28.540988000196652],[-81.4603270000579,28.540895999703814],[-81.46012600021645,28.540873999814245],[-81.45952600016683,28.540810999674584],[-81.45932600015028,28.54078999961967],[-81.45933600019603,28.540966000326243],[-81.45933600019603,28.540979999813874],[-81.45934299986872,28.54135499993913],[-81.45933899967076,28.54155199960903],[-81.45933600019603,28.54174299985049],[-81.4595460002583,28.541750000332065],[-81.45970400044207,28.541756000180733],[-81.4597780000619,28.541746000169653],[-81.45988799966676,28.541715000287144],[-81.45998399992622,28.541672999744378],[-81.46006000009422,28.54163000012959],[-81.46013799991202,28.541576999680974],[-81.46021999992779,28.541523999994848],[-81.4602989995705,28.541493000046962],[-81.4603270000579,28.54148700018326],[-81.4603270000579,28.541461000243917],[-81.4603270000579,28.541384000234146],[-81.46032799988281,28.54135900011633]]]},"properties":{"block_id":"120950147012019","school_id":"sch_orlo_vista_elementary","kids_est":0,"class":"green","shortest":{"len_m":638.4,"mean_c":38.36,"peak_c":38.4,"dose":47.5},"coolest":{"len_m":638.4,"mean_c":38.36,"peak_c":38.4,"dose":47.5},"delta_mean_c":0.0,"delta_dose_pct":0,"distance_mi":0.068,"status_now":"walk","status_rec":"walk","reason":"Shortest route already under threshold (dose 48).","safe_until_hour":null}},{"type":"Feature","geometry":{"type":"Polygon","coordinates":[[[-81.44839899993377,28.5395620001015],[-81.44839800010885,28.539364999866976],[-81.44839599956072,28.53877499998132],[-81.44839599956072,28.53857899972689],[-81.44839499973583,28.538414999845806],[-81.4483939999109,28.537924000128864],[-81.4483939999109,28.537760999898534],[-81.44819999974214,28.537766000093356],[-81.44762200033213,28.53778299964905],[-81.44742899998829,28.537788999723638],[-81.44742999981321,28.538146999875696],[-81.44743300018625,28.53922100013546],[-81.44743499983606,28.539580000020443],[-81.44762700035501,28.539580000020443],[-81.44786900020436,28.539580000020443],[-81.44820599958993,28.539568000074834],[-81.44839899993377,28.5395620001015]]]},"properties":{"block_id":"120950146013002","school_id":"sch_orlo_vista_elementary","kids_est":0,"class":"red","shortest":{"len_m":1588.2,"mean_c":38.1,"peak_c":38.3,"dose":112.4},"coolest":{"len_m":1588.2,"mean_c":38.1,"peak_c":38.3,"dose":112.4},"delta_mean_c":0.0,"delta_dose_pct":0,"distance_mi":0.685,"status_now":"walk","status_rec":"bus_eligible","reason":"Coolest route mean 38.1C exceeds threshold (110 C-min dose, actual 112).","safe_until_hour":"14:00"}},{"type":"Feature","geometry":{"type":"Polygon","coordinates":[[[-81.4523509996857,28.52872899971653],[-81.45234800021097,28.5281299997186],[-81.45234599966284,28.52771699999308],[-81.45168899971179,28.527721999875226],[-81.4497179998587,28.5277400002382],[-81.44906199973259,28.52774600009544],[-81.44857800003393,28.52775000000004],[-81.44715899965156,28.527763999665044],[-81.4471260000396,28.52776499964104],[-81.44673500022735,28.52778399997254],[-81.44664300016584,28.527784999948334],[-81.44642399988271,28.52778699989991],[-81.4457689995815,28.527795999681594],[-81.44564599955785,28.52779799963304],[-81.44555100002161,28.527803000300544],[-81.4455640004404,28.52804900033378],[-81.44556600009024,28.528139000260246],[-81.44559299985441,28.529149999915273],[-81.44560299990017,28.529488000235645],[-81.44560700009812,28.529663000132093],[-81.44561200012099,28.529867000045993],[-81.44560200007525,28.52994299983561],[-81.44555400039467,28.530165999898784],[-81.44555500021958,28.53018399984435],[-81.44555799969432,28.53020399969263],[-81.44562800001451,28.530343000151014],[-81.44570699965723,28.530313999974023],[-81.4459019996509,28.530246000071905],[-81.44594600003182,28.53023199994731],[-81.44602700022268,28.53020900024599],[-81.4460149996288,28.53018399984435],[-81.44599700008546,28.53011699981209],[-81.44599500043563,28.530078000032834],[-81.44598299984175,28.529671999753653],[-81.44597899964378,28.529536999825584],[-81.44608599977391,28.529534999907153],[-81.44640999963902,28.5295310000703],[-81.44651799959404,28.52953000011106],[-81.44652199979201,28.529649999888242],[-81.4465340003859,28.530011999887858],[-81.44653799968555,28.53013299985901],[-81.44667900015085,28.530141000276178],[-81.446746000098,28.530149999856864],[-81.44683700033458,28.530163999992347],[-81.44702599958215,28.530208000293186],[-81.44719499963658,28.530233999852527],[-81.4473650004142,28.530246000071905],[-81.44748199969175,28.53024700002434],[-81.44757399975325,28.530238999615225],[-81.44807400024376,28.530198999928214],[-81.44854200004892,28.530163000039124],[-81.44874700008832,28.530129999998408],[-81.44894700010487,28.53007899998687],[-81.44914100027361,28.530010999933182],[-81.44952299986504,28.52984900004629],[-81.44998599964732,28.52965399972058],[-81.44995800005823,28.52959599976862],[-81.44992799992099,28.529532999988746],[-81.44990700000459,28.529478999809186],[-81.44990199998173,28.529417999880064],[-81.44989799978376,28.529354999993778],[-81.4498939995858,28.52925699983271],[-81.44991000037764,28.52912500005162],[-81.44991299985237,28.52910300007208],[-81.4499429999896,28.528982999672117],[-81.45009100012761,28.528545000130762],[-81.45010700002115,28.52846200033694],[-81.45011000039419,28.528449999914375],[-81.45011399969384,28.528232000024605],[-81.45048399958968,28.528230000081464],[-81.45061699965908,28.528230000081464],[-81.45067100008575,28.528251000271858],[-81.45071200009363,28.52828799999587],[-81.45072999963698,28.528324999706893],[-81.45073899985782,28.528388000208828],[-81.45072600033734,28.528532999717715],[-81.45069000035232,28.528679999751002],[-81.45054300003923,28.52911800030979],[-81.45052899979552,28.529163000220812],[-81.45051799992487,28.529245000289976],[-81.4505199995747,28.529327000295286],[-81.45055499973478,28.52948199968839],[-81.45064799962121,28.52946800025156],[-81.45065900039019,28.52946600033188],[-81.45077700039097,28.52945499998359],[-81.45090600026239,28.529450000183704],[-81.45097499985937,28.529451000143695],[-81.45108100016458,28.52945499998359],[-81.45116499983017,28.5294609997432],[-81.45125699989167,28.529472000090816],[-81.45129399970159,28.52947699988971],[-81.4514209999232,28.529499999750787],[-81.45152300003045,28.529522999606822],[-81.45162299958956,28.529551000042428],[-81.45172200022208,28.529584000264432],[-81.45177199955248,28.52960300026802],[-81.45181799958323,28.529621000309742],[-81.4519349997591,28.529676000374412],[-81.45216800028592,28.529335999945474],[-81.45223699988289,28.529209000074953],[-81.45228999958633,28.529076000270212],[-81.45231100040104,28.52900800035864],[-81.45233899999013,28.528868999718025],[-81.4523509996857,28.52872899971653]],[[-81.45191200019288,28.52855099994218],[-81.45191300001778,28.52876600006198],[-81.45189700012426,28.52885400023413],[-81.45182199978119,28.529075000306644],[-81.45179800039006,28.52910699992518],[-81.45176400005487,28.529131999793044],[-81.45170600032856,28.529149999915273],[-81.45165699992474,28.529149999915273],[-81.4514839996724,28.52910599996193],[-81.45119099976942,28.529033000249978],[-81.4512719999603,28.528784000246667],[-81.4513010002726,28.528696999983225],[-81.45132100036408,28.528582999719795],[-81.45132899986169,28.528467000183696],[-81.45132899986169,28.528358000312753],[-81.45133899990745,28.52831599997037],[-81.45136400002178,28.52827800028507],[-81.45137999991532,28.528262999927808],[-81.4514209999232,28.528237999853832],[-81.45146699995395,28.52822600019502],[-81.45161300044214,28.52822500022341],[-81.45177099972757,28.52822500022341],[-81.4518159999334,28.52823299999615],[-81.45186699998703,28.528262999927808],[-81.45189899977409,28.528300999618516],[-81.45191200019288,28.528340000055323],[-81.45191200019288,28.52855099994218]]]},"properties":{"block_id":"120950146012010","school_id":"sch_orlo_vista_elementary","kids_est":9,"class":"red","shortest":{"len_m":2702.1,"mean_c":38.2,"peak_c":38.4,"dose":196.1},"coolest":{"len_m":2702.1,"mean_c":38.2,"peak_c":38.4,"dose":196.1},"delta_mean_c":0.0,"delta_dose_pct":0,"distance_mi":1.068,"status_now":"walk","status_rec":"bus_eligible","reason":"Coolest route mean 38.2C exceeds threshold (110 C-min dose, actual 196).","safe_until_hour":"11:00"}},{"type":"Feature","geometry":{"type":"Polygon","coordinates":[[[-81.46768900013677,28.549190999759638],[-81.46768699958864,28.54915500004707],[-81.46765099960362,28.54865600008876],[-81.46763899990806,28.548489999766712],[-81.46739000038602,28.548488999987402],[-81.46722399980636,28.548492000114408],[-81.46597900039959,28.54852199980166],[-81.4655650001228,28.548532999737382],[-81.46539600006841,28.548538000210005],[-81.46535800043357,28.548539999767687],[-81.46514400017332,28.54855200026941],[-81.46473900011736,28.548560999855667],[-81.46453300025304,28.548566000326943],[-81.46453499990287,28.548823999701483],[-81.46454099975064,28.54959999988293],[-81.46454199957556,28.549749999811656],[-81.4650510002869,28.549681000060332],[-81.4655020003736,28.54959699978744],[-81.46683399981902,28.54935299989236],[-81.46763999973297,28.54920000008045],[-81.46768900013677,28.549190999759638]]]},"properties":{"block_id":"120950147013015","school_id":"sch_orlo_vista_elementary","kids_est":1,"class":"red","shortest":{"len_m":1607.4,"mean_c":38.33,"peak_c":38.4,"dose":119.1},"coolest":{"len_m":1607.4,"mean_c":38.33,"peak_c":38.4,"dose":119.1},"delta_mean_c":0.0,"delta_dose_pct":0,"distance_mi":0.678,"status_now":"walk","status_rec":"bus_eligible","reason":"Coolest route mean 38.3C exceeds threshold (110 C-min dose, actual 119).","safe_until_hour":"14:00"}},{"type":"Feature","geometry":{"type":"Polygon","coordinates":[[[-81.46763899990806,28.548489999766712],[-81.46763700025824,28.548348000234277],[-81.46763399988518,28.547924999842316],[-81.46763300006027,28.547784000123183],[-81.4668039996818,28.547800999640458],[-81.46432099964262,28.5478530003283],[-81.46349299998737,28.547870999619615],[-81.46349399981227,28.54801699971958],[-81.46349899983515,28.548456999942495],[-81.46349999966006,28.548481999953786],[-81.46349600036041,28.548603999797393],[-81.46356999998025,28.548589999744895],[-81.46362900042982,28.54858500006385],[-81.46370200022474,28.548582999717937],[-81.46432499984057,28.54857000023031],[-81.46453300025304,28.548566000326943],[-81.46473900011736,28.548560999855667],[-81.46514400017332,28.54855200026941],[-81.46535800043357,28.548539999767687],[-81.46539600006841,28.548538000210005],[-81.4655650001228,28.548532999737382],[-81.46597900039959,28.54852199980166],[-81.46722399980636,28.548492000114408],[-81.46739000038602,28.548488999987402],[-81.46763899990806,28.548489999766712]]]},"properties":{"block_id":"120950147013016","school_id":"sch_orlo_vista_elementary","kids_est":3,"class":"red","shortest":{"len_m":1554.0,"mean_c":38.33,"peak_c":38.4,"dose":115.2},"coolest":{"len_m":1554.0,"mean_c":38.33,"peak_c":38.4,"dose":115.2},"delta_mean_c":0.0,"delta_dose_pct":0,"distance_mi":0.619,"status_now":"walk","status_rec":"bus_eligible","reason":"Coolest route mean 38.3C exceeds threshold (110 C-min dose, actual 115).","safe_until_hour":"14:00"}},{"type":"Feature","geometry":{"type":"Polygon","coordinates":[[[-81.45676299974517,28.52818099988391],[-81.45678000036192,28.52767900009182],[-81.45639700004729,28.527688999859446],[-81.45620200005361,28.52768599992927],[-81.45569400006549,28.52767800011502],[-81.45567399997401,28.52767800011502],[-81.45516000013812,28.527687999882737],[-81.4549760000151,28.52768999983621],[-81.45479100006716,28.52769199978959],[-81.45478299967125,28.527991000287866],[-81.4547860000443,28.52828799999587],[-81.45480199993781,28.529829000130647],[-81.45479899956477,28.53007700007878],[-81.45479799973987,28.53025199978648],[-81.45479400044022,28.530674000163874],[-81.45478699986921,28.53124599987438],[-81.4547860000443,28.531393000069773],[-81.45478100002141,28.531882000355743],[-81.45477199980058,28.532828000376888],[-81.45478199984633,28.533550000345354],[-81.45479000024226,28.534021999933074],[-81.45478900041734,28.534078999900707],[-81.45509999986365,28.534077000068528],[-81.45531099975085,28.534075000236303],[-81.45627499984855,28.53406800003398],[-81.45650199962927,28.534066000201534],[-81.45649900015452,28.533817000251425],[-81.45649800032962,28.533742000018073],[-81.4564959997815,28.533633000078236],[-81.45649300030674,28.533307000295018],[-81.45649199958353,28.533198999829697],[-81.4564899999337,28.53298400007193],[-81.45649800032962,28.532915000387067],[-81.45651300039825,28.532865000072476],[-81.45652599991871,28.532826999659708],[-81.45671699971442,28.532437000197245],[-81.4567369998059,28.532373999748003],[-81.45674900039978,28.53228800001343],[-81.45675400042265,28.532002999758404],[-81.4567500002247,28.531907000354607],[-81.45674600002674,28.53178799992821],[-81.4567369998059,28.531571999719528],[-81.45673799963082,28.531475999923174],[-81.45674199982878,28.531187000065778],[-81.45674400037691,28.531091999863083],[-81.4560670003344,28.53109700037432],[-81.45604200022004,28.53108900002978],[-81.45560899967667,28.53071199977456],[-81.45557799971455,28.530698999660046],[-81.45538199989596,28.530685000384878],[-81.45537299967513,28.529980999709814],[-81.4560179999306,28.529975999934877],[-81.4561450001522,28.529975999934877],[-81.45616900044165,28.529975999934877],[-81.45619100018295,28.529981999664766],[-81.45621100027445,28.529992000003205],[-81.45622600034305,28.53000300029539],[-81.45627999987143,28.529962999729563],[-81.45629400011512,28.529949000356638],[-81.45630099978781,28.529931000370915],[-81.45630300033595,28.529911999637278],[-81.45630199961272,28.529889999821958],[-81.45629900013799,28.529450000183704],[-81.45629599976493,28.529415999959376],[-81.45627900004651,28.529391000158864],[-81.45617600011434,28.529293999992824],[-81.45605300009069,28.52919599977509],[-81.45603299999921,28.529187000112895],[-81.45599899966402,28.529184000225346],[-81.45607300018217,28.528799999706695],[-81.45612699971055,28.52851700021715],[-81.45615500019794,28.528472999999554],[-81.45652400026887,28.528199000168552],[-81.4565800003454,28.528181999856002],[-81.45676299974517,28.52818099988391]]]},"properties":{"block_id":"120950146013010","school_id":"sch_orlo_vista_elementary","kids_est":4,"class":"green","shortest":{"len_m":1400.2,"mean_c":38.29,"peak_c":38.3,"dose":103.1},"coolest":{"len_m":1400.2,"mean_c":38.29,"peak_c":38.3,"dose":103.1},"delta_mean_c":0.0,"delta_dose_pct":0,"distance_mi":0.745,"status_now":"walk","status_rec":"walk","reason":"Shortest route already under threshold (dose 103).","safe_until_hour":null}},{"type":"Feature","geometry":{"type":"Polygon","coordinates":[[[-81.45422100015477,28.533548999635045],[-81.45422000032987,28.533531000264137],[-81.45421699995681,28.533186999946555],[-81.45421699995681,28.533072999804645],[-81.45381699992375,28.533069000102],[-81.45303100010126,28.533061999832846],[-81.45289100035919,28.533052999711604],[-81.45275599974165,28.53302300035425],[-81.45267000042624,28.532991000346275],[-81.45263199989309,28.53297200016431],[-81.45258800041047,28.532950000198547],[-81.45229999963207,28.53275200030013],[-81.45220099989787,28.532855000006716],[-81.45216999993575,28.5328960001914],[-81.45214499982139,28.532948000344934],[-81.45213099957768,28.53300999973558],[-81.45213499977564,28.533472000156426],[-81.45213700032376,28.533567999712954],[-81.45214399999647,28.53358899962893],[-81.45216599973779,28.53362599984654],[-81.45219099985214,28.533649000380567],[-81.45224199990577,28.53367499988014],[-81.4522879999365,28.53368300002842],[-81.45258300038762,28.533680000268824],[-81.45378099993873,28.53366900036043],[-81.45408899991028,28.533666999731256],[-81.45413699959087,28.53365399998131],[-81.45417299957589,28.533632000157912],[-81.45420699991108,28.533592000180285],[-81.45422100015477,28.533548999635045]]]},"properties":{"block_id":"120950146012004","school_id":"sch_orlo_vista_elementary","kids_est":3,"class":"red","shortest":{"len_m":1867.0,"mean_c":38.1,"peak_c":38.3,"dose":132.0},"coolest":{"len_m":1867.0,"mean_c":38.1,"peak_c":38.3,"dose":132.0},"delta_mean_c":0.0,"delta_dose_pct":0,"distance_mi":0.657,"status_now":"walk","status_rec":"bus_eligible","reason":"Coolest route mean 38.1C exceeds threshold (110 C-min dose, actual 132).","safe_until_hour":"14:00"}},{"type":"Feature","geometry":{"type":"Polygon","coordinates":[[[-81.4603270000579,28.540895999703814],[-81.46032600023298,28.540631000082623],[-81.46032299985994,28.539838000098918],[-81.46032299985994,28.539574000047786],[-81.46011799982053,28.53957499991171],[-81.45950400042551,28.53958099988432],[-81.45930000021102,28.539582999612033],[-81.45930100003594,28.53982399967043],[-81.45930600005879,28.540421999631267],[-81.45931199990659,28.540548000338152],[-81.45932600015028,28.54078999961967],[-81.45952600016683,28.540810999674584],[-81.46012600021645,28.540873999814245],[-81.4603270000579,28.540895999703814]]]},"properties":{"block_id":"120950147012018","school_id":"sch_orlo_vista_elementary","kids_est":0,"class":"green","shortest":{"len_m":656.0,"mean_c":38.3,"peak_c":38.4,"dose":48.6},"coolest":{"len_m":656.0,"mean_c":38.3,"peak_c":38.4,"dose":48.6},"delta_mean_c":0.0,"delta_dose_pct":0,"distance_mi":0.112,"status_now":"walk","status_rec":"walk","reason":"Shortest route already under threshold (dose 49).","safe_until_hour":null}},{"type":"Feature","geometry":{"type":"Polygon","coordinates":[[[-81.45423399967525,28.53155300007098],[-81.45423700004828,28.53140899992297],[-81.45422600017766,28.53136400018169],[-81.45419900041347,28.531323000190206],[-81.4541669997281,28.531298000052836],[-81.45413499994105,28.531282000182777],[-81.45408300006251,28.531271999966805],[-81.45359099996791,28.53127000008136],[-81.45330499973767,28.531269000138558],[-81.45330200026292,28.531552000130908],[-81.45330100043802,28.531718000310963],[-81.45330100043802,28.53173799986813],[-81.4533159996083,28.53177899969817],[-81.45334499992063,28.53181499982449],[-81.45338400027869,28.531840999776556],[-81.45343000030944,28.53185599962457],[-81.45390899998523,28.531858000288132],[-81.45410700035195,28.53186000016248],[-81.45415400020762,28.531845000315027],[-81.45418400034485,28.53182499998894],[-81.45421000028412,28.531799000032933],[-81.4542300003756,28.531758000210665],[-81.45423399967525,28.53155300007098]]]},"properties":{"block_id":"120950146012006","school_id":"sch_orlo_vista_elementary","kids_est":2,"class":"red","shortest":{"len_m":2803.6,"mean_c":38.23,"peak_c":38.4,"dose":204.3},"coolest":{"len_m":2803.6,"mean_c":38.23,"peak_c":38.4,"dose":204.3},"delta_mean_c":0.0,"delta_dose_pct":0,"distance_mi":0.747,"status_now":"walk","status_rec":"bus_eligible","reason":"Coolest route mean 38.2C exceeds threshold (110 C-min dose, actual 204).","safe_until_hour":"11:00"}},{"type":"Feature","geometry":{"type":"Polygon","coordinates":[[[-81.46032299985994,28.539574000047786],[-81.46032100021013,28.539250000228737],[-81.46031700001217,28.538278000317284],[-81.46031600018725,28.537955000337785],[-81.46011199997274,28.537957000096362],[-81.45950299970231,28.537966999677984],[-81.45930000021102,28.53797099998384],[-81.45930000021102,28.53829300003819],[-81.45930000021102,28.539259999687587],[-81.45930000021102,28.539582999612033],[-81.45950400042551,28.53958099988432],[-81.46011799982053,28.53957499991171],[-81.46032299985994,28.539574000047786]]]},"properties":{"block_id":"120950147012017","school_id":"sch_orlo_vista_elementary","kids_est":0,"class":"green","shortest":{"len_m":777.7,"mean_c":38.31,"peak_c":38.4,"dose":57.5},"coolest":{"len_m":777.7,"mean_c":38.31,"peak_c":38.4,"dose":57.5},"delta_mean_c":0.0,"delta_dose_pct":0,"distance_mi":0.2,"status_now":"walk","status_rec":"walk","reason":"Shortest route already under threshold (dose 58).","safe_until_hour":null}},{"type":"Feature","geometry":{"type":"Polygon","coordinates":[[[-81.46239400017048,28.54135199960885],[-81.4623890001476,28.540397999930438],[-81.46238300029981,28.53996399992595],[-81.46238400012471,28.53956000037338],[-81.46235300016258,28.53956000037338],[-81.46147699992844,28.53956399982957],[-81.46143500009563,28.53956399982957],[-81.46137200034646,28.53956299996553],[-81.4613549997297,28.539569999802804],[-81.4613549997297,28.53964999993903],[-81.46136499977544,28.541005999871913],[-81.46136499977544,28.54135699963317],[-81.46138300021711,28.541365999834266],[-81.46148500032436,28.541365999834266],[-81.46232200020044,28.54135900011633],[-81.46237699955373,28.54135900011633],[-81.46239400017048,28.54135199960885]]]},"properties":{"block_id":"120950147012010","school_id":"sch_orlo_vista_elementary","kids_est":0,"class":"green","shortest":{"len_m":1010.6,"mean_c":38.37,"peak_c":38.4,"dose":75.4},"coolest":{"len_m":1010.6,"mean_c":38.37,"peak_c":38.4,"dose":75.4},"delta_mean_c":0.0,"delta_dose_pct":0,"distance_mi":0.205,"status_now":"walk","status_rec":"walk","reason":"Shortest route already under threshold (dose 75).","safe_until_hour":null}},{"type":"Feature","geometry":{"type":"Polygon","coordinates":[[[-81.46136499977544,28.54135699963317],[-81.46136499977544,28.541005999871913],[-81.4613549997297,28.53964999993903],[-81.4613549997297,28.539569999802804],[-81.46126500021633,28.53957099966677],[-81.46032299985994,28.539574000047786],[-81.46032299985994,28.539838000098918],[-81.46032600023298,28.540631000082623],[-81.4603270000579,28.540895999703814],[-81.4603270000579,28.540988000196652],[-81.4603270000579,28.54126600009968],[-81.46032799988281,28.54135900011633],[-81.46043099981497,28.541361999657322],[-81.46053499957205,28.541360999810355],[-81.4611570002613,28.54135900011633],[-81.46120300029204,28.54135900011633],[-81.46128299975967,28.54135699963317],[-81.46136499977544,28.54135699963317]]]},"properties":{"block_id":"120950147012020","school_id":"sch_orlo_vista_elementary","kids_est":4,"class":"green","shortest":{"len_m":801.6,"mean_c":38.31,"peak_c":38.4,"dose":59.2},"coolest":{"len_m":801.6,"mean_c":38.31,"peak_c":38.4,"dose":59.2},"delta_mean_c":0.0,"delta_dose_pct":0,"distance_mi":0.148,"status_now":"walk","status_rec":"walk","reason":"Shortest route already under threshold (dose 59).","safe_until_hour":null}},{"type":"Feature","geometry":{"type":"Polygon","coordinates":[[[-81.45825999994534,28.537989000174605],[-81.45826199959517,28.537841999710476],[-81.45815500036335,28.537841999710476],[-81.45809000006602,28.537841999710476],[-81.45805099970798,28.537841999710476],[-81.45786999995799,28.537843000380025],[-81.45774699993434,28.537843000380025],[-81.4577439995613,28.537025000361666],[-81.45774600010944,28.536823999769158],[-81.4577500003074,28.536697000241528],[-81.45775399960705,28.53661199998124],[-81.45776299982789,28.536479999942475],[-81.45777200004872,28.536369999783826],[-81.45778000044464,28.53627899988863],[-81.45778899976713,28.536194999976335],[-81.4577989998129,28.53611299979065],[-81.45781300005659,28.53600100024239],[-81.45782999977503,28.53589100037288],[-81.45769699970563,28.535892000271755],[-81.45707499991472,28.535895999867243],[-81.45707400008979,28.535396000328177],[-81.45707300026488,28.5350310001609],[-81.45675100004961,28.535033999882003],[-81.45564999968457,28.535041000020154],[-81.45556299964592,28.535041999927095],[-81.4552789999638,28.535046000344007],[-81.45526200024536,28.53575900022006],[-81.45524899982657,28.535900000251726],[-81.45516799963572,28.535895999867243],[-81.45518100005451,28.53624299970891],[-81.45519199992516,28.53691799965031],[-81.45521000036683,28.537189000038865],[-81.45521899968934,28.53732000009322],[-81.45521399966647,28.53762799983847],[-81.45521000036683,28.538844999645605],[-81.45522100023746,28.53908800034014],[-81.45613699975628,28.53876299994397],[-81.45684800013399,28.53850800001184],[-81.45718200004482,28.538382999897014],[-81.45728999999986,28.53834400002024],[-81.45730300041866,28.53833999972854],[-81.45746699955187,28.538275999775614],[-81.45761300004004,28.53822100025357],[-81.45772099999508,28.538180999650496],[-81.458054000081,28.538081999927435],[-81.4581579998381,28.53805099975588],[-81.45825999994534,28.53802999993998],[-81.45825999994534,28.537989000174605]]]},"properties":{"block_id":"120950146013006","school_id":"sch_orlo_vista_elementary","kids_est":0,"class":"green","shortest":{"len_m":968.8,"mean_c":38.24,"peak_c":38.3,"dose":70.4},"coolest":{"len_m":968.8,"mean_c":38.24,"peak_c":38.3,"dose":70.4},"delta_mean_c":0.0,"delta_dose_pct":0,"distance_mi":0.343,"status_now":"walk","status_rec":"walk","reason":"Shortest route already under threshold (dose 70).","safe_until_hour":null}},{"type":"Feature","geometry":{"type":"Polygon","coordinates":[[[-81.4580520004312,28.53859400019407],[-81.458054000081,28.538081999927435],[-81.45772099999508,28.538180999650496],[-81.45761300004004,28.53822100025357],[-81.45746699955187,28.538275999775614],[-81.45730300041866,28.53833999972854],[-81.45728999999986,28.53834400002024],[-81.45718200004482,28.538382999897014],[-81.4571939997404,28.538401999892443],[-81.4572289999005,28.538483000000713],[-81.45724700034216,28.538569000203413],[-81.45724700034216,28.538614000024513],[-81.4572499998169,28.539346999911295],[-81.45725099964181,28.539591999964678],[-81.45743599958973,28.539591000100916],[-81.45799299998164,28.539587999720382],[-81.45805099970798,28.539587999720382],[-81.4580520004312,28.53859400019407]]]},"properties":{"block_id":"120950147011022","school_id":"sch_orlo_vista_elementary","kids_est":0,"class":"green","shortest":{"len_m":366.7,"mean_c":38.3,"peak_c":38.3,"dose":27.1},"coolest":{"len_m":366.7,"mean_c":38.3,"peak_c":38.3,"dose":27.1},"delta_mean_c":0.0,"delta_dose_pct":0,"distance_mi":0.191,"status_now":"walk","status_rec":"walk","reason":"Shortest route already under threshold (dose 27).","safe_until_hour":null}},{"type":"Feature","geometry":{"type":"Polygon","coordinates":[[[-81.45810799960937,28.543162000022672],[-81.45808699969298,28.54151800013291],[-81.45801399989804,28.54151800013291],[-81.45792400038468,28.54151899997838],[-81.45746800027509,28.541515999652766],[-81.4572859998019,28.541514999807262],[-81.45728800035003,28.54184499960627],[-81.45728900017495,28.54192600022391],[-81.45725999986264,28.542457999848967],[-81.45726200041076,28.54283599973577],[-81.4572640000606,28.54316699996109],[-81.45745200038158,28.54316600013126],[-81.45801600044618,28.543162000022672],[-81.45810799960937,28.543162000022672]]]},"properties":{"block_id":"120950147011017","school_id":"sch_orlo_vista_elementary","kids_est":1,"class":"green","shortest":{"len_m":326.0,"mean_c":38.3,"peak_c":38.3,"dose":24.1},"coolest":{"len_m":326.0,"mean_c":38.3,"peak_c":38.3,"dose":24.1},"delta_mean_c":0.0,"delta_dose_pct":0,"distance_mi":0.085,"status_now":"walk","status_rec":"walk","reason":"Shortest route already under threshold (dose 24).","safe_until_hour":null}},{"type":"Feature","geometry":{"type":"Polygon","coordinates":[[[-81.45822999980811,28.545044999828598],[-81.45825200044774,28.54463200011286],[-81.45820899989171,28.543934999841486],[-81.45810799960937,28.543162000022672],[-81.45801600044618,28.543162000022672],[-81.45745200038158,28.54316600013126],[-81.4572640000606,28.54316699996109],[-81.4572640000606,28.543551000206687],[-81.45726499988551,28.54470299964617],[-81.45726599971042,28.544926999849594],[-81.45727499993124,28.54496099980361],[-81.45729400019782,28.544993000121615],[-81.45732099996201,28.54501899997835],[-81.45736600016784,28.54504300020457],[-81.45739299993201,28.545049999677644],[-81.4575539995905,28.545048999865674],[-81.45812199985308,28.545044999828598],[-81.45822999980811,28.545044999828598]]]},"properties":{"block_id":"120950147011016","school_id":"sch_orlo_vista_elementary","kids_est":2,"class":"green","shortest":{"len_m":341.3,"mean_c":38.3,"peak_c":38.3,"dose":25.2},"coolest":{"len_m":341.3,"mean_c":38.3,"peak_c":38.3,"dose":25.2},"delta_mean_c":0.0,"delta_dose_pct":0,"distance_mi":0.189,"status_now":"walk","status_rec":"walk","reason":"Shortest route already under threshold (dose 25).","safe_until_hour":null}},{"type":"Feature","geometry":{"type":"Polygon","coordinates":[[[-81.45808699969298,28.54151800013291],[-81.45805099970798,28.539587999720382],[-81.45799299998164,28.539587999720382],[-81.45743599958973,28.539591000100916],[-81.45725099964181,28.539591999964678],[-81.45725099964181,28.539908999706842],[-81.45725400001484,28.54058899989684],[-81.45726099968755,28.54086000031253],[-81.45727099973328,28.541178000033746],[-81.45727300028142,28.541245000135458],[-81.45728199960395,28.54144700003112],[-81.4572859998019,28.541514999807262],[-81.45746800027509,28.541515999652766],[-81.45792400038468,28.54151899997838],[-81.45801399989804,28.54151800013291],[-81.45808699969298,28.54151800013291]]]},"properties":{"block_id":"120950147011018","school_id":"sch_orlo_vista_elementary","kids_est":0,"class":"green","shortest":{"len_m":152.7,"mean_c":38.3,"peak_c":38.3,"dose":11.3},"coolest":{"len_m":152.7,"mean_c":38.3,"peak_c":38.3,"dose":11.3},"delta_mean_c":0.0,"delta_dose_pct":0,"distance_mi":0.092,"status_now":"walk","status_rec":"walk","reason":"Shortest route already under threshold (dose 11).","safe_until_hour":null}},{"type":"Feature","geometry":{"type":"Polygon","coordinates":[[[-81.45839499966456,28.54525700000709],[-81.45841999977893,28.54504099979132],[-81.45822999980811,28.545044999828598],[-81.45806499995167,28.545991999834378],[-81.4574900000164,28.547646000366424],[-81.4572289999005,28.54828499983029],[-81.45704200030275,28.548848999625644],[-81.45723899994624,28.54892100003687],[-81.4574409996126,28.54835399970717],[-81.45769800042886,28.547630999610014],[-81.45823700037911,28.54610600020165],[-81.45839499966456,28.54525700000709]]]},"properties":{"block_id":"120950147013025","school_id":"sch_orlo_vista_elementary","kids_est":0,"class":"green","shortest":{"len_m":705.5,"mean_c":38.3,"peak_c":38.3,"dose":52.2},"coolest":{"len_m":705.5,"mean_c":38.3,"peak_c":38.3,"dose":52.2},"delta_mean_c":0.0,"delta_dose_pct":0,"distance_mi":0.382,"status_now":"walk","status_rec":"walk","reason":"Shortest route already under threshold (dose 52).","safe_until_hour":null}},{"type":"Feature","geometry":{"type":"Polygon","coordinates":[[[-81.46333200032889,28.533120000244995],[-81.46332599958278,28.532675000239152],[-81.46233800009395,28.532679999886117],[-81.46232399985026,28.53229500033402],[-81.46232399985026,28.532205000010443],[-81.46228899969016,28.532205000010443],[-81.46202699974936,28.532203000142644],[-81.46185799969493,28.532204000076568],[-81.46134999970681,28.53220899974581],[-81.46118200037564,28.532210999613444],[-81.46118499985039,28.532361999770867],[-81.46119499989612,28.532815999662297],[-81.46120099974391,28.532965999815353],[-81.46120199956881,28.5330009996099],[-81.4612069995917,28.53310800035282],[-81.46120900013982,28.5331440000252],[-81.4616290002644,28.533138999611044],[-81.46289200011283,28.53312799964619],[-81.46290999965619,28.53312799964619],[-81.463291000321,28.533121000170166],[-81.46333200032889,28.533120000244995]]]},"properties":{"block_id":"120950147022011","school_id":"sch_orlo_vista_elementary","kids_est":4,"class":"red","shortest":{"len_m":1515.2,"mean_c":38.36,"peak_c":38.4,"dose":112.7},"coolest":{"len_m":1515.2,"mean_c":38.36,"peak_c":38.4,"dose":112.7},"delta_mean_c":0.0,"delta_dose_pct":0,"distance_mi":0.636,"status_now":"walk","status_rec":"bus_eligible","reason":"Coolest route mean 38.4C exceeds threshold (110 C-min dose, actual 113).","safe_until_hour":"14:00"}},{"type":"Feature","geometry":{"type":"Polygon","coordinates":[[[-81.45918300003515,28.530406000235967],[-81.45916200011875,28.529658000342078],[-81.4591439996771,28.529018000000182],[-81.45913100015662,28.528523999998953],[-81.459116000088,28.527989000340096],[-81.45844300024345,28.527999000078378],[-81.45836600025055,28.52799000031402],[-81.4582070002419,28.527972999967705],[-81.45803200033971,28.52794399992786],[-81.45778299991936,28.527884999849256],[-81.45745400003139,28.527789999827267],[-81.45730800044153,28.5277400002382],[-81.45714299968677,28.52770100036865],[-81.45697399963237,28.52767900009182],[-81.45691699973095,28.52767600016137],[-81.45678000036192,28.52767900009182],[-81.45676299974517,28.52818099988391],[-81.45708499996046,28.528178999939804],[-81.45751400030585,28.52818299982803],[-81.45781800007947,28.52819200036516],[-81.4578409996457,28.528204000027777],[-81.45785300023957,28.528219000393435],[-81.45787199960783,28.528270999697682],[-81.45787499998087,28.528297999705778],[-81.45787900017883,28.528903000118756],[-81.45788099982866,28.52923499988066],[-81.45790000009524,28.529426000351503],[-81.45794600012599,28.529435999953375],[-81.45796299984443,28.529446000343555],[-81.45811500018038,28.529571999969676],[-81.45833600011332,28.529755000173115],[-81.45837200009834,28.529788000331244],[-81.4583760002963,28.529812000081016],[-81.4583760002963,28.530405000285032],[-81.45843700039568,28.530404000334087],[-81.45873000029863,28.530404000334087],[-81.45883400005569,28.530404000334087],[-81.45918300003515,28.530406000235967]]]},"properties":{"block_id":"120950146013014","school_id":"sch_orlo_vista_elementary","kids_est":20,"class":"red","shortest":{"len_m":1570.7,"mean_c":38.33,"peak_c":38.4,"dose":116.5},"coolest":{"len_m":1570.7,"mean_c":38.33,"peak_c":38.4,"dose":116.5},"delta_mean_c":0.0,"delta_dose_pct":0,"distance_mi":0.865,"status_now":"walk","status_rec":"bus_eligible","reason":"Coolest route mean 38.3C exceeds threshold (110 C-min dose, actual 116).","safe_until_hour":"14:00"}},{"type":"Feature","geometry":{"type":"Polygon","coordinates":[[[-81.45725099964181,28.539591999964678],[-81.4572499998169,28.539346999911295],[-81.45724700034216,28.538614000024513],[-81.45724700034216,28.538569000203413],[-81.4572289999005,28.538483000000713],[-81.4571939997404,28.538401999892443],[-81.45718200004482,28.538382999897014],[-81.45684800013399,28.53850800001184],[-81.45613699975628,28.53876299994397],[-81.45620399970343,28.538891999878835],[-81.45622100032018,28.538962000254543],[-81.45622299997001,28.539601000316573],[-81.45642800000942,28.539598999800017],[-81.45704499977748,28.53959299982844],[-81.45725099964181,28.539591999964678]]]},"properties":{"block_id":"120950147011020","school_id":"sch_orlo_vista_elementary","kids_est":0,"class":"green","shortest":{"len_m":498.7,"mean_c":38.3,"peak_c":38.3,"dose":36.8},"coolest":{"len_m":498.7,"mean_c":38.3,"peak_c":38.3,"dose":36.8},"delta_mean_c":0.0,"delta_dose_pct":0,"distance_mi":0.206,"status_now":"walk","status_rec":"walk","reason":"Shortest route already under threshold (dose 37).","safe_until_hour":null}},{"type":"Feature","geometry":{"type":"Polygon","coordinates":[[[-81.44653799968555,28.53013299985901],[-81.4465340003859,28.530011999887858],[-81.44652199979201,28.529649999888242],[-81.44651799959404,28.52953000011106],[-81.44640999963902,28.5295310000703],[-81.44608599977391,28.529534999907153],[-81.44597899964378,28.529536999825584],[-81.44598299984175,28.529671999753653],[-81.44599500043563,28.530078000032834],[-81.44599700008546,28.53011699981209],[-81.4460149996288,28.53018399984435],[-81.44602700022268,28.53020900024599],[-81.44612299958384,28.530180999985202],[-81.44627999994267,28.530149999856864],[-81.44643399992847,28.530134999766045],[-81.44653799968555,28.53013299985901]]]},"properties":{"block_id":"120950146012001","school_id":"sch_orlo_vista_elementary","kids_est":0,"class":"red","shortest":{"len_m":2965.4,"mean_c":38.18,"peak_c":38.4,"dose":213.9},"coolest":{"len_m":2965.4,"mean_c":38.18,"peak_c":38.4,"dose":213.9},"delta_mean_c":0.0,"delta_dose_pct":0,"distance_mi":1.102,"status_now":"walk","status_rec":"bus_eligible","reason":"Coolest route mean 38.2C exceeds threshold (110 C-min dose, actual 214).","safe_until_hour":"11:00"}},{"type":"Feature","geometry":{"type":"Polygon","coordinates":[[[-81.45191300001778,28.52876600006198],[-81.45191200019288,28.52855099994218],[-81.45191200019288,28.528340000055323],[-81.45189899977409,28.528300999618516],[-81.45186699998703,28.528262999927808],[-81.4518159999334,28.52823299999615],[-81.45177099972757,28.52822500022341],[-81.45161300044214,28.52822500022341],[-81.45146699995395,28.52822600019502],[-81.4514209999232,28.528237999853832],[-81.45137999991532,28.528262999927808],[-81.45136400002178,28.52827800028507],[-81.45133899990745,28.52831599997037],[-81.45132899986169,28.528358000312753],[-81.45132899986169,28.528467000183696],[-81.45132100036408,28.528582999719795],[-81.4513010002726,28.528696999983225],[-81.4512719999603,28.528784000246667],[-81.45119099976942,28.529033000249978],[-81.4514839996724,28.52910599996193],[-81.45165699992474,28.529149999915273],[-81.45170600032856,28.529149999915273],[-81.45176400005487,28.529131999793044],[-81.45179800039006,28.52910699992518],[-81.45182199978119,28.529075000306644],[-81.45189700012426,28.52885400023413],[-81.45191300001778,28.52876600006198]]]},"properties":{"block_id":"120950146012013","school_id":"sch_orlo_vista_elementary","kids_est":1,"class":"red","shortest":{"len_m":2555.3,"mean_c":38.24,"peak_c":38.4,"dose":186.4},"coolest":{"len_m":2555.3,"mean_c":38.24,"peak_c":38.4,"dose":186.4},"delta_mean_c":0.0,"delta_dose_pct":0,"distance_mi":0.982,"status_now":"walk","status_rec":"bus_eligible","reason":"Coolest route mean 38.2C exceeds threshold (110 C-min dose, actual 186).","safe_until_hour":"11:00"}},{"type":"Feature","geometry":{"type":"Polygon","coordinates":[[[-81.46761999964149,28.54422099999569],[-81.46761899981657,28.54410299988271],[-81.46761799999167,28.543749000328827],[-81.46761799999167,28.543632000301635],[-81.46761700016675,28.543507999780232],[-81.46761700016675,28.543433000132264],[-81.4676149996186,28.5428390000238],[-81.4676149996186,28.542640999769375],[-81.4676129999688,28.542332999686046],[-81.46760999959575,28.54140900034596],[-81.46760999959575,28.541228000349225],[-81.46760899977083,28.5411019996665],[-81.46760799994591,28.540942999811197],[-81.46760600029609,28.540468000094677],[-81.46760600029609,28.540309999928613],[-81.46759799990016,28.53843800012366],[-81.46760999959575,28.53820399997943],[-81.46621500040114,28.53804800012068],[-81.4649879996394,28.537924000128864],[-81.4646910004368,28.537910000235208],[-81.46448499967416,28.537905000047218],[-81.46374900008041,28.53791100011492],[-81.4630870001065,28.537920999700866],[-81.46308000043382,28.538080000171224],[-81.46306000034232,28.538175000387408],[-81.46302900038019,28.538261000052337],[-81.46259500001192,28.53920300015517],[-81.46241500008686,28.539545000043688],[-81.46238400012471,28.53956000037338],[-81.46238300029981,28.53996399992595],[-81.46246299976744,28.539986999865633],[-81.46253599956236,28.54002300034435],[-81.46266000030924,28.540113000303634],[-81.46278199960967,28.540171999849417],[-81.4628689996483,28.540196000390832],[-81.46339099988012,28.54029399984859],[-81.46345899965219,28.540298000066144],[-81.46346600022319,28.540445000260064],[-81.46346799987302,28.54121800028802],[-81.46346799987302,28.54131800006823],[-81.4634670000481,28.541339000017896],[-81.46346399967507,28.54197100018941],[-81.46346799987302,28.543073999962328],[-81.46346799987302,28.54312800027711],[-81.4634670000481,28.543356999813692],[-81.4634670000481,28.544044999992717],[-81.4634670000481,28.544274999722454],[-81.46366000039195,28.54427200026442],[-81.46424199999991,28.544264000131086],[-81.46443600016866,28.544261999703103],[-81.46468600041392,28.544257999636066],[-81.46543700007628,28.544247999862506],[-81.46568800014646,28.544246000223353],[-81.46607399993583,28.54424100033614],[-81.46723300002719,28.544225000064063],[-81.46761999964149,28.54422099999569]]]},"properties":{"block_id":"120950147012007","school_id":"sch_orlo_vista_elementary","kids_est":6,"class":"green","shortest":{"len_m":1026.6,"mean_c":38.37,"peak_c":38.4,"dose":76.6},"coolest":{"len_m":1026.6,"mean_c":38.37,"peak_c":38.4,"dose":76.6},"delta_mean_c":0.0,"delta_dose_pct":0,"distance_mi":0.401,"status_now":"walk","status_rec":"walk","reason":"Shortest route already under threshold (dose 77).","safe_until_hour":null}},{"type":"Feature","geometry":{"type":"Polygon","coordinates":[[[-81.45829699975525,28.54316100019279],[-81.45826599979311,28.54283400006976],[-81.45825900012042,28.54057600021169],[-81.45825499992246,28.53958699985652],[-81.45825200044774,28.53867699989969],[-81.45825999994534,28.53802999993998],[-81.4581579998381,28.53805099975588],[-81.458054000081,28.538081999927435],[-81.4580520004312,28.53859400019407],[-81.45805099970798,28.539587999720382],[-81.45808699969298,28.54151800013291],[-81.45810799960937,28.543162000022672],[-81.45829699975525,28.54316100019279]]]},"properties":{"block_id":"120950147012015","school_id":"sch_orlo_vista_elementary","kids_est":0,"class":"green","shortest":{"len_m":161.4,"mean_c":38.3,"peak_c":38.3,"dose":11.9},"coolest":{"len_m":161.4,"mean_c":38.3,"peak_c":38.3,"dose":11.9},"delta_mean_c":0.0,"delta_dose_pct":0,"distance_mi":0.077,"status_now":"walk","status_rec":"walk","reason":"Shortest route already under threshold (dose 12).","safe_until_hour":null}},{"type":"Feature","geometry":{"type":"Polygon","coordinates":[[[-81.46034299995144,28.545010000089366],[-81.46034200012652,28.544636999981496],[-81.46034200012652,28.543890999748886],[-81.46033799992856,28.543570999885198],[-81.46033799992856,28.543519000239677],[-81.4603399995784,28.543147000205863],[-81.46013399971406,28.543149999695945],[-81.4600240001092,28.54315299997503],[-81.45951899959582,28.543154999634936],[-81.4593139995564,28.543157000083962],[-81.4593210001274,28.545026000242135],[-81.46034299995144,28.545010000089366]]]},"properties":{"block_id":"120950147012002","school_id":"sch_orlo_vista_elementary","kids_est":2,"class":"green","shortest":{"len_m":392.9,"mean_c":38.3,"peak_c":38.3,"dose":29.1},"coolest":{"len_m":392.9,"mean_c":38.3,"peak_c":38.3,"dose":29.1},"delta_mean_c":0.0,"delta_dose_pct":0,"distance_mi":0.189,"status_now":"walk","status_rec":"walk","reason":"Shortest route already under threshold (dose 29).","safe_until_hour":null}},{"type":"Feature","geometry":{"type":"Polygon","coordinates":[[[-81.45871199985697,28.53360499993794],[-81.45864200043506,28.53360499993794],[-81.4585949996811,28.53360499993794],[-81.45855000037358,28.53360499993794],[-81.45852699990904,28.53360499993794],[-81.45848699972608,28.5337059997608],[-81.45847099983253,28.53374800032278],[-81.45843499984753,28.53374800032278],[-81.45832699989249,28.53374800032278],[-81.4582919997324,28.53374800032278],[-81.45793299970718,28.533745999695107],[-81.45685599963159,28.533742999937342],[-81.45649800032962,28.533742000018073],[-81.45649900015452,28.533817000251425],[-81.45650199962927,28.534066000201534],[-81.45627499984855,28.53406800003398],[-81.45531099975085,28.534075000236303],[-81.45509999986365,28.534077000068528],[-81.45478900041734,28.534078999900707],[-81.45446800002698,28.534080999732844],[-81.45328399982127,28.534090999682263],[-81.45302199988045,28.534093000303443],[-81.45302199988045,28.534204000386413],[-81.45302299970534,28.534278000376784],[-81.45302400042858,28.534449999684405],[-81.45302600007841,28.534621000378735],[-81.45302899955313,28.53501200034677],[-81.45303000027636,28.535097000319375],[-81.45303199992618,28.53526400034441],[-81.45303600012414,28.53579599967571],[-81.45303699994903,28.535907000332347],[-81.45405899977307,28.535902000049308],[-81.454279999706,28.535900000251726],[-81.45441500032354,28.535900000251726],[-81.45477099997568,28.535897999664904],[-81.45494599987788,28.53589699976608],[-81.45497000016731,28.53589699976608],[-81.45516799963572,28.535895999867243],[-81.45524899982657,28.535900000251726],[-81.45526200024536,28.53575900022006],[-81.4552789999638,28.535046000344007],[-81.45556299964592,28.535041999927095],[-81.45564999968457,28.535041000020154],[-81.45675100004961,28.535033999882003],[-81.45707300026488,28.5350310001609],[-81.45707400008979,28.535396000328177],[-81.45707499991472,28.535895999867243],[-81.45769699970563,28.535892000271755],[-81.45782999977503,28.53589100037288],[-81.45781300005659,28.53600100024239],[-81.4577989998129,28.53611299979065],[-81.45778899976713,28.536194999976335],[-81.45778000044464,28.53627899988863],[-81.45777200004872,28.536369999783826],[-81.45776299982789,28.536479999942475],[-81.45775399960705,28.53661199998124],[-81.4577500003074,28.536697000241528],[-81.45774600010944,28.536823999769158],[-81.4577439995613,28.537025000361666],[-81.45774699993434,28.537843000380025],[-81.45786999995799,28.537843000380025],[-81.45805099970798,28.537841999710476],[-81.45804300021035,28.537361000118995],[-81.45804999988304,28.53676599981744],[-81.45810099993669,28.535909000129806],[-81.45825900012042,28.535102999757775],[-81.45844599971818,28.534391000091194],[-81.45850400034283,28.53425400006568],[-81.45855700004624,28.53405399962792],[-81.45858299998552,28.53398800039459],[-81.45860399990192,28.533916000035795],[-81.45871199985697,28.53360499993794]]]},"properties":{"block_id":"120950146013007","school_id":"sch_orlo_vista_elementary","kids_est":0,"class":"green","shortest":{"len_m":920.5,"mean_c":38.3,"peak_c":38.3,"dose":67.8},"coolest":{"len_m":920.5,"mean_c":38.3,"peak_c":38.3,"dose":67.8},"delta_mean_c":0.0,"delta_dose_pct":0,"distance_mi":0.484,"status_now":"walk","status_rec":"walk","reason":"Shortest route already under threshold (dose 68).","safe_until_hour":null}},{"type":"Feature","geometry":{"type":"Polygon","coordinates":[[[-81.45305200001766,28.537654999816795],[-81.45305100019276,28.53755299995018],[-81.4530479998197,28.537246999757727],[-81.4530479998197,28.53714500028526],[-81.45304399962174,28.536684999967495],[-81.4530400003221,28.53622599990477],[-81.45303799977397,28.53606599989607],[-81.45303699994903,28.535907000332347],[-81.45278300040414,28.535908000231082],[-81.45252899996093,28.535909000129806],[-81.45229999963207,28.535910000028515],[-81.45207100020154,28.53591099992721],[-81.45207899969914,28.536016000287475],[-81.4520829998971,28.53623399985937],[-81.45207899969914,28.536815999859343],[-81.45206700000358,28.537434000375494],[-81.45205799978275,28.537513999766162],[-81.45203600004143,28.53757299997822],[-81.45199500003356,28.537630000392504],[-81.45220599992075,28.53763399992196],[-81.45284000030556,28.53764899973456],[-81.45305200001766,28.537654999816795]]]},"properties":{"block_id":"120950146013018","school_id":"sch_orlo_vista_elementary","kids_est":0,"class":"green","shortest":{"len_m":1454.3,"mean_c":38.13,"peak_c":38.3,"dose":103.5},"coolest":{"len_m":1454.3,"mean_c":38.13,"peak_c":38.3,"dose":103.5},"delta_mean_c":0.0,"delta_dose_pct":0,"distance_mi":0.495,"status_now":"walk","status_rec":"walk","reason":"Shortest route already under threshold (dose 104).","safe_until_hour":null}},{"type":"Feature","geometry":{"type":"Polygon","coordinates":[[[-81.45522100023746,28.53908800034014],[-81.45521000036683,28.538844999645605],[-81.45521399966647,28.53762799983847],[-81.45521899968934,28.53732000009322],[-81.45521000036683,28.537189000038865],[-81.45519199992516,28.53691799965031],[-81.45518100005451,28.53624299970891],[-81.45516799963572,28.535895999867243],[-81.45497000016731,28.53589699976608],[-81.45494599987788,28.53589699976608],[-81.45477099997568,28.535897999664904],[-81.45441500032354,28.535900000251726],[-81.454279999706,28.535900000251726],[-81.45405899977307,28.535902000049308],[-81.45303699994903,28.535907000332347],[-81.45303799977397,28.53606599989607],[-81.4530400003221,28.53622599990477],[-81.45304399962174,28.536684999967495],[-81.4530479998197,28.53714500028526],[-81.4530479998197,28.537246999757727],[-81.45305100019276,28.53755299995018],[-81.45305200001766,28.537654999816795],[-81.45305399966749,28.537922000369665],[-81.45305700004054,28.538068999932996],[-81.45306299988832,28.538263999681472],[-81.4530620000634,28.53862000005185],[-81.45305500039072,28.53894099983104],[-81.45305799986544,28.53931400037911],[-81.45306299988832,28.53973000001446],[-81.45412200042057,28.53945399973409],[-81.45429800014766,28.539401999634638],[-81.45441600014844,28.53936800025386],[-81.45480199993781,28.539238000245547],[-81.45514199969645,28.539115999812598],[-81.45522100023746,28.53908800034014]]]},"properties":{"block_id":"120950146013005","school_id":"sch_orlo_vista_elementary","kids_est":0,"class":"green","shortest":{"len_m":1020.7,"mean_c":38.2,"peak_c":38.3,"dose":73.6},"coolest":{"len_m":1020.7,"mean_c":38.2,"peak_c":38.3,"dose":73.6},"delta_mean_c":0.0,"delta_dose_pct":0,"distance_mi":0.385,"status_now":"walk","status_rec":"walk","reason":"Shortest route already under threshold (dose 74).","safe_until_hour":null}},{"type":"Feature","geometry":{"type":"Polygon","coordinates":[[[-81.4533359996998,28.543740000331336],[-81.4533359996998,28.543240999969374],[-81.45332999985202,28.543083000016725],[-81.45290800007763,28.543082000186093],[-81.45252800013603,28.543082000186093],[-81.45238500002088,28.54308799995891],[-81.45217300030878,28.543115000116185],[-81.4520340003916,28.543143999926613],[-81.45183400037507,28.54320300014222],[-81.45167000034354,28.543263999982685],[-81.45164600005408,28.543273000020836],[-81.45146600012903,28.543357999641717],[-81.45129600024973,28.543456000103653],[-81.4511549997844,28.543561000046424],[-81.45095800014091,28.543732000157608],[-81.45088799982072,28.543805999768903],[-81.45088100014803,28.543813999937072],[-81.450809000178,28.543899999733412],[-81.45074200023085,28.54398899971486],[-81.45068100013148,28.544080999873756],[-81.45062599987992,28.54417600020225],[-81.45057700037441,28.544273000083745],[-81.45053399981839,28.54437300012031],[-81.45049700000847,28.54447399987934],[-81.45046699987124,28.54457699996355],[-81.4504429995818,28.544682000367132],[-81.45041599981762,28.544870000227014],[-81.45041099979474,28.54505900035234],[-81.45042599986337,28.545248999948587],[-81.45043500008421,28.545298000100352],[-81.45046299967329,28.5454349999689],[-81.45051899974979,28.545618000241106],[-81.45060900016146,28.545805000203714],[-81.45068000030658,28.545954000210564],[-81.45091600030813,28.54641000031472],[-81.45099499995085,28.54656099985005],[-81.45116400000525,28.546493000174962],[-81.45167399964319,28.546292000286783],[-81.4518440004208,28.54622600003957],[-81.45148799987035,28.545526999653934],[-81.45143099996893,28.54541400004668],[-81.45139699963374,28.54532899971755],[-81.45136999986958,28.545243000298818],[-81.45135200032624,28.54515399979874],[-81.4513430001054,28.545065000012528],[-81.45134200028048,28.544975000338507],[-81.45134899995318,28.544884999798388],[-81.45136499984669,28.54479700038844],[-81.45138900013615,28.544709000115834],[-81.4514219997481,28.544624000006827],[-81.45146199993108,28.5445420000688],[-81.45150399976387,28.544472000244422],[-81.45155099961956,28.54440499982786],[-81.4516030003964,28.544339999795188],[-81.45165899957458,28.544279999608037],[-81.45172100039717,28.54422299963533],[-81.45178699962109,28.544168999881965],[-81.4518569999413,28.544119999994056],[-81.45193099956113,28.54407599997872],[-81.45200799955403,28.54403600002052],[-81.45208799991997,28.544000999946007],[-81.45219400022518,28.543964000215354],[-81.45230300000512,28.54393700027574],[-81.4524140003332,28.54391799970028],[-81.45252700031112,28.54390799989443],[-81.45255200042548,28.543907000071634],[-81.4533359996998,28.543904999636858],[-81.4533359996998,28.543740000331336]]]},"properties":{"block_id":"120950147011008","school_id":"sch_orlo_vista_elementary","kids_est":2,"class":"red","shortest":{"len_m":1680.9,"mean_c":38.07,"peak_c":38.3,"dose":118.5},"coolest":{"len_m":1680.9,"mean_c":38.07,"peak_c":38.3,"dose":118.5},"delta_mean_c":0.0,"delta_dose_pct":0,"distance_mi":0.542,"status_now":"walk","status_rec":"bus_eligible","reason":"Coolest route mean 38.1C exceeds threshold (110 C-min dose, actual 118).","safe_until_hour":"14:00"}},{"type":"Feature","geometry":{"type":"Polygon","coordinates":[[[-81.45422700000255,28.53259800012193],[-81.45422799982747,28.532577000008466],[-81.45421000028412,28.53253100004589],[-81.45419600004041,28.532509999919082],[-81.4541800001469,28.53249500016414],[-81.45415699968235,28.532475999892778],[-81.45410700035195,28.532454999754936],[-81.45405299992528,28.53244700030266],[-81.45382100012169,28.532446000371092],[-81.45317099984337,28.532444999650284],[-81.45306700008628,28.532431999749594],[-81.45296800035207,28.532403000147365],[-81.45287600029057,28.53235999990611],[-81.452752000442,28.532276000026574],[-81.45244500029536,28.532071000105265],[-81.45235999990653,28.532157999951174],[-81.45232399992152,28.53219599981601],[-81.45221199976854,28.532292999678752],[-81.45208999956981,28.532381000062816],[-81.45207700004931,28.53238800037721],[-81.45197400011716,28.532452999891934],[-81.45203299966839,28.532519000086694],[-81.45209299994283,28.532586000170365],[-81.45217999998148,28.532668999873287],[-81.45222600001223,28.532700999979046],[-81.45229999963207,28.53275200030013],[-81.45258800041047,28.532950000198547],[-81.45263199989309,28.53297200016431],[-81.45267000042624,28.532991000346275],[-81.45275599974165,28.53302300035425],[-81.45289100035919,28.533052999711604],[-81.45303100010126,28.533061999832846],[-81.45381699992375,28.533069000102],[-81.45421699995681,28.533072999804645],[-81.45421899960664,28.532953999905697],[-81.45422700000255,28.53259800012193]]]},"properties":{"block_id":"120950146012008","school_id":"sch_orlo_vista_elementary","kids_est":7,"class":"red","shortest":{"len_m":2817.1,"mean_c":38.22,"peak_c":38.4,"dose":205.0},"coolest":{"len_m":2817.1,"mean_c":38.22,"peak_c":38.4,"dose":205.0},"delta_mean_c":0.0,"delta_dose_pct":0,"distance_mi":0.695,"status_now":"walk","status_rec":"bus_eligible","reason":"Coolest route mean 38.2C exceeds threshold (110 C-min dose, actual 205).","safe_until_hour":"11:00"}},{"type":"Feature","geometry":{"type":"Polygon","coordinates":[[[-81.45207100020154,28.53591099992721],[-81.45206299980562,28.535786999787998],[-81.45201400030012,28.535013000254004],[-81.4519570003987,28.534100999630777],[-81.4510689995707,28.534107999830862],[-81.45104799965429,28.534112000283265],[-81.45103699978364,28.534306000338304],[-81.45103599995872,28.53447000030146],[-81.45103500013383,28.53471599976768],[-81.45104600000447,28.535545000063316],[-81.45105199985225,28.535903999846905],[-81.45207100020154,28.53591099992721]]]},"properties":{"block_id":"120950146013020","school_id":"sch_orlo_vista_elementary","kids_est":0,"class":"green","shortest":{"len_m":1481.6,"mean_c":38.13,"peak_c":38.3,"dose":105.3},"coolest":{"len_m":1481.6,"mean_c":38.13,"peak_c":38.3,"dose":105.3},"delta_mean_c":0.0,"delta_dose_pct":0,"distance_mi":0.624,"status_now":"walk","status_rec":"walk","reason":"Shortest route already under threshold (dose 105).","safe_until_hour":null}},{"type":"Feature","geometry":{"type":"Polygon","coordinates":[[[-81.45790000009524,28.529426000351503],[-81.45788099982866,28.52923499988066],[-81.45787900017883,28.528903000118756],[-81.45787499998087,28.528297999705778],[-81.45787199960783,28.528270999697682],[-81.45785300023957,28.528219000393435],[-81.4578409996457,28.528204000027777],[-81.45781800007947,28.52819200036516],[-81.45751400030585,28.52818299982803],[-81.45708499996046,28.528178999939804],[-81.45676299974517,28.52818099988391],[-81.4565800003454,28.528181999856002],[-81.45652400026887,28.528199000168552],[-81.45615500019794,28.528472999999554],[-81.45612699971055,28.52851700021715],[-81.45607300018217,28.528799999706695],[-81.45599899966402,28.529184000225346],[-81.45603299999921,28.529187000112895],[-81.45605300009069,28.52919599977509],[-81.45617600011434,28.529293999992824],[-81.45627900004651,28.529391000158864],[-81.45629599976493,28.529415999959376],[-81.45629900013799,28.529450000183704],[-81.45790000009524,28.529426000351503]]]},"properties":{"block_id":"120950146013016","school_id":"sch_orlo_vista_elementary","kids_est":7,"class":"red","shortest":{"len_m":1733.8,"mean_c":38.33,"peak_c":38.4,"dose":128.5},"coolest":{"len_m":1733.8,"mean_c":38.33,"peak_c":38.4,"dose":128.5},"delta_mean_c":0.0,"delta_dose_pct":0,"distance_mi":0.878,"status_now":"walk","status_rec":"bus_eligible","reason":"Coolest route mean 38.3C exceeds threshold (110 C-min dose, actual 128).","safe_until_hour":"14:00"}},{"type":"Feature","geometry":{"type":"Polygon","coordinates":[[[-81.45446100035429,28.528714000212712],[-81.45446100035429,28.528210999830367],[-81.45445299995835,28.52817000019083],[-81.4544339996918,28.528131999663625],[-81.4544069999276,28.528097999803446],[-81.45437099994261,28.528070999744116],[-81.4543140000412,28.52804299970458],[-81.45425999961451,28.52803100002358],[-81.45326700010283,28.528035999890843],[-81.4528350002827,28.52804299970458],[-81.45279699974955,28.528051000280357],[-81.45276099976454,28.528064999905386],[-81.45272800015258,28.528083000209836],[-81.45269800001533,28.528106000375086],[-81.45267299990098,28.528131999663625],[-81.4526519999846,28.528161999624036],[-81.45263699991597,28.528194000309025],[-81.45262799969512,28.528228000138235],[-81.45263500026614,28.52871700011362],[-81.45262400039549,28.528860000027965],[-81.45260299958078,28.528987000319017],[-81.45255800027326,28.529151999840945],[-81.45249200015101,28.529312000087334],[-81.45233800016524,28.529584000264432],[-81.45233300014236,28.529625000143238],[-81.45234700038606,28.529664000090126],[-81.45239000004376,28.52971300038742],[-81.45243500024961,28.529744999812262],[-81.45250499967149,28.52977600005973],[-81.45267100025116,28.529829000130647],[-81.45273300017543,28.529845000221293],[-81.45278900025194,28.529873999738143],[-81.4528360001076,28.52991300038213],[-81.45284799980315,28.52992699975985],[-81.45287100026772,28.529960999819274],[-81.452893000009,28.530015999706517],[-81.45291099955234,28.5301489999035],[-81.45293099964385,28.53018299989132],[-81.45296400015411,28.530208000293186],[-81.45301199983469,28.53022199963171],[-81.45423500039847,28.530230999994735],[-81.45429899997258,28.53021899977364],[-81.45435699969889,28.530191000304683],[-81.45438199981325,28.530171999617913],[-81.45442100017131,28.530125000230466],[-81.45443500041502,28.53009899985507],[-81.45444399973753,28.53007100035423],[-81.4544479999355,28.530042000102394],[-81.45445799998124,28.529557999755557],[-81.45444299991262,28.529473000050658],[-81.45441100012557,28.529382999684763],[-81.45440600010271,28.52931899981634],[-81.45441199995048,28.52889399964235],[-81.4544560003314,28.528762000195893],[-81.45446100035429,28.528714000212712]]]},"properties":{"block_id":"120950146012005","school_id":"sch_orlo_vista_elementary","kids_est":46,"class":"red","shortest":{"len_m":2519.5,"mean_c":38.24,"peak_c":38.4,"dose":184.1},"coolest":{"len_m":2519.5,"mean_c":38.24,"peak_c":38.4,"dose":184.1},"delta_mean_c":0.0,"delta_dose_pct":0,"distance_mi":0.908,"status_now":"walk","status_rec":"bus_eligible","reason":"Coolest route mean 38.2C exceeds threshold (110 C-min dose, actual 184).","safe_until_hour":"11:00"}},{"type":"Feature","geometry":{"type":"Polygon","coordinates":[[[-81.4530620000634,28.53862000005185],[-81.45306299988832,28.538263999681472],[-81.45305700004054,28.538068999932996],[-81.45305399966749,28.537922000369665],[-81.45305200001766,28.537654999816795],[-81.45284000030556,28.53764899973456],[-81.45220599992075,28.53763399992196],[-81.45199500003356,28.537630000392504],[-81.45194499980484,28.537668999744383],[-81.45187399965974,28.537693000066824],[-81.45182199978119,28.537698000264875],[-81.45177099972757,28.537704000344313],[-81.45135200032624,28.537698000264875],[-81.45125000021898,28.537700000028327],[-81.45106000024819,28.537704000344313],[-81.45105500022531,28.537998999753132],[-81.45105400040039,28.5382220001304],[-81.45105199985225,28.538788999760033],[-81.45104500017956,28.539777999714925],[-81.45104400035464,28.540047999990044],[-81.45105100002735,28.540147000233148],[-81.45107500031679,28.540294999705697],[-81.45147000032699,28.54017299970767],[-81.4516030003964,28.540131999987093],[-81.45240099991443,28.539905000263744],[-81.45266299985525,28.539834999725418],[-81.45306299988832,28.53973000001446],[-81.45305799986544,28.53931400037911],[-81.45305500039072,28.53894099983104],[-81.4530620000634,28.53862000005185]]]},"properties":{"block_id":"120950146013004","school_id":"sch_orlo_vista_elementary","kids_est":1,"class":"green","shortest":{"len_m":1041.4,"mean_c":38.18,"peak_c":38.3,"dose":74.9},"coolest":{"len_m":1041.4,"mean_c":38.18,"peak_c":38.3,"dose":74.9},"delta_mean_c":0.0,"delta_dose_pct":0,"distance_mi":0.446,"status_now":"walk","status_rec":"walk","reason":"Shortest route already under threshold (dose 75).","safe_until_hour":null}},{"type":"Feature","geometry":{"type":"Polygon","coordinates":[[[-81.4593489997165,28.532226000198026],[-81.45938600042474,28.532060000028874],[-81.45910699986717,28.532062999834608],[-81.45906500003437,28.532358000041313],[-81.45899999973705,28.532592999681924],[-81.45892799976704,28.532976999797114],[-81.45871199985697,28.53360499993794],[-81.45860399990192,28.533916000035795],[-81.45858299998552,28.53398800039459],[-81.45855700004624,28.53405399962792],[-81.45850400034283,28.53425400006568],[-81.45844599971818,28.534391000091194],[-81.45825900012042,28.535102999757775],[-81.45810099993669,28.535909000129806],[-81.45804999988304,28.53676599981744],[-81.45804300021035,28.537361000118995],[-81.45805099970798,28.537841999710476],[-81.45809000006602,28.537841999710476],[-81.45815500036335,28.537841999710476],[-81.45826199959517,28.537841999710476],[-81.4582640001433,28.537628999720933],[-81.45828000003682,28.536426000165918],[-81.45836700007546,28.535592000190277],[-81.45855399967321,28.53482899980156],[-81.45871799970475,28.534284999775938],[-81.45883099968265,28.534009000226867],[-81.45885099977413,28.53395000038673],[-81.45892699994212,28.53371000022842],[-81.45909699982143,28.533171000363296],[-81.45915200007302,28.532974999944024],[-81.45928799961715,28.532492000370713],[-81.4593210001274,28.532349999792434],[-81.4593489997165,28.532226000198026]]]},"properties":{"block_id":"120950146013008","school_id":"sch_orlo_vista_elementary","kids_est":0,"class":"green","shortest":{"len_m":568.1,"mean_c":38.3,"peak_c":38.3,"dose":42.0},"coolest":{"len_m":568.1,"mean_c":38.3,"peak_c":38.3,"dose":42.0},"delta_mean_c":0.0,"delta_dose_pct":0,"distance_mi":0.303,"status_now":"walk","status_rec":"walk","reason":"Shortest route already under threshold (dose 42).","safe_until_hour":null}},{"type":"Feature","geometry":{"type":"Polygon","coordinates":[[[-81.46238400012471,28.53956000037338],[-81.46238300029981,28.539465999692737],[-81.4623759997288,28.53841399997086],[-81.46237699955373,28.53793000019549],[-81.46137700036931,28.53794200032767],[-81.46135100043006,28.53794200032767],[-81.46135599955461,28.538816000229996],[-81.4613549997297,28.539569999802804],[-81.46137200034646,28.53956299996553],[-81.46143500009563,28.53956399982957],[-81.46147699992844,28.53956399982957],[-81.46235300016258,28.53956000037338],[-81.46238400012471,28.53956000037338]]]},"properties":{"block_id":"120950147012022","school_id":"sch_orlo_vista_elementary","kids_est":2,"class":"green","shortest":{"len_m":893.3,"mean_c":38.33,"peak_c":38.4,"dose":66.2},"coolest":{"len_m":893.3,"mean_c":38.33,"peak_c":38.4,"dose":66.2},"delta_mean_c":0.0,"delta_dose_pct":0,"distance_mi":0.27,"status_now":"walk","status_rec":"walk","reason":"Shortest route already under threshold (dose 66).","safe_until_hour":null}},{"type":"Feature","geometry":{"type":"Polygon","coordinates":[[[-81.4583760002963,28.530405000285032],[-81.4583760002963,28.529812000081016],[-81.45837200009834,28.529788000331244],[-81.45833600011332,28.529755000173115],[-81.45811500018038,28.529571999969676],[-81.45796299984443,28.529446000343555],[-81.45794600012599,28.529435999953375],[-81.45790000009524,28.529426000351503],[-81.45629900013799,28.529450000183704],[-81.45630199961272,28.529889999821958],[-81.45630300033595,28.529911999637278],[-81.45630099978781,28.529931000370915],[-81.45629400011512,28.529949000356638],[-81.45627999987143,28.529962999729563],[-81.45622600034305,28.53000300029539],[-81.45628700044242,28.530053000389362],[-81.45637600013087,28.53012600018406],[-81.45652400026887,28.53025199978648],[-81.45672099991239,28.53042699999284],[-81.4567369998059,28.530465999642903],[-81.45674400037691,28.531091999863083],[-81.45730400024358,28.53108800008526],[-81.45742700026722,28.53108800008526],[-81.45745900005427,28.531075000017168],[-81.45783700034605,28.530717000303824],[-81.45810000011177,28.53047000023359],[-81.45815399964013,28.530441000091468],[-81.45819100034836,28.53042999984501],[-81.4583760002963,28.530405000285032]]]},"properties":{"block_id":"120950146013015","school_id":"sch_orlo_vista_elementary","kids_est":28,"class":"green","shortest":{"len_m":1437.4,"mean_c":38.33,"peak_c":38.4,"dose":106.6},"coolest":{"len_m":1437.4,"mean_c":38.33,"peak_c":38.4,"dose":106.6},"delta_mean_c":0.0,"delta_dose_pct":0,"distance_mi":0.785,"status_now":"walk","status_rec":"walk","reason":"Shortest route already under threshold (dose 107).","safe_until_hour":null}},{"type":"Feature","geometry":{"type":"Polygon","coordinates":[[[-81.46499400038549,28.537787999842767],[-81.4649879996394,28.53752199962298],[-81.46498500016467,28.537158000393703],[-81.46498500016467,28.536988999647704],[-81.46497799959366,28.536594000344415],[-81.46496800044623,28.53486000013193],[-81.464966999723,28.534018000266457],[-81.4634179996443,28.534032999804612],[-81.46250299995042,28.534077000068528],[-81.46124599994975,28.53414200011983],[-81.46127699991189,28.534987000295338],[-81.4613129998969,28.535932000165506],[-81.46134899988192,28.536914000093663],[-81.46135800010273,28.537149999720132],[-81.4613759996461,28.537624000308792],[-81.46137700036931,28.53794200032767],[-81.46237699955373,28.53793000019549],[-81.4630870001065,28.537920999700866],[-81.46374900008041,28.53791100011492],[-81.46448499967416,28.537905000047218],[-81.4646910004368,28.537910000235208],[-81.4649879996394,28.537924000128864],[-81.46499400038549,28.537787999842767]]]},"properties":{"block_id":"120950147022001","school_id":"sch_orlo_vista_elementary","kids_est":6,"class":"green","shortest":{"len_m":1194.4,"mean_c":38.34,"peak_c":38.4,"dose":88.7},"coolest":{"len_m":1194.4,"mean_c":38.34,"peak_c":38.4,"dose":88.7},"delta_mean_c":0.0,"delta_dose_pct":0,"distance_mi":0.466,"status_now":"walk","status_rec":"walk","reason":"Shortest route already under threshold (dose 89).","safe_until_hour":null}},{"type":"Feature","geometry":{"type":"Polygon","coordinates":[[[-81.4541800001469,28.524409999948325],[-81.4541809999718,28.524264000283562],[-81.45354900013511,28.524268000320294],[-81.45165299972679,28.52428199965854],[-81.45102199971502,28.52428699970356],[-81.45102400026317,28.524432000118203],[-81.45103000011095,28.524868000168766],[-81.45103099993585,28.52490700029726],[-81.4510190002403,28.524977999704813],[-81.45100900019455,28.525011999782098],[-81.45107399959358,28.525026999812713],[-81.45163400035852,28.52502599981074],[-81.45185500029147,28.52502599981074],[-81.45190600034509,28.525040999839373],[-81.4519499998277,28.525065999882397],[-81.45198599981272,28.525100999932544],[-81.45201000010216,28.525143999978326],[-81.45201699977487,28.525165999994964],[-81.4520200001479,28.525621000098948],[-81.45200799955403,28.525665999924424],[-81.45198099978985,28.525705999753164],[-81.45194200033009,28.52573800039454],[-81.4518939997512,28.525758000297117],[-81.45184199987268,28.52576600025715],[-81.45111299995162,28.52576900024197],[-81.4506619998649,28.525772000226702],[-81.45060099976554,28.525760000287224],[-81.45054399986415,28.525736999610046],[-81.4504989996583,28.525710999730716],[-81.45038800022853,28.52584499982936],[-81.45005699979242,28.526247999882962],[-81.44994700018756,28.52638300007734],[-81.4500839995566,28.526461999976476],[-81.45017099959523,28.52649600036437],[-81.45026400037997,28.526517000111014],[-81.45035899991622,28.52652300003786],[-81.45100800036964,28.526516000123173],[-81.45185899959111,28.526508000220122],[-81.45191300001778,28.526521000062303],[-81.45196200042159,28.526546999741807],[-81.45200000005643,28.526583000076773],[-81.45202500017078,28.526628000280848],[-81.45203199984347,28.52665199996089],[-81.45203699986635,28.527109999911342],[-81.45202400034586,28.52715299992688],[-81.4519980004066,28.527191000017755],[-81.45196200042159,28.52722200022713],[-81.45191700021574,28.5272419998482],[-81.45186799981195,28.52725099967641],[-81.4507170001165,28.527260000293133],[-81.45037900000769,28.52726500019697],[-81.4501189997167,28.527270000100504],[-81.44966000013238,28.527272000061913],[-81.44957399991867,28.527262000254666],[-81.4494640003138,28.527234000000238],[-81.44941099971206,28.527212999607166],[-81.44930799977989,28.527161999762686],[-81.4492240001143,28.527263000235436],[-81.44917899990844,28.52731899993231],[-81.44912200000704,28.52740599975464],[-81.449082999649,28.5275000001443],[-81.44906500010565,28.527599000337993],[-81.44906400028073,28.527614000000547],[-81.44906199973259,28.52774600009544],[-81.4497179998587,28.5277400002382],[-81.45168899971179,28.527721999875226],[-81.45234599966284,28.52771699999308],[-81.45270800006108,28.527713000087168],[-81.45379400035752,28.527702000345247],[-81.45415699968235,28.52769899962619],[-81.45415699968235,28.52760400022574],[-81.4541590002305,28.52732199987292],[-81.45416099988032,28.527229000094923],[-81.45352800021872,28.527234000000238],[-81.45306700008628,28.527237999924264],[-81.45301400038282,28.527230000075996],[-81.45296599980394,28.5272099996634],[-81.45292499979605,28.527179000239748],[-81.45289600038205,28.527140000162625],[-81.4528789997653,28.527095000177127],[-81.45287299991753,28.526638000148182],[-81.45288999963596,28.52659199996125],[-81.45292200032132,28.526551999679462],[-81.45297800039782,28.526517000111014],[-81.45304299979685,28.52649700035239],[-81.4535330002416,28.526492999610973],[-81.45416599990318,28.526489999646763],[-81.4541669997281,28.526340999737275],[-81.45417099992606,28.525895000317302],[-81.45417299957589,28.52574700035118],[-81.45352700039383,28.52574900034143],[-81.45303399957601,28.525752000326786],[-81.4529830004207,28.525742000375345],[-81.45293700038994,28.525719999689645],[-81.45289899985679,28.525687999832122],[-81.45287299991753,28.525647999996565],[-81.45286100022194,28.525603000163326],[-81.45285700002398,28.52515299998574],[-81.45287100026772,28.525110999944797],[-81.45289700020696,28.525072999893354],[-81.45293300019198,28.52504299984302],[-81.45297599984968,28.52502199980277],[-81.45302400042858,28.52501099977998],[-81.4535330002416,28.52500399976489],[-81.45417900032199,28.52499699974934],[-81.45417900032199,28.52485000010464],[-81.4541800001469,28.524409999948325]]]},"properties":{"block_id":"120950146081013","school_id":"sch_orlo_vista_elementary","kids_est":7,"class":"red","shortest":{"len_m":2815.5,"mean_c":38.23,"peak_c":38.4,"dose":204.2},"coolest":{"len_m":2815.5,"mean_c":38.23,"peak_c":38.4,"dose":204.2},"delta_mean_c":0.0,"delta_dose_pct":0,"distance_mi":1.13,"status_now":"walk","status_rec":"bus_eligible","reason":"Coolest route mean 38.2C exceeds threshold (110 C-min dose, actual 204).","safe_until_hour":"11:00"}},{"type":"Feature","geometry":{"type":"Polygon","coordinates":[[[-81.45728900017495,28.54192600022391],[-81.45728800035003,28.54184499960627],[-81.4572859998019,28.541514999807262],[-81.45728199960395,28.54144700003112],[-81.45727300028142,28.541245000135458],[-81.45727099973328,28.541178000033746],[-81.4571810002199,28.541182000217674],[-81.45714799970965,28.54118899994737],[-81.45708699961027,28.54121099977115],[-81.45705499982321,28.54123400022769],[-81.4566799999045,28.541510999635978],[-81.45664300009459,28.541522000303978],[-81.4564620003446,28.541522000303978],[-81.45623399984066,28.541523999994848],[-81.45602200012856,28.541523000149418],[-81.45538600009392,28.541523000149418],[-81.45517500020672,28.541523000149418],[-81.45517600003163,28.541637999673874],[-81.4551790004047,28.541983999702413],[-81.45518000022959,28.542100000141815],[-81.45518000022959,28.54216099983184],[-81.45517299965857,28.54232900033498],[-81.4551669998108,28.542363000338433],[-81.45516500016097,28.54237900010414],[-81.45515199974218,28.542428000012787],[-81.45518500025247,28.542446000231195],[-81.45522999955999,28.542471999927404],[-81.45527800013888,28.54251300031558],[-81.45530800027612,28.542538999995262],[-81.4554129998581,28.54262900017243],[-81.45572900022559,28.54290099990741],[-81.4558349996325,28.542991999606812],[-81.4560609995883,28.543180999945307],[-81.45611300036515,28.543205999630697],[-81.45619000035805,28.54322399971611],[-81.45624999973418,28.54322399971611],[-81.45677000031618,28.543171999899347],[-81.45696199993681,28.543170000239694],[-81.4572640000606,28.54316699996109],[-81.45726200041076,28.54283599973577],[-81.45725999986264,28.542457999848967],[-81.45728900017495,28.54192600022391]]]},"properties":{"block_id":"120950147011015","school_id":"sch_orlo_vista_elementary","kids_est":1,"class":"green","shortest":{"len_m":643.4,"mean_c":38.27,"peak_c":38.3,"dose":47.0},"coolest":{"len_m":643.4,"mean_c":38.27,"peak_c":38.3,"dose":47.0},"delta_mean_c":0.0,"delta_dose_pct":0,"distance_mi":0.151,"status_now":"walk","status_rec":"walk","reason":"Shortest route already under threshold (dose 47).","safe_until_hour":null}},{"type":"Feature","geometry":{"type":"Polygon","coordinates":[[[-81.45338900030157,28.541178999882458],[-81.45338500010361,28.541031000073495],[-81.45337199968482,28.541000999830917],[-81.45334900011859,28.540975999622272],[-81.45331800015644,28.540957000091037],[-81.45328299999635,28.540947999855007],[-81.45285299982604,28.540943999662197],[-81.45265100015968,28.540942999811197],[-81.45244699994518,28.54095600024023],[-81.45245100014313,28.54104600019154],[-81.45246600021174,28.541156000203017],[-81.45247200005954,28.54119700031423],[-81.45250999969437,28.541345999737093],[-81.45256599977087,28.54148899987484],[-81.45263899956579,28.541626999807132],[-81.45269499964228,28.54170899964693],[-81.45272800015258,28.54175799986723],[-81.45282500023693,28.54186299992423],[-81.45313300020852,28.54164900032855],[-81.4531609997976,28.541625000118156],[-81.45321100002631,28.541585000018436],[-81.45327700014856,28.541512000270682],[-81.4533290000271,28.5414310001238],[-81.45335900016433,28.541358000269337],[-81.45337900025581,28.541282000031995],[-81.45338900030157,28.541178999882458]]]},"properties":{"block_id":"120950147011013","school_id":"sch_orlo_vista_elementary","kids_est":0,"class":"red","shortest":{"len_m":1577.1,"mean_c":38.1,"peak_c":38.3,"dose":111.6},"coolest":{"len_m":1577.1,"mean_c":38.1,"peak_c":38.3,"dose":111.6},"delta_mean_c":0.0,"delta_dose_pct":0,"distance_mi":0.352,"status_now":"walk","status_rec":"bus_eligible","reason":"Coolest route mean 38.1C exceeds threshold (110 C-min dose, actual 112).","safe_until_hour":"14:00"}},{"type":"Feature","geometry":{"type":"Polygon","coordinates":[[[-81.45623399984066,28.541523999994848],[-81.45622799999286,28.54119999985983],[-81.45622700016797,28.541138999613313],[-81.4562239997949,28.53998500014554],[-81.45622299997001,28.539601000316573],[-81.4556730001491,28.539603000043893],[-81.45517799968147,28.539598999800017],[-81.45517500020672,28.541523000149418],[-81.45538600009392,28.541523000149418],[-81.45602200012856,28.541523000149418],[-81.45623399984066,28.541523999994848]]]},"properties":{"block_id":"120950147011009","school_id":"sch_orlo_vista_elementary","kids_est":1,"class":"green","shortest":{"len_m":423.7,"mean_c":38.3,"peak_c":38.3,"dose":31.1},"coolest":{"len_m":423.7,"mean_c":38.3,"peak_c":38.3,"dose":31.1},"delta_mean_c":0.0,"delta_dose_pct":0,"distance_mi":0.194,"status_now":"walk","status_rec":"walk","reason":"Shortest route already under threshold (dose 31).","safe_until_hour":null}},{"type":"Feature","geometry":{"type":"Polygon","coordinates":[[[-81.46308000043382,28.538080000171224],[-81.4630870001065,28.537920999700866],[-81.46237699955373,28.53793000019549],[-81.4623759997288,28.53841399997086],[-81.46238300029981,28.539465999692737],[-81.46238400012471,28.53956000037338],[-81.46241500008686,28.539545000043688],[-81.46259500001192,28.53920300015517],[-81.46302900038019,28.538261000052337],[-81.46306000034232,28.538175000387408],[-81.46308000043382,28.538080000171224]]]},"properties":{"block_id":"120950147012023","school_id":"sch_orlo_vista_elementary","kids_est":0,"class":"green","shortest":{"len_m":893.3,"mean_c":38.33,"peak_c":38.4,"dose":66.2},"coolest":{"len_m":893.3,"mean_c":38.33,"peak_c":38.4,"dose":66.2},"delta_mean_c":0.0,"delta_dose_pct":0,"distance_mi":0.316,"status_now":"walk","status_rec":"walk","reason":"Shortest route already under threshold (dose 66).","safe_until_hour":null}},{"type":"Feature","geometry":{"type":"Polygon","coordinates":[[[-81.46770000000743,28.549321999881386],[-81.46768900013677,28.549190999759638],[-81.46763999973297,28.54920000008045],[-81.46683399981902,28.54935299989236],[-81.4655020003736,28.54959699978744],[-81.4650510002869,28.549681000060332],[-81.46454199957556,28.549749999811656],[-81.46454300029879,28.549858999646915],[-81.46454300029879,28.549998000214252],[-81.46472999989653,28.54996100022305],[-81.4651709999375,28.549874999852122],[-81.46529300013624,28.549853000259745],[-81.46548099955889,28.54981900030686],[-81.46572900015434,28.549777999606356],[-81.465924000148,28.549742999861856],[-81.46625399986088,28.549684999921396],[-81.46725499976851,28.549511999677947],[-81.46763999973297,28.549448000200094],[-81.4676840001139,28.549435000030147],[-81.46768699958864,28.549410000245093],[-81.46770000000743,28.549321999881386]]]},"properties":{"block_id":"120950147013009","school_id":"sch_orlo_vista_elementary","kids_est":0,"class":"red","shortest":{"len_m":1607.4,"mean_c":38.33,"peak_c":38.4,"dose":119.1},"coolest":{"len_m":1607.4,"mean_c":38.33,"peak_c":38.4,"dose":119.1},"delta_mean_c":0.0,"delta_dose_pct":0,"distance_mi":0.715,"status_now":"walk","status_rec":"bus_eligible","reason":"Coolest route mean 38.3C exceeds threshold (110 C-min dose, actual 119).","safe_until_hour":"14:00"}},{"type":"Feature","geometry":{"type":"Polygon","coordinates":[[[-81.46454300029879,28.549998000214252],[-81.46454300029879,28.549858999646915],[-81.46454199957556,28.549749999811656],[-81.46399000010483,28.54982499969595],[-81.46352599959933,28.549904000168564],[-81.46283600003633,28.5500220000949],[-81.46223900035977,28.55009800033861],[-81.46219599980375,28.55009699978547],[-81.4617690000065,28.55011099963763],[-81.46142099985192,28.550133999728825],[-81.46123900027706,28.55012200019646],[-81.4608839995515,28.550099999866664],[-81.46025099988992,28.549964000308123],[-81.45978300008477,28.549864000056502],[-81.45919499973071,28.549657999870195],[-81.45882599965977,28.54952400006891],[-81.45801300007314,28.5492030001872],[-81.45723899994624,28.54892100003687],[-81.45720999963392,28.549005000059886],[-81.45718600024279,28.549071999917484],[-81.45728999999986,28.549109000220966],[-81.45752099997854,28.54919600020103],[-81.45877899980412,28.549674000105938],[-81.45890199982776,28.54972100024191],[-81.45919599955563,28.549840000139852],[-81.45956899982453,28.549965999838705],[-81.45986299955241,28.550059999829053],[-81.46023800036943,28.550153999735507],[-81.46073600031181,28.550239000115845],[-81.46076999974869,28.5502450002701],[-81.46087199985594,28.55025999986507],[-81.46100400010042,28.550278000323114],[-81.46122199966031,28.550303999664195],[-81.46128299975967,28.550306999739497],[-81.46142099985192,28.55031800027791],[-81.46152299995919,28.550326999713317],[-81.4616159998456,28.550329999787934],[-81.4616640004245,28.550332000100678],[-81.46177800022731,28.550331000338858],[-81.46206000025963,28.550329999787934],[-81.46220400019966,28.550323999638525],[-81.46227299979664,28.550322000114722],[-81.46234300011683,28.55031599996491],[-81.46241199971382,28.550309999814697],[-81.46258699961601,28.550292999913406],[-81.46263199982184,28.550285999999684],[-81.46314400000792,28.55021099965468],[-81.46328700012305,28.550183999738337],[-81.46350499968294,28.550145000285326],[-81.46371200027048,28.550115000271393],[-81.46433499988633,28.55002699970772],[-81.46454300029879,28.549998000214252]]]},"properties":{"block_id":"120950147013010","school_id":"sch_orlo_vista_elementary","kids_est":0,"class":"red","shortest":{"len_m":1978.1,"mean_c":38.32,"peak_c":38.4,"dose":146.6},"coolest":{"len_m":1978.1,"mean_c":38.32,"peak_c":38.4,"dose":146.6},"delta_mean_c":0.0,"delta_dose_pct":0,"distance_mi":0.622,"status_now":"walk","status_rec":"bus_eligible","reason":"Coolest route mean 38.3C exceeds threshold (110 C-min dose, actual 147).","safe_until_hour":"12:00"}},{"type":"Feature","geometry":{"type":"Polygon","coordinates":[[[-81.45701299999043,28.548939999709727],[-81.45704200030275,28.548848999625644],[-81.45668999995023,28.548720999825093],[-81.45572699967745,28.548496000020624],[-81.45487599955767,28.548341999971985],[-81.45374800032677,28.548219000042987],[-81.45327499960042,28.548178000297764],[-81.4526109999767,28.548169999671952],[-81.4515480001448,28.548180999644515],[-81.44994899983739,28.548203000375278],[-81.44946799961343,28.5482040001573],[-81.4475069998061,28.5482110002094],[-81.44751000017915,28.548377999962536],[-81.44946799961343,28.548377999962536],[-81.45001999998249,28.54837599961269],[-81.45167799984114,28.548369000360605],[-81.4528439996052,28.548359999968774],[-81.45363399962562,28.54837000014105],[-81.45376400022027,28.54838199987304],[-81.45431300021627,28.548423000327944],[-81.45453699962394,28.548455000383196],[-81.45500299977927,28.5485230003697],[-81.4557230003778,28.548664999666176],[-81.4563829998036,28.548823999701483],[-81.45699299989894,28.5489999996095],[-81.45701299999043,28.548939999709727]]]},"properties":{"block_id":"120950147011004","school_id":"sch_orlo_vista_elementary","kids_est":0,"class":"red","shortest":{"len_m":1919.2,"mean_c":38.06,"peak_c":38.3,"dose":135.1},"coolest":{"len_m":1919.2,"mean_c":38.06,"peak_c":38.3,"dose":135.1},"delta_mean_c":0.0,"delta_dose_pct":0,"distance_mi":0.656,"status_now":"walk","status_rec":"bus_eligible","reason":"Coolest route mean 38.1C exceeds threshold (110 C-min dose, actual 135).","safe_until_hour":"14:00"}},{"type":"Feature","geometry":{"type":"Polygon","coordinates":[[[-81.45674400037691,28.531091999863083],[-81.4567369998059,28.530465999642903],[-81.45672099991239,28.53042699999284],[-81.45652400026887,28.53025199978648],[-81.45637600013087,28.53012600018406],[-81.45628700044242,28.530053000389362],[-81.45622600034305,28.53000300029539],[-81.45621100027445,28.529992000003205],[-81.45619100018295,28.529981999664766],[-81.45616900044165,28.529975999934877],[-81.4561450001522,28.529975999934877],[-81.4560179999306,28.529975999934877],[-81.45537299967513,28.529980999709814],[-81.45538199989596,28.530685000384878],[-81.45557799971455,28.530698999660046],[-81.45560899967667,28.53071199977456],[-81.45604200022004,28.53108900002978],[-81.4560670003344,28.53109700037432],[-81.45674400037691,28.531091999863083]]]},"properties":{"block_id":"120950146013011","school_id":"sch_orlo_vista_elementary","kids_est":17,"class":"red","shortest":{"len_m":1714.8,"mean_c":38.33,"peak_c":38.4,"dose":127.1},"coolest":{"len_m":1714.8,"mean_c":38.33,"peak_c":38.4,"dose":127.1},"delta_mean_c":0.0,"delta_dose_pct":0,"distance_mi":0.772,"status_now":"walk","status_rec":"bus_eligible","reason":"Coolest route mean 38.3C exceeds threshold (110 C-min dose, actual 127).","safe_until_hour":"14:00"}},{"type":"Feature","geometry":{"type":"Polygon","coordinates":[[[-81.46455900019231,28.552045000327546],[-81.46455800036739,28.551862000176243],[-81.46454900014658,28.55088099968655],[-81.46454599977352,28.55055399985964],[-81.4645449999486,28.550415000026263],[-81.46454300029879,28.549998000214252],[-81.46433499988633,28.55002699970772],[-81.46371200027048,28.550115000271393],[-81.46350499968294,28.550145000285326],[-81.46328700012305,28.550183999738337],[-81.46314400000792,28.55021099965468],[-81.46263199982184,28.550285999999684],[-81.46258699961601,28.550292999913406],[-81.46241199971382,28.550309999814697],[-81.46234300011683,28.55031599996491],[-81.46227299979664,28.550322000114722],[-81.46220400019966,28.550323999638525],[-81.46206000025963,28.550329999787934],[-81.46177800022731,28.550331000338858],[-81.4616640004245,28.550332000100678],[-81.4616159998456,28.550329999787934],[-81.46152299995919,28.550326999713317],[-81.46142099985192,28.55031800027791],[-81.46128299975967,28.550306999739497],[-81.46122199966031,28.550303999664195],[-81.46100400010042,28.550278000323114],[-81.46087199985594,28.55025999986507],[-81.46076999974869,28.5502450002701],[-81.46073600031181,28.550239000115845],[-81.46023800036943,28.550153999735507],[-81.45986299955241,28.550059999829053],[-81.45956899982453,28.549965999838705],[-81.45919599955563,28.549840000139852],[-81.45890199982776,28.54972100024191],[-81.45877899980412,28.549674000105938],[-81.45752099997854,28.54919600020103],[-81.45728999999986,28.549109000220966],[-81.45718600024279,28.549071999917484],[-81.45705800019627,28.54943599980048],[-81.45697700000541,28.549725999869015],[-81.45678399966157,28.55042800007518],[-81.45663300004883,28.551362999631067],[-81.45663499969865,28.55188400013797],[-81.4566370002468,28.552077999816472],[-81.45654500018527,28.552231000181262],[-81.45663899989663,28.5522299996484],[-81.45694199984531,28.552216000077976],[-81.45720899980901,28.552203999993782],[-81.45838200014407,28.552178000332805],[-81.45854799982543,28.55217600005507],[-81.45853500030495,28.55152900015868],[-81.45853399958172,28.550957999855274],[-81.45852699990904,28.55063599985133],[-81.45853799977968,28.55054200037515],[-81.45896600030018,28.55054399989478],[-81.45896899977491,28.551517999746817],[-81.45897499962268,28.551558999769842],[-81.4589899996913,28.551602000065472],[-81.45905199961557,28.551731000058055],[-81.45906400020947,28.55177800006501],[-81.45908699977569,28.5521700000109],[-81.45941099964078,28.552166000244288],[-81.46000999986549,28.552160000199493],[-81.46021300025508,28.55215199987628],[-81.46046699979998,28.552142000063153],[-81.46102900021477,28.552121999645035],[-81.46117800017768,28.55211899962145],[-81.46250399977531,28.552099999733077],[-81.46278199960967,28.55209599996375],[-81.46319099986358,28.552080999841216],[-81.4635370003683,28.552067999996375],[-81.46401199984614,28.552052000124387],[-81.46455900019231,28.552045000327546]]]},"properties":{"block_id":"120950147013006","school_id":"sch_orlo_vista_elementary","kids_est":3,"class":"red","shortest":{"len_m":1673.8,"mean_c":38.32,"peak_c":38.4,"dose":123.9},"coolest":{"len_m":1673.8,"mean_c":38.32,"peak_c":38.4,"dose":123.9},"delta_mean_c":0.0,"delta_dose_pct":0,"distance_mi":0.66,"status_now":"walk","status_rec":"bus_eligible","reason":"Coolest route mean 38.3C exceeds threshold (110 C-min dose, actual 124).","safe_until_hour":"14:00"}},{"type":"Feature","geometry":{"type":"Polygon","coordinates":[[[-81.45332999985202,28.543083000016725],[-81.45333499987488,28.542867000077546],[-81.45331899998136,28.54272099994088],[-81.45328399982127,28.542575000391015],[-81.45323199994272,28.542432000149248],[-81.45316499999556,28.542295000320532],[-81.45314099970612,28.54225799999059],[-81.45306700008628,28.54214400019344],[-81.45302000023062,28.542080000184],[-81.4528229996888,28.542204000019026],[-81.45276699961231,28.54222499979207],[-81.45274900006896,28.54223300008026],[-81.45267000042624,28.542251000331987],[-81.4522939997843,28.542271000257337],[-81.45207899969914,28.542295000320532],[-81.45189700012426,28.54232900033498],[-81.45181400028359,28.54234599994353],[-81.45161300044214,28.542398000168056],[-81.45142299957303,28.542460000311223],[-81.45138599976309,28.542472999763824],[-81.45119900016535,28.54254999976675],[-81.45104600000447,28.54262199974934],[-81.45088199997295,28.54271199985562],[-81.45084900036098,28.54273099985941],[-81.45071299991854,28.54281699975086],[-81.4508290002695,28.542943999792467],[-81.45117900007386,28.54332800006184],[-81.45129600024973,28.543456000103653],[-81.45146600012903,28.543357999641717],[-81.45164600005408,28.543273000020836],[-81.45167000034354,28.543263999982685],[-81.45183400037507,28.54320300014222],[-81.4520340003916,28.543143999926613],[-81.45217300030878,28.543115000116185],[-81.45238500002088,28.54308799995891],[-81.45252800013603,28.543082000186093],[-81.45290800007763,28.543082000186093],[-81.45332999985202,28.543083000016725]]]},"properties":{"block_id":"120950147011010","school_id":"sch_orlo_vista_elementary","kids_est":0,"class":"green","shortest":{"len_m":1398.3,"mean_c":38.11,"peak_c":38.3,"dose":99.1},"coolest":{"len_m":1398.3,"mean_c":38.11,"peak_c":38.3,"dose":99.1},"delta_mean_c":0.0,"delta_dose_pct":0,"distance_mi":0.41,"status_now":"walk","status_rec":"walk","reason":"Shortest route already under threshold (dose 99).","safe_until_hour":null}},{"type":"Feature","geometry":{"type":"Polygon","coordinates":[[[-81.44947900038241,28.546991000329992],[-81.44947799965921,28.54676900016198],[-81.44947799965921,28.54610300000667],[-81.44947799965921,28.545882000138295],[-81.44947799965921,28.545738999651388],[-81.44947799965921,28.54531099999186],[-81.44947799965921,28.54516900011881],[-81.4492960000843,28.545168000307974],[-81.44878200024841,28.545168000307974],[-81.44875100028628,28.545168000307974],[-81.448569999638,28.545172000340383],[-81.44857200018613,28.545533000076603],[-81.44857800003393,28.546618000135748],[-81.44858100040696,28.546980000233145],[-81.4487599996088,28.546982999614066],[-81.44919300015216,28.546991000329992],[-81.44929899955905,28.546991000329992],[-81.44947900038241,28.546991000329992]]]},"properties":{"block_id":"120950147011007","school_id":"sch_orlo_vista_elementary","kids_est":1,"class":"red","shortest":{"len_m":1715.0,"mean_c":38.07,"peak_c":38.3,"dose":120.4},"coolest":{"len_m":1715.3,"mean_c":38.05,"peak_c":38.3,"dose":120.2},"delta_mean_c":-0.02,"delta_dose_pct":0,"distance_mi":0.667,"status_now":"walk","status_rec":"bus_eligible","reason":"Coolest route mean 38.0C exceeds threshold (110 C-min dose, actual 120).","safe_until_hour":"14:00"}},{"type":"Feature","geometry":{"type":"Polygon","coordinates":[[[-81.44947199981142,28.543360999914874],[-81.4494709999865,28.542857000171985],[-81.44946900033668,28.541348000220466],[-81.44946900033668,28.541058999818652],[-81.44945300044316,28.541005999871913],[-81.44937700027516,28.54086700006362],[-81.44900800020423,28.541000999830917],[-81.44813799981786,28.54131800006823],[-81.44792399955762,28.541400999995137],[-81.44790600001427,28.54140900034596],[-81.44771699986839,28.541496000373236],[-81.44755500038498,28.541583000328657],[-81.44741800011765,28.541662999725393],[-81.44723499981954,28.54178700005123],[-81.44714600013107,28.541853999765664],[-81.44703999982586,28.54194899973519],[-81.44692299964998,28.54205600007181],[-81.44708900022967,28.542173000271234],[-81.44716700004747,28.542248000027215],[-81.44728300039843,28.542360999874333],[-81.44734000029983,28.542428000012787],[-81.44739200017838,28.542499000242536],[-81.44743800020913,28.542572000095465],[-81.4474780003921,28.542648000191257],[-81.44751199982898,28.54272599990029],[-81.44756100023277,28.54288799971842],[-81.44758399979898,28.543055000020342],[-81.44758399979898,28.543369999944744],[-81.44777799996776,28.543366999671843],[-81.44836100029893,28.543356999813692],[-81.44855600029261,28.543355000157618],[-81.4487389996924,28.54335400032957],[-81.44876299998184,28.54335400032957],[-81.44928799968838,28.543359000258878],[-81.44947199981142,28.543360999914874]]]},"properties":{"block_id":"120950147011025","school_id":"sch_orlo_vista_elementary","kids_est":1,"class":"red","shortest":{"len_m":1571.3,"mean_c":38.08,"peak_c":38.3,"dose":110.6},"coolest":{"len_m":1571.3,"mean_c":38.08,"peak_c":38.3,"dose":110.6},"delta_mean_c":0.0,"delta_dose_pct":0,"distance_mi":0.624,"status_now":"walk","status_rec":"bus_eligible","reason":"Coolest route mean 38.1C exceeds threshold (110 C-min dose, actual 111).","safe_until_hour":"14:00"}},{"type":"Feature","geometry":{"type":"Polygon","coordinates":[[[-81.45062800042805,28.542872000030023],[-81.45071299991854,28.54281699975086],[-81.45056499978054,28.542654999823487],[-81.45052700014571,28.542600000220176],[-81.45048500031291,28.54251199969038],[-81.45046100002345,28.542418000065492],[-81.45045400035077,28.54227299993398],[-81.45046199984839,28.540983000154753],[-81.45046400039651,28.540780000306043],[-81.4504429995818,28.54066700034127],[-81.45038700040361,28.54051600024807],[-81.45018300018913,28.540582000127277],[-81.45007400040917,28.54061900025668],[-81.44957800011662,28.54079499967068],[-81.44937700027516,28.54086700006362],[-81.44945300044316,28.541005999871913],[-81.44946900033668,28.541058999818652],[-81.44946900033668,28.541348000220466],[-81.4494709999865,28.542857000171985],[-81.44947199981142,28.543360999914874],[-81.44963800039108,28.543361999742864],[-81.44974600034611,28.543355999985668],[-81.44985199975301,28.543337000094546],[-81.44995600040839,28.543308000337248],[-81.45005400031768,28.543267000258513],[-81.45014499965598,28.543214999673822],[-81.45048299976477,28.54297400027084],[-81.45062800042805,28.542872000030023]]]},"properties":{"block_id":"120950147011012","school_id":"sch_orlo_vista_elementary","kids_est":0,"class":"green","shortest":{"len_m":1300.1,"mean_c":38.12,"peak_c":38.3,"dose":92.4},"coolest":{"len_m":1300.1,"mean_c":38.12,"peak_c":38.3,"dose":92.4},"delta_mean_c":0.0,"delta_dose_pct":0,"distance_mi":0.532,"status_now":"walk","status_rec":"walk","reason":"Shortest route already under threshold (dose 92).","safe_until_hour":null}},{"type":"Feature","geometry":{"type":"Polygon","coordinates":[[[-81.45930000021102,28.53829300003819],[-81.45930000021102,28.53797099998384],[-81.45907000005724,28.53797399962123],[-81.45866500000129,28.537981000353255],[-81.45857700013775,28.537986999627453],[-81.45838299996899,28.53801099987745],[-81.45831600002184,28.5380200003644],[-81.45825999994534,28.53802999993998],[-81.45825200044774,28.53867699989969],[-81.45825499992246,28.53958699985652],[-81.45840300006047,28.53958699985652],[-81.45907500008012,28.539582999612033],[-81.45930000021102,28.539582999612033],[-81.45930000021102,28.539259999687587],[-81.45930000021102,28.53829300003819]]]},"properties":{"block_id":"120950147012016","school_id":"sch_orlo_vista_elementary","kids_est":0,"class":"green","shortest":{"len_m":592.9,"mean_c":38.3,"peak_c":38.3,"dose":43.7},"coolest":{"len_m":592.9,"mean_c":38.3,"peak_c":38.3,"dose":43.7},"delta_mean_c":0.0,"delta_dose_pct":0,"distance_mi":0.187,"status_now":"walk","status_rec":"walk","reason":"Shortest route already under threshold (dose 44).","safe_until_hour":null}},{"type":"Feature","geometry":{"type":"Polygon","coordinates":[[[-81.45933899967076,28.54155199960903],[-81.45934299986872,28.54135499993913],[-81.45933600019603,28.540979999813874],[-81.45933600019603,28.540966000326243],[-81.45932600015028,28.54078999961967],[-81.45931199990659,28.540548000338152],[-81.45930600005879,28.540421999631267],[-81.45930100003594,28.53982399967043],[-81.45930000021102,28.539582999612033],[-81.45907500008012,28.539582999612033],[-81.45840300006047,28.53958699985652],[-81.45825499992246,28.53958699985652],[-81.45825900012042,28.54057600021169],[-81.45826599979311,28.54283400006976],[-81.45829699975525,28.54316100019279],[-81.4584259996267,28.54316100019279],[-81.45909199979855,28.543157000083962],[-81.4593139995564,28.543157000083962],[-81.4593139995564,28.542873999695274],[-81.45931699992944,28.542194999889542],[-81.45932399960215,28.542025000280457],[-81.45933600019603,28.54174299985049],[-81.45933899967076,28.54155199960903]]]},"properties":{"block_id":"120950147012014","school_id":"sch_orlo_vista_elementary","kids_est":0,"class":"green","shortest":{"len_m":39.5,"mean_c":38.3,"peak_c":38.3,"dose":2.9},"coolest":{"len_m":39.5,"mean_c":38.3,"peak_c":38.3,"dose":2.9},"delta_mean_c":0.0,"delta_dose_pct":0,"distance_mi":0.011,"status_now":"walk","status_rec":"walk","reason":"Shortest route already under threshold (dose 3).","safe_until_hour":null}},{"type":"Feature","geometry":{"type":"Polygon","coordinates":[[[-81.4593210001274,28.545026000242135],[-81.4593139995564,28.543157000083962],[-81.45909199979855,28.543157000083962],[-81.4584259996267,28.54316100019279],[-81.45829699975525,28.54316100019279],[-81.45837399974816,28.54396300039308],[-81.45843800022057,28.54489100025768],[-81.45841999977893,28.54504099979132],[-81.4593210001274,28.545026000242135]]]},"properties":{"block_id":"120950147012001","school_id":"sch_orlo_vista_elementary","kids_est":0,"class":"green","shortest":{"len_m":392.9,"mean_c":38.3,"peak_c":38.3,"dose":29.1},"coolest":{"len_m":392.9,"mean_c":38.3,"peak_c":38.3,"dose":29.1},"delta_mean_c":0.0,"delta_dose_pct":0,"distance_mi":0.176,"status_now":"walk","status_rec":"walk","reason":"Shortest route already under threshold (dose 29).","safe_until_hour":null}},{"type":"Feature","geometry":{"type":"Polygon","coordinates":[[[-81.4634179996443,28.534032999804612],[-81.4634100001467,28.533147999724942],[-81.4634100001467,28.533119000319807],[-81.46333200032889,28.533120000244995],[-81.463291000321,28.533121000170166],[-81.46290999965619,28.53312799964619],[-81.46289200011283,28.53312799964619],[-81.4616290002644,28.533138999611044],[-81.46120900013982,28.5331440000252],[-81.46122599985826,28.53360499993794],[-81.46123000005622,28.533706999680412],[-81.46124299957671,28.534058999998653],[-81.46124599994975,28.53414200011983],[-81.46250299995042,28.534077000068528],[-81.4634179996443,28.534032999804612]]]},"properties":{"block_id":"120950147022008","school_id":"sch_orlo_vista_elementary","kids_est":3,"class":"green","shortest":{"len_m":1395.2,"mean_c":38.35,"peak_c":38.4,"dose":103.6},"coolest":{"len_m":1395.2,"mean_c":38.35,"peak_c":38.4,"dose":103.6},"delta_mean_c":0.0,"delta_dose_pct":0,"distance_mi":0.585,"status_now":"walk","status_rec":"walk","reason":"Shortest route already under threshold (dose 104).","safe_until_hour":null}},{"type":"Feature","geometry":{"type":"Polygon","coordinates":[[[-81.4613549997297,28.539569999802804],[-81.46135599955461,28.538816000229996],[-81.46135100043006,28.53794200032767],[-81.46077399994665,28.537949000272636],[-81.46031600018725,28.537955000337785],[-81.46031700001217,28.538278000317284],[-81.46032100021013,28.539250000228737],[-81.46032299985994,28.539574000047786],[-81.46126500021633,28.53957099966677],[-81.4613549997297,28.539569999802804]]]},"properties":{"block_id":"120950147012021","school_id":"sch_orlo_vista_elementary","kids_est":1,"class":"green","shortest":{"len_m":818.9,"mean_c":38.32,"peak_c":38.4,"dose":60.6},"coolest":{"len_m":818.9,"mean_c":38.32,"peak_c":38.4,"dose":60.6},"delta_mean_c":0.0,"delta_dose_pct":0,"distance_mi":0.229,"status_now":"walk","status_rec":"walk","reason":"Shortest route already under threshold (dose 61).","safe_until_hour":null}},{"type":"Feature","geometry":{"type":"Polygon","coordinates":[[[-81.45622299997001,28.539601000316573],[-81.45622100032018,28.538962000254543],[-81.45620399970343,28.538891999878835],[-81.45613699975628,28.53876299994397],[-81.45522100023746,28.53908800034014],[-81.45514199969645,28.539115999812598],[-81.4551659999859,28.53924300037022],[-81.45517400038182,28.539328000086265],[-81.45517799968147,28.539598999800017],[-81.4556730001491,28.539603000043893],[-81.45622299997001,28.539601000316573]]]},"properties":{"block_id":"120950147011021","school_id":"sch_orlo_vista_elementary","kids_est":0,"class":"green","shortest":{"len_m":659.2,"mean_c":38.26,"peak_c":38.3,"dose":48.1},"coolest":{"len_m":659.2,"mean_c":38.26,"peak_c":38.3,"dose":48.1},"delta_mean_c":0.0,"delta_dose_pct":0,"distance_mi":0.238,"status_now":"walk","status_rec":"walk","reason":"Shortest route already under threshold (dose 48).","safe_until_hour":null}},{"type":"Feature","geometry":{"type":"Polygon","coordinates":[[[-81.45906500003437,28.532358000041313],[-81.45910699986717,28.532062999834608],[-81.4582010003941,28.532073999910626],[-81.45760399981923,28.532103000392556],[-81.4574110003737,28.53209100038462],[-81.45692799960162,28.53201599971201],[-81.45675400042265,28.532002999758404],[-81.45674900039978,28.53228800001343],[-81.4567369998059,28.532373999748003],[-81.45671699971442,28.532437000197245],[-81.45652599991871,28.532826999659708],[-81.45651300039825,28.532865000072476],[-81.45649800032962,28.532915000387067],[-81.4564899999337,28.53298400007193],[-81.45649199958353,28.533198999829697],[-81.45649300030674,28.533307000295018],[-81.4564959997815,28.533633000078236],[-81.45649800032962,28.533742000018073],[-81.45685599963159,28.533742999937342],[-81.45793299970718,28.533745999695107],[-81.4582919997324,28.53374800032278],[-81.45832699989249,28.53374800032278],[-81.45843499984753,28.53374800032278],[-81.45847099983253,28.53374800032278],[-81.45848699972608,28.5337059997608],[-81.45852699990904,28.53360499993794],[-81.45855000037358,28.53360499993794],[-81.4585949996811,28.53360499993794],[-81.45864200043506,28.53360499993794],[-81.45871199985697,28.53360499993794],[-81.45892799976704,28.532976999797114],[-81.45899999973705,28.532592999681924],[-81.45906500003437,28.532358000041313]]]},"properties":{"block_id":"120950146013009","school_id":"sch_orlo_vista_elementary","kids_est":0,"class":"green","shortest":{"len_m":1103.2,"mean_c":38.3,"peak_c":38.3,"dose":81.4},"coolest":{"len_m":1103.2,"mean_c":38.3,"peak_c":38.3,"dose":81.4},"delta_mean_c":0.0,"delta_dose_pct":0,"distance_mi":0.595,"status_now":"walk","status_rec":"walk","reason":"Shortest route already under threshold (dose 81).","safe_until_hour":null}},{"type":"Feature","geometry":{"type":"Polygon","coordinates":[[[-81.4520829998971,28.53623399985937],[-81.45207899969914,28.536016000287475],[-81.45207100020154,28.53591099992721],[-81.45105199985225,28.535903999846905],[-81.45106000024819,28.53624299970891],[-81.45106000024819,28.536262999985638],[-81.45106000024819,28.53690000006576],[-81.45106600009596,28.53732999973523],[-81.45106500027104,28.537343999706028],[-81.45106000024819,28.537704000344313],[-81.45125000021898,28.537700000028327],[-81.45135200032624,28.537698000264875],[-81.45177099972757,28.537704000344313],[-81.45182199978119,28.537698000264875],[-81.45187399965974,28.537693000066824],[-81.45194499980484,28.537668999744383],[-81.45199500003356,28.537630000392504],[-81.45203600004143,28.53757299997822],[-81.45205799978275,28.537513999766162],[-81.45206700000358,28.537434000375494],[-81.45207899969914,28.536815999859343],[-81.4520829998971,28.53623399985937]]]},"properties":{"block_id":"120950146013019","school_id":"sch_orlo_vista_elementary","kids_est":0,"class":"green","shortest":{"len_m":1439.8,"mean_c":38.13,"peak_c":38.3,"dose":102.4},"coolest":{"len_m":1439.8,"mean_c":38.13,"peak_c":38.3,"dose":102.4},"delta_mean_c":0.0,"delta_dose_pct":0,"distance_mi":0.542,"status_now":"walk","status_rec":"walk","reason":"Shortest route already under threshold (dose 102).","safe_until_hour":null}},{"type":"Feature","geometry":{"type":"Polygon","coordinates":[[[-81.45302899955313,28.53501200034677],[-81.45302600007841,28.534621000378735],[-81.45302400042858,28.534449999684405],[-81.45302299970534,28.534278000376784],[-81.45302199988045,28.534204000386413],[-81.45302199988045,28.534093000303443],[-81.4519570003987,28.534100999630777],[-81.45201400030012,28.535013000254004],[-81.45302899955313,28.53501200034677]]]},"properties":{"block_id":"120950146013021","school_id":"sch_orlo_vista_elementary","kids_est":0,"class":"red","shortest":{"len_m":1867.0,"mean_c":38.1,"peak_c":38.3,"dose":132.0},"coolest":{"len_m":1867.0,"mean_c":38.1,"peak_c":38.3,"dose":132.0},"delta_mean_c":0.0,"delta_dose_pct":0,"distance_mi":0.609,"status_now":"walk","status_rec":"bus_eligible","reason":"Coolest route mean 38.1C exceeds threshold (110 C-min dose, actual 132).","safe_until_hour":"14:00"}},{"type":"Feature","geometry":{"type":"Polygon","coordinates":[[[-81.45303699994903,28.535907000332347],[-81.45303600012414,28.53579599967571],[-81.45303199992618,28.53526400034441],[-81.45303000027636,28.535097000319375],[-81.45302899955313,28.53501200034677],[-81.45201400030012,28.535013000254004],[-81.45206299980562,28.535786999787998],[-81.45207100020154,28.53591099992721],[-81.45229999963207,28.535910000028515],[-81.45252899996093,28.535909000129806],[-81.45278300040414,28.535908000231082],[-81.45303699994903,28.535907000332347]]]},"properties":{"block_id":"120950146013017","school_id":"sch_orlo_vista_elementary","kids_est":0,"class":"red","shortest":{"len_m":1867.0,"mean_c":38.1,"peak_c":38.3,"dose":132.0},"coolest":{"len_m":1867.0,"mean_c":38.1,"peak_c":38.3,"dose":132.0},"delta_mean_c":0.0,"delta_dose_pct":0,"distance_mi":0.56,"status_now":"walk","status_rec":"bus_eligible","reason":"Coolest route mean 38.1C exceeds threshold (110 C-min dose, actual 132).","safe_until_hour":"14:00"}},{"type":"Feature","geometry":{"type":"Polygon","coordinates":[[[-81.4676289998623,28.546356000104346],[-81.46762800003741,28.546211999670966],[-81.46762700021249,28.54577899975195],[-81.46762700021249,28.545635999914392],[-81.46696299969045,28.54565000035956],[-81.46497299957078,28.545692999911513],[-81.46430999977197,28.54570800015482],[-81.46430999977197,28.545850999894682],[-81.4643120003201,28.546282999717455],[-81.46431300014503,28.54642700005371],[-81.46497599994383,28.54641199991279],[-81.46623200011958,28.546384000012296],[-81.46661500043423,28.546379000226583],[-81.4669650002386,28.54637100025324],[-81.4676289998623,28.546356000104346]]]},"properties":{"block_id":"120950147013019","school_id":"sch_orlo_vista_elementary","kids_est":6,"class":"green","shortest":{"len_m":1126.0,"mean_c":38.35,"peak_c":38.4,"dose":83.7},"coolest":{"len_m":1126.0,"mean_c":38.35,"peak_c":38.4,"dose":83.7},"delta_mean_c":0.0,"delta_dose_pct":0,"distance_mi":0.539,"status_now":"walk","status_rec":"walk","reason":"Shortest route already under threshold (dose 84).","safe_until_hour":null}},{"type":"Feature","geometry":{"type":"Polygon","coordinates":[[[-81.46762700021249,28.545635999914392],[-81.46762600038758,28.54549299988262],[-81.46762300001453,28.54506400020071],[-81.46762300001453,28.54492199999466],[-81.4669590003908,28.544929000264958],[-81.46572300030654,28.544943999827943],[-81.46496900027114,28.54495500013743],[-81.4647070003303,28.5449599999908],[-81.46430599957401,28.544961999616408],[-81.46430599957401,28.545111000026676],[-81.46430899994706,28.545557999992848],[-81.46430999977197,28.54570800015482],[-81.46497299957078,28.545692999911513],[-81.46696299969045,28.54565000035956],[-81.46762700021249,28.545635999914392]]]},"properties":{"block_id":"120950147013026","school_id":"sch_orlo_vista_elementary","kids_est":3,"class":"green","shortest":{"len_m":1044.0,"mean_c":38.34,"peak_c":38.4,"dose":77.6},"coolest":{"len_m":1044.0,"mean_c":38.34,"peak_c":38.4,"dose":77.6},"delta_mean_c":0.0,"delta_dose_pct":0,"distance_mi":0.511,"status_now":"walk","status_rec":"walk","reason":"Shortest route already under threshold (dose 78).","safe_until_hour":null}},{"type":"Feature","geometry":{"type":"Polygon","coordinates":[[[-81.46431300014503,28.54642700005371],[-81.4643120003201,28.546282999717455],[-81.46430999977197,28.545850999894682],[-81.46430999977197,28.54570800015482],[-81.46430899994706,28.545557999992848],[-81.46430599957401,28.545111000026676],[-81.46430599957401,28.544961999616408],[-81.46413700041794,28.544964000031108],[-81.46363399955436,28.544969999696768],[-81.46346600022319,28.54497299992401],[-81.46347299989588,28.54527499974207],[-81.46349499963719,28.546181000313673],[-81.46350300003311,28.546482999824462],[-81.46354599969082,28.54645099995909],[-81.46358199967582,28.546441000393795],[-81.46365500036907,28.54643900000708],[-81.46414800028859,28.54642899965152],[-81.46431300014503,28.54642700005371]]]},"properties":{"block_id":"120950147013020","school_id":"sch_orlo_vista_elementary","kids_est":2,"class":"green","shortest":{"len_m":1111.9,"mean_c":38.35,"peak_c":38.4,"dose":82.6},"coolest":{"len_m":1111.9,"mean_c":38.35,"peak_c":38.4,"dose":82.6},"delta_mean_c":0.0,"delta_dose_pct":0,"distance_mi":0.426,"status_now":"walk","status_rec":"walk","reason":"Shortest route already under threshold (dose 83).","safe_until_hour":null}},{"type":"Feature","geometry":{"type":"Polygon","coordinates":[[[-81.46762300001453,28.54492199999466],[-81.46762200018962,28.54482599973579],[-81.46761999964149,28.544538000012476],[-81.46761999964149,28.544443000010475],[-81.46761999964149,28.544398000311876],[-81.46761999964149,28.544264999950496],[-81.46761999964149,28.54422099999569],[-81.46723300002719,28.544225000064063],[-81.46607399993583,28.54424100033614],[-81.46568800014646,28.544246000223353],[-81.46543700007628,28.544247999862506],[-81.46468600041392,28.544257999636066],[-81.46443600016866,28.544261999703103],[-81.46424199999991,28.544264000131086],[-81.46366000039195,28.54427200026442],[-81.4634670000481,28.544274999722454],[-81.46346600022319,28.544413999768537],[-81.46346600022319,28.544833000012474],[-81.46346600022319,28.54497299992401],[-81.46363399955436,28.544969999696768],[-81.46413700041794,28.544964000031108],[-81.46430599957401,28.544961999616408],[-81.4647070003303,28.5449599999908],[-81.46496900027114,28.54495500013743],[-81.46572300030654,28.544943999827943],[-81.4669590003908,28.544929000264958],[-81.46762300001453,28.54492199999466]]]},"properties":{"block_id":"120950147012006","school_id":"sch_orlo_vista_elementary","kids_est":6,"class":"green","shortest":{"len_m":1044.0,"mean_c":38.34,"peak_c":38.4,"dose":77.6},"coolest":{"len_m":1044.0,"mean_c":38.34,"peak_c":38.4,"dose":77.6},"delta_mean_c":0.0,"delta_dose_pct":0,"distance_mi":0.466,"status_now":"walk","status_rec":"walk","reason":"Shortest route already under threshold (dose 78).","safe_until_hour":null}},{"type":"Feature","geometry":{"type":"Polygon","coordinates":[[[-81.46454199957556,28.549749999811656],[-81.46454099975064,28.54959999988293],[-81.46453499990287,28.548823999701483],[-81.46453300025304,28.548566000326943],[-81.46432499984057,28.54857000023031],[-81.46370200022474,28.548582999717937],[-81.46362900042982,28.54858500006385],[-81.46356999998025,28.548589999744895],[-81.46349600036041,28.548603999797393],[-81.4633609997429,28.548620999971348],[-81.46328299992508,28.548620999971348],[-81.46264100004268,28.54863000034081],[-81.46242799960733,28.54863299967475],[-81.46242400030769,28.54889900024521],[-81.46242400030769,28.548937000384594],[-81.46243500017835,28.54955100015447],[-81.46243199980529,28.54959600001865],[-81.46241199971382,28.54963799976932],[-81.46237800027693,28.5496719997807],[-81.4623330000711,28.54969400019992],[-81.46228299984239,28.549701999920853],[-81.46222299956793,28.549701999920853],[-81.4619189997943,28.549708000105653],[-81.46158599970839,28.549714000290162],[-81.46153399982983,28.549711999965687],[-81.46148500032436,28.549695999735707],[-81.46146400040796,28.54968199982832],[-81.46142900024786,28.549647999820234],[-81.46141699965396,28.549626999949016],[-81.4614040001335,28.54958299986696],[-81.46140499995842,28.54943199993],[-81.46140900015638,28.549009999720923],[-81.46140599978334,28.548841999615885],[-81.4614040001335,28.548645999943712],[-81.46119700044427,28.548648000288427],[-81.46057800012807,28.548655000311026],[-81.46037200026373,28.548657999644252],[-81.46036800006577,28.54828499983029],[-81.46035800002004,28.547164999772022],[-81.46035499964698,28.546792999989385],[-81.46035200017226,28.546435999821604],[-81.46034499960125,28.545365999757834],[-81.46034299995144,28.545010000089366],[-81.4593210001274,28.545026000242135],[-81.45841999977893,28.54504099979132],[-81.45839499966456,28.54525700000709],[-81.45823700037911,28.54610600020165],[-81.45769800042886,28.547630999610014],[-81.4574409996126,28.54835399970717],[-81.45723899994624,28.54892100003687],[-81.45801300007314,28.5492030001872],[-81.45882599965977,28.54952400006891],[-81.45919499973071,28.549657999870195],[-81.45978300008477,28.549864000056502],[-81.46025099988992,28.549964000308123],[-81.4608839995515,28.550099999866664],[-81.46123900027706,28.55012200019646],[-81.46142099985192,28.550133999728825],[-81.4617690000065,28.55011099963763],[-81.46219599980375,28.55009699978547],[-81.46223900035977,28.55009800033861],[-81.46283600003633,28.5500220000949],[-81.46352599959933,28.549904000168564],[-81.46399000010483,28.54982499969595],[-81.46454199957556,28.549749999811656]]]},"properties":{"block_id":"120950147013011","school_id":"sch_orlo_vista_elementary","kids_est":11,"class":"green","shortest":{"len_m":1236.1,"mean_c":38.3,"peak_c":38.4,"dose":91.4},"coolest":{"len_m":1236.1,"mean_c":38.3,"peak_c":38.4,"dose":91.4},"delta_mean_c":0.0,"delta_dose_pct":0,"distance_mi":0.456,"status_now":"walk","status_rec":"walk","reason":"Shortest route already under threshold (dose 91).","safe_until_hour":null}},{"type":"Feature","geometry":{"type":"Polygon","coordinates":[[[-81.46242799960733,28.54863299967475],[-81.46242500013261,28.54825999977224],[-81.46241599991177,28.547141000029335],[-81.46241300043704,28.54676900016198],[-81.46220900022254,28.54677099975324],[-81.46159699957902,28.5467800002808],[-81.46139400008775,28.54678299966742],[-81.46139599973758,28.547155000274447],[-81.46140199958536,28.548273000087246],[-81.4614040001335,28.548645999943712],[-81.461608000348,28.54864299982103],[-81.46222299956793,28.548635000019722],[-81.46242799960733,28.54863299967475]]]},"properties":{"block_id":"120950147013023","school_id":"sch_orlo_vista_elementary","kids_est":3,"class":"green","shortest":{"len_m":944.4,"mean_c":38.34,"peak_c":38.4,"dose":70.1},"coolest":{"len_m":944.4,"mean_c":38.31,"peak_c":38.4,"dose":69.9},"delta_mean_c":-0.03,"delta_dose_pct":0,"distance_mi":0.468,"status_now":"walk","status_rec":"walk","reason":"Shortest route already under threshold (dose 70).","safe_until_hour":null}},{"type":"Feature","geometry":{"type":"Polygon","coordinates":[[[-81.46240900023906,28.544984000230468],[-81.46240800041417,28.544615000084153],[-81.46240699969094,28.543904999636858],[-81.46240300039129,28.543511000049115],[-81.46240099984315,28.543143000096563],[-81.46219499997883,28.543143000096563],[-81.46157900003568,28.54314600037584],[-81.46137399999628,28.543147000205863],[-81.46137800019423,28.54351599997102],[-81.46137900001914,28.543550000380492],[-81.46138200039219,28.544625999638868],[-81.46138400004202,28.544997000160727],[-81.46158800025653,28.54499399993417],[-81.46220300037476,28.54498599985563],[-81.46240900023906,28.544984000230468]]]},"properties":{"block_id":"120950147012004","school_id":"sch_orlo_vista_elementary","kids_est":0,"class":"green","shortest":{"len_m":544.3,"mean_c":38.35,"peak_c":38.4,"dose":40.4},"coolest":{"len_m":544.3,"mean_c":38.35,"peak_c":38.4,"dose":40.4},"delta_mean_c":0.0,"delta_dose_pct":0,"distance_mi":0.261,"status_now":"walk","status_rec":"walk","reason":"Shortest route already under threshold (dose 40).","safe_until_hour":null}},{"type":"Feature","geometry":{"type":"Polygon","coordinates":[[[-81.46139400008775,28.54678299966742],[-81.46139300026285,28.54664500017723],[-81.46138999988979,28.546233000223207],[-81.46138999988979,28.546095999814394],[-81.46138800023996,28.54587599973545],[-81.46138499986694,28.545215999897923],[-81.46138400004202,28.544997000160727],[-81.46117499980464,28.54499899978562],[-81.46055100036389,28.54500699986318],[-81.46034299995144,28.545010000089366],[-81.46034499960125,28.545365999757834],[-81.46035200017226,28.546435999821604],[-81.46035499964698,28.546792999989385],[-81.46056200023455,28.546790999609417],[-81.4611859996753,28.54678400025204],[-81.46139400008775,28.54678299966742]]]},"properties":{"block_id":"120950147013024","school_id":"sch_orlo_vista_elementary","kids_est":3,"class":"green","shortest":{"len_m":649.7,"mean_c":38.31,"peak_c":38.4,"dose":48.1},"coolest":{"len_m":649.7,"mean_c":38.31,"peak_c":38.4,"dose":48.1},"delta_mean_c":0.0,"delta_dose_pct":0,"distance_mi":0.328,"status_now":"walk","status_rec":"walk","reason":"Shortest route already under threshold (dose 48).","safe_until_hour":null}},{"type":"Feature","geometry":{"type":"Polygon","coordinates":[[[-81.46346799987302,28.54312800027711],[-81.46346799987302,28.543073999962328],[-81.46346399967507,28.54197100018941],[-81.4634670000481,28.541339000017896],[-81.46246600014048,28.54135199960885],[-81.46239400017048,28.54135199960885],[-81.46240099984315,28.543143000096563],[-81.46261400027849,28.5431399998172],[-81.46325399961277,28.5431299999375],[-81.46346799987302,28.54312800027711]]]},"properties":{"block_id":"120950147012008","school_id":"sch_orlo_vista_elementary","kids_est":2,"class":"green","shortest":{"len_m":840.9,"mean_c":38.37,"peak_c":38.4,"dose":62.7},"coolest":{"len_m":840.9,"mean_c":38.37,"peak_c":38.4,"dose":62.7},"delta_mean_c":0.0,"delta_dose_pct":0,"distance_mi":0.261,"status_now":"walk","status_rec":"walk","reason":"Shortest route already under threshold (dose 63).","safe_until_hour":null}},{"type":"Feature","geometry":{"type":"Polygon","coordinates":[[[-81.46240099984315,28.543143000096563],[-81.46239400017048,28.54135199960885],[-81.46237699955373,28.54135900011633],[-81.46232200020044,28.54135900011633],[-81.46148500032436,28.541365999834266],[-81.46138300021711,28.541365999834266],[-81.46136499977544,28.54135699963317],[-81.46136599960036,28.541692999779457],[-81.46136599960036,28.541715000287144],[-81.46137200034646,28.54278899968383],[-81.46137399999628,28.543147000205863],[-81.46157900003568,28.54314600037584],[-81.46219499997883,28.543143000096563],[-81.46240099984315,28.543143000096563]]]},"properties":{"block_id":"120950147012011","school_id":"sch_orlo_vista_elementary","kids_est":5,"class":"green","shortest":{"len_m":544.3,"mean_c":38.35,"peak_c":38.4,"dose":40.4},"coolest":{"len_m":544.3,"mean_c":38.35,"peak_c":38.4,"dose":40.4},"delta_mean_c":0.0,"delta_dose_pct":0,"distance_mi":0.199,"status_now":"walk","status_rec":"walk","reason":"Shortest route already under threshold (dose 40).","safe_until_hour":null}},{"type":"Feature","geometry":{"type":"Polygon","coordinates":[[[-81.45822999980811,28.545044999828598],[-81.45812199985308,28.545044999828598],[-81.4575539995905,28.545048999865674],[-81.45739299993201,28.545049999677644],[-81.45736600016784,28.54504300020457],[-81.45732099996201,28.54501899997835],[-81.45729400019782,28.544993000121615],[-81.45727499993124,28.54496099980361],[-81.45726599971042,28.544926999849594],[-81.45726499988551,28.54470299964617],[-81.4572640000606,28.543551000206687],[-81.4572640000606,28.54316699996109],[-81.45696199993681,28.543170000239694],[-81.45677000031618,28.543171999899347],[-81.45624999973418,28.54322399971611],[-81.45619000035805,28.54322399971611],[-81.45611300036515,28.543205999630697],[-81.4560609995883,28.543180999945307],[-81.4558349996325,28.542991999606812],[-81.45577400043143,28.5430599999639],[-81.45559399960807,28.543265999640475],[-81.45558299973742,28.543279999611524],[-81.45553000003396,28.543331000335915],[-81.45545800006393,28.543392999929885],[-81.45539500031475,28.54343599961414],[-81.45533800041335,28.543475999800144],[-81.45527099956789,28.54350699995363],[-81.45516199978795,28.543537000271655],[-81.45508700034317,28.54354499967111],[-81.45490400004509,28.543543000018545],[-81.45475900028012,28.543542000192275],[-81.45473300034085,28.543547000112728],[-81.45473400016577,28.543444999637607],[-81.45473900018862,28.5431389999871],[-81.45474000001354,28.54312800027711],[-81.45475799955689,28.543040000188356],[-81.45476799960262,28.54300599961427],[-81.45477599999856,28.542983000333788],[-81.45481100015866,28.542908000311964],[-81.45482700005218,28.54287699998221],[-81.45484600031875,28.542847000265414],[-81.45489300017442,28.542787000016915],[-81.45491099971775,28.54276499973311],[-81.45498799971065,28.542692000013997],[-81.45505899985578,28.542611999820465],[-81.45511400010736,28.54252400008979],[-81.45515199974218,28.542428000012787],[-81.45516500016097,28.54237900010414],[-81.4551669998108,28.542363000338433],[-81.45517299965857,28.54232900033498],[-81.45518000022959,28.54216099983184],[-81.45518000022959,28.542100000141815],[-81.4551790004047,28.541983999702413],[-81.45517600003163,28.541637999673874],[-81.45517500020672,28.541523000149418],[-81.45517799968147,28.539598999800017],[-81.45517400038182,28.539328000086265],[-81.4551659999859,28.53924300037022],[-81.45514199969645,28.539115999812598],[-81.45480199993781,28.539238000245547],[-81.45441600014844,28.53936800025386],[-81.45429800014766,28.539401999634638],[-81.45412200042057,28.53945399973409],[-81.45306299988832,28.53973000001446],[-81.45266299985525,28.539834999725418],[-81.45240099991443,28.539905000263744],[-81.4516030003964,28.540131999987093],[-81.45147000032699,28.54017299970767],[-81.45107500031679,28.540294999705697],[-81.45093600039962,28.54033700000869],[-81.45086000023163,28.540360999723415],[-81.45052399977264,28.54046999980555],[-81.45038700040361,28.54051600024807],[-81.4504429995818,28.54066700034127],[-81.45046400039651,28.540780000306043],[-81.45046199984839,28.540983000154753],[-81.45045400035077,28.54227299993398],[-81.45046100002345,28.542418000065492],[-81.45048500031291,28.54251199969038],[-81.45052700014571,28.542600000220176],[-81.45056499978054,28.542654999823487],[-81.45071299991854,28.54281699975086],[-81.45084900036098,28.54273099985941],[-81.45088199997295,28.54271199985562],[-81.45104600000447,28.54262199974934],[-81.45119900016535,28.54254999976675],[-81.45138599976309,28.542472999763824],[-81.45142299957303,28.542460000311223],[-81.45161300044214,28.542398000168056],[-81.45181400028359,28.54234599994353],[-81.45189700012426,28.54232900033498],[-81.45207899969914,28.542295000320532],[-81.4522939997843,28.542271000257337],[-81.45267000042624,28.542251000331987],[-81.45274900006896,28.54223300008026],[-81.45276699961231,28.54222499979207],[-81.4528229996888,28.542204000019026],[-81.45302000023062,28.542080000184],[-81.45306700008628,28.54214400019344],[-81.45314099970612,28.54225799999059],[-81.45316499999556,28.542295000320532],[-81.45323199994272,28.542432000149248],[-81.45328399982127,28.542575000391015],[-81.45331899998136,28.54272099994088],[-81.45333499987488,28.542867000077546],[-81.45332999985202,28.543083000016725],[-81.4533359996998,28.543240999969374],[-81.4533359996998,28.543740000331336],[-81.4533359996998,28.543904999636858],[-81.45255200042548,28.543907000071634],[-81.45252700031112,28.54390799989443],[-81.4524140003332,28.54391799970028],[-81.45230300000512,28.54393700027574],[-81.45219400022518,28.543964000215354],[-81.45208799991997,28.544000999946007],[-81.45200799955403,28.54403600002052],[-81.45193099956113,28.54407599997872],[-81.4518569999413,28.544119999994056],[-81.45178699962109,28.544168999881965],[-81.45172100039717,28.54422299963533],[-81.45165899957458,28.544279999608037],[-81.4516030003964,28.544339999795188],[-81.45155099961956,28.54440499982786],[-81.45150399976387,28.544472000244422],[-81.45146199993108,28.5445420000688],[-81.4514219997481,28.544624000006827],[-81.45138900013615,28.544709000115834],[-81.45136499984669,28.54479700038844],[-81.45134899995318,28.544884999798388],[-81.45134200028048,28.544975000338507],[-81.4513430001054,28.545065000012528],[-81.45135200032624,28.54515399979874],[-81.45136999986958,28.545243000298818],[-81.45139699963374,28.54532899971755],[-81.45143099996893,28.54541400004668],[-81.45148799987035,28.545526999653934],[-81.4518440004208,28.54622600003957],[-81.45167399964319,28.546292000286783],[-81.45116400000525,28.546493000174962],[-81.45099499995085,28.54656099985005],[-81.45084099996507,28.546621000316048],[-81.45038099965753,28.546803000310444],[-81.45022800039496,28.546863999644206],[-81.4500839995566,28.54691999997167],[-81.44999599969306,28.546954999865324],[-81.44990299980662,28.546978999650385],[-81.44980700044547,28.546991000329992],[-81.44963300036821,28.546991000329992],[-81.44947900038241,28.546991000329992],[-81.44929899955905,28.546991000329992],[-81.44919300015216,28.546991000329992],[-81.4487599996088,28.546982999614066],[-81.44858100040696,28.546980000233145],[-81.44818899987149,28.546965999964765],[-81.44779300003637,28.547004999805917],[-81.44757600030138,28.54700899976857],[-81.44756700008057,28.547194000045614],[-81.44756000040786,28.547360999833188],[-81.44752600007268,28.547748999715974],[-81.44751500020202,28.54788399998263],[-81.44751100000406,28.547934000271265],[-81.44750400033138,28.548019999860017],[-81.4475069998061,28.5482110002094],[-81.44946799961343,28.5482040001573],[-81.44994899983739,28.548203000375278],[-81.4515480001448,28.548180999644515],[-81.4526109999767,28.548169999671952],[-81.45327499960042,28.548178000297764],[-81.45374800032677,28.548219000042987],[-81.45487599955767,28.548341999971985],[-81.45572699967745,28.548496000020624],[-81.45668999995023,28.548720999825093],[-81.45704200030275,28.548848999625644],[-81.4572289999005,28.54828499983029],[-81.4574900000164,28.547646000366424],[-81.45806499995167,28.545991999834378],[-81.45822999980811,28.545044999828598]],[[-81.45338500010361,28.541031000073495],[-81.45338900030157,28.541178999882458],[-81.45337900025581,28.541282000031995],[-81.45335900016433,28.541358000269337],[-81.4533290000271,28.5414310001238],[-81.45327700014856,28.541512000270682],[-81.45321100002631,28.541585000018436],[-81.4531609997976,28.541625000118156],[-81.45313300020852,28.54164900032855],[-81.45282500023693,28.54186299992423],[-81.45272800015258,28.54175799986723],[-81.45269499964228,28.54170899964693],[-81.45263899956579,28.541626999807132],[-81.45256599977087,28.54148899987484],[-81.45250999969437,28.541345999737093],[-81.45247200005954,28.54119700031423],[-81.45246600021174,28.541156000203017],[-81.45245100014313,28.54104600019154],[-81.45244699994518,28.54095600024023],[-81.45265100015968,28.540942999811197],[-81.45285299982604,28.540943999662197],[-81.45328299999635,28.540947999855007],[-81.45331800015644,28.540957000091037],[-81.45334900011859,28.540975999622272],[-81.45337199968482,28.541000999830917],[-81.45338500010361,28.541031000073495]]]},"properties":{"block_id":"120950147011005","school_id":"sch_orlo_vista_elementary","kids_est":17,"class":"green","shortest":{"len_m":549.9,"mean_c":38.3,"peak_c":38.3,"dose":40.6},"coolest":{"len_m":549.9,"mean_c":38.3,"peak_c":38.3,"dose":40.6},"delta_mean_c":0.0,"delta_dose_pct":0,"distance_mi":0.363,"status_now":"walk","status_rec":"walk","reason":"Shortest route already under threshold (dose 41).","safe_until_hour":null}},{"type":"Feature","geometry":{"type":"Polygon","coordinates":[[[-81.46137399999628,28.543147000205863],[-81.46137200034646,28.54278899968383],[-81.46136599960036,28.541715000287144],[-81.46136599960036,28.541692999779457],[-81.46136499977544,28.54135699963317],[-81.46128299975967,28.54135699963317],[-81.46120300029204,28.54135900011633],[-81.4611570002613,28.54135900011633],[-81.46053499957205,28.541360999810355],[-81.46043099981497,28.541361999657322],[-81.46032799988281,28.54135900011633],[-81.4603270000579,28.541384000234146],[-81.4603270000579,28.541461000243917],[-81.4603270000579,28.54148700018326],[-81.46032899970773,28.541817999912617],[-81.46033700010364,28.54281500008453],[-81.4603399995784,28.543147000205863],[-81.46054600034101,28.54314600037584],[-81.46116700030703,28.543143999926613],[-81.46123900027706,28.543143999926613],[-81.46137399999628,28.543147000205863]]]},"properties":{"block_id":"120950147012012","school_id":"sch_orlo_vista_elementary","kids_est":0,"class":"green","shortest":{"len_m":549.3,"mean_c":38.35,"peak_c":38.4,"dose":40.8},"coolest":{"len_m":549.3,"mean_c":38.35,"peak_c":38.4,"dose":40.8},"delta_mean_c":0.0,"delta_dose_pct":0,"distance_mi":0.139,"status_now":"walk","status_rec":"walk","reason":"Shortest route already under threshold (dose 41).","safe_until_hour":null}},{"type":"Feature","geometry":{"type":"Polygon","coordinates":[[[-81.4603399995784,28.543147000205863],[-81.46033700010364,28.54281500008453],[-81.46032899970773,28.541817999912617],[-81.4603270000579,28.54148700018326],[-81.4602989995705,28.541493000046962],[-81.46021999992779,28.541523999994848],[-81.46013799991202,28.541576999680974],[-81.46006000009422,28.54163000012959],[-81.45998399992622,28.541672999744378],[-81.45988799966676,28.541715000287144],[-81.4597780000619,28.541746000169653],[-81.45970400044207,28.541756000180733],[-81.4595460002583,28.541750000332065],[-81.45933600019603,28.54174299985049],[-81.45932399960215,28.542025000280457],[-81.45931699992944,28.542194999889542],[-81.4593139995564,28.542873999695274],[-81.4593139995564,28.543157000083962],[-81.45951899959582,28.543154999634936],[-81.4600240001092,28.54315299997503],[-81.46013399971406,28.543149999695945],[-81.4603399995784,28.543147000205863]]]},"properties":{"block_id":"120950147012013","school_id":"sch_orlo_vista_elementary","kids_est":0,"class":"green","shortest":{"len_m":549.3,"mean_c":38.35,"peak_c":38.4,"dose":40.8},"coolest":{"len_m":549.3,"mean_c":38.35,"peak_c":38.4,"dose":40.8},"delta_mean_c":0.0,"delta_dose_pct":0,"distance_mi":0.093,"status_now":"walk","status_rec":"walk","reason":"Shortest route already under threshold (dose 41).","safe_until_hour":null}},{"type":"Feature","geometry":{"type":"Polygon","coordinates":[[[-81.45146899960378,28.533557999713906],[-81.45146699995395,28.533471000234513],[-81.45145899955801,28.532866000000066],[-81.45145899955801,28.532798000166192],[-81.45144100001468,28.5327110000594],[-81.45142699977099,28.532668999873287],[-81.45129899972447,28.532693999685428],[-81.45123299960221,28.53270800027218],[-81.4510760001417,28.532726999712516],[-81.45091100028527,28.53273400000392],[-81.45078099969061,28.532733000075073],[-81.45078499988857,28.53292800022823],[-81.45079999995718,28.533514000022436],[-81.45080499998005,28.53371000022842],[-81.45092999965354,28.533706999680412],[-81.45130499957224,28.53370000024286],[-81.45133100040984,28.53370000024286],[-81.45137900009041,28.533685999787895],[-81.45142000009828,28.53365900037099],[-81.45145000023551,28.53362300008536],[-81.45146600012903,28.533581000262732],[-81.45146899960378,28.533557999713906]]]},"properties":{"block_id":"120950146012007","school_id":"sch_orlo_vista_elementary","kids_est":3,"class":"red","shortest":{"len_m":2947.6,"mean_c":38.21,"peak_c":38.4,"dose":214.1},"coolest":{"len_m":2947.6,"mean_c":38.21,"peak_c":38.4,"dose":214.1},"delta_mean_c":0.0,"delta_dose_pct":0,"distance_mi":0.734,"status_now":"walk","status_rec":"bus_eligible","reason":"Coolest route mean 38.2C exceeds threshold (110 C-min dose, actual 214).","safe_until_hour":"11:00"}},{"type":"Feature","geometry":{"type":"Polygon","coordinates":[[[-81.46349999966006,28.548481999953786],[-81.46349899983515,28.548456999942495],[-81.46349399981227,28.54801699971958],[-81.46349299998737,28.547870999619615],[-81.46349200016245,28.547726999679487],[-81.46348999961431,28.54729699983721],[-81.46348999961431,28.547153999693354],[-81.4634879999645,28.547075000314166],[-81.46348499959146,28.54683800024298],[-81.46348399976654,28.546758999837692],[-81.46326899968139,28.546759999633426],[-81.46262699979897,28.546766999781568],[-81.46241300043704,28.54676900016198],[-81.46241599991177,28.547141000029335],[-81.46242500013261,28.54825999977224],[-81.46242799960733,28.54863299967475],[-81.46264100004268,28.54863000034081],[-81.46328299992508,28.548620999971348],[-81.4633609997429,28.548620999971348],[-81.46349600036041,28.548603999797393],[-81.46349999966006,28.548481999953786]]]},"properties":{"block_id":"120950147013013","school_id":"sch_orlo_vista_elementary","kids_est":6,"class":"green","shortest":{"len_m":1270.5,"mean_c":38.34,"peak_c":38.4,"dose":94.3},"coolest":{"len_m":1270.5,"mean_c":38.34,"peak_c":38.4,"dose":94.3},"delta_mean_c":0.0,"delta_dose_pct":0,"distance_mi":0.497,"status_now":"walk","status_rec":"walk","reason":"Shortest route already under threshold (dose 94).","safe_until_hour":null}},{"type":"Feature","geometry":{"type":"Polygon","coordinates":[[[-81.4634670000481,28.543356999813692],[-81.46346799987302,28.54312800027711],[-81.46325399961277,28.5431299999375],[-81.46261400027849,28.5431399998172],[-81.46240099984315,28.543143000096563],[-81.46240300039129,28.543511000049115],[-81.46240699969094,28.543904999636858],[-81.46240800041417,28.544615000084153],[-81.46240900023906,28.544984000230468],[-81.46262000012628,28.544981000003492],[-81.46325399961277,28.544973999736705],[-81.46346600022319,28.54497299992401],[-81.46346600022319,28.544833000012474],[-81.46346600022319,28.544413999768537],[-81.4634670000481,28.544274999722454],[-81.4634670000481,28.544044999992717],[-81.4634670000481,28.543356999813692]]]},"properties":{"block_id":"120950147012005","school_id":"sch_orlo_vista_elementary","kids_est":5,"class":"green","shortest":{"len_m":875.6,"mean_c":38.37,"peak_c":38.4,"dose":65.2},"coolest":{"len_m":875.6,"mean_c":38.37,"peak_c":38.4,"dose":65.2},"delta_mean_c":0.0,"delta_dose_pct":0,"distance_mi":0.31,"status_now":"walk","status_rec":"walk","reason":"Shortest route already under threshold (dose 65).","safe_until_hour":null}},{"type":"Feature","geometry":{"type":"Polygon","coordinates":[[[-81.46350300003311,28.546482999824462],[-81.46349499963719,28.546181000313673],[-81.46347299989588,28.54527499974207],[-81.46346600022319,28.54497299992401],[-81.46325399961277,28.544973999736705],[-81.46262000012628,28.544981000003492],[-81.46240900023906,28.544984000230468],[-81.46241000006398,28.54519999977401],[-81.46241400026194,28.54584799969245],[-81.46241599991177,28.546064999633835],[-81.46241599991177,28.546087999819555],[-81.46241500008686,28.546158000148203],[-81.46241400026194,28.546435999821604],[-81.46241400026194,28.546529999806353],[-81.46241300043704,28.546576999767204],[-81.46241300043704,28.54672099970154],[-81.46241300043704,28.54676900016198],[-81.46262699979897,28.546766999781568],[-81.46326899968139,28.546759999633426],[-81.46348399976654,28.546758999837692],[-81.46348299994163,28.5467019996283],[-81.46348299994163,28.546529999806353],[-81.46350300003311,28.546482999824462]]]},"properties":{"block_id":"120950147013021","school_id":"sch_orlo_vista_elementary","kids_est":0,"class":"green","shortest":{"len_m":1012.9,"mean_c":38.34,"peak_c":38.4,"dose":75.3},"coolest":{"len_m":1012.9,"mean_c":38.34,"peak_c":38.4,"dose":75.3},"delta_mean_c":0.0,"delta_dose_pct":0,"distance_mi":0.395,"status_now":"walk","status_rec":"walk","reason":"Shortest route already under threshold (dose 75).","safe_until_hour":null}},{"type":"Feature","geometry":{"type":"Polygon","coordinates":[[[-81.45677699998888,28.54964499972617],[-81.45699299989894,28.5489999996095],[-81.4563829998036,28.548823999701483],[-81.4557230003778,28.548664999666176],[-81.45500299977927,28.5485230003697],[-81.45453699962394,28.548455000383196],[-81.45431300021627,28.548423000327944],[-81.45376400022027,28.54838199987304],[-81.45363399962562,28.54837000014105],[-81.4528439996052,28.548359999968774],[-81.45167799984114,28.548369000360605],[-81.45001999998249,28.54837599961269],[-81.44946799961343,28.548377999962536],[-81.44751000017915,28.548377999962536],[-81.44751299965388,28.54865600008876],[-81.44751400037711,28.54881800025535],[-81.44786400018148,28.54882600004283],[-81.44944000002435,28.548826999818935],[-81.44945000007012,28.54901399960748],[-81.44946599996362,28.549513000236633],[-81.44945300044316,28.549592000154263],[-81.44943199962844,28.549643000189477],[-81.44938700032091,28.549711999965687],[-81.44892700001337,28.550180999659535],[-81.44887400030993,28.550255000263306],[-81.44884900019558,28.550308000290627],[-81.44882800027918,28.550392999757623],[-81.44882499990612,28.550451000097205],[-81.4488230002563,28.551276999616032],[-81.44881400003547,28.55143799994466],[-81.44879800014195,28.551577000005846],[-81.44876399980676,28.551781999846355],[-81.44873399966951,28.552250000045998],[-81.4487310001948,28.552409000191776],[-81.44968000022386,28.552397000129645],[-81.45061400018434,28.552385000066074],[-81.45323299976764,28.552329000277474],[-81.45321199985123,28.55203199968912],[-81.45321100002631,28.551519000286458],[-81.45322100007206,28.55089099961943],[-81.45323899961541,28.550844000005657],[-81.453257999882,28.550818999766026],[-81.4534699995941,28.55064599980741],[-81.453554000158,28.550606999736484],[-81.45356500002866,28.550602999910495],[-81.45417799959876,28.55058999988313],[-81.45463000040868,28.55058099968113],[-81.45553699970665,28.550569000199705],[-81.45605399991561,28.550557999687502],[-81.45636400043533,28.55055200034022],[-81.45657600014744,28.550553000099935],[-81.45666300018605,28.55009800033861],[-81.45677699998888,28.54964499972617]]]},"properties":{"block_id":"120950147011001","school_id":"sch_orlo_vista_elementary","kids_est":0,"class":"red","shortest":{"len_m":1658.6,"mean_c":38.29,"peak_c":38.3,"dose":121.8},"coolest":{"len_m":1658.6,"mean_c":38.29,"peak_c":38.3,"dose":121.8},"delta_mean_c":0.0,"delta_dose_pct":0,"distance_mi":0.714,"status_now":"walk","status_rec":"bus_eligible","reason":"Coolest route mean 38.3C exceeds threshold (110 C-min dose, actual 122).","safe_until_hour":"14:00"}},{"type":"Feature","geometry":{"type":"Polygon","coordinates":[[[-81.46243199980529,28.54959600001865],[-81.46243500017835,28.54955100015447],[-81.46242400030769,28.548937000384594],[-81.46242400030769,28.54889900024521],[-81.46242799960733,28.54863299967475],[-81.46222299956793,28.548635000019722],[-81.461608000348,28.54864299982103],[-81.4614040001335,28.548645999943712],[-81.46140599978334,28.548841999615885],[-81.46140900015638,28.549009999720923],[-81.46140499995842,28.54943199993],[-81.4614040001335,28.54958299986696],[-81.46141699965396,28.549626999949016],[-81.46142900024786,28.549647999820234],[-81.46146400040796,28.54968199982832],[-81.46148500032436,28.549695999735707],[-81.46153399982983,28.549711999965687],[-81.46158599970839,28.549714000290162],[-81.4619189997943,28.549708000105653],[-81.46222299956793,28.549701999920853],[-81.46228299984239,28.549701999920853],[-81.4623330000711,28.54969400019992],[-81.46237800027693,28.5496719997807],[-81.46241199971382,28.54963799976932],[-81.46243199980529,28.54959600001865]]]},"properties":{"block_id":"120950147013014","school_id":"sch_orlo_vista_elementary","kids_est":3,"class":"green","shortest":{"len_m":1228.9,"mean_c":38.33,"peak_c":38.4,"dose":91.2},"coolest":{"len_m":1228.9,"mean_c":38.3,"peak_c":38.4,"dose":91.0},"delta_mean_c":-0.03,"delta_dose_pct":0,"distance_mi":0.561,"status_now":"walk","status_rec":"walk","reason":"Shortest route already under threshold (dose 91).","safe_until_hour":null}},{"type":"Feature","geometry":{"type":"Polygon","coordinates":[[[-81.45129600024973,28.543456000103653],[-81.45117900007386,28.54332800006184],[-81.4508290002695,28.542943999792467],[-81.45071299991854,28.54281699975086],[-81.45062800042805,28.542872000030023],[-81.45048299976477,28.54297400027084],[-81.45014499965598,28.543214999673822],[-81.45005400031768,28.543267000258513],[-81.44995600040839,28.543308000337248],[-81.44985199975301,28.543337000094546],[-81.44974600034611,28.543355999985668],[-81.44963800039108,28.543361999742864],[-81.44947199981142,28.543360999914874],[-81.44947299963633,28.5437220003341],[-81.44947600000937,28.544807000109873],[-81.44947799965921,28.54516900011881],[-81.44947799965921,28.54531099999186],[-81.44947799965921,28.545738999651388],[-81.44947799965921,28.545882000138295],[-81.44947799965921,28.54610300000667],[-81.44947799965921,28.54676900016198],[-81.44947900038241,28.546991000329992],[-81.44963300036821,28.546991000329992],[-81.44980700044547,28.546991000329992],[-81.44990299980662,28.546978999650385],[-81.44999599969306,28.546954999865324],[-81.4500839995566,28.54691999997167],[-81.45022800039496,28.546863999644206],[-81.45038099965753,28.546803000310444],[-81.45084099996507,28.546621000316048],[-81.45099499995085,28.54656099985005],[-81.45091600030813,28.54641000031472],[-81.45068000030658,28.545954000210564],[-81.45060900016146,28.545805000203714],[-81.45051899974979,28.545618000241106],[-81.45046299967329,28.5454349999689],[-81.45043500008421,28.545298000100352],[-81.45042599986337,28.545248999948587],[-81.45041099979474,28.54505900035234],[-81.45041599981762,28.544870000227014],[-81.4504429995818,28.544682000367132],[-81.45046699987124,28.54457699996355],[-81.45049700000847,28.54447399987934],[-81.45053399981839,28.54437300012031],[-81.45057700037441,28.544273000083745],[-81.45062599987992,28.54417600020225],[-81.45068100013148,28.544080999873756],[-81.45074200023085,28.54398899971486],[-81.450809000178,28.543899999733412],[-81.45088100014803,28.543813999937072],[-81.45088799982072,28.543805999768903],[-81.45095800014091,28.543732000157608],[-81.4511549997844,28.543561000046424],[-81.45129600024973,28.543456000103653]]]},"properties":{"block_id":"120950147011014","school_id":"sch_orlo_vista_elementary","kids_est":6,"class":"red","shortest":{"len_m":1625.7,"mean_c":38.08,"peak_c":38.3,"dose":114.4},"coolest":{"len_m":1625.7,"mean_c":38.08,"peak_c":38.3,"dose":114.4},"delta_mean_c":0.0,"delta_dose_pct":0,"distance_mi":0.572,"status_now":"walk","status_rec":"bus_eligible","reason":"Coolest route mean 38.1C exceeds threshold (110 C-min dose, actual 114).","safe_until_hour":"14:00"}},{"type":"Feature","geometry":{"type":"Polygon","coordinates":[[[-81.45577400043143,28.5430599999639],[-81.4558349996325,28.542991999606812],[-81.45572900022559,28.54290099990741],[-81.4554129998581,28.54262900017243],[-81.45530800027612,28.542538999995262],[-81.45527800013888,28.54251300031558],[-81.45522999955999,28.542471999927404],[-81.45518500025247,28.542446000231195],[-81.45515199974218,28.542428000012787],[-81.45511400010736,28.54252400008979],[-81.45505899985578,28.542611999820465],[-81.45498799971065,28.542692000013997],[-81.45491099971775,28.54276499973311],[-81.45489300017442,28.542787000016915],[-81.45484600031875,28.542847000265414],[-81.45482700005218,28.54287699998221],[-81.45481100015866,28.542908000311964],[-81.45477599999856,28.542983000333788],[-81.45476799960262,28.54300599961427],[-81.45475799955689,28.543040000188356],[-81.45474000001354,28.54312800027711],[-81.45473900018862,28.5431389999871],[-81.45473400016577,28.543444999637607],[-81.45473300034085,28.543547000112728],[-81.45475900028012,28.543542000192275],[-81.45490400004509,28.543543000018545],[-81.45508700034317,28.54354499967111],[-81.45516199978795,28.543537000271655],[-81.45527099956789,28.54350699995363],[-81.45533800041335,28.543475999800144],[-81.45539500031475,28.54343599961414],[-81.45545800006393,28.543392999929885],[-81.45553000003396,28.543331000335915],[-81.45558299973742,28.543279999611524],[-81.45559399960807,28.543265999640475],[-81.45577400043143,28.5430599999639]]]},"properties":{"block_id":"120950147011011","school_id":"sch_orlo_vista_elementary","kids_est":0,"class":"green","shortest":{"len_m":521.6,"mean_c":38.29,"peak_c":38.3,"dose":38.1},"coolest":{"len_m":521.6,"mean_c":38.29,"peak_c":38.3,"dose":38.1},"delta_mean_c":0.0,"delta_dose_pct":0,"distance_mi":0.238,"status_now":"walk","status_rec":"walk","reason":"Shortest route already under threshold (dose 38).","safe_until_hour":null}},{"type":"Feature","geometry":{"type":"Polygon","coordinates":[[[-81.45841999977893,28.54504099979132],[-81.45843800022057,28.54489100025768],[-81.45837399974816,28.54396300039308],[-81.45829699975525,28.54316100019279],[-81.45810799960937,28.543162000022672],[-81.45820899989171,28.543934999841486],[-81.45825200044774,28.54463200011286],[-81.45822999980811,28.545044999828598],[-81.45841999977893,28.54504099979132]]]},"properties":{"block_id":"120950147012000","school_id":"sch_orlo_vista_elementary","kids_est":0,"class":"green","shortest":{"len_m":349.9,"mean_c":38.3,"peak_c":38.3,"dose":25.8},"coolest":{"len_m":349.9,"mean_c":38.3,"peak_c":38.3,"dose":25.8},"delta_mean_c":0.0,"delta_dose_pct":0,"distance_mi":0.18,"status_now":"walk","status_rec":"walk","reason":"Shortest route already under threshold (dose 26).","safe_until_hour":null}},{"type":"Feature","geometry":{"type":"Polygon","coordinates":[[[-81.46239599982029,28.526645000054767],[-81.4623969996452,28.526152999964072],[-81.4622760001697,28.526152999964072],[-81.46216200036686,28.526146000024816],[-81.46204900038896,28.52612900017043],[-81.46193899988579,28.526100999614957],[-81.4618329995806,28.52606299992041],[-81.46173300002148,28.526015000286606],[-81.46163799958691,28.525957999903888],[-81.46155100044659,28.52589200033608],[-81.46147299973049,28.525818999976707],[-81.46141699965396,28.52575500031199],[-81.46138800023996,28.525714999712587],[-81.46134399985904,28.525651999980767],[-81.46095499969661,28.524884000223192],[-81.4608629996351,28.524722000349037],[-81.46084599991666,28.524699000234673],[-81.4608190001525,28.524662000040156],[-81.46076899992377,28.524603999709072],[-81.46071600022033,28.524550000161415],[-81.4605949998465,28.524453000275976],[-81.46052899972426,28.52441099995619],[-81.46045900030238,28.52437299965236],[-81.46038700033236,28.524340000166756],[-81.46031199998929,28.524310999916636],[-81.4602349999964,28.524287999712545],[-81.4601150003458,28.52426700031113],[-81.45991399960603,28.524249000144387],[-81.45932199995232,28.52425200017236],[-81.45932899962501,28.525702999766548],[-81.4593620001353,28.527003000182066],[-81.45939499974726,28.527985999629216],[-81.45984599983396,28.527972999967705],[-81.45988099999406,28.527971999993692],[-81.46094100035123,28.52795800035631],[-81.46171899977777,28.52794799982494],[-81.46233200024618,28.52794100000489],[-81.46232200020044,28.527681000045416],[-81.46231899982739,28.52759099972793],[-81.46232399985026,28.52744299977527],[-81.46234399994175,28.52721500035887],[-81.462369999881,28.527036999606267],[-81.46238199957658,28.526904000217808],[-81.46239499999537,28.52675700007536],[-81.46239599982029,28.526645000054767]]]},"properties":{"block_id":"120950147031000","school_id":"sch_orlo_vista_elementary","kids_est":0,"class":"red","shortest":{"len_m":1918.5,"mean_c":38.32,"peak_c":38.4,"dose":141.8},"coolest":{"len_m":1918.5,"mean_c":38.32,"peak_c":38.4,"dose":141.8},"delta_mean_c":0.0,"delta_dose_pct":0,"distance_mi":1.046,"status_now":"walk","status_rec":"bus_eligible","reason":"Coolest route mean 38.3C exceeds threshold (110 C-min dose, actual 142).","safe_until_hour":"14:00"}},{"type":"Feature","geometry":{"type":"Polygon","coordinates":[[[-81.45939499974726,28.527985999629216],[-81.4593620001353,28.527003000182066],[-81.45932899962501,28.525702999766548],[-81.45932199995232,28.52425200017236],[-81.45931799975436,28.52374899980816],[-81.45930100003594,28.523129000296823],[-81.45928000011953,28.523019999641807],[-81.45929000016527,28.52248100035801],[-81.45930000021102,28.520774999609852],[-81.45903400007222,28.520773000314552],[-81.45903900009512,28.52085699988962],[-81.45904900014085,28.52249099982943],[-81.45905300033881,28.523134999627224],[-81.45905699963845,28.523596999924195],[-81.45905300033881,28.52374899980816],[-81.45904300029306,28.524258000228148],[-81.45903200042241,28.524797999902034],[-81.45905599981354,28.525704999757636],[-81.45909000014872,28.52700400016529],[-81.459116000088,28.527989000340096],[-81.45939499974726,28.527985999629216]]]},"properties":{"block_id":"120950146082001","school_id":"sch_orlo_vista_elementary","kids_est":0,"class":"red","shortest":{"len_m":2018.3,"mean_c":38.27,"peak_c":38.4,"dose":148.2},"coolest":{"len_m":2018.3,"mean_c":38.27,"peak_c":38.4,"dose":148.2},"delta_mean_c":0.0,"delta_dose_pct":0,"distance_mi":1.171,"status_now":"walk","status_rec":"bus_eligible","reason":"Coolest route mean 38.3C exceeds threshold (110 C-min dose, actual 148).","safe_until_hour":"12:00"}},{"type":"Feature","geometry":{"type":"Polygon","coordinates":[[[-81.45943599975513,28.53040800013781],[-81.45942800025753,28.52964400013938],[-81.45941900003672,28.529461999703106],[-81.45941900003672,28.52931799985509],[-81.45941900003672,28.529018000000182],[-81.45939499974726,28.527985999629216],[-81.459116000088,28.527989000340096],[-81.45913100015662,28.528523999998953],[-81.4591439996771,28.529018000000182],[-81.45916200011875,28.529658000342078],[-81.45918300003515,28.530406000235967],[-81.45918899988293,28.53062199967753],[-81.45917200016449,28.53129700011036],[-81.4591229997607,28.53195499967281],[-81.45910699986717,28.532062999834608],[-81.45938600042474,28.532060000028874],[-81.45940300014318,28.53156899989988],[-81.45943599975513,28.53040800013781]]]},"properties":{"block_id":"120950146013013","school_id":"sch_orlo_vista_elementary","kids_est":0,"class":"green","shortest":{"len_m":1412.9,"mean_c":38.33,"peak_c":38.4,"dose":104.8},"coolest":{"len_m":1412.9,"mean_c":38.33,"peak_c":38.4,"dose":104.8},"delta_mean_c":0.0,"delta_dose_pct":0,"distance_mi":0.793,"status_now":"walk","status_rec":"walk","reason":"Shortest route already under threshold (dose 105).","safe_until_hour":null}},{"type":"Feature","geometry":{"type":"Polygon","coordinates":[[[-81.44947799965921,28.54516900011881],[-81.44947600000937,28.544807000109873],[-81.44947299963633,28.5437220003341],[-81.44947199981142,28.543360999914874],[-81.44928799968838,28.543359000258878],[-81.44876299998184,28.54335400032957],[-81.4487389996924,28.54335400032957],[-81.44855600029261,28.543355000157618],[-81.44855799994242,28.54371800024663],[-81.44856700016327,28.544807999924146],[-81.448569999638,28.545172000340383],[-81.44875100028628,28.545168000307974],[-81.44878200024841,28.545168000307974],[-81.4492960000843,28.545168000307974],[-81.44947799965921,28.54516900011881]]]},"properties":{"block_id":"120950147011024","school_id":"sch_orlo_vista_elementary","kids_est":0,"class":"green","shortest":{"len_m":1499.9,"mean_c":38.09,"peak_c":38.3,"dose":105.8},"coolest":{"len_m":1499.9,"mean_c":38.09,"peak_c":38.3,"dose":105.8},"delta_mean_c":0.0,"delta_dose_pct":0,"distance_mi":0.619,"status_now":"walk","status_rec":"walk","reason":"Shortest route already under threshold (dose 106).","safe_until_hour":null}},{"type":"Feature","geometry":{"type":"Polygon","coordinates":[[[-81.44868799963876,28.533014000229677],[-81.44861599966876,28.532950000198547],[-81.44855999959225,28.532876999992325],[-81.44853200000317,28.532824999803765],[-81.44835299990302,28.53248799985686],[-81.44827799955996,28.53238299992723],[-81.44818800004658,28.532285000214173],[-81.44811600007657,28.532218999872867],[-81.4480499999543,28.532158999885468],[-81.44796999958837,28.532068000299763],[-81.44794899967198,28.532038999808215],[-81.44772699991412,28.53216500028039],[-81.44761800013418,28.53224299985827],[-81.44760700026353,28.532252000048693],[-81.44751400037711,28.532337999812576],[-81.44734600014763,28.532526000391865],[-81.44716700004747,28.53268400039268],[-81.44712699986451,28.532735999861593],[-81.44710000010032,28.532800000022693],[-81.44709199970441,28.532867999855284],[-81.44710099992524,28.533259000014166],[-81.44711199979588,28.53366300005122],[-81.44750599998119,28.53365399998131],[-81.44825599981864,28.533639000389215],[-81.44832799978867,28.533621000244533],[-81.44838300004025,28.53359599986307],[-81.44843499991879,28.533556999792882],[-81.44847400027685,28.533514000022436],[-81.44850500023898,28.53345799967117],[-81.44852100013252,28.533395999754894],[-81.44852100013252,28.533349000226817],[-81.4485219999574,28.533239999880543],[-81.44854000039908,28.53318200032366],[-81.44857499966088,28.533133000060815],[-81.44868799963876,28.533014000229677]]]},"properties":{"block_id":"120950146012002","school_id":"sch_orlo_vista_elementary","kids_est":8,"class":"red","shortest":{"len_m":3143.0,"mean_c":38.19,"peak_c":38.4,"dose":227.2},"coolest":{"len_m":3143.0,"mean_c":38.19,"peak_c":38.4,"dose":227.2},"delta_mean_c":0.0,"delta_dose_pct":0,"distance_mi":0.884,"status_now":"walk","status_rec":"bus_eligible","reason":"Coolest route mean 38.2C exceeds threshold (110 C-min dose, actual 227).","safe_until_hour":"11:00"}},{"type":"Feature","geometry":{"type":"Polygon","coordinates":[[[-81.45479899956477,28.53007700007878],[-81.45480199993781,28.529829000130647],[-81.4547860000443,28.52828799999587],[-81.45478299967125,28.527991000287866],[-81.45479100006716,28.52769199978959],[-81.45466399984556,28.527692999766273],[-81.45428300007907,28.527696999672933],[-81.45415699968235,28.52769899962619],[-81.45379400035752,28.527702000345247],[-81.45270800006108,28.527713000087168],[-81.45234599966284,28.52771699999308],[-81.45234800021097,28.5281299997186],[-81.4523509996857,28.52872899971653],[-81.45233899999013,28.528868999718025],[-81.45231100040104,28.52900800035864],[-81.45228999958633,28.529076000270212],[-81.45223699988289,28.529209000074953],[-81.45216800028592,28.529335999945474],[-81.4519349997591,28.529676000374412],[-81.45208999956981,28.529761999872708],[-81.4521740001337,28.52981799982031],[-81.45225500032456,28.52987800035123],[-81.45233099959422,28.529941999880226],[-81.45241699980794,28.530024000132563],[-81.45249600034897,28.530111000089818],[-81.45252899996093,28.530152999716968],[-81.45256800031899,28.530202999739775],[-81.452632999718,28.530298999906535],[-81.4526889997945,28.530398999789913],[-81.45270399986312,28.53043199974639],[-81.45273700037339,28.53050300016783],[-81.45277699965806,28.530609000341144],[-81.45280000012258,28.53068900017799],[-81.4528229996888,28.530798999953127],[-81.45283000025982,28.53082700004979],[-81.4528439996052,28.53093799962677],[-81.45284699997825,28.531047999931303],[-81.45284299978029,28.531135999776502],[-81.45284299978029,28.531158000120968],[-81.45283299973455,28.531248999703223],[-81.45281000016834,28.53137600027241],[-81.45279500009973,28.53142900032801],[-81.452780999856,28.53148300029763],[-81.45274400004608,28.531588000334796],[-81.45269999966516,28.53169100038982],[-81.45264699996171,28.531789999803834],[-81.45258800041047,28.531887000040328],[-81.45255900009816,28.53192599993933],[-81.45252099956501,28.531979999654336],[-81.45244500029536,28.532071000105265],[-81.452752000442,28.532276000026574],[-81.45287600029057,28.53235999990611],[-81.45296800035207,28.532403000147365],[-81.45306700008628,28.532431999749594],[-81.45317099984337,28.532444999650284],[-81.45382100012169,28.532446000371092],[-81.45405299992528,28.53244700030266],[-81.45410700035195,28.532454999754936],[-81.45415699968235,28.532475999892778],[-81.4541800001469,28.53249500016414],[-81.45419600004041,28.532509999919082],[-81.45421000028412,28.53253100004589],[-81.45422799982747,28.532577000008466],[-81.45422700000255,28.53259800012193],[-81.45421899960664,28.532953999905697],[-81.45421699995681,28.533072999804645],[-81.45421699995681,28.533186999946555],[-81.45422000032987,28.533531000264137],[-81.45422100015477,28.533548999635045],[-81.45420699991108,28.533592000180285],[-81.45417299957589,28.533632000157912],[-81.45413699959087,28.53365399998131],[-81.45408899991028,28.533666999731256],[-81.45378099993873,28.53366900036043],[-81.45258300038762,28.533680000268824],[-81.4522879999365,28.53368300002842],[-81.45224199990577,28.53367499988014],[-81.45219099985214,28.533649000380567],[-81.45216599973779,28.53362599984654],[-81.45214399999647,28.53358899962893],[-81.45213700032376,28.533567999712954],[-81.45213499977564,28.533472000156426],[-81.45213099957768,28.53300999973558],[-81.45214499982139,28.532948000344934],[-81.45216999993575,28.5328960001914],[-81.45220099989787,28.532855000006716],[-81.45229999963207,28.53275200030013],[-81.45222600001223,28.532700999979046],[-81.45217999998148,28.532668999873287],[-81.45209299994283,28.532586000170365],[-81.45203299966839,28.532519000086694],[-81.45197400011716,28.532452999891934],[-81.45186899963686,28.532507000126074],[-81.45182599997916,28.53253000011512],[-81.45168399968892,28.532589999891282],[-81.45153800009906,28.53264000033635],[-81.45142699977099,28.532668999873287],[-81.45144100001468,28.5327110000594],[-81.45145899955801,28.532798000166192],[-81.45145899955801,28.532866000000066],[-81.45146699995395,28.533471000234513],[-81.45146899960378,28.533557999713906],[-81.45146600012903,28.533581000262732],[-81.45145000023551,28.53362300008536],[-81.45142000009828,28.53365900037099],[-81.45137900009041,28.533685999787895],[-81.45133100040984,28.53370000024286],[-81.45130499957224,28.53370000024286],[-81.45092999965354,28.533706999680412],[-81.45080499998005,28.53371000022842],[-81.45067899958335,28.533711000147996],[-81.4503029998397,28.533716999665327],[-81.45027299970249,28.533718000374044],[-81.4502230003721,28.53370300000185],[-81.45018700038709,28.53368100018874],[-81.45015700024985,28.53364499991063],[-81.4501389998082,28.533594000021736],[-81.45013799998328,28.533575999869353],[-81.45012700011262,28.533221999667695],[-81.45012399973957,28.53310499978766],[-81.44983199966151,28.53311000020343],[-81.44900099963323,28.53312599979596],[-81.44895600032571,28.533119000319807],[-81.4489079997468,28.533112999979213],[-81.44881999988324,28.533085999626266],[-81.44874100024053,28.53304900000827],[-81.44868799963876,28.533014000229677],[-81.44857499966088,28.533133000060815],[-81.44854000039908,28.53318200032366],[-81.4485219999574,28.533239999880543],[-81.44852100013252,28.533349000226817],[-81.44852100013252,28.533395999754894],[-81.44850500023898,28.53345799967117],[-81.44847400027685,28.533514000022436],[-81.44843499991879,28.533556999792882],[-81.44838300004025,28.53359599986307],[-81.44832799978867,28.533621000244533],[-81.44825599981864,28.533639000389215],[-81.44750599998119,28.53365399998131],[-81.44711199979588,28.53366300005122],[-81.44674199990004,28.533672000120372],[-81.44670799956485,28.533673000040306],[-81.44653100001283,28.533701000162537],[-81.44563800006027,28.533719000293544],[-81.44526899998932,28.53372699964927],[-81.44527099963915,28.53383600028103],[-81.44527700038523,28.534067000117787],[-81.44527999985998,28.53417000011746],[-81.44528200040811,28.534273000016494],[-81.44559399967933,28.534267999655953],[-81.4456549997787,28.534267999655953],[-81.44630300040721,28.534239999684328],[-81.44653199983775,28.534230999663706],[-81.44684499983221,28.53421799998334],[-81.44848199977444,28.534186000338238],[-81.45087500030026,28.53413799966863],[-81.45104799965429,28.534112000283265],[-81.4510689995707,28.534107999830862],[-81.4519570003987,28.534100999630777],[-81.45302199988045,28.534093000303443],[-81.45328399982127,28.534090999682263],[-81.45446800002698,28.534080999732844],[-81.45478900041734,28.534078999900707],[-81.45479000024226,28.534021999933074],[-81.45478199984633,28.533550000345354],[-81.45477199980058,28.532828000376888],[-81.45478100002141,28.531882000355743],[-81.4547860000443,28.531393000069773],[-81.45478699986921,28.53124599987438],[-81.45479400044022,28.530674000163874],[-81.45479799973987,28.53025199978648],[-81.45479899956477,28.53007700007878]],[[-81.45446100035429,28.528210999830367],[-81.45446100035429,28.528714000212712],[-81.4544560003314,28.528762000195893],[-81.45441199995048,28.52889399964235],[-81.45440600010271,28.52931899981634],[-81.45441100012557,28.529382999684763],[-81.45444299991262,28.529473000050658],[-81.45445799998124,28.529557999755557],[-81.4544479999355,28.530042000102394],[-81.45444399973753,28.53007100035423],[-81.45443500041502,28.53009899985507],[-81.45442100017131,28.530125000230466],[-81.45438199981325,28.530171999617913],[-81.45435699969889,28.530191000304683],[-81.45429899997258,28.53021899977364],[-81.45423500039847,28.530230999994735],[-81.45301199983469,28.53022199963171],[-81.45296400015411,28.530208000293186],[-81.45293099964385,28.53018299989132],[-81.45291099955234,28.5301489999035],[-81.452893000009,28.530015999706517],[-81.45287100026772,28.529960999819274],[-81.45284799980315,28.52992699975985],[-81.4528360001076,28.52991300038213],[-81.45278900025194,28.529873999738143],[-81.45273300017543,28.529845000221293],[-81.45267100025116,28.529829000130647],[-81.45250499967149,28.52977600005973],[-81.45243500024961,28.529744999812262],[-81.45239000004376,28.52971300038742],[-81.45234700038606,28.529664000090126],[-81.45233300014236,28.529625000143238],[-81.45233800016524,28.529584000264432],[-81.45249200015101,28.529312000087334],[-81.45255800027326,28.529151999840945],[-81.45260299958078,28.528987000319017],[-81.45262400039549,28.528860000027965],[-81.45263500026614,28.52871700011362],[-81.45262799969512,28.528228000138235],[-81.45263699991597,28.528194000309025],[-81.4526519999846,28.528161999624036],[-81.45267299990098,28.528131999663625],[-81.45269800001533,28.528106000375086],[-81.45272800015258,28.528083000209836],[-81.45276099976454,28.528064999905386],[-81.45279699974955,28.528051000280357],[-81.4528350002827,28.52804299970458],[-81.45326700010283,28.528035999890843],[-81.45425999961451,28.52803100002358],[-81.4543140000412,28.52804299970458],[-81.45437099994261,28.528070999744116],[-81.4544069999276,28.528097999803446],[-81.4544339996918,28.528131999663625],[-81.45445299995835,28.52817000019083],[-81.45446100035429,28.528210999830367]],[[-81.45423700004828,28.53140899992297],[-81.45423399967525,28.53155300007098],[-81.4542300003756,28.531758000210665],[-81.45421000028412,28.531799000032933],[-81.45418400034485,28.53182499998894],[-81.45415400020762,28.531845000315027],[-81.45410700035195,28.53186000016248],[-81.45390899998523,28.531858000288132],[-81.45343000030944,28.53185599962457],[-81.45338400027869,28.531840999776556],[-81.45334499992063,28.53181499982449],[-81.4533159996083,28.53177899969817],[-81.45330100043802,28.53173799986813],[-81.45330100043802,28.531718000310963],[-81.45330200026292,28.531552000130908],[-81.45330499973767,28.531269000138558],[-81.45359099996791,28.53127000008136],[-81.45408300006251,28.531271999966805],[-81.45413499994105,28.531282000182777],[-81.4541669997281,28.531298000052836],[-81.45419900041347,28.531323000190206],[-81.45422600017766,28.53136400018169],[-81.45423700004828,28.53140899992297]]]},"properties":{"block_id":"120950146012003","school_id":"sch_orlo_vista_elementary","kids_est":34,"class":"red","shortest":{"len_m":2927.3,"mean_c":38.22,"peak_c":38.4,"dose":213.0},"coolest":{"len_m":2927.3,"mean_c":38.22,"peak_c":38.4,"dose":213.0},"delta_mean_c":0.0,"delta_dose_pct":0,"distance_mi":0.695,"status_now":"walk","status_rec":"bus_eligible","reason":"Coolest route mean 38.2C exceeds threshold (110 C-min dose, actual 213).","safe_until_hour":"11:00"}},{"type":"Feature","geometry":{"type":"Polygon","coordinates":[[[-81.45080499998005,28.53371000022842],[-81.45079999995718,28.533514000022436],[-81.45078499988857,28.53292800022823],[-81.45078099969061,28.532733000075073],[-81.45064000012361,28.532721000138828],[-81.45060300031369,28.532718000351885],[-81.45044699977976,28.53269299975621],[-81.45037900000769,28.532698000191534],[-81.45029100014415,28.532720000209864],[-81.45022599984682,28.532747999796133],[-81.45017300014337,28.532798000166192],[-81.45013799998328,28.532844999940025],[-81.45013499961024,28.532854000079023],[-81.45012200008975,28.53288999983812],[-81.45012200008975,28.53290199975513],[-81.45012299991465,28.533053999637424],[-81.45012399973957,28.53310499978766],[-81.45012700011262,28.533221999667695],[-81.45013799998328,28.533575999869353],[-81.4501389998082,28.533594000021736],[-81.45015700024985,28.53364499991063],[-81.45018700038709,28.53368100018874],[-81.4502230003721,28.53370300000185],[-81.45027299970249,28.533718000374044],[-81.4503029998397,28.533716999665327],[-81.45067899958335,28.533711000147996],[-81.45080499998005,28.53371000022842]]]},"properties":{"block_id":"120950146012011","school_id":"sch_orlo_vista_elementary","kids_est":1,"class":"red","shortest":{"len_m":3000.8,"mean_c":38.21,"peak_c":38.4,"dose":217.6},"coolest":{"len_m":3000.8,"mean_c":38.21,"peak_c":38.4,"dose":217.6},"delta_mean_c":0.0,"delta_dose_pct":0,"distance_mi":0.759,"status_now":"walk","status_rec":"bus_eligible","reason":"Coolest route mean 38.2C exceeds threshold (110 C-min dose, actual 218).","safe_until_hour":"11:00"}},{"type":"Feature","geometry":{"type":"Polygon","coordinates":[[[-81.45918899988293,28.53062199967753],[-81.45918300003515,28.530406000235967],[-81.45883400005569,28.530404000334087],[-81.45873000029863,28.530404000334087],[-81.45843700039568,28.530404000334087],[-81.4583760002963,28.530405000285032],[-81.45819100034836,28.53042999984501],[-81.45815399964013,28.530441000091468],[-81.45810000011177,28.53047000023359],[-81.45783700034605,28.530717000303824],[-81.45745900005427,28.531075000017168],[-81.45742700026722,28.53108800008526],[-81.45730400024358,28.53108800008526],[-81.45674400037691,28.531091999863083],[-81.45674199982878,28.531187000065778],[-81.45673799963082,28.531475999923174],[-81.4567369998059,28.531571999719528],[-81.45674600002674,28.53178799992821],[-81.4567500002247,28.531907000354607],[-81.45675400042265,28.532002999758404],[-81.45692799960162,28.53201599971201],[-81.4574110003737,28.53209100038462],[-81.45760399981923,28.532103000392556],[-81.4582010003941,28.532073999910626],[-81.45910699986717,28.532062999834608],[-81.4591229997607,28.53195499967281],[-81.45917200016449,28.53129700011036],[-81.45918899988293,28.53062199967753]]]},"properties":{"block_id":"120950146013012","school_id":"sch_orlo_vista_elementary","kids_est":15,"class":"red","shortest":{"len_m":1547.9,"mean_c":38.34,"peak_c":38.4,"dose":114.8},"coolest":{"len_m":1547.9,"mean_c":38.34,"peak_c":38.4,"dose":114.8},"delta_mean_c":0.0,"delta_dose_pct":0,"distance_mi":0.699,"status_now":"walk","status_rec":"bus_eligible","reason":"Coolest route mean 38.3C exceeds threshold (110 C-min dose, actual 115).","safe_until_hour":"14:00"}},{"type":"Feature","geometry":{"type":"Polygon","coordinates":[[[-81.46241599991177,28.546087999819555],[-81.46241599991177,28.546064999633835],[-81.46241400026194,28.54584799969245],[-81.46241000006398,28.54519999977401],[-81.46240900023906,28.544984000230468],[-81.46220300037476,28.54498599985563],[-81.46158800025653,28.54499399993417],[-81.46138400004202,28.544997000160727],[-81.46138499986694,28.545215999897923],[-81.46138800023996,28.54587599973545],[-81.46138999988979,28.546095999814394],[-81.46138999988979,28.546233000223207],[-81.46139300026285,28.54664500017723],[-81.46139400008775,28.54678299966742],[-81.46159699957902,28.5467800002808],[-81.46220900022254,28.54677099975324],[-81.46241300043704,28.54676900016198],[-81.46241300043704,28.54672099970154],[-81.46241300043704,28.546576999767204],[-81.46241400026194,28.546529999806353],[-81.46241400026194,28.546435999821604],[-81.46241500008686,28.546158000148203],[-81.46241599991177,28.546087999819555]]]},"properties":{"block_id":"120950147013022","school_id":"sch_orlo_vista_elementary","kids_est":4,"class":"green","shortest":{"len_m":750.9,"mean_c":38.32,"peak_c":38.4,"dose":55.7},"coolest":{"len_m":750.9,"mean_c":38.32,"peak_c":38.4,"dose":55.7},"delta_mean_c":0.0,"delta_dose_pct":0,"distance_mi":0.357,"status_now":"walk","status_rec":"walk","reason":"Shortest route already under threshold (dose 56).","safe_until_hour":null}},{"type":"Feature","geometry":{"type":"Polygon","coordinates":[[[-81.45727099973328,28.541178000033746],[-81.45726099968755,28.54086000031253],[-81.45725400001484,28.54058899989684],[-81.45725099964181,28.539908999706842],[-81.45725099964181,28.539591999964678],[-81.45704499977748,28.53959299982844],[-81.45642800000942,28.539598999800017],[-81.45622299997001,28.539601000316573],[-81.4562239997949,28.53998500014554],[-81.45622700016797,28.541138999613313],[-81.45622799999286,28.54119999985983],[-81.45623399984066,28.541523999994848],[-81.4564620003446,28.541522000303978],[-81.45664300009459,28.541522000303978],[-81.4566799999045,28.541510999635978],[-81.45705499982321,28.54123400022769],[-81.45708699961027,28.54121099977115],[-81.45714799970965,28.54118899994737],[-81.4571810002199,28.541182000217674],[-81.45727099973328,28.541178000033746]]]},"properties":{"block_id":"120950147011019","school_id":"sch_orlo_vista_elementary","kids_est":1,"class":"green","shortest":{"len_m":153.2,"mean_c":38.3,"peak_c":38.3,"dose":11.3},"coolest":{"len_m":153.2,"mean_c":38.3,"peak_c":38.3,"dose":11.3},"delta_mean_c":0.0,"delta_dose_pct":0,"distance_mi":0.139,"status_now":"walk","status_rec":"walk","reason":"Shortest route already under threshold (dose 11).","safe_until_hour":null}},{"type":"Feature","geometry":{"type":"Polygon","coordinates":[[[-81.46762999968722,28.547072000146795],[-81.4676289998623,28.54700400001252],[-81.4676289998623,28.546800000135324],[-81.4676289998623,28.546732999621426],[-81.4676289998623,28.546657000105764],[-81.4676289998623,28.54643100003836],[-81.4676289998623,28.546356000104346],[-81.4669650002386,28.54637100025324],[-81.46661500043423,28.546379000226583],[-81.46623200011958,28.546384000012296],[-81.46497599994383,28.54641199991279],[-81.46431300014503,28.54642700005371],[-81.46414800028859,28.54642899965152],[-81.46365500036907,28.54643900000708],[-81.46358199967582,28.546441000393795],[-81.46354599969082,28.54645099995909],[-81.46350300003311,28.546482999824462],[-81.46348299994163,28.546529999806353],[-81.46348299994163,28.5467019996283],[-81.46348399976654,28.546758999837692],[-81.46348499959146,28.54683800024298],[-81.4634879999645,28.547075000314166],[-81.46348999961431,28.547153999693354],[-81.46431700034299,28.547137000071658],[-81.46680100020706,28.547087999986378],[-81.46762999968722,28.547072000146795]]]},"properties":{"block_id":"120950147013018","school_id":"sch_orlo_vista_elementary","kids_est":6,"class":"green","shortest":{"len_m":1197.6,"mean_c":38.34,"peak_c":38.4,"dose":89.0},"coolest":{"len_m":1197.6,"mean_c":38.34,"peak_c":38.4,"dose":89.0},"delta_mean_c":0.0,"delta_dose_pct":0,"distance_mi":0.55,"status_now":"walk","status_rec":"walk","reason":"Shortest route already under threshold (dose 89).","safe_until_hour":null}},{"type":"Feature","geometry":{"type":"Polygon","coordinates":[[[-81.46138400004202,28.544997000160727],[-81.46138200039219,28.544625999638868],[-81.46137900001914,28.543550000380492],[-81.46137800019423,28.54351599997102],[-81.46137399999628,28.543147000205863],[-81.46123900027706,28.543143999926613],[-81.46116700030703,28.543143999926613],[-81.46054600034101,28.54314600037584],[-81.4603399995784,28.543147000205863],[-81.46033799992856,28.543519000239677],[-81.46033799992856,28.543570999885198],[-81.46034200012652,28.543890999748886],[-81.46034200012652,28.544636999981496],[-81.46034299995144,28.545010000089366],[-81.46055100036389,28.54500699986318],[-81.46117499980464,28.54499899978562],[-81.46138400004202,28.544997000160727]]]},"properties":{"block_id":"120950147012003","school_id":"sch_orlo_vista_elementary","kids_est":1,"class":"green","shortest":{"len_m":442.6,"mean_c":38.34,"peak_c":38.4,"dose":32.8},"coolest":{"len_m":442.6,"mean_c":38.34,"peak_c":38.4,"dose":32.8},"delta_mean_c":0.0,"delta_dose_pct":0,"distance_mi":0.219,"status_now":"walk","status_rec":"walk","reason":"Shortest route already under threshold (dose 33).","safe_until_hour":null}},{"type":"Feature","geometry":{"type":"Polygon","coordinates":[[[-81.45107500031679,28.540294999705697],[-81.45105100002735,28.540147000233148],[-81.45104400035464,28.540047999990044],[-81.45104500017956,28.539777999714925],[-81.45105199985225,28.538788999760033],[-81.45105400040039,28.5382220001304],[-81.45105500022531,28.537998999753132],[-81.45106000024819,28.537704000344313],[-81.45106500027104,28.537343999706028],[-81.45106600009596,28.53732999973523],[-81.45106000024819,28.53690000006576],[-81.45106000024819,28.536262999985638],[-81.45106000024819,28.53624299970891],[-81.45105199985225,28.535903999846905],[-81.45104600000447,28.535545000063316],[-81.45103500013383,28.53471599976768],[-81.45103599995872,28.53447000030146],[-81.45103699978364,28.534306000338304],[-81.45104799965429,28.534112000283265],[-81.45087500030026,28.53413799966863],[-81.44848199977444,28.534186000338238],[-81.44684499983221,28.53421799998334],[-81.44653199983775,28.534230999663706],[-81.44630300040721,28.534239999684328],[-81.4456549997787,28.534267999655953],[-81.44559399967933,28.534267999655953],[-81.44528200040811,28.534273000016494],[-81.44517799975272,28.534273999930726],[-81.44486300010844,28.534280000205204],[-81.44481399970465,28.534291999963873],[-81.44476900039712,28.534313999649466],[-81.44479100013844,28.53435200031523],[-81.44480100018417,28.534448999771854],[-81.44480000035925,28.53448000021396],[-81.44479100013844,28.53499800006613],[-81.4447889995903,28.535170999682613],[-81.44478699994048,28.535348000209748],[-81.44478100009268,28.535879999906108],[-81.44478000026778,28.535972999942125],[-81.44479600016129,28.53601199990733],[-81.44482399975038,28.536043999787104],[-81.44486200028354,28.53606699979329],[-81.44490499994124,28.53607900013765],[-81.44495599999487,28.536078000240543],[-81.44537899959417,28.536071000171333],[-81.4455209998844,28.53606900037689],[-81.4455350001281,28.536171999998025],[-81.4455340003032,28.53624600018471],[-81.44552699973218,28.536781999644063],[-81.44552599990726,28.536960999609988],[-81.44552400025744,28.53714199983507],[-81.44551900023457,28.53768600010485],[-81.44551900023457,28.537746999983224],[-81.44552400025744,28.537766999974448],[-81.44554299962569,28.53780400030336],[-81.44558299980866,28.537846999901394],[-81.4456260003647,28.537872999943517],[-81.44566999984733,28.537886999842087],[-81.44582300000819,28.537884000202215],[-81.44609400016984,28.537879999893075],[-81.44657200002072,28.537861999683674],[-81.44674799974781,28.537855999613168],[-81.4467810002581,28.537861999683674],[-81.4468170002431,28.537879999893075],[-81.44690000008377,28.53782099985287],[-81.44692299964998,28.537812000138093],[-81.44694399956639,28.537805000184093],[-81.4473019997667,28.537793000036316],[-81.44742899998829,28.537788999723638],[-81.44762200033213,28.53778299964905],[-81.44819999974214,28.537766000093356],[-81.4483939999109,28.537760999898534],[-81.4483939999109,28.537924000128864],[-81.44839499973583,28.538414999845806],[-81.44839599956072,28.53857899972689],[-81.44839599956072,28.53877499998132],[-81.44839800010885,28.539364999866976],[-81.44839899993377,28.5395620001015],[-81.44820599958993,28.539568000074834],[-81.44786900020436,28.539580000020443],[-81.44762700035501,28.539580000020443],[-81.44743499983606,28.539580000020443],[-81.44743400001117,28.539874999700526],[-81.44743400001117,28.539986999865633],[-81.4474440000569,28.541209000074275],[-81.44744599970673,28.541402999688362],[-81.44746099977534,28.541457000070587],[-81.44748900026275,28.5415059996189],[-81.44755500038498,28.541583000328657],[-81.44771699986839,28.541496000373236],[-81.44790600001427,28.54140900034596],[-81.44792399955762,28.541400999995137],[-81.44813799981786,28.54131800006823],[-81.44900800020423,28.541000999830917],[-81.44937700027516,28.54086700006362],[-81.44957800011662,28.54079499967068],[-81.45007400040917,28.54061900025668],[-81.45018300018913,28.540582000127277],[-81.45038700040361,28.54051600024807],[-81.45052399977264,28.54046999980555],[-81.45086000023163,28.540360999723415],[-81.45093600039962,28.54033700000869],[-81.45107500031679,28.540294999705697]]]},"properties":{"block_id":"120950146013001","school_id":"sch_orlo_vista_elementary","kids_est":4,"class":"red","shortest":{"len_m":1629.8,"mean_c":38.1,"peak_c":38.3,"dose":115.2},"coolest":{"len_m":1629.8,"mean_c":38.1,"peak_c":38.3,"dose":115.2},"delta_mean_c":0.0,"delta_dose_pct":0,"distance_mi":0.693,"status_now":"walk","status_rec":"bus_eligible","reason":"Coolest route mean 38.1C exceeds threshold (110 C-min dose, actual 115).","safe_until_hour":"14:00"}},{"type":"Feature","geometry":{"type":"Polygon","coordinates":[[[-81.46346799987302,28.54131800006823],[-81.46346799987302,28.54121800028802],[-81.46346600022319,28.540445000260064],[-81.46345899965219,28.540298000066144],[-81.46339099988012,28.54029399984859],[-81.4628689996483,28.540196000390832],[-81.46278199960967,28.540171999849417],[-81.46266000030924,28.540113000303634],[-81.46253599956236,28.54002300034435],[-81.46246299976744,28.539986999865633],[-81.46238300029981,28.53996399992595],[-81.4623890001476,28.540397999930438],[-81.46239400017048,28.54135199960885],[-81.46246600014048,28.54135199960885],[-81.4634670000481,28.541339000017896],[-81.46346799987302,28.54131800006823]]]},"properties":{"block_id":"120950147012009","school_id":"sch_orlo_vista_elementary","kids_est":1,"class":"green","shortest":{"len_m":1063.0,"mean_c":38.37,"peak_c":38.4,"dose":79.3},"coolest":{"len_m":1063.0,"mean_c":38.37,"peak_c":38.4,"dose":79.3},"delta_mean_c":0.0,"delta_dose_pct":0,"distance_mi":0.26,"status_now":"walk","status_rec":"walk","reason":"Shortest route already under threshold (dose 79).","safe_until_hour":null}}]}