{"type":"FeatureCollection","features":[{"type":"Feature","geometry":{"type":"Polygon","coordinates":[[[-81.434079999832,28.576913000339935],[-81.4340959997255,28.576879999959523],[-81.43402299993058,28.576812999657413],[-81.43382600028708,28.576578000085235],[-81.43362299989751,28.576295999905692],[-81.43338900044408,28.575874999624],[-81.43328300013887,28.575587999950205],[-81.43320299977293,28.575311000261898],[-81.43317099998588,28.575120000171516],[-81.43316000011521,28.574730999873434],[-81.43316000011521,28.574547999718316],[-81.43315699974218,28.574373999780004],[-81.43309700036602,28.574373999780004],[-81.43300799977926,28.57437500010239],[-81.43301700000008,28.574547000186488],[-81.4330110001523,28.574745999923774],[-81.43304799996223,28.57533699973108],[-81.4331169995592,28.57558699963936],[-81.43328800016174,28.57604499979811],[-81.43360199998111,28.576587999943435],[-81.43389599970897,28.576944999623176],[-81.43402700012854,28.577104000330195],[-81.43404999969475,28.577123999945655],[-81.43404800004494,28.577101000229767],[-81.43404700022002,28.577059999900634],[-81.43405300006782,28.577005000126604],[-81.43406399993845,28.576958000339975],[-81.434079999832,28.576913000339935]]]},"properties":{"block_id":"120950187004008","school_id":"sch_lucious_and_emma_nixon_academy_charter","kids_est":0,"class":"green","shortest":{"len_m":1549.8,"mean_c":37.95,"peak_c":38.2,"dose":106.3},"coolest":{"len_m":1549.8,"mean_c":37.95,"peak_c":38.2,"dose":106.3},"delta_mean_c":0.0,"delta_dose_pct":0,"distance_mi":0.602,"status_now":"walk","status_rec":"walk","reason":"Shortest route already under threshold (dose 106).","safe_until_hour":null}},{"type":"Feature","geometry":{"type":"Polygon","coordinates":[[[-81.43073900000033,28.575296999816846],[-81.43072800012966,28.574792000380338],[-81.43072700030477,28.574739000058333],[-81.43071499971089,28.574180999706712],[-81.43069999964229,28.57347700025177],[-81.4306949996194,28.573277000147904],[-81.43068399974874,28.57277300003028],[-81.4306800004491,28.57258999962489],[-81.43067899972588,28.572550000243957],[-81.43044699992228,28.57255299968525],[-81.42983600000201,28.572557000255042],[-81.42754600030668,28.57257399971659],[-81.42662900006465,28.572580999726082],[-81.42661999984381,28.5726179996558],[-81.42661200034622,28.572647000018076],[-81.42660499977522,28.57266800003058],[-81.42659399990455,28.572699999816233],[-81.426582000209,28.572729000155903],[-81.42657299998817,28.572748999814202],[-81.4265610002926,28.572774000367893],[-81.4265489996987,28.572801000012504],[-81.42653899965296,28.57281600033801],[-81.42653899965296,28.57289100035571],[-81.42654299985092,28.5730900000698],[-81.4265610002926,28.574390000203476],[-81.4265610002926,28.57445199965192],[-81.42760099965996,28.574446000088624],[-81.42863900027581,28.574441000057842],[-81.43055099967937,28.574429999673676],[-81.43056200044833,28.574826000156055],[-81.4305749999688,28.575296999816846],[-81.4306879999467,28.575296999816846],[-81.43073900000033,28.575296999816846]]]},"properties":{"block_id":"120950187002006","school_id":"sch_lucious_and_emma_nixon_academy_charter","kids_est":0,"class":"green","shortest":{"len_m":1390.6,"mean_c":37.99,"peak_c":38.2,"dose":96.5},"coolest":{"len_m":1390.6,"mean_c":37.99,"peak_c":38.2,"dose":96.5},"delta_mean_c":0.0,"delta_dose_pct":0,"distance_mi":0.499,"status_now":"walk","status_rec":"walk","reason":"Shortest route already under threshold (dose 96).","safe_until_hour":null}},{"type":"Feature","geometry":{"type":"Polygon","coordinates":[[[-81.4308999996588,28.581695000367493],[-81.43088700013834,28.58123199985936],[-81.4308849995902,28.581156000008836],[-81.4308779999175,28.580913999641517],[-81.43087200006973,28.58072999972622],[-81.43085700000111,28.580190999943863],[-81.43085100015333,28.579949999991992],[-81.43084799978028,28.5798349997189],[-81.43084299975742,28.579677000256655],[-81.43084199993248,28.5796439999546],[-81.43083899955944,28.579492999755054],[-81.43083600008471,28.579379000045865],[-81.43083199988675,28.579239999624328],[-81.43082400038915,28.578887999664904],[-81.43082299966592,28.57882299962419],[-81.4308210000161,28.578685000327006],[-81.43081900036627,28.57856200035493],[-81.43081299962019,28.578195000147836],[-81.43081099997036,28.57807299988997],[-81.4306519999617,28.57807299988997],[-81.43052800011314,28.57807299988997],[-81.43016099969202,28.57807499967548],[-81.42999900020862,28.578075999962675],[-81.42992300004065,28.578075999962675],[-81.42969899973465,28.578075999962675],[-81.42968000036639,28.578075999962675],[-81.4296240002899,28.57807700024986],[-81.42956400001543,28.57807700024986],[-81.42940099980883,28.578077999748135],[-81.4293280000139,28.578077999748135],[-81.42925900041692,28.578077999748135],[-81.42920699964006,28.578077999748135],[-81.42884699978997,28.578085000180263],[-81.42874300003288,28.578088000252624],[-81.42872899978917,28.578168999807286],[-81.42872999961409,28.578190000295226],[-81.42884799961486,28.578190000295226],[-81.42920499999023,28.578190000295226],[-81.42932399981594,28.578190999792437],[-81.42939800033407,28.5781930003646],[-81.42941099985457,28.578660000389206],[-81.42947299977885,28.578657000333155],[-81.42963000013769,28.57866200016356],[-81.42969799990973,28.57865900010757],[-81.42969000041214,28.578358000103417],[-81.42968600021418,28.578209999704207],[-81.42969799990973,28.57820900020719],[-81.4299260004137,28.578198000217057],[-81.43000300040659,28.578195000147836],[-81.43016599971489,28.578195000147836],[-81.43052800011314,28.578195000147836],[-81.43064899958864,28.578195000147836],[-81.43066000035762,28.5785629998486],[-81.43066399965727,28.578685000327006],[-81.43066600020539,28.57882299962419],[-81.43066799985523,28.57888899994435],[-81.43067700007606,28.579242000176528],[-81.43068100027402,28.579380999806556],[-81.4306879999467,28.579628000330313],[-81.42943400031909,28.57963499987042],[-81.42943699979384,28.579650000010297],[-81.4294419998167,28.579843999785957],[-81.42945799971024,28.5804060003448],[-81.42946600010615,28.58073599971996],[-81.43071700025904,28.580729000253132],[-81.43072300010681,28.580919999624697],[-81.43072999977949,28.581157000266707],[-81.43072999977949,28.58124000033861],[-81.43074300019829,28.581694000114712],[-81.43084100010759,28.581694000114712],[-81.4308999996588,28.581695000367493]]]},"properties":{"block_id":"120950124031073","school_id":"sch_lucious_and_emma_nixon_academy_charter","kids_est":0,"class":"green","shortest":{"len_m":1564.7,"mean_c":37.87,"peak_c":38.2,"dose":105.9},"coolest":{"len_m":1564.7,"mean_c":37.87,"peak_c":38.2,"dose":105.9},"delta_mean_c":0.0,"delta_dose_pct":0,"distance_mi":0.901,"status_now":"walk","status_rec":"walk","reason":"Shortest route already under threshold (dose 106).","safe_until_hour":null}},{"type":"Feature","geometry":{"type":"Polygon","coordinates":[[[-81.44261699989575,28.565155999988217],[-81.44261100004796,28.564869999890423],[-81.4425919997814,28.564764999893963],[-81.44257300041313,28.56473199964803],[-81.44247399978062,28.564610999972704],[-81.44233700041158,28.56441800013738],[-81.44228700018286,28.56436900020459],[-81.44202500024204,28.564275000366322],[-81.44192499978463,28.564220000220615],[-81.44175699955512,28.564060999766717],[-81.44164500030045,28.563983999713603],[-81.44160099991952,28.56396699965335],[-81.4415640001096,28.56397299981417],[-81.44151399988088,28.5640170001941],[-81.44147000039827,28.564032999825653],[-81.44125399958986,28.564077999811797],[-81.44110899982493,28.564109999842852],[-81.44085299973189,28.564032999825653],[-81.44064799969247,28.56412699988008],[-81.44028600019254,28.56420399982849],[-81.4401489999252,28.56420399982849],[-81.43942599985193,28.564083000335057],[-81.43924500010196,28.564011000035798],[-81.43912000042849,28.563978000342413],[-81.43892700008465,28.563890000320452],[-81.43883699967294,28.563837000029704],[-81.43877800012173,28.56380200022493],[-81.43859099962566,28.563653999862524],[-81.43839700035521,28.56340100030157],[-81.43832899968484,28.563185999863013],[-81.43829799972269,28.56299899999784],[-81.43831000031659,28.562811999800367],[-81.43839099960911,28.56265800017733],[-81.43848500021876,28.56258599969215],[-81.43855999966351,28.562420999676764],[-81.43880700043404,28.56205199988246],[-81.43883400019821,28.562013999742533],[-81.43889000027471,28.561854000248562],[-81.43888699990167,28.561815000384318],[-81.43888400042692,28.561772000314953],[-81.43892100023685,28.561672999886724],[-81.43889600012248,28.561342999890638],[-81.43907100002468,28.561083999972396],[-81.43911399968238,28.56084699987262],[-81.43918900002546,28.56064900033896],[-81.43918900002546,28.560572000156714],[-81.43929500033066,28.560324999868293],[-81.43932299991977,28.560284000102904],[-81.43932999959245,28.560272000149343],[-81.43935200023208,28.560237999615907],[-81.43935999972967,28.560227000113926],[-81.43937599962321,28.56020399986046],[-81.4394879997762,28.560082999713547],[-81.43973700019654,28.559885000320733],[-81.4397680001587,28.559869000058697],[-81.43986199987002,28.55982399985099],[-81.43999300028959,28.559780000085187],[-81.44010899974222,28.559755000389405],[-81.43937800017135,28.559758999867707],[-81.43875700020533,28.559763000134875],[-81.43811899962256,28.559766999612886],[-81.43812399964541,28.5601899997723],[-81.4381289996683,28.56057099970311],[-81.43813299986626,28.560951999832884],[-81.43814000043727,28.56152400003094],[-81.43814200008708,28.561711999803524],[-81.43814799993487,28.562092999748188],[-81.43816399982839,28.563371000119947],[-81.43816999967616,28.563845000253927],[-81.43817600042229,28.5643610000202],[-81.43820999985914,28.566975999900112],[-81.43752100012107,28.566977999896558],[-81.43713399960846,28.566981000285665],[-81.43710299964633,28.567178999741554],[-81.43706400018658,28.567425000124423],[-81.4371710003167,28.567776999781195],[-81.4372900001424,28.568163999781923],[-81.43749400035689,28.568833999951057],[-81.4375150002733,28.568902999772085],[-81.43755799993099,28.569044999981802],[-81.43760200031191,28.56918699999982],[-81.43752600014393,28.569298000174946],[-81.43730000018813,28.56963299994377],[-81.43722599966996,28.569745000014745],[-81.43728199974647,28.569763000296856],[-81.43744999997595,28.569817000335565],[-81.43750600005245,28.569834999816404],[-81.43797999970538,28.569987000042904],[-81.4384600001044,28.569855000024837],[-81.4387909996422,28.56956100028593],[-81.43892700008465,28.569441999801228],[-81.43893999960511,28.569437000321507],[-81.43997400002301,28.569067999881028],[-81.4400929998487,28.56902400003505],[-81.44062900032421,28.568749000383708],[-81.4411210004188,28.56834199967538],[-81.44122099997792,28.56825400014691],[-81.44140799957567,28.567979000061055],[-81.44147000039827,28.5676869997972],[-81.44162000018609,28.567350999755455],[-81.4416639996687,28.567120000337102],[-81.441656999996,28.566983000282022],[-81.4416700004148,28.566746000053485],[-81.44168799995816,28.566653000367292],[-81.44171300007251,28.566585999863772],[-81.44175099970735,28.56653700015143],[-81.44189999967027,28.566327999834293],[-81.44204199996048,28.56617599984499],[-81.44224299980192,28.565965000373183],[-81.44229300003065,28.565888000135242],[-81.44234300025936,28.565761000152484],[-81.44235499995493,28.565613000178047],[-81.44245500041235,28.56549700039375],[-81.44256699966704,28.565320999660674],[-81.44261699989575,28.565155999988217]]]},"properties":{"block_id":"120950120002010","school_id":"sch_lucious_and_emma_nixon_academy_charter","kids_est":0,"class":"red","shortest":{"len_m":3598.8,"mean_c":38.11,"peak_c":38.2,"dose":255.5},"coolest":{"len_m":3598.8,"mean_c":38.11,"peak_c":38.2,"dose":255.5},"delta_mean_c":0.0,"delta_dose_pct":0,"distance_mi":0.488,"status_now":"walk","status_rec":"bus_eligible","reason":"Coolest route mean 38.1C exceeds threshold (110 C-min dose, actual 256).","safe_until_hour":"11:00"}},{"type":"Feature","geometry":{"type":"Polygon","coordinates":[[[-81.43034800018809,28.55558399989079],[-81.43034099961707,28.555103999764583],[-81.42979599981905,28.555108000208655],[-81.42978999997123,28.554668999880594],[-81.42978800032142,28.554586000152],[-81.42877800019298,28.554592999779867],[-81.42854200019143,28.554594000290287],[-81.42811100019621,28.554597999964663],[-81.4279620002333,28.55460000019638],[-81.42783900020964,28.554600999917668],[-81.4278430004076,28.554685999864454],[-81.42785299955503,28.55537400020346],[-81.42733399969626,28.555377999848222],[-81.4272299999392,28.555379000351174],[-81.4272299999392,28.555407000227177],[-81.42698399989189,28.555408999654407],[-81.42687400028703,28.555410000157064],[-81.4266819997681,28.555412000373313],[-81.4266819997681,28.555440999953838],[-81.42651799973657,28.555441999667146],[-81.42640700030681,28.555443999882755],[-81.42640499975866,28.555479000099478],[-81.426393999888,28.556257000357267],[-81.42689900040139,28.556252999956858],[-81.42723900016001,28.556250000050927],[-81.42832799993117,28.55624100033276],[-81.428702000025,28.556237999637506],[-81.42907600011883,28.556234999731196],[-81.42981099988764,28.556228999918275],[-81.42980800041292,28.556013999822163],[-81.42980199966682,28.555589000028515],[-81.43034800018809,28.55558399989079]]]},"properties":{"block_id":"120950187002024","school_id":"sch_lucious_and_emma_nixon_academy_charter","kids_est":0,"class":"red","shortest":{"len_m":1742.6,"mean_c":38.17,"peak_c":38.2,"dose":125.3},"coolest":{"len_m":1742.6,"mean_c":38.17,"peak_c":38.2,"dose":125.3},"delta_mean_c":0.0,"delta_dose_pct":0,"distance_mi":0.794,"status_now":"walk","status_rec":"bus_eligible","reason":"Coolest route mean 38.2C exceeds threshold (110 C-min dose, actual 125).","safe_until_hour":"14:00"}},{"type":"Feature","geometry":{"type":"Polygon","coordinates":[[[-81.43059900025824,28.576219000128102],[-81.43057699961861,28.575386000078627],[-81.4305749999688,28.575296999816846],[-81.43053599961074,28.575296999816846],[-81.43048600028034,28.575296999816846],[-81.42971800000123,28.575298000130438],[-81.42966100009983,28.575298999655143],[-81.42957200041135,28.57531199978646],[-81.42741800026016,28.575319999927174],[-81.42658800005678,28.57532499991619],[-81.42659999975234,28.575714999905188],[-81.42661499982096,28.576232999661546],[-81.42595799986992,28.576242000036835],[-81.42588599989989,28.576243000341446],[-81.42558499960103,28.576246999982033],[-81.42556700005767,28.576246999982033],[-81.42494899956638,28.5762500001068],[-81.42389099975736,28.576256999871696],[-81.42309700043731,28.57625899969175],[-81.42247999977091,28.57626100030064],[-81.42248399996888,28.576416000040957],[-81.42248099959582,28.57662199992759],[-81.42247899994601,28.57677599962531],[-81.42250599971018,28.577706999845077],[-81.42250700043343,28.577736999883754],[-81.42252199960372,28.57806900031882],[-81.42252300032693,28.578096999680312],[-81.42307300014784,28.578096999680312],[-81.42350199959493,28.578096999680312],[-81.42472299961057,28.5780910003249],[-81.42527400015472,28.578088999750815],[-81.42568800043149,28.578086999965556],[-81.4268089999897,28.578082000107834],[-81.42693000036354,28.578083999893167],[-81.42734399974199,28.5780910003249],[-81.42755499962921,28.578090000037857],[-81.4281870003642,28.578088999750815],[-81.42839900007628,28.578088999750815],[-81.42846400037364,28.578088000252624],[-81.42866199984202,28.578088000252624],[-81.42872799996427,28.578088000252624],[-81.42874300003288,28.578088000252624],[-81.42869000032944,28.576229000020433],[-81.42972700022206,28.57622299976959],[-81.43059900025824,28.576219000128102]]]},"properties":{"block_id":"120950187002004","school_id":"sch_lucious_and_emma_nixon_academy_charter","kids_est":0,"class":"red","shortest":{"len_m":1755.9,"mean_c":37.86,"peak_c":38.2,"dose":118.3},"coolest":{"len_m":1757.8,"mean_c":37.84,"peak_c":38.2,"dose":118.2},"delta_mean_c":-0.02,"delta_dose_pct":0,"distance_mi":0.763,"status_now":"walk","status_rec":"bus_eligible","reason":"Coolest route mean 37.8C exceeds threshold (110 C-min dose, actual 118).","safe_until_hour":"14:00"}},{"type":"Feature","geometry":{"type":"Polygon","coordinates":[[[-81.43065500033474,28.57044799962577],[-81.43064899958864,28.570157000264533],[-81.43064699993883,28.57004400026849],[-81.43064000026612,28.569873999864292],[-81.43063199987022,28.56970500034123],[-81.42993899993417,28.56970700028582],[-81.42981900028357,28.56968599968231],[-81.42979599981905,28.56968599968231],[-81.42960599984823,28.569717000008197],[-81.42946399955802,28.569722999841165],[-81.42937999989243,28.56972099989688],[-81.42928000033332,28.569703999974443],[-81.42921199966294,28.569690000361057],[-81.42916300015744,28.569687999627256],[-81.42861099978839,28.569696999773544],[-81.42857700035154,28.569705999919048],[-81.4285480000392,28.569724999785425],[-81.42852700012281,28.569750000268726],[-81.42851500042724,28.569780000209764],[-81.42851999955181,28.570120000258218],[-81.4285050003815,28.570157999838063],[-81.42847199987123,28.570185000153987],[-81.42842900021353,28.570196999766225],[-81.42812200006685,28.570161000136487],[-81.42735899981062,28.570124000131585],[-81.42707799960323,28.57011899989539],[-81.42682599970814,28.570124000131585],[-81.4266960000118,28.57013199987786],[-81.42650699986591,28.57015399996598],[-81.42650799969083,28.570261999614424],[-81.42650799969083,28.570297999998598],[-81.42650799969083,28.57036999994101],[-81.42650799969083,28.57038200032107],[-81.42650799969083,28.570417999875247],[-81.42650799969083,28.570430999820797],[-81.42651600008675,28.570524999682675],[-81.42651799973657,28.57061400003686],[-81.42725500005355,28.570705999809686],[-81.42859800026793,28.57089800037998],[-81.42910700008096,28.570966000070616],[-81.42936999984668,28.5710009998594],[-81.43000300040659,28.571087000327918],[-81.4306529997866,28.571290000127657],[-81.43065100013678,28.571078000300542],[-81.43065000031189,28.57097599967334],[-81.43064699993883,28.570661999859787],[-81.43065500033474,28.57044799962577]]]},"properties":{"block_id":"120950187002010","school_id":"sch_lucious_and_emma_nixon_academy_charter","kids_est":0,"class":"green","shortest":{"len_m":488.0,"mean_c":38.13,"peak_c":38.2,"dose":34.7},"coolest":{"len_m":488.0,"mean_c":38.13,"peak_c":38.2,"dose":34.7},"delta_mean_c":0.0,"delta_dose_pct":0,"distance_mi":0.296,"status_now":"walk","status_rec":"walk","reason":"Shortest route already under threshold (dose 35).","safe_until_hour":null}},{"type":"Feature","geometry":{"type":"Polygon","coordinates":[[[-81.43592000016383,28.557461000351516],[-81.43589400022455,28.5573430000826],[-81.43588699965355,28.55730900018114],[-81.43585300021668,28.55721099998605],[-81.4358339999501,28.55717100028278],[-81.43580999966065,28.55713399965604],[-81.43578100024665,28.557099999687072],[-81.43574699991146,28.55707000007671],[-81.43570900027662,28.557044000039244],[-81.43566700044383,28.557023000064923],[-81.43559799994854,28.556999999900434],[-81.43552799962836,28.55698900006017],[-81.43512699977035,28.556991000246406],[-81.43371199958595,28.557002000086467],[-81.4336649997303,28.557002999785006],[-81.43324100030608,28.55699700001584],[-81.4332429999559,28.557166000220178],[-81.43324999962859,28.55767500016755],[-81.43325300000164,28.557844999762928],[-81.43325399982655,28.557969999661594],[-81.43325999967433,28.558345000045087],[-81.43326200022248,28.55847099982361],[-81.4332639998723,28.558644000338383],[-81.4332710004433,28.559163000176827],[-81.43327399991803,28.559336000343322],[-81.43344999964512,28.559334999877965],[-81.43398000027287,28.559334000201638],[-81.43415699982488,28.559334000201638],[-81.43415299962692,28.558967999671076],[-81.43415000015217,28.558690999626407],[-81.43416900041876,28.558644000338383],[-81.43420399968055,28.558605000073836],[-81.43425100043451,28.55857700025942],[-81.4343059997878,28.558563999638586],[-81.43490900021047,28.55855899964209],[-81.43516000028063,28.5585579999584],[-81.43527300025853,28.558573999630738],[-81.43528599977901,28.558503999665565],[-81.43529900019782,28.558455999820303],[-81.43540200012998,28.558108999778614],[-81.43543700029007,28.557994000092247],[-81.43544599961258,28.557961000090486],[-81.43549500001637,28.55785799968358],[-81.43550199968908,28.557844000072443],[-81.43557600020725,28.55773600030458],[-81.43566599972061,28.557637000025494],[-81.43574000023878,28.55757200026986],[-81.43579200011732,28.557534999784057],[-81.43582899992722,28.55751000034413],[-81.43592000016383,28.557461000351516]]]},"properties":{"block_id":"120950187003007","school_id":"sch_lucious_and_emma_nixon_academy_charter","kids_est":2,"class":"red","shortest":{"len_m":1639.6,"mean_c":38.15,"peak_c":38.2,"dose":117.4},"coolest":{"len_m":1639.6,"mean_c":38.15,"peak_c":38.2,"dose":117.4},"delta_mean_c":0.0,"delta_dose_pct":0,"distance_mi":0.628,"status_now":"walk","status_rec":"bus_eligible","reason":"Coolest route mean 38.1C exceeds threshold (110 C-min dose, actual 117).","safe_until_hour":"14:00"}},{"type":"Feature","geometry":{"type":"Polygon","coordinates":[[[-81.43203700000888,28.56929400027018],[-81.43203700000888,28.569143000203606],[-81.43202899961294,28.56906300038359],[-81.43200100002386,28.569046999938923],[-81.43188600039615,28.569052999810108],[-81.4316090003867,28.56905499976709],[-81.4314339995862,28.569056999724033],[-81.43116900017064,28.56906300038359],[-81.43103000025346,28.569060999637806],[-81.43098000002475,28.56906300038359],[-81.43094300021484,28.56909299973154],[-81.43092499977317,28.56913500038213],[-81.4309130000776,28.56923699963831],[-81.4309130000776,28.569366000110662],[-81.43091100042778,28.569479000045895],[-81.43092300012334,28.56955499965477],[-81.43095200043567,28.569640000148933],[-81.43098199967457,28.569664000285268],[-81.43107799993406,28.569675999956917],[-81.43115599975184,28.56967400001174],[-81.43143799978415,28.569668000175977],[-81.4316729999608,28.569666000230647],[-81.43185399971077,28.569668000175977],[-81.43194999997023,28.569662000339864],[-81.43199500017609,28.569649999877683],[-81.43201500026755,28.56961900032093],[-81.4320329998109,28.56957899981057],[-81.43203700000888,28.56929400027018]]]},"properties":{"block_id":"120950187004005","school_id":"sch_lucious_and_emma_nixon_academy_charter","kids_est":1,"class":"green","shortest":{"len_m":330.8,"mean_c":38.12,"peak_c":38.2,"dose":23.6},"coolest":{"len_m":330.8,"mean_c":38.12,"peak_c":38.2,"dose":23.6},"delta_mean_c":0.0,"delta_dose_pct":0,"distance_mi":0.18,"status_now":"walk","status_rec":"walk","reason":"Shortest route already under threshold (dose 24).","safe_until_hour":null}},{"type":"Feature","geometry":{"type":"Polygon","coordinates":[[[-81.43211300017684,28.56537800004689],[-81.43211499982668,28.56504100011127],[-81.43075400006894,28.565051000277055],[-81.43066600020539,28.565051999899143],[-81.43055300022749,28.56505300031015],[-81.43055300022749,28.565087999698846],[-81.4305540000524,28.565363999857976],[-81.43055499987732,28.565603999682455],[-81.43055599970222,28.565638999676867],[-81.43073800017542,28.565636000038484],[-81.43162399955699,28.565621999883945],[-81.43178900031175,28.56561999986171],[-81.43183799981723,28.565590000312618],[-81.43186700012956,28.565578999791995],[-81.43189399989373,28.565574999745873],[-81.4320810003898,28.565572999722736],[-81.43211200035194,28.56557699976896],[-81.43211300017684,28.56537800004689]]]},"properties":{"block_id":"120950187004017","school_id":"sch_lucious_and_emma_nixon_academy_charter","kids_est":2,"class":"green","shortest":{"len_m":271.3,"mean_c":38.1,"peak_c":38.1,"dose":19.3},"coolest":{"len_m":271.3,"mean_c":38.1,"peak_c":38.1,"dose":19.3},"delta_mean_c":0.0,"delta_dose_pct":0,"distance_mi":0.098,"status_now":"walk","status_rec":"walk","reason":"Shortest route already under threshold (dose 19).","safe_until_hour":null}},{"type":"Feature","geometry":{"type":"Polygon","coordinates":[[[-81.42944000016688,28.565590000312618],[-81.42943500014401,28.565282000292203],[-81.42942699974809,28.56524900020837],[-81.42939699961087,28.56519799984331],[-81.42928299980805,28.565097999860168],[-81.42892200013301,28.56478300023897],[-81.42887799975209,28.56474999999866],[-81.42883199972134,28.564722999866074],[-81.42880999998003,28.564720999826758],[-81.4283920004036,28.564728000358688],[-81.42835700024351,28.56473199964803],[-81.42831700006055,28.564747999959874],[-81.42813200011261,28.56491199985971],[-81.42809199992963,28.564926999731938],[-81.42804900027191,28.564926999731938],[-81.42800900008895,28.564911000236286],[-81.42785199973011,28.564762999855457],[-81.42780499987447,28.56473900017922],[-81.42741999990999,28.564737000140205],[-81.4273780000772,28.564739999804274],[-81.42731600015291,28.564756000114837],[-81.42685900021841,28.565014999675775],[-81.42683099973102,28.565047000210843],[-81.42681599966241,28.565085000044753],[-81.42682200040849,28.565425000272885],[-81.42683199955592,28.56545200022537],[-81.4271100002886,28.565666999979626],[-81.42715799996917,28.565689000212238],[-81.42721099967262,28.565695000274868],[-81.42808199988389,28.565586000266855],[-81.4281250004399,28.56558699988387],[-81.42815800005187,28.565594000358182],[-81.42819300021198,28.56560799972747],[-81.42822300034919,28.5656279999504],[-81.42860699959043,28.565972999646675],[-81.4286469997734,28.56600099986057],[-81.42867600008573,28.5660140003518],[-81.42874600040592,28.56602700005246],[-81.4288560000108,28.566029000066944],[-81.42899099973,28.56602300002335],[-81.429026999715,28.56601200033701],[-81.42907299974576,28.565982999723886],[-81.42938200044057,28.565708999630782],[-81.42940900020474,28.56567900010706],[-81.42942599992317,28.565652999829158],[-81.42943400031909,28.565631999994512],[-81.42944000016688,28.565590000312618]]]},"properties":{"block_id":"120950187002016","school_id":"sch_lucious_and_emma_nixon_academy_charter","kids_est":0,"class":"green","shortest":{"len_m":423.6,"mean_c":38.1,"peak_c":38.1,"dose":30.1},"coolest":{"len_m":423.6,"mean_c":38.1,"peak_c":38.1,"dose":30.1},"delta_mean_c":0.0,"delta_dose_pct":0,"distance_mi":0.229,"status_now":"walk","status_rec":"walk","reason":"Shortest route already under threshold (dose 30).","safe_until_hour":null}},{"type":"Feature","geometry":{"type":"Polygon","coordinates":[[[-81.43055999990018,28.566136000392675],[-81.43055900007528,28.566071000362612],[-81.43055800025036,28.566029000066944],[-81.43055800025036,28.5659820001107],[-81.43055800025036,28.56589299978353],[-81.43055700042545,28.565765999806793],[-81.43055599970222,28.565638999676867],[-81.43055499987732,28.565603999682455],[-81.4305540000524,28.565363999857976],[-81.43055300022749,28.565087999698846],[-81.43055300022749,28.56505300031015],[-81.43054999985443,28.564750999623563],[-81.43054900002953,28.564737000140205],[-81.43054700037972,28.564556000002536],[-81.43054599965647,28.56444899964832],[-81.43054200035684,28.564145999964783],[-81.43053899998378,28.563843000197927],[-81.43053399996093,28.563408999770004],[-81.4305320003111,28.5632689999119],[-81.43052899993805,28.56297499991935],[-81.43052399991518,28.56261600009752],[-81.43052200026536,28.56236299961941],[-81.43052100044044,28.562326999676607],[-81.43051899989231,28.562110000111144],[-81.4305180000674,28.562033000208686],[-81.43051600041755,28.561881999980308],[-81.43051399986942,28.56173199997782],[-81.43051300004453,28.561658999993956],[-81.43050999967147,28.561460999620756],[-81.43050999967147,28.561416000093665],[-81.43050800002165,28.561172999632365],[-81.43050399982369,28.56069400019395],[-81.43049999962572,28.560213999696867],[-81.43049899980083,28.56001599976146],[-81.43049799997591,28.55981899991442],[-81.43037499995226,28.5598160001101],[-81.42840599974899,28.559825999983374],[-81.42812799991465,28.55982699965503],[-81.42774899979794,28.559830000248],[-81.42729500023653,28.559833999723455],[-81.4270180002271,28.559837000316218],[-81.42696700017346,28.559837000316218],[-81.42681400001257,28.55983899965938],[-81.42676399978387,28.559840000119877],[-81.42662599969161,28.559840000119877],[-81.42621399996295,28.559844000384032],[-81.4260769996956,28.559845999727013],[-81.42591000018935,28.559847000187496],[-81.42541200024698,28.559852999794174],[-81.42524700039053,28.559856000386393],[-81.42509900025252,28.559857999729132],[-81.424823000068,28.55986199999254],[-81.4241839996603,28.55987300032169],[-81.42355400037178,28.559883999860606],[-81.42315900036158,28.559892000385364],[-81.42313199969908,28.559892000385364],[-81.42290699956817,28.559895999858465],[-81.4225419996952,28.559902999922294],[-81.42077199968355,28.559936999774965],[-81.42061900042101,28.559940000364804],[-81.42018199967967,28.55993399997408],[-81.4201559997404,28.55993399997408],[-81.4200920001663,28.559936000104354],[-81.41924400041957,28.55995599982709],[-81.41782199966416,28.55998400006373],[-81.41669500025816,28.560005999906302],[-81.41535200004378,28.560048999908037],[-81.41521399995152,28.56003900005601],[-81.41532299973146,28.560295000387953],[-81.41537200013525,28.56040999992757],[-81.41550900040261,28.560862000324242],[-81.41572500031268,28.561841999684933],[-81.4157050002212,28.563117000238364],[-81.41543099968648,28.564314000108],[-81.41509699977566,28.5656279999504],[-81.41505800031591,28.566452000306587],[-81.41515600022518,28.567196999673587],[-81.41534799984582,28.568062999868022],[-81.41535200004378,28.56808000005559],[-81.41556799995384,28.56886400015319],[-81.4156419995737,28.569275000325995],[-81.41572299976454,28.5697150000638],[-81.41642099972346,28.569644999618955],[-81.41710399961374,28.569578000231534],[-81.41726199979752,28.569589999912978],[-81.41791600027379,28.56960499990735],[-81.41849799988177,28.56961799995333],[-81.41889100024214,28.569627000105598],[-81.41908299986278,28.56963200036519],[-81.41926000031307,28.569668000175977],[-81.41946399962927,28.569666999808845],[-81.42172099971263,28.569871999922885],[-81.4221340001645,28.56994999997688],[-81.42237199981588,28.569981000224995],[-81.42239000025755,28.569884999935926],[-81.42239199990738,28.569875000229462],[-81.42240699997598,28.56972400020776],[-81.42241199999886,28.569505000167393],[-81.42239199990738,28.568134000169106],[-81.4223879997094,28.567874000010846],[-81.42239100008246,28.567247999858832],[-81.42239100008246,28.56715299983422],[-81.42326599959338,28.567136000285807],[-81.42326499976846,28.567083000051852],[-81.42326399994356,28.567015000218728],[-81.42324600040021,28.565452999843608],[-81.42324399985206,28.56531599998521],[-81.42359200000662,28.565311999929076],[-81.42437899965398,28.5653019997881],[-81.42438100020213,28.56549500036915],[-81.42439299989769,28.56660399989724],[-81.42439799992056,28.56699500025941],[-81.42439899974548,28.567071999687354],[-81.42439899974548,28.567087000040658],[-81.42439999957037,28.567126000318144],[-81.42450199967764,28.567124999926857],[-81.42484099961133,28.567120000337102],[-81.42500700019102,28.567118999945738],[-81.42522099955295,28.567116000349543],[-81.42586300033368,28.567120000337102],[-81.42600999974846,28.567120999939487],[-81.42607800041884,28.567120000337102],[-81.42644400011672,28.567112999964287],[-81.42646099983516,28.567112000361842],[-81.42646099983516,28.567077000068355],[-81.42646000001027,28.567051000135894],[-81.42646000001027,28.567009999834788],[-81.42645800036043,28.566798000062835],[-81.42645199961433,28.56618599990294],[-81.42696600034854,28.566179999868275],[-81.42697200019634,28.56677299966705],[-81.42697499967106,28.56701700021446],[-81.4276319996221,28.56701399982637],[-81.4290610000502,28.56700700023549],[-81.42950000044134,28.56699199987071],[-81.42949100022051,28.566505000069373],[-81.42948500037274,28.566149999689916],[-81.42960900022129,28.566147999677735],[-81.43047299986155,28.56613799961612],[-81.43055999990018,28.566136000392675]],[[-81.42943500014401,28.565282000292203],[-81.42944000016688,28.565590000312618],[-81.42943400031909,28.565631999994512],[-81.42942599992317,28.565652999829158],[-81.42940900020474,28.56567900010706],[-81.42938200044057,28.565708999630782],[-81.42907299974576,28.565982999723886],[-81.429026999715,28.56601200033701],[-81.42899099973,28.56602300002335],[-81.4288560000108,28.566029000066944],[-81.42874600040592,28.56602700005246],[-81.42867600008573,28.5660140003518],[-81.4286469997734,28.56600099986057],[-81.42860699959043,28.565972999646675],[-81.42822300034919,28.5656279999504],[-81.42819300021198,28.56560799972747],[-81.42815800005187,28.565594000358182],[-81.4281250004399,28.56558699988387],[-81.42808199988389,28.565586000266855],[-81.42721099967262,28.565695000274868],[-81.42715799996917,28.565689000212238],[-81.4271100002886,28.565666999979626],[-81.42683199955592,28.56545200022537],[-81.42682200040849,28.565425000272885],[-81.42681599966241,28.565085000044753],[-81.42683099973102,28.565047000210843],[-81.42685900021841,28.565014999675775],[-81.42731600015291,28.564756000114837],[-81.4273780000772,28.564739999804274],[-81.42741999990999,28.564737000140205],[-81.42780499987447,28.56473900017922],[-81.42785199973011,28.564762999855457],[-81.42800900008895,28.564911000236286],[-81.42804900027191,28.564926999731938],[-81.42809199992963,28.564926999731938],[-81.42813200011261,28.56491199985971],[-81.42831700006055,28.564747999959874],[-81.42835700024351,28.56473199964803],[-81.4283920004036,28.564728000358688],[-81.42880999998003,28.564720999826758],[-81.42883199972134,28.564722999866074],[-81.42887799975209,28.56474999999866],[-81.42892200013301,28.56478300023897],[-81.42928299980805,28.565097999860168],[-81.42939699961087,28.56519799984331],[-81.42942699974809,28.56524900020837],[-81.42943500014401,28.565282000292203]]]},"properties":{"block_id":"120950187002015","school_id":"sch_lucious_and_emma_nixon_academy_charter","kids_est":6,"class":"green","shortest":{"len_m":1267.7,"mean_c":38.08,"peak_c":38.1,"dose":89.3},"coolest":{"len_m":1267.7,"mean_c":38.08,"peak_c":38.1,"dose":89.3},"delta_mean_c":0.0,"delta_dose_pct":0,"distance_mi":0.597,"status_now":"walk","status_rec":"walk","reason":"Shortest route already under threshold (dose 89).","safe_until_hour":null}},{"type":"Feature","geometry":{"type":"Polygon","coordinates":[[[-81.43684999992634,28.57022700036875],[-81.43684699955328,28.57010700027426],[-81.43653199990901,28.570410000150666],[-81.43635899965666,28.57057700019131],[-81.4362289999603,28.57070199995844],[-81.43612000018037,28.570811000189654],[-81.43541300000061,28.571524000118085],[-81.43522499967965,28.571714999636924],[-81.43518399967176,28.57176700034628],[-81.43493799962447,28.57207799977403],[-81.43478199998886,28.5724250003056],[-81.4347569998745,28.572704999929773],[-81.4347569998745,28.57279299968023],[-81.43477000029328,28.57427899987807],[-81.43477000029328,28.574365000033815],[-81.4349119996852,28.57436399971134],[-81.43490099981453,28.57383799996574],[-81.43488800029407,28.573218999762688],[-81.43487999989814,28.572806999669613],[-81.43487700042341,28.57267399969527],[-81.43487700042341,28.572657000249954],[-81.43487900007324,28.572585000294744],[-81.43488599974594,28.572517999623816],[-81.4349030003627,28.572420000178752],[-81.43492799957873,28.572325999643105],[-81.43495600006614,28.572245000322813],[-81.43498799985319,28.57217399964001],[-81.43501700016549,28.572116000224508],[-81.43506099964812,28.572043000343516],[-81.43509699963313,28.571990999770506],[-81.43513299961815,28.57194299976501],[-81.4351660001284,28.571903000138096],[-81.43520299993834,28.571862000149764],[-81.43523200025066,28.57183300036005],[-81.43526099966465,28.57180399977334],[-81.43532599996199,28.571739999647377],[-81.43539600028218,28.571671999668077],[-81.4361229996551,28.570949999915328],[-81.43636700005257,28.57070700016694],[-81.4365650004193,28.570511000178595],[-81.43684999992634,28.57022700036875]]]},"properties":{"block_id":"120950120003018","school_id":"sch_lucious_and_emma_nixon_academy_charter","kids_est":0,"class":"red","shortest":{"len_m":1748.7,"mean_c":37.94,"peak_c":38.2,"dose":119.5},"coolest":{"len_m":1748.7,"mean_c":37.94,"peak_c":38.2,"dose":119.5},"delta_mean_c":0.0,"delta_dose_pct":0,"distance_mi":0.543,"status_now":"walk","status_rec":"bus_eligible","reason":"Coolest route mean 37.9C exceeds threshold (110 C-min dose, actual 120).","safe_until_hour":"14:00"}},{"type":"Feature","geometry":{"type":"Polygon","coordinates":[[[-81.43081099997036,28.57807299988997],[-81.43080900032054,28.57796400008308],[-81.43080099992461,28.577516999664535],[-81.4307990002748,28.57735399998341],[-81.43075499989386,28.575851999635013],[-81.43073900000033,28.575296999816846],[-81.4306879999467,28.575296999816846],[-81.4305749999688,28.575296999816846],[-81.43057699961861,28.575386000078627],[-81.43059900025824,28.576219000128102],[-81.42972700022206,28.57622299976959],[-81.42869000032944,28.576229000020433],[-81.42874300003288,28.578088000252624],[-81.42884699978997,28.578085000180263],[-81.42920699964006,28.578077999748135],[-81.42925900041692,28.578077999748135],[-81.4293280000139,28.578077999748135],[-81.42940099980883,28.578077999748135],[-81.42956400001543,28.57807700024986],[-81.4296240002899,28.57807700024986],[-81.42968000036639,28.578075999962675],[-81.42969899973465,28.578075999962675],[-81.42992300004065,28.578075999962675],[-81.42999900020862,28.578075999962675],[-81.43016099969202,28.57807499967548],[-81.43052800011314,28.57807299988997],[-81.4306519999617,28.57807299988997],[-81.43081099997036,28.57807299988997]]]},"properties":{"block_id":"120950187002005","school_id":"sch_lucious_and_emma_nixon_academy_charter","kids_est":0,"class":"green","shortest":{"len_m":1319.8,"mean_c":37.98,"peak_c":38.2,"dose":91.3},"coolest":{"len_m":1319.8,"mean_c":37.98,"peak_c":38.2,"dose":91.3},"delta_mean_c":0.0,"delta_dose_pct":0,"distance_mi":0.719,"status_now":"walk","status_rec":"walk","reason":"Shortest route already under threshold (dose 91).","safe_until_hour":null}},{"type":"Feature","geometry":{"type":"Polygon","coordinates":[[[-81.42439999957037,28.567126000318144],[-81.42439899974548,28.567087000040658],[-81.42439899974548,28.567071999687354],[-81.42439799992056,28.56699500025941],[-81.42439299989769,28.56660399989724],[-81.42438100020213,28.56549500036915],[-81.42437899965398,28.5653019997881],[-81.42359200000662,28.565311999929076],[-81.42324399985206,28.56531599998521],[-81.42324600040021,28.565452999843608],[-81.42326399994356,28.567015000218728],[-81.42326499976846,28.567083000051852],[-81.42326599959338,28.567136000285807],[-81.42327900001217,28.567136000285807],[-81.42333099989071,28.56713499989467],[-81.42348700042464,28.567134000292363],[-81.42354000012807,28.567134000292363],[-81.42356199986939,28.56713299990119],[-81.42362899981654,28.56713299990119],[-81.42365200028107,28.56713299990119],[-81.42375699986306,28.56713200029887],[-81.42382399981021,28.56713200029887],[-81.42399700006258,28.56713099990762],[-81.42407200040564,28.567128999914075],[-81.42417699998764,28.567128000311765],[-81.424342999669,28.567126000318144],[-81.42439999957037,28.567126000318144]]]},"properties":{"block_id":"120950187002017","school_id":"sch_lucious_and_emma_nixon_academy_charter","kids_est":0,"class":"green","shortest":{"len_m":797.0,"mean_c":38.08,"peak_c":38.1,"dose":56.5},"coolest":{"len_m":797.0,"mean_c":38.08,"peak_c":38.1,"dose":56.5},"delta_mean_c":0.0,"delta_dose_pct":0,"distance_mi":0.473,"status_now":"walk","status_rec":"walk","reason":"Shortest route already under threshold (dose 56).","safe_until_hour":null}},{"type":"Feature","geometry":{"type":"Polygon","coordinates":[[[-81.43048600028034,28.55846500013818],[-81.43042299963284,28.55846599982276],[-81.43004900043734,28.558470000139078],[-81.42965000022916,28.558475000139733],[-81.4289270001559,28.558478999666725],[-81.4287239997663,28.558480999824667],[-81.42855300006208,28.558478999666725],[-81.42852399974977,28.558485000140397],[-81.42843699971112,28.558503999665565],[-81.42840900012204,28.55851099982196],[-81.42836899993907,28.55851299997928],[-81.42825099993829,28.558520999819148],[-81.42821199958024,28.558523999660377],[-81.42820999993042,28.558380999771778],[-81.4282090001055,28.558237999688924],[-81.42792500042336,28.5582390001647],[-81.42742199955981,28.558242000013905],[-81.42727299959688,28.558176999842775],[-81.42723199958901,28.558163000274067],[-81.42654100020111,28.55814500037505],[-81.42650900041406,28.55815100007872],[-81.4264840002997,28.558169999664166],[-81.42647099988089,28.55819699989971],[-81.42647099988089,28.558410999797584],[-81.42647099988089,28.55898100024201],[-81.42647099988089,28.55922099963036],[-81.42647099988089,28.55959400015473],[-81.42647500007885,28.559623000161256],[-81.42649299962221,28.55964700021504],[-81.42652100010963,28.55966100037542],[-81.4267799996774,28.559659999913166],[-81.42702099970181,28.559659999913166],[-81.4270199998769,28.559686000093542],[-81.42701900005198,28.559765000268403],[-81.42701900005198,28.559792000094852],[-81.4270180002271,28.559804999775054],[-81.4270180002271,28.55982699965503],[-81.4270180002271,28.559837000316218],[-81.42696700017346,28.559837000316218],[-81.42681400001257,28.55983899965938],[-81.42676399978387,28.559840000119877],[-81.42662599969161,28.559840000119877],[-81.42621399996295,28.559844000384032],[-81.4260769996956,28.559845999727013],[-81.42591000018935,28.559847000187496],[-81.42541200024698,28.559852999794174],[-81.42524700039053,28.559856000386393],[-81.42509900025252,28.559857999729132],[-81.424823000068,28.55986199999254],[-81.4241839996603,28.55987300032169],[-81.42355400037178,28.559883999860606],[-81.42315900036158,28.559892000385364],[-81.42313199969908,28.559892000385364],[-81.42290699956817,28.559895999858465],[-81.42290200044363,28.55981199984494],[-81.42284999966677,28.55629899981815],[-81.42318000027797,28.556295000208387],[-81.42526599975879,28.55626999968496],[-81.42526900013183,28.555479999812416],[-81.42526900013183,28.555361999690213],[-81.42526900013183,28.553445000141025],[-81.42526900013183,28.553029999964696],[-81.42526400010898,28.552897000246578],[-81.42526300028406,28.552802999632526],[-81.42656999961511,28.552799999628352],[-81.42656999961511,28.552882000238174],[-81.42657299998817,28.553086000169554],[-81.42658600040696,28.553843000142535],[-81.42658899988167,28.554035999641293],[-81.42657700018613,28.554086000165114],[-81.42668000011828,28.55408799961744],[-81.42668099994319,28.554149999980282],[-81.42668400031624,28.55433600006081],[-81.42668599996607,28.554398000277665],[-81.42668699979096,28.554439999691084],[-81.42668799961588,28.554506000313637],[-81.42669000016403,28.554566999919746],[-81.42669099998894,28.554609999776],[-81.42714500044869,28.554609999776],[-81.42727699979484,28.554608000333584],[-81.42783900020964,28.554600999917668],[-81.4278430004076,28.554685999864454],[-81.42785299955503,28.55537400020346],[-81.42733399969626,28.555377999848222],[-81.4272299999392,28.555379000351174],[-81.4272299999392,28.555407000227177],[-81.42698399989189,28.555408999654407],[-81.42687400028703,28.555410000157064],[-81.4266819997681,28.555412000373313],[-81.4266819997681,28.555440999953838],[-81.42651799973657,28.555441999667146],[-81.42640700030681,28.555443999882755],[-81.42640499975866,28.555479000099478],[-81.426393999888,28.556257000357267],[-81.42689900040139,28.556252999956858],[-81.42723900016001,28.556250000050927],[-81.42832799993117,28.55624100033276],[-81.428702000025,28.556237999637506],[-81.42907600011883,28.556234999731196],[-81.42981099988764,28.556228999918275],[-81.42980800041292,28.556013999822163],[-81.42980199966682,28.555589000028515],[-81.43034800018809,28.55558399989079],[-81.43034099961707,28.555103999764583],[-81.42979599981905,28.555108000208655],[-81.42978999997123,28.554668999880594],[-81.42978800032142,28.554586000152],[-81.42998199959187,28.554584999641516],[-81.43007200000355,28.55458399992008],[-81.43034499981503,28.554581999688107],[-81.43043600005163,28.554581999688107],[-81.43043699987653,28.554718000383584],[-81.4304410000745,28.555128999775903],[-81.43044299972432,28.55526600026882],[-81.43044400044755,28.555410000157064],[-81.4304479997472,28.555845000135694],[-81.43045000029532,28.55598999972917],[-81.43045000029532,28.556016000026922],[-81.43045000029532,28.55609400009271],[-81.43045100012024,28.556121000071713],[-81.43045299977005,28.556276999989915],[-81.43045899961785,28.556745999636565],[-81.43046100016599,28.556850000042406],[-81.4304619999909,28.556902999906157],[-81.4304619999909,28.556941000313167],[-81.43046299981582,28.556950999670505],[-81.43046299981582,28.556986000175268],[-81.43046399964071,28.55699499982973],[-81.43048600028034,28.55846500013818]],[[-81.42526599975879,28.55626999968496],[-81.42526999995675,28.556549999685064],[-81.42528800039841,28.55767000012889],[-81.42636200010095,28.557652999837828],[-81.42635600025318,28.55704100015584],[-81.42635100023031,28.556548999982287],[-81.42634299983439,28.556255999862646],[-81.42526599975879,28.55626999968496]],[[-81.42994300013213,28.556683000311928],[-81.4299339999113,28.556642999618994],[-81.42991200016999,28.55661099968492],[-81.42989700010136,28.556597999610343],[-81.42986100011636,28.556578999741166],[-81.42982000010848,28.556570000051096],[-81.42978800032142,28.556570000051096],[-81.4293859997402,28.556572000245296],[-81.42925199984592,28.556572999947853],[-81.42912799999735,28.556572999947853],[-81.4287589999264,28.5565770003361],[-81.42869100015434,28.55657800003866],[-81.42864000010073,28.55659900010169],[-81.42861300033655,28.556622000353784],[-81.42859499989488,28.556651000390005],[-81.42858700039727,28.55668400001343],[-81.42858800022218,28.556808000012293],[-81.42859499989488,28.557492000333397],[-81.428597000443,28.55760899995362],[-81.42860599976554,28.55764400023956],[-81.42862699968194,28.557673999686415],[-81.42865699981914,28.55769800018456],[-81.42867500026082,28.557706000086363],[-81.42871299989567,28.557714999679327],[-81.42877499981994,28.557714999679327],[-81.4290409999587,28.557714999679327],[-81.42913800004308,28.557706999778198],[-81.42921300038617,28.557701999741017],[-81.42925600004388,28.55768500024415],[-81.4292729997623,28.55767500016755],[-81.42929100020397,28.557650999664162],[-81.42929200002888,28.55763600033305],[-81.4292939996787,28.557624000077567],[-81.42926699991453,28.55755799983165],[-81.42926299971657,28.557448000381896],[-81.42926100006675,28.557384000204426],[-81.42946100008326,28.557381000330718],[-81.42984100002488,28.557376999973016],[-81.4298770000099,28.55736499968807],[-81.42990700014711,28.557343999777842],[-81.42992899988842,28.557315999627967],[-81.42993999975909,28.557283999898516],[-81.42993999975909,28.557203999743205],[-81.42994099958398,28.55700400027246],[-81.42994099958398,28.556923000205135],[-81.42994099958398,28.55671599992533],[-81.42994300013213,28.556683000311928]]]},"properties":{"block_id":"120950187002018","school_id":"sch_lucious_and_emma_nixon_academy_charter","kids_est":6,"class":"red","shortest":{"len_m":1980.6,"mean_c":38.17,"peak_c":38.2,"dose":142.4},"coolest":{"len_m":1980.6,"mean_c":38.17,"peak_c":38.2,"dose":142.4},"delta_mean_c":0.0,"delta_dose_pct":0,"distance_mi":0.774,"status_now":"walk","status_rec":"bus_eligible","reason":"Coolest route mean 38.2C exceeds threshold (110 C-min dose, actual 142).","safe_until_hour":"14:00"}},{"type":"Feature","geometry":{"type":"Polygon","coordinates":[[[-81.43402700012854,28.563143999993976],[-81.43399199996844,28.56301899992753],[-81.43388900003627,28.562642000336737],[-81.43386899994479,28.56259899981629],[-81.43383600033283,28.56256200030847],[-81.43381600024135,28.56254599966437],[-81.43377100003549,28.56252200027157],[-81.43371999998188,28.562509000137975],[-81.43361100020192,28.562509000137975],[-81.43309399999298,28.56250999978416],[-81.43297599999221,28.56251199986549],[-81.43276500010502,28.562516000028044],[-81.43263500040867,28.562518000109257],[-81.43260400044653,28.562518000109257],[-81.43212099967445,28.56252099983652],[-81.43196000001596,28.56252200027157],[-81.43196199966579,28.56273600005558],[-81.43196800041189,28.56338099965547],[-81.43197000006171,28.56351600039257],[-81.43198199975728,28.563556000051708],[-81.4320040003969,28.5635869998166],[-81.43202299976517,28.563603999938238],[-81.43206200012324,28.563625000177602],[-81.43210700032907,28.563634999688944],[-81.4321449999639,28.563634000053444],[-81.43260799974617,28.563629000297844],[-81.43276299955687,28.563627999873297],[-81.43285799999143,28.56361800036123],[-81.4329480004031,28.563597000120545],[-81.43302899969567,28.56356499993352],[-81.43305499963492,28.563554999626515],[-81.43314699969642,28.563503000381743],[-81.43328099959075,28.5633919996168],[-81.4333700001775,28.563329000324746],[-81.43347800013255,28.56327500011252],[-81.433574000392,28.563242000188364],[-81.43375699979181,28.563201999620897],[-81.43402700012854,28.563143999993976]]]},"properties":{"block_id":"120950187003002","school_id":"sch_lucious_and_emma_nixon_academy_charter","kids_est":0,"class":"green","shortest":{"len_m":891.9,"mean_c":38.13,"peak_c":38.2,"dose":63.6},"coolest":{"len_m":891.9,"mean_c":38.13,"peak_c":38.2,"dose":63.6},"delta_mean_c":0.0,"delta_dose_pct":0,"distance_mi":0.267,"status_now":"walk","status_rec":"walk","reason":"Shortest route already under threshold (dose 64).","safe_until_hour":null}},{"type":"Feature","geometry":{"type":"Polygon","coordinates":[[[-81.42640599958358,28.568568000046007],[-81.42640099956071,28.56849900000524],[-81.42639100041329,28.568360999788098],[-81.42637200014671,28.568360999788098],[-81.42629400032891,28.568362999758246],[-81.42590699981629,28.56836600010785],[-81.42591000018935,28.568571999978364],[-81.42631000022241,28.568568999634625],[-81.42638200019245,28.568568999634625],[-81.42640599958358,28.568568000046007]]]},"properties":{"block_id":"120950187002012","school_id":"sch_lucious_and_emma_nixon_academy_charter","kids_est":0,"class":"green","shortest":{"len_m":478.5,"mean_c":38.1,"peak_c":38.1,"dose":34.0},"coolest":{"len_m":478.5,"mean_c":38.1,"peak_c":38.1,"dose":34.0},"delta_mean_c":0.0,"delta_dose_pct":0,"distance_mi":0.351,"status_now":"walk","status_rec":"walk","reason":"Shortest route already under threshold (dose 34).","safe_until_hour":null}},{"type":"Feature","geometry":{"type":"Polygon","coordinates":[[[-81.42822599982392,28.559611000132342],[-81.42822300034919,28.559376000012982],[-81.42822199962598,28.559295000192783],[-81.42821900015123,28.559053999716106],[-81.42821800032634,28.55897400011686],[-81.42821599977819,28.558883999706033],[-81.42821300030346,28.558614000378977],[-81.42821199958024,28.558523999660377],[-81.42820999993042,28.558380999771778],[-81.4282090001055,28.558237999688924],[-81.42792500042336,28.5582390001647],[-81.42742199955981,28.558242000013905],[-81.42727299959688,28.558176999842775],[-81.42723199958901,28.558163000274067],[-81.42654100020111,28.55814500037505],[-81.42650900041406,28.55815100007872],[-81.4264840002997,28.558169999664166],[-81.42647099988089,28.55819699989971],[-81.42647099988089,28.558410999797584],[-81.42647099988089,28.55898100024201],[-81.42647099988089,28.55922099963036],[-81.42647099988089,28.55959400015473],[-81.42647500007885,28.559623000161256],[-81.42649299962221,28.55964700021504],[-81.42652100010963,28.55966100037542],[-81.4267799996774,28.559659999913166],[-81.42702099970181,28.559659999913166],[-81.42708599999914,28.559659000239918],[-81.4272809999928,28.55965799977764],[-81.42734700011505,28.55965799977764],[-81.42757399989577,28.55965799977764],[-81.42814999965594,28.559659000239918],[-81.42818999983892,28.559652999833116],[-81.42821400012838,28.559635999862337],[-81.42822599982392,28.559611000132342]]]},"properties":{"block_id":"120950187002022","school_id":"sch_lucious_and_emma_nixon_academy_charter","kids_est":10,"class":"green","shortest":{"len_m":1473.9,"mean_c":38.17,"peak_c":38.2,"dose":105.7},"coolest":{"len_m":1473.9,"mean_c":38.17,"peak_c":38.2,"dose":105.7},"delta_mean_c":0.0,"delta_dose_pct":0,"distance_mi":0.596,"status_now":"walk","status_rec":"walk","reason":"Shortest route already under threshold (dose 106).","safe_until_hour":null}},{"type":"Feature","geometry":{"type":"Polygon","coordinates":[[[-81.43315699974218,28.574373999780004],[-81.43313800037392,28.574088000280764],[-81.43310499986363,28.573839000293226],[-81.43301500035025,28.573513000324724],[-81.4328499995955,28.573109000114],[-81.43266299999776,28.572769000257622],[-81.43257500013421,28.57263100011843],[-81.43249800014132,28.572538000111166],[-81.432432999844,28.572538000111166],[-81.43228899990393,28.572538999662076],[-81.43247800004983,28.572769000257622],[-81.43254199962394,28.572846000193756],[-81.43276599992991,28.573277999691857],[-81.43289399997644,28.573592000375925],[-81.43297900036526,28.574027999691335],[-81.43300600012944,28.574331000109098],[-81.43300799977926,28.57437500010239],[-81.43309700036602,28.574373999780004],[-81.43315699974218,28.574373999780004]]]},"properties":{"block_id":"120950187004015","school_id":"sch_lucious_and_emma_nixon_academy_charter","kids_est":0,"class":"green","shortest":{"len_m":726.4,"mean_c":38.14,"peak_c":38.2,"dose":51.9},"coolest":{"len_m":726.4,"mean_c":38.14,"peak_c":38.2,"dose":51.9},"delta_mean_c":0.0,"delta_dose_pct":0,"distance_mi":0.464,"status_now":"walk","status_rec":"walk","reason":"Shortest route already under threshold (dose 52).","safe_until_hour":null}},{"type":"Feature","geometry":{"type":"Polygon","coordinates":[[[-81.43380000034782,28.57437000006822],[-81.43379699997477,28.574246999783853],[-81.43342299988095,28.57424899964211],[-81.43341600020825,28.574127999865784],[-81.43340399961438,28.57400800027611],[-81.43338699989594,28.573889000087693],[-81.43335299956075,28.573709999782746],[-81.43332499997167,28.573592000375925],[-81.43327300009311,28.573417000102722],[-81.43321100016884,28.573244999748898],[-81.43314300039677,28.57308300009419],[-81.43305800000797,28.572909999646917],[-81.43297900036526,28.572769000257622],[-81.4329330003345,28.572694999702453],[-81.43286499966412,28.57259099996423],[-81.43282600020437,28.572534999880514],[-81.43266299999776,28.572536000220392],[-81.43249800014132,28.572538000111166],[-81.43257500013421,28.57263100011843],[-81.43266299999776,28.572769000257622],[-81.4328499995955,28.573109000114],[-81.43301500035025,28.573513000324724],[-81.43310499986363,28.573839000293226],[-81.43313800037392,28.574088000280764],[-81.43315699974218,28.574373999780004],[-81.43342700007891,28.57437199992414],[-81.43343799994958,28.574373000246535],[-81.43380000034782,28.57437000006822]]]},"properties":{"block_id":"120950187004007","school_id":"sch_lucious_and_emma_nixon_academy_charter","kids_est":0,"class":"green","shortest":{"len_m":726.4,"mean_c":38.14,"peak_c":38.2,"dose":51.9},"coolest":{"len_m":726.4,"mean_c":38.14,"peak_c":38.2,"dose":51.9},"delta_mean_c":0.0,"delta_dose_pct":0,"distance_mi":0.473,"status_now":"walk","status_rec":"walk","reason":"Shortest route already under threshold (dose 52).","safe_until_hour":null}},{"type":"Feature","geometry":{"type":"Polygon","coordinates":[[[-81.4344270001616,28.577406000272102],[-81.43442600033671,28.57737100024749],[-81.43442299996366,28.57729000007833],[-81.4344189997657,28.577184000347],[-81.4343900003517,28.577152999854654],[-81.4340959997255,28.576879999959523],[-81.434079999832,28.576913000339935],[-81.43406399993845,28.576958000339975],[-81.43405300006782,28.577005000126604],[-81.43404700022002,28.577059999900634],[-81.43404800004494,28.577101000229767],[-81.43404999969475,28.577123999945655],[-81.4344270001616,28.577406000272102]]]},"properties":{"block_id":"120950187004009","school_id":"sch_lucious_and_emma_nixon_academy_charter","kids_est":0,"class":"green","shortest":{"len_m":1353.8,"mean_c":38.0,"peak_c":38.2,"dose":93.8},"coolest":{"len_m":1353.8,"mean_c":38.0,"peak_c":38.2,"dose":93.8},"delta_mean_c":0.0,"delta_dose_pct":0,"distance_mi":0.732,"status_now":"walk","status_rec":"walk","reason":"Shortest route already under threshold (dose 94).","safe_until_hour":null}},{"type":"Feature","geometry":{"type":"Polygon","coordinates":[[[-81.43093099962095,28.584159000296452],[-81.43092399994826,28.58351499972952],[-81.4309199997503,28.58268099963372],[-81.43091800010048,28.5822550000065],[-81.43090399985678,28.58183099994545],[-81.43090300003186,28.58181499986502],[-81.43090200020694,28.581769000113265],[-81.4308999996588,28.581695000367493],[-81.43084100010759,28.581694000114712],[-81.43074300019829,28.581694000114712],[-81.43072999977949,28.58124000033861],[-81.43072999977949,28.581157000266707],[-81.43072300010681,28.580919999624697],[-81.43071700025904,28.580729000253132],[-81.42946600010615,28.58073599971996],[-81.42945799971024,28.5804060003448],[-81.4294419998167,28.579843999785957],[-81.42943699979384,28.579650000010297],[-81.42943400031909,28.57963499987042],[-81.4306879999467,28.579628000330313],[-81.43068100027402,28.579380999806556],[-81.43067700007606,28.579242000176528],[-81.43066799985523,28.57888899994435],[-81.43066600020539,28.57882299962419],[-81.43066399965727,28.578685000327006],[-81.43066000035762,28.5785629998486],[-81.43064899958864,28.578195000147836],[-81.43052800011314,28.578195000147836],[-81.43016599971489,28.578195000147836],[-81.43000300040659,28.578195000147836],[-81.4299260004137,28.578198000217057],[-81.42969799990973,28.57820900020719],[-81.42968600021418,28.578209999704207],[-81.42969000041214,28.578358000103417],[-81.42969799990973,28.57865900010757],[-81.42963000013769,28.57866200016356],[-81.42947299977885,28.578657000333155],[-81.42941099985457,28.578660000389206],[-81.42939800033407,28.5781930003646],[-81.42932399981594,28.578190999792437],[-81.42920499999023,28.578190000295226],[-81.42884799961486,28.578190000295226],[-81.42872999961409,28.578190000295226],[-81.42873100033731,28.578231999680785],[-81.42873399981205,28.578358000103417],[-81.42873499963696,28.57840099970598],[-81.42875700027659,28.579382000081324],[-81.42876999979705,28.579912000004857],[-81.4287580001015,28.579966000356166],[-81.42872799996427,28.580016999873635],[-81.42868399958334,28.580059000107383],[-81.42863000005497,28.580089000264085],[-81.42856800013071,28.580104999818186],[-81.42853600034364,28.58010799983293],[-81.4276049998579,28.580109000100787],[-81.4275410002838,28.580094000026417],[-81.42748100000935,28.580062000123437],[-81.42743400015368,28.580016999873635],[-81.42740400001647,28.579962000068132],[-81.42739499979564,28.57993199987527],[-81.42736600038162,28.579071999647212],[-81.42735399978775,28.578682999764204],[-81.42734399974199,28.5780910003249],[-81.42693000036354,28.578083999893167],[-81.4268089999897,28.578082000107834],[-81.42568800043149,28.578086999965556],[-81.42527400015472,28.578088999750815],[-81.42472299961057,28.5780910003249],[-81.42350199959493,28.578096999680312],[-81.42307300014784,28.578096999680312],[-81.42252300032693,28.578096999680312],[-81.42252599980168,28.57814399974691],[-81.4225350000225,28.578287999887284],[-81.42253800039555,28.57833600015319],[-81.42254000004537,28.578362999948034],[-81.42254699971807,28.578665000219473],[-81.42257100000751,28.579654999793494],[-81.42258000022835,28.5799849999473],[-81.42259600012186,28.5799849999473],[-81.42264600035058,28.5799849999473],[-81.42266300006901,28.5799849999473],[-81.42291099976613,28.579983000198084],[-81.42365599958072,28.579980000179777],[-81.42390500000104,28.579980000179777],[-81.42427499989692,28.580012000107644],[-81.4245069997005,28.58004100000926],[-81.4245900004395,28.580051999806628],[-81.4247100000901,28.580077000202436],[-81.42486700044894,28.580122999905353],[-81.42499399977223,28.58017400013556],[-81.42512199981874,28.58023999960796],[-81.42524200036766,28.580317000386295],[-81.42535299979741,28.5804039998148],[-81.4254569995545,28.580502999974563],[-81.42555000033923,28.580611000042634],[-81.42563099963178,28.580724999994118],[-81.42569799957893,28.580853999790207],[-81.4257510001807,28.580989000196237],[-81.42578399979264,28.581101000010108],[-81.42578399979264,28.581151999766067],[-81.42580399988412,28.581279000102704],[-81.42580999973191,28.581757999706607],[-81.42581899995274,28.582519999768195],[-81.42583400002135,28.582675999994375],[-81.42590799964121,28.58312999988199],[-81.42594299980131,28.58324799963267],[-81.42598999965698,28.583363000117917],[-81.42604699955838,28.583474000323015],[-81.42612299972636,28.583584999622104],[-81.42620899994009,28.583689999767948],[-81.42630699984939,28.58378799975692],[-81.42642700039829,28.583885000211488],[-81.42651799973657,28.583946000142447],[-81.42662800023975,28.584007000038085],[-81.42674399969238,28.584059000192738],[-81.4268640002413,28.584101999830924],[-81.42698899991476,28.5841350003118],[-81.42716399981694,28.58416500009456],[-81.42735999963554,28.584179000148048],[-81.43093099962095,28.584159000296452]]]},"properties":{"block_id":"120950124031067","school_id":"sch_lucious_and_emma_nixon_academy_charter","kids_est":0,"class":"red","shortest":{"len_m":2109.5,"mean_c":37.72,"peak_c":38.2,"dose":138.6},"coolest":{"len_m":2109.5,"mean_c":37.72,"peak_c":38.2,"dose":138.6},"delta_mean_c":0.0,"delta_dose_pct":0,"distance_mi":1.008,"status_now":"walk","status_rec":"bus_eligible","reason":"Coolest route mean 37.7C exceeds threshold (110 C-min dose, actual 139).","safe_until_hour":"14:00"}},{"type":"Feature","geometry":{"type":"Polygon","coordinates":[[[-81.43147600031732,28.556078000043453],[-81.43146399972343,28.55522099967159],[-81.43113800020849,28.555474999669528],[-81.4309830003978,28.55560700036463],[-81.43086799987177,28.555720999791628],[-81.43082500021406,28.55577599964409],[-81.43078400020619,28.555831999966465],[-81.43074599967304,28.55588999967715],[-81.43071899990885,28.555934000279873],[-81.43067799990096,28.555991000226296],[-81.43060099990808,28.55608500036123],[-81.43078500003108,28.55608399986498],[-81.43147600031732,28.556078000043453]]]},"properties":{"block_id":"120950187003010","school_id":"sch_lucious_and_emma_nixon_academy_charter","kids_est":0,"class":"green","shortest":{"len_m":1479.4,"mean_c":38.17,"peak_c":38.2,"dose":106.3},"coolest":{"len_m":1479.4,"mean_c":38.17,"peak_c":38.2,"dose":106.3},"delta_mean_c":0.0,"delta_dose_pct":0,"distance_mi":0.754,"status_now":"walk","status_rec":"walk","reason":"Shortest route already under threshold (dose 106).","safe_until_hour":null}},{"type":"Feature","geometry":{"type":"Polygon","coordinates":[[[-81.43067899972588,28.572550000243957],[-81.43065600015966,28.571481999632187],[-81.43051600041755,28.571436000095055],[-81.42997499991918,28.571257999913147],[-81.42937300021973,28.571165999834047],[-81.42859099969692,28.571047000375646],[-81.42830500036496,28.57100400013379],[-81.42719399995418,28.57083199977969],[-81.42651699991164,28.57072200000213],[-81.42651500026183,28.57098000030309],[-81.42651699991164,28.571134000370822],[-81.42653000033044,28.572462999841886],[-81.42651799973657,28.572566999706627],[-81.42651500026183,28.57258200006549],[-81.42649500017036,28.572669999918848],[-81.42646699968294,28.572739999928995],[-81.42645800036043,28.57276200026065],[-81.42644499994164,28.572781999912685],[-81.42637200014671,28.572897000007693],[-81.42634299983439,28.57294400003088],[-81.42628500010807,28.573034999797965],[-81.42624999994797,28.57309800037948],[-81.426209999765,28.573197000315524],[-81.42620100044248,28.573220999640487],[-81.42617499960488,28.573341999671143],[-81.4261679999322,28.57344100016643],[-81.42617999962776,28.57368000017343],[-81.42619899989435,28.57393899985841],[-81.42618999967351,28.574025000292043],[-81.4261820001759,28.57405199961566],[-81.4261679999322,28.574107999680724],[-81.42614399964275,28.57416100032062],[-81.42609500013728,28.574231999662373],[-81.4260340000379,28.574292000135458],[-81.4259910003802,28.574322000359157],[-81.42595799986992,28.574346000216455],[-81.42587699967906,28.574380000136326],[-81.42570000012707,28.57441099986806],[-81.4254499998818,28.574412999723187],[-81.42492000015238,28.574417000222272],[-81.42333099989071,28.574432000317366],[-81.4232239997606,28.574434000172097],[-81.42312500002637,28.57443799988146],[-81.42302100026932,28.574454999827893],[-81.42291900016205,28.57448399968379],[-81.4228170000548,28.574527999613085],[-81.42273500003904,28.574577999869025],[-81.42265700022124,28.574641999846417],[-81.42258899955087,28.574715000290748],[-81.42254400024333,28.574779000184733],[-81.42253699967232,28.574789999743494],[-81.42250099968732,28.574866999778173],[-81.42247700029618,28.574936999904235],[-81.42245800002961,28.575043999849125],[-81.42245499965655,28.57511700001451],[-81.42245899985453,28.575369999806664],[-81.42265300002327,28.57536900028265],[-81.42556000038499,28.575354000321138],[-81.42555399963886,28.57515399984124],[-81.42553699992044,28.574555000385367],[-81.42553600009552,28.574500000090516],[-81.42569799957893,28.57449899976933],[-81.42571699984549,28.57449899976933],[-81.42573299973903,28.574498000237043],[-81.4257450003329,28.57449699991583],[-81.42577000044726,28.574495000062303],[-81.42579200018857,28.574491999887464],[-81.42580399988412,28.574490000033826],[-81.4258220003258,28.57448699985886],[-81.42586199961046,28.574478000122312],[-81.42590599999139,28.574464999887915],[-81.4259289995576,28.5744560001495],[-81.42639300006311,28.574452999973566],[-81.42647300042904,28.574452999973566],[-81.42651500026183,28.57445199965192],[-81.4265610002926,28.57445199965192],[-81.4265610002926,28.574390000203476],[-81.42654299985092,28.5730900000698],[-81.42653899965296,28.57289100035571],[-81.42653899965296,28.57281600033801],[-81.4265489996987,28.572801000012504],[-81.4265610002926,28.572774000367893],[-81.42657299998817,28.572748999814202],[-81.426582000209,28.572729000155903],[-81.42659399990455,28.572699999816233],[-81.42660499977522,28.57266800003058],[-81.42661200034622,28.572647000018076],[-81.42661999984381,28.5726179996558],[-81.42662900006465,28.572580999726082],[-81.42754600030668,28.57257399971659],[-81.42983600000201,28.572557000255042],[-81.43044699992228,28.57255299968525],[-81.43067899972588,28.572550000243957]]]},"properties":{"block_id":"120950187002002","school_id":"sch_lucious_and_emma_nixon_academy_charter","kids_est":0,"class":"green","shortest":{"len_m":798.1,"mean_c":38.14,"peak_c":38.2,"dose":57.0},"coolest":{"len_m":798.1,"mean_c":38.14,"peak_c":38.2,"dose":57.0},"delta_mean_c":0.0,"delta_dose_pct":0,"distance_mi":0.396,"status_now":"walk","status_rec":"walk","reason":"Shortest route already under threshold (dose 57).","safe_until_hour":null}},{"type":"Feature","geometry":{"type":"Polygon","coordinates":[[[-81.4395589999213,28.571694999781993],[-81.43955399989844,28.57152299976859],[-81.43953999965473,28.571038000344835],[-81.43953399980695,28.571009999893363],[-81.43952799995917,28.57097399975286],[-81.439501000195,28.570913000187883],[-81.43946000018711,28.570858999922663],[-81.4387909996422,28.56956100028593],[-81.4384600001044,28.569855000024837],[-81.43797999970538,28.569987000042904],[-81.43750600005245,28.569834999816404],[-81.43744999997595,28.569817000335565],[-81.43728199974647,28.569763000296856],[-81.43722599966996,28.569745000014745],[-81.4370519995927,28.569910999957095],[-81.43697700014793,28.569981999800195],[-81.43684699955328,28.57010700027426],[-81.43684999992634,28.57022700036875],[-81.4365650004193,28.570511000178595],[-81.43636700005257,28.57070700016694],[-81.4361229996551,28.570949999915328],[-81.43539600028218,28.571671999668077],[-81.43532599996199,28.571739999647377],[-81.43526099966465,28.57180399977334],[-81.43523200025066,28.57183300036005],[-81.43520299993834,28.571862000149764],[-81.4351660001284,28.571903000138096],[-81.43513299961815,28.57194299976501],[-81.43509699963313,28.571990999770506],[-81.43506099964812,28.572043000343516],[-81.43501700016549,28.572116000224508],[-81.43498799985319,28.57217399964001],[-81.43495600006614,28.572245000322813],[-81.43492799957873,28.572325999643105],[-81.4349030003627,28.572420000178752],[-81.43488599974594,28.572517999623816],[-81.43487900007324,28.572585000294744],[-81.43487700042341,28.572657000249954],[-81.43487700042341,28.57267399969527],[-81.43487999989814,28.572806999669613],[-81.43488800029407,28.573218999762688],[-81.43490099981453,28.57383799996574],[-81.4349119996852,28.57436399971134],[-81.43477000029328,28.574365000033815],[-81.43477000029328,28.5745870003859],[-81.4345950003911,28.575010999671292],[-81.43442100031383,28.575275000015314],[-81.43440200004726,28.575511999965922],[-81.4343979998493,28.57614400011637],[-81.43439600019947,28.576579000386655],[-81.43441700011587,28.57714199975409],[-81.43466700036113,28.577175000052318],[-81.43504700030273,28.577170000151224],[-81.43504700030273,28.577053000189185],[-81.43503499970886,28.576655999900726],[-81.43501899981531,28.57557600016394],[-81.43502300001327,28.575510000131686],[-81.43504599957949,28.575414999677875],[-81.43509199961025,28.575321999765023],[-81.43512799959527,28.57527000002392],[-81.4351870000448,28.575196999964714],[-81.43519600026565,28.575181999978636],[-81.4352489999691,28.57510500017452],[-81.43530400022067,28.574993000287115],[-81.43535399955107,28.574806000103685],[-81.43536399959682,28.57470899995355],[-81.435361999947,28.574562000263047],[-81.43535600009922,28.574122000284017],[-81.4353550002743,28.57397600009945],[-81.43534000020568,28.573194999648347],[-81.43533400035791,28.572615999766537],[-81.43534299968042,28.5725170000727],[-81.43536600014497,28.572420000178752],[-81.43541300000061,28.57229500008592],[-81.43546499987917,28.57220899981588],[-81.43552900035156,28.572127999616573],[-81.43565800022301,28.571997000262737],[-81.43576700000295,28.57188700012531],[-81.4361159999824,28.571549000173984],[-81.43633199989247,28.571340999906912],[-81.43637299990036,28.571308999707988],[-81.43644400004547,28.57127299966978],[-81.43649599992399,28.571257999913147],[-81.43655000035068,28.571250999815643],[-81.43661999977256,28.5712540000829],[-81.43669199974259,28.57127099975496],[-81.436756000215,28.571299000136904],[-81.43697399977488,28.57144700000341],[-81.43712899958558,28.571529999848018],[-81.43733899964786,28.571612999627195],[-81.43747799956503,28.57165300015329],[-81.43763800029693,28.571685999806615],[-81.43770799971882,28.571694999781993],[-81.43782999991754,28.57170199984997],[-81.43789799968961,28.571705999663198],[-81.43847099997505,28.571705000104362],[-81.43868799971003,28.57170300019776],[-81.43934100036141,28.571696000129847],[-81.4395589999213,28.571694999781993]]]},"properties":{"block_id":"120950120003015","school_id":"sch_lucious_and_emma_nixon_academy_charter","kids_est":3,"class":"red","shortest":{"len_m":2339.7,"mean_c":37.99,"peak_c":38.3,"dose":161.7},"coolest":{"len_m":2339.7,"mean_c":37.99,"peak_c":38.3,"dose":161.7},"delta_mean_c":0.0,"delta_dose_pct":0,"distance_mi":0.519,"status_now":"walk","status_rec":"bus_eligible","reason":"Coolest route mean 38.0C exceeds threshold (110 C-min dose, actual 162).","safe_until_hour":"14:00"}},{"type":"Feature","geometry":{"type":"Polygon","coordinates":[[[-81.42451500009643,28.570229000303417],[-81.42452400031725,28.570176999622802],[-81.42449699965476,28.568354000286806],[-81.42448599978411,28.568312000113377],[-81.42446800024076,28.568271999895057],[-81.42444200030148,28.568233999634113],[-81.42441100033935,28.568200999687072],[-81.4243729998062,28.568171999677215],[-81.42433199979833,28.568149000371044],[-81.42428599976758,28.568132000194634],[-81.4242170001706,28.568120000346898],[-81.42239199990738,28.568134000169106],[-81.42241199999886,28.569505000167393],[-81.42240699997598,28.56972400020776],[-81.42239199990738,28.569875000229462],[-81.42239000025755,28.569884999935926],[-81.42237199981588,28.569981000224995],[-81.42250800025832,28.57001100010016],[-81.42369499993879,28.570174999687143],[-81.42450300040086,28.57029299977066],[-81.42451500009643,28.570229000303417]]]},"properties":{"block_id":"120950187002014","school_id":"sch_lucious_and_emma_nixon_academy_charter","kids_est":0,"class":"green","shortest":{"len_m":1247.8,"mean_c":38.15,"peak_c":38.2,"dose":89.2},"coolest":{"len_m":1247.8,"mean_c":38.15,"peak_c":38.2,"dose":89.2},"delta_mean_c":0.0,"delta_dose_pct":0,"distance_mi":0.52,"status_now":"walk","status_rec":"walk","reason":"Shortest route already under threshold (dose 89).","safe_until_hour":null}},{"type":"Feature","geometry":{"type":"Polygon","coordinates":[[[-81.43444399988006,28.56202900002777],[-81.4344470002531,28.56201100000078],[-81.4344310003596,28.560589999640797],[-81.43441700011587,28.560558000117563],[-81.43438799980356,28.560534999936422],[-81.43435099999364,28.560525999795527],[-81.43411800036513,28.560527999914562],[-81.4335109997445,28.560530999698603],[-81.43290999986995,28.56053299981754],[-81.4323070003456,28.560536000390368],[-81.4316939998772,28.560541000292883],[-81.43146200007361,28.56054199995776],[-81.43142400043877,28.56055599999911],[-81.43139900032442,28.56058400007614],[-81.4313909999285,28.560607999910808],[-81.4313929995783,28.560631999740018],[-81.43138799955545,28.56068999996216],[-81.43138900027866,28.560837999758466],[-81.43139599995136,28.56164399965598],[-81.43138300043088,28.56168400002655],[-81.43136199961617,28.56170600030281],[-81.43131999978338,28.561724000381986],[-81.43097099980393,28.561727000131878],[-81.4309900000705,28.562107000372176],[-81.43169200022737,28.56210300019409],[-81.43291300024302,28.562096999926656],[-81.434123000388,28.562092000097994],[-81.43436000021445,28.562092000097994],[-81.43437399955987,28.56208799991932],[-81.43440200004726,28.562080000350544],[-81.4344330000094,28.56205199988246],[-81.43444399988006,28.56202900002777]]]},"properties":{"block_id":"120950187003004","school_id":"sch_lucious_and_emma_nixon_academy_charter","kids_est":26,"class":"green","shortest":{"len_m":722.9,"mean_c":38.13,"peak_c":38.2,"dose":51.5},"coolest":{"len_m":722.9,"mean_c":38.13,"peak_c":38.2,"dose":51.5},"delta_mean_c":0.0,"delta_dose_pct":0,"distance_mi":0.379,"status_now":"walk","status_rec":"walk","reason":"Shortest route already under threshold (dose 52).","safe_until_hour":null}},{"type":"Feature","geometry":{"type":"Polygon","coordinates":[[[-81.42857700035154,28.569705999919048],[-81.42861099978839,28.569696999773544],[-81.42855100041226,28.569082999949803],[-81.42778499978296,28.56909000019155],[-81.42690900044715,28.5690980000165],[-81.42669000016403,28.569099999972643],[-81.4265400003762,28.5691010003451],[-81.42644499994164,28.56910399988477],[-81.42645099978942,28.569196000188956],[-81.42647099988089,28.56947199983002],[-81.4264779995536,28.569563999812484],[-81.4264840002997,28.5696530001906],[-81.42649599999525,28.569923000389533],[-81.42650100001813,28.57001399961384],[-81.42650400039119,28.570083999813203],[-81.42650699986591,28.57015399996598],[-81.4266960000118,28.57013199987786],[-81.42682599970814,28.570124000131585],[-81.42707799960323,28.57011899989539],[-81.42735899981062,28.570124000131585],[-81.42812200006685,28.570161000136487],[-81.42842900021353,28.570196999766225],[-81.42847199987123,28.570185000153987],[-81.4285050003815,28.570157999838063],[-81.42851999955181,28.570120000258218],[-81.42851500042724,28.569780000209764],[-81.42852700012281,28.569750000268726],[-81.4285480000392,28.569724999785425],[-81.42857700035154,28.569705999919048]]]},"properties":{"block_id":"120950187002027","school_id":"sch_lucious_and_emma_nixon_academy_charter","kids_est":0,"class":"green","shortest":{"len_m":808.0,"mean_c":38.14,"peak_c":38.2,"dose":57.7},"coolest":{"len_m":808.0,"mean_c":38.14,"peak_c":38.2,"dose":57.7},"delta_mean_c":0.0,"delta_dose_pct":0,"distance_mi":0.316,"status_now":"walk","status_rec":"walk","reason":"Shortest route already under threshold (dose 58).","safe_until_hour":null}},{"type":"Feature","geometry":{"type":"Polygon","coordinates":[[[-81.43060699975585,28.568892000386807],[-81.43060599993095,28.568851000014046],[-81.43060500010603,28.568828999653554],[-81.43059199968724,28.56816999970344],[-81.4305890002125,28.568012000077765],[-81.43058699966437,28.567870000051947],[-81.43058500001455,28.567784000109825],[-81.43058199964149,28.567653000081254],[-81.43057800034185,28.5674119998075],[-81.43057599979372,28.56729599963935],[-81.4305749999688,28.56726300018706],[-81.43057400014389,28.567180000132335],[-81.43048499955711,28.567178999741554],[-81.42990100029934,28.567186999711716],[-81.42954899994682,28.567190999696578],[-81.42851999955181,28.567204000040803],[-81.42852499957468,28.567511999958615],[-81.4285480000392,28.56890000022674],[-81.4285480000392,28.568921999783445],[-81.42964900040425,28.568904999731917],[-81.43060699975585,28.568892000386807]]]},"properties":{"block_id":"120950187002029","school_id":"sch_lucious_and_emma_nixon_academy_charter","kids_est":0,"class":"green","shortest":{"len_m":328.6,"mean_c":38.1,"peak_c":38.2,"dose":23.3},"coolest":{"len_m":328.6,"mean_c":38.1,"peak_c":38.2,"dose":23.3},"delta_mean_c":0.0,"delta_dose_pct":0,"distance_mi":0.153,"status_now":"walk","status_rec":"walk","reason":"Shortest route already under threshold (dose 23).","safe_until_hour":null}},{"type":"Feature","geometry":{"type":"Polygon","coordinates":[[[-81.43820999985914,28.566975999900112],[-81.43817600042229,28.5643610000202],[-81.43816999967616,28.563845000253927],[-81.43816399982839,28.563371000119947],[-81.43814799993487,28.562092999748188],[-81.43808199981262,28.562285000253727],[-81.43788599999405,28.562860999669063],[-81.43782200041994,28.56305399999269],[-81.43777300001615,28.56321800016528],[-81.4376280002512,28.56371299963214],[-81.43758100039553,28.563877999989014],[-81.43756899980166,28.563903000283545],[-81.4375019998545,28.564403999820758],[-81.43747699974014,28.56458599984636],[-81.43746300039473,28.56469399968673],[-81.43742400003669,28.564982999919902],[-81.43727599989867,28.566082999655073],[-81.43717499961635,28.566716000036482],[-81.43715399969994,28.56684899965248],[-81.43713399960846,28.566981000285665],[-81.43752100012107,28.566977999896558],[-81.43820999985914,28.566975999900112]]]},"properties":{"block_id":"120950120002011","school_id":"sch_lucious_and_emma_nixon_academy_charter","kids_est":0,"class":"red","shortest":{"len_m":3628.1,"mean_c":38.1,"peak_c":38.2,"dose":257.2},"coolest":{"len_m":3628.1,"mean_c":38.1,"peak_c":38.2,"dose":257.2},"delta_mean_c":0.0,"delta_dose_pct":0,"distance_mi":0.392,"status_now":"walk","status_rec":"bus_eligible","reason":"Coolest route mean 38.1C exceeds threshold (110 C-min dose, actual 257).","safe_until_hour":"11:00"}},{"type":"Feature","geometry":{"type":"Polygon","coordinates":[[[-81.43760200031191,28.56918699999982],[-81.43755799993099,28.569044999981802],[-81.4375150002733,28.568902999772085],[-81.43749400035689,28.568833999951057],[-81.4372900001424,28.568163999781923],[-81.4371710003167,28.567776999781195],[-81.43706400018658,28.567425000124423],[-81.43710299964633,28.567178999741554],[-81.43713399960846,28.566981000285665],[-81.43676299988769,28.566981000285665],[-81.43679999969761,28.568372999608354],[-81.43680899991845,28.56871100029501],[-81.4368120002915,28.56882000022192],[-81.43689900033013,28.56916499970956],[-81.43696200007932,28.569405000332438],[-81.43707699970705,28.56960499990735],[-81.43722599966996,28.569745000014745],[-81.43730000018813,28.56963299994377],[-81.43752600014393,28.569298000174946],[-81.43760200031191,28.56918699999982]]]},"properties":{"block_id":"120950187004012","school_id":"sch_lucious_and_emma_nixon_academy_charter","kids_est":0,"class":"green","shortest":{"len_m":643.5,"mean_c":38.1,"peak_c":38.1,"dose":45.6},"coolest":{"len_m":643.5,"mean_c":38.1,"peak_c":38.1,"dose":45.6},"delta_mean_c":0.0,"delta_dose_pct":0,"distance_mi":0.354,"status_now":"walk","status_rec":"walk","reason":"Shortest route already under threshold (dose 46).","safe_until_hour":null}},{"type":"Feature","geometry":{"type":"Polygon","coordinates":[[[-81.43775299992465,28.577159000052458],[-81.4377429998789,28.576612000072608],[-81.43773399965808,28.576029999933024],[-81.43773200000825,28.575665000189687],[-81.43771500028981,28.57498399980496],[-81.43771399956661,28.57497399979427],[-81.43771100009185,28.574562000263047],[-81.43771500028981,28.574427999818866],[-81.4375370000146,28.574427000285908],[-81.43749400035689,28.574427000285908],[-81.43725300033246,28.57441599990028],[-81.43712100008797,28.574400999802908],[-81.43700599956193,28.574383000314345],[-81.43694299981274,28.574373999780004],[-81.43683099965976,28.57435300010805],[-81.43680899991845,28.574451000119176],[-81.43680600044372,28.574493000208715],[-81.43681399994134,28.574911999864558],[-81.43683900005567,28.576209000234815],[-81.43684200042871,28.57659999961427],[-81.43684800027651,28.5771629996582],[-81.43702900002647,28.57716200015122],[-81.43757100034978,28.577159000052458],[-81.43775299992465,28.577159000052458]]]},"properties":{"block_id":"120950120003013","school_id":"sch_lucious_and_emma_nixon_academy_charter","kids_est":1,"class":"red","shortest":{"len_m":1952.3,"mean_c":37.87,"peak_c":38.2,"dose":131.7},"coolest":{"len_m":1952.3,"mean_c":37.87,"peak_c":38.2,"dose":131.7},"delta_mean_c":0.0,"delta_dose_pct":0,"distance_mi":0.71,"status_now":"walk","status_rec":"bus_eligible","reason":"Coolest route mean 37.9C exceeds threshold (110 C-min dose, actual 132).","safe_until_hour":"14:00"}},{"type":"Feature","geometry":{"type":"Polygon","coordinates":[[[-81.43900300025261,28.573702000308526],[-81.43892399971159,28.573673000237065],[-81.43884099987092,28.57365400029472],[-81.43875600038041,28.57364600002732],[-81.43751299972513,28.573652999965493],[-81.43732199992945,28.57364299982828],[-81.43712500028593,28.57361500007011],[-81.43688799956115,28.573570000217842],[-81.43672299970471,28.573524000015844],[-81.4365090003428,28.573446999787087],[-81.4362499998767,28.573329000085288],[-81.43612199983018,28.57328000035739],[-81.4359539996007,28.573232000151062],[-81.43583700032315,28.57320900037315],[-81.43574699991146,28.573197999860174],[-81.43557100018435,28.573192000225365],[-81.43534000020568,28.573194999648347],[-81.4353550002743,28.57397600009945],[-81.43566300024587,28.57397600009945],[-81.43570500007866,28.57397699963671],[-81.43574600008655,28.573984000341763],[-81.43579399976713,28.57399800017264],[-81.43610000008889,28.574132999911463],[-81.43632500021978,28.574219000186503],[-81.4365300002592,28.57428300038223],[-81.43656600024421,28.574295000315995],[-81.43670500016138,28.574327999929586],[-81.43683099965976,28.57435300010805],[-81.43694299981274,28.574373999780004],[-81.43700599956193,28.574383000314345],[-81.43712100008797,28.574400999802908],[-81.43725300033246,28.57441599990028],[-81.43749400035689,28.574427000285908],[-81.4375370000146,28.574427000285908],[-81.43771500028981,28.574427999818866],[-81.4386140000902,28.57442499964212],[-81.4386140000902,28.574300000353723],[-81.43862900015881,28.574185999749858],[-81.43866199977077,28.574080000046365],[-81.43871100017458,28.573979000288997],[-81.43874200013671,28.57393199993928],[-81.43881499993165,28.5738430000252],[-81.43890100014536,28.573764000162427],[-81.43900300025261,28.573702000308526]]]},"properties":{"block_id":"120950120003017","school_id":"sch_lucious_and_emma_nixon_academy_charter","kids_est":2,"class":"red","shortest":{"len_m":1875.5,"mean_c":37.89,"peak_c":38.2,"dose":127.0},"coolest":{"len_m":1875.5,"mean_c":37.89,"peak_c":38.2,"dose":127.0},"delta_mean_c":0.0,"delta_dose_pct":0,"distance_mi":0.591,"status_now":"walk","status_rec":"bus_eligible","reason":"Coolest route mean 37.9C exceeds threshold (110 C-min dose, actual 127).","safe_until_hour":"14:00"}},{"type":"Feature","geometry":{"type":"Polygon","coordinates":[[[-81.43684800027651,28.5771629996582],[-81.43684200042871,28.57659999961427],[-81.43683900005567,28.576209000234815],[-81.43681399994134,28.574911999864558],[-81.43680600044372,28.574493000208715],[-81.43680899991845,28.574451000119176],[-81.43683099965976,28.57435300010805],[-81.43670500016138,28.574327999929586],[-81.43656600024421,28.574295000315995],[-81.4365300002592,28.57428300038223],[-81.43632500021978,28.574219000186503],[-81.43610000008889,28.574132999911463],[-81.43579399976713,28.57399800017264],[-81.43574600008655,28.573984000341763],[-81.43570500007866,28.57397699963671],[-81.43566300024587,28.57397600009945],[-81.4353550002743,28.57397600009945],[-81.43535600009922,28.574122000284017],[-81.435361999947,28.574562000263047],[-81.43536399959682,28.57470899995355],[-81.43543800011498,28.574712999652455],[-81.43555600011575,28.57473000034335],[-81.43561200019225,28.574745000393815],[-81.43568300033736,28.574772999851184],[-81.43574799973639,28.574811999646446],[-81.43580499963778,28.57485999992079],[-81.43583899997297,28.57490100031857],[-81.43585400004157,28.5749280002062],[-81.43588099980576,28.57497699995536],[-81.43590799956993,28.57505700001197],[-81.43591799961568,28.575140999690444],[-81.4359240003618,28.57570999993471],[-81.4359390004304,28.57660200021669],[-81.43595000030106,28.577165000249906],[-81.4361290004012,28.577163999954056],[-81.43666800035145,28.5771629996582],[-81.43684800027651,28.5771629996582]]]},"properties":{"block_id":"120950120003014","school_id":"sch_lucious_and_emma_nixon_academy_charter","kids_est":1,"class":"red","shortest":{"len_m":1667.4,"mean_c":37.94,"peak_c":38.2,"dose":114.0},"coolest":{"len_m":1667.4,"mean_c":37.94,"peak_c":38.2,"dose":114.0},"delta_mean_c":0.0,"delta_dose_pct":0,"distance_mi":0.665,"status_now":"walk","status_rec":"bus_eligible","reason":"Coolest route mean 37.9C exceeds threshold (110 C-min dose, actual 114).","safe_until_hour":"14:00"}},{"type":"Feature","geometry":{"type":"Polygon","coordinates":[[[-81.43049799997591,28.55981899991442],[-81.43049499960286,28.55934999975603],[-81.43049499960286,28.55932700009996],[-81.43049399977795,28.55925100020585],[-81.43048600028034,28.55846500013818],[-81.43042299963284,28.55846599982276],[-81.43004900043734,28.558470000139078],[-81.42965000022916,28.558475000139733],[-81.4289270001559,28.558478999666725],[-81.4287239997663,28.558480999824667],[-81.42855300006208,28.558478999666725],[-81.42852399974977,28.558485000140397],[-81.42843699971112,28.558503999665565],[-81.42840900012204,28.55851099982196],[-81.42836899993907,28.55851299997928],[-81.42825099993829,28.558520999819148],[-81.42821199958024,28.558523999660377],[-81.42821300030346,28.558614000378977],[-81.42821599977819,28.558883999706033],[-81.42821800032634,28.55897400011686],[-81.42821900015123,28.559053999716106],[-81.42822199962598,28.559295000192783],[-81.42822300034919,28.559376000012982],[-81.42822599982392,28.559611000132342],[-81.42821400012838,28.559635999862337],[-81.42818999983892,28.559652999833116],[-81.42814999965594,28.559659000239918],[-81.42757399989577,28.55965799977764],[-81.42734700011505,28.55965799977764],[-81.4272809999928,28.55965799977764],[-81.42708599999914,28.559659000239918],[-81.42702099970181,28.559659999913166],[-81.4270199998769,28.559686000093542],[-81.42701900005198,28.559765000268403],[-81.42701900005198,28.559792000094852],[-81.4270180002271,28.559804999775054],[-81.4270180002271,28.55982699965503],[-81.4270180002271,28.559837000316218],[-81.42729500023653,28.559833999723455],[-81.42774899979794,28.559830000248],[-81.42812799991465,28.55982699965503],[-81.42840599974899,28.559825999983374],[-81.43037499995226,28.5598160001101],[-81.43049799997591,28.55981899991442]]]},"properties":{"block_id":"120950187002025","school_id":"sch_lucious_and_emma_nixon_academy_charter","kids_est":1,"class":"green","shortest":{"len_m":1115.7,"mean_c":38.16,"peak_c":38.2,"dose":80.0},"coolest":{"len_m":1115.7,"mean_c":38.16,"peak_c":38.2,"dose":80.0},"delta_mean_c":0.0,"delta_dose_pct":0,"distance_mi":0.538,"status_now":"walk","status_rec":"walk","reason":"Shortest route already under threshold (dose 80).","safe_until_hour":null}},{"type":"Feature","geometry":{"type":"Polygon","coordinates":[[[-81.43160099999076,28.57873200013085],[-81.43158699974707,28.578239000102666],[-81.43158599992215,28.578182000372802],[-81.43158300044742,28.578061999885627],[-81.4314050001722,28.578064999958638],[-81.43133400002709,28.578066000245922],[-81.43122900044511,28.578066999744316],[-81.43091499972743,28.57807100010441],[-81.43081099997036,28.57807299988997],[-81.43081299962019,28.578195000147836],[-81.43081900036627,28.57856200035493],[-81.4308210000161,28.578685000327006],[-81.43082299966592,28.57882299962419],[-81.43082400038915,28.578887999664904],[-81.43083199988675,28.579239999624328],[-81.43083600008471,28.579379000045865],[-81.43083899955944,28.579492999755054],[-81.43084199993248,28.5796439999546],[-81.43084299975742,28.579677000256655],[-81.43084799978028,28.5798349997189],[-81.43085100015333,28.579949999991992],[-81.43085700000111,28.580190999943863],[-81.43087200006973,28.58072999972622],[-81.4308779999175,28.580913999641517],[-81.4308849995902,28.581156000008836],[-81.43088700013834,28.58123199985936],[-81.4308999996588,28.581695000367493],[-81.4309480002377,28.581692999861943],[-81.43105500036783,28.581692999861943],[-81.43104299977394,28.58123000013387],[-81.43104000029922,28.58114200034176],[-81.4310329997282,28.580904999665997],[-81.43102900042855,28.580726000256096],[-81.43101500018486,28.580184999919034],[-81.43100900033708,28.57994800024213],[-81.43100000011626,28.57964299968233],[-81.4309959999183,28.579489000237846],[-81.43099199972033,28.579374000249555],[-81.43098900024559,28.579236000097552],[-81.43097800037494,28.578890999714353],[-81.43097800037494,28.578823999904262],[-81.4309750000019,28.578733999903843],[-81.43160099999076,28.57873200013085]]]},"properties":{"block_id":"120950124031072","school_id":"sch_lucious_and_emma_nixon_academy_charter","kids_est":0,"class":"green","shortest":{"len_m":1349.7,"mean_c":37.95,"peak_c":38.2,"dose":92.9},"coolest":{"len_m":1349.7,"mean_c":37.95,"peak_c":38.2,"dose":92.9},"delta_mean_c":0.0,"delta_dose_pct":0,"distance_mi":0.81,"status_now":"walk","status_rec":"walk","reason":"Shortest route already under threshold (dose 93).","safe_until_hour":null}},{"type":"Feature","geometry":{"type":"Polygon","coordinates":[[[-81.43276799957975,28.566092000109688],[-81.43276599992991,28.565615999817076],[-81.43222100013189,28.565615000200392],[-81.4321879996216,28.56560799972747],[-81.43211200035194,28.56557699976896],[-81.4320810003898,28.565572999722736],[-81.43189399989373,28.565574999745873],[-81.43186700012956,28.565578999791995],[-81.43183799981723,28.565590000312618],[-81.43178900031175,28.56561999986171],[-81.43162399955699,28.565621999883945],[-81.43162500028022,28.566102999787667],[-81.43276799957975,28.566092000109688]]]},"properties":{"block_id":"120950187004006","school_id":"sch_lucious_and_emma_nixon_academy_charter","kids_est":2,"class":"green","shortest":{"len_m":137.6,"mean_c":38.1,"peak_c":38.1,"dose":9.7},"coolest":{"len_m":137.6,"mean_c":38.1,"peak_c":38.1,"dose":9.7},"delta_mean_c":0.0,"delta_dose_pct":0,"distance_mi":0.071,"status_now":"walk","status_rec":"walk","reason":"Shortest route already under threshold (dose 10).","safe_until_hour":null}},{"type":"Feature","geometry":{"type":"Polygon","coordinates":[[[-81.43162500028022,28.566102999787667],[-81.43162399955699,28.565621999883945],[-81.43073800017542,28.565636000038484],[-81.43055599970222,28.565638999676867],[-81.43055700042545,28.565765999806793],[-81.43055800025036,28.56589299978353],[-81.43055800025036,28.5659820001107],[-81.43055800025036,28.566029000066944],[-81.43055900007528,28.566071000362612],[-81.43064699993883,28.566073999988653],[-81.43074400002321,28.566088999695236],[-81.43078400020619,28.566094999735082],[-81.4308779999175,28.566102999787667],[-81.43117099982047,28.56610099977458],[-81.43125500038437,28.566106999813726],[-81.43162500028022,28.566102999787667]]]},"properties":{"block_id":"120950187004016","school_id":"sch_lucious_and_emma_nixon_academy_charter","kids_est":2,"class":"green","shortest":{"len_m":181.0,"mean_c":38.1,"peak_c":38.1,"dose":12.8},"coolest":{"len_m":181.0,"mean_c":38.1,"peak_c":38.1,"dose":12.8},"delta_mean_c":0.0,"delta_dose_pct":0,"distance_mi":0.067,"status_now":"walk","status_rec":"walk","reason":"Shortest route already under threshold (dose 13).","safe_until_hour":null}},{"type":"Feature","geometry":{"type":"Polygon","coordinates":[[[-81.432432999844,28.572538000111166],[-81.43249800014132,28.572538000111166],[-81.43226799998754,28.572259000385092],[-81.43204899970443,28.572041999998955],[-81.43178000009092,28.57182600030079],[-81.43157900024947,28.571714999636924],[-81.43130499971475,28.57156399988908],[-81.43105000034495,28.57144899991487],[-81.43086500039703,28.571358000353797],[-81.43067600025114,28.57130400031703],[-81.4306529997866,28.571290000127657],[-81.43065399961152,28.571373999658146],[-81.43065600015966,28.571481999632187],[-81.43067899972588,28.571488999714337],[-81.4308710002448,28.571552999993028],[-81.4313929995783,28.571787000187445],[-81.43184000036537,28.572091000303388],[-81.43221799975882,28.572453000380417],[-81.43228899990393,28.572538999662076],[-81.432432999844,28.572538000111166]]]},"properties":{"block_id":"120950187004003","school_id":"sch_lucious_and_emma_nixon_academy_charter","kids_est":0,"class":"green","shortest":{"len_m":594.1,"mean_c":38.15,"peak_c":38.2,"dose":42.5},"coolest":{"len_m":594.1,"mean_c":38.15,"peak_c":38.2,"dose":42.5},"delta_mean_c":0.0,"delta_dose_pct":0,"distance_mi":0.352,"status_now":"walk","status_rec":"walk","reason":"Shortest route already under threshold (dose 42).","safe_until_hour":null}},{"type":"Feature","geometry":{"type":"Polygon","coordinates":[[[-81.42994099958398,28.55671599992533],[-81.42994300013213,28.556683000311928],[-81.4299339999113,28.556642999618994],[-81.42991200016999,28.55661099968492],[-81.42989700010136,28.556597999610343],[-81.42986100011636,28.556578999741166],[-81.42982000010848,28.556570000051096],[-81.42978800032142,28.556570000051096],[-81.4293859997402,28.556572000245296],[-81.42925199984592,28.556572999947853],[-81.42925299967081,28.55673499976976],[-81.42925900041692,28.557221000106722],[-81.42926100006675,28.557384000204426],[-81.42946100008326,28.557381000330718],[-81.42984100002488,28.557376999973016],[-81.4298770000099,28.55736499968807],[-81.42990700014711,28.557343999777842],[-81.42992899988842,28.557315999627967],[-81.42993999975909,28.557283999898516],[-81.42993999975909,28.557203999743205],[-81.42994099958398,28.55700400027246],[-81.42994099958398,28.556923000205135],[-81.42994099958398,28.55671599992533]]]},"properties":{"block_id":"120950187002020","school_id":"sch_lucious_and_emma_nixon_academy_charter","kids_est":0,"class":"green","shortest":{"len_m":1247.7,"mean_c":38.16,"peak_c":38.2,"dose":89.5},"coolest":{"len_m":1247.7,"mean_c":38.16,"peak_c":38.2,"dose":89.5},"delta_mean_c":0.0,"delta_dose_pct":0,"distance_mi":0.682,"status_now":"walk","status_rec":"walk","reason":"Shortest route already under threshold (dose 90).","safe_until_hour":null}},{"type":"Feature","geometry":{"type":"Polygon","coordinates":[[[-81.43722599966996,28.569745000014745],[-81.43707699970705,28.56960499990735],[-81.43696200007932,28.569405000332438],[-81.43689900033013,28.56916499970956],[-81.4368120002915,28.56882000022192],[-81.43682800018502,28.56940999981363],[-81.43683900005567,28.56982500010525],[-81.43684699955328,28.57010700027426],[-81.43697700014793,28.569981999800195],[-81.4370519995927,28.569910999957095],[-81.43722599966996,28.569745000014745]]]},"properties":{"block_id":"120950187004011","school_id":"sch_lucious_and_emma_nixon_academy_charter","kids_est":0,"class":"green","shortest":{"len_m":658.9,"mean_c":38.1,"peak_c":38.1,"dose":46.7},"coolest":{"len_m":658.9,"mean_c":38.1,"peak_c":38.1,"dose":46.7},"delta_mean_c":0.0,"delta_dose_pct":0,"distance_mi":0.381,"status_now":"walk","status_rec":"walk","reason":"Shortest route already under threshold (dose 47).","safe_until_hour":null}},{"type":"Feature","geometry":{"type":"Polygon","coordinates":[[[-81.43056900012103,28.56688200002355],[-81.43056499992306,28.566577000240315],[-81.43056499992306,28.566557999805536],[-81.43056300027324,28.566440000267292],[-81.43056200044833,28.566323999816646],[-81.43055999990018,28.566136000392675],[-81.43047299986155,28.56613799961612],[-81.42960900022129,28.566147999677735],[-81.42948500037274,28.566149999689916],[-81.42949100022051,28.566505000069373],[-81.42950000044134,28.56699199987071],[-81.4290610000502,28.56700700023549],[-81.4276319996221,28.56701399982637],[-81.42697499967106,28.56701700021446],[-81.42697200019634,28.56677299966705],[-81.42696600034854,28.566179999868275],[-81.42645199961433,28.56618599990294],[-81.42645800036043,28.566798000062835],[-81.42646000001027,28.567009999834788],[-81.42646000001027,28.567051000135894],[-81.42646099983516,28.567077000068355],[-81.42646099983516,28.567112000361842],[-81.42655200007177,28.567122000330826],[-81.4266320004377,28.56714299986819],[-81.4267160001033,28.567178999741554],[-81.42686099986825,28.567122000330826],[-81.42692899964031,28.567095000017893],[-81.42698200024208,28.567097000012087],[-81.42727400032012,28.56707900006289],[-81.4275479999565,28.567077000068355],[-81.42802199960943,28.567073000079166],[-81.42837599961176,28.567067999697976],[-81.42852899977262,28.567065999703235],[-81.42889100017089,28.567063000105513],[-81.4290610000502,28.56706100011067],[-81.43027500039314,28.567029000187958],[-81.4304760002346,28.566999000251563],[-81.43056900012103,28.56688200002355]]]},"properties":{"block_id":"120950187002030","school_id":"sch_lucious_and_emma_nixon_academy_charter","kids_est":0,"class":"green","shortest":{"len_m":178.3,"mean_c":38.1,"peak_c":38.1,"dose":12.6},"coolest":{"len_m":178.3,"mean_c":38.1,"peak_c":38.1,"dose":12.6},"delta_mean_c":0.0,"delta_dose_pct":0,"distance_mi":0.127,"status_now":"walk","status_rec":"walk","reason":"Shortest route already under threshold (dose 13).","safe_until_hour":null}},{"type":"Feature","geometry":{"type":"Polygon","coordinates":[[[-81.43959499990632,28.57286900005103],[-81.4395589999213,28.571694999781993],[-81.43934100036141,28.571696000129847],[-81.43868799971003,28.57170300019776],[-81.43847099997505,28.571705000104362],[-81.43789799968961,28.571705999663198],[-81.43782999991754,28.57170199984997],[-81.43770799971882,28.571694999781993],[-81.43763800029693,28.571685999806615],[-81.43747799956503,28.57165300015329],[-81.43733899964786,28.571612999627195],[-81.43712899958558,28.571529999848018],[-81.43697399977488,28.57144700000341],[-81.436756000215,28.571299000136904],[-81.43669199974259,28.57127099975496],[-81.43661999977256,28.5712540000829],[-81.43655000035068,28.571250999815643],[-81.43649599992399,28.571257999913147],[-81.43644400004547,28.57127299966978],[-81.43637299990036,28.571308999707988],[-81.43633199989247,28.571340999906912],[-81.4361159999824,28.571549000173984],[-81.43576700000295,28.57188700012531],[-81.43565800022301,28.571997000262737],[-81.43599899980654,28.57227399999897],[-81.43610699976158,28.572349999955748],[-81.436235999633,28.572429999643276],[-81.43647099980964,28.572555000364638],[-81.43669799959036,28.572652000134138],[-81.43682499981196,28.572697000379065],[-81.43704699956983,28.572764999695895],[-81.43728799959425,28.572820000108887],[-81.43750699987736,28.572851999848307],[-81.43768799962733,28.57286799971433],[-81.43789799968961,28.57287600004089],[-81.43921300031491,28.57286700016654],[-81.43959499990632,28.57286900005103]]]},"properties":{"block_id":"120950120003020","school_id":"sch_lucious_and_emma_nixon_academy_charter","kids_est":0,"class":"red","shortest":{"len_m":2298.3,"mean_c":37.99,"peak_c":38.3,"dose":158.7},"coolest":{"len_m":2298.3,"mean_c":37.99,"peak_c":38.3,"dose":158.7},"delta_mean_c":0.0,"delta_dose_pct":0,"distance_mi":0.528,"status_now":"walk","status_rec":"bus_eligible","reason":"Coolest route mean 38.0C exceeds threshold (110 C-min dose, actual 159).","safe_until_hour":"14:00"}},{"type":"Feature","geometry":{"type":"Polygon","coordinates":[[[-81.43063199987022,28.56970500034123],[-81.43061500015176,28.569239999963006],[-81.43061400032687,28.569198999725852],[-81.43060799958077,28.56891700027907],[-81.43060699975585,28.568892000386807],[-81.42964900040425,28.568904999731917],[-81.4285480000392,28.568921999783445],[-81.42854999968903,28.56901099991569],[-81.42855100041226,28.569082999949803],[-81.42861099978839,28.569696999773544],[-81.42916300015744,28.569687999627256],[-81.42921199966294,28.569690000361057],[-81.42928000033332,28.569703999974443],[-81.42937999989243,28.56972099989688],[-81.42946399955802,28.569722999841165],[-81.42960599984823,28.569717000008197],[-81.42979599981905,28.56968599968231],[-81.42981900028357,28.56968599968231],[-81.42993899993417,28.56970700028582],[-81.43063199987022,28.56970500034123]]]},"properties":{"block_id":"120950187002026","school_id":"sch_lucious_and_emma_nixon_academy_charter","kids_est":0,"class":"green","shortest":{"len_m":424.2,"mean_c":38.12,"peak_c":38.2,"dose":30.1},"coolest":{"len_m":424.2,"mean_c":38.12,"peak_c":38.2,"dose":30.1},"delta_mean_c":0.0,"delta_dose_pct":0,"distance_mi":0.213,"status_now":"walk","status_rec":"walk","reason":"Shortest route already under threshold (dose 30).","safe_until_hour":null}},{"type":"Feature","geometry":{"type":"Polygon","coordinates":[[[-81.42636200010095,28.557652999837828],[-81.42635600025318,28.55704100015584],[-81.42635100023031,28.556548999982287],[-81.42634299983439,28.556255999862646],[-81.42526599975879,28.55626999968496],[-81.42526999995675,28.556549999685064],[-81.42528800039841,28.55767000012889],[-81.42636200010095,28.557652999837828]]]},"properties":{"block_id":"120950187002021","school_id":"sch_lucious_and_emma_nixon_academy_charter","kids_est":0,"class":"red","shortest":{"len_m":1980.6,"mean_c":38.17,"peak_c":38.2,"dose":142.4},"coolest":{"len_m":1980.6,"mean_c":38.17,"peak_c":38.2,"dose":142.4},"delta_mean_c":0.0,"delta_dose_pct":0,"distance_mi":0.758,"status_now":"walk","status_rec":"bus_eligible","reason":"Coolest route mean 38.2C exceeds threshold (110 C-min dose, actual 142).","safe_until_hour":"14:00"}},{"type":"Feature","geometry":{"type":"Polygon","coordinates":[[[-81.44131499968924,28.558034000271853],[-81.44129399977284,28.558011000328246],[-81.44127200003153,28.557963999947603],[-81.44126600018376,28.557913999687518],[-81.44126899965849,28.557889000337525],[-81.44112999974134,28.557872999772098],[-81.44099900022007,28.55781899991688],[-81.44090499961044,28.55776799989669],[-81.44009100019888,28.55715899997428],[-81.44005299966572,28.55714200038973],[-81.4392690003914,28.556991000246406],[-81.43920099972102,28.556970999960356],[-81.4391229999032,28.55693499975148],[-81.43871799984726,28.55666299996737],[-81.43871799984726,28.55660999998272],[-81.43871700002235,28.556118999868936],[-81.43838499976133,28.556118999868936],[-81.43820800020931,28.5561420002259],[-81.43755100025828,28.556148000043727],[-81.43746500004457,28.556139000316787],[-81.43738300002879,28.556118999868936],[-81.437305000211,28.556086999775594],[-81.43723400006587,28.556043999733518],[-81.43707500005722,28.555912000375304],[-81.43698200017081,28.555850000261028],[-81.43683099965976,28.55577100030429],[-81.43662800016848,28.555690999788304],[-81.43648500005334,28.555602999939527],[-81.43514699986184,28.554756999720986],[-81.43503200023412,28.55469600022498],[-81.43491599988316,28.554652999614778],[-81.43433099990214,28.554538000098468],[-81.43415000015217,28.554520000368655],[-81.43392099982333,28.554515000180167],[-81.43240199988185,28.55459599973297],[-81.43231800021627,28.554588000383898],[-81.43223799985033,28.554563999965826],[-81.43218900034483,28.554538999820338],[-81.43208600041267,28.55467400006178],[-81.43201500026755,28.554753999772437],[-81.4319399999245,28.554829999756937],[-81.43185999955855,28.554902999742264],[-81.43158699974707,28.555125000121638],[-81.43152200034807,28.555175999844128],[-81.43146399972343,28.55522099967159],[-81.43147600031732,28.556078000043453],[-81.43078500003108,28.55608399986498],[-81.43060099990808,28.55608500036123],[-81.4305399998087,28.556113999756327],[-81.43052899993805,28.55611599995919],[-81.4304910003032,28.55612399998127],[-81.43045100012024,28.556121000071713],[-81.43045299977005,28.556276999989915],[-81.43045899961785,28.556745999636565],[-81.43046100016599,28.556850000042406],[-81.4304619999909,28.556902999906157],[-81.4304619999909,28.556941000313167],[-81.43046299981582,28.556950999670505],[-81.43046299981582,28.556986000175268],[-81.43046399964071,28.55699499982973],[-81.43051700024247,28.556996000317312],[-81.43062799967225,28.556999999900434],[-81.43067899972588,28.556999999900434],[-81.43073300015254,28.556999999900434],[-81.43086600022195,28.556999000201934],[-81.43126500043013,28.556999000201934],[-81.43139900032442,28.556999000201934],[-81.43176699967212,28.55699700001584],[-81.43287200023514,28.556992999643573],[-81.43296799959629,28.556992999643573],[-81.43324100030608,28.55699700001584],[-81.4336649997303,28.557002999785006],[-81.43371199958595,28.557002000086467],[-81.43512699977035,28.556991000246406],[-81.43552799962836,28.55698900006017],[-81.43559799994854,28.556999999900434],[-81.43566700044383,28.557023000064923],[-81.43570900027662,28.557044000039244],[-81.43574699991146,28.55707000007671],[-81.43578100024665,28.557099999687072],[-81.43580999966065,28.55713399965604],[-81.4358339999501,28.55717100028278],[-81.43585300021668,28.55721099998605],[-81.43588699965355,28.55730900018114],[-81.43589400022455,28.5573430000826],[-81.43592000016383,28.557461000351516],[-81.43602999976866,28.557417000387055],[-81.43613799972371,28.55738700007799],[-81.43625900009754,28.557368000351214],[-81.43637000042561,28.55736499968807],[-81.4364039998625,28.557368000351214],[-81.43652799971105,28.557382000025644],[-81.436868000368,28.557436999799354],[-81.43708199972993,28.55747200014252],[-81.4371009999965,28.557585000224215],[-81.43733199997519,28.557585000224215],[-81.43760599961156,28.557601000044386],[-81.43786799955238,28.557639999891858],[-81.4379119999333,28.557642999758123],[-81.43818499974479,28.55766200022429],[-81.43837200024085,28.55768899980115],[-81.4387339997408,28.557706000086363],[-81.43898900000892,28.55773900016812],[-81.43912700010117,28.55777200023953],[-81.43935700025496,28.557882000139767],[-81.43945099996627,28.557948000182545],[-81.43955700027148,28.558040999670528],[-81.43964400031012,28.558135000342084],[-81.43989299983215,28.55830499998366],[-81.44001199965783,28.55835500005809],[-81.44016099962074,28.55837799992653],[-81.4401859997351,28.558382000246194],[-81.44032300000245,28.558392999940903],[-81.44046699994252,28.558432000283997],[-81.44054800013336,28.558442999973543],[-81.4405790000955,28.558432000283997],[-81.44093999977052,28.55857500010331],[-81.44108299988565,28.558387999936354],[-81.44126899965849,28.558103000072553],[-81.44131499968924,28.558034000271853]]]},"properties":{"block_id":"120950187003009","school_id":"sch_lucious_and_emma_nixon_academy_charter","kids_est":0,"class":"red","shortest":{"len_m":1660.0,"mean_c":38.15,"peak_c":38.2,"dose":118.8},"coolest":{"len_m":1660.0,"mean_c":38.15,"peak_c":38.2,"dose":118.8},"delta_mean_c":0.0,"delta_dose_pct":0,"distance_mi":0.749,"status_now":"walk","status_rec":"bus_eligible","reason":"Coolest route mean 38.1C exceeds threshold (110 C-min dose, actual 119).","safe_until_hour":"14:00"}},{"type":"Feature","geometry":{"type":"Polygon","coordinates":[[[-81.42929200002888,28.55763600033305],[-81.4292939996787,28.557624000077567],[-81.42926699991453,28.55755799983165],[-81.42926299971657,28.557448000381896],[-81.42926100006675,28.557384000204426],[-81.42925900041692,28.557221000106722],[-81.42925299967081,28.55673499976976],[-81.42925199984592,28.556572999947853],[-81.42912799999735,28.556572999947853],[-81.4287589999264,28.5565770003361],[-81.42869100015434,28.55657800003866],[-81.42864000010073,28.55659900010169],[-81.42861300033655,28.556622000353784],[-81.42859499989488,28.556651000390005],[-81.42858700039727,28.55668400001343],[-81.42858800022218,28.556808000012293],[-81.42859499989488,28.557492000333397],[-81.428597000443,28.55760899995362],[-81.42860599976554,28.55764400023956],[-81.42862699968194,28.557673999686415],[-81.42865699981914,28.55769800018456],[-81.42867500026082,28.557706000086363],[-81.42871299989567,28.557714999679327],[-81.42877499981994,28.557714999679327],[-81.4290409999587,28.557714999679327],[-81.42913800004308,28.557706999778198],[-81.42921300038617,28.557701999741017],[-81.42925600004388,28.55768500024415],[-81.4292729997623,28.55767500016755],[-81.42929100020397,28.557650999664162],[-81.42929200002888,28.55763600033305]]]},"properties":{"block_id":"120950187002019","school_id":"sch_lucious_and_emma_nixon_academy_charter","kids_est":1,"class":"green","shortest":{"len_m":1348.1,"mean_c":38.17,"peak_c":38.2,"dose":96.7},"coolest":{"len_m":1348.1,"mean_c":38.17,"peak_c":38.2,"dose":96.7},"delta_mean_c":0.0,"delta_dose_pct":0,"distance_mi":0.679,"status_now":"walk","status_rec":"walk","reason":"Shortest route already under threshold (dose 97).","safe_until_hour":null}},{"type":"Feature","geometry":{"type":"Polygon","coordinates":[[[-81.44093999977052,28.55857500010331],[-81.4405790000955,28.558432000283997],[-81.44054800013336,28.558442999973543],[-81.44046699994252,28.558432000283997],[-81.44032300000245,28.558392999940903],[-81.4401859997351,28.558382000246194],[-81.44016099962074,28.55837799992653],[-81.44001199965783,28.55835500005809],[-81.43989299983215,28.55830499998366],[-81.43964400031012,28.558135000342084],[-81.43955700027148,28.558040999670528],[-81.43945099996627,28.557948000182545],[-81.43935700025496,28.557882000139767],[-81.43912700010117,28.55777200023953],[-81.43898900000892,28.55773900016812],[-81.4387339997408,28.557706000086363],[-81.43837200024085,28.55768899980115],[-81.43818499974479,28.55766200022429],[-81.4379119999333,28.557642999758123],[-81.43786799955238,28.557639999891858],[-81.43760599961156,28.557601000044386],[-81.43733199997519,28.557585000224215],[-81.4371009999965,28.557585000224215],[-81.43704400009509,28.55758899978497],[-81.43703300022443,28.557590000266902],[-81.43690099997995,28.557678000032833],[-81.4368549999492,28.557709999642565],[-81.4367710002836,28.557765999725227],[-81.43666499997842,28.55780500030055],[-81.43659600038143,28.557816000055603],[-81.43631599999894,28.55778800003128],[-81.43628400021188,28.55778899972235],[-81.43619700017327,28.55779399975536],[-81.43609099986804,28.557816000055603],[-81.43599200013384,28.55786499988294],[-81.43584200034603,28.558019000206325],[-81.43577399967563,28.55812399983137],[-81.43573000019302,28.55826100037197],[-81.43572400034525,28.558382000246194],[-81.43574400043674,28.55846799998093],[-81.43578000042174,28.558619000372786],[-81.43582999975214,28.558702000077922],[-81.43591099994299,28.55880600012941],[-81.43601700024821,28.55890500009809],[-81.4361229996551,28.558915999738222],[-81.43626499994532,28.558971000288523],[-81.43627800036411,28.55897699994511],[-81.43658399978756,28.559009999628444],[-81.43673299975046,28.559036999648537],[-81.4368540001243,28.559013000244693],[-81.43695799988137,28.55899300034279],[-81.43713199995864,28.559075999753038],[-81.43714000035456,28.55908400033913],[-81.43731899955638,28.559256999846486],[-81.43746300039473,28.55950499994871],[-81.43745900019678,28.55969899978677],[-81.43745599982374,28.55987899992688],[-81.43745699964865,28.559902999922294],[-81.43746300039473,28.55998400006373],[-81.43743099970939,28.56019300035493],[-81.43742700040974,28.560210999903806],[-81.43739999974723,28.56031900028852],[-81.4373470000438,28.560445000071226],[-81.43719499970783,28.560809000086675],[-81.43718800003512,28.56099100001685],[-81.43717600033956,28.561079000095667],[-81.43713699998152,28.56114699981923],[-81.43708199972993,28.56124899971681],[-81.43700800011007,28.561326000192746],[-81.43698600036878,28.561338999683503],[-81.43689500013217,28.56139199965421],[-81.43685900014717,28.561404000269096],[-81.43678899982697,28.561430999675178],[-81.43643700037276,28.561453000004274],[-81.43629500008254,28.561462000065898],[-81.43609800043906,28.561475000328816],[-81.43596700001949,28.561556999704745],[-81.43583599959993,28.561700000012756],[-81.43563599958338,28.561738999919555],[-81.4355179995826,28.56182099987881],[-81.43545499983341,28.561897999936367],[-81.43536799979478,28.562008000258977],[-81.4353000000227,28.56204700005171],[-81.43511300042496,28.562096999926656],[-81.43497000030985,28.56211299985003],[-81.43473299958505,28.562222999947956],[-81.43454000013953,28.56240999961391],[-81.43450199960638,28.562460000105403],[-81.43446499979645,28.56264700013922],[-81.43446499979645,28.562773000291163],[-81.43448300023812,28.562882999699315],[-81.4346449997215,28.56342300021894],[-81.43465800014029,28.563521999790108],[-81.4346449997215,28.563621000057196],[-81.4346020000638,28.563724999982394],[-81.43463300002594,28.56376899967708],[-81.43453299956852,28.56397299981417],[-81.43436500023734,28.564131999612005],[-81.43435699984143,28.564141000233494],[-81.43418399958907,28.5643800000627],[-81.43396000018139,28.564501000003617],[-81.43384800002839,28.564517999977678],[-81.43369599969243,28.56457000029888],[-81.43364200016407,28.564589000303663],[-81.43354799955442,28.564650000378812],[-81.4335240001633,28.564825999867107],[-81.43349900004894,28.56488600018128],[-81.43347399993459,28.56494700008428],[-81.43345399984308,28.564982000297135],[-81.43459100019314,28.564982000297135],[-81.43742400003669,28.564982999919902],[-81.43746300039473,28.56469399968673],[-81.43747699974014,28.56458599984636],[-81.4375019998545,28.564403999820758],[-81.43756899980166,28.563903000283545],[-81.43758100039553,28.563877999989014],[-81.4376280002512,28.56371299963214],[-81.43777300001615,28.56321800016528],[-81.43782200041994,28.56305399999269],[-81.43788599999405,28.562860999669063],[-81.43808199981262,28.562285000253727],[-81.43814799993487,28.562092999748188],[-81.43814200008708,28.561711999803524],[-81.43814000043727,28.56152400003094],[-81.43813299986626,28.560951999832884],[-81.4381289996683,28.56057099970311],[-81.43812399964541,28.5601899997723],[-81.43811899962256,28.559766999612886],[-81.43875700020533,28.559763000134875],[-81.43937800017135,28.559758999867707],[-81.4403819995537,28.558888999687035],[-81.44047799981315,28.558833999882918],[-81.44093999977052,28.55857500010331]]]},"properties":{"block_id":"120950187003011","school_id":"sch_lucious_and_emma_nixon_academy_charter","kids_est":0,"class":"red","shortest":{"len_m":1768.1,"mean_c":38.15,"peak_c":38.2,"dose":126.4},"coolest":{"len_m":1768.1,"mean_c":38.15,"peak_c":38.2,"dose":126.4},"delta_mean_c":0.0,"delta_dose_pct":0,"distance_mi":0.492,"status_now":"walk","status_rec":"bus_eligible","reason":"Coolest route mean 38.1C exceeds threshold (110 C-min dose, actual 126).","safe_until_hour":"14:00"}},{"type":"Feature","geometry":{"type":"Polygon","coordinates":[[[-81.43477000029328,28.5745870003859],[-81.43477000029328,28.574365000033815],[-81.43460000041398,28.574366000356274],[-81.43460500043686,28.57459600011311],[-81.43460600026177,28.574666999950253],[-81.43459799986584,28.57473000034335],[-81.43457000027675,28.574799999771674],[-81.43452900026888,28.574858000074148],[-81.43446999981933,28.574936000376113],[-81.43440500042031,28.575038999846754],[-81.43437699993291,28.575093999859796],[-81.43433099990214,28.575198999804908],[-81.43429099971918,28.575331999742634],[-81.43426599960482,28.57546799965928],[-81.43425899993213,28.575564000376318],[-81.43425899993213,28.57561400013983],[-81.4342770003738,28.576644999748197],[-81.4342570002823,28.576654000088233],[-81.4342299996198,28.57667000016491],[-81.43420500040376,28.57669299997503],[-81.43419500035802,28.576723000302913],[-81.43418100011432,28.576752000322454],[-81.4341640003959,28.576778999734998],[-81.4341440003044,28.576804999630244],[-81.43412099983986,28.57682800019968],[-81.4340959997255,28.576879999959523],[-81.4343900003517,28.577152999854654],[-81.4344189997657,28.577184000347],[-81.43441700011587,28.57714199975409],[-81.43439600019947,28.576579000386655],[-81.4343979998493,28.57614400011637],[-81.43440200004726,28.575511999965922],[-81.43442100031383,28.575275000015314],[-81.4345950003911,28.575010999671292],[-81.43477000029328,28.5745870003859]]]},"properties":{"block_id":"120950187004010","school_id":"sch_lucious_and_emma_nixon_academy_charter","kids_est":0,"class":"green","shortest":{"len_m":1433.4,"mean_c":37.97,"peak_c":38.2,"dose":98.8},"coolest":{"len_m":1433.4,"mean_c":37.97,"peak_c":38.2,"dose":98.8},"delta_mean_c":0.0,"delta_dose_pct":0,"distance_mi":0.666,"status_now":"walk","status_rec":"walk","reason":"Shortest route already under threshold (dose 99).","safe_until_hour":null}},{"type":"Feature","geometry":{"type":"Polygon","coordinates":[[[-81.43959499990632,28.57299900035036],[-81.43959499990632,28.57286900005103],[-81.43921300031491,28.57286700016654],[-81.43789799968961,28.57287600004089],[-81.43768799962733,28.57286799971433],[-81.43750699987736,28.572851999848307],[-81.43728799959425,28.572820000108887],[-81.43704699956983,28.572764999695895],[-81.43682499981196,28.572697000379065],[-81.43669799959036,28.572652000134138],[-81.43647099980964,28.572555000364638],[-81.436235999633,28.572429999643276],[-81.43610699976158,28.572349999955748],[-81.43599899980654,28.57227399999897],[-81.43565800022301,28.571997000262737],[-81.43552900035156,28.572127999616573],[-81.43546499987917,28.57220899981588],[-81.43541300000061,28.57229500008592],[-81.43536600014497,28.572420000178752],[-81.43534299968042,28.5725170000727],[-81.43533400035791,28.572615999766537],[-81.43534000020568,28.573194999648347],[-81.43557100018435,28.573192000225365],[-81.43574699991146,28.573197999860174],[-81.43583700032315,28.57320900037315],[-81.4359539996007,28.573232000151062],[-81.43612199983018,28.57328000035739],[-81.4362499998767,28.573329000085288],[-81.4365090003428,28.573446999787087],[-81.43672299970471,28.573524000015844],[-81.43688799956115,28.573570000217842],[-81.43712500028593,28.57361500007011],[-81.43732199992945,28.57364299982828],[-81.43751299972513,28.573652999965493],[-81.43875600038041,28.57364600002732],[-81.43884099987092,28.57365400029472],[-81.43892399971159,28.573673000237065],[-81.43900300025261,28.573702000308526],[-81.43903300038986,28.573685000240392],[-81.43913799997183,28.57362599975062],[-81.43924299955381,28.573568000346672],[-81.43935600043002,28.573479000124646],[-81.43940499993552,28.573427999803947],[-81.43945000014136,28.573374000040648],[-81.43948899960112,28.57331700004135],[-81.43952200011138,28.573256999801057],[-81.43954999970047,28.573194999648347],[-81.43957099961689,28.573131000368505],[-81.43958599968548,28.573065000380137],[-81.43959499990632,28.57299900035036]]]},"properties":{"block_id":"120950120003019","school_id":"sch_lucious_and_emma_nixon_academy_charter","kids_est":2,"class":"red","shortest":{"len_m":1875.5,"mean_c":37.89,"peak_c":38.2,"dose":127.0},"coolest":{"len_m":1875.5,"mean_c":37.89,"peak_c":38.2,"dose":127.0},"delta_mean_c":0.0,"delta_dose_pct":0,"distance_mi":0.555,"status_now":"walk","status_rec":"bus_eligible","reason":"Coolest route mean 37.9C exceeds threshold (110 C-min dose, actual 127).","safe_until_hour":"14:00"}},{"type":"Feature","geometry":{"type":"Polygon","coordinates":[[[-81.43065600015966,28.571481999632187],[-81.43065399961152,28.571373999658146],[-81.4306529997866,28.571290000127657],[-81.43000300040659,28.571087000327918],[-81.42936999984668,28.5710009998594],[-81.42910700008096,28.570966000070616],[-81.42859800026793,28.57089800037998],[-81.42725500005355,28.570705999809686],[-81.42651799973657,28.57061400003686],[-81.42651699991164,28.57072200000213],[-81.42719399995418,28.57083199977969],[-81.42830500036496,28.57100400013379],[-81.42859099969692,28.571047000375646],[-81.42937300021973,28.571165999834047],[-81.42997499991918,28.571257999913147],[-81.43051600041755,28.571436000095055],[-81.43065600015966,28.571481999632187]]]},"properties":{"block_id":"120950187002009","school_id":"sch_lucious_and_emma_nixon_academy_charter","kids_est":0,"class":"green","shortest":{"len_m":527.4,"mean_c":38.15,"peak_c":38.2,"dose":37.7},"coolest":{"len_m":527.4,"mean_c":38.15,"peak_c":38.2,"dose":37.7},"delta_mean_c":0.0,"delta_dose_pct":0,"distance_mi":0.34,"status_now":"walk","status_rec":"walk","reason":"Shortest route already under threshold (dose 38).","safe_until_hour":null}},{"type":"Feature","geometry":{"type":"Polygon","coordinates":[[[-81.43727599989867,28.566082999655073],[-81.43742400003669,28.564982999919902],[-81.43459100019314,28.564982000297135],[-81.43345399984308,28.564982000297135],[-81.43337299965224,28.56519900025293],[-81.43334099986518,28.565243000120297],[-81.43330200040545,28.565262999623602],[-81.43323000043543,28.565268999710543],[-81.43313400017595,28.565264999652616],[-81.43302899969567,28.565257000325257],[-81.43291599971776,28.56525500029609],[-81.43243000036925,28.565272999768304],[-81.43225499956877,28.56527499979713],[-81.43221699993393,28.56529799973143],[-81.43221699993393,28.56532000004119],[-81.43225299991894,28.565338000291256],[-81.43234199960739,28.565357999776452],[-81.43247399985187,28.5653519996946],[-81.43265299995201,28.56534200034641],[-81.43314000002374,28.565324000097007],[-81.43323100026032,28.565328000152682],[-81.43325899984943,28.56537800004689],[-81.43326800007026,28.56541999981339],[-81.43329900003239,28.56549700039375],[-81.43329900003239,28.56559600038091],[-81.4332429999559,28.5656620003206],[-81.4332429999559,28.565712000056074],[-81.43326800007026,28.565767000211018],[-81.43342999955365,28.566019999606926],[-81.43347999978236,28.56611299985259],[-81.43352099979023,28.56615700012679],[-81.43366700027843,28.566256000281985],[-81.43382299991403,28.566256000281985],[-81.43407900000707,28.56623299976812],[-81.4343839996056,28.566206999627067],[-81.43445800012377,28.56621200004917],[-81.43461999960715,28.566167999797962],[-81.43468300025465,28.566090999708553],[-81.43482600036978,28.566080000029338],[-81.4351999995653,28.565953999891757],[-81.4355179995826,28.565738999934926],[-81.43576100015518,28.56564000008229],[-81.4360099996772,28.565452999843608],[-81.43625999992246,28.565452999843608],[-81.43640300003759,28.56548100019584],[-81.4365090003428,28.565673000043518],[-81.43645900011408,28.56585500024143],[-81.43639100034201,28.56617900025696],[-81.43655299982541,28.56654799978295],[-81.43664599971183,28.56672400004186],[-81.43664599971183,28.566900000006395],[-81.43652100003835,28.56726399978815],[-81.43645300026631,28.56746699986292],[-81.43642800015195,28.567570999932183],[-81.4364609997639,28.56798199963266],[-81.4365870001606,28.568373999987784],[-81.4368120002915,28.56882000022192],[-81.43680899991845,28.56871100029501],[-81.43679999969761,28.568372999608354],[-81.43676299988769,28.566981000285665],[-81.43713399960846,28.566981000285665],[-81.43715399969994,28.56684899965248],[-81.43717499961635,28.566716000036482],[-81.43727599989867,28.566082999655073]]]},"properties":{"block_id":"120950187004013","school_id":"sch_lucious_and_emma_nixon_academy_charter","kids_est":0,"class":"green","shortest":{"len_m":609.4,"mean_c":38.1,"peak_c":38.1,"dose":43.0},"coolest":{"len_m":609.4,"mean_c":38.1,"peak_c":38.1,"dose":43.0},"delta_mean_c":0.0,"delta_dose_pct":0,"distance_mi":0.327,"status_now":"walk","status_rec":"walk","reason":"Shortest route already under threshold (dose 43).","safe_until_hour":null}},{"type":"Feature","geometry":{"type":"Polygon","coordinates":[[[-81.43745900019678,28.55969899978677],[-81.43746300039473,28.55950499994871],[-81.43731899955638,28.559256999846486],[-81.43714000035456,28.55908400033913],[-81.43713199995864,28.559075999753038],[-81.43695799988137,28.55899300034279],[-81.4368540001243,28.559013000244693],[-81.43673299975046,28.559036999648537],[-81.43658399978756,28.559009999628444],[-81.43627800036411,28.55897699994511],[-81.43626499994532,28.558971000288523],[-81.4361229996551,28.558915999738222],[-81.43601700024821,28.55890500009809],[-81.43591099994299,28.55880600012941],[-81.43582999975214,28.558702000077922],[-81.43578000042174,28.558619000372786],[-81.43574400043674,28.55846799998093],[-81.43572400034525,28.558382000246194],[-81.43573000019302,28.55826100037197],[-81.43577399967563,28.55812399983137],[-81.43584200034603,28.558019000206325],[-81.43599200013384,28.55786499988294],[-81.43609099986804,28.557816000055603],[-81.43619700017327,28.55779399975536],[-81.43628400021188,28.55778899972235],[-81.43631599999894,28.55778800003128],[-81.43659600038143,28.557816000055603],[-81.43666499997842,28.55780500030055],[-81.4367710002836,28.557765999725227],[-81.4368549999492,28.557709999642565],[-81.43690099997995,28.557678000032833],[-81.43703300022443,28.557590000266902],[-81.43704400009509,28.55758899978497],[-81.4371009999965,28.557585000224215],[-81.43708199972993,28.55747200014252],[-81.436868000368,28.557436999799354],[-81.43652799971105,28.557382000025644],[-81.4364039998625,28.557368000351214],[-81.43637000042561,28.55736499968807],[-81.43625900009754,28.557368000351214],[-81.43613799972371,28.55738700007799],[-81.43602999976866,28.557417000387055],[-81.43592000016383,28.557461000351516],[-81.43582899992722,28.55751000034413],[-81.43579200011732,28.557534999784057],[-81.43574000023878,28.55757200026986],[-81.43566599972061,28.557637000025494],[-81.43557600020725,28.55773600030458],[-81.43550199968908,28.557844000072443],[-81.43549500001637,28.55785799968358],[-81.43544599961258,28.557961000090486],[-81.43543700029007,28.557994000092247],[-81.43540200012998,28.558108999778614],[-81.43529900019782,28.558455999820303],[-81.43528599977901,28.558503999665565],[-81.43527300025853,28.558573999630738],[-81.43526999988549,28.558610000068143],[-81.43527699955818,28.55868999994396],[-81.43528800032715,28.55873100033019],[-81.4352980003729,28.558767999606598],[-81.4354890001686,28.559163999854782],[-81.43549500001637,28.559176999612564],[-81.43551400028296,28.559242999632378],[-81.43552199978055,28.559319999997825],[-81.43545700038155,28.559324000281684],[-81.4352489999691,28.55932499995811],[-81.43442999963635,28.559331000383555],[-81.43415699982488,28.559334000201638],[-81.43398000027287,28.559334000201638],[-81.43344999964512,28.559334999877965],[-81.43327399991803,28.559336000343322],[-81.4329049998471,28.559337000019685],[-81.4318000001824,28.55934299965543],[-81.43143199993638,28.559344999796938],[-81.43074700039625,28.559332000059918],[-81.43049499960286,28.55932700009996],[-81.43049499960286,28.55934999975603],[-81.43049799997591,28.55981899991442],[-81.43049899980083,28.56001599976146],[-81.43049999962572,28.560213999696867],[-81.43050399982369,28.56069400019395],[-81.43050800002165,28.561172999632365],[-81.43050999967147,28.561416000093665],[-81.43050999967147,28.561460999620756],[-81.43051300004453,28.561658999993956],[-81.43051399986942,28.56173199997782],[-81.43051600041755,28.561881999980308],[-81.4305180000674,28.562033000208686],[-81.43051899989231,28.562110000111144],[-81.43052100044044,28.562326999676607],[-81.43052200026536,28.56236299961941],[-81.43052399991518,28.56261600009752],[-81.43052899993805,28.56297499991935],[-81.4305320003111,28.5632689999119],[-81.43053399996093,28.563408999770004],[-81.43053899998378,28.563843000197927],[-81.43054200035684,28.564145999964783],[-81.43054599965647,28.56444899964832],[-81.43054700037972,28.564556000002536],[-81.43054900002953,28.564737000140205],[-81.43054999985443,28.564750999623563],[-81.43055300022749,28.56505300031015],[-81.43066600020539,28.565051999899143],[-81.43075400006894,28.565051000277055],[-81.43211499982668,28.56504100011127],[-81.43228800007904,28.564995000125336],[-81.43305399981001,28.564987999611166],[-81.43345399984308,28.564982000297135],[-81.43347399993459,28.56494700008428],[-81.43349900004894,28.56488600018128],[-81.4335240001633,28.564825999867107],[-81.43354799955442,28.564650000378812],[-81.43364200016407,28.564589000303663],[-81.43369599969243,28.56457000029888],[-81.43384800002839,28.564517999977678],[-81.43396000018139,28.564501000003617],[-81.43418399958907,28.5643800000627],[-81.43435699984143,28.564141000233494],[-81.43436500023734,28.564131999612005],[-81.43453299956852,28.56397299981417],[-81.43463300002594,28.56376899967708],[-81.4346020000638,28.563724999982394],[-81.4346449997215,28.563621000057196],[-81.43465800014029,28.563521999790108],[-81.4346449997215,28.56342300021894],[-81.43448300023812,28.562882999699315],[-81.43446499979645,28.562773000291163],[-81.43446499979645,28.56264700013922],[-81.43450199960638,28.562460000105403],[-81.43454000013953,28.56240999961391],[-81.43473299958505,28.562222999947956],[-81.43497000030985,28.56211299985003],[-81.43511300042496,28.562096999926656],[-81.4353000000227,28.56204700005171],[-81.43536799979478,28.562008000258977],[-81.43545499983341,28.561897999936367],[-81.4355179995826,28.56182099987881],[-81.43563599958338,28.561738999919555],[-81.43583599959993,28.561700000012756],[-81.43596700001949,28.561556999704745],[-81.43609800043906,28.561475000328816],[-81.43629500008254,28.561462000065898],[-81.43643700037276,28.561453000004274],[-81.43678899982697,28.561430999675178],[-81.43685900014717,28.561404000269096],[-81.43689500013217,28.56139199965421],[-81.43698600036878,28.561338999683503],[-81.43700800011007,28.561326000192746],[-81.43708199972993,28.56124899971681],[-81.43713699998152,28.56114699981923],[-81.43717600033956,28.561079000095667],[-81.43718800003512,28.56099100001685],[-81.43719499970783,28.560809000086675],[-81.4373470000438,28.560445000071226],[-81.43739999974723,28.56031900028852],[-81.43742700040974,28.560210999903806],[-81.43743099970939,28.56019300035493],[-81.43746300039473,28.55998400006373],[-81.43745699964865,28.559902999922294],[-81.43745599982374,28.55987899992688],[-81.43745900019678,28.55969899978677]],[[-81.43584200034603,28.560972999812382],[-81.43585599969141,28.56105899979729],[-81.43578000042174,28.56106799989255],[-81.4357150001244,28.561086000080834],[-81.43569099983497,28.56109300006552],[-81.43564599962912,28.561113000357448],[-81.43557100018435,28.56115500024797],[-81.43534699987838,28.56130700038797],[-81.4352289998776,28.56138800023795],[-81.43520299993834,28.561363000135046],[-81.43515100005979,28.56129100034203],[-81.4350740000669,28.56109199961688],[-81.43504099955663,28.560984000025357],[-81.43503200023412,28.56085800009884],[-81.43502800003616,28.560353000006767],[-81.43503399988394,28.560295000387953],[-81.43505999982321,28.56024100019711],[-81.43507900008979,28.560217999946758],[-81.4351290003185,28.56017999993367],[-81.4351579997325,28.560167000299778],[-81.43518399967176,28.56016099992198],[-81.4352220002049,28.560153000206746],[-81.43552099995566,28.560144999701887],[-81.43562899991068,28.56014300036454],[-81.43569900023088,28.560158999795984],[-81.43574000023878,28.56018200005927],[-81.43575899960702,28.56019300035493],[-81.4357839997214,28.560215999821832],[-81.4358199997064,28.560270000025447],[-81.43583499977501,28.560331999903596],[-81.43583499977501,28.560673000158804],[-81.43583800014807,28.560832000207945],[-81.43584200034603,28.560972999812382]],[[-81.4344470002531,28.56201100000078],[-81.43444399988006,28.56202900002777],[-81.4344330000094,28.56205199988246],[-81.43440200004726,28.562080000350544],[-81.43437399955987,28.56208799991932],[-81.43436000021445,28.562092000097994],[-81.434123000388,28.562092000097994],[-81.43291300024302,28.562096999926656],[-81.43169200022737,28.56210300019409],[-81.4309900000705,28.562107000372176],[-81.43097099980393,28.561727000131878],[-81.43131999978338,28.561724000381986],[-81.43136199961617,28.56170600030281],[-81.43138300043088,28.56168400002655],[-81.43139599995136,28.56164399965598],[-81.43138900027866,28.560837999758466],[-81.43138799955545,28.56068999996216],[-81.4313929995783,28.560631999740018],[-81.4313909999285,28.560607999910808],[-81.43139900032442,28.56058400007614],[-81.43142400043877,28.56055599999911],[-81.43146200007361,28.56054199995776],[-81.4316939998772,28.560541000292883],[-81.4323070003456,28.560536000390368],[-81.43290999986995,28.56053299981754],[-81.4335109997445,28.560530999698603],[-81.43411800036513,28.560527999914562],[-81.43435099999364,28.560525999795527],[-81.43438799980356,28.560534999936422],[-81.43441700011587,28.560558000117563],[-81.4344310003596,28.560589999640797],[-81.4344470002531,28.56201100000078]],[[-81.43399199996844,28.56301899992753],[-81.43402700012854,28.563143999993976],[-81.43375699979181,28.563201999620897],[-81.433574000392,28.563242000188364],[-81.43347800013255,28.56327500011252],[-81.4333700001775,28.563329000324746],[-81.43328099959075,28.5633919996168],[-81.43314699969642,28.563503000381743],[-81.43305499963492,28.563554999626515],[-81.43302899969567,28.56356499993352],[-81.4329480004031,28.563597000120545],[-81.43285799999143,28.56361800036123],[-81.43276299955687,28.563627999873297],[-81.43260799974617,28.563629000297844],[-81.4321449999639,28.563634000053444],[-81.43210700032907,28.563634999688944],[-81.43206200012324,28.563625000177602],[-81.43202299976517,28.563603999938238],[-81.4320040003969,28.5635869998166],[-81.43198199975728,28.563556000051708],[-81.43197000006171,28.56351600039257],[-81.43196800041189,28.56338099965547],[-81.43196199966579,28.56273600005558],[-81.43196000001596,28.56252200027157],[-81.43212099967445,28.56252099983652],[-81.43260400044653,28.562518000109257],[-81.43263500040867,28.562518000109257],[-81.43276500010502,28.562516000028044],[-81.43297599999221,28.56251199986549],[-81.43309399999298,28.56250999978416],[-81.43361100020192,28.562509000137975],[-81.43371999998188,28.562509000137975],[-81.43377100003549,28.56252200027157],[-81.43381600024135,28.56254599966437],[-81.43383600033283,28.56256200030847],[-81.43386899994479,28.56259899981629],[-81.43388900003627,28.562642000336737],[-81.43399199996844,28.56301899992753]]]},"properties":{"block_id":"120950187003000","school_id":"sch_lucious_and_emma_nixon_academy_charter","kids_est":4,"class":"green","shortest":{"len_m":448.7,"mean_c":38.1,"peak_c":38.2,"dose":32.0},"coolest":{"len_m":448.7,"mean_c":38.1,"peak_c":38.2,"dose":32.0},"delta_mean_c":0.0,"delta_dose_pct":0,"distance_mi":0.183,"status_now":"walk","status_rec":"walk","reason":"Shortest route already under threshold (dose 32).","safe_until_hour":null}},{"type":"Feature","geometry":{"type":"Polygon","coordinates":[[[-81.43585599969141,28.56105899979729],[-81.43584200034603,28.560972999812382],[-81.43583800014807,28.560832000207945],[-81.43583499977501,28.560673000158804],[-81.43583499977501,28.560331999903596],[-81.4358199997064,28.560270000025447],[-81.4357839997214,28.560215999821832],[-81.43575899960702,28.56019300035493],[-81.43574000023878,28.56018200005927],[-81.43569900023088,28.560158999795984],[-81.43562899991068,28.56014300036454],[-81.43552099995566,28.560144999701887],[-81.4352220002049,28.560153000206746],[-81.43518399967176,28.56016099992198],[-81.4351579997325,28.560167000299778],[-81.4351290003185,28.56017999993367],[-81.43507900008979,28.560217999946758],[-81.43505999982321,28.56024100019711],[-81.43503399988394,28.560295000387953],[-81.43502800003616,28.560353000006767],[-81.43503200023412,28.56085800009884],[-81.43504099955663,28.560984000025357],[-81.4350740000669,28.56109199961688],[-81.43515100005979,28.56129100034203],[-81.43520299993834,28.561363000135046],[-81.4352289998776,28.56138800023795],[-81.43534699987838,28.56130700038797],[-81.43557100018435,28.56115500024797],[-81.43564599962912,28.561113000357448],[-81.43569099983497,28.56109300006552],[-81.4357150001244,28.561086000080834],[-81.43578000042174,28.56106799989255],[-81.43585599969141,28.56105899979729]]]},"properties":{"block_id":"120950187003003","school_id":"sch_lucious_and_emma_nixon_academy_charter","kids_est":2,"class":"red","shortest":{"len_m":1613.8,"mean_c":38.15,"peak_c":38.2,"dose":115.5},"coolest":{"len_m":1613.8,"mean_c":38.15,"peak_c":38.2,"dose":115.5},"delta_mean_c":0.0,"delta_dose_pct":0,"distance_mi":0.476,"status_now":"walk","status_rec":"bus_eligible","reason":"Coolest route mean 38.1C exceeds threshold (110 C-min dose, actual 116).","safe_until_hour":"14:00"}},{"type":"Feature","geometry":{"type":"Polygon","coordinates":[[[-81.43552199978055,28.559319999997825],[-81.43551400028296,28.559242999632378],[-81.43549500001637,28.559176999612564],[-81.4354890001686,28.559163999854782],[-81.4352980003729,28.558767999606598],[-81.43528800032715,28.55873100033019],[-81.43527699955818,28.55868999994396],[-81.43526999988549,28.558610000068143],[-81.43527300025853,28.558573999630738],[-81.43516000028063,28.5585579999584],[-81.43490900021047,28.55855899964209],[-81.4343059997878,28.558563999638586],[-81.43425100043451,28.55857700025942],[-81.43420399968055,28.558605000073836],[-81.43416900041876,28.558644000338383],[-81.43415000015217,28.558690999626407],[-81.43415299962692,28.558967999671076],[-81.43415699982488,28.559334000201638],[-81.43442999963635,28.559331000383555],[-81.4352489999691,28.55932499995811],[-81.43545700038155,28.559324000281684],[-81.43552199978055,28.559319999997825]]]},"properties":{"block_id":"120950187003006","school_id":"sch_lucious_and_emma_nixon_academy_charter","kids_est":0,"class":"green","shortest":{"len_m":1446.5,"mean_c":38.16,"peak_c":38.2,"dose":103.6},"coolest":{"len_m":1446.5,"mean_c":38.16,"peak_c":38.2,"dose":103.6},"delta_mean_c":0.0,"delta_dose_pct":0,"distance_mi":0.568,"status_now":"walk","status_rec":"walk","reason":"Shortest route already under threshold (dose 104).","safe_until_hour":null}},{"type":"Feature","geometry":{"type":"Polygon","coordinates":[[[-81.43326200022248,28.55847099982361],[-81.43325999967433,28.558345000045087],[-81.43325399982655,28.557969999661594],[-81.43325300000164,28.557844999762928],[-81.43324999962859,28.55767500016755],[-81.4332429999559,28.557166000220178],[-81.43324100030608,28.55699700001584],[-81.43296799959629,28.556992999643573],[-81.43287200023514,28.556992999643573],[-81.43176699967212,28.55699700001584],[-81.43139900032442,28.556999000201934],[-81.43140099997424,28.557151000030927],[-81.43140900037017,28.557606999779125],[-81.43141199984488,28.557759999999558],[-81.43190099956642,28.557752000101864],[-81.43221600010901,28.55774799975826],[-81.43226299996468,28.557754000273594],[-81.43230599962239,28.557770999759327],[-81.4323409997825,28.557798999788126],[-81.43236500007193,28.557836000181137],[-81.4323759999426,28.557875999631733],[-81.43238099996546,28.55835599974373],[-81.43239400038424,28.558397000260044],[-81.43242100014842,28.558432000283997],[-81.43245899978325,28.558457999978664],[-81.4325039999891,28.558472000297172],[-81.4327719997777,28.55847099982361],[-81.43326200022248,28.55847099982361]]]},"properties":{"block_id":"120950187003008","school_id":"sch_lucious_and_emma_nixon_academy_charter","kids_est":0,"class":"green","shortest":{"len_m":1425.6,"mean_c":38.17,"peak_c":38.2,"dose":102.3},"coolest":{"len_m":1425.6,"mean_c":38.17,"peak_c":38.2,"dose":102.3},"delta_mean_c":0.0,"delta_dose_pct":0,"distance_mi":0.63,"status_now":"walk","status_rec":"walk","reason":"Shortest route already under threshold (dose 102).","safe_until_hour":null}},{"type":"Feature","geometry":{"type":"Polygon","coordinates":[[[-81.43143199993638,28.559344999796938],[-81.43142799973842,28.55902800016865],[-81.43141600004284,28.55807700029015],[-81.43141199984488,28.557759999999558],[-81.43140900037017,28.557606999779125],[-81.43140099997424,28.557151000030927],[-81.43139900032442,28.556999000201934],[-81.43126500043013,28.556999000201934],[-81.43086600022195,28.556999000201934],[-81.43073300015254,28.556999999900434],[-81.43067899972588,28.556999999900434],[-81.43062799967225,28.556999999900434],[-81.43051700024247,28.556996000317312],[-81.43046399964071,28.55699499982973],[-81.43048600028034,28.55846500013818],[-81.43049399977795,28.55925100020585],[-81.43049499960286,28.55932700009996],[-81.43074700039625,28.559332000059918],[-81.43143199993638,28.559344999796938]]]},"properties":{"block_id":"120950187003005","school_id":"sch_lucious_and_emma_nixon_academy_charter","kids_est":0,"class":"green","shortest":{"len_m":1041.8,"mean_c":38.15,"peak_c":38.2,"dose":74.7},"coolest":{"len_m":1041.8,"mean_c":38.15,"peak_c":38.2,"dose":74.7},"delta_mean_c":0.0,"delta_dose_pct":0,"distance_mi":0.59,"status_now":"walk","status_rec":"walk","reason":"Shortest route already under threshold (dose 75).","safe_until_hour":null}},{"type":"Feature","geometry":{"type":"Polygon","coordinates":[[[-81.43146399972343,28.55522099967159],[-81.43145899970055,28.554843999768874],[-81.43066100018251,28.554846999714805],[-81.43052700028822,28.554848000222805],[-81.43054099963359,28.55608500036123],[-81.43060099990808,28.55608500036123],[-81.43067799990096,28.555991000226296],[-81.43071899990885,28.555934000279873],[-81.43074599967304,28.55588999967715],[-81.43078400020619,28.555831999966465],[-81.43082500021406,28.55577599964409],[-81.43086799987177,28.555720999791628],[-81.4309830003978,28.55560700036463],[-81.43113800020849,28.555474999669528],[-81.43146399972343,28.55522099967159]]]},"properties":{"block_id":"120950187003014","school_id":"sch_lucious_and_emma_nixon_academy_charter","kids_est":0,"class":"green","shortest":{"len_m":1416.5,"mean_c":38.17,"peak_c":38.2,"dose":101.7},"coolest":{"len_m":1416.5,"mean_c":38.17,"peak_c":38.2,"dose":101.7},"delta_mean_c":0.0,"delta_dose_pct":0,"distance_mi":0.788,"status_now":"walk","status_rec":"walk","reason":"Shortest route already under threshold (dose 102).","safe_until_hour":null}},{"type":"Feature","geometry":{"type":"Polygon","coordinates":[[[-81.43684699955328,28.57010700027426],[-81.43683900005567,28.56982500010525],[-81.43682800018502,28.56940999981363],[-81.4368120002915,28.56882000022192],[-81.4365870001606,28.568373999987784],[-81.4364609997639,28.56798199963266],[-81.43642800015195,28.567570999932183],[-81.43645300026631,28.56746699986292],[-81.43652100003835,28.56726399978815],[-81.43664599971183,28.566900000006395],[-81.43664599971183,28.56672400004186],[-81.43655299982541,28.56654799978295],[-81.43639100034201,28.56617900025696],[-81.43645900011408,28.56585500024143],[-81.4365090003428,28.565673000043518],[-81.43640300003759,28.56548100019584],[-81.43625999992246,28.565452999843608],[-81.4360099996772,28.565452999843608],[-81.43576100015518,28.56564000008229],[-81.4355179995826,28.565738999934926],[-81.4351999995653,28.565953999891757],[-81.43482600036978,28.566080000029338],[-81.43468300025465,28.566090999708553],[-81.43461999960715,28.566167999797962],[-81.43445800012377,28.56621200004917],[-81.4343839996056,28.566206999627067],[-81.43407900000707,28.56623299976812],[-81.43382299991403,28.566256000281985],[-81.43366700027843,28.566256000281985],[-81.43352099979023,28.56615700012679],[-81.43347999978236,28.56611299985259],[-81.43342999955365,28.566019999606926],[-81.43326800007026,28.565767000211018],[-81.4332429999559,28.565712000056074],[-81.4332429999559,28.5656620003206],[-81.43329900003239,28.56559600038091],[-81.43329900003239,28.56549700039375],[-81.43326800007026,28.56541999981339],[-81.43325899984943,28.56537800004689],[-81.43323100026032,28.565328000152682],[-81.43314000002374,28.565324000097007],[-81.43265299995201,28.56534200034641],[-81.43247399985187,28.5653519996946],[-81.43234199960739,28.565357999776452],[-81.43225299991894,28.565338000291256],[-81.43221699993393,28.56532000004119],[-81.43221699993393,28.56529799973143],[-81.43225499956877,28.56527499979713],[-81.43243000036925,28.565272999768304],[-81.43291599971776,28.56525500029609],[-81.43302899969567,28.565257000325257],[-81.43313400017595,28.565264999652616],[-81.43323000043543,28.565268999710543],[-81.43330200040545,28.565262999623602],[-81.43334099986518,28.565243000120297],[-81.43337299965224,28.56519900025293],[-81.43345399984308,28.564982000297135],[-81.43305399981001,28.564987999611166],[-81.43228800007904,28.564995000125336],[-81.43211499982668,28.56504100011127],[-81.43211300017684,28.56537800004689],[-81.43211200035194,28.56557699976896],[-81.4321879996216,28.56560799972747],[-81.43222100013189,28.565615000200392],[-81.43276599992991,28.565615999817076],[-81.43276799957975,28.566092000109688],[-81.43162500028022,28.566102999787667],[-81.43125500038437,28.566106999813726],[-81.43117099982047,28.56610099977458],[-81.4308779999175,28.566102999787667],[-81.43078400020619,28.566094999735082],[-81.43074400002321,28.566088999695236],[-81.43064699993883,28.566073999988653],[-81.43055900007528,28.566071000362612],[-81.43055999990018,28.566136000392675],[-81.43056200044833,28.566323999816646],[-81.43056300027324,28.566440000267292],[-81.43056499992306,28.566557999805536],[-81.43056499992306,28.566577000240315],[-81.43056900012103,28.56688200002355],[-81.43057099977084,28.567005999843055],[-81.43057400014389,28.567180000132335],[-81.4305749999688,28.56726300018706],[-81.43057599979372,28.56729599963935],[-81.43057800034185,28.5674119998075],[-81.43058199964149,28.567653000081254],[-81.43058500001455,28.567784000109825],[-81.43058699966437,28.567870000051947],[-81.4305890002125,28.568012000077765],[-81.43059199968724,28.56816999970344],[-81.43060500010603,28.568828999653554],[-81.43060599993095,28.568851000014046],[-81.43060699975585,28.568892000386807],[-81.43060799958077,28.56891700027907],[-81.43061400032687,28.569198999725852],[-81.43061500015176,28.569239999963006],[-81.43063199987022,28.56970500034123],[-81.43064000026612,28.569873999864292],[-81.43064699993883,28.57004400026849],[-81.43064899958864,28.570157000264533],[-81.43065500033474,28.57044799962577],[-81.43064699993883,28.570661999859787],[-81.43065000031189,28.57097599967334],[-81.43065100013678,28.571078000300542],[-81.4306529997866,28.571290000127657],[-81.43067600025114,28.57130400031703],[-81.43086500039703,28.571358000353797],[-81.43105000034495,28.57144899991487],[-81.43130499971475,28.57156399988908],[-81.43157900024947,28.571714999636924],[-81.43178000009092,28.57182600030079],[-81.43204899970443,28.572041999998955],[-81.43226799998754,28.572259000385092],[-81.43249800014132,28.572538000111166],[-81.43266299999776,28.572536000220392],[-81.43282600020437,28.572534999880514],[-81.43286499966412,28.57259099996423],[-81.4329330003345,28.572694999702453],[-81.43297900036526,28.572769000257622],[-81.43305800000797,28.572909999646917],[-81.43314300039677,28.57308300009419],[-81.43321100016884,28.573244999748898],[-81.43327300009311,28.573417000102722],[-81.43332499997167,28.573592000375925],[-81.43335299956075,28.573709999782746],[-81.43338699989594,28.573889000087693],[-81.43340399961438,28.57400800027611],[-81.43341600020825,28.574127999865784],[-81.43342299988095,28.57424899964211],[-81.43379699997477,28.574246999783853],[-81.43380000034782,28.57437000006822],[-81.43343799994958,28.574373000246535],[-81.43342700007891,28.57437199992414],[-81.43315699974218,28.574373999780004],[-81.43316000011521,28.574547999718316],[-81.43316000011521,28.574730999873434],[-81.43317099998588,28.575120000171516],[-81.43320299977293,28.575311000261898],[-81.43328300013887,28.575587999950205],[-81.43338900044408,28.575874999624],[-81.43362299989751,28.576295999905692],[-81.43382600028708,28.576578000085235],[-81.43402299993058,28.576812999657413],[-81.4340959997255,28.576879999959523],[-81.43412099983986,28.57682800019968],[-81.4341440003044,28.576804999630244],[-81.4341640003959,28.576778999734998],[-81.43418100011432,28.576752000322454],[-81.43419500035802,28.576723000302913],[-81.43420500040376,28.57669299997503],[-81.4342299996198,28.57667000016491],[-81.4342570002823,28.576654000088233],[-81.4342770003738,28.576644999748197],[-81.43425899993213,28.57561400013983],[-81.43425899993213,28.575564000376318],[-81.43426599960482,28.57546799965928],[-81.43429099971918,28.575331999742634],[-81.43433099990214,28.575198999804908],[-81.43437699993291,28.575093999859796],[-81.43440500042031,28.575038999846754],[-81.43446999981933,28.574936000376113],[-81.43452900026888,28.574858000074148],[-81.43457000027675,28.574799999771674],[-81.43459799986584,28.57473000034335],[-81.43460600026177,28.574666999950253],[-81.43460500043686,28.57459600011311],[-81.43460000041398,28.574366000356274],[-81.43477000029328,28.574365000033815],[-81.43477000029328,28.57427899987807],[-81.4347569998745,28.57279299968023],[-81.4347569998745,28.572704999929773],[-81.43478199998886,28.5724250003056],[-81.43493799962447,28.57207799977403],[-81.43518399967176,28.57176700034628],[-81.43522499967965,28.571714999636924],[-81.43541300000061,28.571524000118085],[-81.43612000018037,28.570811000189654],[-81.4362289999603,28.57070199995844],[-81.43635899965666,28.57057700019131],[-81.43653199990901,28.570410000150666],[-81.43684699955328,28.57010700027426]],[[-81.43203700000888,28.569143000203606],[-81.43203700000888,28.56929400027018],[-81.4320329998109,28.56957899981057],[-81.43201500026755,28.56961900032093],[-81.43199500017609,28.569649999877683],[-81.43194999997023,28.569662000339864],[-81.43185399971077,28.569668000175977],[-81.4316729999608,28.569666000230647],[-81.43143799978415,28.569668000175977],[-81.43115599975184,28.56967400001174],[-81.43107799993406,28.569675999956917],[-81.43098199967457,28.569664000285268],[-81.43095200043567,28.569640000148933],[-81.43092300012334,28.56955499965477],[-81.43091100042778,28.569479000045895],[-81.4309130000776,28.569366000110662],[-81.4309130000776,28.56923699963831],[-81.43092499977317,28.56913500038213],[-81.43094300021484,28.56909299973154],[-81.43098000002475,28.56906300038359],[-81.43103000025346,28.569060999637806],[-81.43116900017064,28.56906300038359],[-81.4314339995862,28.569056999724033],[-81.4316090003867,28.56905499976709],[-81.43188600039615,28.569052999810108],[-81.43200100002386,28.569046999938923],[-81.43202899961294,28.56906300038359],[-81.43203700000888,28.569143000203606]]]},"properties":{"block_id":"120950187004004","school_id":"sch_lucious_and_emma_nixon_academy_charter","kids_est":8,"class":"green","shortest":{"len_m":618.6,"mean_c":38.1,"peak_c":38.1,"dose":43.8},"coolest":{"len_m":618.6,"mean_c":38.1,"peak_c":38.1,"dose":43.8},"delta_mean_c":0.0,"delta_dose_pct":0,"distance_mi":0.231,"status_now":"walk","status_rec":"walk","reason":"Shortest route already under threshold (dose 44).","safe_until_hour":null}},{"type":"Feature","geometry":{"type":"Polygon","coordinates":[[[-81.4287580001015,28.579966000356166],[-81.42876999979705,28.579912000004857],[-81.42875700027659,28.579382000081324],[-81.42873499963696,28.57840099970598],[-81.42873399981205,28.578358000103417],[-81.42873100033731,28.578231999680785],[-81.42872999961409,28.578190000295226],[-81.42872899978917,28.578168999807286],[-81.42874300003288,28.578088000252624],[-81.42872799996427,28.578088000252624],[-81.42866199984202,28.578088000252624],[-81.42846400037364,28.578088000252624],[-81.42839900007628,28.578088999750815],[-81.4281870003642,28.578088999750815],[-81.42755499962921,28.578090000037857],[-81.42734399974199,28.5780910003249],[-81.42735399978775,28.578682999764204],[-81.42736600038162,28.579071999647212],[-81.42739499979564,28.57993199987527],[-81.42740400001647,28.579962000068132],[-81.42743400015368,28.580016999873635],[-81.42748100000935,28.580062000123437],[-81.4275410002838,28.580094000026417],[-81.4276049998579,28.580109000100787],[-81.42853600034364,28.58010799983293],[-81.42856800013071,28.580104999818186],[-81.42863000005497,28.580089000264085],[-81.42868399958334,28.580059000107383],[-81.42872799996427,28.580016999873635],[-81.4287580001015,28.579966000356166]]]},"properties":{"block_id":"120950124031068","school_id":"sch_lucious_and_emma_nixon_academy_charter","kids_est":0,"class":"red","shortest":{"len_m":1664.9,"mean_c":37.84,"peak_c":38.2,"dose":112.1},"coolest":{"len_m":1664.9,"mean_c":37.84,"peak_c":38.2,"dose":112.1},"delta_mean_c":0.0,"delta_dose_pct":0,"distance_mi":0.875,"status_now":"walk","status_rec":"bus_eligible","reason":"Coolest route mean 37.8C exceeds threshold (110 C-min dose, actual 112).","safe_until_hour":"14:00"}},{"type":"Feature","geometry":{"type":"Polygon","coordinates":[[[-81.42661499982096,28.576232999661546],[-81.42659999975234,28.575714999905188],[-81.42658800005678,28.57532499991619],[-81.4265610002926,28.57445199965192],[-81.42651500026183,28.57445199965192],[-81.42647300042904,28.574452999973566],[-81.42639300006311,28.574452999973566],[-81.4259289995576,28.5744560001495],[-81.42590599999139,28.574464999887915],[-81.42586199961046,28.574478000122312],[-81.4258220003258,28.57448699985886],[-81.42580399988412,28.574490000033826],[-81.42579200018857,28.574491999887464],[-81.42577000044726,28.574495000062303],[-81.4257450003329,28.57449699991583],[-81.42573299973903,28.574498000237043],[-81.42571699984549,28.57449899976933],[-81.42569799957893,28.57449899976933],[-81.42553600009552,28.574500000090516],[-81.42553699992044,28.574555000385367],[-81.42555399963886,28.57515399984124],[-81.42556000038499,28.575354000321138],[-81.4255620000348,28.57543299977876],[-81.42557799992832,28.575995000239462],[-81.42558499960103,28.576246999982033],[-81.42588599989989,28.576243000341446],[-81.42595799986992,28.576242000036835],[-81.42661499982096,28.576232999661546]]]},"properties":{"block_id":"120950187002008","school_id":"sch_lucious_and_emma_nixon_academy_charter","kids_est":0,"class":"green","shortest":{"len_m":1581.5,"mean_c":37.95,"peak_c":38.2,"dose":109.0},"coolest":{"len_m":1581.5,"mean_c":37.95,"peak_c":38.2,"dose":109.0},"delta_mean_c":0.0,"delta_dose_pct":0,"distance_mi":0.68,"status_now":"walk","status_rec":"walk","reason":"Shortest route already under threshold (dose 109).","safe_until_hour":null}},{"type":"Feature","geometry":{"type":"Polygon","coordinates":[[[-81.4344310003596,28.57761699967778],[-81.4344330000094,28.577546999757335],[-81.4344270001616,28.577406000272102],[-81.43404999969475,28.577123999945655],[-81.43405399989271,28.57714799995252],[-81.43406499976336,28.577194999654267],[-81.43408499985485,28.577299000363116],[-81.43412900023579,28.577473000196555],[-81.43417699991637,28.57784799971579],[-81.43418799978701,28.57793200032095],[-81.43386800011989,28.577942000050438],[-81.43386700029495,28.577959000219494],[-81.43386499974683,28.578009999921232],[-81.43386499974683,28.578028000366952],[-81.4339760000749,28.5780270000793],[-81.43419500035802,28.57802500029287],[-81.43431199963557,28.578024000005204],[-81.43442399978858,28.578024000005204],[-81.43442399978858,28.577959000219494],[-81.43442799998653,28.57776399983235],[-81.43442999963635,28.57770000017668],[-81.4344310003596,28.57761699967778]]]},"properties":{"block_id":"120950187004001","school_id":"sch_lucious_and_emma_nixon_academy_charter","kids_est":0,"class":"red","shortest":{"len_m":1758.6,"mean_c":37.84,"peak_c":38.2,"dose":118.8},"coolest":{"len_m":1758.6,"mean_c":37.84,"peak_c":38.2,"dose":118.8},"delta_mean_c":0.0,"delta_dose_pct":0,"distance_mi":0.767,"status_now":"walk","status_rec":"bus_eligible","reason":"Coolest route mean 37.8C exceeds threshold (110 C-min dose, actual 119).","safe_until_hour":"14:00"}},{"type":"Feature","geometry":{"type":"Polygon","coordinates":[[[-81.42651799973657,28.57061400003686],[-81.42651600008675,28.570524999682675],[-81.42650799969083,28.570430999820797],[-81.42650799969083,28.570417999875247],[-81.42650799969083,28.57038200032107],[-81.42650799969083,28.57036999994101],[-81.42650799969083,28.570297999998598],[-81.42650799969083,28.570261999614424],[-81.42650699986591,28.57015399996598],[-81.42650400039119,28.570083999813203],[-81.42650100001813,28.57001399961384],[-81.42649599999525,28.569923000389533],[-81.4264840002997,28.5696530001906],[-81.4264779995536,28.569563999812484],[-81.42647099988089,28.56947199983002],[-81.42645099978942,28.569196000188956],[-81.42644499994164,28.56910399988477],[-81.42644300029183,28.569082999949803],[-81.42643999991876,28.569048000311955],[-81.42643800026894,28.569020999704207],[-81.42643700044404,28.569001000126203],[-81.42643400007098,28.568963999713397],[-81.42642599967506,28.568852999974883],[-81.42642400002525,28.568816999885254],[-81.42641099960646,28.56864200034808],[-81.42640599958358,28.568568000046007],[-81.42638200019245,28.568568999634625],[-81.42631000022241,28.568568999634625],[-81.42591000018935,28.568571999978364],[-81.42590699981629,28.56836600010785],[-81.42629400032891,28.568362999758246],[-81.42637200014671,28.568360999788098],[-81.42639100041329,28.568360999788098],[-81.42638300001735,28.568252999766322],[-81.42634799985726,28.567792999630004],[-81.42634600020743,28.567711000378992],[-81.42631299969716,28.56746499987576],[-81.42633000031392,28.567429999699673],[-81.42634399965931,28.56740500024308],[-81.42635899972791,28.567381000380397],[-81.42637499962144,28.567356999723327],[-81.42638999969006,28.567336000228675],[-81.42640399993374,28.56731800032042],[-81.42642200037541,28.56729599963935],[-81.4264349998959,28.56728100010478],[-81.42645300033756,28.56726199979712],[-81.42646300038331,28.567251999841382],[-81.42646199966008,28.567174999756233],[-81.42646099983516,28.567112000361842],[-81.42644400011672,28.567112999964287],[-81.42607800041884,28.567120000337102],[-81.42600999974846,28.567120999939487],[-81.42586300033368,28.567120000337102],[-81.42522099955295,28.567116000349543],[-81.42500700019102,28.567118999945738],[-81.42484099961133,28.567120000337102],[-81.42450199967764,28.567124999926857],[-81.42439999957037,28.567126000318144],[-81.424342999669,28.567126000318144],[-81.42417699998764,28.567128000311765],[-81.42407200040564,28.567128999914075],[-81.42399700006258,28.56713099990762],[-81.42382399981021,28.56713200029887],[-81.42375699986306,28.56713200029887],[-81.42365200028107,28.56713299990119],[-81.42362899981654,28.56713299990119],[-81.42356199986939,28.56713299990119],[-81.42354000012807,28.567134000292363],[-81.42348700042464,28.567134000292363],[-81.42333099989071,28.56713499989467],[-81.42327900001217,28.567136000285807],[-81.42326599959338,28.567136000285807],[-81.42239100008246,28.56715299983422],[-81.42239100008246,28.567247999858832],[-81.4223879997094,28.567874000010846],[-81.42239199990738,28.568134000169106],[-81.4242170001706,28.568120000346898],[-81.42428599976758,28.568132000194634],[-81.42433199979833,28.568149000371044],[-81.4243729998062,28.568171999677215],[-81.42441100033935,28.568200999687072],[-81.42444200030148,28.568233999634113],[-81.42446800024076,28.568271999895057],[-81.42448599978411,28.568312000113377],[-81.42449699965476,28.568354000286806],[-81.42452400031725,28.570176999622802],[-81.42451500009643,28.570229000303417],[-81.42450300040086,28.57029299977066],[-81.42560800006555,28.57046300028676],[-81.42619200022163,28.570559999618236],[-81.42651799973657,28.57061400003686]]]},"properties":{"block_id":"120950187002011","school_id":"sch_lucious_and_emma_nixon_academy_charter","kids_est":0,"class":"green","shortest":{"len_m":1246.1,"mean_c":38.15,"peak_c":38.2,"dose":89.1},"coolest":{"len_m":1246.1,"mean_c":38.15,"peak_c":38.2,"dose":89.1},"delta_mean_c":0.0,"delta_dose_pct":0,"distance_mi":0.42,"status_now":"walk","status_rec":"walk","reason":"Shortest route already under threshold (dose 89).","safe_until_hour":null}},{"type":"Feature","geometry":{"type":"Polygon","coordinates":[[[-81.43582300007944,28.57780400038627],[-81.43557700003215,28.57774900021238],[-81.43517199997619,28.577605000122972],[-81.43484200026332,28.577444000375788],[-81.43460799991158,28.5773070003527],[-81.4344189997657,28.577184000347],[-81.43442299996366,28.57729000007833],[-81.43442600033671,28.57737100024749],[-81.4344270001616,28.577406000272102],[-81.43457000027675,28.577514000364715],[-81.43478899966155,28.577629000020107],[-81.4349960002491,28.577738000174158],[-81.43527800028141,28.577839000266728],[-81.43538799988626,28.57787299984651],[-81.43550699971196,28.577844999636582],[-81.43582300007944,28.57780400038627]]]},"properties":{"block_id":"120950120003005","school_id":"sch_lucious_and_emma_nixon_academy_charter","kids_est":0,"class":"green","shortest":{"len_m":1384.5,"mean_c":37.99,"peak_c":38.2,"dose":95.7},"coolest":{"len_m":1384.5,"mean_c":37.99,"peak_c":38.2,"dose":95.7},"delta_mean_c":0.0,"delta_dose_pct":0,"distance_mi":0.773,"status_now":"walk","status_rec":"walk","reason":"Shortest route already under threshold (dose 96).","safe_until_hour":null}},{"type":"Feature","geometry":{"type":"Polygon","coordinates":[[[-81.4305749999688,28.575296999816846],[-81.43056200044833,28.574826000156055],[-81.43055099967937,28.574429999673676],[-81.42863900027581,28.574441000057842],[-81.42760099965996,28.574446000088624],[-81.4265610002926,28.57445199965192],[-81.42658800005678,28.57532499991619],[-81.42741800026016,28.575319999927174],[-81.42957200041135,28.57531199978646],[-81.42966100009983,28.575298999655143],[-81.42971800000123,28.575298000130438],[-81.43048600028034,28.575296999816846],[-81.43053599961074,28.575296999816846],[-81.4305749999688,28.575296999816846]]]},"properties":{"block_id":"120950187002007","school_id":"sch_lucious_and_emma_nixon_academy_charter","kids_est":0,"class":"green","shortest":{"len_m":1426.2,"mean_c":37.98,"peak_c":38.2,"dose":98.8},"coolest":{"len_m":1426.2,"mean_c":37.98,"peak_c":38.2,"dose":98.8},"delta_mean_c":0.0,"delta_dose_pct":0,"distance_mi":0.588,"status_now":"walk","status_rec":"walk","reason":"Shortest route already under threshold (dose 99).","safe_until_hour":null}},{"type":"Feature","geometry":{"type":"Polygon","coordinates":[[[-81.44287600036182,28.55973799964603],[-81.44287100033895,28.559351000221234],[-81.44283500035395,28.556559000165898],[-81.44282399958499,28.55578200027183],[-81.44253300023016,28.55617899962319],[-81.44221600003775,28.556660000073155],[-81.4419239999597,28.557106000239404],[-81.44131499968924,28.558034000271853],[-81.44126899965849,28.558103000072553],[-81.44108299988565,28.558387999936354],[-81.44093999977052,28.55857500010331],[-81.44095300018932,28.55858599977787],[-81.44096499988487,28.558657000160377],[-81.44082799961753,28.559080999724905],[-81.44082699979262,28.55909200013567],[-81.44082199976974,28.559229999882827],[-81.44088399969402,28.55950499994871],[-81.44087199999846,28.559570999762947],[-81.44079699965539,28.559614999616116],[-81.44072800005841,28.559637000324816],[-81.44010899974222,28.559755000389405],[-81.44240000016076,28.559741000241516],[-81.44254900012369,28.559741999913985],[-81.44273499989653,28.559741000241516],[-81.44287600036182,28.55973799964603]]]},"properties":{"block_id":"120950120002013","school_id":"sch_lucious_and_emma_nixon_academy_charter","kids_est":0,"class":"red","shortest":{"len_m":2559.2,"mean_c":38.14,"peak_c":38.2,"dose":182.8},"coolest":{"len_m":2559.2,"mean_c":38.14,"peak_c":38.2,"dose":182.8},"delta_mean_c":0.0,"delta_dose_pct":0,"distance_mi":0.857,"status_now":"walk","status_rec":"bus_eligible","reason":"Coolest route mean 38.1C exceeds threshold (110 C-min dose, actual 183).","safe_until_hour":"11:00"}},{"type":"Feature","geometry":{"type":"Polygon","coordinates":[[[-81.44881999988324,28.558555999801936],[-81.4490130002271,28.55848399966696],[-81.44857999968374,28.55758000018123],[-81.44794199999929,28.55624100033276],[-81.44775200002849,28.556314000128808],[-81.44745699957738,28.55643700007052],[-81.44732100003327,28.556503000230215],[-81.44717999956795,28.556618999669368],[-81.44712900041263,28.55667099994781],[-81.44704099965078,28.556784999800783],[-81.44700899986373,28.55683699999728],[-81.44700399984086,28.556847000153486],[-81.44697299987872,28.55691000016909],[-81.44694699993946,28.556975000333477],[-81.44691199977936,28.557109000120896],[-81.44690299955852,28.557177999738776],[-81.44689900025887,28.55738900025667],[-81.446886999665,28.5574889996738],[-81.44686999994657,28.557586999610095],[-81.4468459996571,28.55768500024415],[-81.4468170002431,28.557780999826797],[-81.44674199990004,28.557969999661594],[-81.44669599986929,28.558060999753298],[-81.44664499981566,28.558150000391137],[-81.44658899973916,28.55823700000218],[-81.4465279996398,28.558320999694455],[-81.44636399960827,28.55851599982068],[-81.44624200030783,28.55844500013216],[-81.44620499959962,28.558420999804326],[-81.4457400001675,28.558116999649187],[-81.44558600018172,28.558016000350722],[-81.44544100041676,28.557922000361927],[-81.44500600022359,28.557639999891858],[-81.44486099956032,28.55754600035637],[-81.44472300036637,28.5574540001253],[-81.44430900008958,28.557179999921427],[-81.44427800012744,28.55715999967133],[-81.4442189996779,28.55713500014231],[-81.4441559999287,28.55712400031613],[-81.44415400027889,28.55721199968254],[-81.4441340001874,28.557294999707956],[-81.44410099967712,28.557374999794124],[-81.44405700019452,28.557449999770387],[-81.4440000002931,28.557518999953796],[-81.44393400017086,28.55758000018123],[-81.4438029997513,28.557677000340757],[-81.44380699994925,28.55770899995081],[-81.44379199988064,28.557844999762928],[-81.44379899955331,28.557953999897503],[-81.44382899969055,28.55819199988585],[-81.44383500043665,28.558387000251024],[-81.44382299984278,28.5587129997392],[-81.44383700008648,28.558908999608693],[-81.44387999974418,28.55936499963196],[-81.44372199956042,28.55934999975603],[-81.44361699997845,28.559346999938406],[-81.44287100033895,28.559351000221234],[-81.44287600036182,28.55973799964603],[-81.44273499989653,28.559741000241516],[-81.44254900012369,28.559741999913985],[-81.44240000016076,28.559741000241516],[-81.44010899974222,28.559755000389405],[-81.43999300028959,28.559780000085187],[-81.43986199987002,28.55982399985099],[-81.4397680001587,28.559869000058697],[-81.43973700019654,28.559885000320733],[-81.4394879997762,28.560082999713547],[-81.43937599962321,28.56020399986046],[-81.43935999972967,28.560227000113926],[-81.43935200023208,28.560237999615907],[-81.43932999959245,28.560272000149343],[-81.43932299991977,28.560284000102904],[-81.43929500033066,28.560324999868293],[-81.43918900002546,28.560572000156714],[-81.43918900002546,28.56064900033896],[-81.43911399968238,28.56084699987262],[-81.43907100002468,28.561083999972396],[-81.43889600012248,28.561342999890638],[-81.43892100023685,28.561672999886724],[-81.43888400042692,28.561772000314953],[-81.43888699990167,28.561815000384318],[-81.43889000027471,28.561854000248562],[-81.43883400019821,28.562013999742533],[-81.43880700043404,28.56205199988246],[-81.43855999966351,28.562420999676764],[-81.43848500021876,28.56258599969215],[-81.43839099960911,28.56265800017733],[-81.43831000031659,28.562811999800367],[-81.43829799972269,28.56299899999784],[-81.43832899968484,28.563185999863013],[-81.43839700035521,28.56340100030157],[-81.43859099962566,28.563653999862524],[-81.43877800012173,28.56380200022493],[-81.43883699967294,28.563837000029704],[-81.43892700008465,28.563890000320452],[-81.43912000042849,28.563978000342413],[-81.43924500010196,28.564011000035798],[-81.43942599985193,28.564083000335057],[-81.4401489999252,28.56420399982849],[-81.44028600019254,28.56420399982849],[-81.44064799969247,28.56412699988008],[-81.44085299973189,28.564032999825653],[-81.44110899982493,28.564109999842852],[-81.44125399958986,28.564077999811797],[-81.44147000039827,28.564032999825653],[-81.44151399988088,28.5640170001941],[-81.4415640001096,28.56397299981417],[-81.44160099991952,28.56396699965335],[-81.44164500030045,28.563983999713603],[-81.44175699955512,28.564060999766717],[-81.44192499978463,28.564220000220615],[-81.44202500024204,28.564275000366322],[-81.44228700018286,28.56436900020459],[-81.44233700041158,28.56441800013738],[-81.44247399978062,28.564610999972704],[-81.44257300041313,28.56473199964803],[-81.44313400010469,28.564248000111924],[-81.44346499964249,28.564032999825653],[-81.44363899971977,28.56394000010886],[-81.44378199983491,28.563867000078485],[-81.44418799971575,28.563664999795318],[-81.44432499998311,28.56361000011976],[-81.44446800009824,28.563510000205696],[-81.44450499990818,28.56343299974953],[-81.44456199980957,28.56321699973683],[-81.44476100000121,28.562464999916536],[-81.4449939996297,28.56156999995597],[-81.4454220001502,28.55992999971335],[-81.44550199961782,28.559625999971008],[-81.44554000015097,28.55949400037013],[-81.4458449997495,28.559373000196093],[-81.44611199971318,28.559268999915833],[-81.44614699987328,28.55935800032131],[-81.44617899966033,28.559397999982625],[-81.44619600027708,28.55940900036025],[-81.44639100027075,28.559514000176843],[-81.44659399976203,28.559659999913166],[-81.44666599973205,28.559691999709383],[-81.44671400031095,28.559702000383393],[-81.44679100030383,28.559700000248668],[-81.44693299969575,28.559679999688342],[-81.44701100041188,28.559681999823447],[-81.44708000000884,28.55969899978677],[-81.44714100010822,28.559724000284895],[-81.4472819996752,28.559820000375172],[-81.44737799993469,28.559893999727418],[-81.44744499988182,28.559931999843762],[-81.44776000042441,28.560039999725642],[-81.44810000018303,28.560244999657],[-81.4481470000387,28.560265000110043],[-81.44829099997874,28.55963399972635],[-81.44844699961435,28.558942000102356],[-81.44848400032258,28.558841999698387],[-81.44851100008678,28.55879499968876],[-81.44854299987381,28.55874999981096],[-81.44857899985882,28.558707999749853],[-81.44861999986672,28.558669999980687],[-81.44866500007255,28.558635000035864],[-81.44871399957805,28.558604000390577],[-81.44881999988324,28.558555999801936]]]},"properties":{"block_id":"120950120002006","school_id":"sch_lucious_and_emma_nixon_academy_charter","kids_est":2,"class":"red","shortest":{"len_m":3324.3,"mean_c":38.11,"peak_c":38.2,"dose":236.0},"coolest":{"len_m":3324.3,"mean_c":38.11,"peak_c":38.2,"dose":236.0},"delta_mean_c":0.0,"delta_dose_pct":0,"distance_mi":0.695,"status_now":"walk","status_rec":"bus_eligible","reason":"Coolest route mean 38.1C exceeds threshold (110 C-min dose, actual 236).","safe_until_hour":"11:00"}},{"type":"Feature","geometry":{"type":"Polygon","coordinates":[[[-81.43595000030106,28.577165000249906],[-81.4359390004304,28.57660200021669],[-81.4359240003618,28.57570999993471],[-81.43591799961568,28.575140999690444],[-81.43590799956993,28.57505700001197],[-81.43588099980576,28.57497699995536],[-81.43585400004157,28.5749280002062],[-81.43583899997297,28.57490100031857],[-81.43580499963778,28.57485999992079],[-81.43574799973639,28.574811999646446],[-81.43568300033736,28.574772999851184],[-81.43561200019225,28.574745000393815],[-81.43555600011575,28.57473000034335],[-81.43543800011498,28.574712999652455],[-81.43536399959682,28.57470899995355],[-81.43535399955107,28.574806000103685],[-81.43530400022067,28.574993000287115],[-81.4352489999691,28.57510500017452],[-81.43519600026565,28.575181999978636],[-81.4351870000448,28.575196999964714],[-81.43512799959527,28.57527000002392],[-81.43509199961025,28.575321999765023],[-81.43504599957949,28.575414999677875],[-81.43502300001327,28.575510000131686],[-81.43501899981531,28.57557600016394],[-81.43503499970886,28.576655999900726],[-81.43504700030273,28.577053000189185],[-81.43504700030273,28.577170000151224],[-81.43522700022778,28.5771680003485],[-81.43576899965278,28.577165000249906],[-81.43595000030106,28.577165000249906]]]},"properties":{"block_id":"120950120003016","school_id":"sch_lucious_and_emma_nixon_academy_charter","kids_est":0,"class":"green","shortest":{"len_m":1473.6,"mean_c":37.96,"peak_c":38.2,"dose":101.2},"coolest":{"len_m":1473.6,"mean_c":37.96,"peak_c":38.2,"dose":101.2},"delta_mean_c":0.0,"delta_dose_pct":0,"distance_mi":0.681,"status_now":"walk","status_rec":"walk","reason":"Shortest route already under threshold (dose 101).","safe_until_hour":null}},{"type":"Feature","geometry":{"type":"Polygon","coordinates":[[[-81.44096499988487,28.558657000160377],[-81.44095300018932,28.55858599977787],[-81.44093999977052,28.55857500010331],[-81.44047799981315,28.558833999882918],[-81.4403819995537,28.558888999687035],[-81.43937800017135,28.559758999867707],[-81.44010899974222,28.559755000389405],[-81.44072800005841,28.559637000324816],[-81.44079699965539,28.559614999616116],[-81.44087199999846,28.559570999762947],[-81.44088399969402,28.55950499994871],[-81.44082199976974,28.559229999882827],[-81.44082699979262,28.55909200013567],[-81.44082799961753,28.559080999724905],[-81.44096499988487,28.558657000160377]]]},"properties":{"block_id":"120950120002012","school_id":"sch_lucious_and_emma_nixon_academy_charter","kids_est":0,"class":"red","shortest":{"len_m":3274.3,"mean_c":38.11,"peak_c":38.2,"dose":232.4},"coolest":{"len_m":3274.3,"mean_c":38.11,"peak_c":38.2,"dose":232.4},"delta_mean_c":0.0,"delta_dose_pct":0,"distance_mi":0.737,"status_now":"walk","status_rec":"bus_eligible","reason":"Coolest route mean 38.1C exceeds threshold (110 C-min dose, actual 232).","safe_until_hour":"11:00"}},{"type":"Feature","geometry":{"type":"Polygon","coordinates":[[[-81.43418799978701,28.57793200032095],[-81.43417699991637,28.57784799971579],[-81.43412900023579,28.577473000196555],[-81.43408499985485,28.577299000363116],[-81.43406499976336,28.577194999654267],[-81.43405399989271,28.57714799995252],[-81.43404999969475,28.577123999945655],[-81.43402700012854,28.577104000330195],[-81.43389599970897,28.576944999623176],[-81.43360199998111,28.576587999943435],[-81.43328800016174,28.57604499979811],[-81.4331169995592,28.57558699963936],[-81.43304799996223,28.57533699973108],[-81.4330110001523,28.574745999923774],[-81.43301700000008,28.574547000186488],[-81.43300799977926,28.57437500010239],[-81.43277299960262,28.574375999635855],[-81.4318210000988,28.574380999669742],[-81.43190499976438,28.577478000083232],[-81.43191599963504,28.57787700021399],[-81.431919999833,28.577942000050438],[-81.43212700042055,28.577942000050438],[-81.43343200010179,28.577942000050438],[-81.43386800011989,28.577942000050438],[-81.43418799978701,28.57793200032095]]]},"properties":{"block_id":"120950187004014","school_id":"sch_lucious_and_emma_nixon_academy_charter","kids_est":0,"class":"red","shortest":{"len_m":1806.2,"mean_c":37.83,"peak_c":38.2,"dose":121.7},"coolest":{"len_m":1806.2,"mean_c":37.83,"peak_c":38.2,"dose":121.7},"delta_mean_c":0.0,"delta_dose_pct":0,"distance_mi":0.668,"status_now":"walk","status_rec":"bus_eligible","reason":"Coolest route mean 37.8C exceeds threshold (110 C-min dose, actual 122).","safe_until_hour":"14:00"}},{"type":"Feature","geometry":{"type":"Polygon","coordinates":[[[-81.43228899990393,28.572538999662076],[-81.43221799975882,28.572453000380417],[-81.43184000036537,28.572091000303388],[-81.4313929995783,28.571787000187445],[-81.4308710002448,28.571552999993028],[-81.43067899972588,28.571488999714337],[-81.43065600015966,28.571481999632187],[-81.43067899972588,28.572550000243957],[-81.43101900038282,28.572548000353414],[-81.43132700035439,28.5725459996739],[-81.43192400003096,28.572541999892604],[-81.43228899990393,28.572538999662076]]]},"properties":{"block_id":"120950187004002","school_id":"sch_lucious_and_emma_nixon_academy_charter","kids_est":0,"class":"green","shortest":{"len_m":697.8,"mean_c":38.14,"peak_c":38.2,"dose":49.9},"coolest":{"len_m":697.8,"mean_c":38.14,"peak_c":38.2,"dose":49.9},"delta_mean_c":0.0,"delta_dose_pct":0,"distance_mi":0.372,"status_now":"walk","status_rec":"walk","reason":"Shortest route already under threshold (dose 50).","safe_until_hour":null}},{"type":"Feature","geometry":{"type":"Polygon","coordinates":[[[-81.43327399991803,28.559336000343322],[-81.4332710004433,28.559163000176827],[-81.4332639998723,28.558644000338383],[-81.43326200022248,28.55847099982361],[-81.4327719997777,28.55847099982361],[-81.4325039999891,28.558472000297172],[-81.43245899978325,28.558457999978664],[-81.43242100014842,28.558432000283997],[-81.43239400038424,28.558397000260044],[-81.43238099996546,28.55835599974373],[-81.4323759999426,28.557875999631733],[-81.43236500007193,28.557836000181137],[-81.4323409997825,28.557798999788126],[-81.43230599962239,28.557770999759327],[-81.43226299996468,28.557754000273594],[-81.43221600010901,28.55774799975826],[-81.43190099956642,28.557752000101864],[-81.43141199984488,28.557759999999558],[-81.43141600004284,28.55807700029015],[-81.43142799973842,28.55902800016865],[-81.43143199993638,28.559344999796938],[-81.4318000001824,28.55934299965543],[-81.4329049998471,28.559337000019685],[-81.43327399991803,28.559336000343322]]]},"properties":{"block_id":"120950187003001","school_id":"sch_lucious_and_emma_nixon_academy_charter","kids_est":1,"class":"green","shortest":{"len_m":1007.3,"mean_c":38.15,"peak_c":38.2,"dose":72.2},"coolest":{"len_m":1007.3,"mean_c":38.15,"peak_c":38.2,"dose":72.2},"delta_mean_c":0.0,"delta_dose_pct":0,"distance_mi":0.556,"status_now":"walk","status_rec":"walk","reason":"Shortest route already under threshold (dose 72).","safe_until_hour":null}},{"type":"Feature","geometry":{"type":"Polygon","coordinates":[[[-81.43057400014389,28.567180000132335],[-81.43057099977084,28.567005999843055],[-81.43056900012103,28.56688200002355],[-81.4304760002346,28.566999000251563],[-81.43027500039314,28.567029000187958],[-81.4290610000502,28.56706100011067],[-81.42889100017089,28.567063000105513],[-81.42852899977262,28.567065999703235],[-81.42837599961176,28.567067999697976],[-81.42802199960943,28.567073000079166],[-81.4275479999565,28.567077000068355],[-81.42727400032012,28.56707900006289],[-81.42698200024208,28.567097000012087],[-81.42692899964031,28.567095000017893],[-81.42686099986825,28.567122000330826],[-81.4267160001033,28.567178999741554],[-81.4266320004377,28.56714299986819],[-81.42655200007177,28.567122000330826],[-81.42646099983516,28.567112000361842],[-81.42646199966008,28.567174999756233],[-81.42646300038331,28.567251999841382],[-81.42645300033756,28.56726199979712],[-81.4264349998959,28.56728100010478],[-81.42642200037541,28.56729599963935],[-81.42640399993374,28.56731800032042],[-81.42638999969006,28.567336000228675],[-81.42637499962144,28.567356999723327],[-81.42635899972791,28.567381000380397],[-81.42634399965931,28.56740500024308],[-81.42633000031392,28.567429999699673],[-81.42631299969716,28.56746499987576],[-81.42634600020743,28.567711000378992],[-81.42634799985726,28.567792999630004],[-81.42638300001735,28.568252999766322],[-81.42639100041329,28.568360999788098],[-81.42640099956071,28.56849900000524],[-81.42640599958358,28.568568000046007],[-81.42641099960646,28.56864200034808],[-81.42642400002525,28.568816999885254],[-81.42642599967506,28.568852999974883],[-81.42643400007098,28.568963999713397],[-81.42643700044404,28.569001000126203],[-81.42643800026894,28.569020999704207],[-81.42643999991876,28.569048000311955],[-81.42644300029183,28.569082999949803],[-81.42644499994164,28.56910399988477],[-81.4265400003762,28.5691010003451],[-81.42669000016403,28.569099999972643],[-81.42690900044715,28.5690980000165],[-81.42778499978296,28.56909000019155],[-81.42855100041226,28.569082999949803],[-81.42854999968903,28.56901099991569],[-81.4285480000392,28.568921999783445],[-81.4285480000392,28.56890000022674],[-81.42852499957468,28.567511999958615],[-81.42851999955181,28.567204000040803],[-81.42954899994682,28.567190999696578],[-81.42990100029934,28.567186999711716],[-81.43048499955711,28.567178999741554],[-81.43057400014389,28.567180000132335]]]},"properties":{"block_id":"120950187002028","school_id":"sch_lucious_and_emma_nixon_academy_charter","kids_est":0,"class":"green","shortest":{"len_m":448.1,"mean_c":38.1,"peak_c":38.1,"dose":31.8},"coolest":{"len_m":448.1,"mean_c":38.1,"peak_c":38.1,"dose":31.8},"delta_mean_c":0.0,"delta_dose_pct":0,"distance_mi":0.258,"status_now":"walk","status_rec":"walk","reason":"Shortest route already under threshold (dose 32).","safe_until_hour":null}},{"type":"Feature","geometry":{"type":"Polygon","coordinates":[[[-81.43538799988626,28.57787299984651],[-81.43527800028141,28.577839000266728],[-81.4349960002491,28.577738000174158],[-81.43478899966155,28.577629000020107],[-81.43457000027675,28.577514000364715],[-81.4344270001616,28.577406000272102],[-81.4344330000094,28.577546999757335],[-81.4344310003596,28.57761699967778],[-81.43442999963635,28.57770000017668],[-81.43442799998653,28.57776399983235],[-81.43442399978858,28.577959000219494],[-81.43442399978858,28.578024000005204],[-81.43449599975858,28.578022999717525],[-81.4347140002168,28.57802099993101],[-81.43476400044551,28.57802099993101],[-81.43478700001174,28.578019999643306],[-81.43508699958738,28.57794599962641],[-81.43538799988626,28.57787299984651]]]},"properties":{"block_id":"120950120003000","school_id":"sch_lucious_and_emma_nixon_academy_charter","kids_est":0,"class":"green","shortest":{"len_m":1338.2,"mean_c":38.0,"peak_c":38.2,"dose":92.8},"coolest":{"len_m":1338.2,"mean_c":38.0,"peak_c":38.2,"dose":92.8},"delta_mean_c":0.0,"delta_dose_pct":0,"distance_mi":0.783,"status_now":"walk","status_rec":"walk","reason":"Shortest route already under threshold (dose 93).","safe_until_hour":null}},{"type":"Feature","geometry":{"type":"Polygon","coordinates":[[[-81.43386700029495,28.577959000219494],[-81.43386800011989,28.577942000050438],[-81.43343200010179,28.577942000050438],[-81.43212700042055,28.577942000050438],[-81.431919999833,28.577942000050438],[-81.43191599963504,28.57787700021399],[-81.43190499976438,28.577478000083232],[-81.4318210000988,28.574380999669742],[-81.43277299960262,28.574375999635855],[-81.43300799977926,28.57437500010239],[-81.43300600012944,28.574331000109098],[-81.43297900036526,28.574027999691335],[-81.43289399997644,28.573592000375925],[-81.43276599992991,28.573277999691857],[-81.43254199962394,28.572846000193756],[-81.43247800004983,28.572769000257622],[-81.43228899990393,28.572538999662076],[-81.43192400003096,28.572541999892604],[-81.43132700035439,28.5725459996739],[-81.43101900038282,28.572548000353414],[-81.43067899972588,28.572550000243957],[-81.4306800004491,28.57258999962489],[-81.43068399974874,28.57277300003028],[-81.4306949996194,28.573277000147904],[-81.43069999964229,28.57347700025177],[-81.43071499971089,28.574180999706712],[-81.43072700030477,28.574739000058333],[-81.43072800012966,28.574792000380338],[-81.43073900000033,28.575296999816846],[-81.43075499989386,28.575851999635013],[-81.4307990002748,28.57735399998341],[-81.43080099992461,28.577516999664535],[-81.43080900032054,28.57796400008308],[-81.43081099997036,28.57807299988997],[-81.43091499972743,28.57807100010441],[-81.43122900044511,28.578066999744316],[-81.43133400002709,28.578066000245922],[-81.4314050001722,28.578064999958638],[-81.43158300044742,28.578061999885627],[-81.43162000025735,28.578061000387194],[-81.43169200022737,28.578061000387194],[-81.4319190000081,28.578058000314055],[-81.43205799992526,28.578055999739334],[-81.43212599969733,28.578053999953468],[-81.4332770002911,28.578033000227244],[-81.43342999955365,28.57803099965204],[-81.43386499974683,28.578028000366952],[-81.43386499974683,28.578009999921232],[-81.43386700029495,28.577959000219494]]]},"properties":{"block_id":"120950187004000","school_id":"sch_lucious_and_emma_nixon_academy_charter","kids_est":0,"class":"green","shortest":{"len_m":1195.6,"mean_c":38.02,"peak_c":38.2,"dose":83.5},"coolest":{"len_m":1195.6,"mean_c":38.02,"peak_c":38.2,"dose":83.5},"delta_mean_c":0.0,"delta_dose_pct":0,"distance_mi":0.566,"status_now":"walk","status_rec":"walk","reason":"Shortest route already under threshold (dose 84).","safe_until_hour":null}}]}