{"type":"FeatureCollection","features":[{"type":"Feature","geometry":{"type":"Polygon","coordinates":[[[-81.37628899976401,28.507778000175794],[-81.37627899971827,28.507608999690717],[-81.37627899971827,28.507599000386886],[-81.37626100017494,28.507104000112637],[-81.37625500032715,28.506936000300172],[-81.37624399955818,28.506936000300172],[-81.37620400027352,28.506936000300172],[-81.37612399990758,28.506936000300172],[-81.37590100032482,28.506936999684267],[-81.37588600025619,28.506936000300172],[-81.37580699971517,28.506932999779515],[-81.37573399992023,28.506930000048197],[-81.37549000042107,28.506927999700963],[-81.37528299983353,28.50692700031675],[-81.37454100039201,28.50694199976239],[-81.37434100037547,28.50694699984028],[-81.37426299965934,28.50695099974455],[-81.37424099991802,28.50695900034198],[-81.37423000004739,28.506968999706466],[-81.37422199965147,28.50698900001146],[-81.37422099982655,28.50700999969607],[-81.37422000000163,28.507041000312977],[-81.37421400015384,28.507262000321766],[-81.37421300032894,28.507336000278382],[-81.37421300032894,28.5073469997768],[-81.37419599971219,28.507471000214885],[-81.37416499975005,28.507627000329812],[-81.37414600038178,28.50772200036268],[-81.37414700020669,28.507868000038673],[-81.37414800003162,28.50800300008376],[-81.37421300032894,28.508001999920342],[-81.37440999997244,28.508001999920342],[-81.37447600009467,28.508001999920342],[-81.37447600009467,28.507727999780204],[-81.37447600009467,28.50766500035323],[-81.37462199968455,28.507660999686646],[-81.37496300016639,28.50766599973043],[-81.375230999955,28.50766599973043],[-81.37542500012376,28.50766599973043],[-81.37550499959137,28.507669999607423],[-81.37553499972861,28.507675999817327],[-81.37561900029252,28.507702000196666],[-81.37564299968363,28.50771499998923],[-81.375667999798,28.507728999946245],[-81.37573300009532,28.507755999688907],[-81.37580199969229,28.50777300013729],[-81.37607200002904,28.507774999679082],[-81.37621900034213,28.50777700001021],[-81.37623299968752,28.50777700001021],[-81.37627500041863,28.50777700001021],[-81.37628899976401,28.507778000175794]]]},"properties":{"block_id":"120950139001029","school_id":"sch_jones_high","kids_est":15,"class":"red","shortest":{"len_m":5222.3,"mean_c":37.17,"peak_c":38.2,"dose":302.6},"coolest":{"len_m":5393.3,"mean_c":36.41,"peak_c":38.2,"dose":254.8},"delta_mean_c":-0.76,"delta_dose_pct":-16,"distance_mi":2.333,"status_now":"bus","status_rec":"bus_eligible","reason":"Coolest route mean 36.4C exceeds threshold (110 C-min dose, actual 255).","safe_until_hour":"12:00"}},{"type":"Feature","geometry":{"type":"Polygon","coordinates":[[[-81.40120700001926,28.515408999940647],[-81.40120600019434,28.51484099994055],[-81.40120299982131,28.514514999662147],[-81.40078600006979,28.51452200037364],[-81.40010800020235,28.51453500011501],[-81.39953400009199,28.514536000216474],[-81.39921199987673,28.514537000318],[-81.3991180001654,28.514539999832976],[-81.39912700038622,28.51506400037624],[-81.39912700038622,28.51545199999258],[-81.39915400015039,28.515447999621383],[-81.39989399994211,28.51544299994648],[-81.40000899956983,28.51544299994648],[-81.40056000011397,28.515430000316965],[-81.40120700001926,28.515408999940647]]]},"properties":{"block_id":"120950116001028","school_id":"sch_jones_high","kids_est":6,"class":"red","shortest":{"len_m":2224.1,"mean_c":37.84,"peak_c":38.2,"dose":149.3},"coolest":{"len_m":2224.1,"mean_c":37.84,"peak_c":38.2,"dose":149.3},"delta_mean_c":0.0,"delta_dose_pct":0,"distance_mi":1.26,"status_now":"walk","status_rec":"bus_eligible","reason":"Coolest route mean 37.8C exceeds threshold (110 C-min dose, actual 149).","safe_until_hour":"14:00"}},{"type":"Feature","geometry":{"type":"Polygon","coordinates":[[[-81.39345599977796,28.532938000287057],[-81.39344699955711,28.532497999957428],[-81.39343999988444,28.532058000158393],[-81.39312699988999,28.532060000028874],[-81.3930289999807,28.532062999834608],[-81.39303800020153,28.532895000264105],[-81.39303800020153,28.532943999848396],[-81.39345599977796,28.532938000287057]]]},"properties":{"block_id":"120950104001020","school_id":"sch_jones_high","kids_est":0,"class":"green","shortest":{"len_m":1240.4,"mean_c":37.74,"peak_c":38.2,"dose":81.7},"coolest":{"len_m":1246.9,"mean_c":37.64,"peak_c":38.2,"dose":80.4},"delta_mean_c":-0.1,"delta_dose_pct":-2,"distance_mi":0.412,"status_now":"walk","status_rec":"walk","reason":"Shortest route already under threshold (dose 82).","safe_until_hour":null}},{"type":"Feature","geometry":{"type":"Polygon","coordinates":[[[-81.39343999988444,28.532058000158393],[-81.39343499986157,28.531674999790198],[-81.39342900001377,28.531150999724858],[-81.39301800011005,28.531155000289537],[-81.39302700033087,28.531608999856157],[-81.39302800015578,28.53191000016468],[-81.3930289999807,28.532062999834608],[-81.39312699988999,28.532060000028874],[-81.39343999988444,28.532058000158393]]]},"properties":{"block_id":"120950104001034","school_id":"sch_jones_high","kids_est":0,"class":"green","shortest":{"len_m":1155.1,"mean_c":37.66,"peak_c":38.2,"dose":74.7},"coolest":{"len_m":1155.1,"mean_c":37.66,"peak_c":38.2,"dose":74.7},"delta_mean_c":0.0,"delta_dose_pct":0,"distance_mi":0.425,"status_now":"walk","status_rec":"walk","reason":"Shortest route already under threshold (dose 75).","safe_until_hour":null}},{"type":"Feature","geometry":{"type":"Polygon","coordinates":[[[-81.39196899962353,28.532890999765478],[-81.39196500032389,28.53198100037957],[-81.39162800004,28.53198200031554],[-81.39164099956047,28.532890999765478],[-81.39183599955415,28.532890999765478],[-81.39196899962353,28.532890999765478]]]},"properties":{"block_id":"120950104001018","school_id":"sch_jones_high","kids_est":0,"class":"green","shortest":{"len_m":1428.9,"mean_c":37.56,"peak_c":38.2,"dose":90.8},"coolest":{"len_m":1433.4,"mean_c":37.52,"peak_c":38.2,"dose":90.5},"delta_mean_c":-0.04,"delta_dose_pct":0,"distance_mi":0.499,"status_now":"walk","status_rec":"walk","reason":"Shortest route already under threshold (dose 91).","safe_until_hour":null}},{"type":"Feature","geometry":{"type":"Polygon","coordinates":[[[-81.39130900019777,28.53289199969289],[-81.3912470002735,28.53284400001222],[-81.39123999970248,28.531997000143495],[-81.39086499978376,28.531989999803123],[-81.39087800020255,28.532895000264105],[-81.39118100015124,28.53289199969289],[-81.39130900019777,28.53289199969289]]]},"properties":{"block_id":"120950104001016","school_id":"sch_jones_high","kids_est":0,"class":"green","shortest":{"len_m":1410.8,"mean_c":38.11,"peak_c":38.4,"dose":100.1},"coolest":{"len_m":1506.8,"mean_c":37.59,"peak_c":38.2,"dose":96.2},"delta_mean_c":-0.52,"delta_dose_pct":-4,"distance_mi":0.544,"status_now":"walk","status_rec":"walk","reason":"Shortest route already under threshold (dose 100).","safe_until_hour":null}},{"type":"Feature","geometry":{"type":"Polygon","coordinates":[[[-81.39087800020255,28.532895000264105],[-81.39086499978376,28.531989999803123],[-81.39043399978853,28.531983000251515],[-81.39043600033668,28.532065999640196],[-81.39044300000936,28.532558999682387],[-81.39044899985714,28.532921999876766],[-81.39049300023807,28.532910999889268],[-81.39053800044393,28.53289999990056],[-81.39062700013238,28.532898000046007],[-81.39067300016313,28.53289700011871],[-81.39080000038474,28.5328960001914],[-81.39087800020255,28.532895000264105]]]},"properties":{"block_id":"120950104001014","school_id":"sch_jones_high","kids_est":0,"class":"green","shortest":{"len_m":1454.9,"mean_c":37.49,"peak_c":38.2,"dose":91.3},"coolest":{"len_m":1466.0,"mean_c":37.45,"peak_c":38.2,"dose":91.0},"delta_mean_c":-0.04,"delta_dose_pct":0,"distance_mi":0.568,"status_now":"walk","status_rec":"walk","reason":"Shortest route already under threshold (dose 91).","safe_until_hour":null}},{"type":"Feature","geometry":{"type":"Polygon","coordinates":[[[-81.39287099979695,28.516457000049165],[-81.39286999997204,28.516274999736748],[-81.392866999599,28.5157290000721],[-81.39286599977407,28.51554800017377],[-81.39245400004543,28.51555000035749],[-81.39122100033421,28.515559999696926],[-81.39081000043048,28.515562999972143],[-81.3908110002554,28.515743999844734],[-81.39081399973013,28.516290000221055],[-81.39081499955505,28.516471999718256],[-81.3912260003571,28.516469000258237],[-81.3924590000683,28.51645900021564],[-81.39287099979695,28.516457000049165]]]},"properties":{"block_id":"120950185002006","school_id":"sch_jones_high","kids_est":8,"class":"red","shortest":{"len_m":3056.8,"mean_c":37.27,"peak_c":38.2,"dose":181.3},"coolest":{"len_m":3075.7,"mean_c":36.55,"peak_c":38.2,"dose":151.9},"delta_mean_c":-0.72,"delta_dose_pct":-16,"distance_mi":1.288,"status_now":"walk","status_rec":"bus_eligible","reason":"Coolest route mean 36.5C exceeds threshold (110 C-min dose, actual 152).","safe_until_hour":"14:00"}},{"type":"Feature","geometry":{"type":"Polygon","coordinates":[[[-81.39286599977407,28.51554800017377],[-81.39286199957611,28.515365999871193],[-81.39285300025361,28.514893000317944],[-81.39285300025361,28.514821000335075],[-81.39285499990343,28.51463999966769],[-81.39247999998469,28.514641999868633],[-81.39146800020643,28.514649999882774],[-81.39135600005343,28.514649999882774],[-81.3912120001134,28.514649999882774],[-81.39120999956526,28.51474299970615],[-81.39105399992964,28.514743999805642],[-81.39089999994385,28.514826000039484],[-81.39071400017102,28.514926000392308],[-81.39061600026173,28.514977999938434],[-81.39024899984061,28.5151749999749],[-81.39024999966551,28.51534199999],[-81.39025100038876,28.51546599971204],[-81.39003499958037,28.515466999804673],[-81.38978400040851,28.515468999989928],[-81.389620000377,28.515574000191343],[-81.38980899962455,28.515570999916427],[-81.38997799967896,28.515569999824773],[-81.39060200001802,28.515564000063875],[-81.39081000043048,28.515562999972143],[-81.39122100033421,28.515559999696926],[-81.39245400004543,28.51555000035749],[-81.39286599977407,28.51554800017377]]]},"properties":{"block_id":"120950185002005","school_id":"sch_jones_high","kids_est":3,"class":"red","shortest":{"len_m":3075.1,"mean_c":37.48,"peak_c":38.2,"dose":191.3},"coolest":{"len_m":3093.5,"mean_c":36.72,"peak_c":38.2,"dose":159.3},"delta_mean_c":-0.76,"delta_dose_pct":-17,"distance_mi":1.348,"status_now":"walk","status_rec":"bus_eligible","reason":"Coolest route mean 36.7C exceeds threshold (110 C-min dose, actual 159).","safe_until_hour":"14:00"}},{"type":"Feature","geometry":{"type":"Polygon","coordinates":[[[-81.39547699985977,28.50917300007882],[-81.39558700036294,28.509073999950292],[-81.39545900031642,28.50908600021006],[-81.3953239996989,28.509098999832073],[-81.3952409998582,28.509098999832073],[-81.394993999986,28.509098999832073],[-81.39491199997023,28.50909999998509],[-81.39491299979515,28.50928099989778],[-81.39491399962007,28.509352999715638],[-81.39491199997023,28.509594000217643],[-81.39491000032042,28.509825000286725],[-81.39491000032042,28.51000699988924],[-81.39499700035906,28.51000599974481],[-81.39517499973599,28.510066999854182],[-81.39525299955379,28.510065000355812],[-81.39532600024702,28.509903999961956],[-81.39532299987398,28.509616999679917],[-81.39534799998833,28.509552000294217],[-81.39543300037715,28.50954600019103],[-81.39548000023281,28.50947800031335],[-81.39547699985977,28.50917300007882]]]},"properties":{"block_id":"120950144001014","school_id":"sch_jones_high","kids_est":0,"class":"red","shortest":{"len_m":3625.5,"mean_c":37.41,"peak_c":38.2,"dose":222.1},"coolest":{"len_m":3710.6,"mean_c":36.75,"peak_c":38.2,"dose":192.5},"delta_mean_c":-0.66,"delta_dose_pct":-13,"distance_mi":1.661,"status_now":"walk","status_rec":"bus_eligible","reason":"Coolest route mean 36.8C exceeds threshold (110 C-min dose, actual 192).","safe_until_hour":"12:00"}},{"type":"Feature","geometry":{"type":"Polygon","coordinates":[[[-81.39293400044446,28.52281199980248],[-81.39293299972122,28.522416000218612],[-81.39291900037584,28.521902000218727],[-81.39187499991222,28.521914999839606],[-81.39122899983184,28.52191899996551],[-81.39086399995885,28.521926000185452],[-81.39087200035478,28.522221000349376],[-81.39087999985237,28.52282700014613],[-81.39136399955103,28.522828000168957],[-81.39293400044446,28.52281199980248]]]},"properties":{"block_id":"120950185001039","school_id":"sch_jones_high","kids_est":14,"class":"red","shortest":{"len_m":2261.4,"mean_c":36.88,"peak_c":38.2,"dose":121.7},"coolest":{"len_m":2268.1,"mean_c":36.78,"peak_c":38.2,"dose":119.1},"delta_mean_c":-0.1,"delta_dose_pct":-2,"distance_mi":0.898,"status_now":"walk","status_rec":"bus_eligible","reason":"Coolest route mean 36.8C exceeds threshold (110 C-min dose, actual 119).","safe_until_hour":"14:00"}},{"type":"Feature","geometry":{"type":"Polygon","coordinates":[[[-81.39291900037584,28.521902000218727],[-81.39291799965262,28.52172199989967],[-81.39291699982769,28.521341999970886],[-81.39291299962974,28.521182000255777],[-81.3929090003301,28.5210030003262],[-81.39249800042636,28.521005999657305],[-81.39126700036499,28.521019000177912],[-81.39085700028615,28.52102300033782],[-81.39086399995885,28.521926000185452],[-81.39122899983184,28.52191899996551],[-81.39187499991222,28.521914999839606],[-81.39291900037584,28.521902000218727]]]},"properties":{"block_id":"120950185001038","school_id":"sch_jones_high","kids_est":0,"class":"red","shortest":{"len_m":2410.1,"mean_c":36.85,"peak_c":38.2,"dose":128.4},"coolest":{"len_m":2414.2,"mean_c":36.83,"peak_c":38.2,"dose":127.9},"delta_mean_c":-0.02,"delta_dose_pct":0,"distance_mi":0.951,"status_now":"walk","status_rec":"bus_eligible","reason":"Coolest route mean 36.8C exceeds threshold (110 C-min dose, actual 128).","safe_until_hour":"14:00"}},{"type":"Feature","geometry":{"type":"Polygon","coordinates":[[[-81.3926830003743,28.539002999641344],[-81.39268800039716,28.53867699989969],[-81.39268199965106,28.538438999998363],[-81.39267900017634,28.538252000375156],[-81.39209199964718,28.538259000299472],[-81.39109400011262,28.53827100039417],[-81.39109499993752,28.53904499967025],[-81.39110099978531,28.539206999624973],[-81.39267800035141,28.53919100016661],[-81.3926830003743,28.539080999681676],[-81.3926830003743,28.539002999641344]]]},"properties":{"block_id":"120950105001012","school_id":"sch_jones_high","kids_est":31,"class":"red","shortest":{"len_m":1627.5,"mean_c":38.44,"peak_c":38.6,"dose":122.9},"coolest":{"len_m":1628.1,"mean_c":38.43,"peak_c":38.6,"dose":122.7},"delta_mean_c":-0.01,"delta_dose_pct":0,"distance_mi":0.614,"status_now":"walk","status_rec":"bus_eligible","reason":"Coolest route mean 38.4C exceeds threshold (110 C-min dose, actual 123).","safe_until_hour":"14:00"}},{"type":"Feature","geometry":{"type":"Polygon","coordinates":[[[-81.39103200018835,28.53827100039417],[-81.39101999959445,28.537674999825473],[-81.39101299992177,28.537085999833526],[-81.39100700007397,28.53661499965733],[-81.39101000044703,28.536554999805436],[-81.39101200009685,28.53650800010795],[-81.39101700011973,28.536479999942475],[-81.39101899976954,28.53647000021973],[-81.3905080003067,28.53649699970558],[-81.3905159998043,28.537544000212527],[-81.39054000009375,28.538275999775614],[-81.39103200018835,28.53827100039417]]]},"properties":{"block_id":"120950105001026","school_id":"sch_jones_high","kids_est":8,"class":"red","shortest":{"len_m":1521.0,"mean_c":38.43,"peak_c":38.6,"dose":114.5},"coolest":{"len_m":1526.7,"mean_c":38.33,"peak_c":38.5,"dose":113.0},"delta_mean_c":-0.1,"delta_dose_pct":-1,"distance_mi":0.623,"status_now":"walk","status_rec":"bus_eligible","reason":"Coolest route mean 38.3C exceeds threshold (110 C-min dose, actual 113).","safe_until_hour":"14:00"}},{"type":"Feature","geometry":{"type":"Polygon","coordinates":[[[-81.38895099983206,28.535116000118183],[-81.38894800035735,28.534975999734183],[-81.38894599980921,28.53483599995334],[-81.38894499998429,28.534814000376777],[-81.38894300033446,28.53474800004098],[-81.38894300033446,28.534727000355975],[-81.38893699958837,28.533753999837998],[-81.38892599971771,28.53292700030116],[-81.38836500002616,28.532980000365963],[-81.38829200023122,28.53295699968592],[-81.3882279997588,28.532937000360157],[-81.38794200042685,28.532937000360157],[-81.38783799977146,28.532938000287057],[-81.38774099968708,28.532938000287057],[-81.38767700011299,28.532938000287057],[-81.387488999792,28.53293900021396],[-81.38737900018715,28.532934999717067],[-81.38739300043085,28.533429000351365],[-81.38738500003494,28.533993999896094],[-81.38737300033935,28.534061999747426],[-81.3873549998977,28.534127999723665],[-81.38732999978335,28.534191999828522],[-81.38729899982121,28.534254999980103],[-81.38728100027785,28.534284999775938],[-81.3872629998362,28.534315000352528],[-81.38722000017847,28.534372000161664],[-81.38717300032283,28.53442600020165],[-81.38711999972107,28.534475999775577],[-81.38706299981965,28.53452199967828],[-81.38700199972028,28.534563000003594],[-81.38692399990246,28.534604000312896],[-81.38684199988673,28.53464000026336],[-81.38670999964224,28.534686000094485],[-81.38665899958862,28.534697999806973],[-81.38658499996876,28.534718000376945],[-81.38650799997588,28.534730999995634],[-81.38649700010522,28.534733999725326],[-81.38645699992225,28.53473900006374],[-81.38640699969353,28.534745000311734],[-81.38631600035524,28.5347509997702],[-81.38622500011866,28.5347519996799],[-81.38613499970697,28.534747000131254],[-81.38609299987418,28.534747000131254],[-81.38526699986875,28.53475300037879],[-81.38483000002576,28.534749999860498],[-81.38483199967557,28.534800000069822],[-81.38483699969844,28.534927000305547],[-81.38483599987353,28.535100999945026],[-81.38512700012666,28.535120999649312],[-81.38585799969754,28.53511299961021],[-81.3877569995806,28.5350949997173],[-81.38781100000729,28.5350949997173],[-81.3878469999923,28.53509599962373],[-81.38895099983206,28.535116000118183]]]},"properties":{"block_id":"120950104001001","school_id":"sch_jones_high","kids_est":0,"class":"red","shortest":{"len_m":1608.5,"mean_c":38.18,"peak_c":38.4,"dose":115.7},"coolest":{"len_m":1608.5,"mean_c":38.18,"peak_c":38.4,"dose":115.7},"delta_mean_c":0.0,"delta_dose_pct":0,"distance_mi":0.747,"status_now":"walk","status_rec":"bus_eligible","reason":"Coolest route mean 38.2C exceeds threshold (110 C-min dose, actual 116).","safe_until_hour":"14:00"}},{"type":"Feature","geometry":{"type":"Polygon","coordinates":[[[-81.38892599971771,28.53292700030116],[-81.3889099998242,28.531817999637205],[-81.3887700000821,28.531816999699668],[-81.38834999995754,28.53181399988693],[-81.38821000021547,28.531812999949352],[-81.38822399956084,28.53289199969289],[-81.3882279997588,28.532937000360157],[-81.38829200023122,28.53295699968592],[-81.38836500002616,28.532980000365963],[-81.38892599971771,28.53292700030116]]]},"properties":{"block_id":"120950104001027","school_id":"sch_jones_high","kids_est":13,"class":"green","shortest":{"len_m":1691.3,"mean_c":37.31,"peak_c":38.2,"dose":101.6},"coolest":{"len_m":1691.3,"mean_c":37.31,"peak_c":38.2,"dose":101.6},"delta_mean_c":0.0,"delta_dose_pct":0,"distance_mi":0.695,"status_now":"walk","status_rec":"walk","reason":"Shortest route already under threshold (dose 102).","safe_until_hour":null}},{"type":"Feature","geometry":{"type":"Polygon","coordinates":[[[-81.3863470003174,28.527078999669026],[-81.38636499986075,28.526807000130724],[-81.38633899992146,28.525818999976707],[-81.38632200020304,28.524296999793034],[-81.38631299998221,28.52363499971841],[-81.38630100028664,28.52313300037668],[-81.38621900027088,28.523263999749854],[-81.38610200009501,28.523604000032716],[-81.38610200009501,28.523871999891416],[-81.38609500042232,28.523966000275347],[-81.38608299982842,28.52466700006716],[-81.3861099995926,28.5256310000618],[-81.38611200014074,28.525838999863964],[-81.3861220001865,28.526223000120282],[-81.38611799998854,28.526731999644195],[-81.38612399983631,28.528655999743467],[-81.38612600038445,28.52875399967405],[-81.38614499975272,28.529171999885058],[-81.3861370002551,28.529582000346956],[-81.38612600038445,28.52982500030494],[-81.3862769999972,28.529895000390212],[-81.38628899969275,28.529795999985357],[-81.38631499963203,28.529629999934844],[-81.3863270002259,28.529556999796583],[-81.38634300011942,28.52942399964171],[-81.38634300011942,28.528939999613893],[-81.38633399989861,28.528238999825337],[-81.3863470003174,28.527078999669026]]]},"properties":{"block_id":"120950185001001","school_id":"sch_jones_high","kids_est":0,"class":"red","shortest":{"len_m":2253.5,"mean_c":36.79,"peak_c":38.2,"dose":118.4},"coolest":{"len_m":2257.6,"mean_c":36.77,"peak_c":38.2,"dose":117.9},"delta_mean_c":-0.02,"delta_dose_pct":0,"distance_mi":0.957,"status_now":"walk","status_rec":"bus_eligible","reason":"Coolest route mean 36.8C exceeds threshold (110 C-min dose, actual 118).","safe_until_hour":"14:00"}},{"type":"Feature","geometry":{"type":"Polygon","coordinates":[[[-81.40131699962411,28.52905700017168],[-81.40131699962411,28.528996999962555],[-81.40130599975346,28.528646000067525],[-81.4013019995555,28.528509999645628],[-81.40128499983707,28.52818099988391],[-81.4012580000729,28.52789199967303],[-81.40124999967696,28.52778399997254],[-81.40124399982918,28.52752500039332],[-81.40123899980631,28.527320999892723],[-81.40122799993566,28.52678699963786],[-81.40122200008788,28.526433000310114],[-81.39978599998706,28.526444000184462],[-81.39952900006912,28.52644700015005],[-81.3993299998775,28.526449000127005],[-81.39927799999894,28.526449000127005],[-81.39916400019615,28.52645000011548],[-81.3989080001031,28.526454000069304],[-81.39865100018515,28.526457000034544],[-81.39832200029718,28.52645900001132],[-81.39744000021525,28.526465999929787],[-81.39731899984143,28.5264669999181],[-81.3970789996419,28.526477999788963],[-81.39707100014432,28.52739699993965],[-81.3970700003194,28.527480999761607],[-81.3970700003194,28.527512999864083],[-81.3970769999921,28.52785799973544],[-81.39708200001498,28.5281299997186],[-81.39708799986275,28.52841400021706],[-81.39709299988563,28.52894900008638],[-81.39709700008358,28.529223000335435],[-81.39727399963559,28.52921799973523],[-81.39760300042188,28.52921799973523],[-81.39764899955432,28.529218999697473],[-81.39814300019704,28.52920800011266],[-81.39912400001317,28.5291979996999],[-81.39963100017637,28.52919299988776],[-81.39979299965978,28.52919299988776],[-81.40027899990658,28.52919299988776],[-81.40044200011317,28.529193999850197],[-81.40061700001537,28.52919599977509],[-81.40069800020622,28.5291969997375],[-81.40107200030005,28.529191999925313],[-81.40114199972193,28.529193999850197],[-81.40126599957048,28.5291979996999],[-81.40131699962411,28.529194999812617],[-81.40131699962411,28.52905700017168]]]},"properties":{"block_id":"120950116001004","school_id":"sch_jones_high","kids_est":5,"class":"green","shortest":{"len_m":938.3,"mean_c":37.76,"peak_c":38.2,"dose":62.1},"coolest":{"len_m":938.3,"mean_c":37.76,"peak_c":38.2,"dose":62.1},"delta_mean_c":0.0,"delta_dose_pct":0,"distance_mi":0.381,"status_now":"walk","status_rec":"walk","reason":"Shortest route already under threshold (dose 62).","safe_until_hour":null}},{"type":"Feature","geometry":{"type":"Polygon","coordinates":[[[-81.37626299982476,28.502453000170657],[-81.37626199999984,28.502434000011466],[-81.3762589996268,28.50237899994682],[-81.3762589996268,28.5023609999912],[-81.37625100012917,28.502188999646425],[-81.37624399955818,28.502023999772778],[-81.37624000025853,28.501972000156247],[-81.37622600001482,28.501726000074438],[-81.376224000365,28.501675999968406],[-81.37621500014417,28.50150599974653],[-81.37564900042973,28.50154300017108],[-81.3755129999873,28.501551999824294],[-81.3752800003588,28.50153900006178],[-81.37522699975703,28.501527999957844],[-81.37516900003071,28.50150500031095],[-81.37513100039587,28.501470999759725],[-81.37510399973338,28.50142499964662],[-81.37508500036512,28.501354000170675],[-81.37506299972551,28.501101000204127],[-81.37506500027365,28.501008999635307],[-81.37508199999208,28.5009619998801],[-81.3751199996269,28.500909999740205],[-81.37516700038088,28.500872999883132],[-81.37522900030518,28.50084599995792],[-81.37532100036668,28.500827999740796],[-81.37541699972783,28.500800000361824],[-81.37550700013952,28.500758000095253],[-81.37563699983586,28.500674999744888],[-81.37566500032327,28.500658999964674],[-81.3757310004455,28.500630000307552],[-81.37579400019469,28.500614999964526],[-81.37601199975458,28.500595000030184],[-81.37619099985473,28.50059300035233],[-81.37619099985473,28.500572999624335],[-81.37619099985473,28.500512999786014],[-81.37619099985473,28.500494000066922],[-81.37619000002982,28.500411999744266],[-81.37619000002982,28.50031300007852],[-81.3761890002049,28.500167999658824],[-81.3761890002049,28.50008700011078],[-81.3761890002049,28.50005299989209],[-81.3761890002049,28.49995399988955],[-81.3761890002049,28.4999439998602],[-81.37618800038,28.499920999868046],[-81.37618300035712,28.499737999992217],[-81.37617800033425,28.49966299999024],[-81.37616400009055,28.49945499987427],[-81.37613099958027,28.499173000034002],[-81.3760839997246,28.49889700014929],[-81.37602900037133,28.498646000322506],[-81.37602199980033,28.498612999891982],[-81.37600099988394,28.49851700008806],[-81.37599400021124,28.49848499987084],[-81.37598800036345,28.498459999842435],[-81.37597599976958,28.498405000074843],[-81.37596999992178,28.498388999950496],[-81.3759630002491,28.498365999619413],[-81.37595200037845,28.498331999635727],[-81.37572899989736,28.498334000145885],[-81.37573300009532,28.49836399989932],[-81.37575700038478,28.498530999686626],[-81.37576099968442,28.498562999889863],[-81.37576099968442,28.499079999904616],[-81.37568600023967,28.4992289996479],[-81.37554200029962,28.499437999664476],[-81.3749990001514,28.4999980001653],[-81.37482199970108,28.5000819997078],[-81.3746889996317,28.500144999715502],[-81.37465199982178,28.500155999963603],[-81.37440999997244,28.500175999981188],[-81.37439699955364,28.500177999666956],[-81.3740910001302,28.50017899990455],[-81.373872999672,28.500194999757543],[-81.37369899959472,28.500377000184038],[-81.37369899959472,28.50063600012836],[-81.37381800031872,28.50098199974489],[-81.37382400016651,28.501355999834104],[-81.37371200001353,28.50176399985495],[-81.37321400007114,28.502198000033992],[-81.37294600028254,28.502232000350972],[-81.37262300024236,28.502253999621477],[-81.37213000032287,28.502159999620318],[-81.37173799978736,28.502155000105027],[-81.3714080000745,28.502210000286436],[-81.3711400002859,28.502182999913884],[-81.37097799990418,28.50212199998242],[-81.3707600003443,28.50189099962462],[-81.37060999965814,28.501424000210275],[-81.37055399958166,28.501204000042158],[-81.37071000011558,28.500973000043025],[-81.37100200019363,28.50082899997223],[-81.37133199990652,28.500725000325204],[-81.37149400028822,28.500674999744888],[-81.37188699975029,28.500404999675272],[-81.372041999561,28.50026799969739],[-81.37210400038359,28.50014100034269],[-81.3721550004372,28.499993999997464],[-81.37221099961539,28.49982899984934],[-81.37235399973052,28.499613999939093],[-81.37250299969344,28.499350000206555],[-81.37262099969423,28.499046999609813],[-81.37265599985432,28.498887000019778],[-81.37268400034174,28.498761000043604],[-81.37270199988507,28.498530000222864],[-81.37273100019738,28.498444999980425],[-81.37278300007591,28.49829899989649],[-81.37285099984798,28.497990999727403],[-81.37291600014532,28.497792999707944],[-81.37291399959717,28.497776000019876],[-81.37289500022892,28.497650000296165],[-81.37285699969577,28.49758400038086],[-81.37275799996155,28.497578000386536],[-81.37263900013588,28.497650000296165],[-81.37252100013511,28.49766100001488],[-81.37243900011933,28.497613000085593],[-81.37237800001996,28.497578000386536],[-81.37232799979125,28.49759500010646],[-81.37232799979125,28.49767700024963],[-81.37223499990485,28.497825999605393],[-81.37219300007206,28.497880000204812],[-81.37213500034572,28.497953000167126],[-81.37195399969742,28.498008000170294],[-81.37178600036627,28.498079000318548],[-81.37157399975585,28.498128999760517],[-81.37134399960208,28.498140000218754],[-81.37112600004218,28.498178999968253],[-81.37086599975119,28.498284000011594],[-81.37065300021418,28.498371000103702],[-81.37035399956511,28.498449000206996],[-81.37021100034829,28.498475999956018],[-81.37006099966216,28.498498000009615],[-81.36953199975765,28.498515000370816],[-81.36936400042647,28.498477000209782],[-81.36894000010393,28.498279000312657],[-81.36875299960786,28.498146999648558],[-81.36864700020098,28.498026000078944],[-81.36840399962843,28.49752999963],[-81.36831599976486,28.497144999630702],[-81.36822299987845,28.496512999933383],[-81.3682399995969,28.496252000373268],[-81.36824100032011,28.49624300026802],[-81.36836599999359,28.496023000351624],[-81.36859000029956,28.49570399993465],[-81.36873300041471,28.495516000021894],[-81.3688949998981,28.495368000056562],[-81.36911300035631,28.495235999699016],[-81.36915299964096,28.495204000065964],[-81.3693669999012,28.495033999681553],[-81.36924399987755,28.494895000050814],[-81.36922999963384,28.49422500018877],[-81.36912300040204,28.494231999878224],[-81.36898199993672,28.49423399967661],[-81.36894500012681,28.49423399967661],[-81.36883700017177,28.494236000264447],[-81.36880100018675,28.49423699976887],[-81.36854699974354,28.494241000154915],[-81.36816699980194,28.4942479998433],[-81.36792199957956,28.494268000190974],[-81.36778699986037,28.494287000241467],[-81.36774000000469,28.494295000220127],[-81.36753800033831,28.494333999811452],[-81.36751099967583,28.49471599972276],[-81.36743200003312,28.495861999845914],[-81.36741799978941,28.496072999978146],[-81.3674300003833,28.496129999934034],[-81.36745499959935,28.496183999822303],[-81.36748899993452,28.496226000330317],[-81.3675430003612,28.49626900030677],[-81.3677269995859,28.49634900014297],[-81.36776699976886,28.496372999608326],[-81.36780199992896,28.496393999826825],[-81.36783600026416,28.49642200037478],[-81.36789099961743,28.496485999682115],[-81.36792900015058,28.496560000091097],[-81.36794099984614,28.496598000152925],[-81.36795000006698,28.496679000010502],[-81.36795799956458,28.497083999944866],[-81.36795699973968,28.497254999661024],[-81.36795699973968,28.49757200039183],[-81.36796000011272,28.497744999838655],[-81.36796900033355,28.49826499989118],[-81.36797199980828,28.49843900003503],[-81.3679729996332,28.498584999925292],[-81.36797600000625,28.499022999963092],[-81.36797799965608,28.499170000082017],[-81.36797799965608,28.499286000267634],[-81.36797799965608,28.499632999816615],[-81.3679790003793,28.499749999734956],[-81.36798000020421,28.499940999930157],[-81.367986000052,28.500514000020424],[-81.36798799970181,28.500704999622247],[-81.36835799959766,28.500700000038],[-81.36947099965828,28.500687000170505],[-81.36969599978917,28.50068499970495],[-81.36977799980494,28.500687999613834],[-81.36984099955413,28.500702999946466],[-81.36988999995792,28.500751000049224],[-81.36992500011803,28.500806999615197],[-81.3699379996385,28.500854000228898],[-81.36994299966138,28.500869999979503],[-81.36995400043035,28.500994000135638],[-81.36996100010303,28.501219999739725],[-81.36996000027813,28.5014070003177],[-81.36996000027813,28.501592000115892],[-81.3696630001772,28.50159900010616],[-81.36956699991775,28.501600000330306],[-81.36839100010795,28.50161400030928],[-81.36799899957248,28.50161899985022],[-81.36800000029568,28.501730999610057],[-81.36800299977044,28.502066999755122],[-81.36800399959533,28.502178999828885],[-81.36800500031856,28.502355000268444],[-81.36801100016635,28.50288299982575],[-81.36801299981617,28.50305899988048],[-81.36801399964106,28.503193000344265],[-81.36801799983905,28.50343399991948],[-81.36802399968683,28.503597999751317],[-81.36802700005987,28.503647999735968],[-81.36803200008274,28.5037329997345],[-81.36804799997627,28.50377599980978],[-81.36805299999915,28.503786999679395],[-81.36811499992342,28.503855000067716],[-81.36819399956615,28.503899000295643],[-81.36826999973411,28.503915999786745],[-81.36842000042026,28.50391299996963],[-81.36865200022385,28.503904999930604],[-81.36934900035784,28.503884999830415],[-81.36958199998635,28.503877999991794],[-81.36958199998635,28.503747999634243],[-81.36958199998635,28.503360999801636],[-81.36958299981127,28.503231999805134],[-81.3697829998278,28.5032310003859],[-81.36981200014012,28.50322700034062],[-81.36985099959988,28.503222000086435],[-81.36991500007228,28.50319900001936],[-81.3699719999737,28.503163999804688],[-81.37003200024816,28.50310100002058],[-81.37006200038537,28.503051999987065],[-81.37008199957856,28.503000000087706],[-81.37009300034754,28.50294500031808],[-81.37008900014956,28.502684000087566],[-81.37008699960141,28.50245499981327],[-81.37036399961086,28.50245000031195],[-81.37039000044844,28.50245000031195],[-81.37048800035772,28.502464000178193],[-81.37058200006905,28.5024930001207],[-81.37066800028278,28.502537000127198],[-81.37079200013133,28.502633000221163],[-81.37089699971332,28.502703999625968],[-81.37100899986632,28.50276500001042],[-81.37110299957764,28.502806000054868],[-81.37122399995147,28.502859000262028],[-81.37136000039392,28.502911999653136],[-81.37142099959499,28.502929000092667],[-81.37159800004528,28.50296499980703],[-81.37165900014466,28.50297800018329],[-81.37165099974874,28.50320099964784],[-81.37165099974874,28.503271000041007],[-81.37165699959652,28.50415099966875],[-81.37165900014466,28.504444999623907],[-81.37165999996958,28.504621000230753],[-81.37166400016754,28.505149000289723],[-81.37166599981735,28.50532599991097],[-81.3716690001904,28.505582999965252],[-81.37167800041122,28.50635599988756],[-81.37168000006106,28.506470999889377],[-81.37170299962727,28.506540000303925],[-81.37173799978736,28.50660100004935],[-81.3715629998852,28.506660000196614],[-81.37151600002952,28.50667199994157],[-81.37099799999567,28.506809000287852],[-81.37084099963684,28.506854000247547],[-81.37061800005407,28.50691999989058],[-81.37078600028356,28.50741100035214],[-81.37124999989075,28.50876199982251],[-81.37129099989863,28.508887000331118],[-81.37142499979294,28.509288000167263],[-81.37144200040969,28.509332999858902],[-81.37145999995303,28.509379999832028],[-81.3715629998852,28.509352999715638],[-81.3715989998702,28.50934700039054],[-81.3716690001904,28.509337999823465],[-81.37202900004051,28.509332999858902],[-81.37217299998055,28.509331999708103],[-81.37217399980547,28.509289999680366],[-81.37217499963039,28.509221999637617],[-81.3721679999577,28.508975999883063],[-81.37216700013278,28.50894700014374],[-81.37227199971475,28.50894700014374],[-81.37258600043242,28.50894700014374],[-81.37267099992293,28.508948000298204],[-81.37266300042533,28.508396999794616],[-81.37298300009246,28.50839500026462],[-81.37313600025334,28.508392999945208],[-81.37320700039844,28.508392999945208],[-81.37320800022337,28.508460000363243],[-81.37320900004828,28.508631999957373],[-81.3732099998732,28.508807999894305],[-81.37372000040943,28.508799000070585],[-81.37372100023435,28.508937000177337],[-81.3741539998794,28.508932000193806],[-81.37414999968144,28.508331000286272],[-81.37414899985652,28.508263999786266],[-81.37414800003162,28.50800300008376],[-81.37414700020669,28.507868000038673],[-81.37414600038178,28.50772200036268],[-81.37416499975005,28.507627000329812],[-81.37419599971219,28.507471000214885],[-81.37421300032894,28.5073469997768],[-81.37421300032894,28.507336000278382],[-81.37421400015384,28.507262000321766],[-81.37422000000163,28.507041000312977],[-81.37422099982655,28.50700999969607],[-81.37422199965147,28.50698900001146],[-81.37423000004739,28.506968999706466],[-81.3742180003518,28.50695099974455],[-81.37420800030607,28.50693100022177],[-81.37420099973507,28.506910999905813],[-81.37419700043543,28.50689100037546],[-81.37419700043543,28.506869999877736],[-81.37419599971219,28.50681300019736],[-81.37420099973507,28.506754000135615],[-81.37421400015384,28.5066139999776],[-81.37422199965147,28.50646999971144],[-81.3752030003659,28.506459000121563],[-81.37520199964267,28.506276999923557],[-81.37619599987761,28.50626699970405],[-81.37624000025853,28.506269000063764],[-81.37624100008344,28.506178000234822],[-81.37624100008344,28.506139000284108],[-81.37624199990836,28.506039999676485],[-81.37624799975615,28.505626000076017],[-81.37625100012917,28.505488999772304],[-81.376252999779,28.505300999924483],[-81.37625399960392,28.505240999617005],[-81.37625500032715,28.505203000299286],[-81.37613099958027,28.505194000168046],[-81.3750490003801,28.505204999889777],[-81.3750479996569,28.505488000374456],[-81.37504600000706,28.505592000063338],[-81.37504500018215,28.505661000263363],[-81.37353600028642,28.50567599988902],[-81.37353000043863,28.50522400033943],[-81.37339499982112,28.50522499973975],[-81.37232000029366,28.50522499973975],[-81.37219700027002,28.505228999709306],[-81.37219300007206,28.504821999860493],[-81.37261999986931,28.504816000277682],[-81.37319200032985,28.50480800030714],[-81.37319300015474,28.504780999810013],[-81.37344699969965,28.504780999810013],[-81.37344599987473,28.504404999624448],[-81.37344599987473,28.50426599970579],[-81.37343300035427,28.503816000047717],[-81.37342999998121,28.503683999994447],[-81.3734280003314,28.50354700032672],[-81.37342699960816,28.5032800003363],[-81.37342599978325,28.503065000352613],[-81.3734219995853,28.503001999719952],[-81.37340499986685,28.502907000173444],[-81.373547999982,28.502833000267994],[-81.37364599989128,28.502784000110008],[-81.37383500003716,28.502670999675058],[-81.37395999971064,28.502583999970316],[-81.37403400022879,28.502534000270884],[-81.3740979998029,28.502501999692928],[-81.37415100040465,28.502489000047458],[-81.37416899994801,28.50248499997402],[-81.3743160002611,28.50248200011623],[-81.37437099961436,28.50248200011623],[-81.37455599956229,28.50247900025835],[-81.37511399977912,28.502471000110614],[-81.37529999955198,28.502468999678854],[-81.3754920000709,28.502467000036493],[-81.3756879998895,28.502465000394107],[-81.37607000037922,28.5024570002453],[-81.3761399998011,28.50245499981327],[-81.37626299982476,28.502453000170657]]]},"properties":{"block_id":"120950139001006","school_id":"sch_jones_high","kids_est":187,"class":"red","shortest":{"len_m":6259.5,"mean_c":36.52,"peak_c":38.2,"dose":306.7},"coolest":{"len_m":6419.8,"mean_c":36.37,"peak_c":38.2,"dose":300.4},"delta_mean_c":-0.15,"delta_dose_pct":-2,"distance_mi":2.737,"status_now":"bus","status_rec":"bus_eligible","reason":"Coolest route mean 36.4C exceeds threshold (110 C-min dose, actual 300).","safe_until_hour":"11:00"}},{"type":"Feature","geometry":{"type":"Polygon","coordinates":[[[-81.37531100032093,28.514762000016457],[-81.37531399979567,28.514636000055003],[-81.3753020001001,28.51389699974377],[-81.37530299992501,28.513322000281885],[-81.37529399970418,28.51292499967236],[-81.37508700001494,28.512925999789104],[-81.37446799969875,28.512930000256024],[-81.37426199983442,28.51293199970002],[-81.37427500025322,28.513546000093566],[-81.37427500025322,28.513867999778757],[-81.37428299975082,28.514637000155513],[-81.37431799991093,28.5147769999267],[-81.37435600044408,28.514775999827446],[-81.37531100032093,28.514762000016457]]]},"properties":{"block_id":"120950113003033","school_id":"sch_jones_high","kids_est":0,"class":"red","shortest":{"len_m":4810.8,"mean_c":36.51,"peak_c":38.2,"dose":235.3},"coolest":{"len_m":4871.3,"mean_c":36.33,"peak_c":38.2,"dose":224.7},"delta_mean_c":-0.18,"delta_dose_pct":-5,"distance_mi":2.032,"status_now":"bus","status_rec":"bus_eligible","reason":"Coolest route mean 36.3C exceeds threshold (110 C-min dose, actual 225).","safe_until_hour":"12:00"}},{"type":"Feature","geometry":{"type":"Polygon","coordinates":[[[-81.37166599981735,28.50532599991097],[-81.37166400016754,28.505149000289723],[-81.37165999996958,28.504621000230753],[-81.37165900014466,28.504444999623907],[-81.37165699959652,28.50415099966875],[-81.37165099974874,28.503271000041007],[-81.37165099974874,28.50320099964784],[-81.37165900014466,28.50297800018329],[-81.37159800004528,28.50296499980703],[-81.37142099959499,28.502929000092667],[-81.37136000039392,28.502911999653136],[-81.37123399999722,28.503072999665886],[-81.37110599995071,28.50320499969413],[-81.37095399961474,28.503363999634427],[-81.3706969996968,28.503647999735968],[-81.37051299957378,28.503840000183175],[-81.37046800026624,28.503877999991794],[-81.3703879999003,28.50392200021014],[-81.37032900034907,28.503941000101403],[-81.37026700042479,28.50395099975195],[-81.37024399996027,28.50395099975195],[-81.36992000009516,28.503957000173358],[-81.3698589999958,28.503976000058337],[-81.3698749998893,28.50401399981797],[-81.3698749998893,28.504250999879684],[-81.36987700043747,28.504529000362815],[-81.36990199965351,28.50474799971929],[-81.36994400038462,28.504966000007798],[-81.36997600017166,28.505076999970782],[-81.37000200011092,28.505162999797797],[-81.3700640000352,28.50534199977288],[-81.37037700002965,28.505257000281244],[-81.37049500003043,28.505240999617005],[-81.37061999970389,28.505240000216816],[-81.37070300044289,28.505249999744247],[-81.3710149997141,28.505316000390735],[-81.37114399958554,28.50532999987666],[-81.37134100012734,28.505328000288532],[-81.37166599981735,28.50532599991097]]]},"properties":{"block_id":"120950139001009","school_id":"sch_jones_high","kids_est":0,"class":"red","shortest":{"len_m":6142.3,"mean_c":36.51,"peak_c":38.2,"dose":300.3},"coolest":{"len_m":6302.6,"mean_c":36.36,"peak_c":38.2,"dose":294.0},"delta_mean_c":-0.15,"delta_dose_pct":-2,"distance_mi":2.661,"status_now":"bus","status_rec":"bus_eligible","reason":"Coolest route mean 36.4C exceeds threshold (110 C-min dose, actual 294).","safe_until_hour":"11:00"}},{"type":"Feature","geometry":{"type":"Polygon","coordinates":[[[-81.40122200008788,28.52550199967858],[-81.40122299991278,28.525214000015357],[-81.40121299986704,28.524622999821016],[-81.40120399964621,28.523628999627217],[-81.40097400039076,28.523636999748785],[-81.4005550000911,28.523632999688047],[-81.39977400029152,28.523647999914893],[-81.3996539997426,28.523643999854638],[-81.39918599993744,28.523606000063626],[-81.3990190004312,28.523643999854638],[-81.39817800035715,28.523665000169366],[-81.3974019996821,28.523665000169366],[-81.3970789996419,28.52367600033262],[-81.39708100019006,28.524611999756637],[-81.39708399966479,28.52528800000392],[-81.39707799981701,28.525532000387518],[-81.39727600018371,28.525530000393093],[-81.39766699999598,28.525519999631374],[-81.39830999970332,28.525517999636786],[-81.39873200037601,28.52551199965273],[-81.39917199969376,28.525517999636786],[-81.39932499985463,28.525516999639468],[-81.40024799994444,28.525513999647433],[-81.40070400005403,28.52550899966059],[-81.40099600013207,28.5254989996861],[-81.40122200008788,28.52550199967858]]]},"properties":{"block_id":"120950116001009","school_id":"sch_jones_high","kids_est":20,"class":"green","shortest":{"len_m":1717.2,"mean_c":37.53,"peak_c":38.2,"dose":108.2},"coolest":{"len_m":1722.0,"mean_c":37.4,"peak_c":38.2,"dose":105.3},"delta_mean_c":-0.13,"delta_dose_pct":-3,"distance_mi":0.603,"status_now":"walk","status_rec":"walk","reason":"Shortest route already under threshold (dose 108).","safe_until_hour":null}},{"type":"Feature","geometry":{"type":"Polygon","coordinates":[[[-81.4059479999667,28.526432000321485],[-81.40585799955501,28.526324999903913],[-81.40581200042257,28.526265999708382],[-81.40574999959998,28.526150999981493],[-81.4056869998508,28.52600200038207],[-81.40564400019309,28.525863999717668],[-81.40561900007873,28.52573800039454],[-81.40551899962131,28.52537499992405],[-81.40534500044235,28.524878000203117],[-81.40532600017578,28.52482400000651],[-81.40516399979407,28.52449399978277],[-81.40499599956458,28.524201999694395],[-81.40489000015766,28.523944000008274],[-81.40479999974599,28.523770000102036],[-81.40472199992817,28.523619000263686],[-81.40462300019398,28.523338000318002],[-81.40459200023184,28.523289000214277],[-81.40448599992664,28.523195000015974],[-81.4040680003502,28.522766000313833],[-81.40388199967904,28.522480000331825],[-81.4037319998912,28.522116999692816],[-81.40360100036997,28.521853000236867],[-81.40345200040706,28.52150000016162],[-81.40339100030768,28.521396000372384],[-81.40276699996862,28.521396999619537],[-81.4026670004095,28.521396999619537],[-81.4023700003086,28.521399999728683],[-81.40231199968395,28.521400999765046],[-81.4022720003993,28.521401999801384],[-81.40205499976601,28.521405999946765],[-81.40165700028105,28.52141600030945],[-81.40140600021088,28.52141600030945],[-81.40119000030083,28.521417000345725],[-81.40119000030083,28.521492999913395],[-81.40119199995064,28.521720999866357],[-81.40119299977555,28.521798000036785],[-81.40119399960047,28.521978000226078],[-81.40119699997352,28.52251999979092],[-81.40119799979841,28.522701000350153],[-81.40119799979841,28.522841999698365],[-81.40120100017148,28.523264999768585],[-81.40120199999637,28.52340699995834],[-81.40137299970061,28.52340799997567],[-81.40147999983074,28.523410000010283],[-81.40184999972658,28.52340599994101],[-81.40188700043483,28.523403999906257],[-81.40205899996397,28.52339999983675],[-81.40210499999472,28.523397999801936],[-81.40224399991189,28.523394999749584],[-81.40229099976756,28.523394999749584],[-81.40240499957038,28.52339299971468],[-81.40255000023363,28.523391999697207],[-81.40274699987714,28.523380000276045],[-81.40286099967993,28.5233740001703],[-81.4028649998779,28.523805999806868],[-81.40287800029668,28.525059999872603],[-81.40287699957348,28.52510199993386],[-81.40287200044891,28.52553500037898],[-81.40307699959001,28.52553400038184],[-81.40369400025638,28.525530000393093],[-81.40390000012071,28.525530000393093],[-81.40407300037307,28.525528999606614],[-81.40423999987934,28.525528999606614],[-81.40459499970657,28.525531000390288],[-81.4046730004227,28.525532000387518],[-81.40471100005753,28.52552799960941],[-81.40474399966949,28.52553600037612],[-81.40476200011115,28.525553000326152],[-81.40476999960877,28.52557400026065],[-81.40476700013402,28.526328999862507],[-81.40520300015211,28.526329999852102],[-81.40523599976407,28.526340999737275],[-81.40526300042659,28.526360000325386],[-81.40528199979485,28.52638500005552],[-81.40529400038872,28.526429000355478],[-81.4059479999667,28.526432000321485]]]},"properties":{"block_id":"120950116002008","school_id":"sch_jones_high","kids_est":41,"class":"green","shortest":{"len_m":1368.7,"mean_c":37.88,"peak_c":38.2,"dose":92.7},"coolest":{"len_m":1368.7,"mean_c":37.88,"peak_c":38.2,"dose":92.7},"delta_mean_c":0.0,"delta_dose_pct":0,"distance_mi":0.699,"status_now":"walk","status_rec":"walk","reason":"Shortest route already under threshold (dose 93).","safe_until_hour":null}},{"type":"Feature","geometry":{"type":"Polygon","coordinates":[[[-81.39964299987194,28.53108800008526],[-81.39963899967398,28.530814999896513],[-81.39963500037433,28.53049699967829],[-81.3996329998262,28.52999699977738],[-81.3996329998262,28.529724999876887],[-81.39963200000129,28.52961799964533],[-81.39963100017637,28.52929899980017],[-81.39963100017637,28.52919299988776],[-81.39912400001317,28.5291979996999],[-81.39814300019704,28.52920800011266],[-81.39764899955432,28.529218999697473],[-81.39760300042188,28.52921799973523],[-81.39727399963559,28.52921799973523],[-81.39709700008358,28.529223000335435],[-81.39709799990848,28.5293290002176],[-81.39710100028154,28.529648999930135],[-81.39710200010644,28.529756000130234],[-81.39710600030442,28.530027999950715],[-81.39711899982488,28.530843999935698],[-81.39712399984776,28.53111700004933],[-81.397626999813,28.531114000216732],[-81.39798900021127,28.531112000328235],[-81.39913900008179,28.531094999696318],[-81.39964299987194,28.53108800008526]]]},"properties":{"block_id":"120950116001003","school_id":"sch_jones_high","kids_est":41,"class":"green","shortest":{"len_m":763.4,"mean_c":37.83,"peak_c":38.2,"dose":51.5},"coolest":{"len_m":764.0,"mean_c":37.84,"peak_c":38.2,"dose":51.4},"delta_mean_c":0.01,"delta_dose_pct":0,"distance_mi":0.238,"status_now":"walk","status_rec":"walk","reason":"Shortest route already under threshold (dose 52).","safe_until_hour":null}},{"type":"Feature","geometry":{"type":"Polygon","coordinates":[[[-81.38889999977846,28.531080999684573],[-81.38889899995354,28.531019999893356],[-81.3888959995805,28.530838000254825],[-81.38889499975558,28.530778000270413],[-81.38888800008287,28.530313999974023],[-81.38887899986206,28.529483999607763],[-81.3877359996642,28.529482999648074],[-81.3876989998543,28.52946800025156],[-81.38755499991426,28.529336999906562],[-81.38744199993636,28.52923499988066],[-81.38739099988271,28.52918800007538],[-81.3873749999892,28.529150999878116],[-81.38736599976836,28.528806000292846],[-81.38736300029362,28.528678999783697],[-81.38734900004992,28.528659999613538],[-81.38735099969973,28.528422999945274],[-81.38735200042298,28.528356000372003],[-81.38735999992058,28.528144000122396],[-81.38734599967687,28.527712000110675],[-81.38733900000419,28.52747599986802],[-81.38725000031572,28.52747599986802],[-81.38698300035202,28.52747599986802],[-81.38689399976526,28.52747599986802],[-81.38684899955942,28.527462000164814],[-81.38682099997033,28.52744099981717],[-81.38680199970375,28.527412999610235],[-81.38679300038122,28.527381000266665],[-81.386791999658,28.527331999674466],[-81.38678300033548,28.526739000333805],[-81.38678099978735,28.52654199980391],[-81.38676499989381,28.52639299996792],[-81.38676400006892,28.52635800034674],[-81.38675900004604,28.526068999873104],[-81.3867289999088,28.525806000047936],[-81.38671200019037,28.525649999988683],[-81.38670600034258,28.525624000087877],[-81.38667700003028,28.525490999705863],[-81.38666699998453,28.5254379998214],[-81.38662799962647,28.525220000016386],[-81.3866229996036,28.52511199994596],[-81.38662199977868,28.524871000179196],[-81.38662199977868,28.524807999942976],[-81.3866159999309,28.524682000146875],[-81.3866080004333,28.524499999824776],[-81.38659300036468,28.52412899974326],[-81.38660400023534,28.524000999901492],[-81.386615000106,28.52395600015455],[-81.38666199996165,28.523780000240542],[-81.38667399965723,28.523684999676014],[-81.38667700003028,28.523597999939717],[-81.38669600029685,28.523052000309203],[-81.38669999959649,28.522954999834724],[-81.38669899977158,28.522871000352595],[-81.38670399979445,28.52268700001273],[-81.38671999968798,28.522137000282367],[-81.38672600043408,28.521954000271236],[-81.3867280000839,28.52186799992766],[-81.38672399988594,28.5217730000081],[-81.38672300006102,28.521715999699563],[-81.38672399988594,28.521573000354625],[-81.38670600034258,28.521318999908356],[-81.38670399979445,28.52123099976019],[-81.38670399979445,28.521144999616162],[-81.38670200014462,28.521050999874117],[-81.38670499961937,28.520938000064884],[-81.38670600034258,28.52087799997026],[-81.38671800003817,28.520518000264158],[-81.38672300006102,28.52043499967521],[-81.3867289999088,28.520388999938785],[-81.38674599962725,28.520346000321414],[-81.38677300028974,28.520307000084333],[-81.38680799955152,28.520273000068233],[-81.38685000028264,28.52024699963064],[-81.38711200022345,28.520145000280646],[-81.3869320002984,28.520148999684384],[-81.38662699980155,28.520158000118172],[-81.38644600005159,28.520159000166306],[-81.38639400017306,28.520159000166306],[-81.38633100042387,28.520160000214435],[-81.38630299993645,28.520160000214435],[-81.38630100028664,28.52313300037668],[-81.38631299998221,28.52363499971841],[-81.38632200020304,28.524296999793034],[-81.38633899992146,28.525818999976707],[-81.38636499986075,28.526807000130724],[-81.3863470003174,28.527078999669026],[-81.38633399989861,28.528238999825337],[-81.38634300011942,28.528939999613893],[-81.38634300011942,28.52942399964171],[-81.3863270002259,28.529556999796583],[-81.38631499963203,28.529629999934844],[-81.38628899969275,28.529795999985357],[-81.3862769999972,28.529895000390212],[-81.38598400009421,28.530930000059342],[-81.38594200026145,28.53106199994744],[-81.3860090002086,28.53106199994744],[-81.38605699988916,28.53106299989214],[-81.3861370002551,28.53106299989214],[-81.38623000014152,28.53106299989214],[-81.38637900010444,28.531064999781567],[-81.3864600002953,28.53106599972624],[-81.38649299990726,28.53106599972624],[-81.3865950000145,28.53106599972624],[-81.3866290003497,28.5310669996709],[-81.38677300028974,28.5310669996709],[-81.3872069997597,28.531070000294076],[-81.38735200042298,28.531071000238697],[-81.38744000028652,28.531071000238697],[-81.38770399987716,28.531073000127986],[-81.38771899994578,28.531073000127986],[-81.38779199974071,28.531074000072596],[-81.38782299970285,28.531074000072596],[-81.38784600016739,28.531074000072596],[-81.38800799965077,28.531074000072596],[-81.38806299990237,28.531075000017168],[-81.38823000030693,28.531075999961754],[-81.38873200044728,28.531078999795437],[-81.38889999977846,28.531080999684573]]]},"properties":{"block_id":"120950185001000","school_id":"sch_jones_high","kids_est":5,"class":"red","shortest":{"len_m":2136.6,"mean_c":36.96,"peak_c":38.2,"dose":117.9},"coolest":{"len_m":2147.2,"mean_c":36.82,"peak_c":38.2,"dose":113.7},"delta_mean_c":-0.14,"delta_dose_pct":-4,"distance_mi":0.868,"status_now":"walk","status_rec":"bus_eligible","reason":"Coolest route mean 36.8C exceeds threshold (110 C-min dose, actual 114).","safe_until_hour":"14:00"}},{"type":"Feature","geometry":{"type":"Polygon","coordinates":[[[-81.39120999956526,28.51474299970615],[-81.3912120001134,28.514649999882774],[-81.39106399997537,28.514649999882774],[-81.39103200018835,28.514649999882774],[-81.39098199995962,28.514649999882774],[-81.39097100008898,28.514649999882774],[-81.39093799957868,28.514649999882774],[-81.39092699970804,28.514649999882774],[-81.39089999994385,28.514649999882774],[-81.39082100030113,28.514649999882774],[-81.39079500036186,28.514649999882774],[-81.39066300011739,28.514649999882774],[-81.39063999965286,28.514649999882774],[-81.39030900011505,28.514652000083526],[-81.38971099971526,28.51506900006912],[-81.3887559998384,28.5157380000938],[-81.38803199994021,28.51634700030555],[-81.38793599968075,28.51644900017217],[-81.3878889998251,28.51651500012608],[-81.38783000027387,28.516572000088956],[-81.38755400008934,28.516861999838405],[-81.38713300013985,28.517449999903718],[-81.38685299975737,28.517972000057455],[-81.38663799967222,28.51846300037642],[-81.38643699983076,28.519066000286113],[-81.38635800018805,28.519352000057314],[-81.38633399989861,28.519651999795048],[-81.38631899983,28.519874000267006],[-81.38630299993645,28.520160000214435],[-81.38633100042387,28.520160000214435],[-81.38639400017306,28.520159000166306],[-81.38644600005159,28.520159000166306],[-81.38662699980155,28.520158000118172],[-81.3869320002984,28.520148999684384],[-81.38711200022345,28.520145000280646],[-81.38716900012487,28.520143000184078],[-81.387340999654,28.520136999894113],[-81.38739900027863,28.520135999845767],[-81.38745799982986,28.520132999700593],[-81.38748299994423,28.520132999700593],[-81.38763799975492,28.520131999652207],[-81.38769800002939,28.520131999652207],[-81.38791200028962,28.52013100039312],[-81.38855400017205,28.52013000034472],[-81.3887690002572,28.52013000034472],[-81.38876500005924,28.520000000284245],[-81.38876599988416,28.519945999957034],[-81.38877799957972,28.51960999993054],[-81.38877400028007,28.519394000024658],[-81.38877099990701,28.51920999993116],[-81.38877099990701,28.519027999634396],[-81.38877299955683,28.518611000307047],[-81.3887700000821,28.518485000208614],[-81.38876599988416,28.518304000304855],[-81.38876199968618,28.518128999705596],[-81.38874999999062,28.51760500018436],[-81.3887490001657,28.517521000386452],[-81.38876300040941,28.517478999673116],[-81.38879099999852,28.517443000175945],[-81.38886100031868,28.51732900037167],[-81.38886200014362,28.517315000110212],[-81.3887690002572,28.51731600018538],[-81.38876099986128,28.516490999717043],[-81.38876000003636,28.516405999737408],[-81.38875900021145,28.51614100010393],[-81.38896300042596,28.516010999861543],[-81.38916699974213,28.516009999773996],[-81.38916599991722,28.51587599980452],[-81.38952499994244,28.515636000328833],[-81.389620000377,28.515574000191343],[-81.38978400040851,28.515468999989928],[-81.39003499958037,28.515466999804673],[-81.39025100038876,28.51546599971204],[-81.39024999966551,28.51534199999],[-81.39024899984061,28.5151749999749],[-81.39061600026173,28.514977999938434],[-81.39071400017102,28.514926000392308],[-81.39089999994385,28.514826000039484],[-81.39105399992964,28.514743999805642],[-81.39120999956526,28.51474299970615]]]},"properties":{"block_id":"120950185002000","school_id":"sch_jones_high","kids_est":1,"class":"red","shortest":{"len_m":2955.5,"mean_c":37.3,"peak_c":38.2,"dose":176.4},"coolest":{"len_m":2971.5,"mean_c":36.53,"peak_c":38.2,"dose":145.4},"delta_mean_c":-0.77,"delta_dose_pct":-18,"distance_mi":1.251,"status_now":"walk","status_rec":"bus_eligible","reason":"Coolest route mean 36.5C exceeds threshold (110 C-min dose, actual 145).","safe_until_hour":"14:00"}},{"type":"Feature","geometry":{"type":"Polygon","coordinates":[[[-81.37956000017378,28.51215000027672],[-81.3795609999987,28.512003000086956],[-81.37936400035521,28.51200099983595],[-81.37877600000115,28.511994999872087],[-81.37858000018257,28.511993999746515],[-81.37852400010607,28.51199299962094],[-81.37835599987659,28.51199100015908],[-81.37829999980009,28.51199100015908],[-81.37818299962423,28.51198600032028],[-81.37816300043104,28.511985000194617],[-81.377751999629,28.511971000013144],[-81.37770800014638,28.51196999988729],[-81.37761600008487,28.511967000299236],[-81.37754599976466,28.5119660001734],[-81.3773359997024,28.51196299979579],[-81.3772670001054,28.511961999669925],[-81.3772670001054,28.511980999691872],[-81.3772670001054,28.51203799973722],[-81.37726799993033,28.51205799987049],[-81.37726799993033,28.51208399995909],[-81.37726999958015,28.51216300031047],[-81.37726999958015,28.51218999970757],[-81.37726999958015,28.51231799967884],[-81.37727299995319,28.51270200023936],[-81.37727499960302,28.51283099970691],[-81.37727499960302,28.51284300032859],[-81.37727499960302,28.51288300028599],[-81.37727499960302,28.512896000229404],[-81.37730599956517,28.51289500011238],[-81.37740099999971,28.512893999995345],[-81.37743299978676,28.512893999995345],[-81.37746999959668,28.512892999878297],[-81.37758400029782,28.512890999644135],[-81.37762199993266,28.512890999644135],[-81.37784399969051,28.512886999965165],[-81.37851099968728,28.512877999700112],[-81.37873400016836,28.512876000255087],[-81.37889900002479,28.51287299990337],[-81.3793939995941,28.512865999871803],[-81.37956000017378,28.512863999637172],[-81.37956000017378,28.512838999858428],[-81.37956000017378,28.51276399969722],[-81.37956000017378,28.512738999894708],[-81.37956000017378,28.512590999616638],[-81.37956000017378,28.51215000027672]]]},"properties":{"block_id":"120950139001002","school_id":"sch_jones_high","kids_est":3,"class":"red","shortest":{"len_m":4521.5,"mean_c":37.19,"peak_c":38.2,"dose":263.8},"coolest":{"len_m":4745.3,"mean_c":36.39,"peak_c":38.2,"dose":223.0},"delta_mean_c":-0.8,"delta_dose_pct":-15,"distance_mi":1.943,"status_now":"walk","status_rec":"bus_eligible","reason":"Coolest route mean 36.4C exceeds threshold (110 C-min dose, actual 223).","safe_until_hour":"12:00"}},{"type":"Feature","geometry":{"type":"Polygon","coordinates":[[[-81.38463199965902,28.512555000029625],[-81.38462699963614,28.512131000285166],[-81.38462699963614,28.5120350001511],[-81.38462199961329,28.510892000055353],[-81.38461400011568,28.509212999849254],[-81.38454999964326,28.509214000001187],[-81.38454399979548,28.50838900009562],[-81.38453700012278,28.50748100032024],[-81.38453600029787,28.50729400024538],[-81.38431700001476,28.507462000277112],[-81.38430299977105,28.507472999762403],[-81.38418300012046,28.507482999867566],[-81.384194999816,28.507523000278816],[-81.3842140000826,28.50779800032737],[-81.38422599977815,28.507864000169178],[-81.3842140000826,28.50794100019561],[-81.38416999970167,28.508001999920342],[-81.38411399962517,28.508029000382493],[-81.3838769997987,28.508101000265544],[-81.38367799960707,28.50812299989106],[-81.38357200020018,28.508095000079827],[-81.38343400010791,28.50795600028646],[-81.3833350003737,28.507924999938446],[-81.38319800010636,28.507990999700827],[-81.3831300003343,28.508083999870006],[-81.38312399958821,28.508210999926167],[-81.38314200002986,28.50834299984112],[-81.38318600041079,28.508508000094626],[-81.38317899983977,28.508574000281623],[-81.38321099962683,28.508623000118668],[-81.38325400018286,28.508765999657925],[-81.38335399974197,28.50890399980788],[-81.38350299970489,28.508948000298204],[-81.38357200020018,28.508991999980818],[-81.38357800004795,28.50904199977727],[-81.38357200020018,28.509097000315382],[-81.38352199997146,28.50918500032728],[-81.38347199974274,28.509361000130962],[-81.3833849997041,28.509448999922654],[-81.38330400041157,28.50948700007907],[-81.38311699991552,28.509602999973463],[-81.38297299997546,28.509707000341965],[-81.38289799963239,28.509827999935766],[-81.38287400024127,28.50997100020967],[-81.38281099959376,28.510142000354374],[-81.38273000030121,28.510235000205956],[-81.38262999984379,28.5104609997496],[-81.38262999984379,28.510571000106765],[-81.38265499995815,28.51080799964679],[-81.38269900033907,28.511087999696127],[-81.38272299973022,28.511175999625817],[-81.38272699992817,28.511186000169296],[-81.3828909999597,28.5115400001695],[-81.38302800022704,28.511737999651547],[-81.3831219999384,28.511848000255664],[-81.38327699974909,28.51196299979579],[-81.38344599980348,28.512062999705883],[-81.38360399998723,28.512167000016948],[-81.38371299976717,28.512239000232924],[-81.3837420000795,28.51225399971262],[-81.38384400018673,28.512310000277186],[-81.38411199997535,28.51243699998145],[-81.38418599959518,28.51246600034],[-81.38428000020483,28.512503000078198],[-81.38434200012911,28.51251399982718],[-81.38441099972607,28.51252500036434],[-81.38453499957464,28.51254699985657],[-81.38463199965902,28.512555000029625]]]},"properties":{"block_id":"120950144001028","school_id":"sch_jones_high","kids_est":0,"class":"red","shortest":{"len_m":4146.9,"mean_c":37.25,"peak_c":38.2,"dose":244.8},"coolest":{"len_m":4165.3,"mean_c":36.68,"peak_c":38.2,"dose":212.8},"delta_mean_c":-0.57,"delta_dose_pct":-13,"distance_mi":1.866,"status_now":"walk","status_rec":"bus_eligible","reason":"Coolest route mean 36.7C exceeds threshold (110 C-min dose, actual 213).","safe_until_hour":"12:00"}},{"type":"Feature","geometry":{"type":"Polygon","coordinates":[[[-81.37631600042653,28.509275999930505],[-81.37631499970328,28.509220000123268],[-81.37631300005346,28.509051999733696],[-81.37631300005346,28.50899599980752],[-81.3763099996804,28.508827999850595],[-81.3763099996804,28.508751999838562],[-81.37630700020568,28.5083690000561],[-81.37630499965755,28.508048999697113],[-81.37630300000772,28.50802099986622],[-81.37628899976401,28.507778000175794],[-81.37627500041863,28.50777700001021],[-81.37623299968752,28.50777700001021],[-81.37621900034213,28.50777700001021],[-81.37607200002904,28.507774999679082],[-81.37580199969229,28.50777300013729],[-81.37573300009532,28.507755999688907],[-81.375667999798,28.507728999946245],[-81.37564299968363,28.50771499998923],[-81.37561900029252,28.507702000196666],[-81.37553499972861,28.507675999817327],[-81.37550499959137,28.507669999607423],[-81.37550299994156,28.50773500015279],[-81.37550100029173,28.507929999969736],[-81.37550100029173,28.507995999728987],[-81.3754920000709,28.5083279998053],[-81.37447600009467,28.508330000125945],[-81.37447600009467,28.508001999920342],[-81.37440999997244,28.508001999920342],[-81.37421300032894,28.508001999920342],[-81.37414800003162,28.50800300008376],[-81.37414899985652,28.508263999786266],[-81.37414999968144,28.508331000286272],[-81.3741539998794,28.508932000193806],[-81.3741549997043,28.509049000062618],[-81.37415700025245,28.509310999696325],[-81.37450700005681,28.509306999881545],[-81.37498400008279,28.509303000066613],[-81.37555700036822,28.509303000066613],[-81.37576700043051,28.509303000066613],[-81.37590700017259,28.50929599979811],[-81.37596900009689,28.509291999982754],[-81.37615599969463,28.509283000200398],[-81.37621900034213,28.50928099989778],[-81.3762379997104,28.50927900038456],[-81.37629600033503,28.509275999930505],[-81.37631600042653,28.509275999930505]]]},"properties":{"block_id":"120950139001016","school_id":"sch_jones_high","kids_est":1,"class":"red","shortest":{"len_m":5237.3,"mean_c":37.16,"peak_c":38.2,"dose":303.1},"coolest":{"len_m":5394.9,"mean_c":36.41,"peak_c":38.2,"dose":254.8},"delta_mean_c":-0.75,"delta_dose_pct":-16,"distance_mi":2.262,"status_now":"bus","status_rec":"bus_eligible","reason":"Coolest route mean 36.4C exceeds threshold (110 C-min dose, actual 255).","safe_until_hour":"12:00"}},{"type":"Feature","geometry":{"type":"Polygon","coordinates":[[[-81.39509699991817,28.53292700030116],[-81.39508900042057,28.53248699992568],[-81.39344699955711,28.532497999957428],[-81.39345599977796,28.532938000287057],[-81.39509699991817,28.53292700030116]]]},"properties":{"block_id":"120950104001022","school_id":"sch_jones_high","kids_est":30,"class":"green","shortest":{"len_m":1087.1,"mean_c":38.2,"peak_c":38.4,"dose":78.6},"coolest":{"len_m":1087.1,"mean_c":38.2,"peak_c":38.4,"dose":78.6},"delta_mean_c":0.0,"delta_dose_pct":0,"distance_mi":0.348,"status_now":"walk","status_rec":"walk","reason":"Shortest route already under threshold (dose 79).","safe_until_hour":null}},{"type":"Feature","geometry":{"type":"Polygon","coordinates":[[[-81.40548799965916,28.54011800038677],[-81.40548099998647,28.539957000114935],[-81.4054750001387,28.539796000386144],[-81.40546900029089,28.53950099969569],[-81.40546500009293,28.53941000013726],[-81.40545800042025,28.53922799999544],[-81.40545300039737,28.539047000197325],[-81.40544599982636,28.538757999796527],[-81.40544300035164,28.538503999726327],[-81.4054419996284,28.53832300026273],[-81.40543800032876,28.538067000176543],[-81.40543199958266,28.537517000205753],[-81.4054330003059,28.537301999788212],[-81.4054340001308,28.537270000290498],[-81.40540499981849,28.537049000041655],[-81.40539200029801,28.537000999887056],[-81.40536999965839,28.536915999872015],[-81.40535999961263,28.53685500030172],[-81.40535299993995,28.53680700005874],[-81.40523400011425,28.53676699970802],[-81.40509299964896,28.53670400026915],[-81.4045960004298,28.5364429999378],[-81.40427500003945,28.53627600020297],[-81.40400499970269,28.536157999871588],[-81.40372900041649,28.53605099985811],[-81.40349900026271,28.535972999942125],[-81.40322599955292,28.53589300017063],[-81.40294900044181,28.53582400002302],[-81.40266900005933,28.535767000210118],[-81.40228900011772,28.535712000167575],[-81.4022020000791,28.535704000173343],[-81.40198299979598,28.535683999790518],[-81.40136299965486,28.535655000294025],[-81.40136299965486,28.535833999807025],[-81.40136500020301,28.536373000256],[-81.40136600002792,28.536553000020177],[-81.40135199978423,28.53673300026606],[-81.40133900026373,28.53692700023062],[-81.40134199973846,28.537168999937922],[-81.40134699976134,28.537276000394375],[-81.40135599998219,28.537457999962346],[-81.4013640003781,28.537640999887387],[-81.40139000031736,28.53819099999999],[-81.4013919999672,28.538229000056702],[-81.40139500034023,28.53837500010556],[-81.40140000036311,28.53857199982378],[-81.40142999960203,28.539163999792812],[-81.40143899982284,28.5397630002055],[-81.40143999964776,28.540177999787968],[-81.40355100014126,28.540156999606847],[-81.40547599996358,28.540137000069322],[-81.40548799965916,28.54011800038677]]]},"properties":{"block_id":"120950183003041","school_id":"sch_jones_high","kids_est":0,"class":"green","shortest":{"len_m":740.5,"mean_c":38.25,"peak_c":38.3,"dose":53.6},"coolest":{"len_m":740.5,"mean_c":38.25,"peak_c":38.3,"dose":53.6},"delta_mean_c":0.0,"delta_dose_pct":0,"distance_mi":0.389,"status_now":"walk","status_rec":"walk","reason":"Shortest route already under threshold (dose 54).","safe_until_hour":null}},{"type":"Feature","geometry":{"type":"Polygon","coordinates":[[[-81.40136100000504,28.535068999778886],[-81.40136000018015,28.534818000013114],[-81.40136000018015,28.534722000016945],[-81.40110200043728,28.534725999656835],[-81.40052199958082,28.534722000016945],[-81.39975699967476,28.534719000286962],[-81.39801099995256,28.534723999836935],[-81.39775900005749,28.534724999746892],[-81.39725299971919,28.534722999926966],[-81.39725299971919,28.53509900013219],[-81.39787000038555,28.535088000371932],[-81.39870700026165,28.53508200014347],[-81.39985299993421,28.535066999965487],[-81.40013499996654,28.53505500029502],[-81.40088800017703,28.53506099973583],[-81.40110599973693,28.535064000245264],[-81.40136100000504,28.535068999778886]]]},"properties":{"block_id":"120950116001000","school_id":"sch_jones_high","kids_est":0,"class":"green","shortest":{"len_m":449.9,"mean_c":38.24,"peak_c":38.3,"dose":32.6},"coolest":{"len_m":449.9,"mean_c":38.24,"peak_c":38.3,"dose":32.6},"delta_mean_c":0.0,"delta_dose_pct":0,"distance_mi":0.115,"status_now":"walk","status_rec":"walk","reason":"Shortest route already under threshold (dose 33).","safe_until_hour":null}},{"type":"Feature","geometry":{"type":"Polygon","coordinates":[[[-81.40131300032446,28.531071000238697],[-81.40131699962411,28.529194999812617],[-81.40126599957048,28.5291979996999],[-81.40114199972193,28.529193999850197],[-81.40107200030005,28.529191999925313],[-81.40069800020622,28.5291969997375],[-81.40061700001537,28.52919599977509],[-81.40044200011317,28.529193999850197],[-81.40043999956505,28.529349000228123],[-81.40044100028828,28.52957000005197],[-81.40044999961081,28.530701000345566],[-81.40045399980876,28.531078999795437],[-81.40131300032446,28.531071000238697]]]},"properties":{"block_id":"120950116001005","school_id":"sch_jones_high","kids_est":8,"class":"green","shortest":{"len_m":393.2,"mean_c":38.03,"peak_c":38.2,"dose":27.7},"coolest":{"len_m":393.2,"mean_c":38.03,"peak_c":38.2,"dose":27.7},"delta_mean_c":0.0,"delta_dose_pct":0,"distance_mi":0.227,"status_now":"walk","status_rec":"walk","reason":"Shortest route already under threshold (dose 28).","safe_until_hour":null}},{"type":"Feature","geometry":{"type":"Polygon","coordinates":[[[-81.3972460000465,28.540152000314666],[-81.39723000015296,28.539170999656534],[-81.39687500032574,28.539168000053216],[-81.39607199988652,28.539173000181208],[-81.39550199997412,28.539168000053216],[-81.3954869999055,28.539186000039482],[-81.39542499998123,28.539256000219854],[-81.39526900034562,28.53948600014676],[-81.39504400021472,28.539792000149596],[-81.39488699985588,28.54001499988826],[-81.39482900012958,28.540131999987093],[-81.39575100039445,28.540136000210726],[-81.3972460000465,28.540152000314666]]]},"properties":{"block_id":"120950105001007","school_id":"sch_jones_high","kids_est":0,"class":"green","shortest":{"len_m":1266.0,"mean_c":38.43,"peak_c":38.6,"dose":95.1},"coolest":{"len_m":1266.6,"mean_c":38.42,"peak_c":38.6,"dose":94.9},"delta_mean_c":-0.01,"delta_dose_pct":0,"distance_mi":0.493,"status_now":"walk","status_rec":"walk","reason":"Shortest route already under threshold (dose 95).","safe_until_hour":null}},{"type":"Feature","geometry":{"type":"Polygon","coordinates":[[[-81.39517899993395,28.53828699999224],[-81.39517399991107,28.538166999790995],[-81.39517200026124,28.53810799991156],[-81.39517399991107,28.537846999901394],[-81.39517300008615,28.537810000376766],[-81.39517100043633,28.53769100030323],[-81.39406199967536,28.537680000024395],[-81.3940719997211,28.538267000099715],[-81.39429299965404,28.53827100039417],[-81.3944440001651,28.53827400002308],[-81.39481499988587,28.538280999945982],[-81.39495700017609,28.538282999698378],[-81.39499700035906,28.538284000363756],[-81.39517899993395,28.53828699999224]]]},"properties":{"block_id":"120950105001020","school_id":"sch_jones_high","kids_est":1,"class":"green","shortest":{"len_m":1275.7,"mean_c":38.45,"peak_c":38.6,"dose":96.4},"coolest":{"len_m":1276.3,"mean_c":38.43,"peak_c":38.6,"dose":96.2},"delta_mean_c":-0.02,"delta_dose_pct":0,"distance_mi":0.455,"status_now":"walk","status_rec":"walk","reason":"Shortest route already under threshold (dose 96).","safe_until_hour":null}},{"type":"Feature","geometry":{"type":"Polygon","coordinates":[[[-81.39516399986532,28.536986999870702],[-81.39516499969024,28.536886000036038],[-81.39515800001755,28.53661900001451],[-81.39515499964448,28.53649699970558],[-81.39501400007751,28.53649599981244],[-81.39480400001521,28.536494999919302],[-81.39459300012801,28.536487999877725],[-81.39445300038592,28.53648500019802],[-81.39437200019508,28.53648199972904],[-81.39429900040014,28.536479999942475],[-81.39413100017065,28.536478000155793],[-81.39405099980472,28.536478000155793],[-81.39405199962962,28.536585999627956],[-81.39405199962962,28.536602000271014],[-81.3940569996525,28.53697399974114],[-81.39405900020064,28.537098999949247],[-81.39428000013356,28.537100999724075],[-81.39494299993237,28.53710699983758],[-81.39516399986532,28.53711000028876],[-81.39516399986532,28.536986999870702]]]},"properties":{"block_id":"120950105001042","school_id":"sch_jones_high","kids_est":6,"class":"green","shortest":{"len_m":1120.0,"mean_c":38.43,"peak_c":38.6,"dose":84.2},"coolest":{"len_m":1120.6,"mean_c":38.41,"peak_c":38.6,"dose":84.0},"delta_mean_c":-0.02,"delta_dose_pct":0,"distance_mi":0.403,"status_now":"walk","status_rec":"walk","reason":"Shortest route already under threshold (dose 84).","safe_until_hour":null}},{"type":"Feature","geometry":{"type":"Polygon","coordinates":[[[-81.39510500031408,28.533821999844196],[-81.39509699991817,28.53292700030116],[-81.39345599977796,28.532938000287057],[-81.39303800020153,28.532943999848396],[-81.39304700042237,28.533851999763325],[-81.39442400007363,28.53384700017203],[-81.39444699963984,28.533830999899763],[-81.39449000019584,28.533818000169994],[-81.39455399976995,28.533818000169994],[-81.39496700022184,28.533820999925677],[-81.39510500031408,28.533821999844196]]]},"properties":{"block_id":"120950104001021","school_id":"sch_jones_high","kids_est":0,"class":"green","shortest":{"len_m":1109.4,"mean_c":38.19,"peak_c":38.4,"dose":80.1},"coolest":{"len_m":1109.4,"mean_c":38.19,"peak_c":38.4,"dose":80.1},"delta_mean_c":0.0,"delta_dose_pct":0,"distance_mi":0.358,"status_now":"walk","status_rec":"walk","reason":"Shortest route already under threshold (dose 80).","safe_until_hour":null}},{"type":"Feature","geometry":{"type":"Polygon","coordinates":[[[-81.39306699961554,28.53470799969783],[-81.39309599992785,28.53470799969783],[-81.3930499998971,28.533914000200525],[-81.39304700042237,28.533851999763325],[-81.39303800020153,28.532943999848396],[-81.39303800020153,28.532895000264105],[-81.39261600042715,28.53289199969289],[-81.39261399987899,28.533172000287983],[-81.39262499974964,28.533650000300725],[-81.39263999981827,28.53470899960794],[-81.39306699961554,28.53470799969783]]]},"properties":{"block_id":"120950104001010","school_id":"sch_jones_high","kids_est":9,"class":"green","shortest":{"len_m":1131.8,"mean_c":38.33,"peak_c":38.4,"dose":83.5},"coolest":{"len_m":1131.8,"mean_c":38.33,"peak_c":38.4,"dose":83.5},"delta_mean_c":0.0,"delta_dose_pct":0,"distance_mi":0.433,"status_now":"walk","status_rec":"walk","reason":"Shortest route already under threshold (dose 84).","safe_until_hour":null}},{"type":"Feature","geometry":{"type":"Polygon","coordinates":[[[-81.40122200008788,28.519179999791135],[-81.40122600028585,28.51907399996458],[-81.40081200000905,28.519078000198288],[-81.39957299955175,28.51909200022561],[-81.39915999999818,28.519096999727513],[-81.39915999999818,28.51927999996168],[-81.39915999999818,28.51971800011217],[-81.399161999648,28.519829000337094],[-81.39916599984596,28.520012000090126],[-81.39957199972683,28.520002999643886],[-81.39980000023077,28.519999000234602],[-81.40079000026775,28.519988999737517],[-81.40089499984973,28.519988999737517],[-81.40119699997352,28.519992999936445],[-81.40119899962335,28.519914999975907],[-81.40120799984417,28.51968399990614],[-81.40121200004212,28.519606999770406],[-81.40121399969195,28.519500000318768],[-81.40122200008788,28.519179999791135]]]},"properties":{"block_id":"120950116001019","school_id":"sch_jones_high","kids_est":4,"class":"red","shortest":{"len_m":1942.1,"mean_c":37.86,"peak_c":38.2,"dose":131.1},"coolest":{"len_m":1946.3,"mean_c":37.76,"peak_c":38.2,"dose":128.9},"delta_mean_c":-0.1,"delta_dose_pct":-2,"distance_mi":0.947,"status_now":"walk","status_rec":"bus_eligible","reason":"Coolest route mean 37.8C exceeds threshold (110 C-min dose, actual 129).","safe_until_hour":"14:00"}},{"type":"Feature","geometry":{"type":"Polygon","coordinates":[[[-81.39708399966479,28.52528800000392],[-81.39708100019006,28.524611999756637],[-81.39623000007026,28.52461799979191],[-81.39517599956088,28.52463499988999],[-81.39514299994893,28.52464499994638],[-81.3951119999868,28.524665000056377],[-81.39508699987243,28.524701000244807],[-81.39508100002466,28.524730000387642],[-81.39507199980382,28.52512899996436],[-81.3950709999789,28.52554200035882],[-81.3954729996618,28.525540000364636],[-81.39556200024857,28.525540000364636],[-81.39667899960884,28.525514999644763],[-81.39676599964747,28.525513999647433],[-81.39706000027365,28.525520999628657],[-81.39707799981701,28.525532000387518],[-81.39708399966479,28.52528800000392]]]},"properties":{"block_id":"120950185001034","school_id":"sch_jones_high","kids_est":3,"class":"green","shortest":{"len_m":1447.1,"mean_c":37.58,"peak_c":38.2,"dose":92.2},"coolest":{"len_m":1451.8,"mean_c":37.38,"peak_c":38.2,"dose":88.5},"delta_mean_c":-0.2,"delta_dose_pct":-4,"distance_mi":0.614,"status_now":"walk","status_rec":"walk","reason":"Shortest route already under threshold (dose 92).","safe_until_hour":null}},{"type":"Feature","geometry":{"type":"Polygon","coordinates":[[[-81.39283700036007,28.51267199982657],[-81.3928259995911,28.512222999838333],[-81.3928249997662,28.512178999924796],[-81.3928259995911,28.512099000250196],[-81.39279299997915,28.51209100004255],[-81.39277799991054,28.51208700033325],[-81.39273299970469,28.512076999875145],[-81.39271799963608,28.51207400029007],[-81.39260700020631,28.51206200037027],[-81.39253299968814,28.51206100024535],[-81.3924580002434,28.512067000205477],[-81.39242100043347,28.512074999625554],[-81.39237200002967,28.51208700033325],[-81.3922900000139,28.512118000247458],[-81.39221499967084,28.512158999814453],[-81.39214600007386,28.512208999688447],[-81.39174199984281,28.512632999908664],[-81.39173599999503,28.512641000075128],[-81.39165800017723,28.5126979997638],[-81.39166200037519,28.512942000077057],[-81.39166300020011,28.51307900017368],[-81.39137600014493,28.51327800003742],[-81.39119500039496,28.513281000377614],[-81.39119600021986,28.513402999930424],[-81.39079600018678,28.513405000154826],[-81.3906980002775,28.513405000154826],[-81.3906990001024,28.513535999773804],[-81.3906980002775,28.51354800031526],[-81.39066599959213,28.51361200028564],[-81.39064899987369,28.51362700035944],[-81.39062600030746,28.513641000321098],[-81.3906000003682,28.513649999731676],[-81.3905850002996,28.513653000061232],[-81.39057299970571,28.5136550002809],[-81.39055699981218,28.513656000390775],[-81.39054500011663,28.513656000390775],[-81.39054599994152,28.513756000274277],[-81.39053400024596,28.513770000218877],[-81.39054000009375,28.513897999851356],[-81.3903950003288,28.513997000188184],[-81.39023999961978,28.514103999698282],[-81.39008599963398,28.514211999993737],[-81.38992999999839,28.514213000098266],[-81.38993300037143,28.514529000295283],[-81.38986999972393,28.51455699997734],[-81.38977699983751,28.51455699997734],[-81.38972599978389,28.514655999695616],[-81.38979199990611,28.514655999695616],[-81.38990599970893,28.514655000384582],[-81.38998500024996,28.51465400028424],[-81.39009599967974,28.51457999993612],[-81.39023700014504,28.51448800007088],[-81.39028800019867,28.51445100023975],[-81.39158000035941,28.513527999675215],[-81.39263099959743,28.512816999637735],[-81.39283700036007,28.51267199982657]]]},"properties":{"block_id":"120950144001007","school_id":"sch_jones_high","kids_est":0,"class":"red","shortest":{"len_m":3362.8,"mean_c":37.44,"peak_c":38.2,"dose":207.1},"coolest":{"len_m":3382.4,"mean_c":36.73,"peak_c":38.2,"dose":174.8},"delta_mean_c":-0.71,"delta_dose_pct":-16,"distance_mi":1.473,"status_now":"walk","status_rec":"bus_eligible","reason":"Coolest route mean 36.7C exceeds threshold (110 C-min dose, actual 175).","safe_until_hour":"14:00"}},{"type":"Feature","geometry":{"type":"Polygon","coordinates":[[[-81.39926899977813,28.536978000084694],[-81.39926899977813,28.536790000345572],[-81.3992660003034,28.5367019996976],[-81.39926100028052,28.536518999720016],[-81.39884799982865,28.536514000255206],[-81.39765799977513,28.5365000001742],[-81.39760900026965,28.5365000001742],[-81.39725600009224,28.53650100006731],[-81.39717699955122,28.536511999680055],[-81.39720300038879,28.536950999932937],[-81.39721000006148,28.53717799970761],[-81.3972109998864,28.537224999895297],[-81.39721599990928,28.53740599966686],[-81.39748299987296,28.537416000089898],[-81.39795300022625,28.537414000321053],[-81.39825199997698,28.53741799985877],[-81.39845399964335,28.537421000301094],[-81.39906200008889,28.537430999933537],[-81.39926499958015,28.53743500025974],[-81.3992660003034,28.537294999800256],[-81.3992660003034,28.537251000090915],[-81.39926899977813,28.536978000084694]]]},"properties":{"block_id":"120950183003049","school_id":"sch_jones_high","kids_est":1,"class":"green","shortest":{"len_m":940.2,"mean_c":38.39,"peak_c":38.6,"dose":70.1},"coolest":{"len_m":940.8,"mean_c":38.37,"peak_c":38.6,"dose":69.9},"delta_mean_c":-0.02,"delta_dose_pct":0,"distance_mi":0.27,"status_now":"walk","status_rec":"walk","reason":"Shortest route already under threshold (dose 70).","safe_until_hour":null}},{"type":"Feature","geometry":{"type":"Polygon","coordinates":[[[-81.38029199956956,28.498862000086586],[-81.38031800040716,28.49647300008503],[-81.3796670003039,28.49647700038633],[-81.37928800018723,28.496479999625365],[-81.37929499985992,28.495492000361676],[-81.37930099970771,28.494759999813887],[-81.37921100019433,28.494663000162806],[-81.37898699988834,28.494663000162806],[-81.37878299967385,28.494663000162806],[-81.3787800001991,28.495044000176144],[-81.3787800001991,28.49510399996589],[-81.3787940004428,28.496430000191648],[-81.37879699991755,28.49660799970985],[-81.37878100002402,28.496747999723162],[-81.37875000006187,28.496867000220067],[-81.37873199962021,28.496971999989828],[-81.37872699959733,28.497162000209872],[-81.3787240001226,28.497326000315887],[-81.37872800032056,28.497780000271817],[-81.37872699959733,28.498026000078944],[-81.37872699959733,28.49805199967846],[-81.37873300034344,28.498349000023683],[-81.37872900014548,28.498396999618222],[-81.378709000054,28.49849200006721],[-81.37869200033555,28.498537999879943],[-81.3786460003048,28.498626000014944],[-81.3786169999925,28.498667000088716],[-81.37854800039551,28.49874200000908],[-81.37850900003745,28.498774999609783],[-81.3784420000903,28.498847000281724],[-81.37841500032613,28.498887000019778],[-81.37841000030325,28.49889599989954],[-81.37839299968651,28.498929000241553],[-81.37836300044759,28.49901800029917],[-81.37835300040186,28.499110000235437],[-81.37835599987659,28.499157000026063],[-81.3783779996179,28.499248999841154],[-81.37841000030325,28.49938200016148],[-81.37846300000669,28.49959799999805],[-81.37849999981663,28.499782999809906],[-81.37850499983949,28.499802999898176],[-81.37851300023542,28.49983100033115],[-81.37926100042304,28.499853000102224],[-81.37972099983227,28.49986700031302],[-81.37972000000735,28.499782999809906],[-81.37971400015958,28.498856000164906],[-81.38009999994895,28.49886000037587],[-81.38029199956956,28.498862000086586]]]},"properties":{"block_id":"120950144002021","school_id":"sch_jones_high","kids_est":2,"class":"red","shortest":{"len_m":6454.2,"mean_c":37.12,"peak_c":38.2,"dose":369.0},"coolest":{"len_m":6709.8,"mean_c":36.51,"peak_c":38.2,"dose":325.8},"delta_mean_c":-0.61,"delta_dose_pct":-12,"distance_mi":2.748,"status_now":"bus","status_rec":"bus_eligible","reason":"Coolest route mean 36.5C exceeds threshold (110 C-min dose, actual 326).","safe_until_hour":"11:00"}},{"type":"Feature","geometry":{"type":"Polygon","coordinates":[[[-81.38107900011525,28.512861000074473],[-81.38107099971933,28.51282200022645],[-81.38104700032821,28.512705999925405],[-81.38103899993227,28.512668000139243],[-81.38092799960421,28.512451000101134],[-81.38059700006642,28.51180099980347],[-81.38048699956323,28.511584999689745],[-81.38047900006563,28.511460000010246],[-81.38046399999702,28.51122599996572],[-81.38046700037006,28.511087000351342],[-81.3804690000199,28.51102299963816],[-81.38047900006563,28.511000999828067],[-81.38050500000492,28.51097699974296],[-81.38047800024073,28.510982999764742],[-81.38040000042291,28.511001999963042],[-81.38037399958533,28.511009000118317],[-81.38031800040716,28.511014000003446],[-81.38015000017766,28.51103099992676],[-81.38009499992607,28.511036999945482],[-81.38017699994185,28.511376000054035],[-81.38042299998914,28.512394999611384],[-81.38050599982981,28.512735000209975],[-81.38051199967761,28.512760000013376],[-81.38053000011926,28.512837999740807],[-81.38053699979197,28.512863999637172],[-81.38064499974699,28.512863000309153],[-81.38097000033531,28.512861000074473],[-81.38107900011525,28.512861000074473]]]},"properties":{"block_id":"120950144001000","school_id":"sch_jones_high","kids_est":0,"class":"red","shortest":{"len_m":4320.3,"mean_c":37.22,"peak_c":38.2,"dose":253.8},"coolest":{"len_m":4338.7,"mean_c":36.68,"peak_c":38.2,"dose":221.8},"delta_mean_c":-0.54,"delta_dose_pct":-13,"distance_mi":1.878,"status_now":"walk","status_rec":"bus_eligible","reason":"Coolest route mean 36.7C exceeds threshold (110 C-min dose, actual 222).","safe_until_hour":"12:00"}},{"type":"Feature","geometry":{"type":"Polygon","coordinates":[[[-81.3993299998775,28.54198899969675],[-81.39932800022767,28.54180700006468],[-81.39932800022767,28.541732999838175],[-81.39932700040276,28.541476000300754],[-81.39884100015595,28.541477000146628],[-81.39829200015996,28.541472999973898],[-81.3982949996347,28.541732999838175],[-81.3982960003579,28.541807999907412],[-81.39829899983266,28.5419920000089],[-81.39850499969698,28.54199100016791],[-81.39912300018825,28.54198899969675],[-81.3993299998775,28.54198899969675]]]},"properties":{"block_id":"120950183003034","school_id":"sch_jones_high","kids_est":0,"class":"green","shortest":{"len_m":1309.7,"mean_c":38.35,"peak_c":38.6,"dose":97.6},"coolest":{"len_m":1334.7,"mean_c":38.25,"peak_c":38.4,"dose":97.1},"delta_mean_c":-0.1,"delta_dose_pct":-1,"distance_mi":0.581,"status_now":"walk","status_rec":"walk","reason":"Shortest route already under threshold (dose 98).","safe_until_hour":null}},{"type":"Feature","geometry":{"type":"Polygon","coordinates":[[[-81.3847499996598,28.527875000100238],[-81.3847429999871,28.52747599986802],[-81.3847289997434,28.52654899971688],[-81.38471799987275,28.52563800003525],[-81.384715000398,28.525446999803652],[-81.384707999827,28.52487500019289],[-81.38470600017719,28.524685000162584],[-81.38470299980413,28.5245089998871],[-81.38469500030654,28.52398099966553],[-81.38469299975839,28.523804999793263],[-81.38469199993348,28.523617000233028],[-81.38469000028365,28.523053000329906],[-81.38469000028365,28.522866000240352],[-81.38468899956044,28.522688000036943],[-81.3846860000857,28.522157000078863],[-81.38468500026079,28.521980000287826],[-81.38468500026079,28.52161700029513],[-81.38468699991061,28.520989999803557],[-81.38468299971265,28.520831999637863],[-81.3839539997916,28.520860000014196],[-81.3839680000353,28.521778000172183],[-81.3839189996315,28.522038999725012],[-81.38367500013234,28.522429999802725],[-81.38362200042889,28.52262099997561],[-81.38365000001798,28.52334699969025],[-81.38397100040835,28.523343999636513],[-81.38397499970799,28.523805999806868],[-81.38389400041547,28.523828000102736],[-81.38361200038315,28.523795999670828],[-81.38360499981212,28.524036000305305],[-81.38390600011101,28.52403100024833],[-81.38390899958574,28.52514099997573],[-81.38407900036337,28.525134999970224],[-81.38409199988385,28.525581000237892],[-81.3840950002569,28.526234000016604],[-81.38323800028932,28.526247999882962],[-81.38323099971834,28.52703099970867],[-81.38354100023804,28.527029999725713],[-81.38354100023804,28.527163999726092],[-81.38314000038004,28.527168999634473],[-81.38314500040292,28.527897000336093],[-81.38352299979637,28.52789199967303],[-81.38410100010469,28.527886999798948],[-81.3847499996598,28.527875000100238]]]},"properties":{"block_id":"120950185003023","school_id":"sch_jones_high","kids_est":0,"class":"red","shortest":{"len_m":2637.3,"mean_c":36.82,"peak_c":38.2,"dose":140.4},"coolest":{"len_m":2637.3,"mean_c":36.82,"peak_c":38.2,"dose":140.4},"delta_mean_c":0.0,"delta_dose_pct":0,"distance_mi":1.125,"status_now":"walk","status_rec":"bus_eligible","reason":"Coolest route mean 36.8C exceeds threshold (110 C-min dose, actual 140).","safe_until_hour":"14:00"}},{"type":"Feature","geometry":{"type":"Polygon","coordinates":[[[-81.401217000065,28.516295999940592],[-81.40120700001926,28.515562999972143],[-81.40120600019434,28.515422000362044],[-81.40120700001926,28.515408999940647],[-81.40056000011397,28.515430000316965],[-81.40000899956983,28.51544299994648],[-81.39989399994211,28.51544299994648],[-81.39915400015039,28.515447999621383],[-81.39912700038622,28.51545199999258],[-81.39914199955652,28.516360999906116],[-81.3998920002923,28.516341999883906],[-81.401217000065,28.516295999940592]]]},"properties":{"block_id":"120950116001026","school_id":"sch_jones_high","kids_est":0,"class":"red","shortest":{"len_m":2202.1,"mean_c":37.85,"peak_c":38.2,"dose":148.0},"coolest":{"len_m":2202.1,"mean_c":37.85,"peak_c":38.2,"dose":148.0},"delta_mean_c":0.0,"delta_dose_pct":0,"distance_mi":1.199,"status_now":"walk","status_rec":"bus_eligible","reason":"Coolest route mean 37.9C exceeds threshold (110 C-min dose, actual 148).","safe_until_hour":"14:00"}},{"type":"Feature","geometry":{"type":"Polygon","coordinates":[[[-81.40120299982131,28.514514999662147],[-81.40120199999637,28.5144340000783],[-81.40119899962335,28.514193000373698],[-81.40119899962335,28.514112999858718],[-81.40119899962335,28.514011000100723],[-81.40119899962335,28.513706999664347],[-81.40120000034656,28.513605999624037],[-81.40080500033635,28.51361599993717],[-81.39946700014485,28.513635999771147],[-81.39911700034048,28.513636999881147],[-81.3991180001654,28.514539999832976],[-81.39921199987673,28.514537000318],[-81.39953400009199,28.514536000216474],[-81.40010800020235,28.51453500011501],[-81.40078600006979,28.51452200037364],[-81.40120299982131,28.514514999662147]]]},"properties":{"block_id":"120950116001031","school_id":"sch_jones_high","kids_est":2,"class":"red","shortest":{"len_m":2318.6,"mean_c":37.81,"peak_c":38.2,"dose":154.9},"coolest":{"len_m":2318.6,"mean_c":37.81,"peak_c":38.2,"dose":154.9},"delta_mean_c":0.0,"delta_dose_pct":0,"distance_mi":1.323,"status_now":"walk","status_rec":"bus_eligible","reason":"Coolest route mean 37.8C exceeds threshold (110 C-min dose, actual 155).","safe_until_hour":"14:00"}},{"type":"Feature","geometry":{"type":"Polygon","coordinates":[[[-81.39912700038622,28.51545199999258],[-81.39912700038622,28.51506400037624],[-81.3991180001654,28.514539999832976],[-81.398696000391,28.514552000260185],[-81.39864899963702,28.514553999673495],[-81.39743299964425,28.514573000017847],[-81.39701199969475,28.51457999993612],[-81.39701800044085,28.514948000173064],[-81.39702000009068,28.5154790001264],[-81.39770600035405,28.515485999984538],[-81.39849300000141,28.515463000223356],[-81.39883699995798,28.515462000130658],[-81.39912700038622,28.51545199999258]]]},"properties":{"block_id":"120950116001029","school_id":"sch_jones_high","kids_est":0,"class":"red","shortest":{"len_m":2417.9,"mean_c":37.75,"peak_c":38.2,"dose":159.5},"coolest":{"len_m":2629.2,"mean_c":37.19,"peak_c":38.2,"dose":153.0},"delta_mean_c":-0.56,"delta_dose_pct":-4,"distance_mi":1.263,"status_now":"walk","status_rec":"bus_eligible","reason":"Coolest route mean 37.2C exceeds threshold (110 C-min dose, actual 153).","safe_until_hour":"14:00"}},{"type":"Feature","geometry":{"type":"Polygon","coordinates":[[[-81.39914199955652,28.516360999906116],[-81.39912700038622,28.51545199999258],[-81.39883699995798,28.515462000130658],[-81.39849300000141,28.515463000223356],[-81.39770600035405,28.515485999984538],[-81.39702000009068,28.5154790001264],[-81.39702500011356,28.516385999639393],[-81.39914199955652,28.516360999906116]]]},"properties":{"block_id":"120950116001025","school_id":"sch_jones_high","kids_est":0,"class":"red","shortest":{"len_m":2379.9,"mean_c":37.76,"peak_c":38.2,"dose":157.3},"coolest":{"len_m":2591.2,"mean_c":37.19,"peak_c":38.2,"dose":150.8},"delta_mean_c":-0.57,"delta_dose_pct":-4,"distance_mi":1.201,"status_now":"walk","status_rec":"bus_eligible","reason":"Coolest route mean 37.2C exceeds threshold (110 C-min dose, actual 151).","safe_until_hour":"14:00"}},{"type":"Feature","geometry":{"type":"Polygon","coordinates":[[[-81.39081700010317,28.510227999999305],[-81.39081799992809,28.510109999715986],[-81.39078199994309,28.510091000146343],[-81.39075600000382,28.510064000211944],[-81.39052000000227,28.51007400007152],[-81.39034299955195,28.510075000215295],[-81.38966100038486,28.510081999642747],[-81.38919799970428,28.510091000146343],[-81.38910599964277,28.51009000000273],[-81.38888499970983,28.51009000000273],[-81.38883600020435,28.510086000217477],[-81.38870300013495,28.510036000126508],[-81.38865899975401,28.510124000144476],[-81.3886289996168,28.510208000308413],[-81.38862399959392,28.510227999999305],[-81.38860900042361,28.51029399989948],[-81.3886000002028,28.510381000350737],[-81.38861199989836,28.51049800019113],[-81.38863100016493,28.510573999734536],[-81.38871599965543,28.510834000043506],[-81.38878099995276,28.511032000061466],[-81.38887200018935,28.51100799998341],[-81.3889800001444,28.511000999828067],[-81.38917299958992,28.511000999828067],[-81.38972499995896,28.511000999828067],[-81.3902470001908,28.510995999942345],[-81.39036199981851,28.51099300032652],[-81.39070199957715,28.510986000170185],[-81.39073199971435,28.51099100005638],[-81.390754000354,28.511005000367938],[-81.39078199994309,28.510952999652336],[-81.39079100016392,28.510915000024056],[-81.39080100020966,28.510817000088426],[-81.39080799988234,28.51075900003535],[-81.39081499955505,28.510493000281567],[-81.39081700010317,28.510227999999305]]]},"properties":{"block_id":"120950144001018","school_id":"sch_jones_high","kids_est":0,"class":"red","shortest":{"len_m":3871.1,"mean_c":37.36,"peak_c":38.2,"dose":234.5},"coolest":{"len_m":3890.7,"mean_c":36.76,"peak_c":38.2,"dose":202.2},"delta_mean_c":-0.6,"delta_dose_pct":-14,"distance_mi":1.685,"status_now":"walk","status_rec":"bus_eligible","reason":"Coolest route mean 36.8C exceeds threshold (110 C-min dose, actual 202).","safe_until_hour":"12:00"}},{"type":"Feature","geometry":{"type":"Polygon","coordinates":[[[-81.39490399957432,28.513698000258692],[-81.39490100009958,28.51351200026554],[-81.39489500025181,28.51295399989673],[-81.39489299970367,28.512768000170222],[-81.39465900025026,28.512768000170222],[-81.39463900015878,28.512768000170222],[-81.39387900027559,28.512782000245963],[-81.39361499978662,28.512783000364053],[-81.39351699987732,28.512783000364053],[-81.39343400003665,28.512863999637172],[-81.39324900008872,28.512979999764497],[-81.39324900008872,28.51300199995113],[-81.39323099964705,28.51301299964808],[-81.39322700034741,28.513281999701608],[-81.39297399972911,28.513281000377614],[-81.39284999988055,28.51327800003742],[-81.39285200042869,28.51352000036534],[-81.39285400007851,28.5136550002809],[-81.39285400007851,28.513671999778555],[-81.39285499990343,28.513726000161288],[-81.39326400015734,28.51372399994298],[-81.39377999964306,28.51372199972463],[-81.3944940003938,28.51370600034437],[-81.39490399957432,28.513698000258692]]]},"properties":{"block_id":"120950185002028","school_id":"sch_jones_high","kids_est":0,"class":"red","shortest":{"len_m":2967.4,"mean_c":37.52,"peak_c":38.2,"dose":186.4},"coolest":{"len_m":2979.7,"mean_c":37.05,"peak_c":38.2,"dose":167.6},"delta_mean_c":-0.47,"delta_dose_pct":-10,"distance_mi":1.424,"status_now":"walk","status_rec":"bus_eligible","reason":"Coolest route mean 37.0C exceeds threshold (110 C-min dose, actual 168).","safe_until_hour":"14:00"}},{"type":"Feature","geometry":{"type":"Polygon","coordinates":[[[-81.37965999973291,28.52016100026262],[-81.37963799999159,28.51986299970706],[-81.37963100031891,28.5193059998484],[-81.37636199955897,28.519329000350037],[-81.37636199955897,28.519511000127267],[-81.37636499993201,28.520056999941914],[-81.37636599975693,28.520068999741305],[-81.37637099977978,28.5202390000411],[-81.37658400021512,28.520234999851514],[-81.37722500027262,28.520225000166068],[-81.37743899963455,28.520223000071027],[-81.3781459998143,28.520196000362628],[-81.37850700038763,28.52018599988417],[-81.37913800039941,28.520167999809964],[-81.37957699989222,28.520162000310737],[-81.37965999973291,28.52016100026262]]]},"properties":{"block_id":"120950185003036","school_id":"sch_jones_high","kids_est":0,"class":"red","shortest":{"len_m":3816.1,"mean_c":36.6,"peak_c":38.2,"dose":191.7},"coolest":{"len_m":3816.1,"mean_c":36.6,"peak_c":38.2,"dose":191.7},"delta_mean_c":0.0,"delta_dose_pct":0,"distance_mi":1.628,"status_now":"walk","status_rec":"bus_eligible","reason":"Coolest route mean 36.6C exceeds threshold (110 C-min dose, actual 192).","safe_until_hour":"14:00"}},{"type":"Feature","geometry":{"type":"Polygon","coordinates":[[[-81.39501099970444,28.524630999867128],[-81.39500999987952,28.524540000095996],[-81.39500900005463,28.524457000305585],[-81.39500400003175,28.523875999943005],[-81.39500300020686,28.52367100025856],[-81.39488900040402,28.52367100025856],[-81.39347500004453,28.523691999778684],[-81.39303900002645,28.52370599998264],[-81.39294000029224,28.523709000026148],[-81.39294199994205,28.523918999699255],[-81.39295000033798,28.524653999996385],[-81.39303599965339,28.52465199998531],[-81.39501099970444,28.524630999867128]]]},"properties":{"block_id":"120950185001037","school_id":"sch_jones_high","kids_est":0,"class":"green","shortest":{"len_m":1959.4,"mean_c":37.01,"peak_c":38.2,"dose":108.8},"coolest":{"len_m":1963.5,"mean_c":36.98,"peak_c":38.2,"dose":108.3},"delta_mean_c":-0.03,"delta_dose_pct":0,"distance_mi":0.727,"status_now":"walk","status_rec":"walk","reason":"Shortest route already under threshold (dose 109).","safe_until_hour":null}},{"type":"Feature","geometry":{"type":"Polygon","coordinates":[[[-81.38124200032189,28.518374000147503],[-81.38123599957578,28.518317000369358],[-81.38122600042834,28.518210999675247],[-81.38119399974298,28.517893000110934],[-81.38118200004742,28.5177639997313],[-81.38116899962863,28.517633999911073],[-81.38116600015391,28.51760500018436],[-81.38105900002378,28.516533000034606],[-81.3810120001681,28.516534000117126],[-81.38075600007507,28.516539999822783],[-81.380392000027,28.516548999775324],[-81.37984800005387,28.516549999857705],[-81.37954599993009,28.516550999940062],[-81.37956199982361,28.51748400004077],[-81.3795609999987,28.51776900008546],[-81.37957100004444,28.51832800030121],[-81.37955900034888,28.518356999829138],[-81.37955099995295,28.518370999952193],[-81.38037299976043,28.518373000082374],[-81.3811949995679,28.51837500021257],[-81.38124200032189,28.518374000147503]]]},"properties":{"block_id":"120950185003034","school_id":"sch_jones_high","kids_est":1,"class":"red","shortest":{"len_m":3932.3,"mean_c":36.53,"peak_c":38.2,"dose":192.9},"coolest":{"len_m":3963.6,"mean_c":36.37,"peak_c":38.2,"dose":185.5},"delta_mean_c":-0.16,"delta_dose_pct":-4,"distance_mi":1.614,"status_now":"walk","status_rec":"bus_eligible","reason":"Coolest route mean 36.4C exceeds threshold (110 C-min dose, actual 186).","safe_until_hour":"14:00"}},{"type":"Feature","geometry":{"type":"Polygon","coordinates":[[[-81.39001799986194,28.538280999945982],[-81.3900160002121,28.537924000128864],[-81.39001399966398,28.537170999711424],[-81.39000399961822,28.53685500030172],[-81.39000399961822,28.53684000037615],[-81.39000000031858,28.536517999827094],[-81.38999100009777,28.5365019999604],[-81.38947700026185,28.53650800010795],[-81.3894809995615,28.53667199980068],[-81.38948499975946,28.536836999917274],[-81.38949800017825,28.537457999962346],[-81.38950700039906,28.53828000006973],[-81.38958400039198,28.53828000006973],[-81.38981500037066,28.53828000006973],[-81.38989300018845,28.538280999945982],[-81.38991800030281,28.538280999945982],[-81.38999299974758,28.538280999945982],[-81.39001799986194,28.538280999945982]]]},"properties":{"block_id":"120950105001028","school_id":"sch_jones_high","kids_est":4,"class":"red","shortest":{"len_m":1678.3,"mean_c":38.39,"peak_c":38.6,"dose":125.3},"coolest":{"len_m":1684.0,"mean_c":38.3,"peak_c":38.5,"dose":123.8},"delta_mean_c":-0.09,"delta_dose_pct":-1,"distance_mi":0.68,"status_now":"walk","status_rec":"bus_eligible","reason":"Coolest route mean 38.3C exceeds threshold (110 C-min dose, actual 124).","safe_until_hour":"14:00"}},{"type":"Feature","geometry":{"type":"Polygon","coordinates":[[[-81.39310000012581,28.535593999993768],[-81.39309599992785,28.535254999622094],[-81.3929369999192,28.535261999745515],[-81.39146900003134,28.535282000208444],[-81.39103300001324,28.53528599982707],[-81.39066499976721,28.53528900033012],[-81.3898670002492,28.535298000260386],[-81.38895500003002,28.53528799963631],[-81.38895699967985,28.535393999731788],[-81.38896300042596,28.53558200038331],[-81.38896900027373,28.535608000195165],[-81.3895790003691,28.535599000291384],[-81.38998199987692,28.535609999998346],[-81.39101700011973,28.53560700029359],[-81.39168999996429,28.535594999895466],[-81.39205300018743,28.535594999895466],[-81.39226200042481,28.535593999993768],[-81.39289000006353,28.535593999993768],[-81.39310000012581,28.535593999993768]]]},"properties":{"block_id":"120950105001053","school_id":"sch_jones_high","kids_est":0,"class":"green","shortest":{"len_m":1360.1,"mean_c":38.4,"peak_c":38.6,"dose":101.9},"coolest":{"len_m":1361.9,"mean_c":38.34,"peak_c":38.5,"dose":100.9},"delta_mean_c":-0.06,"delta_dose_pct":-1,"distance_mi":0.56,"status_now":"walk","status_rec":"walk","reason":"Shortest route already under threshold (dose 102).","safe_until_hour":null}},{"type":"Feature","geometry":{"type":"Polygon","coordinates":[[[-81.39132099989334,28.534022999849697],[-81.3913180004186,28.53379600038088],[-81.39131099984758,28.533118000394612],[-81.39130900019777,28.53289199969289],[-81.39118100015124,28.53289199969289],[-81.39087800020255,28.532895000264105],[-81.39080000038474,28.5328960001914],[-81.39067300016313,28.53289700011871],[-81.39066999979009,28.53296900038447],[-81.39066200029248,28.533188999795627],[-81.39065999974434,28.53326199978571],[-81.39065600044471,28.533413000015614],[-81.39065100042183,28.533675999800046],[-81.39065200024675,28.533868000032413],[-81.39065399989657,28.534020000099755],[-81.39078699996595,28.534020000099755],[-81.39118699999905,28.534021999933074],[-81.39132099989334,28.534022999849697]]]},"properties":{"block_id":"120950104001015","school_id":"sch_jones_high","kids_est":1,"class":"green","shortest":{"len_m":1307.7,"mean_c":38.3,"peak_c":38.4,"dose":96.1},"coolest":{"len_m":1307.7,"mean_c":38.3,"peak_c":38.4,"dose":96.1},"delta_mean_c":0.0,"delta_dose_pct":0,"distance_mi":0.545,"status_now":"walk","status_rec":"walk","reason":"Shortest route already under threshold (dose 96).","safe_until_hour":null}},{"type":"Feature","geometry":{"type":"Polygon","coordinates":[[[-81.37627200004557,28.504108999946613],[-81.37627399969539,28.503915999786745],[-81.37534200028308,28.503902000113193],[-81.37438300020825,28.50389299987094],[-81.37429699999454,28.503895000275705],[-81.37420800030607,28.503891000255575],[-81.37421900017672,28.504784999796392],[-81.37369600011999,28.504785999990307],[-81.37344699969965,28.504780999810013],[-81.37319300015474,28.504780999810013],[-81.37319200032985,28.50480800030714],[-81.37261999986931,28.504816000277682],[-81.37219300007206,28.504821999860493],[-81.37219700027002,28.505228999709306],[-81.37232000029366,28.50522499973975],[-81.37339499982112,28.50522499973975],[-81.37353000043863,28.50522400033943],[-81.37353600028642,28.50567599988902],[-81.37504500018215,28.505661000263363],[-81.37504600000706,28.505592000063338],[-81.3750479996569,28.505488000374456],[-81.3750490003801,28.505204999889777],[-81.37613099958027,28.505194000168046],[-81.37625500032715,28.505203000299286],[-81.37625699997697,28.505078000161927],[-81.37626100017494,28.504738000144272],[-81.37626299982476,28.504666999739932],[-81.37626399964965,28.504609000252525],[-81.3762650003729,28.50455099994383],[-81.3762660001978,28.504476999612532],[-81.37626899967253,28.504253999687183],[-81.37627100022067,28.5041810001367],[-81.37627200004557,28.504108999946613]]]},"properties":{"block_id":"120950139001020","school_id":"sch_jones_high","kids_est":21,"class":"red","shortest":{"len_m":5569.9,"mean_c":37.16,"peak_c":38.2,"dose":321.7},"coolest":{"len_m":5817.1,"mean_c":36.44,"peak_c":38.2,"dose":278.1},"delta_mean_c":-0.72,"delta_dose_pct":-14,"distance_mi":2.491,"status_now":"bus","status_rec":"bus_eligible","reason":"Coolest route mean 36.4C exceeds threshold (110 C-min dose, actual 278).","safe_until_hour":"11:00"}},{"type":"Feature","geometry":{"type":"Polygon","coordinates":[[[-81.37635599971117,28.514756000209644],[-81.37635200041152,28.514577999733994],[-81.37634099964257,28.514044999767894],[-81.37633800016782,28.513867999778757],[-81.37633499979476,28.51367600021718],[-81.37633300014495,28.513508999931965],[-81.37631999972616,28.513102999780543],[-81.37631499970328,28.512911999732523],[-81.37610999966388,28.51291700031681],[-81.37603900041708,28.51291999987784],[-81.37549799991868,28.512923000228223],[-81.37529399970418,28.51292499967236],[-81.37530299992501,28.513322000281885],[-81.3753020001001,28.51389699974377],[-81.37531399979567,28.514636000055003],[-81.37531100032093,28.514762000016457],[-81.37618599983185,28.51475299991146],[-81.37635599971117,28.514756000209644]]]},"properties":{"block_id":"120950113003034","school_id":"sch_jones_high","kids_est":10,"class":"red","shortest":{"len_m":4662.4,"mean_c":36.53,"peak_c":38.2,"dose":229.3},"coolest":{"len_m":4722.9,"mean_c":36.34,"peak_c":38.2,"dose":218.7},"delta_mean_c":-0.19,"delta_dose_pct":-5,"distance_mi":1.986,"status_now":"walk","status_rec":"bus_eligible","reason":"Coolest route mean 36.3C exceeds threshold (110 C-min dose, actual 219).","safe_until_hour":"12:00"}},{"type":"Feature","geometry":{"type":"Polygon","coordinates":[[[-81.39507900037482,28.526491999622916],[-81.39507799965159,28.52646099998811],[-81.39507799965159,28.526371000207366],[-81.39507799965159,28.526340999737275],[-81.39507600000178,28.52618099971644],[-81.39507199980382,28.52570099977543],[-81.3950709999789,28.52554200035882],[-81.39466300044822,28.52554500035001],[-81.39344200043257,28.52555500032013],[-81.39303499982849,28.52555900030787],[-81.39296000038372,28.525550000335183],[-81.39296600023151,28.526512000171692],[-81.3933880000059,28.526508000220122],[-81.3946559998772,28.526495000376336],[-81.39507900037482,28.526491999622916]]]},"properties":{"block_id":"120950185001028","school_id":"sch_jones_high","kids_est":1,"class":"green","shortest":{"len_m":1657.5,"mean_c":37.18,"peak_c":38.2,"dose":96.0},"coolest":{"len_m":1661.6,"mean_c":37.15,"peak_c":38.2,"dose":95.5},"delta_mean_c":-0.03,"delta_dose_pct":-1,"distance_mi":0.618,"status_now":"walk","status_rec":"walk","reason":"Shortest route already under threshold (dose 96).","safe_until_hour":null}},{"type":"Feature","geometry":{"type":"Polygon","coordinates":[[[-81.39911700034048,28.513636999881147],[-81.3991059995715,28.512701000120504],[-81.39887700014096,28.51269699964491],[-81.39779300039267,28.512712999967594],[-81.39727899965847,28.512724999813333],[-81.39706899959617,28.512723999694682],[-81.3970219997405,28.512723999694682],[-81.39699400015141,28.513106000125667],[-81.39699999999921,28.513667000019442],[-81.39911700034048,28.513636999881147]]]},"properties":{"block_id":"120950116001033","school_id":"sch_jones_high","kids_est":0,"class":"red","shortest":{"len_m":2623.7,"mean_c":37.69,"peak_c":38.2,"dose":170.9},"coolest":{"len_m":2627.9,"mean_c":37.61,"peak_c":38.2,"dose":168.7},"delta_mean_c":-0.08,"delta_dose_pct":-1,"distance_mi":1.389,"status_now":"walk","status_rec":"bus_eligible","reason":"Coolest route mean 37.6C exceeds threshold (110 C-min dose, actual 169).","safe_until_hour":"14:00"}},{"type":"Feature","geometry":{"type":"Polygon","coordinates":[[[-81.39492200001598,28.515518999873347],[-81.39492000036616,28.51533700031007],[-81.39491500034329,28.51479199983474],[-81.39491399962007,28.51461099990693],[-81.39450199989143,28.51461799982269],[-81.39387199970457,28.51463100034159],[-81.39326599980717,28.514636000055003],[-81.39285499990343,28.51463999966769],[-81.39285300025361,28.514821000335075],[-81.39285300025361,28.514893000317944],[-81.39286199957611,28.515365999871193],[-81.39286599977407,28.51554800017377],[-81.39327699967781,28.51554299971425],[-81.39389299962096,28.515536999951877],[-81.39451000028734,28.515525999728826],[-81.39492200001598,28.515518999873347]]]},"properties":{"block_id":"120950185002023","school_id":"sch_jones_high","kids_est":4,"class":"red","shortest":{"len_m":2902.3,"mean_c":37.54,"peak_c":38.2,"dose":182.9},"coolest":{"len_m":2914.6,"mean_c":37.05,"peak_c":38.2,"dose":164.1},"delta_mean_c":-0.49,"delta_dose_pct":-10,"distance_mi":1.307,"status_now":"walk","status_rec":"bus_eligible","reason":"Coolest route mean 37.0C exceeds threshold (110 C-min dose, actual 164).","safe_until_hour":"14:00"}},{"type":"Feature","geometry":{"type":"Polygon","coordinates":[[[-81.40122600028585,28.517239999974908],[-81.40122299991278,28.517020999716404],[-81.401217000065,28.51633800033582],[-81.401217000065,28.516295999940592],[-81.3998920002923,28.516341999883906],[-81.39914199955652,28.516360999906116],[-81.39914199955652,28.517263000137817],[-81.39955800038145,28.51725599960829],[-81.40009499978356,28.517247999791905],[-81.400808999636,28.517242000126526],[-81.40122600028585,28.517239999974908]]]},"properties":{"block_id":"120950116001027","school_id":"sch_jones_high","kids_est":2,"class":"red","shortest":{"len_m":1917.5,"mean_c":37.89,"peak_c":38.2,"dose":130.2},"coolest":{"len_m":1917.5,"mean_c":37.89,"peak_c":38.2,"dose":130.2},"delta_mean_c":0.0,"delta_dose_pct":0,"distance_mi":1.136,"status_now":"walk","status_rec":"bus_eligible","reason":"Coolest route mean 37.9C exceeds threshold (110 C-min dose, actual 130).","safe_until_hour":"14:00"}},{"type":"Feature","geometry":{"type":"Polygon","coordinates":[[[-81.39491399962007,28.51461099990693],[-81.39491100014534,28.514428000252824],[-81.39490500029756,28.513880000282377],[-81.39490399957432,28.513698000258692],[-81.3944940003938,28.51370600034437],[-81.39377999964306,28.51372199972463],[-81.39326400015734,28.51372399994298],[-81.39285499990343,28.513726000161288],[-81.39285499990343,28.513908000136727],[-81.39285499990343,28.514457000063913],[-81.39285499990343,28.51463999966769],[-81.39326599980717,28.514636000055003],[-81.39387199970457,28.51463100034159],[-81.39450199989143,28.51461799982269],[-81.39491399962007,28.51461099990693]]]},"properties":{"block_id":"120950185002024","school_id":"sch_jones_high","kids_est":0,"class":"red","shortest":{"len_m":2964.2,"mean_c":37.52,"peak_c":38.2,"dose":186.2},"coolest":{"len_m":3165.4,"mean_c":36.73,"peak_c":38.2,"dose":163.3},"delta_mean_c":-0.79,"delta_dose_pct":-12,"distance_mi":1.367,"status_now":"walk","status_rec":"bus_eligible","reason":"Coolest route mean 36.7C exceeds threshold (110 C-min dose, actual 163).","safe_until_hour":"14:00"}},{"type":"Feature","geometry":{"type":"Polygon","coordinates":[[[-81.39689200004416,28.511873999606692],[-81.39688700002131,28.511651000319628],[-81.39688700002131,28.511462000271557],[-81.39688700002131,28.511376000054035],[-81.39685000021137,28.511388000051866],[-81.39632399978159,28.51154600015928],[-81.3957970004252,28.511694000325015],[-81.39529399956166,28.511824999701076],[-81.39497300006961,28.511909000089155],[-81.39466500009803,28.512005000337897],[-81.39436200014933,28.51211200029023],[-81.3940630003986,28.51222999991263],[-81.3939160000855,28.512291999647886],[-81.39343900005953,28.512530000177588],[-81.39308199968414,28.512728000169197],[-81.39284400003277,28.51291600019998],[-81.39284700040581,28.513031000154328],[-81.39284700040581,28.5130940003233],[-81.39284999988055,28.51327800003742],[-81.39297399972911,28.513281000377614],[-81.39322700034741,28.513281999701608],[-81.39323099964705,28.51301299964808],[-81.39324900008872,28.51300199995113],[-81.39324900008872,28.512979999764497],[-81.39343400003665,28.512863999637172],[-81.39351699987732,28.512783000364053],[-81.39362999985522,28.512672999945718],[-81.39370000017544,28.51263199978915],[-81.39375600025193,28.51259500009626],[-81.39384199956733,28.512550000217566],[-81.3940220003907,28.51246899991392],[-81.39445900023372,28.512287999946206],[-81.39464599983147,28.512225000085163],[-81.3948030001903,28.51214400032131],[-81.39499200033619,28.512110000041314],[-81.39508799969732,28.512093000291898],[-81.39515899984244,28.51208000024946],[-81.39519300017764,28.51207300016525],[-81.39525000007905,28.512062999705883],[-81.39527600001831,28.51205799987049],[-81.39530399960739,28.512053000034868],[-81.39561499995203,28.51199700012319],[-81.39592700012156,28.511940000055677],[-81.39623799956787,28.51188400008399],[-81.39682799957176,28.511873000269365],[-81.39683000011989,28.511897000150583],[-81.39686199990695,28.51188899992762],[-81.39689200004416,28.511873999606692]]]},"properties":{"block_id":"120950185002027","school_id":"sch_jones_high","kids_est":0,"class":"red","shortest":{"len_m":2808.2,"mean_c":37.58,"peak_c":38.2,"dose":178.5},"coolest":{"len_m":2835.3,"mean_c":37.16,"peak_c":38.2,"dose":163.7},"delta_mean_c":-0.42,"delta_dose_pct":-8,"distance_mi":1.496,"status_now":"walk","status_rec":"bus_eligible","reason":"Coolest route mean 37.2C exceeds threshold (110 C-min dose, actual 164).","safe_until_hour":"14:00"}},{"type":"Feature","geometry":{"type":"Polygon","coordinates":[[[-81.39285499990343,28.513908000136727],[-81.39285499990343,28.513726000161288],[-81.39285400007851,28.513671999778555],[-81.39285400007851,28.5136550002809],[-81.39272799968181,28.5136550002809],[-81.39272400038217,28.513425000028818],[-81.3925989998104,28.51342600014088],[-81.39260100035852,28.513632000120445],[-81.39225400002888,28.513634999661146],[-81.39213799967793,28.513742000327884],[-81.39207300027891,28.51380099963841],[-81.39198000039251,28.513867999778757],[-81.39182600040671,28.51397799974006],[-81.39182700023163,28.514175000065777],[-81.39154699984915,28.514177000275534],[-81.39148499992487,28.514177000275534],[-81.39120700009052,28.514372000023503],[-81.39120799991544,28.51450899984129],[-81.3912120001134,28.514649999882774],[-81.39135600005343,28.514649999882774],[-81.39146800020643,28.514649999882774],[-81.39247999998469,28.514641999868633],[-81.39285499990343,28.51463999966769],[-81.39285499990343,28.514457000063913],[-81.39285499990343,28.513908000136727]]]},"properties":{"block_id":"120950185002025","school_id":"sch_jones_high","kids_est":0,"class":"red","shortest":{"len_m":3117.4,"mean_c":37.47,"peak_c":38.2,"dose":193.5},"coolest":{"len_m":3135.8,"mean_c":36.72,"peak_c":38.2,"dose":161.5},"delta_mean_c":-0.75,"delta_dose_pct":-17,"distance_mi":1.395,"status_now":"walk","status_rec":"bus_eligible","reason":"Coolest route mean 36.7C exceeds threshold (110 C-min dose, actual 162).","safe_until_hour":"14:00"}},{"type":"Feature","geometry":{"type":"Polygon","coordinates":[[[-81.40113500004924,28.50926499984385],[-81.40113599987416,28.509251000090746],[-81.40104700018568,28.50925499990765],[-81.40094599990334,28.509253999756048],[-81.40094300042863,28.509113999758267],[-81.40094500007844,28.509065000149306],[-81.40094500007844,28.50898200001868],[-81.40065499965021,28.50898699999987],[-81.39950800015274,28.509008000076122],[-81.39920400037911,28.509014000209906],[-81.39864100013942,28.50910999993601],[-81.3974850004211,28.509133999656544],[-81.39747700002519,28.508228000301234],[-81.39747600020027,28.508184999672256],[-81.39747399965214,28.508139000118206],[-81.39730200012299,28.50814199981516],[-81.39705500025079,28.508146999836146],[-81.39694599957252,28.508149000160266],[-81.39694599957252,28.508215999943896],[-81.39694599957252,28.508318999940627],[-81.3969509995954,28.508807999894305],[-81.39695300014353,28.508979999710373],[-81.39700300037225,28.509137000114606],[-81.39703599998423,28.510065999710328],[-81.39735099962849,28.509951999825585],[-81.39757199956142,28.50987300018638],[-81.39798800038635,28.50973999967085],[-81.39831700027432,28.509648000320066],[-81.39865000036025,28.509567000156025],[-81.3989859999209,28.50949699999334],[-81.39913599970875,28.509457999690852],[-81.39950099958172,28.509406999941508],[-81.40009899998152,28.50935000005316],[-81.40029300015027,28.50934500008917],[-81.40113500004924,28.509321999778187],[-81.40113500004924,28.509306999881545],[-81.40113500004924,28.50926499984385]]]},"properties":{"block_id":"120950145021000","school_id":"sch_jones_high","kids_est":0,"class":"red","shortest":{"len_m":3270.6,"mean_c":37.52,"peak_c":38.2,"dose":205.4},"coolest":{"len_m":3390.8,"mean_c":37.1,"peak_c":38.2,"dose":193.4},"delta_mean_c":-0.42,"delta_dose_pct":-6,"distance_mi":1.66,"status_now":"walk","status_rec":"bus_eligible","reason":"Coolest route mean 37.1C exceeds threshold (110 C-min dose, actual 193).","safe_until_hour":"12:00"}},{"type":"Feature","geometry":{"type":"Polygon","coordinates":[[[-81.39694599957252,28.508149000160266],[-81.39694599957252,28.508111000311192],[-81.3969449997476,28.50800400024717],[-81.3969449997476,28.507846000359976],[-81.39694100044797,28.507684999736817],[-81.39693999972475,28.507579000197577],[-81.39693899989983,28.507529999875587],[-81.39693600042511,28.507383999731797],[-81.39693600042511,28.507336000278382],[-81.39693399987695,28.50725100002509],[-81.39654499971454,28.507262000321766],[-81.39556399989839,28.50727000010623],[-81.39492500038904,28.50727000010623],[-81.39492500038904,28.507285000292494],[-81.39491699999311,28.50819200001451],[-81.39570600018862,28.508180999814805],[-81.39659199957019,28.5081580000394],[-81.39662900027844,28.508156999877457],[-81.39671200011911,28.508155000342917],[-81.39675200030209,28.508154000180934],[-81.39679199958674,28.508153000018925],[-81.39680500000553,28.508151999856928],[-81.39684600001341,28.50815099969492],[-81.39686000025712,28.50815099969492],[-81.39687699997556,28.50815000032229],[-81.39692800002918,28.508149000160266],[-81.39694599957252,28.508149000160266]]]},"properties":{"block_id":"120950144001030","school_id":"sch_jones_high","kids_est":6,"class":"red","shortest":{"len_m":3504.7,"mean_c":37.43,"peak_c":38.2,"dose":215.9},"coolest":{"len_m":3531.8,"mean_c":37.09,"peak_c":38.2,"dose":200.6},"delta_mean_c":-0.34,"delta_dose_pct":-7,"distance_mi":1.776,"status_now":"walk","status_rec":"bus_eligible","reason":"Coolest route mean 37.1C exceeds threshold (110 C-min dose, actual 201).","safe_until_hour":"12:00"}},{"type":"Feature","geometry":{"type":"Polygon","coordinates":[[[-81.39691100031074,28.506337999821042],[-81.39689700006704,28.50542499960977],[-81.39650399970664,28.50543099994735],[-81.39606699986365,28.505438999870652],[-81.39565199976195,28.50545199994209],[-81.3953250004221,28.505454999715468],[-81.39493299988663,28.505459999863803],[-81.39493100023682,28.506376000308773],[-81.39519800020051,28.506372999772186],[-81.39600800031242,28.506353000139832],[-81.39691100031074,28.506337999821042]]]},"properties":{"block_id":"120950144001031","school_id":"sch_jones_high","kids_est":2,"class":"red","shortest":{"len_m":3691.4,"mean_c":37.4,"peak_c":38.2,"dose":226.0},"coolest":{"len_m":3718.5,"mean_c":37.08,"peak_c":38.2,"dose":210.7},"delta_mean_c":-0.32,"delta_dose_pct":-7,"distance_mi":1.9,"status_now":"walk","status_rec":"bus_eligible","reason":"Coolest route mean 37.1C exceeds threshold (110 C-min dose, actual 211).","safe_until_hour":"12:00"}},{"type":"Feature","geometry":{"type":"Polygon","coordinates":[[[-81.39493500043478,28.504719999801654],[-81.3949360002597,28.504536000158243],[-81.39443099974629,28.50454100035014],[-81.39370799967303,28.504549999747677],[-81.39291900037584,28.50455499993891],[-81.39262499974964,28.504557000331108],[-81.39241499968738,28.50455200013995],[-81.39234000024261,28.504681000101403],[-81.39211599993662,28.505067999828793],[-81.39204200031678,28.505198000138776],[-81.39194600005732,28.50536900012645],[-81.39193799966141,28.505396999871824],[-81.39193900038461,28.505425999797616],[-81.39196000030101,28.505465000011924],[-81.39198399969216,28.505484999812605],[-81.39202899989799,28.50550099965041],[-81.39255600015268,28.505496000293434],[-81.3927829999334,28.505495000106247],[-81.3932120002788,28.505483000227418],[-81.39339600040182,28.505479000267492],[-81.39450199989143,28.505465000011924],[-81.39493299988663,28.505459999863803],[-81.39493299988663,28.505274999742795],[-81.39493500043478,28.504719999801654]]]},"properties":{"block_id":"120950144001033","school_id":"sch_jones_high","kids_est":3,"class":"red","shortest":{"len_m":3971.7,"mean_c":37.35,"peak_c":38.2,"dose":239.8},"coolest":{"len_m":3991.3,"mean_c":36.76,"peak_c":38.2,"dose":207.5},"delta_mean_c":-0.59,"delta_dose_pct":-13,"distance_mi":1.983,"status_now":"walk","status_rec":"bus_eligible","reason":"Coolest route mean 36.8C exceeds threshold (110 C-min dose, actual 208).","safe_until_hour":"12:00"}},{"type":"Feature","geometry":{"type":"Polygon","coordinates":[[[-81.39689100021926,28.510382999843053],[-81.39689200004416,28.510120000360534],[-81.39685400040933,28.51013600028476],[-81.3967820004393,28.510166999983035],[-81.3967039997232,28.510201000099986],[-81.3965139997524,28.510288999980233],[-81.39625099998666,28.510424000084466],[-81.39599599971852,28.510569999967643],[-81.39509199989529,28.51113699994411],[-81.39425400019431,28.511680000104903],[-81.3941210001249,28.51176700020228],[-81.39371000022118,28.51205099978483],[-81.39330799963996,28.512344999825647],[-81.39308199968414,28.512728000169197],[-81.39343900005953,28.512530000177588],[-81.3939160000855,28.512291999647886],[-81.3940630003986,28.51222999991263],[-81.39436200014933,28.51211200029023],[-81.39466500009803,28.512005000337897],[-81.39497300006961,28.511909000089155],[-81.39529399956166,28.511824999701076],[-81.3957970004252,28.511694000325015],[-81.39632399978159,28.51154600015928],[-81.39685000021137,28.511388000051866],[-81.39688700002131,28.511376000054035],[-81.39689000039434,28.51054900020239],[-81.39689100021926,28.510382999843053]]]},"properties":{"block_id":"120950185002035","school_id":"sch_jones_high","kids_est":0,"class":"red","shortest":{"len_m":2998.4,"mean_c":37.52,"peak_c":38.2,"dose":188.2},"coolest":{"len_m":3010.7,"mean_c":37.05,"peak_c":38.2,"dose":169.4},"delta_mean_c":-0.47,"delta_dose_pct":-10,"distance_mi":1.534,"status_now":"walk","status_rec":"bus_eligible","reason":"Coolest route mean 37.0C exceeds threshold (110 C-min dose, actual 169).","safe_until_hour":"14:00"}},{"type":"Feature","geometry":{"type":"Polygon","coordinates":[[[-81.39491100014534,28.50898900030801],[-81.39491699999311,28.50819200001451],[-81.39466300044822,28.508199999728447],[-81.3941830000492,28.508207000069685],[-81.39375899972667,28.508219999800012],[-81.39279999965184,28.508238999706627],[-81.39280100037506,28.508405999652634],[-81.3928039998498,28.508908999792737],[-81.39280600039794,28.50907699962068],[-81.39322700034741,28.50908100023354],[-81.39449000019584,28.509095000009253],[-81.39491199997023,28.50909999998509],[-81.39491100014534,28.50898900030801]]]},"properties":{"block_id":"120950144001025","school_id":"sch_jones_high","kids_est":0,"class":"red","shortest":{"len_m":3478.0,"mean_c":37.43,"peak_c":38.2,"dose":214.2},"coolest":{"len_m":3505.1,"mean_c":37.1,"peak_c":38.2,"dose":199.4},"delta_mean_c":-0.33,"delta_dose_pct":-7,"distance_mi":1.735,"status_now":"walk","status_rec":"bus_eligible","reason":"Coolest route mean 37.1C exceeds threshold (110 C-min dose, actual 199).","safe_until_hour":"12:00"}},{"type":"Feature","geometry":{"type":"Polygon","coordinates":[[[-81.39689700006704,28.50542499960977],[-81.39689600024214,28.50524199980662],[-81.39689600024214,28.504854999928064],[-81.39689100021926,28.504694000266245],[-81.39688700002131,28.504512000181073],[-81.39662400025556,28.5045130003776],[-81.39649600020904,28.50451600017764],[-81.3962960001925,28.504521000370506],[-81.39557599959397,28.50452500036672],[-81.39532600024702,28.504529999769748],[-81.39509799974309,28.504536000158243],[-81.3949360002597,28.504536000158243],[-81.39493500043478,28.504719999801654],[-81.39493299988663,28.505274999742795],[-81.39493299988663,28.505459999863803],[-81.3953250004221,28.505454999715468],[-81.39565199976195,28.50545199994209],[-81.39606699986365,28.505438999870652],[-81.39650399970664,28.50543099994735],[-81.39689700006704,28.50542499960977]]]},"properties":{"block_id":"120950144001032","school_id":"sch_jones_high","kids_est":14,"class":"red","shortest":{"len_m":3691.4,"mean_c":37.4,"peak_c":38.2,"dose":226.0},"coolest":{"len_m":3718.5,"mean_c":37.08,"peak_c":38.2,"dose":210.7},"delta_mean_c":-0.32,"delta_dose_pct":-7,"distance_mi":1.963,"status_now":"walk","status_rec":"bus_eligible","reason":"Coolest route mean 37.1C exceeds threshold (110 C-min dose, actual 211).","safe_until_hour":"12:00"}},{"type":"Feature","geometry":{"type":"Polygon","coordinates":[[[-81.39688700002131,28.504512000181073],[-81.39688500037147,28.504328000174876],[-81.39688199999841,28.503779999834272],[-81.39688100017352,28.503597000335557],[-81.39669200002763,28.50360199978253],[-81.39649299983601,28.50360199978253],[-81.39637400001031,28.503602999987663],[-81.39617700036682,28.503611000049577],[-81.39533200009481,28.50362099973142],[-81.3949449995822,28.50362700017161],[-81.39494200010748,28.50380800000135],[-81.3949370000846,28.5043539998005],[-81.3949360002597,28.504536000158243],[-81.39509799974309,28.504536000158243],[-81.39532600024702,28.504529999769748],[-81.39557599959397,28.50452500036672],[-81.3962960001925,28.504521000370506],[-81.39649600020904,28.50451600017764],[-81.39662400025556,28.5045130003776],[-81.39688700002131,28.504512000181073]]]},"properties":{"block_id":"120950144001035","school_id":"sch_jones_high","kids_est":3,"class":"red","shortest":{"len_m":3888.8,"mean_c":37.38,"peak_c":38.2,"dose":236.4},"coolest":{"len_m":3915.9,"mean_c":37.08,"peak_c":38.2,"dose":221.1},"delta_mean_c":-0.3,"delta_dose_pct":-6,"distance_mi":2.025,"status_now":"bus","status_rec":"bus_eligible","reason":"Coolest route mean 37.1C exceeds threshold (110 C-min dose, actual 221).","safe_until_hour":"12:00"}},{"type":"Feature","geometry":{"type":"Polygon","coordinates":[[[-81.39916699967088,28.52577900019079],[-81.39917199969376,28.525517999636786],[-81.39873200037601,28.52551199965273],[-81.39830999970332,28.525517999636786],[-81.39832200029718,28.526340999737275],[-81.39832200029718,28.52645900001132],[-81.39865100018515,28.526457000034544],[-81.3989080001031,28.526454000069304],[-81.39916400019615,28.52645000011548],[-81.39916400019615,28.526340999737275],[-81.39916699967088,28.52577900019079]]]},"properties":{"block_id":"120950116001010","school_id":"sch_jones_high","kids_est":0,"class":"green","shortest":{"len_m":1256.9,"mean_c":37.78,"peak_c":38.2,"dose":83.5},"coolest":{"len_m":1256.9,"mean_c":37.78,"peak_c":38.2,"dose":83.5},"delta_mean_c":0.0,"delta_dose_pct":0,"distance_mi":0.51,"status_now":"walk","status_rec":"walk","reason":"Shortest route already under threshold (dose 84).","safe_until_hour":null}},{"type":"Feature","geometry":{"type":"Polygon","coordinates":[[[-81.39296600023151,28.526512000171692],[-81.39296000038372,28.525550000335183],[-81.39270500011558,28.52555900030787],[-81.39192000011805,28.52556400029238],[-81.39171400025371,28.525565000289255],[-81.39160700012359,28.5255660002861],[-81.39109599976243,28.525576000254233],[-81.39105999977743,28.525577000250994],[-81.39089099972304,28.525584000228033],[-81.39089400009607,28.5257710002318],[-81.3908959997459,28.52587999962093],[-81.39089200044624,28.526333999810504],[-81.39089099972304,28.526522000050093],[-81.39130599982472,28.526520000074463],[-81.39255100012981,28.52651400014749],[-81.39296600023151,28.526512000171692]]]},"properties":{"block_id":"120950185001027","school_id":"sch_jones_high","kids_est":28,"class":"green","shortest":{"len_m":1857.1,"mean_c":37.05,"peak_c":38.2,"dose":104.2},"coolest":{"len_m":1861.2,"mean_c":37.02,"peak_c":38.2,"dose":103.7},"delta_mean_c":-0.03,"delta_dose_pct":0,"distance_mi":0.699,"status_now":"walk","status_rec":"walk","reason":"Shortest route already under threshold (dose 104).","safe_until_hour":null}},{"type":"Feature","geometry":{"type":"Polygon","coordinates":[[[-81.39090599979164,28.53033699965243],[-81.39090699961655,28.53018199993826],[-81.39088599970016,28.529837999737975],[-81.39087900002745,28.529625000143238],[-81.3908890000732,28.52941899984036],[-81.3908890000732,28.529339999789794],[-81.38887800003714,28.529345000384158],[-81.3888689998163,28.528657999678526],[-81.3884870002249,28.528662000337757],[-81.38795400012242,28.528656999711004],[-81.38734900004992,28.528659999613538],[-81.38736300029362,28.528678999783697],[-81.38736599976836,28.528806000292846],[-81.3873749999892,28.529150999878116],[-81.38739099988271,28.52918800007538],[-81.38744199993636,28.52923499988066],[-81.38755499991426,28.529336999906562],[-81.3876989998543,28.52946800025156],[-81.3877359996642,28.529482999648074],[-81.38887899986206,28.529483999607763],[-81.38888800008287,28.530313999974023],[-81.38891200037233,28.530325000232594],[-81.38949800017825,28.530325000232594],[-81.39042700011585,28.53033699965243],[-81.39090599979164,28.53033699965243]]]},"properties":{"block_id":"120950185001013","school_id":"sch_jones_high","kids_est":34,"class":"green","shortest":{"len_m":1726.8,"mean_c":37.24,"peak_c":38.2,"dose":102.0},"coolest":{"len_m":1737.7,"mean_c":37.14,"peak_c":38.2,"dose":100.2},"delta_mean_c":-0.1,"delta_dose_pct":-2,"distance_mi":0.701,"status_now":"walk","status_rec":"walk","reason":"Shortest route already under threshold (dose 102).","safe_until_hour":null}},{"type":"Feature","geometry":{"type":"Polygon","coordinates":[[[-81.39289300043657,28.519181999905975],[-81.39289199971336,28.5190000003502],[-81.39289199971336,28.51845399979796],[-81.39289199971336,28.518271999774964],[-81.39247999998469,28.518273999907013],[-81.39124399990042,28.51828399977749],[-81.3908329999967,28.5182880000411],[-81.39083399982162,28.51847000003655],[-81.39083800001957,28.519015999716533],[-81.3908399996694,28.519198000034024],[-81.39124999974824,28.51919399980493],[-81.39248199963453,28.51918400002076],[-81.39289300043657,28.519181999905975]]]},"properties":{"block_id":"120950185002009","school_id":"sch_jones_high","kids_est":16,"class":"red","shortest":{"len_m":2653.2,"mean_c":37.47,"peak_c":38.2,"dose":164.6},"coolest":{"len_m":2672.1,"mean_c":36.64,"peak_c":38.2,"dose":135.2},"delta_mean_c":-0.83,"delta_dose_pct":-18,"distance_mi":1.117,"status_now":"walk","status_rec":"bus_eligible","reason":"Coolest route mean 36.6C exceeds threshold (110 C-min dose, actual 135).","safe_until_hour":"14:00"}},{"type":"Feature","geometry":{"type":"Polygon","coordinates":[[[-81.3888060000671,28.523760999976634],[-81.38880400041728,28.523577999627296],[-81.38880000021933,28.523031999893195],[-81.38879900039443,28.522849999879625],[-81.38837900026985,28.52285399997006],[-81.38735200042298,28.52286700026281],[-81.38711899989616,28.522868000285257],[-81.38669899977158,28.522871000352595],[-81.38669999959649,28.522954999834724],[-81.38669600029685,28.523052000309203],[-81.38667700003028,28.523597999939717],[-81.38667399965723,28.523684999676014],[-81.38666199996165,28.523780000240542],[-81.38676400006892,28.52377900022675],[-81.38706899966743,28.52377800021289],[-81.38717199959959,28.52377800021289],[-81.38749800001284,28.523773000143724],[-81.38760299959482,28.523772000129853],[-81.38847899982896,28.52376800007424],[-81.3888060000671,28.523760999976634]]]},"properties":{"block_id":"120950185001005","school_id":"sch_jones_high","kids_est":20,"class":"red","shortest":{"len_m":2521.9,"mean_c":36.69,"peak_c":38.2,"dose":128.8},"coolest":{"len_m":2526.0,"mean_c":36.67,"peak_c":38.2,"dose":128.3},"delta_mean_c":-0.02,"delta_dose_pct":0,"distance_mi":1.012,"status_now":"walk","status_rec":"bus_eligible","reason":"Coolest route mean 36.7C exceeds threshold (110 C-min dose, actual 128).","safe_until_hour":"14:00"}},{"type":"Feature","geometry":{"type":"Polygon","coordinates":[[[-81.38884299987704,28.52653299991517],[-81.3888400004023,28.526347999663514],[-81.38883299983131,28.525793000117577],[-81.38883100018148,28.525608000145763],[-81.38854599977611,28.52561300012796],[-81.38840600003402,28.52561300012796],[-81.38764199995288,28.525617000113485],[-81.38713099959172,28.525624000087877],[-81.38708899975893,28.52562500008418],[-81.38670600034258,28.525624000087877],[-81.38671200019037,28.525649999988683],[-81.3867289999088,28.525806000047936],[-81.38675900004604,28.526068999873104],[-81.38676400006892,28.52635800034674],[-81.38676499989381,28.52639299996792],[-81.38678099978735,28.52654199980391],[-81.3871930004143,28.52653999982872],[-81.38843000032348,28.52653399990283],[-81.38884299987704,28.52653299991517]]]},"properties":{"block_id":"120950185001002","school_id":"sch_jones_high","kids_est":6,"class":"red","shortest":{"len_m":2326.7,"mean_c":36.76,"peak_c":38.2,"dose":121.2},"coolest":{"len_m":2330.8,"mean_c":36.74,"peak_c":38.2,"dose":120.7},"delta_mean_c":-0.02,"delta_dose_pct":0,"distance_mi":0.891,"status_now":"walk","status_rec":"bus_eligible","reason":"Coolest route mean 36.7C exceeds threshold (110 C-min dose, actual 121).","safe_until_hour":"14:00"}},{"type":"Feature","geometry":{"type":"Polygon","coordinates":[[[-81.39511600018474,28.53471300003748],[-81.39511299981169,28.5345340001986],[-81.39510699996391,28.534000000186502],[-81.39510500031408,28.533821999844196],[-81.39496700022184,28.533820999925677],[-81.39455399976995,28.533818000169994],[-81.39449000019584,28.533818000169994],[-81.39444699963984,28.533830999899763],[-81.39442400007363,28.53384700017203],[-81.39440499980704,28.533868000032413],[-81.39439099956333,28.533906000069788],[-81.39440099960908,28.534711000217328],[-81.39511600018474,28.53471300003748]]]},"properties":{"block_id":"120950104001008","school_id":"sch_jones_high","kids_est":0,"class":"green","shortest":{"len_m":1013.5,"mean_c":38.32,"peak_c":38.4,"dose":74.8},"coolest":{"len_m":1013.5,"mean_c":38.32,"peak_c":38.4,"dose":74.8},"delta_mean_c":0.0,"delta_dose_pct":0,"distance_mi":0.322,"status_now":"walk","status_rec":"walk","reason":"Shortest route already under threshold (dose 75).","safe_until_hour":null}},{"type":"Feature","geometry":{"type":"Polygon","coordinates":[[[-81.39164099956047,28.532890999765478],[-81.39162800004,28.53198200031554],[-81.39138799984049,28.53198400018749],[-81.39123999970248,28.531997000143495],[-81.3912470002735,28.53284400001222],[-81.39130900019777,28.53289199969289],[-81.39144100044226,28.532890999765478],[-81.39164099956047,28.532890999765478]]]},"properties":{"block_id":"120950104001017","school_id":"sch_jones_high","kids_est":0,"class":"green","shortest":{"len_m":1363.5,"mean_c":37.52,"peak_c":38.2,"dose":86.0},"coolest":{"len_m":1363.5,"mean_c":37.52,"peak_c":38.2,"dose":86.0},"delta_mean_c":0.0,"delta_dose_pct":0,"distance_mi":0.521,"status_now":"walk","status_rec":"walk","reason":"Shortest route already under threshold (dose 86).","safe_until_hour":null}},{"type":"Feature","geometry":{"type":"Polygon","coordinates":[[[-81.38189400025004,28.496366000060867],[-81.38188300037937,28.495405999758084],[-81.38187499998347,28.494639999809227],[-81.38122700025326,28.494644999680588],[-81.3809130004339,28.494644999680588],[-81.38082899987,28.494644999680588],[-81.38064399992209,28.49464799976117],[-81.38031199966106,28.49465399992209],[-81.38009199955303,28.494655000212035],[-81.37990800032833,28.494657000002416],[-81.37988700041194,28.494657000002416],[-81.37982499958935,28.494657000002416],[-81.37980500039617,28.494658000292322],[-81.37960000035675,28.494660000082657],[-81.37940399963986,28.494663000162806],[-81.37921100019433,28.494663000162806],[-81.37930099970771,28.494759999813887],[-81.37929499985992,28.495492000361676],[-81.37928800018723,28.496479999625365],[-81.3796670003039,28.49647700038633],[-81.38031800040716,28.49647300008503],[-81.38029199956956,28.498862000086586],[-81.38009999994895,28.49886000037587],[-81.37971400015958,28.498856000164906],[-81.37972000000735,28.499782999809906],[-81.37972099983227,28.49986700031302],[-81.37926100042304,28.499853000102224],[-81.37851300023542,28.49983100033115],[-81.37853599980164,28.499916000246664],[-81.37855300041839,28.499979000353477],[-81.3786039995737,28.50017000013421],[-81.37862200001535,28.500234000326458],[-81.37959799980862,28.500217000242166],[-81.38019100018556,28.5002149997677],[-81.38018399961454,28.499784000051264],[-81.38019899968316,28.49968799973367],[-81.38023100036854,28.499593999815023],[-81.3802790000491,28.499506999941698],[-81.38034199979829,28.499427000130982],[-81.38037799978329,28.49938999975395],[-81.38060399973911,28.499196999646603],[-81.3806730002344,28.499120000343794],[-81.38073000013581,28.499034999787142],[-81.3807729997935,28.498944000034776],[-81.38080299993074,28.498848999992685],[-81.38081899982426,28.49875200015232],[-81.38082100037239,28.498552000265164],[-81.38081999964918,28.498387000230824],[-81.38081700017443,28.497892000158817],[-81.38081600034954,28.49772699988203],[-81.38080499958056,28.497291999997138],[-81.38080399975564,28.4970649996084],[-81.38081899982426,28.49701799967558],[-81.38084800013657,28.496976999750682],[-81.38088699959633,28.496944000377212],[-81.38093500017521,28.496920999731252],[-81.38098899970358,28.4969099999354],[-81.38133400038339,28.496900999886268],[-81.381454000034,28.49687699975152],[-81.38153000020196,28.496847999844547],[-81.38159999962386,28.49681100014228],[-81.38167800033997,28.496759000325387],[-81.38175699998268,28.49668800007854],[-81.38179100031788,28.496648000296513],[-81.38184499984624,28.496560000091097],[-81.38187900018143,28.496465000271428],[-81.38189400025004,28.496366000060867]]]},"properties":{"block_id":"120950144002018","school_id":"sch_jones_high","kids_est":2,"class":"red","shortest":{"len_m":6583.9,"mean_c":37.11,"peak_c":38.2,"dose":375.8},"coolest":{"len_m":6839.5,"mean_c":36.5,"peak_c":38.2,"dose":332.6},"delta_mean_c":-0.61,"delta_dose_pct":-11,"distance_mi":2.783,"status_now":"bus","status_rec":"bus_eligible","reason":"Coolest route mean 36.5C exceeds threshold (110 C-min dose, actual 333).","safe_until_hour":"11:00"}},{"type":"Feature","geometry":{"type":"Polygon","coordinates":[[[-81.37550299994156,28.50773500015279],[-81.37550499959137,28.507669999607423],[-81.37542500012376,28.50766599973043],[-81.375230999955,28.50766599973043],[-81.37496300016639,28.50766599973043],[-81.37462199968455,28.507660999686646],[-81.37447600009467,28.50766500035323],[-81.37447600009467,28.507727999780204],[-81.37447600009467,28.508001999920342],[-81.37468000030917,28.50800000038285],[-81.37494999974761,28.50799900021939],[-81.37529500042741,28.50799699989246],[-81.37550100029173,28.507995999728987],[-81.37550100029173,28.507929999969736],[-81.37550299994156,28.50773500015279]]]},"properties":{"block_id":"120950139001030","school_id":"sch_jones_high","kids_est":7,"class":"red","shortest":{"len_m":5274.1,"mean_c":37.16,"peak_c":38.2,"dose":305.2},"coolest":{"len_m":5441.8,"mean_c":36.39,"peak_c":38.2,"dose":255.8},"delta_mean_c":-0.77,"delta_dose_pct":-16,"distance_mi":2.317,"status_now":"bus","status_rec":"bus_eligible","reason":"Coolest route mean 36.4C exceeds threshold (110 C-min dose, actual 256).","safe_until_hour":"12:00"}},{"type":"Feature","geometry":{"type":"Polygon","coordinates":[[[-81.38737800036225,28.532876000064835],[-81.38737300033935,28.532651000352143],[-81.38735999992058,28.5319769998463],[-81.38735599972262,28.531752999730813],[-81.3873549998977,28.531649999736324],[-81.38735200042298,28.531344999706402],[-81.38735200042298,28.53124300004539],[-81.38735200042298,28.531207999666982],[-81.38735200042298,28.531104999929138],[-81.38735200042298,28.531071000238697],[-81.3872069997597,28.531070000294076],[-81.38677300028974,28.5310669996709],[-81.3866290003497,28.5310669996709],[-81.3865950000145,28.53106599972624],[-81.38649299990726,28.53106599972624],[-81.3864600002953,28.53106599972624],[-81.38637900010444,28.531064999781567],[-81.38623000014152,28.53106299989214],[-81.3861370002551,28.53106299989214],[-81.38605699988916,28.53106299989214],[-81.3860090002086,28.53106199994744],[-81.38594200026145,28.53106199994744],[-81.38582500008557,28.53132400013244],[-81.38571200010767,28.531503999839916],[-81.38512899977648,28.532328999629506],[-81.38496700029309,28.53253399983821],[-81.38492000043743,28.532632000108883],[-81.38481699960695,28.532770999732524],[-81.38481800033017,28.532807000309198],[-81.38481900015509,28.532861000361994],[-81.38481900015509,28.532903999609605],[-81.38489899962272,28.532902999682374],[-81.38513100032462,28.53289999990056],[-81.38537999984665,28.5328960001914],[-81.38582900028352,28.53288999983812],[-81.38606199991203,28.532887999983373],[-81.38632499967777,28.53288500020119],[-81.38711399987329,28.532877999919798],[-81.38737800036225,28.532876000064835]]]},"properties":{"block_id":"120950104001031","school_id":"sch_jones_high","kids_est":4,"class":"green","shortest":{"len_m":1870.8,"mean_c":37.2,"peak_c":38.2,"dose":109.6},"coolest":{"len_m":1870.8,"mean_c":37.2,"peak_c":38.2,"dose":109.6},"delta_mean_c":0.0,"delta_dose_pct":0,"distance_mi":0.832,"status_now":"walk","status_rec":"walk","reason":"Shortest route already under threshold (dose 110).","safe_until_hour":null}},{"type":"Feature","geometry":{"type":"Polygon","coordinates":[[[-81.38738500003494,28.533993999896094],[-81.38739300043085,28.533429000351365],[-81.38737900018715,28.532934999717067],[-81.38737800036225,28.532876000064835],[-81.38711399987329,28.532877999919798],[-81.38632499967777,28.53288500020119],[-81.38606199991203,28.532887999983373],[-81.38607299978268,28.533167999799943],[-81.38607600015575,28.53323800003244],[-81.38608700002638,28.53400800031012],[-81.38609100022435,28.53428900022164],[-81.38609299987418,28.534747000131254],[-81.38613499970697,28.534747000131254],[-81.38622500011866,28.5347519996799],[-81.38631600035524,28.5347509997702],[-81.38640699969353,28.534745000311734],[-81.38645699992225,28.53473900006374],[-81.38649700010522,28.534733999725326],[-81.38650799997588,28.534730999995634],[-81.38658499996876,28.534718000376945],[-81.38665899958862,28.534697999806973],[-81.38670999964224,28.534686000094485],[-81.38684199988673,28.53464000026336],[-81.38692399990246,28.534604000312896],[-81.38700199972028,28.534563000003594],[-81.38706299981965,28.53452199967828],[-81.38711999972107,28.534475999775577],[-81.38717300032283,28.53442600020165],[-81.38722000017847,28.534372000161664],[-81.3872629998362,28.534315000352528],[-81.38728100027785,28.534284999775938],[-81.38729899982121,28.534254999980103],[-81.38732999978335,28.534191999828522],[-81.3873549998977,28.534127999723665],[-81.38737300033935,28.534061999747426],[-81.38738500003494,28.533993999896094]]]},"properties":{"block_id":"120950104001029","school_id":"sch_jones_high","kids_est":31,"class":"red","shortest":{"len_m":2096.4,"mean_c":37.91,"peak_c":38.4,"dose":143.0},"coolest":{"len_m":2165.9,"mean_c":37.19,"peak_c":38.2,"dose":126.7},"delta_mean_c":-0.72,"delta_dose_pct":-11,"distance_mi":0.806,"status_now":"walk","status_rec":"bus_eligible","reason":"Coolest route mean 37.2C exceeds threshold (110 C-min dose, actual 127).","safe_until_hour":"14:00"}},{"type":"Feature","geometry":{"type":"Polygon","coordinates":[[[-81.40413399957413,28.52686999996145],[-81.40413100009938,28.52643000034415],[-81.4041240004267,28.52633499980005],[-81.40378999961754,28.526340999737275],[-81.40327699960655,28.526344999695183],[-81.40284899998439,28.526354000389265],[-81.4025040002029,28.52637000021814],[-81.40240799994342,28.526389000011832],[-81.40237199995842,28.526401999868686],[-81.40222899984327,28.52639899990184],[-81.4014499996935,28.52641699970152],[-81.40122200008788,28.526433000310114],[-81.40122799993566,28.52678699963786],[-81.40123899980631,28.527320999892723],[-81.40140500038599,28.527329999714205],[-81.40167300017458,28.52733800034415],[-81.40213599995685,28.527340000304196],[-81.40274000020445,28.527333999634642],[-81.40366199957103,28.52731699997179],[-81.40397700011361,28.527314000031037],[-81.40397299991564,28.527268000139124],[-81.40397100026581,28.52686999996145],[-81.40413399957413,28.52686999996145]]]},"properties":{"block_id":"120950116002005","school_id":"sch_jones_high","kids_est":30,"class":"green","shortest":{"len_m":974.8,"mean_c":37.98,"peak_c":38.2,"dose":67.3},"coolest":{"len_m":974.8,"mean_c":37.98,"peak_c":38.2,"dose":67.3},"delta_mean_c":0.0,"delta_dose_pct":0,"distance_mi":0.475,"status_now":"walk","status_rec":"walk","reason":"Shortest route already under threshold (dose 67).","safe_until_hour":null}},{"type":"Feature","geometry":{"type":"Polygon","coordinates":[[[-81.38879900039443,28.522849999879625],[-81.38879799967118,28.522668000341167],[-81.38879600002137,28.522168999639245],[-81.38879400037155,28.52212299987011],[-81.38879099999852,28.521941999897102],[-81.38842399957737,28.521940999865866],[-81.38837699972171,28.521940999865866],[-81.38713800016271,28.521955000302345],[-81.3869409996209,28.52195799960631],[-81.38672600043408,28.521954000271236],[-81.38671999968798,28.522137000282367],[-81.38670399979445,28.52268700001273],[-81.38669899977158,28.522871000352595],[-81.38711899989616,28.522868000285257],[-81.38735200042298,28.52286700026281],[-81.38837900026985,28.52285399997006],[-81.38879900039443,28.522849999879625]]]},"properties":{"block_id":"120950185001007","school_id":"sch_jones_high","kids_est":2,"class":"red","shortest":{"len_m":2758.6,"mean_c":36.61,"peak_c":38.2,"dose":138.0},"coolest":{"len_m":2762.7,"mean_c":36.59,"peak_c":38.2,"dose":137.5},"delta_mean_c":-0.02,"delta_dose_pct":0,"distance_mi":1.055,"status_now":"walk","status_rec":"bus_eligible","reason":"Coolest route mean 36.6C exceeds threshold (110 C-min dose, actual 138).","safe_until_hour":"14:00"}},{"type":"Feature","geometry":{"type":"Polygon","coordinates":[[[-81.39508900042057,28.53111100038399],[-81.39508400039769,28.5306939999191],[-81.39507000015399,28.529352000110965],[-81.39506599995603,28.528905000049136],[-81.39465199967924,28.528908999909792],[-81.3934099997472,28.528923000210117],[-81.39299700019365,28.528928000035002],[-81.39299700019365,28.529009000322834],[-81.39299700019365,28.52925499990902],[-81.39299800001855,28.529336999906562],[-81.39299800001855,28.529529000151815],[-81.39300800006431,28.530017999615765],[-81.39300800006431,28.53010700027482],[-81.39300800006431,28.530299999858475],[-81.3930089998892,28.530471000183898],[-81.39301499973699,28.53098400028469],[-81.39301800011005,28.531155000289537],[-81.39342900001377,28.531150999724858],[-81.39466400027311,28.531141000285704],[-81.39507600000178,28.53113899960853],[-81.39508900042057,28.53111100038399]]]},"properties":{"block_id":"120950185001011","school_id":"sch_jones_high","kids_est":8,"class":"green","shortest":{"len_m":1079.6,"mean_c":37.65,"peak_c":38.2,"dose":69.8},"coolest":{"len_m":1079.6,"mean_c":37.65,"peak_c":38.2,"dose":69.8},"delta_mean_c":0.0,"delta_dose_pct":0,"distance_mi":0.425,"status_now":"walk","status_rec":"walk","reason":"Shortest route already under threshold (dose 70).","safe_until_hour":null}},{"type":"Feature","geometry":{"type":"Polygon","coordinates":[[[-81.40207099965953,28.525520999628657],[-81.40205899996397,28.52339999983675],[-81.40188700043483,28.523403999906257],[-81.40184999972658,28.52340599994101],[-81.40147999983074,28.523410000010283],[-81.40137299970061,28.52340799997567],[-81.40120199999637,28.52340699995834],[-81.40120399964621,28.523628999627217],[-81.40121299986704,28.524622999821016],[-81.40122299991278,28.525214000015357],[-81.40122200008788,28.52550199967858],[-81.40142399975423,28.52553400038184],[-81.40161999957282,28.525540000364636],[-81.40207099965953,28.525520999628657]]]},"properties":{"block_id":"120950116002009","school_id":"sch_jones_high","kids_est":14,"class":"green","shortest":{"len_m":1181.7,"mean_c":37.87,"peak_c":38.2,"dose":79.9},"coolest":{"len_m":1181.7,"mean_c":37.87,"peak_c":38.2,"dose":79.9},"delta_mean_c":0.0,"delta_dose_pct":0,"distance_mi":0.618,"status_now":"walk","status_rec":"walk","reason":"Shortest route already under threshold (dose 80).","safe_until_hour":null}},{"type":"Feature","geometry":{"type":"Polygon","coordinates":[[[-81.40045399980876,28.531078999795437],[-81.40044999961081,28.530701000345566],[-81.40044100028828,28.52957000005197],[-81.40043999956505,28.529349000228123],[-81.40044200011317,28.529193999850197],[-81.40027899990658,28.52919299988776],[-81.39979299965978,28.52919299988776],[-81.39963100017637,28.52919299988776],[-81.39963100017637,28.52929899980017],[-81.39963200000129,28.52961799964533],[-81.3996329998262,28.529724999876887],[-81.3996329998262,28.52999699977738],[-81.39963500037433,28.53049699967829],[-81.39963899967398,28.530814999896513],[-81.39964299987194,28.53108800008526],[-81.39980500025365,28.531086000196318],[-81.40029099960213,28.531079999740037],[-81.40045399980876,28.531078999795437]]]},"properties":{"block_id":"120950116001002","school_id":"sch_jones_high","kids_est":13,"class":"green","shortest":{"len_m":1043.2,"mean_c":37.73,"peak_c":38.2,"dose":68.6},"coolest":{"len_m":1043.2,"mean_c":37.73,"peak_c":38.2,"dose":68.6},"delta_mean_c":0.0,"delta_dose_pct":0,"distance_mi":0.219,"status_now":"walk","status_rec":"walk","reason":"Shortest route already under threshold (dose 69).","safe_until_hour":null}},{"type":"Feature","geometry":{"type":"Polygon","coordinates":[[[-81.3970769999921,28.52785799973544],[-81.3970700003194,28.527512999864083],[-81.3970700003194,28.527480999761607],[-81.39707100014432,28.52739699993965],[-81.39703699980912,28.527397999919135],[-81.39667199993615,28.52740199983699],[-81.39632799997955,28.52740599975464],[-81.39632899980447,28.526584000063966],[-81.39633300000243,28.526475999812554],[-81.39617999984155,28.526477999788963],[-81.39535399983612,28.52648799967052],[-81.39507900037482,28.526491999622916],[-81.3946559998772,28.526495000376336],[-81.3933880000059,28.526508000220122],[-81.39296600023151,28.526512000171692],[-81.39296700005642,28.526697000135503],[-81.39297000042946,28.52723499998125],[-81.39297000042946,28.52725299963814],[-81.39297499955401,28.52743899985902],[-81.39297600027726,28.527532000241003],[-81.39298100030013,28.527814000032],[-81.39298299994995,28.52790800005774],[-81.39339700022671,28.527902000209707],[-81.39383900009261,28.527897000336093],[-81.39408900033784,28.527897000336093],[-81.39464099980859,28.527889999723453],[-81.3950559999103,28.527884999849256],[-81.39546000014133,28.527880999949733],[-81.3964159998431,28.52787300015027],[-81.39667199993615,28.527868000275333],[-81.39683099994481,28.527866000325233],[-81.3970769999921,28.52785799973544]]]},"properties":{"block_id":"120950185001019","school_id":"sch_jones_high","kids_est":0,"class":"green","shortest":{"len_m":1292.6,"mean_c":37.48,"peak_c":38.2,"dose":80.4},"coolest":{"len_m":1296.7,"mean_c":37.44,"peak_c":38.2,"dose":79.9},"delta_mean_c":-0.04,"delta_dose_pct":-1,"distance_mi":0.524,"status_now":"walk","status_rec":"walk","reason":"Shortest route already under threshold (dose 80).","safe_until_hour":null}},{"type":"Feature","geometry":{"type":"Polygon","coordinates":[[[-81.39595300006083,28.500847000189204],[-81.39596499975639,28.50073200037299],[-81.39595300006083,28.50062699960755],[-81.39589699998433,28.50046199965976],[-81.3958590003495,28.500401000312294],[-81.39583300041022,28.50039000008974],[-81.3957539998692,28.50035700020458],[-81.39565400031009,28.50035700020458],[-81.39546699981403,28.50042299996453],[-81.39511799983457,28.50064900000214],[-81.39502499994813,28.50074800014211],[-81.39484400019819,28.500671000392153],[-81.3947689998551,28.500610000376046],[-81.39472000034964,28.500478000259292],[-81.39453899970134,28.500286000010018],[-81.39408500013988,28.50000100009371],[-81.39389199979604,28.499956999819208],[-81.39352500027324,28.499933999829906],[-81.39337499958711,28.49987399962824],[-81.39331900040891,28.49987900004108],[-81.39328199970069,28.49993999969029],[-81.39308900025516,28.499956000368982],[-81.39280200019998,28.499966999847313],[-81.39259700016056,28.499962000228106],[-81.39242899993108,28.49992600027865],[-81.3923660001819,28.499912000075714],[-81.39221100037119,28.49984599999613],[-81.39204899998947,28.49974099992802],[-81.39190500004942,28.499521000198374],[-81.39189900020165,28.499444000342532],[-81.39191199972213,28.499223999993735],[-81.39188699960776,28.49918000018471],[-81.391768999607,28.499212999648485],[-81.39166900004788,28.49921800009261],[-81.39148400009995,28.499148000168553],[-81.39145099958968,28.499136000357357],[-81.3912830002585,28.499037000284],[-81.39108400006688,28.49880000035305],[-81.39098399960943,28.498574999766213],[-81.39088499987524,28.497963999854264],[-81.39088499987524,28.49786999997894],[-81.39085999976088,28.497810000182692],[-81.3906980002775,28.497578000386536],[-81.39046800012372,28.497368999844216],[-81.3901500001064,28.497148999906564],[-81.38994400024208,28.49705000033762],[-81.38978900043139,28.49695099988634],[-81.38977299963955,28.496947000392478],[-81.38955199970661,28.496896000121815],[-81.38931599970505,28.49686799969958],[-81.3891779996128,28.496900999886268],[-81.3890229998021,28.496961999677918],[-81.38886700016648,28.497061000118865],[-81.3888050002422,28.497153999659034],[-81.3887419995947,28.49734700034476],[-81.38866700014995,28.4977590003291],[-81.38858599995908,28.497978999784618],[-81.3885240000348,28.498094999700463],[-81.38833099969096,28.49822099968235],[-81.38818099990313,28.498276000335277],[-81.38811300013109,28.498276000335277],[-81.38801299967365,28.49825400023545],[-81.38790700026675,28.49821599998041],[-81.38778900026597,28.498143999667413],[-81.38771999977068,28.498073000352353],[-81.38764600015084,28.49802300009439],[-81.38757099980776,28.49802300009439],[-81.38744000028652,28.498045000242385],[-81.38699800042063,28.498060999629427],[-81.38688600026765,28.498143999667413],[-81.38676499989381,28.49834100035228],[-81.38669899977158,28.49845200017944],[-81.38669899977158,28.498528999969636],[-81.38671700021324,28.498589999609763],[-81.38682900036623,28.498617000112183],[-81.38691700022979,28.49862799973009],[-81.38696599973527,28.49864999975198],[-81.38699800042063,28.49869999971288],[-81.38699800042063,28.49875999979257],[-81.38696599973527,28.4988210000886],[-81.38692899992535,28.498865000047314],[-81.38685399958229,28.498908999987652],[-81.38659900021246,28.499008000181117],[-81.38651200017384,28.499024000211627],[-81.38644900042465,28.499062999634432],[-81.3864119997164,28.49905699972415],[-81.38632499967777,28.499068000085696],[-81.38613800008002,28.499046000150937],[-81.3859820004444,28.49906200017571],[-81.38577599968178,28.499139000310283],[-81.38547699993103,28.49934300006709],[-81.38545199981667,28.499441999853403],[-81.38546500023547,28.499635000302142],[-81.3854829997788,28.4997559996058],[-81.38555800012189,28.49993200013952],[-81.38564500016052,28.4999980001653],[-81.38574399989473,28.50009000003666],[-81.38572499962815,28.500266000013312],[-81.38579400012343,28.500331999830195],[-81.38578099970464,28.50045299991357],[-81.3857499997425,28.50050800019267],[-81.38576800018416,28.500694999664066],[-81.38581199966677,28.500800000361824],[-81.38592399981978,28.500903999934945],[-81.38609200004926,28.500958999978966],[-81.38640400021879,28.501008999635307],[-81.38652200021957,28.501091999722988],[-81.3865530001817,28.501174000306676],[-81.38654700033393,28.501295000213975],[-81.3865160003718,28.501438000212634],[-81.3864030003939,28.50154300017108],[-81.38626000027875,28.50161400030928],[-81.38577400003196,28.501767999955714],[-81.38565600003118,28.50182900009183],[-81.3855749998403,28.501916999850774],[-81.38553700020549,28.50203199995442],[-81.38551899976382,28.50213700011119],[-81.38548699997676,28.502207999849748],[-81.38540599978592,28.502296000082048],[-81.3853630001282,28.502323999853502],[-81.38517599963215,28.502395000255653],[-81.38488899957697,28.502439000303],[-81.38455899986408,28.50254900034108],[-81.38386199973009,28.502608999811144],[-81.38374899975219,28.50263700028899],[-81.38346300042024,28.502791000021197],[-81.38310799969467,28.502900999692315],[-81.38290699985322,28.502934999782777],[-81.38285199960164,28.50294500031808],[-81.38262800019396,28.502966000018223],[-81.3824909999266,28.502960999751675],[-81.38231000017666,28.50293300014926],[-81.38225400010015,28.50293300014926],[-81.38221100044244,28.50294999979598],[-81.38210500013723,28.503031999725188],[-81.38203599964194,28.503060000090755],[-81.38188000000633,28.50319700039084],[-81.38183099960253,28.5032800003363],[-81.38182399992984,28.50335699976129],[-81.3818490000442,28.503466999631744],[-81.38188599985413,28.50357099973396],[-81.38191099996848,28.503693000254525],[-81.38189900027292,28.503884999830415],[-81.38193000023506,28.503939999899483],[-81.3819610001972,28.503973000242883],[-81.38201700027368,28.504177000127424],[-81.38204200038804,28.504313999766566],[-81.38201700027368,28.504445999821055],[-81.38202899996926,28.504484999608174],[-81.38207300035019,28.504512000181073],[-81.38217899975709,28.504628000020077],[-81.3822280001609,28.504738000144272],[-81.38241499975864,28.504996999646508],[-81.38276399973809,28.505256000091794],[-81.3828630003706,28.505387999757136],[-81.3829260001198,28.505690000116587],[-81.38298800004407,28.50586699961963],[-81.3830530003414,28.505996000341455],[-81.38452600025211,28.506013999676927],[-81.38453600029787,28.50729400024538],[-81.38464699972765,28.507208999958223],[-81.38475800005573,28.507125999946076],[-81.38527400043976,28.506732999610666],[-81.38543000007537,28.506655000105138],[-81.38667200000741,28.506038000101817],[-81.38755300026442,28.505546000168025],[-81.3876229996863,28.505525000192012],[-81.38841299970673,28.505291999801603],[-81.38839500016337,28.50524699996507],[-81.38832700039133,28.504943999723917],[-81.38836400020124,28.504784999796392],[-81.38835800035346,28.504662999749076],[-81.38837699972171,28.504537000354514],[-81.38846999960815,28.504344000188144],[-81.38852599968465,28.504328000174876],[-81.38864500040863,28.504317000361723],[-81.38870099958682,28.504333000376644],[-81.38881899958758,28.5043499997978],[-81.38905600031237,28.50448199980724],[-81.38943600025397,28.504658000352382],[-81.38979699992899,28.504751999706926],[-81.3905509999644,28.50474099993793],[-81.3911490003642,28.504663999944178],[-81.39126900001482,28.504677000111094],[-81.39144100044226,28.504698000255917],[-81.39151400023718,28.504686000286455],[-81.39169699963696,28.504658999758096],[-81.39177199998005,28.50463200001224],[-81.39186499986646,28.50452699997007],[-81.39196500032389,28.504384000210745],[-81.39208300032467,28.50411500035904],[-81.39213900040117,28.503933000064514],[-81.39214600007386,28.503817000250816],[-81.39224599963298,28.503272999668113],[-81.39226400007462,28.503064000142384],[-81.39229599986167,28.502920999979054],[-81.39235799978596,28.502760999947455],[-81.39243300012905,28.502666999608532],[-81.39257600024418,28.50257400019022],[-81.39270000009272,28.50253499969668],[-81.39313000026304,28.502513999910803],[-81.39356000043335,28.502513999910803],[-81.39375299987888,28.50252499991193],[-81.39387799955234,28.502557999908497],[-81.39403300026136,28.502623999870693],[-81.3941210001249,28.502640000142375],[-81.39422700043012,28.50263499986037],[-81.39425800039227,28.502612999879847],[-81.39429500020218,28.502563999619714],[-81.39427000008783,28.502431000152225],[-81.39422099968402,28.502365000069307],[-81.39411500027713,28.502309999968684],[-81.39397800000978,28.5022549998394],[-81.39374700003108,28.502232999779686],[-81.39349799961076,28.502221999748077],[-81.39323599966993,28.502221999748077],[-81.39290599995705,28.50219999968144],[-81.39279399980406,28.502182999913884],[-81.39265099968893,28.502145000284255],[-81.39257600024418,28.502095000376805],[-81.39254500028203,28.50206200023543],[-81.39253900043424,28.50201299971939],[-81.39260100035852,28.501886000096572],[-81.39273199987977,28.501720999749125],[-81.39278799995628,28.501671999864183],[-81.3928880004137,28.501544999830944],[-81.3929379997441,28.50150699997153],[-81.3930499998971,28.50144599964926],[-81.39316200005008,28.501418999870673],[-81.39336100024171,28.501407999754196],[-81.39356100025826,28.50142999998597],[-81.39392799978106,28.501435000325074],[-81.39447599995215,28.501403000203272],[-81.39463199958777,28.50127599984628],[-81.39474999958853,28.501077999674713],[-81.39481300023603,28.50089100009261],[-81.3949370000846,28.500851999766475],[-81.39501200042768,28.50084100038037],[-81.39512399968234,28.500896999898572],[-81.39508699987243,28.50108899982559],[-81.39508100002466,28.5012159996182],[-81.39529899958454,28.50128699997647],[-81.39549799977617,28.50128699997647],[-81.39572200008215,28.501139000209747],[-81.3958590003495,28.50103399984929],[-81.39595300006083,28.500847000189204]]]},"properties":{"block_id":"120950144002002","school_id":"sch_jones_high","kids_est":0,"class":"red","shortest":{"len_m":4406.2,"mean_c":37.3,"peak_c":38.2,"dose":262.7},"coolest":{"len_m":4425.8,"mean_c":36.76,"peak_c":38.2,"dose":230.4},"delta_mean_c":-0.54,"delta_dose_pct":-12,"distance_mi":2.258,"status_now":"bus","status_rec":"bus_eligible","reason":"Coolest route mean 36.8C exceeds threshold (110 C-min dose, actual 230).","safe_until_hour":"11:00"}},{"type":"Feature","geometry":{"type":"Polygon","coordinates":[[[-81.38453600029787,28.50729400024538],[-81.38452600025211,28.506013999676927],[-81.3830530003414,28.505996000341455],[-81.38308599995338,28.506061000339393],[-81.3831179997404,28.506125000116107],[-81.38323699956611,28.506284999782704],[-81.38328000012213,28.506394999758076],[-81.38328299959686,28.50640499996545],[-81.38336700016076,28.50668600003698],[-81.38342300023726,28.506791000298605],[-81.38348599998645,28.50687899986603],[-81.3835110001008,28.5069009997464],[-81.38355999960629,28.50691800033258],[-81.38364099979714,28.50690700000004],[-81.38369100002585,28.506885000120917],[-81.3838409998137,28.506895999666344],[-81.38393399970012,28.50695099974455],[-81.38400900004318,28.50702200019059],[-81.38405900027189,28.507102999940653],[-81.38407699981524,28.507132000186918],[-81.38418300012046,28.507482999867566],[-81.38430299977105,28.507472999762403],[-81.38431700001476,28.507462000277112],[-81.38453600029787,28.50729400024538]]]},"properties":{"block_id":"120950144002001","school_id":"sch_jones_high","kids_est":0,"class":"red","shortest":{"len_m":5079.2,"mean_c":37.18,"peak_c":38.2,"dose":295.2},"coolest":{"len_m":5097.6,"mean_c":36.72,"peak_c":38.2,"dose":263.2},"delta_mean_c":-0.46,"delta_dose_pct":-11,"distance_mi":2.08,"status_now":"bus","status_rec":"bus_eligible","reason":"Coolest route mean 36.7C exceeds threshold (110 C-min dose, actual 263).","safe_until_hour":"11:00"}},{"type":"Feature","geometry":{"type":"Polygon","coordinates":[[[-81.37631899990124,28.51134399978996],[-81.37631800007634,28.511282999629763],[-81.37631700025142,28.511116999636194],[-81.37631600042653,28.51102800031194],[-81.37631300005346,28.510762999795066],[-81.37631300005346,28.510675000310197],[-81.37631200022855,28.510623000221305],[-81.37631100040365,28.51047100036093],[-81.37631100040365,28.51042000031195],[-81.37631200022855,28.510191000252448],[-81.37631700025142,28.509504000248494],[-81.37631700025142,28.509452999731987],[-81.37631600042653,28.509275999930505],[-81.37629600033503,28.509275999930505],[-81.3762379997104,28.50927900038456],[-81.37621900034213,28.50928099989778],[-81.37615599969463,28.509283000200398],[-81.37596900009689,28.509291999982754],[-81.37590700017259,28.50929599979811],[-81.37576700043051,28.509303000066613],[-81.37555700036822,28.509303000066613],[-81.37498400008279,28.509303000066613],[-81.37450700005681,28.509306999881545],[-81.37415700025245,28.509310999696325],[-81.37321499989605,28.509320999627285],[-81.37320200037558,28.509320999627285],[-81.37316499966734,28.509320999627285],[-81.37315299997178,28.509321999778187],[-81.37295700015319,28.509324000079992],[-81.37236799997423,28.5093300001958],[-81.37217299998055,28.509331999708103],[-81.37202900004051,28.509332999858902],[-81.3716690001904,28.509337999823465],[-81.3715989998702,28.50934700039054],[-81.3715629998852,28.509352999715638],[-81.37145999995303,28.509379999832028],[-81.37148800044044,28.509457000330634],[-81.37153500029609,28.50958300016414],[-81.37154699999168,28.509606999777024],[-81.37160499971799,28.509717000235394],[-81.37169400030476,28.509841999612348],[-81.3718240000011,28.51000500038977],[-81.37192600010835,28.510131999711874],[-81.37205400015488,28.510292999757777],[-81.3721119998812,28.510364999674287],[-81.37215000041434,28.510428999997302],[-81.37217700017851,28.510497000051323],[-81.37219300007206,28.510568999828575],[-81.37219700027002,28.51062800012471],[-81.37219100042222,28.51072999999685],[-81.37219100042222,28.510873999973438],[-81.37219200024714,28.511081000335466],[-81.37219200024714,28.511145000224058],[-81.37219800009491,28.512013999888076],[-81.37220700031575,28.51295899968963],[-81.37312700003251,28.512943000193633],[-81.37426199983442,28.51293199970002],[-81.37446799969875,28.512930000256024],[-81.37508700001494,28.512925999789104],[-81.37529399970418,28.51292499967236],[-81.37549799991868,28.512923000228223],[-81.37603900041708,28.51291999987784],[-81.37610999966388,28.51291700031681],[-81.37631499970328,28.512911999732523],[-81.37630899985551,28.512718999890634],[-81.37630300000772,28.512518000309672],[-81.37630499965755,28.512139999824583],[-81.37630700020568,28.511948000274774],[-81.37630800003059,28.511780999621514],[-81.37630899985551,28.51171599999057],[-81.37631899990124,28.51134399978996]]]},"properties":{"block_id":"120950139001000","school_id":"sch_jones_high","kids_est":0,"class":"red","shortest":{"len_m":5043.6,"mean_c":37.12,"peak_c":38.2,"dose":288.7},"coolest":{"len_m":5131.5,"mean_c":36.37,"peak_c":38.2,"dose":239.6},"delta_mean_c":-0.75,"delta_dose_pct":-17,"distance_mi":2.189,"status_now":"bus","status_rec":"bus_eligible","reason":"Coolest route mean 36.4C exceeds threshold (110 C-min dose, actual 240).","safe_until_hour":"12:00"}},{"type":"Feature","geometry":{"type":"Polygon","coordinates":[[[-81.37625500032715,28.506936000300172],[-81.37625399960392,28.50691399963769],[-81.37625100012917,28.506847999990903],[-81.37625100012917,28.506827000274043],[-81.3762450002814,28.506697000392556],[-81.37623900043361,28.506527000366567],[-81.37624000025853,28.50630699978695],[-81.37624000025853,28.506292999641254],[-81.37624000025853,28.506269000063764],[-81.37619599987761,28.50626699970405],[-81.37520199964267,28.506276999923557],[-81.3752030003659,28.506459000121563],[-81.37422199965147,28.50646999971144],[-81.37421400015384,28.5066139999776],[-81.37420099973507,28.506754000135615],[-81.37419599971219,28.50681300019736],[-81.37419700043543,28.506869999877736],[-81.37419700043543,28.50689100037546],[-81.37420099973507,28.506910999905813],[-81.37420800030607,28.50693100022177],[-81.3742180003518,28.50695099974455],[-81.37423000004739,28.506968999706466],[-81.37424099991802,28.50695900034198],[-81.37426299965934,28.50695099974455],[-81.37434100037547,28.50694699984028],[-81.37454100039201,28.50694199976239],[-81.37528299983353,28.50692700031675],[-81.37549000042107,28.506927999700963],[-81.37573399992023,28.506930000048197],[-81.37573300009532,28.506835000091495],[-81.37573200027042,28.50670799995759],[-81.37620199972538,28.50670799995759],[-81.37620400027352,28.506841999733915],[-81.37620400027352,28.506859999714447],[-81.37620400027352,28.50691700015888],[-81.37620400027352,28.506936000300172],[-81.37624399955818,28.506936000300172],[-81.37625500032715,28.506936000300172]]]},"properties":{"block_id":"120950139001012","school_id":"sch_jones_high","kids_est":0,"class":"red","shortest":{"len_m":5295.9,"mean_c":37.17,"peak_c":38.2,"dose":306.8},"coolest":{"len_m":5499.8,"mean_c":36.42,"peak_c":38.2,"dose":260.7},"delta_mean_c":-0.75,"delta_dose_pct":-15,"distance_mi":2.371,"status_now":"bus","status_rec":"bus_eligible","reason":"Coolest route mean 36.4C exceeds threshold (110 C-min dose, actual 261).","safe_until_hour":"12:00"}},{"type":"Feature","geometry":{"type":"Polygon","coordinates":[[[-81.37812300024808,28.50307900013723],[-81.37811200037743,28.50303800019886],[-81.3780909995627,28.502952000218595],[-81.37800100004934,28.502571999760402],[-81.37797099991212,28.502446000237065],[-81.3779349999271,28.50230000016261],[-81.37782899962188,28.50186500018151],[-81.37779400036011,28.501720000315576],[-81.37771200034433,28.50138200019207],[-81.37762799978044,28.50103699974825],[-81.37749899990902,28.501042000105983],[-81.37701799968508,28.501060999726402],[-81.37693999986728,28.50106199995561],[-81.37694499989014,28.50171799986958],[-81.3764439995747,28.50172300019503],[-81.37634700038866,28.501721999972084],[-81.37622600001482,28.501726000074438],[-81.37624000025853,28.501972000156247],[-81.37624399955818,28.502023999772778],[-81.37625100012917,28.502188999646425],[-81.3762589996268,28.5023609999912],[-81.3762589996268,28.50237899994682],[-81.37626199999984,28.502434000011466],[-81.37626299982476,28.502453000170657],[-81.37626700002271,28.502582000330143],[-81.37628000044151,28.502971999706208],[-81.37628499956605,28.503102000230484],[-81.37628700011419,28.503184000041554],[-81.37628499956605,28.503246000357016],[-81.37628000044151,28.503601000366803],[-81.37627899971827,28.503678000346955],[-81.37627700006846,28.503822999890446],[-81.37639099987126,28.50382599971011],[-81.37639099987126,28.503771999785172],[-81.37639099987126,28.503597000335557],[-81.37639099987126,28.503268000205555],[-81.37639099987126,28.503099999810694],[-81.376737000376,28.50309299992],[-81.37681099999584,28.50309199971003],[-81.37777599991844,28.503081999978072],[-81.37799299965342,28.50308000034734],[-81.37812300024808,28.50307900013723]]]},"properties":{"block_id":"120950139001023","school_id":"sch_jones_high","kids_est":0,"class":"red","shortest":{"len_m":5771.3,"mean_c":37.15,"peak_c":38.2,"dose":332.3},"coolest":{"len_m":6026.9,"mean_c":36.46,"peak_c":38.2,"dose":289.1},"delta_mean_c":-0.69,"delta_dose_pct":-13,"distance_mi":2.545,"status_now":"bus","status_rec":"bus_eligible","reason":"Coolest route mean 36.5C exceeds threshold (110 C-min dose, actual 289).","safe_until_hour":"11:00"}},{"type":"Feature","geometry":{"type":"Polygon","coordinates":[[[-81.39491399962007,28.509352999715638],[-81.39491299979515,28.50928099989778],[-81.39491199997023,28.50909999998509],[-81.39449000019584,28.509095000009253],[-81.39322700034741,28.50908100023354],[-81.39280600039794,28.50907699962068],[-81.39280800004775,28.509452999731987],[-81.39281300007063,28.51001400011054],[-81.39281300007063,28.510096000074963],[-81.3928180000935,28.51052700029343],[-81.3928180000935,28.51058099991821],[-81.39282399994129,28.510958000329484],[-81.3931200002173,28.51095200030628],[-81.3940070003221,28.510936999852103],[-81.394304000423,28.510931999963336],[-81.39432100014146,28.51093099982764],[-81.3943739998449,28.510929999691978],[-81.39439200028657,28.510929999691978],[-81.39447400030232,28.510928000210033],[-81.39457499968636,28.510927000074343],[-81.39465000002942,28.510911000270102],[-81.39471299977862,28.510883999756206],[-81.39478399992373,28.510842000346493],[-81.39480599966504,28.510819999709252],[-81.39482999995447,28.510797999856806],[-81.39486299956643,28.510750999726117],[-81.39487699981014,28.510717999924147],[-81.39489600007673,28.51067400017212],[-81.39490399957432,28.510618999666892],[-81.39490399957432,28.51057899964026],[-81.39490500029756,28.510465000310003],[-81.39490799977227,28.510149999920465],[-81.39491000032042,28.51000699988924],[-81.39491000032042,28.509825000286725],[-81.39491199997023,28.509594000217643],[-81.39491399962007,28.509352999715638]]]},"properties":{"block_id":"120950144001026","school_id":"sch_jones_high","kids_est":0,"class":"red","shortest":{"len_m":3638.5,"mean_c":37.41,"peak_c":38.2,"dose":222.8},"coolest":{"len_m":3724.0,"mean_c":36.75,"peak_c":38.2,"dose":193.3},"delta_mean_c":-0.66,"delta_dose_pct":-13,"distance_mi":1.645,"status_now":"walk","status_rec":"bus_eligible","reason":"Coolest route mean 36.8C exceeds threshold (110 C-min dose, actual 193).","safe_until_hour":"12:00"}},{"type":"Feature","geometry":{"type":"Polygon","coordinates":[[[-81.39432199996635,28.5112719997524],[-81.39432000031654,28.51099700007737],[-81.39432100014146,28.51093099982764],[-81.394304000423,28.510931999963336],[-81.3940070003221,28.510936999852103],[-81.3931200002173,28.51095200030628],[-81.39282399994129,28.510958000329484],[-81.39282399994129,28.511069999647646],[-81.3928259995911,28.511406000046062],[-81.39282700031434,28.511518999807993],[-81.39282700031434,28.511576000103016],[-81.39282800013925,28.51174900026969],[-81.39282899996415,28.511806999778383],[-81.3928399998348,28.5118220001089],[-81.39283399998703,28.511868999762342],[-81.39283200033722,28.511885000210647],[-81.39284800023073,28.511885000210647],[-81.39290599995705,28.51188799980104],[-81.39295799983559,28.511892000307327],[-81.39295799983559,28.511951999989343],[-81.39296200003355,28.512277000173647],[-81.39314699998147,28.512139999824583],[-81.39316200005008,28.51212900003659],[-81.39316100022518,28.51194899961139],[-81.39319999968491,28.51194299964456],[-81.39343499986157,28.511903000120036],[-81.39350900037972,28.511849999720233],[-81.39365900016755,28.511741000035553],[-81.39386500003187,28.5115950001945],[-81.39386400020696,28.511561999867194],[-81.39386199965882,28.511422999906223],[-81.3938609998339,28.511365000186366],[-81.39416799998058,28.511362999923225],[-81.39419700029289,28.51136199979166],[-81.39432199996635,28.5112719997524]]]},"properties":{"block_id":"120950144001015","school_id":"sch_jones_high","kids_est":0,"class":"red","shortest":{"len_m":3346.0,"mean_c":37.44,"peak_c":38.2,"dose":206.2},"coolest":{"len_m":3365.6,"mean_c":36.74,"peak_c":38.2,"dose":173.9},"delta_mean_c":-0.7,"delta_dose_pct":-16,"distance_mi":1.558,"status_now":"walk","status_rec":"bus_eligible","reason":"Coolest route mean 36.7C exceeds threshold (110 C-min dose, actual 174).","safe_until_hour":"14:00"}},{"type":"Feature","geometry":{"type":"Polygon","coordinates":[[[-81.39075600000382,28.510064000211944],[-81.39073799956216,28.510016999754203],[-81.39073699973723,28.50990100031509],[-81.39073699973723,28.509686999762963],[-81.39073099988946,28.509403000130366],[-81.39072800041471,28.509237999698062],[-81.39072400021676,28.50921500015312],[-81.39070099975223,28.50919199981379],[-81.39067499981297,28.50918599969012],[-81.39038799975778,28.509190000298855],[-81.39007599958823,28.509195999632922],[-81.38928100044326,28.509200000241275],[-81.38896699972561,28.50920199975602],[-81.3889180002201,28.509225000093174],[-81.38889300010574,28.50925499990765],[-81.38888300006,28.50927900038456],[-81.38887399983918,28.50938499979435],[-81.3888479998999,28.509709999994357],[-81.38882799980843,28.50979999978767],[-81.38879199982341,28.509889000148075],[-81.38874800034078,28.509966999630524],[-81.38870300013495,28.510036000126508],[-81.38883600020435,28.510086000217477],[-81.38888499970983,28.51009000000273],[-81.38910599964277,28.51009000000273],[-81.38919799970428,28.510091000146343],[-81.38966100038486,28.510081999642747],[-81.39034299955195,28.510075000215295],[-81.39052000000227,28.51007400007152],[-81.39075600000382,28.510064000211944]]]},"properties":{"block_id":"120950144001019","school_id":"sch_jones_high","kids_est":3,"class":"red","shortest":{"len_m":3775.6,"mean_c":37.37,"peak_c":38.2,"dose":229.2},"coolest":{"len_m":3795.2,"mean_c":36.75,"peak_c":38.2,"dose":196.9},"delta_mean_c":-0.62,"delta_dose_pct":-14,"distance_mi":1.74,"status_now":"walk","status_rec":"bus_eligible","reason":"Coolest route mean 36.8C exceeds threshold (110 C-min dose, actual 197).","safe_until_hour":"12:00"}},{"type":"Feature","geometry":{"type":"Polygon","coordinates":[[[-81.39517800010901,28.51045900025876],[-81.39517499973599,28.510066999854182],[-81.39499700035906,28.51000599974481],[-81.39491000032042,28.51000699988924],[-81.39490799977227,28.510149999920465],[-81.39490500029756,28.510465000310003],[-81.39517800010901,28.51045900025876]]]},"properties":{"block_id":"120950144001013","school_id":"sch_jones_high","kids_est":0,"class":"red","shortest":{"len_m":3625.5,"mean_c":37.41,"peak_c":38.2,"dose":222.1},"coolest":{"len_m":3710.6,"mean_c":36.75,"peak_c":38.2,"dose":192.5},"delta_mean_c":-0.66,"delta_dose_pct":-13,"distance_mi":1.614,"status_now":"walk","status_rec":"bus_eligible","reason":"Coolest route mean 36.8C exceeds threshold (110 C-min dose, actual 192).","safe_until_hour":"12:00"}},{"type":"Feature","geometry":{"type":"Polygon","coordinates":[[[-81.38409199988385,28.50748199969922],[-81.38418300012046,28.507482999867566],[-81.38407699981524,28.507132000186918],[-81.38405900027189,28.507102999940653],[-81.38400900004318,28.50702200019059],[-81.38393399970012,28.50695099974455],[-81.3838409998137,28.506895999666344],[-81.38369100002585,28.506885000120917],[-81.38364099979714,28.50690700000004],[-81.38355999960629,28.50691800033258],[-81.3835110001008,28.5069009997464],[-81.38348599998645,28.50687899986603],[-81.38342300023726,28.506791000298605],[-81.38336700016076,28.50668600003698],[-81.38328299959686,28.50640499996545],[-81.38328000012213,28.506394999758076],[-81.38323699956611,28.506284999782704],[-81.3831179997404,28.506125000116107],[-81.38308599995338,28.506061000339393],[-81.3830530003414,28.505996000341455],[-81.38262999984379,28.505995000158975],[-81.38250400034539,28.50599399997652],[-81.38237399975074,28.50599799991692],[-81.38229400028312,28.505999000099337],[-81.38175100013491,28.506005999797235],[-81.3800680001619,28.506036999919733],[-81.3799200000239,28.505400999834855],[-81.37961899972501,28.504112999958437],[-81.37946599956413,28.503459999765415],[-81.37936900037806,28.50306800019385],[-81.37927099957047,28.503069999824813],[-81.37905399983549,28.503072000245176],[-81.37864999960445,28.50307600029632],[-81.3784050002804,28.50307699971702],[-81.37818900037033,28.50307900013723],[-81.37820199989079,28.503114999800435],[-81.37821399958636,28.503141999934495],[-81.37823200002802,28.503192000135247],[-81.37825999961711,28.503295999719093],[-81.37828200025672,28.50336200000905],[-81.37850700038763,28.504305999757957],[-81.37851999990811,28.504360000198997],[-81.37900899962966,28.506407999711705],[-81.37925300002713,28.50738300035191],[-81.37940100016513,28.508006999947956],[-81.37951800034098,28.508494999610367],[-81.37953900025738,28.50869500038566],[-81.3795609999987,28.508824000017494],[-81.37963999964141,28.509158000161023],[-81.37966200028104,28.50924799963594],[-81.379807000046,28.509243999818768],[-81.38001999958301,28.50924000000148],[-81.38024200023916,28.50924100015316],[-81.38038799982904,28.509242999667116],[-81.3804849999134,28.509242999667116],[-81.38062499965551,28.50924100015316],[-81.38102999971146,28.50923700033572],[-81.38133799968304,28.509232999728766],[-81.38157600023271,28.50923100021462],[-81.38175000031,28.50922899991106],[-81.38184999986912,28.50922799975924],[-81.38227199964349,28.50923100021462],[-81.38238100032176,28.509232999728766],[-81.38241300010881,28.50922399994133],[-81.38243900004808,28.509205000212148],[-81.38245499994159,28.509178000050955],[-81.38246599981225,28.508847999803105],[-81.38246900018531,28.5087840000996],[-81.3824609997894,28.508081000171394],[-81.38247099983514,28.50795199963093],[-81.38249599994948,28.507865000333933],[-81.38253500030754,28.50778200004851],[-81.3826030000796,28.507687000069687],[-81.3827090003848,28.50757699986267],[-81.38273399960084,28.507537000261276],[-81.3827500003927,28.50749199980356],[-81.38294500038637,28.50748900008809],[-81.38353299984212,28.50748100032024],[-81.38373000038392,28.5074789999835],[-81.3838199998973,28.5074789999835],[-81.38409199988385,28.50748199969922]]]},"properties":{"block_id":"120950144002000","school_id":"sch_jones_high","kids_est":8,"class":"red","shortest":{"len_m":4935.7,"mean_c":37.19,"peak_c":38.2,"dose":287.2},"coolest":{"len_m":4954.1,"mean_c":36.71,"peak_c":38.2,"dose":255.2},"delta_mean_c":-0.48,"delta_dose_pct":-11,"distance_mi":2.163,"status_now":"bus","status_rec":"bus_eligible","reason":"Coolest route mean 36.7C exceeds threshold (110 C-min dose, actual 255).","safe_until_hour":"11:00"}},{"type":"Feature","geometry":{"type":"Polygon","coordinates":[[[-81.38400099964727,28.498542000102965],[-81.38399800017253,28.49837400007837],[-81.38399099960151,28.497872999967846],[-81.3839889999517,28.49770599992879],[-81.38368500017808,28.49771499990926],[-81.38367099993438,28.49771499990926],[-81.38291400042424,28.49771499990926],[-81.38271699988243,28.497716999641668],[-81.3823989998651,28.497720999895833],[-81.38208199967269,28.497722999628127],[-81.38112299959788,28.49773199960716],[-81.38081600034954,28.49772699988203],[-81.38081700017443,28.497892000158817],[-81.38081999964918,28.498387000230824],[-81.38082100037239,28.498552000265164],[-81.38091799955846,28.49855500023468],[-81.38145599968382,28.498551000012153],[-81.38336499961264,28.498539000133068],[-81.38368500017808,28.49853699962678],[-81.38400099964727,28.498542000102965]]]},"properties":{"block_id":"120950144002015","school_id":"sch_jones_high","kids_est":4,"class":"red","shortest":{"len_m":6740.9,"mean_c":37.1,"peak_c":38.2,"dose":384.2},"coolest":{"len_m":6996.5,"mean_c":36.51,"peak_c":38.2,"dose":341.0},"delta_mean_c":-0.59,"delta_dose_pct":-11,"distance_mi":2.642,"status_now":"bus","status_rec":"bus_eligible","reason":"Coolest route mean 36.5C exceeds threshold (110 C-min dose, actual 341).","safe_until_hour":"11:00"}},{"type":"Feature","geometry":{"type":"Polygon","coordinates":[[[-81.37957100004444,28.51832800030121],[-81.3795609999987,28.51776900008546],[-81.37956199982361,28.51748400004077],[-81.3778360001929,28.517496000132976],[-81.37702199988304,28.51751000037035],[-81.37636300028217,28.517513999874048],[-81.37636900012996,28.518279000237037],[-81.37636800030505,28.518414999650343],[-81.3764069997648,28.5184269996366],[-81.37670700023877,28.518430999894836],[-81.37806999964631,28.518412000245526],[-81.37947899998294,28.518398000127917],[-81.3795190001659,28.518391999738643],[-81.37955099995295,28.518370999952193],[-81.37955900034888,28.518356999829138],[-81.37957100004444,28.51832800030121]]]},"properties":{"block_id":"120950185003043","school_id":"sch_jones_high","kids_est":17,"class":"red","shortest":{"len_m":3977.9,"mean_c":36.52,"peak_c":38.2,"dose":194.7},"coolest":{"len_m":4009.2,"mean_c":36.37,"peak_c":38.2,"dose":187.3},"delta_mean_c":-0.15,"delta_dose_pct":-4,"distance_mi":1.703,"status_now":"walk","status_rec":"bus_eligible","reason":"Coolest route mean 36.4C exceeds threshold (110 C-min dose, actual 187).","safe_until_hour":"14:00"}},{"type":"Feature","geometry":{"type":"Polygon","coordinates":[[[-81.39054000009375,28.513897999851356],[-81.39053400024596,28.513770000218877],[-81.39017600004567,28.51376599978381],[-81.38973800037776,28.513762000138033],[-81.38910200034312,28.513762000138033],[-81.38874499996776,28.513762000138033],[-81.38874599979266,28.51389099988775],[-81.3887490001657,28.514278999872975],[-81.38875099981554,28.514408999882356],[-81.38875099981554,28.51446000037057],[-81.38875199964043,28.514613000108422],[-81.38875300036366,28.51466499980888],[-81.38879900039443,28.514663999708638],[-81.38893699958837,28.514662999608383],[-81.38898400034236,28.514662999608383],[-81.38921399959781,28.514661000197133],[-81.38972599978389,28.514655999695616],[-81.38977699983751,28.51455699997734],[-81.38986999972393,28.51455699997734],[-81.38993300037143,28.514529000295283],[-81.38992999999839,28.514213000098266],[-81.39008599963398,28.514211999993737],[-81.39023999961978,28.514103999698282],[-81.3903950003288,28.513997000188184],[-81.39054000009375,28.513897999851356]]]},"properties":{"block_id":"120950144001006","school_id":"sch_jones_high","kids_est":3,"class":"red","shortest":{"len_m":3451.3,"mean_c":37.37,"peak_c":38.2,"dose":209.5},"coolest":{"len_m":3469.7,"mean_c":36.69,"peak_c":38.2,"dose":177.5},"delta_mean_c":-0.68,"delta_dose_pct":-15,"distance_mi":1.463,"status_now":"walk","status_rec":"bus_eligible","reason":"Coolest route mean 36.7C exceeds threshold (110 C-min dose, actual 178).","safe_until_hour":"14:00"}},{"type":"Feature","geometry":{"type":"Polygon","coordinates":[[[-81.38309299962606,28.51285700039432],[-81.38306400021206,28.512668000139243],[-81.38306099983902,28.512644999763488],[-81.38296399975462,28.51231600022315],[-81.38293500034062,28.512216999887073],[-81.38284800030199,28.512036999612057],[-81.38276000043844,28.511873999606692],[-81.38255100020108,28.51141900017153],[-81.38252100006385,28.511313999780274],[-81.38249500012456,28.51122300035651],[-81.38245999996447,28.51102600004246],[-81.38244499989585,28.510994999807306],[-81.3824199997815,28.51096900023961],[-81.38238600034462,28.51095200030628],[-81.38236600025316,28.510946999628853],[-81.38231600002443,28.510950000035365],[-81.3820399998399,28.510947999764337],[-81.38163800015701,28.510946999628853],[-81.38119700011605,28.51095899967549],[-81.38088699959633,28.510958000329484],[-81.38054400036296,28.510963000217014],[-81.38050500000492,28.51097699974296],[-81.38047900006563,28.511000999828067],[-81.3804690000199,28.51102299963816],[-81.38046700037006,28.511087000351342],[-81.38046399999702,28.51122599996572],[-81.38047900006563,28.511460000010246],[-81.38048699956323,28.511584999689745],[-81.38059700006642,28.51180099980347],[-81.38092799960421,28.512451000101134],[-81.38103899993227,28.512668000139243],[-81.38104700032821,28.512705999925405],[-81.38107099971933,28.51282200022645],[-81.38107900011525,28.512861000074473],[-81.38119399974298,28.51285999995712],[-81.38154199989754,28.512857999722385],[-81.38165800024848,28.512857999722385],[-81.38240300006306,28.51286900022371],[-81.38309299962606,28.51285700039432]]]},"properties":{"block_id":"120950144001002","school_id":"sch_jones_high","kids_est":5,"class":"red","shortest":{"len_m":4236.0,"mean_c":37.23,"peak_c":38.2,"dose":249.4},"coolest":{"len_m":4254.4,"mean_c":36.68,"peak_c":38.2,"dose":217.4},"delta_mean_c":-0.55,"delta_dose_pct":-13,"distance_mi":1.841,"status_now":"walk","status_rec":"bus_eligible","reason":"Coolest route mean 36.7C exceeds threshold (110 C-min dose, actual 217).","safe_until_hour":"12:00"}},{"type":"Feature","geometry":{"type":"Polygon","coordinates":[[[-81.39290500013215,28.520088999930092],[-81.39290199975909,28.519907000361254],[-81.39289500008641,28.51936299988123],[-81.39289300043657,28.519181999905975],[-81.39248199963453,28.51918400002076],[-81.39124999974824,28.51919399980493],[-81.3908399996694,28.519198000034024],[-81.39084100039264,28.51938000003735],[-81.39084700024041,28.519926999791455],[-81.39084899989022,28.520110000163704],[-81.39125999979397,28.520104999920513],[-81.39249300040348,28.520092000076463],[-81.39290500013215,28.520088999930092]]]},"properties":{"block_id":"120950185002010","school_id":"sch_jones_high","kids_est":28,"class":"red","shortest":{"len_m":2542.4,"mean_c":37.2,"peak_c":38.2,"dose":148.1},"coolest":{"len_m":2572.8,"mean_c":36.67,"peak_c":38.2,"dose":131.3},"delta_mean_c":-0.53,"delta_dose_pct":-11,"distance_mi":1.061,"status_now":"walk","status_rec":"bus_eligible","reason":"Coolest route mean 36.7C exceeds threshold (110 C-min dose, actual 131).","safe_until_hour":"14:00"}},{"type":"Feature","geometry":{"type":"Polygon","coordinates":[[[-81.39283399998703,28.511868999762342],[-81.3928399998348,28.5118220001089],[-81.39282899996415,28.511806999778383],[-81.39282800013925,28.51174900026969],[-81.39282700031434,28.511576000103016],[-81.39282700031434,28.511518999807993],[-81.3928259995911,28.511406000046062],[-81.39282399994129,28.511069999647646],[-81.39282399994129,28.510958000329484],[-81.3928180000935,28.51058099991821],[-81.3928180000935,28.51052700029343],[-81.39281300007063,28.510096000074963],[-81.39281300007063,28.51001400011054],[-81.39280800004775,28.509452999731987],[-81.39280600039794,28.50907699962068],[-81.3928039998498,28.508908999792737],[-81.39280100037506,28.508405999652634],[-81.39279999965184,28.508238999706627],[-81.3927960003522,28.507331000218937],[-81.39278600030646,28.50641900009629],[-81.39278399975831,28.506234000078127],[-81.39277899973546,28.505678999656],[-81.3927829999334,28.505495000106247],[-81.39255600015268,28.505496000293434],[-81.39202899989799,28.50550099965041],[-81.39198399969216,28.505484999812605],[-81.39196000030101,28.505465000011924],[-81.39193900038461,28.505425999797616],[-81.39193799966141,28.505396999871824],[-81.39194600005732,28.50536900012645],[-81.39204200031678,28.505198000138776],[-81.39197000034676,28.505170999741416],[-81.39189400017878,28.505154999853563],[-81.39185499982071,28.50515200007169],[-81.39140499955893,28.505157000234398],[-81.38947499971373,28.505178999684468],[-81.38935000004024,28.505181000064816],[-81.38925399978078,28.505170999741416],[-81.38916199971926,28.505145000317135],[-81.38904899974136,28.505104999793662],[-81.38897900031948,28.505058999686028],[-81.38892200041806,28.505000000222225],[-81.38889899995354,28.504967000200036],[-81.38880100004425,28.50503200004255],[-81.38850999979111,28.505225999929543],[-81.38841299970673,28.505291999801603],[-81.38842600012553,28.505324000322766],[-81.38845700008766,28.505367999938056],[-81.38853200043073,28.505423000023434],[-81.38860699987548,28.505461000051344],[-81.3886999997619,28.505493999919025],[-81.38883700002926,28.50552799996328],[-81.38917400031315,28.505538999650216],[-81.38926100035178,28.505517000275223],[-81.38977799966241,28.505505999796597],[-81.39055000013948,28.50551200012956],[-81.3904320001387,28.505802999686438],[-81.39038799975778,28.505974000272325],[-81.3903950003288,28.50598300033705],[-81.39047499979641,28.506088999901124],[-81.39061799991156,28.506386999907264],[-81.39068700040684,28.506496999776303],[-81.39071199962288,28.506574000011092],[-81.39071199962288,28.506688999775243],[-81.39064899987369,28.506871000051895],[-81.39057400042893,28.5069919997411],[-81.39036900038953,28.50724999985452],[-81.3902630000843,28.50742099967379],[-81.39006300006777,28.507927000266765],[-81.38997600002914,28.508102999801114],[-81.38974500005045,28.50842800000393],[-81.38950900004889,28.508575999808226],[-81.38915300039675,28.508725000350832],[-81.38879799967118,28.508851000269296],[-81.3887270004244,28.508917999607064],[-81.38854900014917,28.509087999726958],[-81.38843699999617,28.50916999962179],[-81.38816300035978,28.509418000013365],[-81.38801900041975,28.509577000062723],[-81.3878260000759,28.509852000282315],[-81.38778199969495,28.5099839997226],[-81.38777599984718,28.51007199978394],[-81.38780099996154,28.510137999781783],[-81.38790700026675,28.5102319997791],[-81.38796300034325,28.51029799967682],[-81.38802500026752,28.510419000171456],[-81.38804399963578,28.510495999911537],[-81.38812499982664,28.51064500011025],[-81.38818099990313,28.510842999693605],[-81.3881869997509,28.51093599971644],[-81.38816199963657,28.51108500008297],[-81.38810599956005,28.51118399990281],[-81.38803100011532,28.5112719997524],[-81.38791899996231,28.51134299965822],[-81.38740199975338,28.511618000009854],[-81.3873270003086,28.511668000140286],[-81.38716499992691,28.5118329999289],[-81.38710899985041,28.511936999677385],[-81.38703299968242,28.512106999667804],[-81.38699000002472,28.512207000230738],[-81.38689700013829,28.51237199996547],[-81.38677800031262,28.512498000263665],[-81.38649799993013,28.512729999617086],[-81.38628600021804,28.512850000361684],[-81.38616099964624,28.512877999700112],[-81.38599900016284,28.512877999700112],[-81.38585000019992,28.51284499977429],[-81.38555099955087,28.512750999737484],[-81.38535800010534,28.51270700004422],[-81.38518900005094,28.51270700004422],[-81.38504000008801,28.512696000315366],[-81.38491500041455,28.51263500014767],[-81.3847849998199,28.512585999806294],[-81.38469299975839,28.512564000322197],[-81.38466599999421,28.51255800039034],[-81.38463199965902,28.512555000029625],[-81.3846300000092,28.51285700039432],[-81.38453700012278,28.51285700039432],[-81.38453700012278,28.512978999648276],[-81.3845379999477,28.513020999785777],[-81.38453600029787,28.51310700024068],[-81.38466099997133,28.51301299964808],[-81.38470700000208,28.512992999695935],[-81.38478099962195,28.51297800032135],[-81.38483099985065,28.512977000205105],[-81.38497300014087,28.51300500029918],[-81.38501999999654,28.51301599999581],[-81.38567000027487,28.51317700037565],[-81.38572899982611,28.513189000168577],[-81.3859680002007,28.513238000229876],[-81.38599900016284,28.513244000123034],[-81.38610399974483,28.513239000343642],[-81.38620500002718,28.51321499997842],[-81.38626899960128,28.513190000282815],[-81.38653800011309,28.51303300038583],[-81.38667299983231,28.51296900006411],[-81.38681699977236,28.51292200011147],[-81.38696699956019,28.512891999761248],[-81.3871299997668,28.51287899981729],[-81.38728999960038,28.512866999989093],[-81.38743899956329,28.512849000244227],[-81.38747500044661,28.51280000000226],[-81.3875170002794,28.512757999776746],[-81.38762799970918,28.512604000385405],[-81.38780000013662,28.512366000022695],[-81.38788399980221,28.51227299968197],[-81.38798000006167,28.512190999831272],[-81.38813099967442,28.512089999917894],[-81.38830800012474,28.511990000033475],[-81.3885790002864,28.51183899990199],[-81.38863299981475,28.511801999930874],[-81.3886910004394,28.511745999885896],[-81.3887130001807,28.51171599999057],[-81.3887680004323,28.51164500033584],[-81.38881500028793,28.511565000256212],[-81.38884600025008,28.511477999992213],[-81.38885899977056,28.511388000051866],[-81.3888549995726,28.51129800003473],[-81.38883200000639,28.511206999807776],[-81.38881600011285,28.511140999689506],[-81.38878099995276,28.511032000061466],[-81.38871599965543,28.510834000043506],[-81.38863100016493,28.510573999734536],[-81.38861199989836,28.51049800019113],[-81.3886000002028,28.510381000350737],[-81.38860900042361,28.51029399989948],[-81.38862399959392,28.510227999999305],[-81.3886289996168,28.510208000308413],[-81.38865899975401,28.510124000144476],[-81.38870300013495,28.510036000126508],[-81.38874800034078,28.509966999630524],[-81.38879199982341,28.509889000148075],[-81.38882799980843,28.50979999978767],[-81.3888479998999,28.509709999994357],[-81.38887399983918,28.50938499979435],[-81.38888300006,28.50927900038456],[-81.38889300010574,28.50925499990765],[-81.3889180002201,28.509225000093174],[-81.38896699972561,28.50920199975602],[-81.38928100044326,28.509200000241275],[-81.39007599958823,28.509195999632922],[-81.39038799975778,28.509190000298855],[-81.39067499981297,28.50918599969012],[-81.39070099975223,28.50919199981379],[-81.39072400021676,28.50921500015312],[-81.39072800041471,28.509237999698062],[-81.39073099988946,28.509403000130366],[-81.39073699973723,28.509686999762963],[-81.39073699973723,28.50990100031509],[-81.39073799956216,28.510016999754203],[-81.39075600000382,28.510064000211944],[-81.39078199994309,28.510091000146343],[-81.39081799992809,28.510109999715986],[-81.39081700010317,28.510227999999305],[-81.39081499955505,28.510493000281567],[-81.39080799988234,28.51075900003535],[-81.39080100020966,28.510817000088426],[-81.39079100016392,28.510915000024056],[-81.39078199994309,28.510952999652336],[-81.390754000354,28.511005000367938],[-81.39077000024751,28.51103099992676],[-81.39077400044549,28.511175999625817],[-81.39078199994309,28.511408999650143],[-81.39077899957003,28.51170600028667],[-81.39077799974513,28.511882999957365],[-81.39078000029326,28.512069999790743],[-81.39078600014105,28.512444000041565],[-81.39078500031611,28.512632999908664],[-81.39078500031611,28.512643000314046],[-81.39078899961576,28.512821000108715],[-81.39087200035478,28.51281999999098],[-81.39112400024986,28.512817999755498],[-81.39120899974034,28.512817999755498],[-81.39126399999193,28.512817999755498],[-81.39135600005343,28.512808000156067],[-81.39142899984836,28.512789999611766],[-81.3914459995668,28.51278700004703],[-81.39148300027506,28.51277500020829],[-81.39157000031368,28.512744999816263],[-81.39165800017723,28.5126979997638],[-81.39173599999503,28.512641000075128],[-81.39174199984281,28.512632999908664],[-81.39214600007386,28.512208999688447],[-81.39221499967084,28.512158999814453],[-81.3922900000139,28.512118000247458],[-81.39237200002967,28.51208700033325],[-81.39242100043347,28.512074999625554],[-81.3924580002434,28.512067000205477],[-81.39253299968814,28.51206100024535],[-81.39260700020631,28.51206200037027],[-81.39271799963608,28.51207400029007],[-81.39273299970469,28.512076999875145],[-81.39277799991054,28.51208700033325],[-81.39279299997915,28.51209100004255],[-81.3928259995911,28.512099000250196],[-81.39282800013925,28.511992000284668],[-81.39283200033722,28.511885000210647],[-81.39283399998703,28.511868999762342]]]},"properties":{"block_id":"120950144001017","school_id":"sch_jones_high","kids_est":20,"class":"red","shortest":{"len_m":3775.6,"mean_c":37.37,"peak_c":38.2,"dose":229.2},"coolest":{"len_m":3795.2,"mean_c":36.75,"peak_c":38.2,"dose":196.9},"delta_mean_c":-0.62,"delta_dose_pct":-14,"distance_mi":1.753,"status_now":"walk","status_rec":"bus_eligible","reason":"Coolest route mean 36.8C exceeds threshold (110 C-min dose, actual 197).","safe_until_hour":"12:00"}},{"type":"Feature","geometry":{"type":"Polygon","coordinates":[[[-81.39708500038803,28.52314799988537],[-81.39708399966479,28.52275300000859],[-81.39667299976105,28.522761000196603],[-81.39637599966012,28.522771999664883],[-81.3961349996357,28.522770999641523],[-81.39558900001278,28.522780999874747],[-81.3952619997746,28.522779999851476],[-81.39293400044446,28.52281199980248],[-81.39293400044446,28.5234300003546],[-81.39293899956901,28.523643999854638],[-81.39294000029224,28.523709000026148],[-81.39303900002645,28.52370599998264],[-81.39347500004453,28.523691999778684],[-81.39488900040402,28.52367100025856],[-81.39500300020686,28.52367100025856],[-81.39559800023359,28.523668000214045],[-81.3970789996419,28.52367600033262],[-81.39708000036515,28.523632999688047],[-81.39708500038803,28.52314799988537]]]},"properties":{"block_id":"120950185001036","school_id":"sch_jones_high","kids_est":2,"class":"yellow","shortest":{"len_m":1797.1,"mean_c":37.44,"peak_c":38.2,"dose":110.8},"coolest":{"len_m":1801.8,"mean_c":37.27,"peak_c":38.2,"dose":107.1},"delta_mean_c":-0.17,"delta_dose_pct":-3,"distance_mi":0.756,"status_now":"walk","status_rec":"reroute","reason":"Shortest route exceeds threshold, but coolest route mean 37.3C stays under it (dose 107).","safe_until_hour":null}},{"type":"Feature","geometry":{"type":"Polygon","coordinates":[[[-81.40123299995851,28.517962000157453],[-81.40123299995851,28.517804000190196],[-81.40122799993566,28.517420000052248],[-81.40122600028585,28.517239999974908],[-81.400808999636,28.517242000126526],[-81.40009499978356,28.517247999791905],[-81.39955800038145,28.51725599960829],[-81.39914199955652,28.517263000137817],[-81.39914300027975,28.517445000323736],[-81.39914499992958,28.517783000286652],[-81.39914999995244,28.5179939999921],[-81.39915599980021,28.518176999772603],[-81.39927700017405,28.518174000361018],[-81.39957099990193,28.51816900002601],[-81.40081700003192,28.518149000262373],[-81.40123299995851,28.518142999858927],[-81.40123299995851,28.517962000157453]]]},"properties":{"block_id":"120950116001023","school_id":"sch_jones_high","kids_est":2,"class":"red","shortest":{"len_m":1917.5,"mean_c":37.89,"peak_c":38.2,"dose":130.2},"coolest":{"len_m":1917.5,"mean_c":37.89,"peak_c":38.2,"dose":130.2},"delta_mean_c":0.0,"delta_dose_pct":0,"distance_mi":1.074,"status_now":"walk","status_rec":"bus_eligible","reason":"Coolest route mean 37.9C exceeds threshold (110 C-min dose, actual 130).","safe_until_hour":"14:00"}},{"type":"Feature","geometry":{"type":"Polygon","coordinates":[[[-81.39706899959617,28.520935999983365],[-81.39706199992348,28.52003000019102],[-81.39645199982812,28.520037999796347],[-81.39612399976505,28.520049000338037],[-81.39496700022184,28.520065000334526],[-81.3949660003969,28.520481000180883],[-81.3949720002447,28.520895999923322],[-81.39496899987165,28.52097600002824],[-81.39520900007116,28.52097600002824],[-81.39555300002776,28.52096799970476],[-81.39599900009158,28.52096400033209],[-81.39674700027922,28.520940000146428],[-81.39706899959617,28.520935999983365]]]},"properties":{"block_id":"120950185001043","school_id":"sch_jones_high","kids_est":7,"class":"red","shortest":{"len_m":2071.2,"mean_c":37.41,"peak_c":38.2,"dose":127.0},"coolest":{"len_m":2076.1,"mean_c":37.24,"peak_c":38.2,"dose":122.3},"delta_mean_c":-0.17,"delta_dose_pct":-4,"distance_mi":0.913,"status_now":"walk","status_rec":"bus_eligible","reason":"Coolest route mean 37.2C exceeds threshold (110 C-min dose, actual 122).","safe_until_hour":"14:00"}},{"type":"Feature","geometry":{"type":"Polygon","coordinates":[[[-81.39495499962796,28.519146000200884],[-81.39495299997813,28.518964999853182],[-81.39494899978017,28.51842300016753],[-81.39494899978017,28.51840599985712],[-81.39494999960509,28.518243000223663],[-81.39471899962639,28.51824200015735],[-81.39453799987642,28.51824400028996],[-81.39330299961708,28.518265000101692],[-81.39289199971336,28.518271999774964],[-81.39289199971336,28.51845399979796],[-81.39289199971336,28.5190000003502],[-81.39289300043657,28.519181999905975],[-81.39310000012581,28.519178999733715],[-81.39372199991674,28.519171000063153],[-81.39393000032919,28.51916899994812],[-81.39413399964539,28.5191639996603],[-81.39474899976364,28.519149999642522],[-81.39495499962796,28.519146000200884]]]},"properties":{"block_id":"120950185002015","school_id":"sch_jones_high","kids_est":0,"class":"red","shortest":{"len_m":2350.1,"mean_c":37.65,"peak_c":38.2,"dose":151.9},"coolest":{"len_m":2360.0,"mean_c":37.15,"peak_c":38.2,"dose":136.2},"delta_mean_c":-0.5,"delta_dose_pct":-10,"distance_mi":1.069,"status_now":"walk","status_rec":"bus_eligible","reason":"Coolest route mean 37.1C exceeds threshold (110 C-min dose, actual 136).","safe_until_hour":"14:00"}},{"type":"Feature","geometry":{"type":"Polygon","coordinates":[[[-81.39706199992348,28.52003000019102],[-81.39704799967977,28.519122999659373],[-81.39662900027844,28.519122999659373],[-81.39655099956232,28.51912399971734],[-81.3953730001027,28.519139999854243],[-81.39495499962796,28.519146000200884],[-81.39495600035117,28.519329000350037],[-81.394958000001,28.519617000303775],[-81.39496300002388,28.519880999833397],[-81.39496700022184,28.520065000334526],[-81.39612399976505,28.520049000338037],[-81.39645199982812,28.520037999796347],[-81.39706199992348,28.52003000019102]]]},"properties":{"block_id":"120950185002013","school_id":"sch_jones_high","kids_est":11,"class":"red","shortest":{"len_m":2053.7,"mean_c":37.42,"peak_c":38.2,"dose":126.1},"coolest":{"len_m":2058.6,"mean_c":37.24,"peak_c":38.2,"dose":121.4},"delta_mean_c":-0.18,"delta_dose_pct":-4,"distance_mi":0.974,"status_now":"walk","status_rec":"bus_eligible","reason":"Coolest route mean 37.2C exceeds threshold (110 C-min dose, actual 121).","safe_until_hour":"14:00"}},{"type":"Feature","geometry":{"type":"Polygon","coordinates":[[[-81.39296000038372,28.525550000335183],[-81.39295199998779,28.524880000209844],[-81.39295000033798,28.524703000254892],[-81.39295000033798,28.524653999996385],[-81.39294199994205,28.523918999699255],[-81.39294000029224,28.523709000026148],[-81.3927250002071,28.523703999953636],[-81.39230699973234,28.523700999910062],[-81.39190400022451,28.523702999939115],[-81.3919090002474,28.524074999952266],[-81.39191799956991,28.524693000204003],[-81.39191900029314,28.52519100000833],[-81.39192000011805,28.52556400029238],[-81.39270500011558,28.52555900030787],[-81.39296000038372,28.525550000335183]]]},"properties":{"block_id":"120950185001032","school_id":"sch_jones_high","kids_est":16,"class":"red","shortest":{"len_m":2059.9,"mean_c":36.96,"peak_c":38.2,"dose":113.0},"coolest":{"len_m":2064.7,"mean_c":36.91,"peak_c":38.2,"dose":112.0},"delta_mean_c":-0.05,"delta_dose_pct":-1,"distance_mi":0.752,"status_now":"walk","status_rec":"bus_eligible","reason":"Coolest route mean 36.9C exceeds threshold (110 C-min dose, actual 112).","safe_until_hour":"14:00"}},{"type":"Feature","geometry":{"type":"Polygon","coordinates":[[[-81.39294000029224,28.523709000026148],[-81.39293899956901,28.523643999854638],[-81.39293400044446,28.5234300003546],[-81.39293400044446,28.52281199980248],[-81.39136399955103,28.522828000168957],[-81.39087999985237,28.52282700014613],[-81.39085800011107,28.522828000168957],[-81.39086800015681,28.522942000342073],[-81.3908670003319,28.523226999840965],[-81.39087499982949,28.523643999854638],[-81.39087599965441,28.52371400009835],[-81.39106099960233,28.523716000127227],[-81.39108099969383,28.523715000112823],[-81.39141399977974,28.523704999968142],[-81.3916980003602,28.523702999939115],[-81.39190400022451,28.523702999939115],[-81.39230699973234,28.523700999910062],[-81.3927250002071,28.523703999953636],[-81.39294000029224,28.523709000026148]]]},"properties":{"block_id":"120950185001035","school_id":"sch_jones_high","kids_est":4,"class":"red","shortest":{"len_m":2059.9,"mean_c":36.96,"peak_c":38.2,"dose":113.0},"coolest":{"len_m":2064.7,"mean_c":36.91,"peak_c":38.2,"dose":112.0},"delta_mean_c":-0.05,"delta_dose_pct":-1,"distance_mi":0.847,"status_now":"walk","status_rec":"bus_eligible","reason":"Coolest route mean 36.9C exceeds threshold (110 C-min dose, actual 112).","safe_until_hour":"14:00"}},{"type":"Feature","geometry":{"type":"Polygon","coordinates":[[[-81.39662900027844,28.508156999877457],[-81.39659199957019,28.5081580000394],[-81.39570600018862,28.508180999814805],[-81.39491699999311,28.50819200001451],[-81.39491100014534,28.50898900030801],[-81.39491199997023,28.50909999998509],[-81.394993999986,28.509098999832073],[-81.3952409998582,28.509098999832073],[-81.3953239996989,28.509098999832073],[-81.39545900031642,28.50908600021006],[-81.39558700036294,28.509073999950292],[-81.39617800019174,28.50855699996232],[-81.39662900027844,28.508156999877457]]]},"properties":{"block_id":"120950144001012","school_id":"sch_jones_high","kids_est":0,"class":"red","shortest":{"len_m":3470.2,"mean_c":37.43,"peak_c":38.2,"dose":213.8},"coolest":{"len_m":3497.3,"mean_c":37.1,"peak_c":38.2,"dose":199.0},"delta_mean_c":-0.33,"delta_dose_pct":-7,"distance_mi":1.722,"status_now":"walk","status_rec":"bus_eligible","reason":"Coolest route mean 37.1C exceeds threshold (110 C-min dose, actual 199).","safe_until_hour":"12:00"}},{"type":"Feature","geometry":{"type":"Polygon","coordinates":[[[-81.36797199980828,28.49843900003503],[-81.36796900033355,28.49826499989118],[-81.36796000011272,28.497744999838655],[-81.36795699973968,28.49757200039183],[-81.36753900016325,28.497575999862004],[-81.36628700018547,28.49758799985059],[-81.36587000043393,28.49759300037175],[-81.36561799964053,28.49759500010646],[-81.36486299978021,28.49760400009641],[-81.36461199971005,28.497608000354827],[-81.36461300043328,28.49778099974264],[-81.36461900028107,28.498300000151882],[-81.36462099993089,28.498472999984262],[-81.36481699974946,28.49847100026618],[-81.36540599992843,28.49846800029427],[-81.36560299957195,28.49846700004047],[-81.36580099993864,28.498465000322273],[-81.3659099997186,28.498465000322273],[-81.36596199959713,28.498465000322273],[-81.36639500014049,28.498458000124124],[-81.36659400033211,28.498455000151807],[-81.36686899979341,28.498449999671525],[-81.36734499999447,28.49844300026182],[-81.36769599962376,28.498440000289108],[-81.36797199980828,28.49843900003503]]]},"properties":{"block_id":"120950140004017","school_id":"sch_jones_high","kids_est":14,"class":"red","shortest":{"len_m":6970.2,"mean_c":36.54,"peak_c":38.2,"dose":343.5},"coolest":{"len_m":7130.5,"mean_c":36.41,"peak_c":38.2,"dose":337.2},"delta_mean_c":-0.13,"delta_dose_pct":-2,"distance_mi":3.173,"status_now":"bus","status_rec":"bus_eligible","reason":"Coolest route mean 36.4C exceeds threshold (110 C-min dose, actual 337).","safe_until_hour":"11:00"}},{"type":"Feature","geometry":{"type":"Polygon","coordinates":[[[-81.36462099993089,28.498472999984262],[-81.36461900028107,28.498300000151882],[-81.36461300043328,28.49778099974264],[-81.36461199971005,28.497608000354827],[-81.36448600021167,28.497608000354827],[-81.36432899985284,28.497608999827328],[-81.36408700000351,28.498038000016358],[-81.36389600020779,28.498384000256497],[-81.36389799985761,28.49848499987084],[-81.36439199960203,28.498475999956018],[-81.36462099993089,28.498472999984262]]]},"properties":{"block_id":"120950140004012","school_id":"sch_jones_high","kids_est":0,"class":"red","shortest":{"len_m":7163.4,"mean_c":36.54,"peak_c":38.2,"dose":353.2},"coolest":{"len_m":7323.7,"mean_c":36.41,"peak_c":38.2,"dose":346.9},"delta_mean_c":-0.13,"delta_dose_pct":-2,"distance_mi":3.247,"status_now":"bus","status_rec":"bus_eligible","reason":"Coolest route mean 36.4C exceeds threshold (110 C-min dose, actual 347).","safe_until_hour":"11:00"}},{"type":"Feature","geometry":{"type":"Polygon","coordinates":[[[-81.39704799967977,28.519122999659373],[-81.39704699985488,28.518938999882355],[-81.39704400038013,28.518389999608818],[-81.39704400038013,28.518207000197986],[-81.39662500008048,28.518213999875098],[-81.39536800007983,28.51823699982556],[-81.39505199971232,28.518243000223663],[-81.39494999960509,28.518243000223663],[-81.39494899978017,28.51840599985712],[-81.39494899978017,28.51842300016753],[-81.39495299997813,28.518964999853182],[-81.39495499962796,28.519146000200884],[-81.3953730001027,28.519139999854243],[-81.39655099956232,28.51912399971734],[-81.39662900027844,28.519122999659373],[-81.39704799967977,28.519122999659373]]]},"properties":{"block_id":"120950185002014","school_id":"sch_jones_high","kids_est":2,"class":"red","shortest":{"len_m":2180.1,"mean_c":37.75,"peak_c":38.2,"dose":143.8},"coolest":{"len_m":2206.8,"mean_c":37.23,"peak_c":38.2,"dose":129.7},"delta_mean_c":-0.52,"delta_dose_pct":-10,"distance_mi":1.035,"status_now":"walk","status_rec":"bus_eligible","reason":"Coolest route mean 37.2C exceeds threshold (110 C-min dose, actual 130).","safe_until_hour":"14:00"}},{"type":"Feature","geometry":{"type":"Polygon","coordinates":[[[-81.37572899989736,28.498334000145885],[-81.3757170002018,28.498244000044984],[-81.37557999993444,28.497984999756184],[-81.37537499989503,28.49772699988203],[-81.37515700033515,28.49756699986968],[-81.37500199962614,28.497329999795387],[-81.37482500007413,28.496971999989828],[-81.37477200037068,28.49692900029975],[-81.37465099999685,28.49682900025512],[-81.37449500036124,28.496745999972397],[-81.37420800030607,28.496680999762543],[-81.37410299982577,28.49668800007854],[-81.37399700041888,28.496697000145836],[-81.37382199961837,28.4967410002006],[-81.37357300009636,28.49685099986255],[-81.37331799982822,28.49698400004709],[-81.37314399975094,28.497138000134463],[-81.37298200026756,28.497314000297518],[-81.37277600040323,28.497440999896433],[-81.3726330002881,28.49751199963671],[-81.37253000035594,28.49750299963891],[-81.37244499996713,28.497458999901834],[-81.37240300013433,28.49743499989398],[-81.37226500004206,28.497061000118865],[-81.372189999699,28.496912999951608],[-81.37215299988908,28.49673599963907],[-81.37213399962249,28.49656600014332],[-81.3720780004443,28.49630699968389],[-81.37192799975819,28.49587800035338],[-81.37177899979527,28.495613999959385],[-81.3715419999688,28.495261999985843],[-81.3714299998158,28.495174000203807],[-81.37128599987577,28.4951410002666],[-81.37116799987498,28.495102999680196],[-81.37103700035374,28.49500899962516],[-81.37093100004851,28.49494899978143],[-81.3708440000099,28.494898999622446],[-81.37070699974254,28.494866000388754],[-81.3705639996274,28.494866000388754],[-81.37033299964872,28.49488799961585],[-81.37012099993662,28.494866999887222],[-81.36979799989642,28.494789999793753],[-81.36947400003133,28.49494899978143],[-81.3693669999012,28.495033999681553],[-81.3699999995628,28.495785999968067],[-81.37015400044687,28.495866000170373],[-81.37044800017476,28.49601900003312],[-81.37044700034984,28.495946000312035],[-81.3705560001298,28.496099000058805],[-81.36955199984912,28.496996000102975],[-81.36899199998247,28.49749699963997],[-81.36911099980817,28.49749399964035],[-81.3720840002921,28.49746199990242],[-81.37209799963749,28.497463000165784],[-81.37211899955389,28.497472999640742],[-81.37213399962249,28.497485999904168],[-81.37215399971399,28.49749399964035],[-81.3721830000263,28.49750399990186],[-81.37221999983623,28.497509999900434],[-81.3722609998441,28.49749799990298],[-81.37229799965404,28.497494999903402],[-81.37233199998921,28.497494999903402],[-81.37235999957831,28.497494999903402],[-81.37241599965479,28.49749699963997],[-81.37245500001286,28.497505000164818],[-81.37250000021871,28.497515999898624],[-81.3725279998078,28.497527999894054],[-81.37256799999076,28.497542999886377],[-81.37258700025734,28.49754400014894],[-81.37261499984643,28.49754400014894],[-81.37263099973997,28.49754400014894],[-81.37266500007516,28.497541000150672],[-81.37270799973285,28.49752600015807],[-81.37274100024312,28.497511000163303],[-81.37277100038035,28.497496000166425],[-81.37279999979437,28.497478999641068],[-81.37282599973362,28.497472999640742],[-81.37285500004594,28.49747200016698],[-81.37288199981012,28.497473999903992],[-81.3729089995743,28.49746799990338],[-81.3729429999095,28.497460000165187],[-81.37327299962239,28.497460000165187],[-81.37393799996933,28.497457999638467],[-81.37394499964202,28.498353000253868],[-81.37572899989736,28.498334000145885]]]},"properties":{"block_id":"120950139001028","school_id":"sch_jones_high","kids_est":0,"class":"red","shortest":{"len_m":6491.8,"mean_c":37.12,"peak_c":38.2,"dose":371.1},"coolest":{"len_m":6741.0,"mean_c":36.51,"peak_c":38.2,"dose":327.7},"delta_mean_c":-0.61,"delta_dose_pct":-12,"distance_mi":3.036,"status_now":"bus","status_rec":"bus_eligible","reason":"Coolest route mean 36.5C exceeds threshold (110 C-min dose, actual 328).","safe_until_hour":"11:00"}},{"type":"Feature","geometry":{"type":"Polygon","coordinates":[[[-81.38235899968214,28.502434000011466],[-81.38235399965927,28.5023129998314],[-81.38234399961352,28.501981999993404],[-81.38234000031387,28.501954000131178],[-81.38231799967426,28.501902999911977],[-81.38230099995582,28.501880000346794],[-81.38227199964349,28.501854000111546],[-81.3822299998107,28.501827999869874],[-81.38217200008438,28.501809999820274],[-81.38214100012225,28.501805999721103],[-81.38104999980294,28.501812999697176],[-81.38061399978486,28.501820999894807],[-81.38046300017211,28.501830000313774],[-81.38057799979984,28.502308999751296],[-81.38062100035586,28.502420000141253],[-81.38067900008218,28.50252499991193],[-81.38075699989999,28.502627999938824],[-81.38082600039527,28.502697999922713],[-81.3809400001981,28.502792999657412],[-81.38102399986369,28.502848000295714],[-81.38111299955214,28.502896000212125],[-81.38119899976586,28.502960000329868],[-81.38126099969016,28.502889999730375],[-81.38132199978949,28.5028410003883],[-81.38139799995749,28.5027960002958],[-81.38169500005841,28.50262100001685],[-81.38179700016566,28.502570000120002],[-81.38195799982414,28.502506999981232],[-81.38210099993928,28.502468000252378],[-81.38212699987854,28.50246199974629],[-81.38224300022951,28.50244300037814],[-81.38235899968214,28.502434000011466]]]},"properties":{"block_id":"120950144002007","school_id":"sch_jones_high","kids_est":14,"class":"red","shortest":{"len_m":6118.4,"mean_c":37.13,"peak_c":38.2,"dose":350.7},"coolest":{"len_m":6374.0,"mean_c":36.48,"peak_c":38.2,"dose":307.5},"delta_mean_c":-0.65,"delta_dose_pct":-12,"distance_mi":2.415,"status_now":"bus","status_rec":"bus_eligible","reason":"Coolest route mean 36.5C exceeds threshold (110 C-min dose, actual 308).","safe_until_hour":"11:00"}},{"type":"Feature","geometry":{"type":"Polygon","coordinates":[[[-81.39715200033518,28.53292700030116],[-81.39714999978702,28.532745000009907],[-81.39714399993925,28.532202000208756],[-81.39714300011434,28.532021000179455],[-81.39690899976259,28.53201599971201],[-81.3967320002106,28.532018000372528],[-81.39549799977617,28.532035000066333],[-81.39513899975097,28.532039999743652],[-81.39508799969732,28.532036999937326],[-81.39508900042057,28.53248699992568],[-81.39509699991817,28.53292700030116],[-81.39579200040235,28.532924999657894],[-81.39592600029665,28.532924999657894],[-81.39632799997955,28.532924999657894],[-81.39646299969877,28.532924999657894],[-81.39659999996613,28.532923999730865],[-81.39691100031074,28.532923999730865],[-81.3970140002429,28.532924999657894],[-81.39715200033518,28.53292700030116]]]},"properties":{"block_id":"120950104001023","school_id":"sch_jones_high","kids_est":11,"class":"green","shortest":{"len_m":921.9,"mean_c":37.81,"peak_c":38.2,"dose":61.6},"coolest":{"len_m":921.9,"mean_c":37.81,"peak_c":38.2,"dose":61.6},"delta_mean_c":0.0,"delta_dose_pct":0,"distance_mi":0.24,"status_now":"walk","status_rec":"walk","reason":"Shortest route already under threshold (dose 62).","safe_until_hour":null}},{"type":"Feature","geometry":{"type":"Polygon","coordinates":[[[-81.37321499989605,28.509320999627285],[-81.37321300024622,28.50914800021461],[-81.3732099998732,28.508807999894305],[-81.37320900004828,28.508631999957373],[-81.37320800022337,28.508460000363243],[-81.37320700039844,28.508392999945208],[-81.37313600025334,28.508392999945208],[-81.37298300009246,28.50839500026462],[-81.37266300042533,28.508396999794616],[-81.37267099992293,28.508948000298204],[-81.37258600043242,28.50894700014374],[-81.37227199971475,28.50894700014374],[-81.37216700013278,28.50894700014374],[-81.3721679999577,28.508975999883063],[-81.37217499963039,28.509221999637617],[-81.37217399980547,28.509289999680366],[-81.37217299998055,28.509331999708103],[-81.37236799997423,28.5093300001958],[-81.37295700015319,28.509324000079992],[-81.37315299997178,28.509321999778187],[-81.37316499966734,28.509320999627285],[-81.37320200037558,28.509320999627285],[-81.37321499989605,28.509320999627285]]]},"properties":{"block_id":"120950139001005","school_id":"sch_jones_high","kids_est":7,"class":"red","shortest":{"len_m":5422.0,"mean_c":37.14,"peak_c":38.2,"dose":312.0},"coolest":{"len_m":5568.2,"mean_c":36.38,"peak_c":38.2,"dose":261.1},"delta_mean_c":-0.76,"delta_dose_pct":-16,"distance_mi":2.352,"status_now":"bus","status_rec":"bus_eligible","reason":"Coolest route mean 36.4C exceeds threshold (110 C-min dose, actual 261).","safe_until_hour":"12:00"}},{"type":"Feature","geometry":{"type":"Polygon","coordinates":[[[-81.39916599984596,28.520012000090126],[-81.399161999648,28.519829000337094],[-81.39915999999818,28.51971800011217],[-81.39915999999818,28.51927999996168],[-81.39915999999818,28.519096999727513],[-81.39873700039888,28.519098999843916],[-81.39819099987761,28.519102000018517],[-81.39747000035248,28.519114999984623],[-81.39704799967977,28.519122999659373],[-81.39706199992348,28.52003000019102],[-81.3974579997586,28.520029000141655],[-81.39916599984596,28.520012000090126]]]},"properties":{"block_id":"120950116001020","school_id":"sch_jones_high","kids_est":8,"class":"red","shortest":{"len_m":1923.8,"mean_c":37.84,"peak_c":38.2,"dose":129.2},"coolest":{"len_m":1928.0,"mean_c":37.74,"peak_c":38.2,"dose":127.0},"delta_mean_c":-0.1,"delta_dose_pct":-2,"distance_mi":0.952,"status_now":"walk","status_rec":"bus_eligible","reason":"Coolest route mean 37.7C exceeds threshold (110 C-min dose, actual 127).","safe_until_hour":"14:00"}},{"type":"Feature","geometry":{"type":"Polygon","coordinates":[[[-81.39393399962884,28.520077000132993],[-81.39393299980394,28.519894999754104],[-81.39393000032919,28.519349999945707],[-81.39393000032919,28.51916899994812],[-81.39372199991674,28.519171000063153],[-81.39310000012581,28.519178999733715],[-81.39289300043657,28.519181999905975],[-81.39289500008641,28.51936299988123],[-81.39290199975909,28.519907000361254],[-81.39290500013215,28.520088999930092],[-81.39311000017155,28.520085999783586],[-81.39372799976452,28.520079000230794],[-81.39393399962884,28.520077000132993]]]},"properties":{"block_id":"120950185002011","school_id":"sch_jones_high","kids_est":0,"class":"red","shortest":{"len_m":2430.6,"mean_c":37.26,"peak_c":38.2,"dose":143.7},"coolest":{"len_m":2441.0,"mean_c":36.83,"peak_c":38.2,"dose":129.3},"delta_mean_c":-0.43,"delta_dose_pct":-10,"distance_mi":1.022,"status_now":"walk","status_rec":"bus_eligible","reason":"Coolest route mean 36.8C exceeds threshold (110 C-min dose, actual 129).","safe_until_hour":"14:00"}},{"type":"Feature","geometry":{"type":"Polygon","coordinates":[[[-81.39263999981827,28.53470899960794],[-81.39262499974964,28.533650000300725],[-81.39261399987899,28.533172000287983],[-81.39261600042715,28.53289199969289],[-81.39196899962353,28.532890999765478],[-81.39197399964641,28.533255000318654],[-81.39197899966928,28.533547999713868],[-81.39198100021741,28.534348999785504],[-81.39198200004233,28.53438100017025],[-81.3919949995628,28.534713999947606],[-81.39263999981827,28.53470899960794]]]},"properties":{"block_id":"120950104001011","school_id":"sch_jones_high","kids_est":15,"class":"green","shortest":{"len_m":1244.7,"mean_c":38.29,"peak_c":38.4,"dose":91.3},"coolest":{"len_m":1244.7,"mean_c":38.29,"peak_c":38.4,"dose":91.3},"delta_mean_c":0.0,"delta_dose_pct":0,"distance_mi":0.466,"status_now":"walk","status_rec":"walk","reason":"Shortest route already under threshold (dose 91).","safe_until_hour":null}},{"type":"Feature","geometry":{"type":"Polygon","coordinates":[[[-81.40136000018015,28.534722000016945],[-81.40136199982996,28.534408000191398],[-81.40135699980708,28.533991000145388],[-81.40135599998219,28.533888999888593],[-81.40134199973846,28.533259000014166],[-81.40133400024087,28.53308399977525],[-81.40132699966986,28.532909000034866],[-81.40131699962411,28.5324590002701],[-81.40131699962411,28.532171999819912],[-81.40131499997429,28.531800999908402],[-81.40131499997429,28.53162199985837],[-81.40131300032446,28.531071000238697],[-81.40045399980876,28.531078999795437],[-81.40029099960213,28.531079999740037],[-81.39980500025365,28.531086000196318],[-81.39964299987194,28.53108800008526],[-81.39913900008179,28.531094999696318],[-81.39798900021127,28.531112000328235],[-81.397626999813,28.531114000216732],[-81.39712399984776,28.53111700004933],[-81.39712800004571,28.53129700011036],[-81.39713999974128,28.531739999744694],[-81.3971409995662,28.531839999839235],[-81.39714300011434,28.532021000179455],[-81.39714399993925,28.532202000208756],[-81.39714999978702,28.532745000009907],[-81.39715200033518,28.53292700030116],[-81.39715599963482,28.533286000322796],[-81.39716400003073,28.5338550003072],[-81.39716499985563,28.534291000049794],[-81.39716599968055,28.534363000152318],[-81.39716800022869,28.53443799994374],[-81.39725299971919,28.534722999926966],[-81.39775900005749,28.534724999746892],[-81.39801099995256,28.534723999836935],[-81.39975699967476,28.534719000286962],[-81.40052199958082,28.534722000016945],[-81.40110200043728,28.534725999656835],[-81.40136000018015,28.534722000016945]]]},"properties":{"block_id":"120950116001001","school_id":"sch_jones_high","kids_est":31,"class":"green","shortest":{"len_m":563.1,"mean_c":38.23,"peak_c":38.3,"dose":40.9},"coolest":{"len_m":563.1,"mean_c":38.23,"peak_c":38.3,"dose":40.9},"delta_mean_c":0.0,"delta_dose_pct":0,"distance_mi":0.052,"status_now":"walk","status_rec":"walk","reason":"Shortest route already under threshold (dose 41).","safe_until_hour":null}},{"type":"Feature","geometry":{"type":"Polygon","coordinates":[[[-81.38568899964314,28.531060000057998],[-81.38562599989395,28.531060000057998],[-81.3852710000667,28.531058000168535],[-81.38504400028599,28.531057000223772],[-81.38492899975994,28.531057000223772],[-81.38485000011723,28.531057000223772],[-81.38484500009434,28.53114699994934],[-81.38483300039879,28.531372999657954],[-81.38482699965269,28.53148300029763],[-81.38482599982778,28.531510000272114],[-81.38480900010936,28.532182999884544],[-81.38480999993425,28.532322000100404],[-81.38481199958407,28.53246499985865],[-81.38512299992871,28.53199800007933],[-81.3855239997867,28.531392000128204],[-81.38568899964314,28.531060000057998]]]},"properties":{"block_id":"120950103003021","school_id":"sch_jones_high","kids_est":0,"class":"red","shortest":{"len_m":1930.6,"mean_c":37.15,"peak_c":38.2,"dose":111.7},"coolest":{"len_m":1930.6,"mean_c":37.15,"peak_c":38.2,"dose":111.7},"delta_mean_c":0.0,"delta_dose_pct":0,"distance_mi":0.91,"status_now":"walk","status_rec":"bus_eligible","reason":"Coolest route mean 37.1C exceeds threshold (110 C-min dose, actual 112).","safe_until_hour":"14:00"}},{"type":"Feature","geometry":{"type":"Polygon","coordinates":[[[-81.3908890000732,28.529339999789794],[-81.39089499992099,28.52745300035454],[-81.3904870003903,28.52745500031249],[-81.38926499965143,28.527464000122517],[-81.38885799994566,28.52746700005901],[-81.3888689998163,28.528657999678526],[-81.38887800003714,28.529345000384158],[-81.3908890000732,28.529339999789794]]]},"properties":{"block_id":"120950185001016","school_id":"sch_jones_high","kids_est":1,"class":"green","shortest":{"len_m":1907.5,"mean_c":37.1,"peak_c":38.2,"dose":109.0},"coolest":{"len_m":1918.4,"mean_c":37.01,"peak_c":38.2,"dose":107.2},"delta_mean_c":-0.09,"delta_dose_pct":-2,"distance_mi":0.7,"status_now":"walk","status_rec":"walk","reason":"Shortest route already under threshold (dose 109).","safe_until_hour":null}},{"type":"Feature","geometry":{"type":"Polygon","coordinates":[[[-81.39297499955401,28.52743899985902],[-81.39297000042946,28.52725299963814],[-81.39297000042946,28.52723499998125],[-81.39296700005642,28.526697000135503],[-81.39296600023151,28.526512000171692],[-81.39255100012981,28.52651400014749],[-81.39130599982472,28.526520000074463],[-81.39089099972304,28.526522000050093],[-81.3908890000732,28.52670799998237],[-81.3908890000732,28.526866000023453],[-81.39089300027116,28.5272660001777],[-81.39089499992099,28.52745300035454],[-81.39131099984758,28.52745099960737],[-81.3925150001448,28.527445999712423],[-81.39255899962743,28.527444999733348],[-81.39297499955401,28.52743899985902]]]},"properties":{"block_id":"120950185001018","school_id":"sch_jones_high","kids_est":3,"class":"green","shortest":{"len_m":1640.3,"mean_c":37.19,"peak_c":38.2,"dose":95.3},"coolest":{"len_m":1644.4,"mean_c":37.16,"peak_c":38.2,"dose":94.8},"delta_mean_c":-0.03,"delta_dose_pct":-1,"distance_mi":0.654,"status_now":"walk","status_rec":"walk","reason":"Shortest route already under threshold (dose 95).","safe_until_hour":null}},{"type":"Feature","geometry":{"type":"Polygon","coordinates":[[[-81.39192000011805,28.52556400029238],[-81.39191900029314,28.52519100000833],[-81.39191799956991,28.524693000204003],[-81.3919090002474,28.524074999952266],[-81.39190400022451,28.523702999939115],[-81.3916980003602,28.523702999939115],[-81.39141399977974,28.523704999968142],[-81.39108099969383,28.523715000112823],[-81.39106099960233,28.523716000127227],[-81.39087599965441,28.52371400009835],[-81.39087400000459,28.5240880000945],[-81.39087300017967,28.52449599979685],[-81.39088400005032,28.52521000001446],[-81.39089099972304,28.525584000228033],[-81.39105999977743,28.525577000250994],[-81.39109599976243,28.525576000254233],[-81.39160700012359,28.5255660002861],[-81.39171400025371,28.525565000289255],[-81.39192000011805,28.52556400029238]]]},"properties":{"block_id":"120950185001031","school_id":"sch_jones_high","kids_est":8,"class":"red","shortest":{"len_m":2041.8,"mean_c":36.91,"peak_c":38.2,"dose":111.0},"coolest":{"len_m":2047.2,"mean_c":36.88,"peak_c":38.2,"dose":110.2},"delta_mean_c":-0.03,"delta_dose_pct":-1,"distance_mi":0.792,"status_now":"walk","status_rec":"bus_eligible","reason":"Coolest route mean 36.9C exceeds threshold (110 C-min dose, actual 110).","safe_until_hour":"14:00"}},{"type":"Feature","geometry":{"type":"Polygon","coordinates":[[[-81.38885799994566,28.52746700005901],[-81.3888549995726,28.527279999906987],[-81.38884600025008,28.52671899982803],[-81.38884299987704,28.52653299991517],[-81.38843000032348,28.52653399990283],[-81.3871930004143,28.52653999982872],[-81.38678099978735,28.52654199980391],[-81.38678300033548,28.526739000333805],[-81.386791999658,28.527331999674466],[-81.38679300038122,28.527381000266665],[-81.38680199970375,28.527412999610235],[-81.38682099997033,28.52744099981717],[-81.38684899955942,28.527462000164814],[-81.38689399976526,28.52747599986802],[-81.38698300035202,28.52747599986802],[-81.38725000031572,28.52747599986802],[-81.38733900000419,28.52747599986802],[-81.38764199995288,28.527473999910544],[-81.38855400017205,28.527468000037818],[-81.38885799994566,28.52746700005901]]]},"properties":{"block_id":"120950185001008","school_id":"sch_jones_high","kids_est":8,"class":"red","shortest":{"len_m":2090.6,"mean_c":36.99,"peak_c":38.2,"dose":116.2},"coolest":{"len_m":2101.2,"mean_c":36.85,"peak_c":38.2,"dose":112.0},"delta_mean_c":-0.14,"delta_dose_pct":-4,"distance_mi":0.856,"status_now":"walk","status_rec":"bus_eligible","reason":"Coolest route mean 36.9C exceeds threshold (110 C-min dose, actual 112).","safe_until_hour":"14:00"}},{"type":"Feature","geometry":{"type":"Polygon","coordinates":[[[-81.39087599965441,28.52371400009835],[-81.39087499982949,28.523643999854638],[-81.3908670003319,28.523226999840965],[-81.39086800015681,28.522942000342073],[-81.39085800011107,28.522828000168957],[-81.39042700011585,28.522836000351298],[-81.38893199956549,28.522848999857],[-81.38879900039443,28.522849999879625],[-81.38880000021933,28.523031999893195],[-81.38880400041728,28.523577999627296],[-81.3888060000671,28.523760999976634],[-81.38885700012074,28.523754999892567],[-81.38921899962068,28.523737999652585],[-81.38928499974291,28.523735999624183],[-81.39046200027595,28.523710000040605],[-81.3907190001939,28.523704999968142],[-81.39087599965441,28.52371400009835]]]},"properties":{"block_id":"120950185001025","school_id":"sch_jones_high","kids_est":9,"class":"red","shortest":{"len_m":2286.7,"mean_c":36.85,"peak_c":38.2,"dose":122.2},"coolest":{"len_m":2293.2,"mean_c":36.77,"peak_c":38.2,"dose":120.1},"delta_mean_c":-0.08,"delta_dose_pct":-2,"distance_mi":0.925,"status_now":"walk","status_rec":"bus_eligible","reason":"Coolest route mean 36.8C exceeds threshold (110 C-min dose, actual 120).","safe_until_hour":"14:00"}},{"type":"Feature","geometry":{"type":"Polygon","coordinates":[[[-81.38883100018148,28.525608000145763],[-81.38882799980843,28.525411999868307],[-81.38882000031082,28.52482600001427],[-81.3888179997627,28.524630999867128],[-81.38848399985183,28.524630999867128],[-81.38838000009477,28.52463199987284],[-81.38766299986928,28.52463999991833],[-81.38748299994423,28.52463899991264],[-81.3871499998583,28.524637999906975],[-81.38709200013197,28.52464299993519],[-81.38704399955307,28.524657000012848],[-81.38699300039778,28.52467300009931],[-81.38690100033625,28.524685000162584],[-81.38672300006102,28.52468300015216],[-81.3866159999309,28.524682000146875],[-81.38662199977868,28.524807999942976],[-81.38662199977868,28.524871000179196],[-81.3866229996036,28.52511199994596],[-81.38662799962647,28.525220000016386],[-81.38666699998453,28.5254379998214],[-81.38667700003028,28.525490999705863],[-81.38670600034258,28.525624000087877],[-81.38708899975893,28.52562500008418],[-81.38713099959172,28.525624000087877],[-81.38764199995288,28.525617000113485],[-81.38840600003402,28.52561300012796],[-81.38854599977611,28.52561300012796],[-81.38883100018148,28.525608000145763]]]},"properties":{"block_id":"120950185001009","school_id":"sch_jones_high","kids_est":1,"class":"red","shortest":{"len_m":2426.6,"mean_c":36.72,"peak_c":38.2,"dose":125.1},"coolest":{"len_m":2430.7,"mean_c":36.7,"peak_c":38.2,"dose":124.6},"delta_mean_c":-0.02,"delta_dose_pct":0,"distance_mi":0.932,"status_now":"walk","status_rec":"bus_eligible","reason":"Coolest route mean 36.7C exceeds threshold (110 C-min dose, actual 125).","safe_until_hour":"14:00"}},{"type":"Feature","geometry":{"type":"Polygon","coordinates":[[[-81.3888179997627,28.524630999867128],[-81.38881500028793,28.524457000305585],[-81.38880799971692,28.52393499989771],[-81.3888060000671,28.523760999976634],[-81.38847899982896,28.52376800007424],[-81.38760299959482,28.523772000129853],[-81.38749800001284,28.523773000143724],[-81.38717199959959,28.52377800021289],[-81.38715300023134,28.523846000341372],[-81.38714800020847,28.523947000044952],[-81.38714400001051,28.52406099979737],[-81.38714800020847,28.524465000364305],[-81.3871499998583,28.524637999906975],[-81.38748299994423,28.52463899991264],[-81.38766299986928,28.52463999991833],[-81.38838000009477,28.52463199987284],[-81.38848399985183,28.524630999867128],[-81.3888179997627,28.524630999867128]]]},"properties":{"block_id":"120950185001044","school_id":"sch_jones_high","kids_est":13,"class":"red","shortest":{"len_m":2521.9,"mean_c":36.69,"peak_c":38.2,"dose":128.8},"coolest":{"len_m":2526.0,"mean_c":36.67,"peak_c":38.2,"dose":128.3},"delta_mean_c":-0.02,"delta_dose_pct":0,"distance_mi":0.96,"status_now":"walk","status_rec":"bus_eligible","reason":"Coolest route mean 36.7C exceeds threshold (110 C-min dose, actual 128).","safe_until_hour":"14:00"}},{"type":"Feature","geometry":{"type":"Polygon","coordinates":[[[-81.39087999985237,28.52282700014613],[-81.39087200035478,28.522221000349376],[-81.39086399995885,28.521926000185452],[-81.38933800034468,28.521929000279535],[-81.3889380003116,28.52193499967823],[-81.38890800017437,28.52193499967823],[-81.38889200028083,28.521935999709502],[-81.38882000031082,28.52193999983462],[-81.38879099999852,28.521941999897102],[-81.38879400037155,28.52212299987011],[-81.38879600002137,28.522168999639245],[-81.38879799967118,28.522668000341167],[-81.38879900039443,28.522849999879625],[-81.38893199956549,28.522848999857],[-81.39042700011585,28.522836000351298],[-81.39085800011107,28.522828000168957],[-81.39087999985237,28.52282700014613]]]},"properties":{"block_id":"120950185001024","school_id":"sch_jones_high","kids_est":3,"class":"red","shortest":{"len_m":2261.4,"mean_c":36.88,"peak_c":38.2,"dose":121.7},"coolest":{"len_m":2268.1,"mean_c":36.78,"peak_c":38.2,"dose":119.1},"delta_mean_c":-0.1,"delta_dose_pct":-2,"distance_mi":0.971,"status_now":"walk","status_rec":"bus_eligible","reason":"Coolest route mean 36.8C exceeds threshold (110 C-min dose, actual 119).","safe_until_hour":"14:00"}},{"type":"Feature","geometry":{"type":"Polygon","coordinates":[[[-81.39084899989022,28.520110000163704],[-81.39084700024041,28.519926999791455],[-81.39084100039264,28.51938000003735],[-81.3908399996694,28.519198000034024],[-81.39045499970493,28.519202000263014],[-81.39039000030591,28.519203000320214],[-81.38937599997952,28.519204000377417],[-81.38929999981153,28.519204000377417],[-81.3888689998163,28.51920899987402],[-81.38877099990701,28.51920999993116],[-81.38877400028007,28.519394000024658],[-81.38877799957972,28.51960999993054],[-81.38876599988416,28.519945999957034],[-81.38876500005924,28.520000000284245],[-81.3887690002572,28.52013000034472],[-81.38888600043305,28.520129000296297],[-81.38930900003237,28.52012500010247],[-81.39046300010087,28.520113000309475],[-81.39084899989022,28.520110000163704]]]},"properties":{"block_id":"120950185002001","school_id":"sch_jones_high","kids_est":8,"class":"red","shortest":{"len_m":2807.9,"mean_c":37.07,"peak_c":38.2,"dose":158.3},"coolest":{"len_m":2817.3,"mean_c":36.57,"peak_c":38.2,"dose":139.5},"delta_mean_c":-0.5,"delta_dose_pct":-12,"distance_mi":1.123,"status_now":"walk","status_rec":"bus_eligible","reason":"Coolest route mean 36.6C exceeds threshold (110 C-min dose, actual 140).","safe_until_hour":"14:00"}},{"type":"Feature","geometry":{"type":"Polygon","coordinates":[[[-81.38879099999852,28.521941999897102],[-81.38878799962545,28.521760000369703],[-81.38878699980053,28.521696999852967],[-81.38878900034868,28.521316999834063],[-81.38878599997564,28.52121700001687],[-81.38878199977768,28.52103600006709],[-81.38836500002616,28.5210390001865],[-81.38711700024632,28.521049999834442],[-81.38686399962802,28.52105299995351],[-81.38670200014462,28.521050999874117],[-81.38670399979445,28.521144999616162],[-81.38670399979445,28.52123099976019],[-81.38670600034258,28.521318999908356],[-81.38672399988594,28.521573000354625],[-81.38672300006102,28.521715999699563],[-81.38672399988594,28.5217730000081],[-81.3867280000839,28.52186799992766],[-81.38672600043408,28.521954000271236],[-81.3869409996209,28.52195799960631],[-81.38713800016271,28.521955000302345],[-81.38837699972171,28.521940999865866],[-81.38842399957737,28.521940999865866],[-81.38879099999852,28.521941999897102]]]},"properties":{"block_id":"120950185001004","school_id":"sch_jones_high","kids_est":7,"class":"red","shortest":{"len_m":2858.0,"mean_c":36.58,"peak_c":38.2,"dose":141.8},"coolest":{"len_m":2862.1,"mean_c":36.57,"peak_c":38.2,"dose":141.3},"delta_mean_c":-0.01,"delta_dose_pct":0,"distance_mi":1.1,"status_now":"walk","status_rec":"bus_eligible","reason":"Coolest route mean 36.6C exceeds threshold (110 C-min dose, actual 141).","safe_until_hour":"14:00"}},{"type":"Feature","geometry":{"type":"Polygon","coordinates":[[[-81.3847849998199,28.53008499971096],[-81.38476100042877,28.529244000328035],[-81.38476200025369,28.5291000001821],[-81.38432200003764,28.529087999832246],[-81.38389199986732,28.529092999649357],[-81.38353299984212,28.52910300007208],[-81.38353500039025,28.529300999723027],[-81.38354299988785,28.529895000390212],[-81.3835460002609,28.530093000131767],[-81.38379300013311,28.53009100022396],[-81.38453700012278,28.530085999664923],[-81.3847849998199,28.53008499971096]]]},"properties":{"block_id":"120950185003004","school_id":"sch_jones_high","kids_est":0,"class":"red","shortest":{"len_m":2219.8,"mean_c":37.01,"peak_c":38.2,"dose":124.0},"coolest":{"len_m":2219.8,"mean_c":37.01,"peak_c":38.2,"dose":124.0},"delta_mean_c":0.0,"delta_dose_pct":0,"distance_mi":0.994,"status_now":"walk","status_rec":"bus_eligible","reason":"Coolest route mean 37.0C exceeds threshold (110 C-min dose, actual 124).","safe_until_hour":"14:00"}},{"type":"Feature","geometry":{"type":"Polygon","coordinates":[[[-81.38715300023134,28.523846000341372],[-81.38717199959959,28.52377800021289],[-81.38706899966743,28.52377800021289],[-81.38676400006892,28.52377900022675],[-81.38666199996165,28.523780000240542],[-81.386615000106,28.52395600015455],[-81.38660400023534,28.524000999901492],[-81.38659300036468,28.52412899974326],[-81.3866080004333,28.524499999824776],[-81.3866159999309,28.524682000146875],[-81.38672300006102,28.52468300015216],[-81.38690100033625,28.524685000162584],[-81.38699300039778,28.52467300009931],[-81.38704399955307,28.524657000012848],[-81.38709200013197,28.52464299993519],[-81.3871499998583,28.524637999906975],[-81.38714800020847,28.524465000364305],[-81.38714400001051,28.52406099979737],[-81.38714800020847,28.523947000044952],[-81.38715300023134,28.523846000341372]]]},"properties":{"block_id":"120950185001006","school_id":"sch_jones_high","kids_est":1,"class":"red","shortest":{"len_m":2467.3,"mean_c":36.71,"peak_c":38.2,"dose":126.7},"coolest":{"len_m":2471.4,"mean_c":36.69,"peak_c":38.2,"dose":126.2},"delta_mean_c":-0.02,"delta_dose_pct":0,"distance_mi":1.011,"status_now":"walk","status_rec":"bus_eligible","reason":"Coolest route mean 36.7C exceeds threshold (110 C-min dose, actual 126).","safe_until_hour":"14:00"}},{"type":"Feature","geometry":{"type":"Polygon","coordinates":[[[-81.38485000011723,28.531057000223772],[-81.38483300039879,28.530861999765484],[-81.38479400004074,28.53041099999056],[-81.38478999984278,28.530279000076284],[-81.3847849998199,28.53008499971096],[-81.38453700012278,28.530085999664923],[-81.38379300013311,28.53009100022396],[-81.3835460002609,28.530093000131767],[-81.38333200000065,28.530095000039566],[-81.38269000011826,28.53010500036728],[-81.38247699968291,28.53010900018234],[-81.38250000014745,28.530304999618096],[-81.38253000028467,28.530553999974117],[-81.38255000037616,28.53083900020165],[-81.38255500039904,28.53089600031251],[-81.38257299994238,28.531092999807502],[-81.38281599961662,28.531089999974213],[-81.38354700008581,28.53108400030735],[-81.38379099958497,28.531083000362838],[-81.38400200037049,28.531081999629095],[-81.3843839999619,28.531081999629095],[-81.38454100032074,28.53107799985089],[-81.38463800040512,28.5310669996709],[-81.38469600013143,28.53106199994744],[-81.38485000011723,28.531057000223772]]]},"properties":{"block_id":"120950185003003","school_id":"sch_jones_high","kids_est":0,"class":"red","shortest":{"len_m":2164.5,"mean_c":37.04,"peak_c":38.2,"dose":122.1},"coolest":{"len_m":2164.5,"mean_c":37.04,"peak_c":38.2,"dose":122.1},"delta_mean_c":0.0,"delta_dose_pct":0,"distance_mi":1.007,"status_now":"walk","status_rec":"bus_eligible","reason":"Coolest route mean 37.0C exceeds threshold (110 C-min dose, actual 122).","safe_until_hour":"14:00"}},{"type":"Feature","geometry":{"type":"Polygon","coordinates":[[[-81.39829899983266,28.5419920000089],[-81.3982960003579,28.541807999907412],[-81.3982949996347,28.541732999838175],[-81.39829200015996,28.541472999973898],[-81.398287999962,28.541273999671592],[-81.39828700013709,28.541257999738004],[-81.39828299993911,28.54107499978247],[-81.39807899972463,28.541073999932777],[-81.39746699997943,28.541071000383578],[-81.39726299976493,28.54106999974468],[-81.39726399958984,28.541252999708966],[-81.39726500031308,28.541271999975915],[-81.3972669999629,28.541472999973898],[-81.39727000033594,28.5417300003078],[-81.39727000033594,28.541803999747263],[-81.39727199998576,28.541987999855735],[-81.39747700002519,28.54198899969675],[-81.39809299996833,28.541992999849874],[-81.39812300010556,28.541993999690852],[-81.39829899983266,28.5419920000089]]]},"properties":{"block_id":"120950183003035","school_id":"sch_jones_high","kids_est":0,"class":"green","shortest":{"len_m":1384.7,"mean_c":38.34,"peak_c":38.6,"dose":102.9},"coolest":{"len_m":1409.7,"mean_c":38.24,"peak_c":38.4,"dose":102.4},"delta_mean_c":-0.1,"delta_dose_pct":0,"distance_mi":0.578,"status_now":"walk","status_rec":"walk","reason":"Shortest route already under threshold (dose 103).","safe_until_hour":null}},{"type":"Feature","geometry":{"type":"Polygon","coordinates":[[[-81.3993299998775,28.526449000127005],[-81.39932800022767,28.525978999757715],[-81.39932700040276,28.52558300023135],[-81.39932499985463,28.525516999639468],[-81.39917199969376,28.525517999636786],[-81.39916699967088,28.52577900019079],[-81.39916400019615,28.526340999737275],[-81.39916400019615,28.52645000011548],[-81.39927799999894,28.526449000127005],[-81.3993299998775,28.526449000127005]]]},"properties":{"block_id":"120950116001007","school_id":"sch_jones_high","kids_est":0,"class":"green","shortest":{"len_m":1256.9,"mean_c":37.78,"peak_c":38.2,"dose":83.5},"coolest":{"len_m":1256.9,"mean_c":37.78,"peak_c":38.2,"dose":83.5},"delta_mean_c":0.0,"delta_dose_pct":0,"distance_mi":0.506,"status_now":"walk","status_rec":"walk","reason":"Shortest route already under threshold (dose 84).","safe_until_hour":null}},{"type":"Feature","geometry":{"type":"Polygon","coordinates":[[[-81.3846300000092,28.51285700039432],[-81.38463199965902,28.512555000029625],[-81.38453499957464,28.51254699985657],[-81.38441099972607,28.51252500036434],[-81.38434200012911,28.51251399982718],[-81.38428000020483,28.512503000078198],[-81.38418599959518,28.51246600034],[-81.38411199997535,28.51243699998145],[-81.38384400018673,28.512310000277186],[-81.3837420000795,28.51225399971262],[-81.38371299976717,28.512239000232924],[-81.38360399998723,28.512167000016948],[-81.38344599980348,28.512062999705883],[-81.38327699974909,28.51196299979579],[-81.3831219999384,28.511848000255664],[-81.38302800022704,28.511737999651547],[-81.3828909999597,28.5115400001695],[-81.38272699992817,28.511186000169296],[-81.38272299973022,28.511175999625817],[-81.38269900033907,28.511087999696127],[-81.38265499995815,28.51080799964679],[-81.38262999984379,28.510571000106765],[-81.38262999984379,28.5104609997496],[-81.38273000030121,28.510235000205956],[-81.38281099959376,28.510142000354374],[-81.38287400024127,28.50997100020967],[-81.38289799963239,28.509827999935766],[-81.38297299997546,28.509707000341965],[-81.38311699991552,28.509602999973463],[-81.38330400041157,28.50948700007907],[-81.3833849997041,28.509448999922654],[-81.38347199974274,28.509361000130962],[-81.38352199997146,28.50918500032728],[-81.38357200020018,28.509097000315382],[-81.38357800004795,28.50904199977727],[-81.38357200020018,28.508991999980818],[-81.38350299970489,28.508948000298204],[-81.38335399974197,28.50890399980788],[-81.38325400018286,28.508765999657925],[-81.38321099962683,28.508623000118668],[-81.38317899983977,28.508574000281623],[-81.38318600041079,28.508508000094626],[-81.38314200002986,28.50834299984112],[-81.38312399958821,28.508210999926167],[-81.3831300003343,28.508083999870006],[-81.38319800010636,28.507990999700827],[-81.3833350003737,28.507924999938446],[-81.38343400010791,28.50795600028646],[-81.38357200020018,28.508095000079827],[-81.38367799960707,28.50812299989106],[-81.3838769997987,28.508101000265544],[-81.38411399962517,28.508029000382493],[-81.38416999970167,28.508001999920342],[-81.3842140000826,28.50794100019561],[-81.38422599977815,28.507864000169178],[-81.3842140000826,28.50779800032737],[-81.384194999816,28.507523000278816],[-81.38418300012046,28.507482999867566],[-81.38409199988385,28.50748199969922],[-81.3838199998973,28.5074789999835],[-81.38373000038392,28.5074789999835],[-81.38353299984212,28.50748100032024],[-81.38294500038637,28.50748900008809],[-81.3827500003927,28.50749199980356],[-81.38273399960084,28.507537000261276],[-81.3827090003848,28.50757699986267],[-81.3826030000796,28.507687000069687],[-81.38253500030754,28.50778200004851],[-81.38249599994948,28.507865000333933],[-81.38247099983514,28.50795199963093],[-81.3824609997894,28.508081000171394],[-81.38246900018531,28.5087840000996],[-81.38246599981225,28.508847999803105],[-81.38245499994159,28.509178000050955],[-81.38243900004808,28.509205000212148],[-81.38241300010881,28.50922399994133],[-81.38238100032176,28.509232999728766],[-81.38227199964349,28.50923100021462],[-81.38184999986912,28.50922799975924],[-81.38175000031,28.50922899991106],[-81.38157600023271,28.50923100021462],[-81.38133799968304,28.509232999728766],[-81.38102999971146,28.50923700033572],[-81.38062499965551,28.50924100015316],[-81.3804849999134,28.509242999667116],[-81.38038799982904,28.509242999667116],[-81.38024200023916,28.50924100015316],[-81.38001999958301,28.50924000000148],[-81.379807000046,28.509243999818768],[-81.37966200028104,28.50924799963594],[-81.37967800017456,28.50931199984733],[-81.37971900018246,28.50947999982278],[-81.37972800040328,28.509515999669976],[-81.37974900031968,28.50960500026999],[-81.37983299998525,28.50994800003512],[-81.37988700041194,28.5101769998328],[-81.37994299959011,28.5104099996958],[-81.37996600005467,28.51050699986984],[-81.38003700019976,28.510801000267502],[-81.3800609995909,28.510899000217982],[-81.380067000337,28.510925999938657],[-81.3800880002534,28.511009000118317],[-81.38009499992607,28.511036999945482],[-81.38015000017766,28.51103099992676],[-81.38031800040716,28.511014000003446],[-81.38037399958533,28.511009000118317],[-81.38040000042291,28.511001999963042],[-81.38047800024073,28.510982999764742],[-81.38050500000492,28.51097699974296],[-81.38054400036296,28.510963000217014],[-81.38088699959633,28.510958000329484],[-81.38119700011605,28.51095899967549],[-81.38163800015701,28.510946999628853],[-81.3820399998399,28.510947999764337],[-81.38231600002443,28.510950000035365],[-81.38236600025316,28.510946999628853],[-81.38238600034462,28.51095200030628],[-81.3824199997815,28.51096900023961],[-81.38244499989585,28.510994999807306],[-81.38245999996447,28.51102600004246],[-81.38249500012456,28.51122300035651],[-81.38252100006385,28.511313999780274],[-81.38255100020108,28.51141900017153],[-81.38276000043844,28.511873999606692],[-81.38284800030199,28.512036999612057],[-81.38293500034062,28.512216999887073],[-81.38296399975462,28.51231600022315],[-81.38306099983902,28.512644999763488],[-81.38306400021206,28.512668000139243],[-81.38309299962606,28.51285700039432],[-81.38355999960629,28.51287299990337],[-81.38373399968357,28.512892999878297],[-81.3838199998973,28.512910999615666],[-81.38398599957866,28.512963000155306],[-81.38406500011968,28.512996000044193],[-81.38421499990751,28.51307699994309],[-81.3842850002277,28.513124999941525],[-81.38435100034994,28.513176000261296],[-81.3843909996346,28.513216000092402],[-81.38453600029787,28.51310700024068],[-81.3845379999477,28.513020999785777],[-81.38453700012278,28.512978999648276],[-81.38453700012278,28.51285700039432],[-81.3846300000092,28.51285700039432]]]},"properties":{"block_id":"120950144001001","school_id":"sch_jones_high","kids_est":8,"class":"red","shortest":{"len_m":4645.6,"mean_c":37.21,"peak_c":38.2,"dose":271.8},"coolest":{"len_m":4664.0,"mean_c":36.71,"peak_c":38.2,"dose":239.8},"delta_mean_c":-0.5,"delta_dose_pct":-12,"distance_mi":1.932,"status_now":"walk","status_rec":"bus_eligible","reason":"Coolest route mean 36.7C exceeds threshold (110 C-min dose, actual 240).","safe_until_hour":"11:00"}},{"type":"Feature","geometry":{"type":"Polygon","coordinates":[[[-81.3806380000743,28.52122100016927],[-81.38062899985347,28.520247999677945],[-81.38009999994895,28.520261000292074],[-81.38010800034486,28.521160000196993],[-81.38040399972256,28.52115700008103],[-81.3806380000743,28.52122100016927]]]},"properties":{"block_id":"120950185003017","school_id":"sch_jones_high","kids_est":0,"class":"red","shortest":{"len_m":3808.3,"mean_c":36.6,"peak_c":38.2,"dose":191.5},"coolest":{"len_m":3845.6,"mean_c":36.38,"peak_c":38.2,"dose":180.6},"delta_mean_c":-0.22,"delta_dose_pct":-6,"distance_mi":1.472,"status_now":"walk","status_rec":"bus_eligible","reason":"Coolest route mean 36.4C exceeds threshold (110 C-min dose, actual 181).","safe_until_hour":"14:00"}},{"type":"Feature","geometry":{"type":"Polygon","coordinates":[[[-81.3949360002597,28.51732999965731],[-81.39493100023682,28.516423999664543],[-81.39389099997115,28.51644499983873],[-81.39287099979695,28.516457000049165],[-81.39287300034509,28.51663900004748],[-81.39287900019286,28.517184999736493],[-81.39288099984269,28.51736800013163],[-81.39329199974642,28.517360999609075],[-81.39452500035596,28.517339999617313],[-81.39488500020606,28.517335000032087],[-81.3949360002597,28.51732999965731]]]},"properties":{"block_id":"120950185002019","school_id":"sch_jones_high","kids_est":4,"class":"red","shortest":{"len_m":2755.5,"mean_c":37.53,"peak_c":38.2,"dose":173.5},"coolest":{"len_m":2771.5,"mean_c":36.75,"peak_c":38.2,"dose":143.9},"delta_mean_c":-0.78,"delta_dose_pct":-17,"distance_mi":1.187,"status_now":"walk","status_rec":"bus_eligible","reason":"Coolest route mean 36.8C exceeds threshold (110 C-min dose, actual 144).","safe_until_hour":"14:00"}},{"type":"Feature","geometry":{"type":"Polygon","coordinates":[[[-81.37727499960302,28.51284300032859],[-81.37727499960302,28.51283099970691],[-81.37727299995319,28.51270200023936],[-81.37726999958015,28.51231799967884],[-81.37726999958015,28.51218999970757],[-81.37726999958015,28.51216300031047],[-81.37726799993033,28.51208399995909],[-81.37726799993033,28.51205799987049],[-81.3772670001054,28.51203799973722],[-81.3772670001054,28.511980999691872],[-81.3772670001054,28.511961999669925],[-81.37726499955728,28.511859000072953],[-81.37726299990744,28.511739999907526],[-81.37726200008255,28.511549999889155],[-81.37726200008255,28.51144699988984],[-81.37726200008255,28.51137800031688],[-81.37726200008255,28.511171999881757],[-81.3772660002805,28.5111040002629],[-81.37719799961013,28.511104999607532],[-81.37699699976868,28.51110699987551],[-81.37692999982153,28.51110900014351],[-81.37691300010309,28.51110900014351],[-81.37686100022455,28.51110900014351],[-81.37684500033103,28.511110000277466],[-81.37674900007156,28.511110999622034],[-81.37660500013152,28.51111299988996],[-81.37646100019145,28.511114000023877],[-81.37636499993201,28.511116000291686],[-81.37631700025142,28.511116999636194],[-81.37631800007634,28.511282999629763],[-81.37631899990124,28.51134399978996],[-81.37630899985551,28.51171599999057],[-81.37630800003059,28.511780999621514],[-81.37630700020568,28.511948000274774],[-81.37630499965755,28.512139999824583],[-81.37630300000772,28.512518000309672],[-81.37630899985551,28.512718999890634],[-81.37631499970328,28.512911999732523],[-81.3764419999249,28.512908000054303],[-81.37653300016149,28.51290599982047],[-81.37682500023953,28.512901000025064],[-81.37695300028606,28.51289999990808],[-81.37700199979155,28.51289899979111],[-81.37715099975445,28.512897000346413],[-81.37720099998319,28.512897000346413],[-81.37721500022688,28.512896000229404],[-81.37726000043273,28.512896000229404],[-81.37727499960302,28.512896000229404],[-81.37727499960302,28.51288300028599],[-81.37727499960302,28.51284300032859]]]},"properties":{"block_id":"120950139001001","school_id":"sch_jones_high","kids_est":0,"class":"red","shortest":{"len_m":4675.0,"mean_c":37.17,"peak_c":38.2,"dose":271.3},"coolest":{"len_m":4786.9,"mean_c":36.37,"peak_c":38.2,"dose":224.1},"delta_mean_c":-0.8,"delta_dose_pct":-17,"distance_mi":2.031,"status_now":"bus","status_rec":"bus_eligible","reason":"Coolest route mean 36.4C exceeds threshold (110 C-min dose, actual 224).","safe_until_hour":"12:00"}},{"type":"Feature","geometry":{"type":"Polygon","coordinates":[[[-81.384679000413,28.517202000243746],[-81.38467600003995,28.51704099969399],[-81.38467100001706,28.51669199961932],[-81.38467000019217,28.51660699980165],[-81.38466799964404,28.516521999915454],[-81.38430899961884,28.51652500016336],[-81.38394600029399,28.51651800037419],[-81.38361999988074,28.51651199987795],[-81.38178000044721,28.51652700032855],[-81.38105900002378,28.516533000034606],[-81.38116600015391,28.51760500018436],[-81.38116899962863,28.517633999911073],[-81.38118200004742,28.5177639997313],[-81.38119399974298,28.517893000110934],[-81.38122600042834,28.518210999675247],[-81.38123599957578,28.518317000369358],[-81.38124200032189,28.518374000147503],[-81.3812580002154,28.51852799979559],[-81.38129900022328,28.51895099980892],[-81.38136500034553,28.51959700002546],[-81.38138000041414,28.51973600026327],[-81.3814199996988,28.520156000021846],[-81.38148300034631,28.520156000021846],[-81.38265999998102,28.52015199982905],[-81.38308900032642,28.520159000166306],[-81.38333200000065,28.520162000310737],[-81.3834049997956,28.52016300035883],[-81.38357600039814,28.520165999713775],[-81.3839200003547,28.5201720000021],[-81.38435399982467,28.520168999858008],[-81.38467100001706,28.520167999809964],[-81.38466799964404,28.519986000377482],[-81.38466799964404,28.519957999769034],[-81.38467100001706,28.519329000350037],[-81.3846729996669,28.51912000027471],[-81.3846729996669,28.51909200022561],[-81.38466799964404,28.5185999996154],[-81.384679000413,28.517202000243746]]]},"properties":{"block_id":"120950185003032","school_id":"sch_jones_high","kids_est":0,"class":"red","shortest":{"len_m":3506.2,"mean_c":36.59,"peak_c":38.2,"dose":175.0},"coolest":{"len_m":3537.5,"mean_c":36.42,"peak_c":38.2,"dose":167.6},"delta_mean_c":-0.17,"delta_dose_pct":-4,"distance_mi":1.46,"status_now":"walk","status_rec":"bus_eligible","reason":"Coolest route mean 36.4C exceeds threshold (110 C-min dose, actual 168).","safe_until_hour":"14:00"}},{"type":"Feature","geometry":{"type":"Polygon","coordinates":[[[-81.3839889999517,28.49770599992879],[-81.38398099955577,28.49703899976575],[-81.38396499966225,28.49698599979334],[-81.38394999959364,28.496961999677918],[-81.38394200009603,28.496953999901375],[-81.38390899958574,28.496921999999707],[-81.3838550000574,28.496896000121815],[-81.38379499978294,28.4968859998027],[-81.3835529999336,28.496890000088342],[-81.38345000000143,28.496881000037533],[-81.38335000044233,28.496858000167297],[-81.38325500000776,28.496821999948434],[-81.38316700014423,28.496773999637544],[-81.38308900032642,28.496714000007703],[-81.38303200042502,28.496650000049126],[-81.38298600039425,28.496580000000684],[-81.38295299988397,28.496503999850386],[-81.38293100014268,28.49642499961539],[-81.38292299974674,28.49634400035236],[-81.38291400042424,28.49539100025151],[-81.38291100005118,28.495067999938243],[-81.38290100000545,28.494630000065857],[-81.38210599996215,28.494638000018526],[-81.38195399962618,28.494639000308645],[-81.38193799973266,28.494639000308645],[-81.38189000005208,28.494639000308645],[-81.38187499998347,28.494639999809227],[-81.38188300037937,28.495405999758084],[-81.38189400025004,28.496366000060867],[-81.38187900018143,28.496465000271428],[-81.38184499984624,28.496560000091097],[-81.38179100031788,28.496648000296513],[-81.38175699998268,28.49668800007854],[-81.38167800033997,28.496759000325387],[-81.38159999962386,28.49681100014228],[-81.38153000020196,28.496847999844547],[-81.381454000034,28.49687699975152],[-81.38133400038339,28.496900999886268],[-81.38098899970358,28.4969099999354],[-81.38093500017521,28.496920999731252],[-81.38088699959633,28.496944000377212],[-81.38084800013657,28.496976999750682],[-81.38081899982426,28.49701799967558],[-81.38080399975564,28.4970649996084],[-81.38080499958056,28.497291999997138],[-81.38081600034954,28.49772699988203],[-81.38112299959788,28.49773199960716],[-81.38208199967269,28.497722999628127],[-81.3823989998651,28.497720999895833],[-81.38271699988243,28.497716999641668],[-81.38291400042424,28.49771499990926],[-81.38367099993438,28.49771499990926],[-81.38368500017808,28.49771499990926],[-81.3839889999517,28.49770599992879]]]},"properties":{"block_id":"120950144002014","school_id":"sch_jones_high","kids_est":19,"class":"red","shortest":{"len_m":6781.6,"mean_c":37.1,"peak_c":38.2,"dose":386.4},"coolest":{"len_m":7037.2,"mean_c":36.51,"peak_c":38.2,"dose":343.2},"delta_mean_c":-0.59,"delta_dose_pct":-11,"distance_mi":2.74,"status_now":"bus","status_rec":"bus_eligible","reason":"Coolest route mean 36.5C exceeds threshold (110 C-min dose, actual 343).","safe_until_hour":"11:00"}},{"type":"Feature","geometry":{"type":"Polygon","coordinates":[[[-81.39693399987695,28.50725100002509],[-81.39691100031074,28.506337999821042],[-81.39600800031242,28.506353000139832],[-81.39519800020051,28.506372999772186],[-81.39493100023682,28.506376000308773],[-81.3949300004119,28.50695099974455],[-81.39492500038904,28.50727000010623],[-81.39556399989839,28.50727000010623],[-81.39654499971454,28.507262000321766],[-81.39693399987695,28.50725100002509]]]},"properties":{"block_id":"120950144001029","school_id":"sch_jones_high","kids_est":14,"class":"red","shortest":{"len_m":3504.7,"mean_c":37.43,"peak_c":38.2,"dose":215.9},"coolest":{"len_m":3531.8,"mean_c":37.09,"peak_c":38.2,"dose":200.6},"delta_mean_c":-0.34,"delta_dose_pct":-7,"distance_mi":1.838,"status_now":"walk","status_rec":"bus_eligible","reason":"Coolest route mean 37.1C exceeds threshold (110 C-min dose, actual 201).","safe_until_hour":"12:00"}},{"type":"Feature","geometry":{"type":"Polygon","coordinates":[[[-81.39289199971336,28.518091000294852],[-81.39289300043657,28.518065000108535],[-81.39288400021574,28.517547999990526],[-81.39288099984269,28.51736800013163],[-81.3925999996353,28.51737599993892],[-81.39246900011406,28.51737599993892],[-81.39123399985469,28.517381000311524],[-81.39110800035631,28.517382000386004],[-81.39082299995097,28.51737900016254],[-81.39082200012605,28.51756000007538],[-81.39082200012605,28.517716000265647],[-81.3908320001718,28.518084999888124],[-81.3908320001718,28.518105999731585],[-81.3908329999967,28.5182880000411],[-81.39124399990042,28.51828399977749],[-81.39247999998469,28.518273999907013],[-81.39289199971336,28.518271999774964],[-81.39289199971336,28.518091000294852]]]},"properties":{"block_id":"120950185002008","school_id":"sch_jones_high","kids_est":4,"class":"red","shortest":{"len_m":2654.5,"mean_c":37.48,"peak_c":38.2,"dose":165.3},"coolest":{"len_m":2670.5,"mean_c":36.77,"peak_c":38.2,"dose":139.3},"delta_mean_c":-0.71,"delta_dose_pct":-16,"distance_mi":1.173,"status_now":"walk","status_rec":"bus_eligible","reason":"Coolest route mean 36.8C exceeds threshold (110 C-min dose, actual 139).","safe_until_hour":"14:00"}},{"type":"Feature","geometry":{"type":"Polygon","coordinates":[[[-81.3835460002609,28.530093000131767],[-81.38354299988785,28.529895000390212],[-81.38353500039025,28.529300999723027],[-81.38353299984212,28.52910300007208],[-81.38330199986345,28.529098000255438],[-81.38299700026491,28.529092999649357],[-81.38275200004252,28.5290970002921],[-81.38260999975232,28.529107999888442],[-81.38256899974442,28.529111999741414],[-81.38237999959853,28.52912300012544],[-81.38238799999445,28.529199999624666],[-81.3823989998651,28.52931999977758],[-81.38244200042114,28.529750000387402],[-81.38245699959144,28.52991099968165],[-81.38247699968291,28.53010900018234],[-81.38269000011826,28.53010500036728],[-81.38333200000065,28.530095000039566],[-81.3835460002609,28.530093000131767]]]},"properties":{"block_id":"120950185003005","school_id":"sch_jones_high","kids_est":0,"class":"red","shortest":{"len_m":2337.0,"mean_c":36.96,"peak_c":38.2,"dose":128.9},"coolest":{"len_m":2337.0,"mean_c":36.96,"peak_c":38.2,"dose":128.9},"delta_mean_c":0.0,"delta_dose_pct":0,"distance_mi":1.063,"status_now":"walk","status_rec":"bus_eligible","reason":"Coolest route mean 37.0C exceeds threshold (110 C-min dose, actual 129).","safe_until_hour":"14:00"}},{"type":"Feature","geometry":{"type":"Polygon","coordinates":[[[-81.39391400043567,28.503632999822],[-81.39387799955234,28.502557999908497],[-81.39375299987888,28.50252499991193],[-81.39356000043335,28.502513999910803],[-81.39313000026304,28.502513999910803],[-81.39270000009272,28.50253499969668],[-81.39257600024418,28.50257400019022],[-81.39243300012905,28.502666999608532],[-81.39235799978596,28.502760999947455],[-81.39229599986167,28.502920999979054],[-81.39226400007462,28.503064000142384],[-81.39224599963298,28.503272999668113],[-81.39214600007386,28.503817000250816],[-81.39213900040117,28.503933000064514],[-81.39208300032467,28.50411500035904],[-81.39196500032389,28.504384000210745],[-81.39186499986646,28.50452699997007],[-81.39177199998005,28.50463200001224],[-81.39169699963696,28.504658999758096],[-81.39151400023718,28.504686000286455],[-81.39144100044226,28.504698000255917],[-81.39126900001482,28.504677000111094],[-81.3911490003642,28.504663999944178],[-81.3905509999644,28.50474099993793],[-81.38979699992899,28.504751999706926],[-81.38943600025397,28.504658000352382],[-81.38905600031237,28.50448199980724],[-81.38881899958758,28.5043499997978],[-81.38870099958682,28.504333000376644],[-81.38864500040863,28.504317000361723],[-81.38852599968465,28.504328000174876],[-81.38846999960815,28.504344000188144],[-81.38837699972171,28.504537000354514],[-81.38835800035346,28.504662999749076],[-81.38836400020124,28.504784999796392],[-81.38832700039133,28.504943999723917],[-81.38839500016337,28.50524699996507],[-81.38841299970673,28.505291999801603],[-81.38850999979111,28.505225999929543],[-81.38880100004425,28.50503200004255],[-81.38889899995354,28.504967000200036],[-81.38892200041806,28.505000000222225],[-81.38897900031948,28.505058999686028],[-81.38904899974136,28.505104999793662],[-81.38916199971926,28.505145000317135],[-81.38925399978078,28.505170999741416],[-81.38935000004024,28.505181000064816],[-81.38947499971373,28.505178999684468],[-81.39140499955893,28.505157000234398],[-81.39185499982071,28.50515200007169],[-81.39189400017878,28.505154999853563],[-81.39197000034676,28.505170999741416],[-81.39204200031678,28.505198000138776],[-81.39211599993662,28.505067999828793],[-81.39234000024261,28.504681000101403],[-81.39241499968738,28.50455200013995],[-81.39250900029703,28.504384000210745],[-81.39258100026704,28.50425700028403],[-81.39266599975754,28.50413700002638],[-81.39279299997915,28.503985999705563],[-81.39285200042869,28.503926999641745],[-81.39292000020076,28.503860999705182],[-81.39299899984347,28.503803999977926],[-81.39297000042946,28.5037390001683],[-81.39295799983559,28.503689999641647],[-81.3929529998127,28.503670000290132],[-81.39294500031512,28.503328000056207],[-81.39294299976697,28.503208000320786],[-81.39294299976697,28.503193000344265],[-81.39295600018575,28.503159000336964],[-81.3929799995769,28.503129999788055],[-81.39301300008717,28.503107999910736],[-81.393050999722,28.503095999760426],[-81.39316700007296,28.503091000289473],[-81.39319200018733,28.503091000289473],[-81.39333299975432,28.50309400012996],[-81.39369699980237,28.50309199971003],[-81.39373699998535,28.503102000230484],[-81.39378700021406,28.503136000256152],[-81.39380700030556,28.503169000061632],[-81.39381599962807,28.50320499969413],[-81.39381599962807,28.503352999720757],[-81.39381700035129,28.503512999644038],[-81.39383099969668,28.503638000056707],[-81.39391400043567,28.503632999822]]]},"properties":{"block_id":"120950144002003","school_id":"sch_jones_high","kids_est":6,"class":"red","shortest":{"len_m":4172.7,"mean_c":37.34,"peak_c":38.2,"dose":251.5},"coolest":{"len_m":4281.4,"mean_c":36.76,"peak_c":38.2,"dose":222.8},"delta_mean_c":-0.58,"delta_dose_pct":-11,"distance_mi":2.118,"status_now":"bus","status_rec":"bus_eligible","reason":"Coolest route mean 36.8C exceeds threshold (110 C-min dose, actual 223).","safe_until_hour":"12:00"}},{"type":"Feature","geometry":{"type":"Polygon","coordinates":[[[-81.39071199962288,28.506688999775243],[-81.39071199962288,28.506574000011092],[-81.39068700040684,28.506496999776303],[-81.39061799991156,28.506386999907264],[-81.39047499979641,28.506088999901124],[-81.3903950003288,28.50598300033705],[-81.39038799975778,28.505974000272325],[-81.3904320001387,28.505802999686438],[-81.39055000013948,28.50551200012956],[-81.38977799966241,28.505505999796597],[-81.38926100035178,28.505517000275223],[-81.38917400031315,28.505538999650216],[-81.38883700002926,28.50552799996328],[-81.3886999997619,28.505493999919025],[-81.38860699987548,28.505461000051344],[-81.38853200043073,28.505423000023434],[-81.38845700008766,28.505367999938056],[-81.38842600012553,28.505324000322766],[-81.38841299970673,28.505291999801603],[-81.3876229996863,28.505525000192012],[-81.38755300026442,28.505546000168025],[-81.38667200000741,28.506038000101817],[-81.38543000007537,28.506655000105138],[-81.38527400043976,28.506732999610666],[-81.38475800005573,28.507125999946076],[-81.38464699972765,28.507208999958223],[-81.38453600029787,28.50729400024538],[-81.38453700012278,28.50748100032024],[-81.38454399979548,28.50838900009562],[-81.38454999964326,28.509214000001187],[-81.38461400011568,28.509212999849254],[-81.38462199961329,28.510892000055353],[-81.38462699963614,28.5120350001511],[-81.38462699963614,28.512131000285166],[-81.38463199965902,28.512555000029625],[-81.38466599999421,28.51255800039034],[-81.38469299975839,28.512564000322197],[-81.3847849998199,28.512585999806294],[-81.38491500041455,28.51263500014767],[-81.38504000008801,28.512696000315366],[-81.38518900005094,28.51270700004422],[-81.38535800010534,28.51270700004422],[-81.38555099955087,28.512750999737484],[-81.38585000019992,28.51284499977429],[-81.38599900016284,28.512877999700112],[-81.38616099964624,28.512877999700112],[-81.38628600021804,28.512850000361684],[-81.38649799993013,28.512729999617086],[-81.38677800031262,28.512498000263665],[-81.38689700013829,28.51237199996547],[-81.38699000002472,28.512207000230738],[-81.38703299968242,28.512106999667804],[-81.38710899985041,28.511936999677385],[-81.38716499992691,28.5118329999289],[-81.3873270003086,28.511668000140286],[-81.38740199975338,28.511618000009854],[-81.38791899996231,28.51134299965822],[-81.38803100011532,28.5112719997524],[-81.38810599956005,28.51118399990281],[-81.38816199963657,28.51108500008297],[-81.3881869997509,28.51093599971644],[-81.38818099990313,28.510842999693605],[-81.38812499982664,28.51064500011025],[-81.38804399963578,28.510495999911537],[-81.38802500026752,28.510419000171456],[-81.38796300034325,28.51029799967682],[-81.38790700026675,28.5102319997791],[-81.38780099996154,28.510137999781783],[-81.38777599984718,28.51007199978394],[-81.38778199969495,28.5099839997226],[-81.3878260000759,28.509852000282315],[-81.38801900041975,28.509577000062723],[-81.38816300035978,28.509418000013365],[-81.38843699999617,28.50916999962179],[-81.38854900014917,28.509087999726958],[-81.3887270004244,28.508917999607064],[-81.38879799967118,28.508851000269296],[-81.38915300039675,28.508725000350832],[-81.38950900004889,28.508575999808226],[-81.38974500005045,28.50842800000393],[-81.38997600002914,28.508102999801114],[-81.39006300006777,28.507927000266765],[-81.3902630000843,28.50742099967379],[-81.39036900038953,28.50724999985452],[-81.39057400042893,28.5069919997411],[-81.39064899987369,28.506871000051895],[-81.39071199962288,28.506688999775243]]]},"properties":{"block_id":"120950144001020","school_id":"sch_jones_high","kids_est":0,"class":"red","shortest":{"len_m":3977.7,"mean_c":37.35,"peak_c":38.2,"dose":240.3},"coolest":{"len_m":3997.3,"mean_c":36.76,"peak_c":38.2,"dose":208.0},"delta_mean_c":-0.59,"delta_dose_pct":-13,"distance_mi":1.864,"status_now":"walk","status_rec":"bus_eligible","reason":"Coolest route mean 36.8C exceeds threshold (110 C-min dose, actual 208).","safe_until_hour":"12:00"}},{"type":"Feature","geometry":{"type":"Polygon","coordinates":[[[-81.37956199982361,28.51748400004077],[-81.37954599993009,28.516550999940062],[-81.3774129996953,28.516573000171157],[-81.37635999990914,28.516575999628223],[-81.37636300028217,28.517498000279797],[-81.37634900003847,28.517510999654338],[-81.37636300028217,28.517513999874048],[-81.37702199988304,28.51751000037035],[-81.3778360001929,28.517496000132976],[-81.37956199982361,28.51748400004077]]]},"properties":{"block_id":"120950185003042","school_id":"sch_jones_high","kids_est":6,"class":"red","shortest":{"len_m":4145.8,"mean_c":36.51,"peak_c":38.2,"dose":202.1},"coolest":{"len_m":4177.1,"mean_c":36.36,"peak_c":38.2,"dose":194.7},"delta_mean_c":-0.15,"delta_dose_pct":-4,"distance_mi":1.744,"status_now":"walk","status_rec":"bus_eligible","reason":"Coolest route mean 36.4C exceeds threshold (110 C-min dose, actual 195).","safe_until_hour":"14:00"}},{"type":"Feature","geometry":{"type":"Polygon","coordinates":[[[-81.38998500024996,28.51465400028424],[-81.38990599970893,28.514655000384582],[-81.38979199990611,28.514655999695616],[-81.38972599978389,28.514655999695616],[-81.38921399959781,28.514661000197133],[-81.38916599991722,28.514731000090023],[-81.38903700004579,28.51486199964067],[-81.38892900009076,28.51496699965709],[-81.38892300024298,28.514977999938434],[-81.38862600014205,28.51529899989323],[-81.38850499976823,28.515423999758866],[-81.3883619996531,28.515575000282958],[-81.38833900008687,28.515599000111123],[-81.38817599988027,28.515785999670456],[-81.38810200026043,28.515894999910685],[-81.38799199975725,28.516104000063404],[-81.38823899962946,28.515872000238687],[-81.388402999661,28.51573700000372],[-81.38853300025565,28.515645999660105],[-81.38876099986128,28.515488000169437],[-81.38953499998817,28.51495700026142],[-81.38975199972315,28.514808999938477],[-81.38998500024996,28.51465400028424]]]},"properties":{"block_id":"120950185003047","school_id":"sch_jones_high","kids_est":0,"class":"red","shortest":{"len_m":3356.5,"mean_c":37.39,"peak_c":38.2,"dose":204.9},"coolest":{"len_m":3374.9,"mean_c":36.7,"peak_c":38.2,"dose":172.9},"delta_mean_c":-0.69,"delta_dose_pct":-16,"distance_mi":1.415,"status_now":"walk","status_rec":"bus_eligible","reason":"Coolest route mean 36.7C exceeds threshold (110 C-min dose, actual 173).","safe_until_hour":"14:00"}},{"type":"Feature","geometry":{"type":"Polygon","coordinates":[[[-81.40136199982996,28.535251999907228],[-81.40136199982996,28.53520199991236],[-81.40136100000504,28.53510600026604],[-81.40136100000504,28.535068999778886],[-81.40110599973693,28.535064000245264],[-81.40088800017703,28.53506099973583],[-81.40013499996654,28.53505500029502],[-81.39985299993421,28.535066999965487],[-81.39870700026165,28.53508200014347],[-81.39787000038555,28.535088000371932],[-81.39725299971919,28.53509900013219],[-81.39725299971919,28.535185999845847],[-81.39725600009224,28.535256000316224],[-81.39729600027522,28.53525800012601],[-81.39739800038245,28.535261999745515],[-81.39880799964568,28.53524700038237],[-81.39956500005412,28.535243999878062],[-81.4002100003096,28.53525299981217],[-81.40076099995541,28.535228999723145],[-81.40136199982996,28.535251999907228]]]},"properties":{"block_id":"120950183003054","school_id":"sch_jones_high","kids_est":0,"class":"green","shortest":{"len_m":449.9,"mean_c":38.24,"peak_c":38.3,"dose":32.6},"coolest":{"len_m":449.9,"mean_c":38.24,"peak_c":38.3,"dose":32.6},"delta_mean_c":0.0,"delta_dose_pct":0,"distance_mi":0.131,"status_now":"walk","status_rec":"walk","reason":"Shortest route already under threshold (dose 33).","safe_until_hour":null}},{"type":"Feature","geometry":{"type":"Polygon","coordinates":[[[-81.37927099957047,28.503069999824813],[-81.37936900037806,28.50306800019385],[-81.37926999974557,28.503001999719952],[-81.37922899973768,28.502774000348854],[-81.3791609999656,28.502498999835606],[-81.3788770002835,28.501340000157157],[-81.37874900023697,28.500802000035762],[-81.37873199962021,28.500728000232954],[-81.37862200001535,28.500234000326458],[-81.3786039995737,28.50017000013421],[-81.37855300041839,28.499979000353477],[-81.37853599980164,28.499916000246664],[-81.37851300023542,28.49983100033115],[-81.37841199995307,28.499831999782582],[-81.37796199969128,28.499834000264304],[-81.37741199987038,28.499834999715713],[-81.37733800025052,28.499834000264304],[-81.37738699975601,28.50003400009019],[-81.37746799994686,28.500371000348498],[-81.37762799978044,28.50103699974825],[-81.37771200034433,28.50138200019207],[-81.37779400036011,28.501720000315576],[-81.37782899962188,28.50186500018151],[-81.3779349999271,28.50230000016261],[-81.37797099991212,28.502446000237065],[-81.37801600011795,28.50257100033492],[-81.37804200005723,28.502641000356622],[-81.37814499998939,28.502952000218595],[-81.3781740003017,28.50303800019886],[-81.37818900037033,28.50307900013723],[-81.3784050002804,28.50307699971702],[-81.37864999960445,28.50307600029632],[-81.37905399983549,28.503072000245176],[-81.37927099957047,28.503069999824813]]]},"properties":{"block_id":"120950144002019","school_id":"sch_jones_high","kids_est":0,"class":"red","shortest":{"len_m":6067.5,"mean_c":37.14,"peak_c":38.2,"dose":348.1},"coolest":{"len_m":6323.1,"mean_c":36.48,"peak_c":38.2,"dose":304.9},"delta_mean_c":-0.66,"delta_dose_pct":-12,"distance_mi":2.554,"status_now":"bus","status_rec":"bus_eligible","reason":"Coolest route mean 36.5C exceeds threshold (110 C-min dose, actual 305).","safe_until_hour":"11:00"}},{"type":"Feature","geometry":{"type":"Polygon","coordinates":[[[-81.38438300013699,28.501898000384497],[-81.38428199985466,28.501586000349448],[-81.38427600000688,28.501564000150207],[-81.38420999988463,28.501306000342197],[-81.38417300007471,28.501116999917315],[-81.38408699986098,28.500573999858172],[-81.3840819998381,28.500532000291123],[-81.3840450000282,28.50018400030294],[-81.38345800039735,28.500187999674132],[-81.38169699970824,28.500201999840442],[-81.3811109999023,28.50020700023774],[-81.38019100018556,28.5002149997677],[-81.3802020000562,28.500641999948858],[-81.38020899972891,28.500719999952462],[-81.3802509995617,28.500874000114173],[-81.38027300020133,28.501026999821544],[-81.38212100003076,28.501006999965277],[-81.3825670000946,28.501005999735547],[-81.38304499994548,28.50099700003573],[-81.38307400025779,28.50099899970594],[-81.38312899961106,28.501015000224026],[-81.38316600031932,28.50103699974825],[-81.38317600036505,28.50104399977534],[-81.38321099962683,28.501084999699092],[-81.38322900006851,28.501132999628076],[-81.38323699956611,28.50122200019514],[-81.3832430003122,28.501613000085303],[-81.3832430003122,28.502090000068968],[-81.38324800033509,28.50212199998242],[-81.38326800042655,28.502185000351066],[-81.38330000021361,28.50224300038151],[-81.38334200004641,28.502217000235714],[-81.38341999986422,28.502178999828885],[-81.38350500025302,28.502144000065314],[-81.38358200024591,28.50211300037779],[-81.38416200020406,28.50195700000402],[-81.38438300013699,28.501898000384497]]]},"properties":{"block_id":"120950144002009","school_id":"sch_jones_high","kids_est":9,"class":"red","shortest":{"len_m":6376.0,"mean_c":37.12,"peak_c":38.2,"dose":364.6},"coolest":{"len_m":6631.6,"mean_c":36.49,"peak_c":38.2,"dose":321.4},"delta_mean_c":-0.63,"delta_dose_pct":-12,"distance_mi":2.469,"status_now":"bus","status_rec":"bus_eligible","reason":"Coolest route mean 36.5C exceeds threshold (110 C-min dose, actual 321).","safe_until_hour":"11:00"}},{"type":"Feature","geometry":{"type":"Polygon","coordinates":[[[-81.36800299977044,28.502066999755122],[-81.36800000029568,28.501730999610057],[-81.36799899957248,28.50161899985022],[-81.36799600009773,28.50143599976128],[-81.36799000024995,28.500886999958592],[-81.36798799970181,28.500704999622247],[-81.367986000052,28.500514000020424],[-81.36798000020421,28.499940999930157],[-81.3679790003793,28.499749999734956],[-81.36797799965608,28.499632999816615],[-81.36797799965608,28.499286000267634],[-81.36797799965608,28.499170000082017],[-81.36797600000625,28.499022999963092],[-81.3679729996332,28.498584999925292],[-81.36797199980828,28.49843900003503],[-81.36769599962376,28.498440000289108],[-81.36734499999447,28.49844300026182],[-81.36686899979341,28.498449999671525],[-81.36659400033211,28.498455000151807],[-81.36639500014049,28.498458000124124],[-81.36596199959713,28.498465000322273],[-81.3659099997186,28.498465000322273],[-81.3659099997186,28.498712999825127],[-81.36591700028961,28.499690999670882],[-81.36591999976433,28.50003700001757],[-81.36592899998516,28.501180000096554],[-81.36593400000804,28.50163599970865],[-81.36593700038108,28.502091999718466],[-81.36747700023895,28.50207499993351],[-81.3676980001719,28.502072000064064],[-81.36800299977044,28.502066999755122]]]},"properties":{"block_id":"120950139001032","school_id":"sch_jones_high","kids_est":19,"class":"red","shortest":{"len_m":7161.7,"mean_c":36.54,"peak_c":38.2,"dose":353.3},"coolest":{"len_m":7322.0,"mean_c":36.41,"peak_c":38.2,"dose":347.0},"delta_mean_c":-0.13,"delta_dose_pct":-2,"distance_mi":3.03,"status_now":"bus","status_rec":"bus_eligible","reason":"Coolest route mean 36.4C exceeds threshold (110 C-min dose, actual 347).","safe_until_hour":"11:00"}},{"type":"Feature","geometry":{"type":"Polygon","coordinates":[[[-81.39917300041697,28.520915999955246],[-81.39916599984596,28.520012000090126],[-81.3974579997586,28.520029000141655],[-81.39706199992348,28.52003000019102],[-81.39706899959617,28.520935999983365],[-81.39706899959617,28.52095399992653],[-81.3970700003194,28.521018000137932],[-81.39730899979568,28.520935999983365],[-81.39862699989571,28.52092000011906],[-81.39917300041697,28.520915999955246]]]},"properties":{"block_id":"120950116001017","school_id":"sch_jones_high","kids_est":5,"class":"red","shortest":{"len_m":1837.4,"mean_c":37.8,"peak_c":38.2,"dose":122.7},"coolest":{"len_m":1929.3,"mean_c":37.35,"peak_c":38.2,"dose":116.5},"delta_mean_c":-0.45,"delta_dose_pct":-5,"distance_mi":0.89,"status_now":"walk","status_rec":"bus_eligible","reason":"Coolest route mean 37.4C exceeds threshold (110 C-min dose, actual 116).","safe_until_hour":"14:00"}},{"type":"Feature","geometry":{"type":"Polygon","coordinates":[[[-81.39915599980021,28.518176999772603],[-81.39914999995244,28.5179939999921],[-81.39914499992958,28.517783000286652],[-81.39914300027975,28.517445000323736],[-81.39914199955652,28.517263000137817],[-81.39914199955652,28.516360999906116],[-81.39702500011356,28.516385999639393],[-81.39703199978626,28.516470000341368],[-81.39703599998423,28.51730199992218],[-81.39704400038013,28.518207000197986],[-81.3973010002981,28.51820199986462],[-81.39746600015452,28.518200999797912],[-81.39772700027044,28.518200999797912],[-81.39873300020092,28.518185000307845],[-81.3988310001102,28.518184000240986],[-81.39915599980021,28.518176999772603]]]},"properties":{"block_id":"120950116001024","school_id":"sch_jones_high","kids_est":1,"class":"red","shortest":{"len_m":2330.5,"mean_c":37.71,"peak_c":38.2,"dose":152.6},"coolest":{"len_m":2358.9,"mean_c":37.31,"peak_c":38.2,"dose":141.1},"delta_mean_c":-0.4,"delta_dose_pct":-8,"distance_mi":1.108,"status_now":"walk","status_rec":"bus_eligible","reason":"Coolest route mean 37.3C exceeds threshold (110 C-min dose, actual 141).","safe_until_hour":"14:00"}},{"type":"Feature","geometry":{"type":"Polygon","coordinates":[[[-81.39705900044875,28.51132099991485],[-81.39705100005283,28.51128899963415],[-81.39704699985488,28.5111040002629],[-81.39704699985488,28.510560000155156],[-81.39704299965689,28.510279000141107],[-81.39703599998423,28.510065999710328],[-81.3969580001664,28.510093999787816],[-81.39689200004416,28.510120000360534],[-81.39689100021926,28.510382999843053],[-81.39689000039434,28.51054900020239],[-81.39688700002131,28.511376000054035],[-81.39693999972475,28.511360000317893],[-81.39698499993058,28.511344999921675],[-81.39705900044875,28.51132099991485]]]},"properties":{"block_id":"120950185002034","school_id":"sch_jones_high","kids_est":0,"class":"red","shortest":{"len_m":2856.4,"mean_c":37.61,"peak_c":38.2,"dose":183.1},"coolest":{"len_m":2935.8,"mean_c":37.15,"peak_c":38.2,"dose":169.2},"delta_mean_c":-0.46,"delta_dose_pct":-8,"distance_mi":1.563,"status_now":"walk","status_rec":"bus_eligible","reason":"Coolest route mean 37.1C exceeds threshold (110 C-min dose, actual 169).","safe_until_hour":"14:00"}},{"type":"Feature","geometry":{"type":"Polygon","coordinates":[[[-81.40534500044235,28.536275000307683],[-81.40534500044235,28.5362290003811],[-81.40487500008906,28.53599099968504],[-81.40437399977364,28.535784000088267],[-81.40400499970269,28.535632000197918],[-81.40366599976898,28.535526000341857],[-81.4031450002604,28.535390000117257],[-81.40242100036221,28.53520800013394],[-81.40183499965796,28.53511700002441],[-81.40136100000504,28.535068999778886],[-81.40136100000504,28.53510600026604],[-81.40136199982996,28.53520199991236],[-81.40136199982996,28.535251999907228],[-81.4018220001375,28.535300000069395],[-81.40253799963975,28.535420000379222],[-81.4029629997872,28.535499999720642],[-81.40353900044568,28.53565199980142],[-81.40406499997715,28.535839000093244],[-81.4046669996766,28.536062000307094],[-81.40534399971912,28.536422999695237],[-81.40534500044235,28.536382999987893],[-81.40534500044235,28.536348999632885],[-81.40534500044235,28.536275000307683]]]},"properties":{"block_id":"120950183003045","school_id":"sch_jones_high","kids_est":0,"class":"green","shortest":{"len_m":480.6,"mean_c":38.19,"peak_c":38.2,"dose":34.7},"coolest":{"len_m":480.6,"mean_c":38.19,"peak_c":38.2,"dose":34.7},"delta_mean_c":0.0,"delta_dose_pct":0,"distance_mi":0.258,"status_now":"walk","status_rec":"walk","reason":"Shortest route already under threshold (dose 35).","safe_until_hour":null}},{"type":"Feature","geometry":{"type":"Polygon","coordinates":[[[-81.39508900042057,28.53248699992568],[-81.39508799969732,28.532036999937326],[-81.39450699991428,28.532039999743652],[-81.3939450003978,28.532048000016054],[-81.3939019998418,28.532058000158393],[-81.39388900032132,28.532058000158393],[-81.39343999988444,28.532058000158393],[-81.39344699955711,28.532497999957428],[-81.39508900042057,28.53248699992568]]]},"properties":{"block_id":"120950104001032","school_id":"sch_jones_high","kids_est":8,"class":"green","shortest":{"len_m":1087.1,"mean_c":38.2,"peak_c":38.4,"dose":78.6},"coolest":{"len_m":1087.1,"mean_c":38.2,"peak_c":38.4,"dose":78.6},"delta_mean_c":0.0,"delta_dose_pct":0,"distance_mi":0.353,"status_now":"walk","status_rec":"walk","reason":"Shortest route already under threshold (dose 79).","safe_until_hour":null}},{"type":"Feature","geometry":{"type":"Polygon","coordinates":[[[-81.39932700040276,28.541476000300754],[-81.39932200037988,28.54128000033653],[-81.39932099965667,28.54126399961475],[-81.39931700035702,28.54108400000765],[-81.39910999976946,28.541082000308357],[-81.39848899980345,28.54107599963215],[-81.39828299993911,28.54107499978247],[-81.39828700013709,28.541257999738004],[-81.398287999962,28.541273999671592],[-81.39829200015996,28.541472999973898],[-81.39884100015595,28.541477000146628],[-81.39932700040276,28.541476000300754]]]},"properties":{"block_id":"120950183003036","school_id":"sch_jones_high","kids_est":0,"class":"green","shortest":{"len_m":1309.7,"mean_c":38.35,"peak_c":38.6,"dose":97.6},"coolest":{"len_m":1334.7,"mean_c":38.25,"peak_c":38.4,"dose":97.1},"delta_mean_c":-0.1,"delta_dose_pct":-1,"distance_mi":0.55,"status_now":"walk","status_rec":"walk","reason":"Shortest route already under threshold (dose 98).","safe_until_hour":null}},{"type":"Feature","geometry":{"type":"Polygon","coordinates":[[[-81.39482499993161,28.53910399981414],[-81.39482900012958,28.539052000331054],[-81.39481499988587,28.538769999834383],[-81.39481499988587,28.538333999685275],[-81.39481499988587,28.538280999945982],[-81.3944440001651,28.53827400002308],[-81.39429299965404,28.53827100039417],[-81.3940719997211,28.538267000099715],[-81.39313899958556,28.538255000004554],[-81.39315399965416,28.53919100016661],[-81.39334299980005,28.53919399976933],[-81.39368799958156,28.539186000039482],[-81.39480800021317,28.539181999779704],[-81.39482499993161,28.53910399981414]]]},"properties":{"block_id":"120950105001010","school_id":"sch_jones_high","kids_est":17,"class":"green","shortest":{"len_m":1404.1,"mean_c":38.46,"peak_c":38.6,"dose":106.4},"coolest":{"len_m":1404.7,"mean_c":38.44,"peak_c":38.6,"dose":106.2},"delta_mean_c":-0.02,"delta_dose_pct":0,"distance_mi":0.519,"status_now":"walk","status_rec":"walk","reason":"Shortest route already under threshold (dose 106).","safe_until_hour":null}},{"type":"Feature","geometry":{"type":"Polygon","coordinates":[[[-81.39082299995097,28.51737900016254],[-81.39082200012605,28.51719699986272],[-81.39082200012605,28.516889999690367],[-81.39081799992809,28.516652999609356],[-81.39081499955505,28.516471999718256],[-81.39081399973013,28.516290000221055],[-81.3908110002554,28.515743999844734],[-81.39081000043048,28.515562999972143],[-81.39060200001802,28.515564000063875],[-81.38997799967896,28.515569999824773],[-81.38980899962455,28.515570999916427],[-81.389620000377,28.515574000191343],[-81.38952499994244,28.515636000328833],[-81.38916599991722,28.51587599980452],[-81.38916699974213,28.516009999773996],[-81.38896300042596,28.516010999861543],[-81.38875900021145,28.51614100010393],[-81.38876000003636,28.516405999737408],[-81.38876099986128,28.516490999717043],[-81.3887690002572,28.51731600018538],[-81.38886200014362,28.517315000110212],[-81.38886100031868,28.51732900037167],[-81.38879099999852,28.517443000175945],[-81.38881399956473,28.517431000077707],[-81.38882899963333,28.517415999755702],[-81.38887399983918,28.51740000014654],[-81.38889800012863,28.51739599984918],[-81.38928300009309,28.51739299962611],[-81.39040399965131,28.517384999820106],[-81.3904379999865,28.51738399974565],[-81.39082299995097,28.51737900016254]]]},"properties":{"block_id":"120950185002002","school_id":"sch_jones_high","kids_est":4,"class":"red","shortest":{"len_m":3089.4,"mean_c":37.26,"peak_c":38.2,"dose":182.6},"coolest":{"len_m":3108.3,"mean_c":36.55,"peak_c":38.2,"dose":153.2},"delta_mean_c":-0.71,"delta_dose_pct":-16,"distance_mi":1.307,"status_now":"walk","status_rec":"bus_eligible","reason":"Coolest route mean 36.5C exceeds threshold (110 C-min dose, actual 153).","safe_until_hour":"14:00"}},{"type":"Feature","geometry":{"type":"Polygon","coordinates":[[[-81.39703599998423,28.51730199992218],[-81.39703199978626,28.516470000341368],[-81.39702500011356,28.516385999639393],[-81.39682000007416,28.51640000002414],[-81.39633899985022,28.516412000239704],[-81.39493100023682,28.516423999664543],[-81.3949360002597,28.51732999965731],[-81.39596499975639,28.517319999696365],[-81.39703599998423,28.51730199992218]]]},"properties":{"block_id":"120950185002018","school_id":"sch_jones_high","kids_est":0,"class":"red","shortest":{"len_m":2339.6,"mean_c":37.69,"peak_c":38.2,"dose":152.4},"coolest":{"len_m":2366.3,"mean_c":37.21,"peak_c":38.2,"dose":138.3},"delta_mean_c":-0.48,"delta_dose_pct":-9,"distance_mi":1.156,"status_now":"walk","status_rec":"bus_eligible","reason":"Coolest route mean 37.2C exceeds threshold (110 C-min dose, actual 138).","safe_until_hour":"14:00"}},{"type":"Feature","geometry":{"type":"Polygon","coordinates":[[[-81.38310000019708,28.52167599993544],[-81.38309900037217,28.521642000360814],[-81.38309400034929,28.52136700010172],[-81.38308900032642,28.520159000166306],[-81.38265999998102,28.52015199982905],[-81.38148300034631,28.520156000021846],[-81.38153000020196,28.520260000244832],[-81.38155100011835,28.520294000265192],[-81.38166200044645,28.520455999839893],[-81.38171099995193,28.52051900030893],[-81.38176100018065,28.520580999906837],[-81.3818139998841,28.52064100017046],[-81.38186800031077,28.52070000035695],[-81.38192500021218,28.52075699963614],[-81.38198299993849,28.52081299963196],[-81.38204300021296,28.52086800034587],[-81.38263900006461,28.52130200006487],[-81.38292699994471,28.521528999606385],[-81.38310000019708,28.52167599993544]]]},"properties":{"block_id":"120950185003033","school_id":"sch_jones_high","kids_est":0,"class":"red","shortest":{"len_m":3281.4,"mean_c":36.63,"peak_c":38.2,"dose":165.9},"coolest":{"len_m":3324.6,"mean_c":36.45,"peak_c":38.2,"dose":158.9},"delta_mean_c":-0.18,"delta_dose_pct":-4,"distance_mi":1.371,"status_now":"walk","status_rec":"bus_eligible","reason":"Coolest route mean 36.5C exceeds threshold (110 C-min dose, actual 159).","safe_until_hour":"14:00"}},{"type":"Feature","geometry":{"type":"Polygon","coordinates":[[[-81.39300800006431,28.53010700027482],[-81.39300800006431,28.530017999615765],[-81.39299800001855,28.529529000151815],[-81.39299800001855,28.529336999906562],[-81.39259399978752,28.529340999750843],[-81.3908890000732,28.529339999789794],[-81.3908890000732,28.52941899984036],[-81.39087900002745,28.529625000143238],[-81.39088599970016,28.529837999737975],[-81.39090699961655,28.53018199993826],[-81.39090599979164,28.53033699965243],[-81.3913259999162,28.53033499974919],[-81.39213699985304,28.53033399979758],[-81.39239899979384,28.53032800008766],[-81.39258700011482,28.53031899973293],[-81.39300800006431,28.530299999858475],[-81.39300800006431,28.53010700027482]]]},"properties":{"block_id":"120950185001014","school_id":"sch_jones_high","kids_est":13,"class":"green","shortest":{"len_m":1437.2,"mean_c":37.41,"peak_c":38.2,"dose":88.6},"coolest":{"len_m":1442.5,"mean_c":37.39,"peak_c":38.2,"dose":88.4},"delta_mean_c":-0.02,"delta_dose_pct":0,"distance_mi":0.543,"status_now":"walk","status_rec":"walk","reason":"Shortest route already under threshold (dose 89).","safe_until_hour":null}},{"type":"Feature","geometry":{"type":"Polygon","coordinates":[[[-81.39089499992099,28.52745300035454],[-81.39089300027116,28.5272660001777],[-81.3908890000732,28.526866000023453],[-81.3908890000732,28.52670799998237],[-81.39089099972304,28.526522000050093],[-81.3904809996442,28.52652300003786],[-81.38925200013095,28.52652999995209],[-81.38884299987704,28.52653299991517],[-81.38884600025008,28.52671899982803],[-81.3888549995726,28.527279999906987],[-81.38885799994566,28.52746700005901],[-81.38926499965143,28.527464000122517],[-81.3904870003903,28.52745500031249],[-81.39089499992099,28.52745300035454]]]},"properties":{"block_id":"120950185001017","school_id":"sch_jones_high","kids_est":14,"class":"green","shortest":{"len_m":1959.0,"mean_c":36.96,"peak_c":38.2,"dose":107.7},"coolest":{"len_m":1964.4,"mean_c":36.93,"peak_c":38.2,"dose":106.9},"delta_mean_c":-0.03,"delta_dose_pct":-1,"distance_mi":0.752,"status_now":"walk","status_rec":"walk","reason":"Shortest route already under threshold (dose 108).","safe_until_hour":null}},{"type":"Feature","geometry":{"type":"Polygon","coordinates":[[[-81.3861370002551,28.529582000346956],[-81.38614499975272,28.529171999885058],[-81.38612600038445,28.52875399967405],[-81.38612399983631,28.528655999743467],[-81.38611799998854,28.526731999644195],[-81.3861220001865,28.526223000120282],[-81.38611200014074,28.525838999863964],[-81.3861099995926,28.5256310000618],[-81.38608299982842,28.52466700006716],[-81.38609500042232,28.523966000275347],[-81.38610200009501,28.523871999891416],[-81.38610200009501,28.523604000032716],[-81.38609299987418,28.523177999685636],[-81.38607899963047,28.52227800038488],[-81.38607899963047,28.52150400030322],[-81.38607899963047,28.520313999621987],[-81.38608399965334,28.52016300035883],[-81.3858839996368,28.52016499966571],[-81.3856860001684,28.52016499966571],[-81.38568000032062,28.52018099964464],[-81.38568100014552,28.520229999614248],[-81.38568799981823,28.520429000191175],[-81.38569000036637,28.520485000361138],[-81.38569000036637,28.520496000066863],[-81.38569399966602,28.520850000388023],[-81.38569200001618,28.521860999703865],[-81.38568399962026,28.52189700006051],[-81.385665000252,28.521929000279535],[-81.3856510000083,28.521942999928314],[-81.38563599993968,28.521956000333443],[-81.38559900012977,28.521973000071533],[-81.38555800012189,28.521980000287826],[-81.38468500026079,28.521980000287826],[-81.3846860000857,28.522157000078863],[-81.38468899956044,28.522688000036943],[-81.38469000028365,28.522866000240352],[-81.38469000028365,28.523053000329906],[-81.38469199993348,28.523617000233028],[-81.38469299975839,28.523804999793263],[-81.38469500030654,28.52398099966553],[-81.38470299980413,28.5245089998871],[-81.38470600017719,28.524685000162584],[-81.384707999827,28.52487500019289],[-81.384715000398,28.525446999803652],[-81.38471799987275,28.52563800003525],[-81.3847289997434,28.52654899971688],[-81.3847429999871,28.52747599986802],[-81.3847499996598,28.527875000100238],[-81.3847649997284,28.528697999950356],[-81.38476200025369,28.5291000001821],[-81.38476100042877,28.529244000328035],[-81.3847849998199,28.53008499971096],[-81.38478999984278,28.530279000076284],[-81.38479400004074,28.53041099999056],[-81.38483300039879,28.530861999765484],[-81.38485000011723,28.531057000223772],[-81.38492899975994,28.531057000223772],[-81.38504400028599,28.531057000223772],[-81.3852710000667,28.531058000168535],[-81.38562599989395,28.531060000057998],[-81.38568899964314,28.531060000057998],[-81.38583299958317,28.530769999901604],[-81.38603799962259,28.530217999820938],[-81.38612600038445,28.52982500030494],[-81.3861370002551,28.529582000346956]]]},"properties":{"block_id":"120950185003024","school_id":"sch_jones_high","kids_est":8,"class":"red","shortest":{"len_m":2605.6,"mean_c":36.83,"peak_c":38.2,"dose":139.0},"coolest":{"len_m":2605.6,"mean_c":36.83,"peak_c":38.2,"dose":139.0},"delta_mean_c":0.0,"delta_dose_pct":0,"distance_mi":1.012,"status_now":"walk","status_rec":"bus_eligible","reason":"Coolest route mean 36.8C exceeds threshold (110 C-min dose, actual 139).","safe_until_hour":"14:00"}},{"type":"Feature","geometry":{"type":"Polygon","coordinates":[[[-81.39086399995885,28.521926000185452],[-81.39085700028615,28.52102300033782],[-81.39046999977354,28.52102200029788],[-81.3900379999534,28.52102200029788],[-81.38931099968218,28.52102899978805],[-81.38888600043305,28.521035000027254],[-81.38878199977768,28.52103600006709],[-81.38878599997564,28.52121700001687],[-81.38878900034868,28.521316999834063],[-81.38878699980053,28.521696999852967],[-81.38878799962545,28.521760000369703],[-81.38879099999852,28.521941999897102],[-81.38882000031082,28.52193999983462],[-81.38889200028083,28.521935999709502],[-81.38890800017437,28.52193499967823],[-81.3889380003116,28.52193499967823],[-81.38933800034468,28.521929000279535],[-81.39086399995885,28.521926000185452]]]},"properties":{"block_id":"120950185001023","school_id":"sch_jones_high","kids_est":2,"class":"red","shortest":{"len_m":2663.9,"mean_c":36.64,"peak_c":38.2,"dose":134.3},"coolest":{"len_m":2668.0,"mean_c":36.62,"peak_c":38.2,"dose":133.8},"delta_mean_c":-0.02,"delta_dose_pct":0,"distance_mi":1.021,"status_now":"walk","status_rec":"bus_eligible","reason":"Coolest route mean 36.6C exceeds threshold (110 C-min dose, actual 134).","safe_until_hour":"14:00"}},{"type":"Feature","geometry":{"type":"Polygon","coordinates":[[[-81.3908399996694,28.519198000034024],[-81.39083800001957,28.519015999716533],[-81.39083399982162,28.51847000003655],[-81.3908329999967,28.5182880000411],[-81.39042700011585,28.51829100023876],[-81.3892129997729,28.51830000004181],[-81.38886399979344,28.518303000239065],[-81.38876599988416,28.518304000304855],[-81.3887700000821,28.518485000208614],[-81.38877299955683,28.518611000307047],[-81.38877099990701,28.519027999634396],[-81.38877099990701,28.51920999993116],[-81.3888689998163,28.51920899987402],[-81.38929999981153,28.519204000377417],[-81.38937599997952,28.519204000377417],[-81.39039000030591,28.519203000320214],[-81.39045499970493,28.519202000263014],[-81.3908399996694,28.519198000034024]]]},"properties":{"block_id":"120950185002003","school_id":"sch_jones_high","kids_est":31,"class":"red","shortest":{"len_m":2955.5,"mean_c":37.3,"peak_c":38.2,"dose":176.4},"coolest":{"len_m":2971.5,"mean_c":36.53,"peak_c":38.2,"dose":145.4},"delta_mean_c":-0.77,"delta_dose_pct":-18,"distance_mi":1.176,"status_now":"walk","status_rec":"bus_eligible","reason":"Coolest route mean 36.5C exceeds threshold (110 C-min dose, actual 145).","safe_until_hour":"14:00"}},{"type":"Feature","geometry":{"type":"Polygon","coordinates":[[[-81.38877799957972,28.520853999765034],[-81.3887840003258,28.52062100008638],[-81.38877400028007,28.520311000271203],[-81.3887690002572,28.52013000034472],[-81.38855400017205,28.52013000034472],[-81.38791200028962,28.52013100039312],[-81.38769800002939,28.520131999652207],[-81.38763799975492,28.520131999652207],[-81.38748299994423,28.520132999700593],[-81.38745799982986,28.520132999700593],[-81.38739900027863,28.520135999845767],[-81.387340999654,28.520136999894113],[-81.38716900012487,28.520143000184078],[-81.38711200022345,28.520145000280646],[-81.38685000028264,28.52024699963064],[-81.38680799955152,28.520273000068233],[-81.38677300028974,28.520307000084333],[-81.38674599962725,28.520346000321414],[-81.3867289999088,28.520388999938785],[-81.38672300006102,28.52043499967521],[-81.38671800003817,28.520518000264158],[-81.38670600034258,28.52087799997026],[-81.38670499961937,28.520938000064884],[-81.38670200014462,28.521050999874117],[-81.38686399962802,28.52105299995351],[-81.38711700024632,28.521049999834442],[-81.38836500002616,28.5210390001865],[-81.38878199977768,28.52103600006709],[-81.38877799957972,28.520880000052937],[-81.38877799957972,28.520853999765034]]]},"properties":{"block_id":"120950185001021","school_id":"sch_jones_high","kids_est":8,"class":"red","shortest":{"len_m":2905.2,"mean_c":36.57,"peak_c":38.2,"dose":143.6},"coolest":{"len_m":2909.3,"mean_c":36.55,"peak_c":38.2,"dose":143.1},"delta_mean_c":-0.02,"delta_dose_pct":0,"distance_mi":1.146,"status_now":"walk","status_rec":"bus_eligible","reason":"Coolest route mean 36.5C exceeds threshold (110 C-min dose, actual 143).","safe_until_hour":"14:00"}},{"type":"Feature","geometry":{"type":"Polygon","coordinates":[[[-81.39133599996197,28.534719000286962],[-81.39132799956603,28.53457900016466],[-81.39132300044147,28.534467999687493],[-81.39132099989334,28.53416200000613],[-81.39132099989334,28.534022999849697],[-81.39118699999905,28.534021999933074],[-81.39078699996595,28.534020000099755],[-81.39065399989657,28.534020000099755],[-81.39065200024675,28.533868000032413],[-81.39065100042183,28.533675999800046],[-81.39065600044471,28.533413000015614],[-81.39065999974434,28.53326199978571],[-81.39066200029248,28.533188999795627],[-81.39066999979009,28.53296900038447],[-81.39067300016313,28.53289700011871],[-81.39062700013238,28.532898000046007],[-81.39053800044393,28.53289999990056],[-81.39049300023807,28.532910999889268],[-81.39044899985714,28.532921999876766],[-81.39037299968916,28.532935999643993],[-81.39029900006932,28.532934999717067],[-81.38984799998262,28.532933999790075],[-81.38969800019478,28.532933999790075],[-81.38894900018224,28.532935999643993],[-81.38892599971771,28.53292700030116],[-81.38893699958837,28.533753999837998],[-81.38894300033446,28.534727000355975],[-81.38916900029027,28.53473499963519],[-81.38942100018535,28.534733999725326],[-81.3897619997689,28.534732999815457],[-81.39068400003379,28.53472000019697],[-81.39085700028615,28.534719000286962],[-81.39133599996197,28.534719000286962]]]},"properties":{"block_id":"120950104001013","school_id":"sch_jones_high","kids_est":25,"class":"yellow","shortest":{"len_m":1581.0,"mean_c":38.2,"peak_c":38.4,"dose":114.0},"coolest":{"len_m":1760.8,"mean_c":37.34,"peak_c":38.2,"dose":106.7},"delta_mean_c":-0.86,"delta_dose_pct":-6,"distance_mi":0.609,"status_now":"walk","status_rec":"reroute","reason":"Shortest route exceeds threshold, but coolest route mean 37.3C stays under it (dose 107).","safe_until_hour":null}},{"type":"Feature","geometry":{"type":"Polygon","coordinates":[[[-81.37621500014417,28.50150599974653],[-81.37621299959605,28.50147499987157],[-81.37620799957317,28.501383999854976],[-81.37620699974825,28.501365000292722],[-81.37620699974825,28.501354000170675],[-81.37620199972538,28.501201000147958],[-81.37619400022778,28.50093900010981],[-81.37619199967965,28.500745000234918],[-81.37619099985473,28.50059300035233],[-81.37601199975458,28.500595000030184],[-81.37579400019469,28.500614999964526],[-81.3757310004455,28.500630000307552],[-81.37566500032327,28.500658999964674],[-81.37563699983586,28.500674999744888],[-81.37550700013952,28.500758000095253],[-81.37541699972783,28.500800000361824],[-81.37532100036668,28.500827999740796],[-81.37522900030518,28.50084599995792],[-81.37516700038088,28.500872999883132],[-81.3751199996269,28.500909999740205],[-81.37508199999208,28.5009619998801],[-81.37506500027365,28.501008999635307],[-81.37506299972551,28.501101000204127],[-81.37508500036512,28.501354000170675],[-81.37510399973338,28.50142499964662],[-81.37513100039587,28.501470999759725],[-81.37516900003071,28.50150500031095],[-81.37522699975703,28.501527999957844],[-81.3752800003588,28.50153900006178],[-81.3755129999873,28.501551999824294],[-81.37564900042973,28.50154300017108],[-81.37621500014417,28.50150599974653]]]},"properties":{"block_id":"120950139001008","school_id":"sch_jones_high","kids_est":0,"class":"red","shortest":{"len_m":5801.9,"mean_c":37.15,"peak_c":38.2,"dose":334.0},"coolest":{"len_m":6051.1,"mean_c":36.46,"peak_c":38.2,"dose":290.6},"delta_mean_c":-0.69,"delta_dose_pct":-13,"distance_mi":2.66,"status_now":"bus","status_rec":"bus_eligible","reason":"Coolest route mean 36.5C exceeds threshold (110 C-min dose, actual 291).","safe_until_hour":"11:00"}},{"type":"Feature","geometry":{"type":"Polygon","coordinates":[[[-81.38053699979197,28.512863999637172],[-81.38053000011926,28.512837999740807],[-81.38051199967761,28.512760000013376],[-81.38050599982981,28.512735000209975],[-81.38042299998914,28.512394999611384],[-81.38017699994185,28.511376000054035],[-81.38009499992607,28.511036999945482],[-81.3800880002534,28.511009000118317],[-81.380067000337,28.510925999938657],[-81.3800609995909,28.510899000217982],[-81.38003700019976,28.510801000267502],[-81.37996600005467,28.51050699986984],[-81.37994299959011,28.5104099996958],[-81.37988700041194,28.5101769998328],[-81.37983299998525,28.50994800003512],[-81.37974900031968,28.50960500026999],[-81.37972800040328,28.509515999669976],[-81.37971900018246,28.50947999982278],[-81.37967800017456,28.50931199984733],[-81.37966200028104,28.50924799963594],[-81.37959199996084,28.509279999746468],[-81.37950699957203,28.509279999746468],[-81.37759599999339,28.509285999864797],[-81.37713900005889,28.509290999831574],[-81.37707399976156,28.509291999982754],[-81.37678300040675,28.509269999811632],[-81.37671300008654,28.50926800029821],[-81.37656699959837,28.50927099996303],[-81.37637699962755,28.50927499977917],[-81.37636400010709,28.50927499977917],[-81.37632800012209,28.50927499977917],[-81.37631600042653,28.509275999930505],[-81.37631700025142,28.509452999731987],[-81.37631700025142,28.509504000248494],[-81.37631200022855,28.510191000252448],[-81.37631100040365,28.51042000031195],[-81.37631100040365,28.51047100036093],[-81.37631200022855,28.510623000221305],[-81.37631300005346,28.510675000310197],[-81.37631300005346,28.510762999795066],[-81.37631600042653,28.51102800031194],[-81.37631700025142,28.511116999636194],[-81.37636499993201,28.511116000291686],[-81.37646100019145,28.511114000023877],[-81.37660500013152,28.51111299988996],[-81.37674900007156,28.511110999622034],[-81.37684500033103,28.511110000277466],[-81.37686100022455,28.51110900014351],[-81.37691300010309,28.51110900014351],[-81.37692999982153,28.51110900014351],[-81.37699699976868,28.51110699987551],[-81.37719799961013,28.511104999607532],[-81.3772660002805,28.5111040002629],[-81.37763100015349,28.51110199999486],[-81.37872900014548,28.511099000382064],[-81.37909499984337,28.511098000248005],[-81.37917600003422,28.51109599997985],[-81.3794200004317,28.511093000366873],[-81.37946300008942,28.511093000366873],[-81.37949999989934,28.511105999741527],[-81.37951800034098,28.511118999904014],[-81.37953599988434,28.511140999689506],[-81.37954599993009,28.51116800013755],[-81.37954900030314,28.511270999619917],[-81.3795609999987,28.51158599981925],[-81.3795609999987,28.51181999985441],[-81.3795609999987,28.512003000086956],[-81.37956000017378,28.51215000027672],[-81.37956000017378,28.512590999616638],[-81.37956000017378,28.512738999894708],[-81.37956000017378,28.51276399969722],[-81.37956000017378,28.512838999858428],[-81.37956000017378,28.512863999637172],[-81.37964300001447,28.512863000309153],[-81.37989400008463,28.512863000309153],[-81.37997799975021,28.512863000309153],[-81.3800890000783,28.512863000309153],[-81.38023399984326,28.512863999637172],[-81.38042499963898,28.512863999637172],[-81.38048900011138,28.512863999637172],[-81.38053699979197,28.512863999637172]]]},"properties":{"block_id":"120950139001003","school_id":"sch_jones_high","kids_est":25,"class":"red","shortest":{"len_m":4709.1,"mean_c":37.19,"peak_c":38.2,"dose":273.7},"coolest":{"len_m":4937.4,"mean_c":36.41,"peak_c":38.2,"dose":233.1},"delta_mean_c":-0.78,"delta_dose_pct":-15,"distance_mi":2.041,"status_now":"bus","status_rec":"bus_eligible","reason":"Coolest route mean 36.4C exceeds threshold (110 C-min dose, actual 233).","safe_until_hour":"12:00"}},{"type":"Feature","geometry":{"type":"Polygon","coordinates":[[[-81.39714300011434,28.532021000179455],[-81.3971409995662,28.531839999839235],[-81.39713999974128,28.531739999744694],[-81.39712800004571,28.53129700011036],[-81.39712399984776,28.53111700004933],[-81.39671399976893,28.53112099982606],[-81.39548500025569,28.53113499983249],[-81.39535499966104,28.531136999720555],[-81.39507600000178,28.53113899960853],[-81.39508100002466,28.531663999672524],[-81.39508799969732,28.532036999937326],[-81.39513899975097,28.532039999743652],[-81.39549799977617,28.532035000066333],[-81.3967320002106,28.532018000372528],[-81.39690899976259,28.53201599971201],[-81.39714300011434,28.532021000179455]]]},"properties":{"block_id":"120950104001036","school_id":"sch_jones_high","kids_est":1,"class":"green","shortest":{"len_m":827.9,"mean_c":37.8,"peak_c":38.2,"dose":55.3},"coolest":{"len_m":827.9,"mean_c":37.8,"peak_c":38.2,"dose":55.3},"delta_mean_c":0.0,"delta_dose_pct":0,"distance_mi":0.263,"status_now":"walk","status_rec":"walk","reason":"Shortest route already under threshold (dose 55).","safe_until_hour":null}},{"type":"Feature","geometry":{"type":"Polygon","coordinates":[[[-81.39717699955122,28.536511999680055],[-81.3971470003123,28.536451999769497],[-81.39711299997711,28.536275000307683],[-81.39710200010644,28.5357910001766],[-81.3970999995583,28.53560100009472],[-81.3965070000797,28.535606000392008],[-81.3965079999046,28.535785999888116],[-81.39651299992748,28.5363259996882],[-81.3965139997524,28.53637799972749],[-81.3965079999046,28.536506000321864],[-81.39664599999688,28.5365070002149],[-81.39706000027365,28.536509999894047],[-81.39717699955122,28.536511999680055]]]},"properties":{"block_id":"120950105001049","school_id":"sch_jones_high","kids_est":0,"class":"green","shortest":{"len_m":815.3,"mean_c":38.34,"peak_c":38.6,"dose":60.2},"coolest":{"len_m":815.3,"mean_c":38.34,"peak_c":38.6,"dose":60.2},"delta_mean_c":0.0,"delta_dose_pct":0,"distance_mi":0.267,"status_now":"walk","status_rec":"walk","reason":"Shortest route already under threshold (dose 60).","safe_until_hour":null}},{"type":"Feature","geometry":{"type":"Polygon","coordinates":[[[-81.39931700035702,28.54108400000765],[-81.3993149998089,28.540900999749784],[-81.39930899996108,28.540352000225628],[-81.39930800013619,28.540169000274545],[-81.39910200027185,28.540165999910474],[-81.39857900021512,28.540160999829606],[-81.39848600032872,28.540160999829606],[-81.3982810002893,28.540160999829606],[-81.3982810002893,28.540342999937902],[-81.39828200011422,28.54089200029813],[-81.39828299993911,28.54107499978247],[-81.39848899980345,28.54107599963215],[-81.39910999976946,28.541082000308357],[-81.39931700035702,28.54108400000765]]]},"properties":{"block_id":"120950183003037","school_id":"sch_jones_high","kids_est":0,"class":"green","shortest":{"len_m":1212.6,"mean_c":38.37,"peak_c":38.6,"dose":90.7},"coolest":{"len_m":1212.6,"mean_c":38.37,"peak_c":38.6,"dose":90.7},"delta_mean_c":0.0,"delta_dose_pct":0,"distance_mi":0.506,"status_now":"walk","status_rec":"walk","reason":"Shortest route already under threshold (dose 91).","safe_until_hour":null}},{"type":"Feature","geometry":{"type":"Polygon","coordinates":[[[-81.39726299976493,28.54106999974468],[-81.3972600002902,28.540885999611092],[-81.39725500026732,28.540468999950118],[-81.39725100006937,28.540335000295304],[-81.3972460000465,28.540152000314666],[-81.39575100039445,28.540136000210726],[-81.39482900012958,28.540131999987093],[-81.39314500033164,28.540113000303634],[-81.39314500033164,28.54030099963729],[-81.39314600015656,28.540518999813006],[-81.39315100017944,28.54086799991527],[-81.3931550003774,28.54105700011894],[-81.39397600035994,28.541057999968796],[-81.3951279998803,28.541059999668484],[-81.39581400014366,28.54106600034566],[-81.39644099995745,28.54106700019544],[-81.39726299976493,28.54106999974468]]]},"properties":{"block_id":"120950189014015","school_id":"sch_jones_high","kids_est":0,"class":"green","shortest":{"len_m":1392.2,"mean_c":38.44,"peak_c":38.6,"dose":105.1},"coolest":{"len_m":1392.8,"mean_c":38.43,"peak_c":38.6,"dose":104.9},"delta_mean_c":-0.01,"delta_dose_pct":0,"distance_mi":0.577,"status_now":"walk","status_rec":"walk","reason":"Shortest route already under threshold (dose 105).","safe_until_hour":null}},{"type":"Feature","geometry":{"type":"Polygon","coordinates":[[[-81.39313899958556,28.538255000004554],[-81.39313000026304,28.537677000378554],[-81.39313000026304,28.537660999898737],[-81.39207499992874,28.53767399994352],[-81.39207499992874,28.537825000164315],[-81.39209199964718,28.538259000299472],[-81.39267900017634,28.538252000375156],[-81.39313899958556,28.538255000004554]]]},"properties":{"block_id":"120950105001018","school_id":"sch_jones_high","kids_est":3,"class":"red","shortest":{"len_m":1485.7,"mean_c":38.46,"peak_c":38.6,"dose":112.7},"coolest":{"len_m":1501.2,"mean_c":38.37,"peak_c":38.6,"dose":112.1},"delta_mean_c":-0.09,"delta_dose_pct":-1,"distance_mi":0.548,"status_now":"walk","status_rec":"bus_eligible","reason":"Coolest route mean 38.4C exceeds threshold (110 C-min dose, actual 112).","safe_until_hour":"14:00"}},{"type":"Feature","geometry":{"type":"Polygon","coordinates":[[[-81.39926100028052,28.536518999720016],[-81.39925899973238,28.536323000003875],[-81.39924299983886,28.53587399972273],[-81.39923899964091,28.535626999901826],[-81.39808200009766,28.535615000295177],[-81.39751700020815,28.53560399979959],[-81.39727000033594,28.53560100009472],[-81.39727000033594,28.536041999992168],[-81.39724199984853,28.536300999948512],[-81.39717699955122,28.536511999680055],[-81.39725600009224,28.53650100006731],[-81.39760900026965,28.5365000001742],[-81.39765799977513,28.5365000001742],[-81.39884799982865,28.536514000255206],[-81.39926100028052,28.536518999720016]]]},"properties":{"block_id":"120950183003048","school_id":"sch_jones_high","kids_est":0,"class":"green","shortest":{"len_m":759.3,"mean_c":38.31,"peak_c":38.6,"dose":56.1},"coolest":{"len_m":759.3,"mean_c":38.31,"peak_c":38.6,"dose":56.1},"delta_mean_c":0.0,"delta_dose_pct":0,"distance_mi":0.214,"status_now":"walk","status_rec":"walk","reason":"Shortest route already under threshold (dose 56).","safe_until_hour":null}},{"type":"Feature","geometry":{"type":"Polygon","coordinates":[[[-81.39723000015296,28.539170999656534],[-81.39721699973418,28.538439999873066],[-81.39722000010723,28.538282999698378],[-81.39722099993214,28.538236999859222],[-81.39705900044875,28.538242999908036],[-81.39680699965537,28.538278000317284],[-81.39648000031552,28.53830099983585],[-81.39614600040468,28.538298000207707],[-81.39607699990938,28.538401999892443],[-81.39554800000488,28.539114999944307],[-81.39550199997412,28.539168000053216],[-81.39607199988652,28.539173000181208],[-81.39687500032574,28.539168000053216],[-81.39723000015296,28.539170999656534]]]},"properties":{"block_id":"120950105001008","school_id":"sch_jones_high","kids_est":0,"class":"green","shortest":{"len_m":1145.4,"mean_c":38.43,"peak_c":38.6,"dose":86.0},"coolest":{"len_m":1146.0,"mean_c":38.41,"peak_c":38.6,"dose":85.8},"delta_mean_c":-0.02,"delta_dose_pct":0,"distance_mi":0.427,"status_now":"walk","status_rec":"walk","reason":"Shortest route already under threshold (dose 86).","safe_until_hour":null}},{"type":"Feature","geometry":{"type":"Polygon","coordinates":[[[-81.39607699990938,28.538401999892443],[-81.39614600040468,28.538298000207707],[-81.39565099993705,28.538289999620687],[-81.39517899993395,28.53828699999224],[-81.39499700035906,28.538284000363756],[-81.39495700017609,28.538282999698378],[-81.39481499988587,28.538280999945982],[-81.39481499988587,28.538333999685275],[-81.39481499988587,28.538769999834383],[-81.39482900012958,28.539052000331054],[-81.39482499993161,28.53910399981414],[-81.39480800021317,28.539181999779704],[-81.39535100036139,28.539166000317614],[-81.39550199997412,28.539168000053216],[-81.39554800000488,28.539114999944307],[-81.39607699990938,28.538401999892443]]]},"properties":{"block_id":"120950105001009","school_id":"sch_jones_high","kids_est":23,"class":"green","shortest":{"len_m":1213.2,"mean_c":38.44,"peak_c":38.6,"dose":91.5},"coolest":{"len_m":1213.8,"mean_c":38.43,"peak_c":38.6,"dose":91.3},"delta_mean_c":-0.01,"delta_dose_pct":0,"distance_mi":0.462,"status_now":"walk","status_rec":"walk","reason":"Shortest route already under threshold (dose 92).","safe_until_hour":null}},{"type":"Feature","geometry":{"type":"Polygon","coordinates":[[[-81.3965139997524,28.53637799972749],[-81.39651299992748,28.5363259996882],[-81.3965079999046,28.535785999888116],[-81.3965070000797,28.535606000392008],[-81.39636999981235,28.53561700009818],[-81.39633399982733,28.535619999802655],[-81.39611999956709,28.535624000197608],[-81.39596099955843,28.535619999802655],[-81.39582500001431,28.535617999999662],[-81.39582500001431,28.53579299997626],[-81.39582500001431,28.536321000214215],[-81.39582500001431,28.53649699970558],[-81.39596099955843,28.536498000387912],[-81.39637099963727,28.536503999746547],[-81.3965079999046,28.536506000321864],[-81.3965139997524,28.53637799972749]]]},"properties":{"block_id":"120950105001048","school_id":"sch_jones_high","kids_est":1,"class":"green","shortest":{"len_m":979.9,"mean_c":38.4,"peak_c":38.6,"dose":73.3},"coolest":{"len_m":980.5,"mean_c":38.38,"peak_c":38.6,"dose":73.1},"delta_mean_c":-0.02,"delta_dose_pct":0,"distance_mi":0.297,"status_now":"walk","status_rec":"walk","reason":"Shortest route already under threshold (dose 73).","safe_until_hour":null}},{"type":"Feature","geometry":{"type":"Polygon","coordinates":[[[-81.39725600009224,28.535256000316224],[-81.39725299971919,28.535185999845847],[-81.39725299971919,28.53509900013219],[-81.39709899973342,28.53509299990441],[-81.39668799982967,28.535090000184937],[-81.39550299979904,28.535086999676214],[-81.39459399995293,28.535076999821335],[-81.39431500029367,28.53508300005009],[-81.39342599964073,28.535072000288107],[-81.39322899999723,28.53506999968556],[-81.39309599992785,28.535080000330325],[-81.39309599992785,28.535201000006932],[-81.39309599992785,28.535254999622094],[-81.39321700030166,28.535250000097314],[-81.39378600038916,28.53525100000227],[-81.39578099963337,28.535256000316224],[-81.39673499968534,28.53523799965854],[-81.39709899973342,28.53525100000227],[-81.39725600009224,28.535256000316224]]]},"properties":{"block_id":"120950105001057","school_id":"sch_jones_high","kids_est":0,"class":"green","shortest":{"len_m":956.8,"mean_c":38.38,"peak_c":38.6,"dose":71.2},"coolest":{"len_m":956.8,"mean_c":38.38,"peak_c":38.6,"dose":71.2},"delta_mean_c":0.0,"delta_dose_pct":0,"distance_mi":0.32,"status_now":"walk","status_rec":"walk","reason":"Shortest route already under threshold (dose 71).","safe_until_hour":null}},{"type":"Feature","geometry":{"type":"Polygon","coordinates":[[[-81.39709899973342,28.53509299990441],[-81.39709700008358,28.534722000016945],[-81.39703599998423,28.534721000106966],[-81.39662300043067,28.534716999677713],[-81.39648600016329,28.53471599976768],[-81.39635399991883,28.534714999857638],[-81.39595800008371,28.534714999857638],[-81.39582699966414,28.534714999857638],[-81.3956840004473,28.534713999947606],[-81.39525799957664,28.53471300003748],[-81.39511600018474,28.53471300003748],[-81.39440099960908,28.534711000217328],[-81.39309599992785,28.53470799969783],[-81.39309599992785,28.535080000330325],[-81.39322899999723,28.53506999968556],[-81.39342599964073,28.535072000288107],[-81.39431500029367,28.53508300005009],[-81.39459399995293,28.535076999821335],[-81.39550299979904,28.535086999676214],[-81.39668799982967,28.535090000184937],[-81.39709899973342,28.53509299990441]]]},"properties":{"block_id":"120950104001003","school_id":"sch_jones_high","kids_est":0,"class":"green","shortest":{"len_m":859.4,"mean_c":38.31,"peak_c":38.4,"dose":63.3},"coolest":{"len_m":859.4,"mean_c":38.31,"peak_c":38.4,"dose":63.3},"delta_mean_c":0.0,"delta_dose_pct":0,"distance_mi":0.314,"status_now":"walk","status_rec":"walk","reason":"Shortest route already under threshold (dose 63).","safe_until_hour":null}},{"type":"Feature","geometry":{"type":"Polygon","coordinates":[[[-81.39716800022869,28.53443799994374],[-81.39716599968055,28.534363000152318],[-81.39716499985563,28.534291000049794],[-81.39716400003073,28.5338550003072],[-81.39715599963482,28.533286000322796],[-81.39715200033518,28.53292700030116],[-81.3970140002429,28.532924999657894],[-81.39691100031074,28.532923999730865],[-81.39659999996613,28.532923999730865],[-81.39646299969877,28.532924999657894],[-81.39647100009469,28.53324500028984],[-81.39647100009469,28.533282999762715],[-81.39648199996535,28.534356999882558],[-81.39648600016329,28.53471599976768],[-81.39662300043067,28.534716999677713],[-81.39703599998423,28.534721000106966],[-81.39709700008358,28.534722000016945],[-81.39712499967266,28.534589999978106],[-81.39716800022869,28.53443799994374]]]},"properties":{"block_id":"120950104001005","school_id":"sch_jones_high","kids_est":1,"class":"green","shortest":{"len_m":726.3,"mean_c":38.29,"peak_c":38.4,"dose":53.3},"coolest":{"len_m":726.3,"mean_c":38.29,"peak_c":38.4,"dose":53.3},"delta_mean_c":0.0,"delta_dose_pct":0,"distance_mi":0.193,"status_now":"walk","status_rec":"walk","reason":"Shortest route already under threshold (dose 53).","safe_until_hour":null}},{"type":"Feature","geometry":{"type":"Polygon","coordinates":[[[-81.39648600016329,28.53471599976768],[-81.39648199996535,28.534356999882558],[-81.39647100009469,28.533282999762715],[-81.39647100009469,28.53324500028984],[-81.39646299969877,28.532924999657894],[-81.39632799997955,28.532924999657894],[-81.39592600029665,28.532924999657894],[-81.39579200040235,28.532924999657894],[-81.39580099972486,28.533103999862334],[-81.395803000273,28.533281999839083],[-81.39582099981635,28.5343559999691],[-81.39582699966414,28.534714999857638],[-81.39595800008371,28.534714999857638],[-81.39635399991883,28.534714999857638],[-81.39648600016329,28.53471599976768]]]},"properties":{"block_id":"120950104001006","school_id":"sch_jones_high","kids_est":6,"class":"green","shortest":{"len_m":841.8,"mean_c":38.26,"peak_c":38.4,"dose":61.5},"coolest":{"len_m":841.8,"mean_c":38.26,"peak_c":38.4,"dose":61.5},"delta_mean_c":0.0,"delta_dose_pct":0,"distance_mi":0.234,"status_now":"walk","status_rec":"walk","reason":"Shortest route already under threshold (dose 62).","safe_until_hour":null}},{"type":"Feature","geometry":{"type":"Polygon","coordinates":[[[-81.39582500001431,28.53579299997626],[-81.39582500001431,28.535617999999662],[-81.39568799974695,28.535612999702963],[-81.39565900033297,28.535612999702963],[-81.39527699984322,28.535608000195165],[-81.39514100029909,28.53560700029359],[-81.39514299994893,28.535784999988238],[-81.39515200016976,28.536318999635398],[-81.39515499964448,28.53649699970558],[-81.39528900043712,28.53649599981244],[-81.39560800027932,28.536494000026142],[-81.39569100012002,28.536494999919302],[-81.39582500001431,28.53649699970558],[-81.39582500001431,28.536321000214215],[-81.39582500001431,28.53579299997626]]]},"properties":{"block_id":"120950105001047","school_id":"sch_jones_high","kids_est":18,"class":"green","shortest":{"len_m":1045.5,"mean_c":38.41,"peak_c":38.6,"dose":78.4},"coolest":{"len_m":1046.1,"mean_c":38.4,"peak_c":38.6,"dose":78.2},"delta_mean_c":-0.01,"delta_dose_pct":0,"distance_mi":0.329,"status_now":"walk","status_rec":"walk","reason":"Shortest route already under threshold (dose 78).","safe_until_hour":null}},{"type":"Feature","geometry":{"type":"Polygon","coordinates":[[[-81.39406199967536,28.537680000024395],[-81.39405900020064,28.537098999949247],[-81.3931429997835,28.537087999608605],[-81.3931219998671,28.537082000283203],[-81.3931219998671,28.537168000051096],[-81.39313000026304,28.537660999898737],[-81.39313000026304,28.537677000378554],[-81.39406199967536,28.537680000024395]]]},"properties":{"block_id":"120950105001023","school_id":"sch_jones_high","kids_est":12,"class":"green","shortest":{"len_m":1313.3,"mean_c":38.46,"peak_c":38.7,"dose":99.3},"coolest":{"len_m":1313.9,"mean_c":38.44,"peak_c":38.7,"dose":99.1},"delta_mean_c":-0.02,"delta_dose_pct":0,"distance_mi":0.476,"status_now":"walk","status_rec":"walk","reason":"Shortest route already under threshold (dose 99).","safe_until_hour":null}},{"type":"Feature","geometry":{"type":"Polygon","coordinates":[[[-81.3940719997211,28.538267000099715],[-81.39406199967536,28.537680000024395],[-81.39313000026304,28.537677000378554],[-81.39313899958556,28.538255000004554],[-81.3940719997211,28.538267000099715]]]},"properties":{"block_id":"120950105001019","school_id":"sch_jones_high","kids_est":1,"class":"green","shortest":{"len_m":1435.6,"mean_c":38.46,"peak_c":38.6,"dose":108.7},"coolest":{"len_m":1447.4,"mean_c":38.37,"peak_c":38.6,"dose":107.9},"delta_mean_c":-0.09,"delta_dose_pct":-1,"distance_mi":0.5,"status_now":"walk","status_rec":"walk","reason":"Shortest route already under threshold (dose 109).","safe_until_hour":null}},{"type":"Feature","geometry":{"type":"Polygon","coordinates":[[[-81.39582699966414,28.534714999857638],[-81.39582099981635,28.5343559999691],[-81.395803000273,28.533281999839083],[-81.39580099972486,28.533103999862334],[-81.39579200040235,28.532924999657894],[-81.39509699991817,28.53292700030116],[-81.39510500031408,28.533821999844196],[-81.39510699996391,28.534000000186502],[-81.39511299981169,28.5345340001986],[-81.39511600018474,28.53471300003748],[-81.39525799957664,28.53471300003748],[-81.3956840004473,28.534713999947606],[-81.39582699966414,28.534714999857638]]]},"properties":{"block_id":"120950104001007","school_id":"sch_jones_high","kids_est":6,"class":"green","shortest":{"len_m":958.7,"mean_c":38.31,"peak_c":38.4,"dose":70.6},"coolest":{"len_m":958.7,"mean_c":38.31,"peak_c":38.4,"dose":70.6},"delta_mean_c":0.0,"delta_dose_pct":0,"distance_mi":0.275,"status_now":"walk","status_rec":"walk","reason":"Shortest route already under threshold (dose 71).","safe_until_hour":null}},{"type":"Feature","geometry":{"type":"Polygon","coordinates":[[[-81.36795699973968,28.497254999661024],[-81.36795799956458,28.497083999944866],[-81.36795000006698,28.496679000010502],[-81.36794099984614,28.496598000152925],[-81.36792900015058,28.496560000091097],[-81.36789099961743,28.496485999682115],[-81.36783600026416,28.49642200037478],[-81.36780199992896,28.496393999826825],[-81.36776699976886,28.496372999608326],[-81.3677269995859,28.49634900014297],[-81.3675430003612,28.49626900030677],[-81.36748899993452,28.496226000330317],[-81.36745499959935,28.496183999822303],[-81.3674300003833,28.496129999934034],[-81.36741799978941,28.496072999978146],[-81.36743200003312,28.495861999845914],[-81.36751099967583,28.49471599972276],[-81.36753800033831,28.494333999811452],[-81.3671130001909,28.494414999827548],[-81.36701399955837,28.494430000262287],[-81.36689800010573,28.494447999991692],[-81.36679199980053,28.494454000164],[-81.36668700021853,28.494446000197367],[-81.36658299956315,28.494425000380787],[-81.36648399982896,28.494390999916966],[-81.36643699997327,28.49436899979677],[-81.36625200002536,28.494266999897366],[-81.36616800035976,28.494231999878224],[-81.36607899977301,28.494206000127157],[-81.36598800043471,28.494188999861336],[-81.36589499964998,28.494180999874622],[-81.36547000040085,28.49418299967399],[-81.36540599992843,28.4941839999684],[-81.36519300039143,28.494198999646496],[-81.36506600016982,28.49421400011196],[-81.36494300014616,28.49424400024701],[-81.36480900025185,28.494281000059683],[-81.36469399972583,28.494330000218408],[-81.36458800031892,28.49439299971235],[-81.3645649998544,28.494408999653015],[-81.36452200019669,28.49444199981908],[-81.36434499974636,28.494590000293364],[-81.36426399955552,28.49464900005116],[-81.36417200039233,28.494701000118123],[-81.36407500030793,28.494743999926417],[-81.36397300020067,28.49477699998774],[-81.36386699989548,28.49480000031147],[-81.36370899971172,28.494816999689384],[-81.36360499995466,28.494822000341824],[-81.36343599990025,28.494822000341824],[-81.36302199962348,28.49482400012904],[-81.36302499999651,28.49506000001817],[-81.36302800036957,28.49525700014374],[-81.3630430004382,28.4953169998124],[-81.36308299972285,28.49539100025151],[-81.36311100021024,28.49542400011051],[-81.36316200026387,28.495472999738617],[-81.36320999994444,28.49554400001333],[-81.36327400041687,28.495697000342815],[-81.36336700030328,28.495915000382748],[-81.3628760000336,28.496137000286605],[-81.36279700039088,28.496163999837645],[-81.36267400036724,28.496189999895876],[-81.36258999980335,28.49619900000564],[-81.35971500012701,28.496231000126514],[-81.35973900041647,28.497073000165997],[-81.3597290003707,28.49759900036525],[-81.3597290003707,28.497650999768258],[-81.35973100002053,28.497978000315666],[-81.35973500021849,28.498515000370816],[-81.35982499973186,28.498514000117435],[-81.35982200025713,28.49834100035228],[-81.3598130000363,28.497822999615128],[-81.35981200021139,28.4975999998378],[-81.35998200009071,28.49759900036525],[-81.36266500014641,28.497569000394364],[-81.36320800029462,28.497562000136774],[-81.36403900032293,28.49671099998582],[-81.36449600025742,28.496240000232767],[-81.36511899987326,28.495590000321478],[-81.36588600032746,28.494794999657977],[-81.36493099955229,28.49652300028784],[-81.3644669999451,28.497353000352252],[-81.36432899985284,28.497608999827328],[-81.36448600021167,28.497608000354827],[-81.36461199971005,28.497608000354827],[-81.36486299978021,28.49760400009641],[-81.36561799964053,28.49759500010646],[-81.36587000043393,28.49759300037175],[-81.36628700018547,28.49758799985059],[-81.36753900016325,28.497575999862004],[-81.36795699973968,28.49757200039183],[-81.36795699973968,28.497254999661024]]]},"properties":{"block_id":"120950140004010","school_id":"sch_jones_high","kids_est":32,"class":"red","shortest":{"len_m":7442.7,"mean_c":36.54,"peak_c":38.2,"dose":367.3},"coolest":{"len_m":7604.0,"mean_c":36.42,"peak_c":38.2,"dose":360.8},"delta_mean_c":-0.12,"delta_dose_pct":-2,"distance_mi":3.339,"status_now":"bus","status_rec":"bus_eligible","reason":"Coolest route mean 36.4C exceeds threshold (110 C-min dose, actual 361).","safe_until_hour":"11:00"}},{"type":"Feature","geometry":{"type":"Polygon","coordinates":[[[-81.40143999964776,28.540177999787968],[-81.40143899982284,28.5397630002055],[-81.40142999960203,28.539163999792812],[-81.40140000036311,28.53857199982378],[-81.40139500034023,28.53837500010556],[-81.4011259998284,28.538367000313514],[-81.40065600037343,28.538362000147277],[-81.40006899984428,28.538349000187324],[-81.39967800003204,28.538348000311757],[-81.39941199989325,28.538333999685275],[-81.3991819997395,28.53831100017396],[-81.39886799992014,28.53827400002308],[-81.39864500033738,28.538257999633867],[-81.39836900015285,28.538253000251625],[-81.39826799987053,28.53824999983294],[-81.39827899974115,28.538263999681472],[-81.39827500044152,28.53849300032153],[-81.3982810002893,28.539321000232935],[-81.39829299998487,28.540142000151377],[-81.3982810002893,28.540160999829606],[-81.39848600032872,28.540160999829606],[-81.39857900021512,28.540160999829606],[-81.39910200027185,28.540165999910474],[-81.39930800013619,28.540169000274545],[-81.40120500036943,28.540182999868076],[-81.40143999964776,28.540177999787968]]]},"properties":{"block_id":"120950183003040","school_id":"sch_jones_high","kids_est":0,"class":"green","shortest":{"len_m":1089.5,"mean_c":38.27,"peak_c":38.4,"dose":79.6},"coolest":{"len_m":1089.5,"mean_c":38.27,"peak_c":38.4,"dose":79.6},"delta_mean_c":0.0,"delta_dose_pct":0,"distance_mi":0.407,"status_now":"walk","status_rec":"walk","reason":"Shortest route already under threshold (dose 80).","safe_until_hour":null}},{"type":"Feature","geometry":{"type":"Polygon","coordinates":[[[-81.40139500034023,28.53837500010556],[-81.4013919999672,28.538229000056702],[-81.40139000031736,28.53819099999999],[-81.4013640003781,28.537640999887387],[-81.40135599998219,28.537457999962346],[-81.4009369996825,28.53745399963695],[-81.39975500002494,28.53744599977504],[-81.39968300005492,28.537444000006705],[-81.39926499958015,28.53743500025974],[-81.39906200008889,28.537430999933537],[-81.39845399964335,28.537421000301094],[-81.39825199997698,28.53741799985877],[-81.39826799987053,28.53824999983294],[-81.39836900015285,28.538253000251625],[-81.39864500033738,28.538257999633867],[-81.39886799992014,28.53827400002308],[-81.3991819997395,28.53831100017396],[-81.39941199989325,28.538333999685275],[-81.39967800003204,28.538348000311757],[-81.40006899984428,28.538349000187324],[-81.40065600037343,28.538362000147277],[-81.4011259998284,28.538367000313514],[-81.40139500034023,28.53837500010556]]]},"properties":{"block_id":"120950183003050","school_id":"sch_jones_high","kids_est":0,"class":"green","shortest":{"len_m":931.3,"mean_c":38.34,"peak_c":38.5,"dose":69.3},"coolest":{"len_m":931.3,"mean_c":38.34,"peak_c":38.5,"dose":69.3},"delta_mean_c":0.0,"delta_dose_pct":0,"distance_mi":0.313,"status_now":"walk","status_rec":"walk","reason":"Shortest route already under threshold (dose 69).","safe_until_hour":null}},{"type":"Feature","geometry":{"type":"Polygon","coordinates":[[[-81.40135199978423,28.53673300026606],[-81.40136600002792,28.536553000020177],[-81.40112800037654,28.536540999729798],[-81.40094500007844,28.536536000266043],[-81.4005409998474,28.53652800033442],[-81.39968200023,28.536521000295057],[-81.39926100028052,28.536518999720016],[-81.3992660003034,28.5367019996976],[-81.39926899977813,28.536790000345572],[-81.39926899977813,28.536978000084694],[-81.3992660003034,28.537251000090915],[-81.3992660003034,28.537294999800256],[-81.39926499958015,28.53743500025974],[-81.39968300005492,28.537444000006705],[-81.39975500002494,28.53744599977504],[-81.4009369996825,28.53745399963695],[-81.40135599998219,28.537457999962346],[-81.40134699976134,28.537276000394375],[-81.40134199973846,28.537168999937922],[-81.40133900026373,28.53692700023062],[-81.40135199978423,28.53673300026606]]]},"properties":{"block_id":"120950183003053","school_id":"sch_jones_high","kids_est":0,"class":"green","shortest":{"len_m":552.4,"mean_c":38.26,"peak_c":38.4,"dose":40.3},"coolest":{"len_m":552.4,"mean_c":38.26,"peak_c":38.4,"dose":40.3},"delta_mean_c":0.0,"delta_dose_pct":0,"distance_mi":0.252,"status_now":"walk","status_rec":"walk","reason":"Shortest route already under threshold (dose 40).","safe_until_hour":null}},{"type":"Feature","geometry":{"type":"Polygon","coordinates":[[[-81.39826799987053,28.53824999983294],[-81.39825199997698,28.53741799985877],[-81.39795300022625,28.537414000321053],[-81.39748299987296,28.537416000089898],[-81.39721599990928,28.53740599966686],[-81.39722099993214,28.538236999859222],[-81.39803799971673,28.538243999784594],[-81.39826799987053,28.53824999983294]]]},"properties":{"block_id":"120950183003051","school_id":"sch_jones_high","kids_est":0,"class":"green","shortest":{"len_m":1019.7,"mean_c":38.41,"peak_c":38.6,"dose":76.3},"coolest":{"len_m":1020.3,"mean_c":38.39,"peak_c":38.6,"dose":76.1},"delta_mean_c":-0.02,"delta_dose_pct":0,"distance_mi":0.337,"status_now":"walk","status_rec":"walk","reason":"Shortest route already under threshold (dose 76).","safe_until_hour":null}},{"type":"Feature","geometry":{"type":"Polygon","coordinates":[[[-81.40136600002792,28.536553000020177],[-81.40136500020301,28.536373000256],[-81.40136299965486,28.535833999807025],[-81.40136299965486,28.535655000294025],[-81.40109999988914,28.53565400039291],[-81.40069099963523,28.53564299990138],[-81.4005629995887,28.535641000098884],[-81.39923899964091,28.535626999901826],[-81.39924299983886,28.53587399972273],[-81.39925899973238,28.536323000003875],[-81.39926100028052,28.536518999720016],[-81.39968200023,28.536521000295057],[-81.4005409998474,28.53652800033442],[-81.40094500007844,28.536536000266043],[-81.40112800037654,28.536540999729798],[-81.40136600002792,28.536553000020177]]]},"properties":{"block_id":"120950183003052","school_id":"sch_jones_high","kids_est":0,"class":"green","shortest":{"len_m":572.3,"mean_c":38.26,"peak_c":38.4,"dose":41.8},"coolest":{"len_m":572.3,"mean_c":38.26,"peak_c":38.4,"dose":41.8},"delta_mean_c":0.0,"delta_dose_pct":0,"distance_mi":0.19,"status_now":"walk","status_rec":"walk","reason":"Shortest route already under threshold (dose 42).","safe_until_hour":null}},{"type":"Feature","geometry":{"type":"Polygon","coordinates":[[[-81.40113500004924,28.51009800036209],[-81.40113300039941,28.509682999962443],[-81.40104399981264,28.50969600030026],[-81.40074599988682,28.509760000239865],[-81.40037799964078,28.50986499980995],[-81.39989599959193,28.51004599998874],[-81.39951800019847,28.510219999649745],[-81.39920699985386,28.51037300001278],[-81.39900799966222,28.510472999851526],[-81.39884500035392,28.51054400029524],[-81.39852999981133,28.510681999697802],[-81.3983380001907,28.510778999621763],[-81.39823000023567,28.510838999936915],[-81.39800799957952,28.51095200030628],[-81.3977819996237,28.51105600013405],[-81.39776300025544,28.511063000285805],[-81.39754999982011,28.511151000236293],[-81.39739099981146,28.511210000206884],[-81.39731399981855,28.51123799998068],[-81.39719499999286,28.511277999757397],[-81.39705900044875,28.51132099991485],[-81.39705400042587,28.51173700031292],[-81.39706000027365,28.5118220001089],[-81.3970769999921,28.511820999981687],[-81.39709799990848,28.511820999981687],[-81.39725100006937,28.511811999625657],[-81.39725100006937,28.511696999920893],[-81.39760099987375,28.511693000196594],[-81.39760000004883,28.51155800013783],[-81.39775499985953,28.51148799971768],[-81.39790999967022,28.511416999909457],[-81.39806600020415,28.511347000185175],[-81.39814999986973,28.511296999902555],[-81.39818000000697,28.51129800003473],[-81.398696000391,28.511294999638192],[-81.39869200019305,28.511001999963042],[-81.39882799973716,28.510922000185097],[-81.39920100000606,28.510703000226012],[-81.39935599981676,28.51061299962439],[-81.3995409997647,28.510516999687404],[-81.39966700016139,28.51045800011862],[-81.39979799968263,28.510402000149494],[-81.39992499990424,28.5103520002083],[-81.40005700014873,28.510304999878826],[-81.4002589998151,28.510241999622746],[-81.4004639998545,28.510187999824343],[-81.40060299977168,28.510158000275265],[-81.40074199968885,28.510131999711874],[-81.40089099965175,28.510109000361876],[-81.40094500007844,28.51010200014687],[-81.40113500004924,28.51009800036209]]]},"properties":{"block_id":"120950116001038","school_id":"sch_jones_high","kids_est":0,"class":"red","shortest":{"len_m":2746.5,"mean_c":37.65,"peak_c":38.2,"dose":177.3},"coolest":{"len_m":2750.7,"mean_c":37.58,"peak_c":38.2,"dose":175.1},"delta_mean_c":-0.07,"delta_dose_pct":-1,"distance_mi":1.554,"status_now":"walk","status_rec":"bus_eligible","reason":"Coolest route mean 37.6C exceeds threshold (110 C-min dose, actual 175).","safe_until_hour":"14:00"}},{"type":"Feature","geometry":{"type":"Polygon","coordinates":[[[-81.39493100023682,28.506376000308773],[-81.39493299988663,28.505459999863803],[-81.39450199989143,28.505465000011924],[-81.39339600040182,28.505479000267492],[-81.3932120002788,28.505483000227418],[-81.3927829999334,28.505495000106247],[-81.39277899973546,28.505678999656],[-81.39278399975831,28.506234000078127],[-81.39278600030646,28.50641900009629],[-81.39493100023682,28.506376000308773]]]},"properties":{"block_id":"120950144001022","school_id":"sch_jones_high","kids_est":17,"class":"red","shortest":{"len_m":3788.2,"mean_c":37.39,"peak_c":38.2,"dose":231.2},"coolest":{"len_m":3980.5,"mean_c":36.76,"peak_c":38.2,"dose":206.9},"delta_mean_c":-0.63,"delta_dose_pct":-11,"distance_mi":1.918,"status_now":"walk","status_rec":"bus_eligible","reason":"Coolest route mean 36.8C exceeds threshold (110 C-min dose, actual 207).","safe_until_hour":"12:00"}},{"type":"Feature","geometry":{"type":"Polygon","coordinates":[[[-81.39702000009068,28.5154790001264],[-81.39701800044085,28.514948000173064],[-81.39701199969475,28.51457999993612],[-81.39659199957019,28.51458499965194],[-81.39545400029355,28.514600000376657],[-81.39533299991973,28.51460199978905],[-81.39491399962007,28.51461099990693],[-81.39491500034329,28.51479199983474],[-81.39492000036616,28.51533700031007],[-81.39492200001598,28.515518999873347],[-81.39512899970522,28.515517999781196],[-81.39576499973987,28.515499999699426],[-81.39635399991883,28.515498000304103],[-81.39671200011911,28.515492999842216],[-81.39702000009068,28.5154790001264]]]},"properties":{"block_id":"120950185002022","school_id":"sch_jones_high","kids_est":4,"class":"red","shortest":{"len_m":2596.6,"mean_c":37.63,"peak_c":38.2,"dose":167.2},"coolest":{"len_m":2623.7,"mean_c":37.18,"peak_c":38.2,"dose":152.4},"delta_mean_c":-0.45,"delta_dose_pct":-9,"distance_mi":1.279,"status_now":"walk","status_rec":"bus_eligible","reason":"Coolest route mean 37.2C exceeds threshold (110 C-min dose, actual 152).","safe_until_hour":"14:00"}},{"type":"Feature","geometry":{"type":"Polygon","coordinates":[[[-81.3970219997405,28.512723999694682],[-81.39699599980125,28.512723999694682],[-81.39697400005993,28.512729000287862],[-81.39595399988575,28.512740000013206],[-81.39489299970367,28.512768000170222],[-81.39489500025181,28.51295399989673],[-81.39490100009958,28.51351200026554],[-81.39490399957432,28.513698000258692],[-81.39510100011613,28.513692999711438],[-81.39532299987398,28.513694999930344],[-81.39539800021706,28.513696000039786],[-81.39599099969567,28.513682000085428],[-81.39657999987463,28.51367299988826],[-81.39699999999921,28.513667000019442],[-81.39699400015141,28.513106000125667],[-81.3970219997405,28.512723999694682]]]},"properties":{"block_id":"120950185002029","school_id":"sch_jones_high","kids_est":0,"class":"red","shortest":{"len_m":2799.5,"mean_c":37.58,"peak_c":38.2,"dose":178.1},"coolest":{"len_m":2826.6,"mean_c":37.16,"peak_c":38.2,"dose":163.3},"delta_mean_c":-0.42,"delta_dose_pct":-8,"distance_mi":1.403,"status_now":"walk","status_rec":"bus_eligible","reason":"Coolest route mean 37.2C exceeds threshold (110 C-min dose, actual 163).","safe_until_hour":"14:00"}},{"type":"Feature","geometry":{"type":"Polygon","coordinates":[[[-81.39493100023682,28.516423999664543],[-81.39492200001598,28.515518999873347],[-81.39451000028734,28.515525999728826],[-81.39389299962096,28.515536999951877],[-81.39327699967781,28.51554299971425],[-81.39286599977407,28.51554800017377],[-81.392866999599,28.5157290000721],[-81.39286999997204,28.516274999736748],[-81.39287099979695,28.516457000049165],[-81.39389099997115,28.51644499983873],[-81.39493100023682,28.516423999664543]]]},"properties":{"block_id":"120950185002020","school_id":"sch_jones_high","kids_est":34,"class":"red","shortest":{"len_m":2613.1,"mean_c":37.6,"peak_c":38.2,"dose":166.8},"coolest":{"len_m":2623.1,"mean_c":37.1,"peak_c":38.2,"dose":149.4},"delta_mean_c":-0.5,"delta_dose_pct":-10,"distance_mi":1.247,"status_now":"walk","status_rec":"bus_eligible","reason":"Coolest route mean 37.1C exceeds threshold (110 C-min dose, actual 149).","safe_until_hour":"14:00"}},{"type":"Feature","geometry":{"type":"Polygon","coordinates":[[[-81.39196500032389,28.53198100037957],[-81.39196199995084,28.531137999664555],[-81.39168900013935,28.53113299994445],[-81.39135799970326,28.531126000335924],[-81.39129099975611,28.53112399965846],[-81.39109099973956,28.53112099982606],[-81.39102499961733,28.531119999881856],[-81.39090499996672,28.53111700004933],[-81.39054699976644,28.531109999650514],[-81.39042799994075,28.53110799976199],[-81.39042499956771,28.531470000278265],[-81.39042499956771,28.531608999856157],[-81.39043399978853,28.531983000251515],[-81.39086499978376,28.531989999803123],[-81.39123999970248,28.531997000143495],[-81.39138799984049,28.53198400018749],[-81.39162800004,28.53198200031554],[-81.39196500032389,28.53198100037957]]]},"properties":{"block_id":"120950104001024","school_id":"sch_jones_high","kids_est":0,"class":"green","shortest":{"len_m":1346.9,"mean_c":37.48,"peak_c":38.2,"dose":84.3},"coolest":{"len_m":1346.9,"mean_c":37.48,"peak_c":38.2,"dose":84.3},"delta_mean_c":0.0,"delta_dose_pct":0,"distance_mi":0.546,"status_now":"walk","status_rec":"walk","reason":"Shortest route already under threshold (dose 84).","safe_until_hour":null}},{"type":"Feature","geometry":{"type":"Polygon","coordinates":[[[-81.39044899985714,28.532921999876766],[-81.39044300000936,28.532558999682387],[-81.39043600033668,28.532065999640196],[-81.39043399978853,28.531983000251515],[-81.39042499956771,28.531608999856157],[-81.39042499956771,28.531470000278265],[-81.39042799994075,28.53110799976199],[-81.390277000328,28.531104999929138],[-81.38989499983828,28.531098000318753],[-81.38982700006622,28.53109399975191],[-81.3896780001033,28.53108800008526],[-81.38967999975313,28.531457000257248],[-81.38968399995107,28.53199800007933],[-81.389692000347,28.532564000124008],[-81.38969800019478,28.532933999790075],[-81.38984799998262,28.532933999790075],[-81.39029900006932,28.532934999717067],[-81.39037299968916,28.532935999643993],[-81.39044899985714,28.532921999876766]]]},"properties":{"block_id":"120950104001025","school_id":"sch_jones_high","kids_est":7,"class":"green","shortest":{"len_m":1477.8,"mean_c":37.49,"peak_c":38.2,"dose":92.6},"coolest":{"len_m":1492.5,"mean_c":37.4,"peak_c":38.2,"dose":91.8},"delta_mean_c":-0.09,"delta_dose_pct":-1,"distance_mi":0.608,"status_now":"walk","status_rec":"walk","reason":"Shortest route already under threshold (dose 93).","safe_until_hour":null}},{"type":"Feature","geometry":{"type":"Polygon","coordinates":[[[-81.39706000027365,28.5118220001089],[-81.39705400042587,28.51173700031292],[-81.39705900044875,28.51132099991485],[-81.39698499993058,28.511344999921675],[-81.39693999972475,28.511360000317893],[-81.39688700002131,28.511376000054035],[-81.39688700002131,28.511462000271557],[-81.39688700002131,28.511651000319628],[-81.39689200004416,28.511873999606692],[-81.39699400015141,28.511826999955463],[-81.39706000027365,28.5118220001089]]]},"properties":{"block_id":"120950185002031","school_id":"sch_jones_high","kids_est":0,"class":"red","shortest":{"len_m":2856.4,"mean_c":37.61,"peak_c":38.2,"dose":183.1},"coolest":{"len_m":2935.8,"mean_c":37.15,"peak_c":38.2,"dose":169.2},"delta_mean_c":-0.46,"delta_dose_pct":-8,"distance_mi":1.504,"status_now":"walk","status_rec":"bus_eligible","reason":"Coolest route mean 37.1C exceeds threshold (110 C-min dose, actual 169).","safe_until_hour":"14:00"}},{"type":"Feature","geometry":{"type":"Polygon","coordinates":[[[-81.39725299971919,28.53509900013219],[-81.39725299971919,28.534722999926966],[-81.39716800022869,28.53443799994374],[-81.39712499967266,28.534589999978106],[-81.39709700008358,28.534722000016945],[-81.39709899973342,28.53509299990441],[-81.39725299971919,28.53509900013219]]]},"properties":{"block_id":"120950104001004","school_id":"sch_jones_high","kids_est":4,"class":"green","shortest":{"len_m":666.9,"mean_c":38.29,"peak_c":38.4,"dose":48.8},"coolest":{"len_m":666.9,"mean_c":38.29,"peak_c":38.4,"dose":48.8},"delta_mean_c":0.0,"delta_dose_pct":0,"distance_mi":0.198,"status_now":"walk","status_rec":"walk","reason":"Shortest route already under threshold (dose 49).","safe_until_hour":null}},{"type":"Feature","geometry":{"type":"Polygon","coordinates":[[[-81.39727000033594,28.536041999992168],[-81.39727000033594,28.53560100009472],[-81.39719300034305,28.53560100009472],[-81.3970999995583,28.53560100009472],[-81.39710200010644,28.5357910001766],[-81.39711299997711,28.536275000307683],[-81.3971470003123,28.536451999769497],[-81.39717699955122,28.536511999680055],[-81.39724199984853,28.536300999948512],[-81.39727000033594,28.536041999992168]]]},"properties":{"block_id":"120950105001050","school_id":"sch_jones_high","kids_est":0,"class":"green","shortest":{"len_m":815.3,"mean_c":38.34,"peak_c":38.6,"dose":60.2},"coolest":{"len_m":815.3,"mean_c":38.34,"peak_c":38.6,"dose":60.2},"delta_mean_c":0.0,"delta_dose_pct":0,"distance_mi":0.248,"status_now":"walk","status_rec":"walk","reason":"Shortest route already under threshold (dose 60).","safe_until_hour":null}},{"type":"Feature","geometry":{"type":"Polygon","coordinates":[[[-81.39708399966479,28.52275300000859],[-81.39708399966479,28.522410000057995],[-81.39707600016719,28.521849000108446],[-81.39707600016719,28.521802000167074],[-81.3970700003194,28.521018000137932],[-81.39706899959617,28.52095399992653],[-81.39706899959617,28.520935999983365],[-81.39674700027922,28.520940000146428],[-81.39599900009158,28.52096400033209],[-81.39555300002776,28.52096799970476],[-81.39520900007116,28.52097600002824],[-81.39496899987165,28.52097600002824],[-81.39391899956023,28.520985999642466],[-81.3929090003301,28.5210030003262],[-81.39291299962974,28.521182000255777],[-81.39291699982769,28.521341999970886],[-81.39291799965262,28.52172199989967],[-81.39291900037584,28.521902000218727],[-81.39293299972122,28.522416000218612],[-81.39293400044446,28.52281199980248],[-81.3952619997746,28.522779999851476],[-81.39558900001278,28.522780999874747],[-81.3961349996357,28.522770999641523],[-81.39637599966012,28.522771999664883],[-81.39667299976105,28.522761000196603],[-81.39708399966479,28.52275300000859]]]},"properties":{"block_id":"120950185001040","school_id":"sch_jones_high","kids_est":15,"class":"red","shortest":{"len_m":2277.2,"mean_c":36.9,"peak_c":38.2,"dose":122.9},"coolest":{"len_m":2281.3,"mean_c":36.88,"peak_c":38.2,"dose":122.4},"delta_mean_c":-0.02,"delta_dose_pct":0,"distance_mi":0.838,"status_now":"walk","status_rec":"bus_eligible","reason":"Coolest route mean 36.9C exceeds threshold (110 C-min dose, actual 122).","safe_until_hour":"14:00"}},{"type":"Feature","geometry":{"type":"Polygon","coordinates":[[[-81.3954869999055,28.539186000039482],[-81.39550199997412,28.539168000053216],[-81.39535100036139,28.539166000317614],[-81.39480800021317,28.539181999779704],[-81.39368799958156,28.539186000039482],[-81.39334299980005,28.53919399976933],[-81.39315399965416,28.53919100016661],[-81.39315600020231,28.53937500010402],[-81.39315799985212,28.539547999636323],[-81.39315600020231,28.539929999937378],[-81.39315600020231,28.540093999827583],[-81.39314500033164,28.540113000303634],[-81.39482900012958,28.540131999987093],[-81.39488699985588,28.54001499988826],[-81.39504400021472,28.539792000149596],[-81.39526900034562,28.53948600014676],[-81.39542499998123,28.539256000219854],[-81.3954869999055,28.539186000039482]]]},"properties":{"block_id":"120950105001006","school_id":"sch_jones_high","kids_est":0,"class":"red","shortest":{"len_m":1493.6,"mean_c":38.45,"peak_c":38.6,"dose":112.9},"coolest":{"len_m":1494.2,"mean_c":38.44,"peak_c":38.6,"dose":112.7},"delta_mean_c":-0.01,"delta_dose_pct":0,"distance_mi":0.557,"status_now":"walk","status_rec":"bus_eligible","reason":"Coolest route mean 38.4C exceeds threshold (110 C-min dose, actual 113).","safe_until_hour":"14:00"}},{"type":"Feature","geometry":{"type":"Polygon","coordinates":[[[-81.39445300038592,28.53648500019802],[-81.39444599981492,28.536332999740527],[-81.39444599981492,28.536308000002506],[-81.39444800036306,28.535776999999527],[-81.39445000001288,28.535600000193032],[-81.39431199992062,28.53559800038971],[-81.39390100001688,28.535594999895466],[-81.39376399974952,28.535593999993768],[-81.39376399974952,28.535769000010223],[-81.39376499957444,28.53593100026695],[-81.39377200014546,28.536297000368457],[-81.39377299997037,28.536323999898656],[-81.3937670001226,28.536472999899917],[-81.39382300019908,28.53647399979327],[-81.3939939999033,28.53647700026248],[-81.39405099980472,28.536478000155793],[-81.39413100017065,28.536478000155793],[-81.39429900040014,28.536479999942475],[-81.39437200019508,28.53648199972904],[-81.39445300038592,28.53648500019802]]]},"properties":{"block_id":"120950105001045","school_id":"sch_jones_high","kids_est":1,"class":"green","shortest":{"len_m":1178.7,"mean_c":38.43,"peak_c":38.6,"dose":88.8},"coolest":{"len_m":1179.3,"mean_c":38.42,"peak_c":38.6,"dose":88.6},"delta_mean_c":-0.01,"delta_dose_pct":0,"distance_mi":0.401,"status_now":"walk","status_rec":"walk","reason":"Shortest route already under threshold (dose 89).","safe_until_hour":null}},{"type":"Feature","geometry":{"type":"Polygon","coordinates":[[[-81.39915999999818,28.519096999727513],[-81.39915699962513,28.518911999845123],[-81.39914999995244,28.518360000024767],[-81.39914900012754,28.518198000387017],[-81.39915599980021,28.518176999772603],[-81.3988310001102,28.518184000240986],[-81.39873300020092,28.518185000307845],[-81.39772700027044,28.518200999797912],[-81.39746600015452,28.518200999797912],[-81.3973010002981,28.51820199986462],[-81.39704400038013,28.518207000197986],[-81.39704400038013,28.518389999608818],[-81.39704699985488,28.518938999882355],[-81.39704799967977,28.519122999659373],[-81.39747000035248,28.519114999984623],[-81.39819099987761,28.519102000018517],[-81.39873700039888,28.519098999843916],[-81.39915999999818,28.519096999727513]]]},"properties":{"block_id":"120950116001021","school_id":"sch_jones_high","kids_est":0,"class":"red","shortest":{"len_m":1924.2,"mean_c":37.84,"peak_c":38.2,"dose":129.2},"coolest":{"len_m":1928.4,"mean_c":37.74,"peak_c":38.2,"dose":127.0},"delta_mean_c":-0.1,"delta_dose_pct":-2,"distance_mi":1.015,"status_now":"walk","status_rec":"bus_eligible","reason":"Coolest route mean 37.7C exceeds threshold (110 C-min dose, actual 127).","safe_until_hour":"14:00"}},{"type":"Feature","geometry":{"type":"Polygon","coordinates":[[[-81.38086499985502,28.51460399999072],[-81.38084700031168,28.51443099977096],[-81.38083200024305,28.514273000038685],[-81.38080600030378,28.514073000367805],[-81.38077799981639,28.513915000099136],[-81.38076100009795,28.513795999885428],[-81.38074699985424,28.51374499986552],[-81.38072599993785,28.513648999621804],[-81.38070699967128,28.513568000162202],[-81.38068099973201,28.51345699966154],[-81.38062600037873,28.513230000108614],[-81.38060700011215,28.513154000110884],[-81.38057899962476,28.51303999961695],[-81.38056299973121,28.512970000180434],[-81.38053699979197,28.512863999637172],[-81.38048900011138,28.512863999637172],[-81.38042499963898,28.512863999637172],[-81.38023399984326,28.512863999637172],[-81.3800890000783,28.512863000309153],[-81.37997799975021,28.512863000309153],[-81.3799750002755,28.513059000234065],[-81.37997000025261,28.513636999881147],[-81.37997000025261,28.513648999621804],[-81.3799760001004,28.513845999772702],[-81.37997799975021,28.51400099982512],[-81.37998699997105,28.51446700029634],[-81.3799900003441,28.51462300032606],[-81.38016400042136,28.514618999923364],[-81.38040399972256,28.51461400020916],[-81.38068900012793,28.514607000293136],[-81.38081899982426,28.514605000091535],[-81.38086499985502,28.51460399999072]]]},"properties":{"block_id":"120950185003053","school_id":"sch_jones_high","kids_est":0,"class":"red","shortest":{"len_m":4385.5,"mean_c":36.51,"peak_c":38.2,"dose":213.9},"coolest":{"len_m":4416.8,"mean_c":36.37,"peak_c":38.2,"dose":206.5},"delta_mean_c":-0.14,"delta_dose_pct":-3,"distance_mi":1.794,"status_now":"walk","status_rec":"bus_eligible","reason":"Coolest route mean 36.4C exceeds threshold (110 C-min dose, actual 206).","safe_until_hour":"12:00"}},{"type":"Feature","geometry":{"type":"Polygon","coordinates":[[[-81.38115000026038,28.503042000251316],[-81.38119899976586,28.502960000329868],[-81.38111299955214,28.502896000212125],[-81.38102399986369,28.502848000295714],[-81.3809400001981,28.502792999657412],[-81.38082600039527,28.502697999922713],[-81.38075699989999,28.502627999938824],[-81.38067900008218,28.50252499991193],[-81.38062100035586,28.502420000141253],[-81.38057799979984,28.502308999751296],[-81.38046300017211,28.501830000313774],[-81.38027300020133,28.501026999821544],[-81.38024899991187,28.501026999821544],[-81.38004100039772,28.501026000381458],[-81.37988700041194,28.501026000381458],[-81.37955500015092,28.501029999720732],[-81.37949900007442,28.501046000234123],[-81.37945100039383,28.501074999776925],[-81.37941600023373,28.50111599968862],[-81.37940299981494,28.501139000209747],[-81.37939199994429,28.501188999780748],[-81.37939899961698,28.5012320001034],[-81.37961700007519,28.502159000190957],[-81.37969599971791,28.50248600018977],[-81.37972400020531,28.502604000317127],[-81.37978100010673,28.50283499990341],[-81.37979299980228,28.502911000230874],[-81.37979000032756,28.502960999751675],[-81.37978799977942,28.503006999984557],[-81.37976500021321,28.50307900013723],[-81.37979700000024,28.5030870002389],[-81.37987300016823,28.503114999800435],[-81.3799419997652,28.50315400007955],[-81.38002799997894,28.503223000295172],[-81.38017600011693,28.50334100038775],[-81.38026099960743,28.5034010001969],[-81.38035299966894,28.50345199969204],[-81.38045200030146,28.50349399967573],[-81.38055500023363,28.503524999746944],[-81.38066099964053,28.503544999915377],[-81.38074900040239,28.503551999776057],[-81.38085099961131,28.5035489999486],[-81.38089499999224,28.503547999742953],[-81.3811519999102,28.503508000192856],[-81.3811240003211,28.503395999950957],[-81.38111699975009,28.503366000049233],[-81.38110500005453,28.503280999755077],[-81.38110800042759,28.503196000181863],[-81.38112299959788,28.50311099975074],[-81.38114299968936,28.50305899988048],[-81.38115000026038,28.503042000251316]]]},"properties":{"block_id":"120950144002006","school_id":"sch_jones_high","kids_est":2,"class":"red","shortest":{"len_m":6272.1,"mean_c":37.12,"peak_c":38.2,"dose":358.9},"coolest":{"len_m":6527.7,"mean_c":36.49,"peak_c":38.2,"dose":315.7},"delta_mean_c":-0.63,"delta_dose_pct":-12,"distance_mi":2.444,"status_now":"bus","status_rec":"bus_eligible","reason":"Coolest route mean 36.5C exceeds threshold (110 C-min dose, actual 316).","safe_until_hour":"11:00"}},{"type":"Feature","geometry":{"type":"Polygon","coordinates":[[[-81.39285400007851,28.5136550002809],[-81.39285200042869,28.51352000036534],[-81.39284999988055,28.51327800003742],[-81.39284700040581,28.5130940003233],[-81.39284700040581,28.513031000154328],[-81.39284400003277,28.51291600019998],[-81.39237799987745,28.513237000116035],[-81.39225700040194,28.513321000168908],[-81.3903740004124,28.514615999621288],[-81.39030900011505,28.514652000083526],[-81.39063999965286,28.514649999882774],[-81.39066300011739,28.514649999882774],[-81.39079500036186,28.514649999882774],[-81.39082100030113,28.514649999882774],[-81.39089999994385,28.514649999882774],[-81.39092699970804,28.514649999882774],[-81.39093799957868,28.514649999882774],[-81.39097100008898,28.514649999882774],[-81.39098199995962,28.514649999882774],[-81.39103200018835,28.514649999882774],[-81.39106399997537,28.514649999882774],[-81.3912120001134,28.514649999882774],[-81.39120799991544,28.51450899984129],[-81.39120700009052,28.514372000023503],[-81.39148499992487,28.514177000275534],[-81.39154699984915,28.514177000275534],[-81.39182700023163,28.514175000065777],[-81.39182600040671,28.51397799974006],[-81.39198000039251,28.513867999778757],[-81.39207300027891,28.51380099963841],[-81.39213799967793,28.513742000327884],[-81.39225400002888,28.513634999661146],[-81.39260100035852,28.513632000120445],[-81.3925989998104,28.51342600014088],[-81.39272400038217,28.513425000028818],[-81.39272799968181,28.5136550002809],[-81.39285400007851,28.5136550002809]]]},"properties":{"block_id":"120950185002026","school_id":"sch_jones_high","kids_est":0,"class":"red","shortest":{"len_m":3117.0,"mean_c":37.48,"peak_c":38.2,"dose":194.1},"coolest":{"len_m":3136.6,"mean_c":36.73,"peak_c":38.2,"dose":161.8},"delta_mean_c":-0.75,"delta_dose_pct":-17,"distance_mi":1.426,"status_now":"walk","status_rec":"bus_eligible","reason":"Coolest route mean 36.7C exceeds threshold (110 C-min dose, actual 162).","safe_until_hour":"14:00"}},{"type":"Feature","geometry":{"type":"Polygon","coordinates":[[[-81.39166300020011,28.51307900017368],[-81.39166200037519,28.512942000077057],[-81.39165800017723,28.5126979997638],[-81.39157000031368,28.512744999816263],[-81.39148300027506,28.51277500020829],[-81.3914459995668,28.51278700004703],[-81.39142899984836,28.512789999611766],[-81.39135600005343,28.512808000156067],[-81.39126399999193,28.512817999755498],[-81.39120899974034,28.512817999755498],[-81.39112400024986,28.512817999755498],[-81.39087200035478,28.51281999999098],[-81.39078899961576,28.512821000108715],[-81.39079100016392,28.512952999780254],[-81.39079399963865,28.513049999983746],[-81.39079500036186,28.513350999607724],[-81.39079600018678,28.513405000154826],[-81.39119600021986,28.513402999930424],[-81.39119500039496,28.513281000377614],[-81.39137600014493,28.51327800003742],[-81.39166300020011,28.51307900017368]]]},"properties":{"block_id":"120950144001008","school_id":"sch_jones_high","kids_est":0,"class":"red","shortest":{"len_m":3473.0,"mean_c":37.42,"peak_c":38.2,"dose":212.9},"coolest":{"len_m":3492.6,"mean_c":36.74,"peak_c":38.2,"dose":180.6},"delta_mean_c":-0.68,"delta_dose_pct":-15,"distance_mi":1.491,"status_now":"walk","status_rec":"bus_eligible","reason":"Coolest route mean 36.7C exceeds threshold (110 C-min dose, actual 181).","safe_until_hour":"14:00"}},{"type":"Feature","geometry":{"type":"Polygon","coordinates":[[[-81.39918599993744,28.521826000156587],[-81.39917300041697,28.520915999955246],[-81.39862699989571,28.52092000011906],[-81.39730899979568,28.520935999983365],[-81.3970700003194,28.521018000137932],[-81.39707600016719,28.521802000167074],[-81.39707600016719,28.521849000108446],[-81.39743199981933,28.521844999979937],[-81.39761699976727,28.521851000172703],[-81.39918599993744,28.521826000156587]]]},"properties":{"block_id":"120950116001016","school_id":"sch_jones_high","kids_est":0,"class":"red","shortest":{"len_m":1811.2,"mean_c":37.81,"peak_c":38.2,"dose":121.2},"coolest":{"len_m":1903.1,"mean_c":37.35,"peak_c":38.2,"dose":115.0},"delta_mean_c":-0.46,"delta_dose_pct":-5,"distance_mi":0.828,"status_now":"walk","status_rec":"bus_eligible","reason":"Coolest route mean 37.4C exceeds threshold (110 C-min dose, actual 115).","safe_until_hour":"14:00"}},{"type":"Feature","geometry":{"type":"Polygon","coordinates":[[[-81.39299800001855,28.529336999906562],[-81.39299700019365,28.52925499990902],[-81.39299700019365,28.529009000322834],[-81.39299700019365,28.528928000035002],[-81.3929939998206,28.52872399988214],[-81.39298499959976,28.52811200021144],[-81.39298299994995,28.52790800005774],[-81.39298100030013,28.527814000032],[-81.39297600027726,28.527532000241003],[-81.39297499955401,28.52743899985902],[-81.39255899962743,28.527444999733348],[-81.3925150001448,28.527445999712423],[-81.39131099984758,28.52745099960737],[-81.39089499992099,28.52745300035454],[-81.3908890000732,28.529339999789794],[-81.39259399978752,28.529340999750843],[-81.39299800001855,28.529336999906562]]]},"properties":{"block_id":"120950185001015","school_id":"sch_jones_high","kids_est":12,"class":"green","shortest":{"len_m":1445.6,"mean_c":37.37,"peak_c":38.2,"dose":88.0},"coolest":{"len_m":1446.6,"mean_c":37.32,"peak_c":38.2,"dose":86.9},"delta_mean_c":-0.05,"delta_dose_pct":-1,"distance_mi":0.593,"status_now":"walk","status_rec":"walk","reason":"Shortest route already under threshold (dose 88).","safe_until_hour":null}},{"type":"Feature","geometry":{"type":"Polygon","coordinates":[[[-81.39703599998423,28.510065999710328],[-81.39700300037225,28.509137000114606],[-81.39695300014353,28.508979999710373],[-81.3969509995954,28.508807999894305],[-81.39694599957252,28.508318999940627],[-81.39694599957252,28.508215999943896],[-81.39694599957252,28.508149000160266],[-81.39692800002918,28.508149000160266],[-81.39687699997556,28.50815000032229],[-81.39686000025712,28.50815099969492],[-81.39684600001341,28.50815099969492],[-81.39680500000553,28.508151999856928],[-81.39679199958674,28.508153000018925],[-81.39675200030209,28.508154000180934],[-81.39671200011911,28.508155000342917],[-81.39662900027844,28.508156999877457],[-81.39617800019174,28.50855699996232],[-81.39558700036294,28.509073999950292],[-81.39547699985977,28.50917300007882],[-81.39548000023281,28.50947800031335],[-81.39543300037715,28.50954600019103],[-81.39534799998833,28.509552000294217],[-81.39532299987398,28.509616999679917],[-81.39532600024702,28.509903999961956],[-81.39525299955379,28.510065000355812],[-81.39517499973599,28.510066999854182],[-81.39517800010901,28.51045900025876],[-81.39490500029756,28.510465000310003],[-81.39490399957432,28.51057899964026],[-81.39490399957432,28.510618999666892],[-81.39489600007673,28.51067400017212],[-81.39487699981014,28.510717999924147],[-81.39486299956643,28.510750999726117],[-81.39482999995447,28.510797999856806],[-81.39480599966504,28.510819999709252],[-81.39478399992373,28.510842000346493],[-81.39471299977862,28.510883999756206],[-81.39465000002942,28.510911000270102],[-81.39457499968636,28.510927000074343],[-81.39447400030232,28.510928000210033],[-81.39439200028657,28.510929999691978],[-81.3943739998449,28.510929999691978],[-81.39432100014146,28.51093099982764],[-81.39432000031654,28.51099700007737],[-81.39432199996635,28.5112719997524],[-81.39419700029289,28.51136199979166],[-81.39416799998058,28.511362999923225],[-81.3938609998339,28.511365000186366],[-81.39386199965882,28.511422999906223],[-81.39386400020696,28.511561999867194],[-81.39386500003187,28.5115950001945],[-81.39365900016755,28.511741000035553],[-81.39350900037972,28.511849999720233],[-81.39343499986157,28.511903000120036],[-81.39319999968491,28.51194299964456],[-81.39316100022518,28.51194899961139],[-81.39316200005008,28.51212900003659],[-81.39314699998147,28.512139999824583],[-81.39296200003355,28.512277000173647],[-81.39295799983559,28.511951999989343],[-81.39295799983559,28.511892000307327],[-81.39290599995705,28.51188799980104],[-81.39284800023073,28.511885000210647],[-81.39283200033722,28.511885000210647],[-81.39282800013925,28.511992000284668],[-81.3928259995911,28.512099000250196],[-81.3928249997662,28.512178999924796],[-81.3928259995911,28.512222999838333],[-81.39283700036007,28.51267199982657],[-81.39330799963996,28.512344999825647],[-81.39371000022118,28.51205099978483],[-81.3941210001249,28.51176700020228],[-81.39425400019431,28.511680000104903],[-81.39509199989529,28.51113699994411],[-81.39599599971852,28.510569999967643],[-81.39625099998666,28.510424000084466],[-81.3965139997524,28.510288999980233],[-81.3967039997232,28.510201000099986],[-81.3967820004393,28.510166999983035],[-81.39685400040933,28.51013600028476],[-81.39689200004416,28.510120000360534],[-81.3969580001664,28.510093999787816],[-81.39703599998423,28.510065999710328]]]},"properties":{"block_id":"120950144001011","school_id":"sch_jones_high","kids_est":0,"class":"red","shortest":{"len_m":3625.5,"mean_c":37.41,"peak_c":38.2,"dose":222.1},"coolest":{"len_m":3710.6,"mean_c":36.75,"peak_c":38.2,"dose":192.5},"delta_mean_c":-0.66,"delta_dose_pct":-13,"distance_mi":1.617,"status_now":"walk","status_rec":"bus_eligible","reason":"Coolest route mean 36.8C exceeds threshold (110 C-min dose, actual 192).","safe_until_hour":"12:00"}},{"type":"Feature","geometry":{"type":"Polygon","coordinates":[[[-81.40120399964621,28.523628999627217],[-81.40120199999637,28.52340699995834],[-81.40120100017148,28.523264999768585],[-81.40119799979841,28.522841999698365],[-81.40119799979841,28.522701000350153],[-81.40079500029061,28.522706999704894],[-81.40044999961081,28.52271399987251],[-81.39989599959193,28.522718999991966],[-81.39958699979545,28.522725000135],[-81.39918500011255,28.52273300032514],[-81.39919099996033,28.523255000370526],[-81.3991900001354,28.52351700022953],[-81.39918599993744,28.523606000063626],[-81.3996539997426,28.523643999854638],[-81.39977400029152,28.523647999914893],[-81.4005550000911,28.523632999688047],[-81.40097400039076,28.523636999748785],[-81.40120399964621,28.523628999627217]]]},"properties":{"block_id":"120950116001011","school_id":"sch_jones_high","kids_est":4,"class":"green","shortest":{"len_m":1276.0,"mean_c":37.87,"peak_c":38.2,"dose":86.3},"coolest":{"len_m":1276.0,"mean_c":37.87,"peak_c":38.2,"dose":86.3},"delta_mean_c":0.0,"delta_dose_pct":0,"distance_mi":0.698,"status_now":"walk","status_rec":"walk","reason":"Shortest route already under threshold (dose 86).","safe_until_hour":null}},{"type":"Feature","geometry":{"type":"Polygon","coordinates":[[[-81.40476700013402,28.526328999862507],[-81.40476999960877,28.52557400026065],[-81.40476200011115,28.525553000326152],[-81.40474399966949,28.52553600037612],[-81.40471100005753,28.52552799960941],[-81.4046730004227,28.525532000387518],[-81.40459499970657,28.525531000390288],[-81.40423999987934,28.525528999606614],[-81.40407300037307,28.525528999606614],[-81.40390000012071,28.525530000393093],[-81.40369400025638,28.525530000393093],[-81.40307699959001,28.52553400038184],[-81.40287200044891,28.52553500037898],[-81.40243600043082,28.525530000393093],[-81.40207099965953,28.525520999628657],[-81.40161999957282,28.525540000364636],[-81.40142399975423,28.52553400038184],[-81.40122200008788,28.52550199967858],[-81.40122200008788,28.525576000254233],[-81.40122200008788,28.526402999857606],[-81.40122200008788,28.526433000310114],[-81.4014499996935,28.52641699970152],[-81.40222899984327,28.52639899990184],[-81.40237199995842,28.526401999868686],[-81.40240799994342,28.526389000011832],[-81.4025040002029,28.52637000021814],[-81.40284899998439,28.526354000389265],[-81.40327699960655,28.526344999695183],[-81.40378999961754,28.526340999737275],[-81.4041240004267,28.52633499980005],[-81.40430799965141,28.52633299982087],[-81.40476700013402,28.526328999862507]]]},"properties":{"block_id":"120950116002004","school_id":"sch_jones_high","kids_est":9,"class":"green","shortest":{"len_m":1135.6,"mean_c":37.89,"peak_c":38.2,"dose":77.2},"coolest":{"len_m":1135.6,"mean_c":37.89,"peak_c":38.2,"dose":77.2},"delta_mean_c":0.0,"delta_dose_pct":0,"distance_mi":0.539,"status_now":"walk","status_rec":"walk","reason":"Shortest route already under threshold (dose 77).","safe_until_hour":null}},{"type":"Feature","geometry":{"type":"Polygon","coordinates":[[[-81.40287699957348,28.52510199993386],[-81.40287800029668,28.525059999872603],[-81.4028649998779,28.523805999806868],[-81.40286099967993,28.5233740001703],[-81.40274699987714,28.523380000276045],[-81.40255000023363,28.523391999697207],[-81.40240499957038,28.52339299971468],[-81.40229099976756,28.523394999749584],[-81.40224399991189,28.523394999749584],[-81.40210499999472,28.523397999801936],[-81.40205899996397,28.52339999983675],[-81.40207099965953,28.525520999628657],[-81.40243600043082,28.525530000393093],[-81.40287200044891,28.52553500037898],[-81.40287699957348,28.52510199993386]]]},"properties":{"block_id":"120950116002010","school_id":"sch_jones_high","kids_est":14,"class":"green","shortest":{"len_m":1311.2,"mean_c":37.87,"peak_c":38.2,"dose":88.7},"coolest":{"len_m":1311.2,"mean_c":37.87,"peak_c":38.2,"dose":88.7},"delta_mean_c":0.0,"delta_dose_pct":0,"distance_mi":0.628,"status_now":"walk","status_rec":"walk","reason":"Shortest route already under threshold (dose 89).","safe_until_hour":null}},{"type":"Feature","geometry":{"type":"Polygon","coordinates":[[[-81.40123200013362,28.51832900036671],[-81.40123299995851,28.518142999858927],[-81.40081700003192,28.518149000262373],[-81.39957099990193,28.51816900002601],[-81.39927700017405,28.518174000361018],[-81.39915599980021,28.518176999772603],[-81.39914900012754,28.518198000387017],[-81.39914999995244,28.518360000024767],[-81.39915699962513,28.518911999845123],[-81.39915999999818,28.519096999727513],[-81.39957299955175,28.51909200022561],[-81.40081200000905,28.519078000198288],[-81.40122600028585,28.51907399996458],[-81.40122899976056,28.518886999921435],[-81.4012310003087,28.518793999806086],[-81.40123200013362,28.51832900036671]]]},"properties":{"block_id":"120950116001022","school_id":"sch_jones_high","kids_est":2,"class":"red","shortest":{"len_m":1774.9,"mean_c":37.89,"peak_c":38.2,"dose":120.5},"coolest":{"len_m":1774.9,"mean_c":37.89,"peak_c":38.2,"dose":120.5},"delta_mean_c":0.0,"delta_dose_pct":0,"distance_mi":1.011,"status_now":"walk","status_rec":"bus_eligible","reason":"Coolest route mean 37.9C exceeds threshold (110 C-min dose, actual 120).","safe_until_hour":"14:00"}},{"type":"Feature","geometry":{"type":"Polygon","coordinates":[[[-81.40119199995064,28.520110000163704],[-81.40119699997352,28.519992999936445],[-81.40089499984973,28.519988999737517],[-81.40079000026775,28.519988999737517],[-81.39980000023077,28.519999000234602],[-81.39957199972683,28.520002999643886],[-81.39916599984596,28.520012000090126],[-81.39917300041697,28.520915999955246],[-81.40020799976146,28.520908999668244],[-81.40118699992776,28.520889999676207],[-81.40118600010287,28.520828000260014],[-81.40118600010287,28.520760999805987],[-81.40118500027795,28.52064300025758],[-81.40118500027795,28.52058199995096],[-81.40118399955473,28.520464000202217],[-81.40118399955473,28.520320999948492],[-81.40119199995064,28.520110000163704]]]},"properties":{"block_id":"120950116001018","school_id":"sch_jones_high","kids_est":21,"class":"green","shortest":{"len_m":1562.6,"mean_c":37.88,"peak_c":38.2,"dose":105.9},"coolest":{"len_m":1562.6,"mean_c":37.88,"peak_c":38.2,"dose":105.9},"delta_mean_c":0.0,"delta_dose_pct":0,"distance_mi":0.885,"status_now":"walk","status_rec":"walk","reason":"Shortest route already under threshold (dose 106).","safe_until_hour":null}},{"type":"Feature","geometry":{"type":"Polygon","coordinates":[[[-81.39832200029718,28.52645900001132],[-81.39832200029718,28.526340999737275],[-81.39830999970332,28.525517999636786],[-81.39766699999598,28.525519999631374],[-81.39727600018371,28.525530000393093],[-81.39707799981701,28.525532000387518],[-81.3970769999921,28.525576000254233],[-81.39707500034227,28.525643000016036],[-81.39707799981701,28.52634199972676],[-81.3970789996419,28.52642600038945],[-81.3970789996419,28.526458000022934],[-81.3970789996419,28.526477999788963],[-81.39731899984143,28.5264669999181],[-81.39744000021525,28.526465999929787],[-81.39832200029718,28.52645900001132]]]},"properties":{"block_id":"120950116001006","school_id":"sch_jones_high","kids_est":0,"class":"green","shortest":{"len_m":1311.1,"mean_c":37.74,"peak_c":38.2,"dose":86.5},"coolest":{"len_m":1371.1,"mean_c":37.48,"peak_c":38.2,"dose":85.3},"delta_mean_c":-0.26,"delta_dose_pct":-1,"distance_mi":0.522,"status_now":"walk","status_rec":"walk","reason":"Shortest route already under threshold (dose 86).","safe_until_hour":null}},{"type":"Feature","geometry":{"type":"Polygon","coordinates":[[[-81.39707100014432,28.52739699993965],[-81.3970789996419,28.526477999788963],[-81.3970209999156,28.526477999788963],[-81.3964920000111,28.526474999824266],[-81.39645600002608,28.526474999824266],[-81.39633300000243,28.526475999812554],[-81.39632899980447,28.526584000063966],[-81.39632799997955,28.52740599975464],[-81.39667199993615,28.52740199983699],[-81.39703699980912,28.527397999919135],[-81.39707100014432,28.52739699993965]]]},"properties":{"block_id":"120950185001030","school_id":"sch_jones_high","kids_est":0,"class":"green","shortest":{"len_m":1250.0,"mean_c":37.52,"peak_c":38.2,"dose":78.7},"coolest":{"len_m":1254.1,"mean_c":37.48,"peak_c":38.2,"dose":78.2},"delta_mean_c":-0.04,"delta_dose_pct":-1,"distance_mi":0.482,"status_now":"walk","status_rec":"walk","reason":"Shortest route already under threshold (dose 79).","safe_until_hour":null}},{"type":"Feature","geometry":{"type":"Polygon","coordinates":[[[-81.3970789996419,28.526458000022934],[-81.3970789996419,28.52642600038945],[-81.39707799981701,28.52634199972676],[-81.39707500034227,28.525643000016036],[-81.3970769999921,28.525576000254233],[-81.39707799981701,28.525532000387518],[-81.39706000027365,28.525520999628657],[-81.39676599964747,28.525513999647433],[-81.39667899960884,28.525514999644763],[-81.39556200024857,28.525540000364636],[-81.3954729996618,28.525540000364636],[-81.3950709999789,28.52554200035882],[-81.39507199980382,28.52570099977543],[-81.39507600000178,28.52618099971644],[-81.39507799965159,28.526340999737275],[-81.39507799965159,28.526371000207366],[-81.39507799965159,28.52646099998811],[-81.39507900037482,28.526491999622916],[-81.39535399983612,28.52648799967052],[-81.39617999984155,28.526477999788963],[-81.39633300000243,28.526475999812554],[-81.39645600002608,28.526474999824266],[-81.3964920000111,28.526474999824266],[-81.3970209999156,28.526477999788963],[-81.3970789996419,28.526477999788963],[-81.3970789996419,28.526458000022934]]]},"properties":{"block_id":"120950185001029","school_id":"sch_jones_high","kids_est":0,"class":"green","shortest":{"len_m":1393.7,"mean_c":37.61,"peak_c":38.2,"dose":89.4},"coolest":{"len_m":1398.4,"mean_c":37.4,"peak_c":38.2,"dose":85.7},"delta_mean_c":-0.21,"delta_dose_pct":-4,"distance_mi":0.556,"status_now":"walk","status_rec":"walk","reason":"Shortest route already under threshold (dose 89).","safe_until_hour":null}},{"type":"Feature","geometry":{"type":"Polygon","coordinates":[[[-81.3929090003301,28.5210030003262],[-81.39290400030723,28.520822000009034],[-81.39290400030723,28.520270999974045],[-81.39290500013215,28.520088999930092],[-81.39249300040348,28.520092000076463],[-81.39125999979397,28.520104999920513],[-81.39084899989022,28.520110000163704],[-81.39084999971514,28.5202920001714],[-81.39085499973802,28.52083999997165],[-81.39085700028615,28.52102300033782],[-81.39126700036499,28.521019000177912],[-81.39249800042636,28.521005999657305],[-81.3929090003301,28.5210030003262]]]},"properties":{"block_id":"120950185001041","school_id":"sch_jones_high","kids_est":13,"class":"red","shortest":{"len_m":2374.6,"mean_c":36.86,"peak_c":38.2,"dose":126.9},"coolest":{"len_m":2378.7,"mean_c":36.84,"peak_c":38.2,"dose":126.4},"delta_mean_c":-0.02,"delta_dose_pct":0,"distance_mi":1.005,"status_now":"walk","status_rec":"bus_eligible","reason":"Coolest route mean 36.8C exceeds threshold (110 C-min dose, actual 126).","safe_until_hour":"14:00"}},{"type":"Feature","geometry":{"type":"Polygon","coordinates":[[[-81.39301800011005,28.531155000289537],[-81.39301499973699,28.53098400028469],[-81.3930089998892,28.530471000183898],[-81.39300800006431,28.530299999858475],[-81.39258700011482,28.53031899973293],[-81.39239899979384,28.53032800008766],[-81.39213699985304,28.53033399979758],[-81.3913259999162,28.53033499974919],[-81.39090599979164,28.53033699965243],[-81.39042700011585,28.53033699965243],[-81.38949800017825,28.530325000232594],[-81.38891200037233,28.530325000232594],[-81.38888800008287,28.530313999974023],[-81.38889499975558,28.530778000270413],[-81.3888959995805,28.530838000254825],[-81.38889899995354,28.531019999893356],[-81.38889999977846,28.531080999684573],[-81.38905499958915,28.531081999629095],[-81.38952199956937,28.531086000196318],[-81.3896780001033,28.53108800008526],[-81.38982700006622,28.53109399975191],[-81.38989499983828,28.531098000318753],[-81.390277000328,28.531104999929138],[-81.39042799994075,28.53110799976199],[-81.39054699976644,28.531109999650514],[-81.39090499996672,28.53111700004933],[-81.39102499961733,28.531119999881856],[-81.39109099973956,28.53112099982606],[-81.39129099975611,28.53112399965846],[-81.39135799970326,28.531126000335924],[-81.39168900013935,28.53113299994445],[-81.39196199995084,28.531137999664555],[-81.39247099976387,28.531149999780997],[-81.39268500002412,28.531150999724858],[-81.39301800011005,28.531155000289537]]]},"properties":{"block_id":"120950185001010","school_id":"sch_jones_high","kids_est":0,"class":"green","shortest":{"len_m":1357.1,"mean_c":37.47,"peak_c":38.2,"dose":84.7},"coolest":{"len_m":1357.1,"mean_c":37.47,"peak_c":38.2,"dose":84.7},"delta_mean_c":0.0,"delta_dose_pct":0,"distance_mi":0.573,"status_now":"walk","status_rec":"walk","reason":"Shortest route already under threshold (dose 85).","safe_until_hour":null}},{"type":"Feature","geometry":{"type":"Polygon","coordinates":[[[-81.39708100019006,28.524611999756637],[-81.3970789996419,28.52367600033262],[-81.39559800023359,28.523668000214045],[-81.39500300020686,28.52367100025856],[-81.39500400003175,28.523875999943005],[-81.39500900005463,28.524457000305585],[-81.39500999987952,28.524540000095996],[-81.39501099970444,28.524630999867128],[-81.39303599965339,28.52465199998531],[-81.39295000033798,28.524653999996385],[-81.39295000033798,28.524703000254892],[-81.39295199998779,28.524880000209844],[-81.39296000038372,28.525550000335183],[-81.39303499982849,28.52555900030787],[-81.39344200043257,28.52555500032013],[-81.39466300044822,28.52554500035001],[-81.3950709999789,28.52554200035882],[-81.39507199980382,28.52512899996436],[-81.39508100002466,28.524730000387642],[-81.39508699987243,28.524701000244807],[-81.3951119999868,28.524665000056377],[-81.39514299994893,28.52464499994638],[-81.39517599956088,28.52463499988999],[-81.39623000007026,28.52461799979191],[-81.39708100019006,28.524611999756637]]]},"properties":{"block_id":"120950185001033","school_id":"sch_jones_high","kids_est":3,"class":"green","shortest":{"len_m":1548.7,"mean_c":37.5,"peak_c":38.2,"dose":97.1},"coolest":{"len_m":1553.4,"mean_c":37.31,"peak_c":38.2,"dose":93.4},"delta_mean_c":-0.19,"delta_dose_pct":-4,"distance_mi":0.669,"status_now":"walk","status_rec":"walk","reason":"Shortest route already under threshold (dose 97).","safe_until_hour":null}},{"type":"Feature","geometry":{"type":"Polygon","coordinates":[[[-81.3949300004119,28.50695099974455],[-81.39493100023682,28.506376000308773],[-81.39278600030646,28.50641900009629],[-81.3927960003522,28.507331000218937],[-81.39492500038904,28.50727000010623],[-81.3949300004119,28.50695099974455]]]},"properties":{"block_id":"120950144001023","school_id":"sch_jones_high","kids_est":12,"class":"red","shortest":{"len_m":3788.2,"mean_c":37.39,"peak_c":38.2,"dose":231.2},"coolest":{"len_m":3980.5,"mean_c":36.76,"peak_c":38.2,"dose":206.9},"delta_mean_c":-0.63,"delta_dose_pct":-11,"distance_mi":1.856,"status_now":"walk","status_rec":"bus_eligible","reason":"Coolest route mean 36.8C exceeds threshold (110 C-min dose, actual 207).","safe_until_hour":"12:00"}},{"type":"Feature","geometry":{"type":"Polygon","coordinates":[[[-81.39440499980704,28.533868000032413],[-81.39442400007363,28.53384700017203],[-81.39304700042237,28.533851999763325],[-81.3930499998971,28.533914000200525],[-81.39309599992785,28.53470799969783],[-81.39440099960908,28.534711000217328],[-81.39439099956333,28.533906000069788],[-81.39440499980704,28.533868000032413]]]},"properties":{"block_id":"120950104001009","school_id":"sch_jones_high","kids_est":7,"class":"green","shortest":{"len_m":1202.1,"mean_c":38.32,"peak_c":38.4,"dose":88.6},"coolest":{"len_m":1202.1,"mean_c":38.32,"peak_c":38.4,"dose":88.6},"delta_mean_c":0.0,"delta_dose_pct":0,"distance_mi":0.383,"status_now":"walk","status_rec":"walk","reason":"Shortest route already under threshold (dose 89).","safe_until_hour":null}},{"type":"Feature","geometry":{"type":"Polygon","coordinates":[[[-81.39506599995603,28.528905000049136],[-81.39506299958299,28.528700999851733],[-81.39505699973519,28.528089000047487],[-81.3950559999103,28.527884999849256],[-81.39464099980859,28.527889999723453],[-81.39408900033784,28.527897000336093],[-81.39383900009261,28.527897000336093],[-81.39339700022671,28.527902000209707],[-81.39298299994995,28.52790800005774],[-81.39298499959976,28.52811200021144],[-81.3929939998206,28.52872399988214],[-81.39299700019365,28.528928000035002],[-81.3934099997472,28.528923000210117],[-81.39465199967924,28.528908999909792],[-81.39506599995603,28.528905000049136]]]},"properties":{"block_id":"120950185001020","school_id":"sch_jones_high","kids_est":40,"class":"green","shortest":{"len_m":1445.6,"mean_c":37.37,"peak_c":38.2,"dose":88.0},"coolest":{"len_m":1446.6,"mean_c":37.32,"peak_c":38.2,"dose":86.9},"delta_mean_c":-0.05,"delta_dose_pct":-1,"distance_mi":0.494,"status_now":"walk","status_rec":"walk","reason":"Shortest route already under threshold (dose 88).","safe_until_hour":null}},{"type":"Feature","geometry":{"type":"Polygon","coordinates":[[[-81.39712399984776,28.53111700004933],[-81.39711899982488,28.530843999935698],[-81.39710600030442,28.530027999950715],[-81.39710200010644,28.529756000130234],[-81.39710100028154,28.529648999930135],[-81.39709799990848,28.5293290002176],[-81.39709700008358,28.529223000335435],[-81.39709299988563,28.52894900008638],[-81.39708799986275,28.52841400021706],[-81.39708200001498,28.5281299997186],[-81.3970769999921,28.52785799973544],[-81.39683099994481,28.527866000325233],[-81.39667199993615,28.527868000275333],[-81.3964159998431,28.52787300015027],[-81.39546000014133,28.527880999949733],[-81.3950559999103,28.527884999849256],[-81.39505699973519,28.528089000047487],[-81.39506299958299,28.528700999851733],[-81.39506599995603,28.528905000049136],[-81.39507000015399,28.529352000110965],[-81.39508400039769,28.5306939999191],[-81.39508900042057,28.53111100038399],[-81.39507600000178,28.53113899960853],[-81.39535499966104,28.531136999720555],[-81.39548500025569,28.53113499983249],[-81.39671399976893,28.53112099982606],[-81.39712399984776,28.53111700004933]]]},"properties":{"block_id":"120950185001012","school_id":"sch_jones_high","kids_est":0,"class":"green","shortest":{"len_m":1055.6,"mean_c":37.63,"peak_c":38.2,"dose":68.1},"coolest":{"len_m":1056.6,"mean_c":37.62,"peak_c":38.2,"dose":67.8},"delta_mean_c":-0.01,"delta_dose_pct":0,"distance_mi":0.353,"status_now":"walk","status_rec":"walk","reason":"Shortest route already under threshold (dose 68).","safe_until_hour":null}},{"type":"Feature","geometry":{"type":"Polygon","coordinates":[[[-81.39303800020153,28.532895000264105],[-81.3930289999807,28.532062999834608],[-81.39302800015578,28.53191000016468],[-81.39302700033087,28.531608999856157],[-81.39301800011005,28.531155000289537],[-81.39268500002412,28.531150999724858],[-81.39247099976387,28.531149999780997],[-81.39196199995084,28.531137999664555],[-81.39196500032389,28.53198100037957],[-81.39196899962353,28.532890999765478],[-81.39261600042715,28.53289199969289],[-81.39303800020153,28.532895000264105]]]},"properties":{"block_id":"120950104001019","school_id":"sch_jones_high","kids_est":5,"class":"green","shortest":{"len_m":1331.9,"mean_c":37.53,"peak_c":38.2,"dose":84.2},"coolest":{"len_m":1331.9,"mean_c":37.53,"peak_c":38.2,"dose":84.2},"delta_mean_c":0.0,"delta_dose_pct":0,"distance_mi":0.462,"status_now":"walk","status_rec":"walk","reason":"Shortest route already under threshold (dose 84).","safe_until_hour":null}},{"type":"Feature","geometry":{"type":"Polygon","coordinates":[[[-81.38965200016402,28.496205000078398],[-81.38964799996607,28.495975999954773],[-81.38964200011829,28.495587000267637],[-81.38964399976811,28.495133000352023],[-81.38963799992032,28.494920999632164],[-81.38963600027051,28.49482400012904],[-81.3896429999432,28.494570000006668],[-81.38945499962222,28.494571000297437],[-81.38889399993067,28.494577999963912],[-81.38870700033291,28.494579999755747],[-81.38870300013495,28.494669000322887],[-81.38870300013495,28.49494899978143],[-81.38870300013495,28.4950330001847],[-81.3887130001807,28.495624999890307],[-81.3887130001807,28.496057999776895],[-81.3887130001807,28.49624600030317],[-81.3887209996783,28.496318000332053],[-81.38875099981554,28.496422999858513],[-81.38880299969406,28.49639600037372],[-81.38891400002215,28.49635899972351],[-81.38902899964988,28.496333999980944],[-81.38914699965066,28.496320000090925],[-81.38944299992667,28.49631599978368],[-81.38953300033835,28.49631599978368],[-81.38962100020188,28.496323000123926],[-81.3896429999432,28.496266000272268],[-81.38965200016402,28.496205000078398]]]},"properties":{"block_id":"120950144002011","school_id":"sch_jones_high","kids_est":1,"class":"red","shortest":{"len_m":4756.8,"mean_c":37.28,"peak_c":38.2,"dose":283.0},"coolest":{"len_m":4783.9,"mean_c":37.03,"peak_c":38.2,"dose":267.7},"delta_mean_c":-0.25,"delta_dose_pct":-5,"distance_mi":2.683,"status_now":"bus","status_rec":"bus_eligible","reason":"Coolest route mean 37.0C exceeds threshold (110 C-min dose, actual 268).","safe_until_hour":"11:00"}},{"type":"Feature","geometry":{"type":"Polygon","coordinates":[[[-81.39288099984269,28.51736800013163],[-81.39287900019286,28.517184999736493],[-81.39287300034509,28.51663900004748],[-81.39287099979695,28.516457000049165],[-81.3924590000683,28.51645900021564],[-81.3912260003571,28.516469000258237],[-81.39081499955505,28.516471999718256],[-81.39081799992809,28.516652999609356],[-81.39082200012605,28.516889999690367],[-81.39082200012605,28.51719699986272],[-81.39082299995097,28.51737900016254],[-81.39110800035631,28.517382000386004],[-81.39123399985469,28.517381000311524],[-81.39246900011406,28.51737599993892],[-81.3925999996353,28.51737599993892],[-81.39288099984269,28.51736800013163]]]},"properties":{"block_id":"120950185002007","school_id":"sch_jones_high","kids_est":9,"class":"red","shortest":{"len_m":2654.5,"mean_c":37.48,"peak_c":38.2,"dose":165.3},"coolest":{"len_m":2670.5,"mean_c":36.77,"peak_c":38.2,"dose":139.3},"delta_mean_c":-0.71,"delta_dose_pct":-16,"distance_mi":1.23,"status_now":"walk","status_rec":"bus_eligible","reason":"Coolest route mean 36.8C exceeds threshold (110 C-min dose, actual 139).","safe_until_hour":"14:00"}},{"type":"Feature","geometry":{"type":"Polygon","coordinates":[[[-81.38875300036366,28.51466499980888],[-81.38875199964043,28.514613000108422],[-81.38875099981554,28.51446000037057],[-81.38875099981554,28.514408999882356],[-81.3887490001657,28.514278999872975],[-81.38874599979266,28.51389099988775],[-81.38874499996776,28.513762000138033],[-81.38874300031793,28.513576000257753],[-81.38873999994487,28.513018000227557],[-81.38873900011995,28.512832999942166],[-81.38847800000406,28.51283500017742],[-81.38769800002939,28.51284499977429],[-81.38743899956329,28.512849000244227],[-81.38739900027863,28.51292499967236],[-81.3873749999892,28.513006999741766],[-81.38735599972262,28.513136999740436],[-81.3873549998977,28.513149000327232],[-81.38735099969973,28.513267999692292],[-81.38735700044585,28.51367799964703],[-81.3873540000728,28.514005000251192],[-81.3873549998977,28.51409599964278],[-81.38735900009566,28.514412000190372],[-81.38735900009566,28.514421999637722],[-81.38735800027075,28.514462999887723],[-81.38735599972262,28.51462000002404],[-81.38735599972262,28.51467199972105],[-81.3876350002802,28.51467000031004],[-81.38847299998118,28.514665999909123],[-81.38875300036366,28.51466499980888]]]},"properties":{"block_id":"120950144001005","school_id":"sch_jones_high","kids_est":0,"class":"red","shortest":{"len_m":3451.3,"mean_c":37.37,"peak_c":38.2,"dose":209.5},"coolest":{"len_m":3469.7,"mean_c":36.69,"peak_c":38.2,"dose":177.5},"delta_mean_c":-0.68,"delta_dose_pct":-15,"distance_mi":1.527,"status_now":"walk","status_rec":"bus_eligible","reason":"Coolest route mean 36.7C exceeds threshold (110 C-min dose, actual 178).","safe_until_hour":"14:00"}},{"type":"Feature","geometry":{"type":"Polygon","coordinates":[[[-81.39078899961576,28.512821000108715],[-81.39078500031611,28.512643000314046],[-81.39078500031611,28.512632999908664],[-81.39078600014105,28.512444000041565],[-81.39078000029326,28.512069999790743],[-81.39077799974513,28.511882999957365],[-81.39033300040452,28.511897000150583],[-81.38999199992266,28.51190799996277],[-81.38900100006079,28.511916000184232],[-81.38874499996776,28.511918999773798],[-81.38868200021857,28.51190599970992],[-81.38862500031715,28.511878000113448],[-81.3885790002864,28.51183899990199],[-81.38830800012474,28.511990000033475],[-81.38813099967442,28.512089999917894],[-81.38798000006167,28.512190999831272],[-81.38788399980221,28.51227299968197],[-81.38780000013662,28.512366000022695],[-81.38762799970918,28.512604000385405],[-81.3875170002794,28.512757999776746],[-81.38747500044661,28.51280000000226],[-81.38743899956329,28.512849000244227],[-81.38769800002939,28.51284499977429],[-81.38847800000406,28.51283500017742],[-81.38873900011995,28.512832999942166],[-81.38914800037386,28.512828000143333],[-81.39003899977833,28.51281999999098],[-81.39037799971204,28.51281999999098],[-81.39078899961576,28.512821000108715]]]},"properties":{"block_id":"120950144001016","school_id":"sch_jones_high","kids_est":0,"class":"red","shortest":{"len_m":3555.0,"mean_c":37.35,"peak_c":38.2,"dose":214.8},"coolest":{"len_m":3573.4,"mean_c":36.69,"peak_c":38.2,"dose":182.8},"delta_mean_c":-0.66,"delta_dose_pct":-15,"distance_mi":1.577,"status_now":"walk","status_rec":"bus_eligible","reason":"Coolest route mean 36.7C exceeds threshold (110 C-min dose, actual 183).","safe_until_hour":"14:00"}},{"type":"Feature","geometry":{"type":"Polygon","coordinates":[[[-81.39077899957003,28.51170600028667],[-81.39078199994309,28.511408999650143],[-81.39077400044549,28.511175999625817],[-81.39077000024751,28.51103099992676],[-81.390754000354,28.511005000367938],[-81.39073199971435,28.51099100005638],[-81.39070199957715,28.510986000170185],[-81.39036199981851,28.51099300032652],[-81.3902470001908,28.510995999942345],[-81.38972499995896,28.511000999828067],[-81.38917299958992,28.511000999828067],[-81.3889800001444,28.511000999828067],[-81.38887200018935,28.51100799998341],[-81.38878099995276,28.511032000061466],[-81.38881600011285,28.511140999689506],[-81.38883200000639,28.511206999807776],[-81.3888549995726,28.51129800003473],[-81.38885899977056,28.511388000051866],[-81.38884600025008,28.511477999992213],[-81.38881500028793,28.511565000256212],[-81.3887680004323,28.51164500033584],[-81.3887130001807,28.51171599999057],[-81.3886910004394,28.511745999885896],[-81.38863299981475,28.511801999930874],[-81.3885790002864,28.51183899990199],[-81.38862500031715,28.511878000113448],[-81.38868200021857,28.51190599970992],[-81.38874499996776,28.511918999773798],[-81.38900100006079,28.511916000184232],[-81.38999199992266,28.51190799996277],[-81.39033300040452,28.511897000150583],[-81.39077799974513,28.511882999957365],[-81.39077899957003,28.51170600028667]]]},"properties":{"block_id":"120950144001021","school_id":"sch_jones_high","kids_est":0,"class":"red","shortest":{"len_m":3659.7,"mean_c":37.39,"peak_c":38.2,"dose":222.9},"coolest":{"len_m":3679.3,"mean_c":36.74,"peak_c":38.2,"dose":190.6},"delta_mean_c":-0.65,"delta_dose_pct":-14,"distance_mi":1.625,"status_now":"walk","status_rec":"bus_eligible","reason":"Coolest route mean 36.7C exceeds threshold (110 C-min dose, actual 191).","safe_until_hour":"12:00"}},{"type":"Feature","geometry":{"type":"Polygon","coordinates":[[[-81.38739900027863,28.51292499967236],[-81.38743899956329,28.512849000244227],[-81.38728999960038,28.512866999989093],[-81.3871299997668,28.51287899981729],[-81.38696699956019,28.512891999761248],[-81.38681699977236,28.51292200011147],[-81.38667299983231,28.51296900006411],[-81.38653800011309,28.51303300038583],[-81.38626899960128,28.513190000282815],[-81.38620500002718,28.51321499997842],[-81.38610399974483,28.513239000343642],[-81.38599900016284,28.513244000123034],[-81.3859680002007,28.513238000229876],[-81.3859680002007,28.513468000100385],[-81.38596999985053,28.514157999859837],[-81.38597099967544,28.514313000243057],[-81.38596900002563,28.514388000092087],[-81.3859670003758,28.51443799969866],[-81.38596400000274,28.514589000055874],[-81.38596400000274,28.51462599983865],[-81.38596099962969,28.51463999966769],[-81.38606199991203,28.51465899999656],[-81.38608500037657,28.514663999708638],[-81.38625500025589,28.514685000233307],[-81.3863690000587,28.514683000033166],[-81.38647299981577,28.514683000033166],[-81.38664900044118,28.514679999732923],[-81.3871790001706,28.514672999821215],[-81.38735599972262,28.51467199972105],[-81.38735599972262,28.51462000002404],[-81.38735800027075,28.514462999887723],[-81.38735900009566,28.514421999637722],[-81.38735900009566,28.514412000190372],[-81.3873549998977,28.51409599964278],[-81.3873540000728,28.514005000251192],[-81.38735700044585,28.51367799964703],[-81.38735099969973,28.513267999692292],[-81.3873549998977,28.513149000327232],[-81.38735599972262,28.513136999740436],[-81.3873749999892,28.513006999741766],[-81.38739900027863,28.51292499967236]]]},"properties":{"block_id":"120950144001004","school_id":"sch_jones_high","kids_est":5,"class":"red","shortest":{"len_m":3548.3,"mean_c":37.34,"peak_c":38.2,"dose":214.0},"coolest":{"len_m":3566.7,"mean_c":36.68,"peak_c":38.2,"dose":182.0},"delta_mean_c":-0.66,"delta_dose_pct":-15,"distance_mi":1.563,"status_now":"walk","status_rec":"bus_eligible","reason":"Coolest route mean 36.7C exceeds threshold (110 C-min dose, actual 182).","safe_until_hour":"14:00"}},{"type":"Feature","geometry":{"type":"Polygon","coordinates":[[[-81.39079600018678,28.513405000154826],[-81.39079500036186,28.513350999607724],[-81.39079399963865,28.513049999983746],[-81.39079100016392,28.512952999780254],[-81.39078899961576,28.512821000108715],[-81.39037799971204,28.51281999999098],[-81.39003899977833,28.51281999999098],[-81.38914800037386,28.512828000143333],[-81.38873900011995,28.512832999942166],[-81.38873999994487,28.513018000227557],[-81.38874300031793,28.513576000257753],[-81.38874499996776,28.513762000138033],[-81.38910200034312,28.513762000138033],[-81.38973800037776,28.513762000138033],[-81.39017600004567,28.51376599978381],[-81.39053400024596,28.513770000218877],[-81.39054599994152,28.513756000274277],[-81.39054500011663,28.513656000390775],[-81.39055699981218,28.513656000390775],[-81.39057299970571,28.5136550002809],[-81.3905850002996,28.513653000061232],[-81.3906000003682,28.513649999731676],[-81.39062600030746,28.513641000321098],[-81.39064899987369,28.51362700035944],[-81.39066599959213,28.51361200028564],[-81.3906980002775,28.51354800031526],[-81.3906990001024,28.513535999773804],[-81.3906980002775,28.513405000154826],[-81.39079600018678,28.513405000154826]]]},"properties":{"block_id":"120950144001027","school_id":"sch_jones_high","kids_est":9,"class":"red","shortest":{"len_m":3555.0,"mean_c":37.35,"peak_c":38.2,"dose":214.8},"coolest":{"len_m":3573.4,"mean_c":36.69,"peak_c":38.2,"dose":182.8},"delta_mean_c":-0.66,"delta_dose_pct":-15,"distance_mi":1.51,"status_now":"walk","status_rec":"bus_eligible","reason":"Coolest route mean 36.7C exceeds threshold (110 C-min dose, actual 183).","safe_until_hour":"14:00"}},{"type":"Feature","geometry":{"type":"Polygon","coordinates":[[[-81.38597099967544,28.514313000243057],[-81.38596999985053,28.514157999859837],[-81.3859680002007,28.513468000100385],[-81.3859680002007,28.513238000229876],[-81.38572899982611,28.513189000168577],[-81.38567000027487,28.51317700037565],[-81.38501999999654,28.51301599999581],[-81.38497300014087,28.51300500029918],[-81.38483099985065,28.512977000205105],[-81.38478099962195,28.51297800032135],[-81.38470700000208,28.512992999695935],[-81.38466099997133,28.51301299964808],[-81.38453600029787,28.51310700024068],[-81.3843909996346,28.513216000092402],[-81.38445500010701,28.513294000271966],[-81.38454100032074,28.513427000252875],[-81.38457700030575,28.513511000154356],[-81.38459300019926,28.51357700036831],[-81.38463300038224,28.51367299988826],[-81.38466599999421,28.513732000026696],[-81.38480999993425,28.51393800019794],[-81.3848900003002,28.514043000345],[-81.38501699962349,28.514171999751067],[-81.38511600025599,28.514251000117117],[-81.38522400021104,28.514323999803256],[-81.38544299959584,28.514452000342015],[-81.38551799993893,28.514489000172855],[-81.38567399957451,28.51455499977478],[-81.38583000010844,28.514607000293136],[-81.38596099962969,28.51463999966769],[-81.38596400000274,28.51462599983865],[-81.38596400000274,28.514589000055874],[-81.3859670003758,28.51443799969866],[-81.38596900002563,28.514388000092087],[-81.38597099967544,28.514313000243057]]]},"properties":{"block_id":"120950144001003","school_id":"sch_jones_high","kids_est":5,"class":"red","shortest":{"len_m":3741.8,"mean_c":37.29,"peak_c":38.2,"dose":223.4},"coolest":{"len_m":3760.2,"mean_c":36.67,"peak_c":38.2,"dose":191.4},"delta_mean_c":-0.62,"delta_dose_pct":-14,"distance_mi":1.615,"status_now":"walk","status_rec":"bus_eligible","reason":"Coolest route mean 36.7C exceeds threshold (110 C-min dose, actual 191).","safe_until_hour":"13:00"}},{"type":"Feature","geometry":{"type":"Polygon","coordinates":[[[-81.3848900003002,28.514043000345],[-81.38480999993425,28.51393800019794],[-81.38466599999421,28.513732000026696],[-81.38463300038224,28.51367299988826],[-81.38459300019926,28.51357700036831],[-81.38457700030575,28.513511000154356],[-81.38454100032074,28.513427000252875],[-81.38445500010701,28.513294000271966],[-81.3843909996346,28.513216000092402],[-81.38435100034994,28.513176000261296],[-81.3842850002277,28.513124999941525],[-81.38421499990751,28.51307699994309],[-81.38406500011968,28.512996000044193],[-81.38398599957866,28.512963000155306],[-81.3838199998973,28.512910999615666],[-81.38373399968357,28.512892999878297],[-81.38355999960629,28.51287299990337],[-81.38309299962606,28.51285700039432],[-81.38240300006306,28.51286900022371],[-81.38165800024848,28.512857999722385],[-81.38154199989754,28.512857999722385],[-81.38119399974298,28.51285999995712],[-81.38107900011525,28.512861000074473],[-81.38097000033531,28.512861000074473],[-81.38064499974699,28.512863000309153],[-81.38053699979197,28.512863999637172],[-81.38056299973121,28.512970000180434],[-81.38057899962476,28.51303999961695],[-81.38060700011215,28.513154000110884],[-81.38062600037873,28.513230000108614],[-81.38068099973201,28.51345699966154],[-81.38070699967128,28.513568000162202],[-81.38072599993785,28.513648999621804],[-81.38074699985424,28.51374499986552],[-81.38076100009795,28.513795999885428],[-81.38077799981639,28.513915000099136],[-81.38080600030378,28.514073000367805],[-81.38083200024305,28.514273000038685],[-81.38084700031168,28.51443099977096],[-81.38086499985502,28.51460399999072],[-81.38087400007585,28.51469300024418],[-81.38090099984004,28.51496199995936],[-81.38091000006087,28.515052000007287],[-81.38093900037317,28.515347999763478],[-81.38102899988654,28.51623600036184],[-81.38105900002378,28.516533000034606],[-81.38178000044721,28.51652700032855],[-81.38361999988074,28.51651199987795],[-81.38394600029399,28.51651800037419],[-81.38430899961884,28.51652500016336],[-81.38466799964404,28.516521999915454],[-81.38466000014644,28.516501999839438],[-81.38466500016929,28.516293999771023],[-81.3846640003444,28.516225000211715],[-81.38465900032152,28.515870000061078],[-81.38466000014644,28.515611999719738],[-81.38465299957542,28.515330999746617],[-81.38464699972765,28.51503299974923],[-81.38464599990273,28.5149929998179],[-81.38464500007781,28.51487600022774],[-81.38464500007781,28.514837000335483],[-81.38464400025289,28.514669000209835],[-81.38466000014644,28.514539999832976],[-81.38469299975839,28.51440799977967],[-81.38474200016218,28.51428100008076],[-81.38480699956119,28.514161000175005],[-81.3848900003002,28.514043000345]]]},"properties":{"block_id":"120950185003049","school_id":"sch_jones_high","kids_est":0,"class":"red","shortest":{"len_m":3980.2,"mean_c":37.23,"peak_c":38.2,"dose":234.2},"coolest":{"len_m":3998.6,"mean_c":36.65,"peak_c":38.2,"dose":202.2},"delta_mean_c":-0.58,"delta_dose_pct":-14,"distance_mi":1.654,"status_now":"walk","status_rec":"bus_eligible","reason":"Coolest route mean 36.6C exceeds threshold (110 C-min dose, actual 202).","safe_until_hour":"12:00"}},{"type":"Feature","geometry":{"type":"Polygon","coordinates":[[[-81.38105900002378,28.516533000034606],[-81.38102899988654,28.51623600036184],[-81.38093900037317,28.515347999763478],[-81.38091000006087,28.515052000007287],[-81.38090099984004,28.51496199995936],[-81.38087400007585,28.51469300024418],[-81.38086499985502,28.51460399999072],[-81.38081899982426,28.514605000091535],[-81.38068900012793,28.514607000293136],[-81.38040399972256,28.51461400020916],[-81.38016400042136,28.514618999923364],[-81.3799900003441,28.51462300032606],[-81.37997299972733,28.514665999909123],[-81.37995000016112,28.514689999944153],[-81.37991900019898,28.51470700006433],[-81.37988499986379,28.514715000073483],[-81.37951300031813,28.51471099967433],[-81.37922899973768,28.514708000164166],[-81.37855300041839,28.514718999683183],[-81.37816099988291,28.51474100029648],[-81.3779490001708,28.51474299970615],[-81.37742799976388,28.514749999613127],[-81.37736800038775,28.514749999613127],[-81.37719099993743,28.514750999712568],[-81.3771320003862,28.514751999811985],[-81.37697599985228,28.514751999811985],[-81.37651100042018,28.514755000110256],[-81.37635599971117,28.514756000209644],[-81.3763570004344,28.514950000368167],[-81.37635999990914,28.51553100018916],[-81.37636199955897,28.515725999801536],[-81.37635999990914,28.516575999628223],[-81.3774129996953,28.516573000171157],[-81.37954599993009,28.516550999940062],[-81.37984800005387,28.516549999857705],[-81.380392000027,28.516548999775324],[-81.38075600007507,28.516539999822783],[-81.3810120001681,28.516534000117126],[-81.38105900002378,28.516533000034606]]]},"properties":{"block_id":"120950185003050","school_id":"sch_jones_high","kids_est":20,"class":"red","shortest":{"len_m":4221.7,"mean_c":36.51,"peak_c":38.2,"dose":206.0},"coolest":{"len_m":4253.0,"mean_c":36.37,"peak_c":38.2,"dose":198.6},"delta_mean_c":-0.14,"delta_dose_pct":-4,"distance_mi":1.774,"status_now":"walk","status_rec":"bus_eligible","reason":"Coolest route mean 36.4C exceeds threshold (110 C-min dose, actual 199).","safe_until_hour":"14:00"}},{"type":"Feature","geometry":{"type":"Polygon","coordinates":[[[-81.3840450000282,28.50018400030294],[-81.38402800030975,28.50002100014067],[-81.38402599976162,28.500002000332994],[-81.38400900004318,28.499634000059373],[-81.38400700039337,28.499530000024066],[-81.38400599967012,28.49936699964108],[-81.38376800001875,28.4993639996946],[-81.38332299977984,28.49936600018523],[-81.38185599971689,28.499375000024138],[-81.38177000040147,28.49938200016148],[-81.38168500001265,28.499396999890287],[-81.38156199998902,28.49943599996469],[-81.38144900001112,28.4994920002285],[-81.38135799977451,28.4995560000425],[-81.38132699981237,28.499583999751565],[-81.38127999995672,28.499631000120516],[-81.38121700020753,28.499716999649664],[-81.38117000035186,28.49980400013933],[-81.38113799966648,28.499893999699243],[-81.38111900029823,28.499986999900724],[-81.38111400027536,28.500049999965157],[-81.3811109999023,28.50020700023774],[-81.38169699970824,28.500201999840442],[-81.38345800039735,28.500187999674132],[-81.3840450000282,28.50018400030294]]]},"properties":{"block_id":"120950144002017","school_id":"sch_jones_high","kids_est":5,"class":"red","shortest":{"len_m":6650.3,"mean_c":37.1,"peak_c":38.2,"dose":378.9},"coolest":{"len_m":6905.9,"mean_c":36.5,"peak_c":38.2,"dose":335.7},"delta_mean_c":-0.6,"delta_dose_pct":-11,"distance_mi":2.533,"status_now":"bus","status_rec":"bus_eligible","reason":"Coolest route mean 36.5C exceeds threshold (110 C-min dose, actual 336).","safe_until_hour":"11:00"}},{"type":"Feature","geometry":{"type":"Polygon","coordinates":[[[-81.38400599967012,28.49936699964108],[-81.38400499984522,28.499202000091532],[-81.38400200037049,28.49870699989499],[-81.38400099964727,28.498542000102965],[-81.38368500017808,28.49853699962678],[-81.38336499961264,28.498539000133068],[-81.38145599968382,28.498551000012153],[-81.38091799955846,28.49855500023468],[-81.38082100037239,28.498552000265164],[-81.38081899982426,28.49875200015232],[-81.38080299993074,28.498848999992685],[-81.3807729997935,28.498944000034776],[-81.38073000013581,28.499034999787142],[-81.3806730002344,28.499120000343794],[-81.38060399973911,28.499196999646603],[-81.38037799978329,28.49938999975395],[-81.38034199979829,28.499427000130982],[-81.3802790000491,28.499506999941698],[-81.38023100036854,28.499593999815023],[-81.38019899968316,28.49968799973367],[-81.38018399961454,28.499784000051264],[-81.38019100018556,28.5002149997677],[-81.3811109999023,28.50020700023774],[-81.38111400027536,28.500049999965157],[-81.38111900029823,28.499986999900724],[-81.38113799966648,28.499893999699243],[-81.38117000035186,28.49980400013933],[-81.38121700020753,28.499716999649664],[-81.38127999995672,28.499631000120516],[-81.38132699981237,28.499583999751565],[-81.38135799977451,28.4995560000425],[-81.38144900001112,28.4994920002285],[-81.38156199998902,28.49943599996469],[-81.38168500001265,28.499396999890287],[-81.38177000040147,28.49938200016148],[-81.38185599971689,28.499375000024138],[-81.38332299977984,28.49936600018523],[-81.38376800001875,28.4993639996946],[-81.38400599967012,28.49936699964108]]]},"properties":{"block_id":"120950144002016","school_id":"sch_jones_high","kids_est":15,"class":"red","shortest":{"len_m":6490.8,"mean_c":37.11,"peak_c":38.2,"dose":370.8},"coolest":{"len_m":6746.4,"mean_c":36.5,"peak_c":38.2,"dose":327.6},"delta_mean_c":-0.61,"delta_dose_pct":-12,"distance_mi":2.589,"status_now":"bus","status_rec":"bus_eligible","reason":"Coolest route mean 36.5C exceeds threshold (110 C-min dose, actual 328).","safe_until_hour":"11:00"}},{"type":"Feature","geometry":{"type":"Polygon","coordinates":[[[-81.39058699994942,28.496335000254973],[-81.39058699994942,28.49624600030317],[-81.39057799972858,28.495722000236263],[-81.39057500025385,28.495005000057684],[-81.39057400042893,28.494764000180137],[-81.39056600003302,28.49456200004886],[-81.39038100008509,28.494563000339667],[-81.38982700006622,28.49456800021464],[-81.3896429999432,28.494570000006668],[-81.38963600027051,28.49482400012904],[-81.38963799992032,28.494920999632164],[-81.38964399976811,28.495133000352023],[-81.38964200011829,28.495587000267637],[-81.38964799996607,28.495975999954773],[-81.38965200016402,28.496205000078398],[-81.3896429999432,28.496266000272268],[-81.38962100020188,28.496323000123926],[-81.38977400036278,28.49635200017512],[-81.38979699992899,28.49635899972351],[-81.38988899999049,28.49638900003831],[-81.38999799977043,28.496436999734833],[-81.3900999998777,28.496497000311656],[-81.39026999975701,28.49661500003072],[-81.39031999998572,28.496650000049126],[-81.39041600024518,28.49672100032151],[-81.39054299956848,28.496576999975023],[-81.39057500025385,28.49651799971597],[-81.39058699994942,28.496470000056302],[-81.39058699994942,28.496335000254973]]]},"properties":{"block_id":"120950144002012","school_id":"sch_jones_high","kids_est":3,"class":"red","shortest":{"len_m":4756.8,"mean_c":37.28,"peak_c":38.2,"dose":283.0},"coolest":{"len_m":4783.9,"mean_c":37.03,"peak_c":38.2,"dose":267.7},"delta_mean_c":-0.25,"delta_dose_pct":-5,"distance_mi":2.663,"status_now":"bus","status_rec":"bus_eligible","reason":"Coolest route mean 37.0C exceeds threshold (110 C-min dose, actual 268).","safe_until_hour":"11:00"}},{"type":"Feature","geometry":{"type":"Polygon","coordinates":[[[-81.3970500002279,28.51262499974158],[-81.39706000027365,28.5118220001089],[-81.39699400015141,28.511826999955463],[-81.39689200004416,28.511873999606692],[-81.39689600024214,28.51201100030127],[-81.3969509995954,28.512473999729824],[-81.3969640000142,28.512647000002318],[-81.39700900022004,28.51270700004422],[-81.3970219997405,28.512723999694682],[-81.3970219997405,28.51270700004422],[-81.3970500002279,28.51262499974158]]]},"properties":{"block_id":"120950185002032","school_id":"sch_jones_high","kids_est":0,"class":"red","shortest":{"len_m":2814.8,"mean_c":37.58,"peak_c":38.2,"dose":179.1},"coolest":{"len_m":2885.4,"mean_c":37.16,"peak_c":38.2,"dose":166.4},"delta_mean_c":-0.42,"delta_dose_pct":-7,"distance_mi":1.462,"status_now":"walk","status_rec":"bus_eligible","reason":"Coolest route mean 37.2C exceeds threshold (110 C-min dose, actual 166).","safe_until_hour":"14:00"}},{"type":"Feature","geometry":{"type":"Polygon","coordinates":[[[-81.39148400009995,28.499148000168553],[-81.3914809997269,28.49841899968827],[-81.39147499987912,28.497644999777737],[-81.39145700033578,28.495324000218865],[-81.39145099958968,28.49455100000715],[-81.39127300021276,28.494552999799495],[-81.39074299958502,28.49455899996582],[-81.39056600003302,28.49456200004886],[-81.39057400042893,28.494764000180137],[-81.39057500025385,28.495005000057684],[-81.39057799972858,28.495722000236263],[-81.39058699994942,28.49624600030317],[-81.39058699994942,28.496335000254973],[-81.39058699994942,28.496470000056302],[-81.39057500025385,28.49651799971597],[-81.39054299956848,28.496576999975023],[-81.39041600024518,28.49672100032151],[-81.39031999998572,28.496650000049126],[-81.39026999975701,28.49661500003072],[-81.3900999998777,28.496497000311656],[-81.38999799977043,28.496436999734833],[-81.38988899999049,28.49638900003831],[-81.38979699992899,28.49635899972351],[-81.38977400036278,28.49635200017512],[-81.38962100020188,28.496323000123926],[-81.38953300033835,28.49631599978368],[-81.38944299992667,28.49631599978368],[-81.38914699965066,28.496320000090925],[-81.38902899964988,28.496333999980944],[-81.38891400002215,28.49635899972351],[-81.38880299969406,28.49639600037372],[-81.38875099981554,28.496422999858513],[-81.3887209996783,28.496318000332053],[-81.3887130001807,28.49624600030317],[-81.3887130001807,28.496057999776895],[-81.3887130001807,28.495624999890307],[-81.38870300013495,28.4950330001847],[-81.38870300013495,28.49494899978143],[-81.38870300013495,28.494669000322887],[-81.38870700033291,28.494579999755747],[-81.3882699995916,28.494584000128793],[-81.38810100043551,28.494584999629918],[-81.38783399957352,28.494587999712206],[-81.38675800022114,28.494598000249084],[-81.38628600021804,28.494601999831964],[-81.38568100014552,28.49460799999548],[-81.38543199972518,28.494609999786757],[-81.38468699991061,28.49461900003125],[-81.38443900021349,28.494622000112557],[-81.38432299986253,28.494622000112557],[-81.38397800008104,28.494623999903563],[-81.38386299955498,28.494625000193825],[-81.3837639998208,28.494625000193825],[-81.38347099991782,28.49462699998478],[-81.38337300000855,28.494628000274965],[-81.38327799957398,28.494628000274965],[-81.38299499971676,28.494628999775685],[-81.38290100000545,28.494630000065857],[-81.38291100005118,28.495067999938243],[-81.38291400042424,28.49539100025151],[-81.38292299974674,28.49634400035236],[-81.38293100014268,28.49642499961539],[-81.38295299988397,28.496503999850386],[-81.38298600039425,28.496580000000684],[-81.38303200042502,28.496650000049126],[-81.38308900032642,28.496714000007703],[-81.38316700014423,28.496773999637544],[-81.38325500000776,28.496821999948434],[-81.38335000044233,28.496858000167297],[-81.38345000000143,28.496881000037533],[-81.3835529999336,28.496890000088342],[-81.38379499978294,28.4968859998027],[-81.3838550000574,28.496896000121815],[-81.38390899958574,28.496921999999707],[-81.38394200009603,28.496953999901375],[-81.38394999959364,28.496961999677918],[-81.38396499966225,28.49698599979334],[-81.38398099955577,28.49703899976575],[-81.3839889999517,28.49770599992879],[-81.38399099960151,28.497872999967846],[-81.38399800017253,28.49837400007837],[-81.38400099964727,28.498542000102965],[-81.38400200037049,28.49870699989499],[-81.38400499984522,28.499202000091532],[-81.38400599967012,28.49936699964108],[-81.38400700039337,28.499530000024066],[-81.38400900004318,28.499634000059373],[-81.38402599976162,28.500002000332994],[-81.38402800030975,28.50002100014067],[-81.3840450000282,28.50018400030294],[-81.3840819998381,28.500532000291123],[-81.38408699986098,28.500573999858172],[-81.38417300007471,28.501116999917315],[-81.38420999988463,28.501306000342197],[-81.38427600000688,28.501564000150207],[-81.38428199985466,28.501586000349448],[-81.38438300013699,28.501898000384497],[-81.38416200020406,28.50195700000402],[-81.38358200024591,28.50211300037779],[-81.38350500025302,28.502144000065314],[-81.38341999986422,28.502178999828885],[-81.38334200004641,28.502217000235714],[-81.38330000021361,28.50224300038151],[-81.38319700028146,28.502296000082048],[-81.38312399958821,28.502323999853502],[-81.38308000010558,28.50234100038775],[-81.38290299965527,28.50238400024095],[-81.38276600028622,28.502403999836226],[-81.38255200002598,28.502418999924906],[-81.38235899968214,28.502434000011466],[-81.38224300022951,28.50244300037814],[-81.38212699987854,28.50246199974629],[-81.38210099993928,28.502468000252378],[-81.38195799982414,28.502506999981232],[-81.38179700016566,28.502570000120002],[-81.38169500005841,28.50262100001685],[-81.38139799995749,28.5027960002958],[-81.38132199978949,28.5028410003883],[-81.38126099969016,28.502889999730375],[-81.38119899976586,28.502960000329868],[-81.38115000026038,28.503042000251316],[-81.38114299968936,28.50305899988048],[-81.38182399992984,28.50335699976129],[-81.38183099960253,28.5032800003363],[-81.38188000000633,28.50319700039084],[-81.38203599964194,28.503060000090755],[-81.38210500013723,28.503031999725188],[-81.38221100044244,28.50294999979598],[-81.38225400010015,28.50293300014926],[-81.38231000017666,28.50293300014926],[-81.3824909999266,28.502960999751675],[-81.38262800019396,28.502966000018223],[-81.38285199960164,28.50294500031808],[-81.38290699985322,28.502934999782777],[-81.38310799969467,28.502900999692315],[-81.38346300042024,28.502791000021197],[-81.38374899975219,28.50263700028899],[-81.38386199973009,28.502608999811144],[-81.38455899986408,28.50254900034108],[-81.38488899957697,28.502439000303],[-81.38517599963215,28.502395000255653],[-81.3853630001282,28.502323999853502],[-81.38540599978592,28.502296000082048],[-81.38548699997676,28.502207999849748],[-81.38551899976382,28.50213700011119],[-81.38553700020549,28.50203199995442],[-81.3855749998403,28.501916999850774],[-81.38565600003118,28.50182900009183],[-81.38577400003196,28.501767999955714],[-81.38626000027875,28.50161400030928],[-81.3864030003939,28.50154300017108],[-81.3865160003718,28.501438000212634],[-81.38654700033393,28.501295000213975],[-81.3865530001817,28.501174000306676],[-81.38652200021957,28.501091999722988],[-81.38640400021879,28.501008999635307],[-81.38609200004926,28.500958999978966],[-81.38592399981978,28.500903999934945],[-81.38581199966677,28.500800000361824],[-81.38576800018416,28.500694999664066],[-81.3857499997425,28.50050800019267],[-81.38578099970464,28.50045299991357],[-81.38579400012343,28.500331999830195],[-81.38572499962815,28.500266000013312],[-81.38574399989473,28.50009000003666],[-81.38564500016052,28.4999980001653],[-81.38555800012189,28.49993200013952],[-81.3854829997788,28.4997559996058],[-81.38546500023547,28.499635000302142],[-81.38545199981667,28.499441999853403],[-81.38547699993103,28.49934300006709],[-81.38577599968178,28.499139000310283],[-81.3859820004444,28.49906200017571],[-81.38613800008002,28.499046000150937],[-81.38632499967777,28.499068000085696],[-81.3864119997164,28.49905699972415],[-81.38644900042465,28.499062999634432],[-81.38651200017384,28.499024000211627],[-81.38659900021246,28.499008000181117],[-81.38685399958229,28.498908999987652],[-81.38692899992535,28.498865000047314],[-81.38696599973527,28.4988210000886],[-81.38699800042063,28.49875999979257],[-81.38699800042063,28.49869999971288],[-81.38696599973527,28.49864999975198],[-81.38691700022979,28.49862799973009],[-81.38682900036623,28.498617000112183],[-81.38671700021324,28.498589999609763],[-81.38669899977158,28.498528999969636],[-81.38669899977158,28.49845200017944],[-81.38676499989381,28.49834100035228],[-81.38688600026765,28.498143999667413],[-81.38699800042063,28.498060999629427],[-81.38744000028652,28.498045000242385],[-81.38757099980776,28.49802300009439],[-81.38764600015084,28.49802300009439],[-81.38771999977068,28.498073000352353],[-81.38778900026597,28.498143999667413],[-81.38790700026675,28.49821599998041],[-81.38801299967365,28.49825400023545],[-81.38811300013109,28.498276000335277],[-81.38818099990313,28.498276000335277],[-81.38833099969096,28.49822099968235],[-81.3885240000348,28.498094999700463],[-81.38858599995908,28.497978999784618],[-81.38866700014995,28.4977590003291],[-81.3887419995947,28.49734700034476],[-81.3888050002422,28.497153999659034],[-81.38886700016648,28.497061000118865],[-81.3890229998021,28.496961999677918],[-81.3891779996128,28.496900999886268],[-81.38931599970505,28.49686799969958],[-81.38955199970661,28.496896000121815],[-81.38977299963955,28.496947000392478],[-81.38978900043139,28.49695099988634],[-81.38994400024208,28.49705000033762],[-81.3901500001064,28.497148999906564],[-81.39046800012372,28.497368999844216],[-81.3906980002775,28.497578000386536],[-81.39085999976088,28.497810000182692],[-81.39088499987524,28.49786999997894],[-81.39088499987524,28.497963999854264],[-81.39098399960943,28.498574999766213],[-81.39108400006688,28.49880000035305],[-81.3912830002585,28.499037000284],[-81.39145099958968,28.499136000357357],[-81.39148400009995,28.499148000168553]]]},"properties":{"block_id":"120950144002010","school_id":"sch_jones_high","kids_est":29,"class":"red","shortest":{"len_m":6894.6,"mean_c":37.09,"peak_c":38.2,"dose":392.3},"coolest":{"len_m":7150.2,"mean_c":36.51,"peak_c":38.2,"dose":349.1},"delta_mean_c":-0.58,"delta_dose_pct":-11,"distance_mi":2.592,"status_now":"bus","status_rec":"bus_eligible","reason":"Coolest route mean 36.5C exceeds threshold (110 C-min dose, actual 349).","safe_until_hour":"11:00"}},{"type":"Feature","geometry":{"type":"Polygon","coordinates":[[[-81.40113300039941,28.509682999962443],[-81.40113500004924,28.509321999778187],[-81.40029300015027,28.50934500008917],[-81.40009899998152,28.50935000005316],[-81.39950099958172,28.509406999941508],[-81.39913599970875,28.509457999690852],[-81.3989859999209,28.50949699999334],[-81.39865000036025,28.509567000156025],[-81.39831700027432,28.509648000320066],[-81.39798800038635,28.50973999967085],[-81.39757199956142,28.50987300018638],[-81.39735099962849,28.509951999825585],[-81.39703599998423,28.510065999710328],[-81.39704299965689,28.510279000141107],[-81.39704699985488,28.510560000155156],[-81.39704699985488,28.5111040002629],[-81.39705100005283,28.51128899963415],[-81.39705900044875,28.51132099991485],[-81.39719499999286,28.511277999757397],[-81.39731399981855,28.51123799998068],[-81.39739099981146,28.511210000206884],[-81.39754999982011,28.511151000236293],[-81.39776300025544,28.511063000285805],[-81.3977819996237,28.51105600013405],[-81.39800799957952,28.51095200030628],[-81.39823000023567,28.510838999936915],[-81.3983380001907,28.510778999621763],[-81.39852999981133,28.510681999697802],[-81.39884500035392,28.51054400029524],[-81.39900799966222,28.510472999851526],[-81.39920699985386,28.51037300001278],[-81.39951800019847,28.510219999649745],[-81.39989599959193,28.51004599998874],[-81.40037799964078,28.50986499980995],[-81.40074599988682,28.509760000239865],[-81.40104399981264,28.50969600030026],[-81.40113300039941,28.509682999962443]]]},"properties":{"block_id":"120950116001039","school_id":"sch_jones_high","kids_est":0,"class":"red","shortest":{"len_m":2746.5,"mean_c":37.65,"peak_c":38.2,"dose":177.3},"coolest":{"len_m":2750.7,"mean_c":37.58,"peak_c":38.2,"dose":175.1},"delta_mean_c":-0.07,"delta_dose_pct":-1,"distance_mi":1.596,"status_now":"walk","status_rec":"bus_eligible","reason":"Coolest route mean 37.6C exceeds threshold (110 C-min dose, actual 175).","safe_until_hour":"14:00"}},{"type":"Feature","geometry":{"type":"Polygon","coordinates":[[[-81.37749899990902,28.501042000105983],[-81.37762799978044,28.50103699974825],[-81.37746799994686,28.500371000348498],[-81.37738699975601,28.50003400009019],[-81.37733800025052,28.499834000264304],[-81.37730399991534,28.499690999670882],[-81.3770689997387,28.498714000076614],[-81.37705700004314,28.49866500037431],[-81.37698699972294,28.498372999823683],[-81.37697500002736,28.498322999707867],[-81.37695400011097,28.498322999707867],[-81.37689200018669,28.498322999707867],[-81.3768720000952,28.498322999707867],[-81.37607899970173,28.498334999611505],[-81.37595200037845,28.498331999635727],[-81.3759630002491,28.498365999619413],[-81.37596999992178,28.498388999950496],[-81.37597599976958,28.498405000074843],[-81.37598800036345,28.498459999842435],[-81.37599400021124,28.49848499987084],[-81.37600099988394,28.49851700008806],[-81.37602199980033,28.498612999891982],[-81.37602900037133,28.498646000322506],[-81.3760839997246,28.49889700014929],[-81.37613099958027,28.499173000034002],[-81.37616400009055,28.49945499987427],[-81.37617800033425,28.49966299999024],[-81.37618300035712,28.499737999992217],[-81.37618800038,28.499920999868046],[-81.37633399996986,28.49992399979867],[-81.37655900010077,28.499923000348115],[-81.37655900010077,28.500049999965157],[-81.37656199957549,28.500308999922606],[-81.37629999963467,28.500310000158976],[-81.37619000002982,28.50031300007852],[-81.37619000002982,28.500411999744266],[-81.37619099985473,28.500494000066922],[-81.37619099985473,28.500512999786014],[-81.37619099985473,28.500572999624335],[-81.37619099985473,28.50059300035233],[-81.37619199967965,28.500745000234918],[-81.37619400022778,28.50093900010981],[-81.37620199972538,28.501201000147958],[-81.37620699974825,28.501354000170675],[-81.37620699974825,28.501365000292722],[-81.37620799957317,28.501383999854976],[-81.37621299959605,28.50147499987157],[-81.37621500014417,28.50150599974653],[-81.376224000365,28.501675999968406],[-81.37622600001482,28.501726000074438],[-81.37634700038866,28.501721999972084],[-81.3764439995747,28.50172300019503],[-81.37694499989014,28.50171799986958],[-81.37693999986728,28.50106199995561],[-81.37701799968508,28.501060999726402],[-81.37749899990902,28.501042000105983]]]},"properties":{"block_id":"120950139001024","school_id":"sch_jones_high","kids_est":0,"class":"red","shortest":{"len_m":5948.8,"mean_c":37.14,"peak_c":38.2,"dose":341.8},"coolest":{"len_m":6204.4,"mean_c":36.47,"peak_c":38.2,"dose":298.6},"delta_mean_c":-0.67,"delta_dose_pct":-13,"distance_mi":2.69,"status_now":"bus","status_rec":"bus_eligible","reason":"Coolest route mean 36.5C exceeds threshold (110 C-min dose, actual 299).","safe_until_hour":"11:00"}},{"type":"Feature","geometry":{"type":"Polygon","coordinates":[[[-81.40535299993995,28.53680700005874],[-81.40534700009216,28.536714999860774],[-81.40534500044235,28.536676000155698],[-81.40534500044235,28.53644000025676],[-81.40534399971912,28.536422999695237],[-81.4046669996766,28.536062000307094],[-81.40406499997715,28.535839000093244],[-81.40353900044568,28.53565199980142],[-81.4029629997872,28.535499999720642],[-81.40253799963975,28.535420000379222],[-81.4018220001375,28.535300000069395],[-81.40136199982996,28.535251999907228],[-81.40136199982996,28.535290000234706],[-81.40136299965486,28.535655000294025],[-81.40198299979598,28.535683999790518],[-81.4022020000791,28.535704000173343],[-81.40228900011772,28.535712000167575],[-81.40266900005933,28.535767000210118],[-81.40294900044181,28.53582400002302],[-81.40322599955292,28.53589300017063],[-81.40349900026271,28.535972999942125],[-81.40372900041649,28.53605099985811],[-81.40400499970269,28.536157999871588],[-81.40427500003945,28.53627600020297],[-81.4045960004298,28.5364429999378],[-81.40509299964896,28.53670400026915],[-81.40523400011425,28.53676699970802],[-81.40535299993995,28.53680700005874]]]},"properties":{"block_id":"120950183003046","school_id":"sch_jones_high","kids_est":0,"class":"green","shortest":{"len_m":480.6,"mean_c":38.19,"peak_c":38.2,"dose":34.7},"coolest":{"len_m":480.6,"mean_c":38.19,"peak_c":38.2,"dose":34.7},"delta_mean_c":0.0,"delta_dose_pct":0,"distance_mi":0.273,"status_now":"walk","status_rec":"walk","reason":"Shortest route already under threshold (dose 35).","safe_until_hour":null}},{"type":"Feature","geometry":{"type":"Polygon","coordinates":[[[-81.40136299965486,28.535655000294025],[-81.40136199982996,28.535290000234706],[-81.40136199982996,28.535251999907228],[-81.40076099995541,28.535228999723145],[-81.4002100003096,28.53525299981217],[-81.39956500005412,28.535243999878062],[-81.39880799964568,28.53524700038237],[-81.39739800038245,28.535261999745515],[-81.39729600027522,28.53525800012601],[-81.39725600009224,28.535256000316224],[-81.39727000033594,28.53557099988428],[-81.39727000033594,28.53560100009472],[-81.39751700020815,28.53560399979959],[-81.39808200009766,28.535615000295177],[-81.39923899964091,28.535626999901826],[-81.4005629995887,28.535641000098884],[-81.40069099963523,28.53564299990138],[-81.40109999988914,28.53565400039291],[-81.40136299965486,28.535655000294025]]]},"properties":{"block_id":"120950183003047","school_id":"sch_jones_high","kids_est":0,"class":"green","shortest":{"len_m":561.1,"mean_c":38.28,"peak_c":38.4,"dose":41.0},"coolest":{"len_m":561.1,"mean_c":38.28,"peak_c":38.4,"dose":41.0},"delta_mean_c":0.0,"delta_dose_pct":0,"distance_mi":0.149,"status_now":"walk","status_rec":"walk","reason":"Shortest route already under threshold (dose 41).","safe_until_hour":null}},{"type":"Feature","geometry":{"type":"Polygon","coordinates":[[[-81.39727000033594,28.53560100009472],[-81.39727000033594,28.53557099988428],[-81.39725600009224,28.535256000316224],[-81.39709899973342,28.53525100000227],[-81.3970999995583,28.535547999769825],[-81.3970999995583,28.53560100009472],[-81.39719300034305,28.53560100009472],[-81.39727000033594,28.53560100009472]]]},"properties":{"block_id":"120950105001051","school_id":"sch_jones_high","kids_est":0,"class":"green","shortest":{"len_m":749.2,"mean_c":38.32,"peak_c":38.6,"dose":55.1},"coolest":{"len_m":749.2,"mean_c":38.32,"peak_c":38.6,"dose":55.1},"delta_mean_c":0.0,"delta_dose_pct":0,"distance_mi":0.222,"status_now":"walk","status_rec":"walk","reason":"Shortest route already under threshold (dose 55).","safe_until_hour":null}},{"type":"Feature","geometry":{"type":"Polygon","coordinates":[[[-81.3970999995583,28.53560100009472],[-81.3970999995583,28.535547999769825],[-81.39709899973342,28.53525100000227],[-81.39673499968534,28.53523799965854],[-81.39578099963337,28.535256000316224],[-81.39378600038916,28.53525100000227],[-81.39321700030166,28.535250000097314],[-81.39309599992785,28.535254999622094],[-81.39310000012581,28.535593999993768],[-81.39323200037029,28.535593999993768],[-81.39363099968014,28.535593999993768],[-81.39376399974952,28.535593999993768],[-81.39390100001688,28.535594999895466],[-81.39431199992062,28.53559800038971],[-81.39445000001288,28.535600000193032],[-81.39458800010514,28.53560100009472],[-81.39500200038192,28.5356049997012],[-81.39514100029909,28.53560700029359],[-81.39527699984322,28.535608000195165],[-81.39565900033297,28.535612999702963],[-81.39568799974695,28.535612999702963],[-81.39582500001431,28.535617999999662],[-81.39596099955843,28.535619999802655],[-81.39611999956709,28.535624000197608],[-81.39633399982733,28.535619999802655],[-81.39636999981235,28.53561700009818],[-81.3965070000797,28.535606000392008],[-81.3970999995583,28.53560100009472]]]},"properties":{"block_id":"120950105001052","school_id":"sch_jones_high","kids_est":0,"class":"green","shortest":{"len_m":956.8,"mean_c":38.38,"peak_c":38.6,"dose":71.2},"coolest":{"len_m":956.8,"mean_c":38.38,"peak_c":38.6,"dose":71.2},"delta_mean_c":0.0,"delta_dose_pct":0,"distance_mi":0.327,"status_now":"walk","status_rec":"walk","reason":"Shortest route already under threshold (dose 71).","safe_until_hour":null}},{"type":"Feature","geometry":{"type":"Polygon","coordinates":[[[-81.38895500003002,28.53528799963631],[-81.3889530003802,28.53521299966072],[-81.38895099983206,28.535116000118183],[-81.3878469999923,28.53509599962373],[-81.38781100000729,28.5350949997173],[-81.3877569995806,28.5350949997173],[-81.38585799969754,28.53511299961021],[-81.38512700012666,28.535120999649312],[-81.38483599987353,28.535100999945026],[-81.38483599987353,28.53515800011821],[-81.38483500004861,28.535216000165843],[-81.3848340002237,28.535297000355875],[-81.38570600025989,28.53527899970519],[-81.38741699982198,28.53527200037205],[-81.38775800030383,28.535275000086344],[-81.38781100000729,28.53527599999107],[-81.3878469999923,28.53527599999107],[-81.38895500003002,28.53528799963631]]]},"properties":{"block_id":"120950105001055","school_id":"sch_jones_high","kids_est":0,"class":"red","shortest":{"len_m":1688.2,"mean_c":38.14,"peak_c":38.4,"dose":120.4},"coolest":{"len_m":1688.2,"mean_c":38.14,"peak_c":38.4,"dose":120.4},"delta_mean_c":0.0,"delta_dose_pct":0,"distance_mi":0.803,"status_now":"walk","status_rec":"bus_eligible","reason":"Coolest route mean 38.1C exceeds threshold (110 C-min dose, actual 120).","safe_until_hour":"14:00"}},{"type":"Feature","geometry":{"type":"Polygon","coordinates":[[[-81.39309599992785,28.535201000006932],[-81.39309599992785,28.535080000330325],[-81.3925159999697,28.535093999810854],[-81.39182300003365,28.5350949997173],[-81.39103399983817,28.53510700017237],[-81.39077199989732,28.535110999797652],[-81.39046499975068,28.535116000118183],[-81.38895099983206,28.535116000118183],[-81.3889530003802,28.53521299966072],[-81.38895500003002,28.53528799963631],[-81.3898670002492,28.535298000260386],[-81.39066499976721,28.53528900033012],[-81.39103300001324,28.53528599982707],[-81.39146900003134,28.535282000208444],[-81.3929369999192,28.535261999745515],[-81.39309599992785,28.535254999622094],[-81.39309599992785,28.535201000006932]]]},"properties":{"block_id":"120950105001054","school_id":"sch_jones_high","kids_est":0,"class":"green","shortest":{"len_m":1360.1,"mean_c":38.4,"peak_c":38.6,"dose":101.9},"coolest":{"len_m":1361.9,"mean_c":38.34,"peak_c":38.5,"dose":100.9},"delta_mean_c":-0.06,"delta_dose_pct":-1,"distance_mi":0.557,"status_now":"walk","status_rec":"walk","reason":"Shortest route already under threshold (dose 102).","safe_until_hour":null}},{"type":"Feature","geometry":{"type":"Polygon","coordinates":[[[-81.37635999990914,28.516575999628223],[-81.37636199955897,28.515725999801536],[-81.3755620003911,28.51572200023003],[-81.37496300016639,28.51573200034251],[-81.37436499976658,28.515735999913645],[-81.37436499976658,28.51659599969021],[-81.37480499998266,28.516588999905746],[-81.37532399984141,28.51658799982375],[-81.37562500014029,28.51659100006973],[-81.37590499962445,28.516569999924613],[-81.37614399999906,28.516576999710335],[-81.37635999990914,28.516575999628223]]]},"properties":{"block_id":"120950113003027","school_id":"sch_jones_high","kids_est":3,"class":"red","shortest":{"len_m":4417.5,"mean_c":36.54,"peak_c":38.2,"dose":218.1},"coolest":{"len_m":4478.0,"mean_c":36.35,"peak_c":38.2,"dose":207.5},"delta_mean_c":-0.19,"delta_dose_pct":-5,"distance_mi":1.904,"status_now":"walk","status_rec":"bus_eligible","reason":"Coolest route mean 36.4C exceeds threshold (110 C-min dose, actual 208).","safe_until_hour":"13:00"}},{"type":"Feature","geometry":{"type":"Polygon","coordinates":[[[-81.37743199996187,28.512910999615666],[-81.37743299978676,28.512893999995345],[-81.37740099999971,28.512893999995345],[-81.37730599956517,28.51289500011238],[-81.37727499960302,28.512896000229404],[-81.37726000043273,28.512896000229404],[-81.37721500022688,28.512896000229404],[-81.37720099998319,28.512897000346413],[-81.37715099975445,28.512897000346413],[-81.37700199979155,28.51289899979111],[-81.37695300028606,28.51289999990808],[-81.37682500023953,28.512901000025064],[-81.37653300016149,28.51290599982047],[-81.3764419999249,28.512908000054303],[-81.37631499970328,28.512911999732523],[-81.37631999972616,28.513102999780543],[-81.37633300014495,28.513508999931965],[-81.37633499979476,28.51367600021718],[-81.37633800016782,28.513867999778757],[-81.37649200015362,28.513867999778757],[-81.37695400011097,28.51386999999434],[-81.37697199965433,28.513871000102117],[-81.37710899992167,28.513868999886558],[-81.37717000002102,28.513867999778757],[-81.37735599979388,28.51386500024462],[-81.37741799971815,28.51386500024462],[-81.37741600006834,28.51367000034858],[-81.3774129996953,28.513265000141093],[-81.37742199991611,28.513087999632216],[-81.37743199996187,28.512910999615666]]]},"properties":{"block_id":"120950185003055","school_id":"sch_jones_high","kids_est":0,"class":"red","shortest":{"len_m":4622.4,"mean_c":36.5,"peak_c":38.2,"dose":224.8},"coolest":{"len_m":4653.7,"mean_c":36.37,"peak_c":38.2,"dose":217.4},"delta_mean_c":-0.13,"delta_dose_pct":-3,"distance_mi":1.961,"status_now":"walk","status_rec":"bus_eligible","reason":"Coolest route mean 36.4C exceeds threshold (110 C-min dose, actual 217).","safe_until_hour":"12:00"}},{"type":"Feature","geometry":{"type":"Polygon","coordinates":[[[-81.37966200028104,28.50924799963594],[-81.37963999964141,28.509158000161023],[-81.3795609999987,28.508824000017494],[-81.37953900025738,28.50869500038566],[-81.37951800034098,28.508494999610367],[-81.37940100016513,28.508006999947956],[-81.37925300002713,28.50738300035191],[-81.37900899962966,28.506407999711705],[-81.37851999990811,28.504360000198997],[-81.37850700038763,28.504305999757957],[-81.37828200025672,28.50336200000905],[-81.37825999961711,28.503295999719093],[-81.37823200002802,28.503192000135247],[-81.37821399958636,28.503141999934495],[-81.37820199989079,28.503114999800435],[-81.37818900037033,28.50307900013723],[-81.3781740003017,28.50303800019886],[-81.37814499998939,28.502952000218595],[-81.37804200005723,28.502641000356622],[-81.37801600011795,28.50257100033492],[-81.37797099991212,28.502446000237065],[-81.37800100004934,28.502571999760402],[-81.3780909995627,28.502952000218595],[-81.37811200037743,28.50303800019886],[-81.37812300024808,28.50307900013723],[-81.37799299965342,28.50308000034734],[-81.37777599991844,28.503081999978072],[-81.37681099999584,28.50309199971003],[-81.376737000376,28.50309299992],[-81.37639099987126,28.503099999810694],[-81.37639099987126,28.503268000205555],[-81.37639099987126,28.503597000335557],[-81.37639099987126,28.503771999785172],[-81.37639099987126,28.50382599971011],[-81.37627700006846,28.503822999890446],[-81.37627500041863,28.50389400007334],[-81.37627399969539,28.503915999786745],[-81.37627200004557,28.504108999946613],[-81.37627100022067,28.5041810001367],[-81.37626899967253,28.504253999687183],[-81.3762660001978,28.504476999612532],[-81.3762650003729,28.50455099994383],[-81.37626399964965,28.504609000252525],[-81.37626299982476,28.504666999739932],[-81.37626100017494,28.504738000144272],[-81.37625699997697,28.505078000161927],[-81.37625500032715,28.505203000299286],[-81.37625399960392,28.505240999617005],[-81.376252999779,28.505300999924483],[-81.37625100012917,28.505488999772304],[-81.37624799975615,28.505626000076017],[-81.37624199990836,28.506039999676485],[-81.37624100008344,28.506139000284108],[-81.37624100008344,28.506178000234822],[-81.37624000025853,28.506269000063764],[-81.37624000025853,28.506292999641254],[-81.37657099979631,28.506285999962397],[-81.37707100028685,28.506284999782704],[-81.37707399976156,28.507078000375298],[-81.37706600026397,28.507155000186017],[-81.37706500043906,28.50723199994054],[-81.3770699995636,28.507308999638845],[-81.37708299998239,28.50738499990108],[-81.37710200024898,28.507461000108563],[-81.37712800018824,28.50753399975772],[-81.37715999997529,28.50760599997862],[-81.37764000037431,28.508048999697113],[-81.37764200002414,28.50869300007191],[-81.37759599999339,28.509285999864797],[-81.37950699957203,28.509279999746468],[-81.37959199996084,28.509279999746468],[-81.37966200028104,28.50924799963594]]]},"properties":{"block_id":"120950139001019","school_id":"sch_jones_high","kids_est":5,"class":"red","shortest":{"len_m":5075.1,"mean_c":37.18,"peak_c":38.2,"dose":294.7},"coolest":{"len_m":5093.5,"mean_c":36.72,"peak_c":38.2,"dose":262.7},"delta_mean_c":-0.46,"delta_dose_pct":-11,"distance_mi":2.302,"status_now":"bus","status_rec":"bus_eligible","reason":"Coolest route mean 36.7C exceeds threshold (110 C-min dose, actual 263).","safe_until_hour":"11:00"}},{"type":"Feature","geometry":{"type":"Polygon","coordinates":[[[-81.37530499957484,28.50383300034159],[-81.37529700007723,28.50365199976531],[-81.37529600025233,28.503559999841862],[-81.37529200005437,28.502740999630426],[-81.37529200005437,28.502711000331885],[-81.37529999955198,28.502468999678854],[-81.37511399977912,28.502471000110614],[-81.37455599956229,28.50247900025835],[-81.37437099961436,28.50248200011623],[-81.3743659995915,28.502747000120664],[-81.37435999974373,28.50316300038484],[-81.3743589999188,28.503243999939986],[-81.37435800009389,28.503543999709667],[-81.37435800009389,28.503720999655254],[-81.3743659995915,28.503771999785172],[-81.37438700040622,28.503802999774695],[-81.37439800027687,28.503810999821443],[-81.37443500008678,28.50382500029651],[-81.37456599960805,28.50382699991312],[-81.37477800021847,28.50383099993568],[-81.3751199996269,28.50383200013863],[-81.37530499957484,28.50383300034159]]]},"properties":{"block_id":"120950139001015","school_id":"sch_jones_high","kids_est":3,"class":"red","shortest":{"len_m":5647.3,"mean_c":37.15,"peak_c":38.2,"dose":325.8},"coolest":{"len_m":5894.5,"mean_c":36.45,"peak_c":38.2,"dose":282.2},"delta_mean_c":-0.7,"delta_dose_pct":-13,"distance_mi":2.574,"status_now":"bus","status_rec":"bus_eligible","reason":"Coolest route mean 36.5C exceeds threshold (110 C-min dose, actual 282).","safe_until_hour":"11:00"}},{"type":"Feature","geometry":{"type":"Polygon","coordinates":[[[-81.37628700011419,28.503184000041554],[-81.37628499956605,28.503102000230484],[-81.37628000044151,28.502971999706208],[-81.37626700002271,28.502582000330143],[-81.37626299982476,28.502453000170657],[-81.3761399998011,28.50245499981327],[-81.37607000037922,28.5024570002453],[-81.3756879998895,28.502465000394107],[-81.3754920000709,28.502467000036493],[-81.37529999955198,28.502468999678854],[-81.37529200005437,28.502711000331885],[-81.37529200005437,28.502740999630426],[-81.37529600025233,28.503559999841862],[-81.37529700007723,28.50365199976531],[-81.37530499957484,28.50383300034159],[-81.3754989997436,28.50383200013863],[-81.37572200022468,28.50383200013863],[-81.37608200007479,28.50382599971011],[-81.37627700006846,28.503822999890446],[-81.37627899971827,28.503678000346955],[-81.37628000044151,28.503601000366803],[-81.37628499956605,28.503246000357016],[-81.37628700011419,28.503184000041554]]]},"properties":{"block_id":"120950139001022","school_id":"sch_jones_high","kids_est":0,"class":"red","shortest":{"len_m":5613.2,"mean_c":37.15,"peak_c":38.2,"dose":323.8},"coolest":{"len_m":5862.4,"mean_c":36.45,"peak_c":38.2,"dose":280.4},"delta_mean_c":-0.7,"delta_dose_pct":-13,"distance_mi":2.541,"status_now":"bus","status_rec":"bus_eligible","reason":"Coolest route mean 36.5C exceeds threshold (110 C-min dose, actual 280).","safe_until_hour":"11:00"}},{"type":"Feature","geometry":{"type":"Polygon","coordinates":[[[-81.37851300023542,28.49983100033115],[-81.37850499983949,28.499802999898176],[-81.37849999981663,28.499782999809906],[-81.37846300000669,28.49959799999805],[-81.37841000030325,28.49938200016148],[-81.3783779996179,28.499248999841154],[-81.37835599987659,28.499157000026063],[-81.37835300040186,28.499110000235437],[-81.37836300044759,28.49901800029917],[-81.37839299968651,28.498929000241553],[-81.37841000030325,28.49889599989954],[-81.37800000022443,28.498717000041548],[-81.37714300025685,28.498717000041548],[-81.3770689997387,28.498714000076614],[-81.37730399991534,28.499690999670882],[-81.37733800025052,28.499834000264304],[-81.37741199987038,28.499834999715713],[-81.37796199969128,28.499834000264304],[-81.37841199995307,28.499831999782582],[-81.37851300023542,28.49983100033115]]]},"properties":{"block_id":"120950144002020","school_id":"sch_jones_high","kids_est":0,"class":"red","shortest":{"len_m":6300.1,"mean_c":37.13,"peak_c":38.2,"dose":360.7},"coolest":{"len_m":6555.7,"mean_c":36.5,"peak_c":38.2,"dose":317.5},"delta_mean_c":-0.63,"delta_dose_pct":-12,"distance_mi":2.699,"status_now":"bus","status_rec":"bus_eligible","reason":"Coolest route mean 36.5C exceeds threshold (110 C-min dose, actual 318).","safe_until_hour":"11:00"}},{"type":"Feature","geometry":{"type":"Polygon","coordinates":[[[-81.37173799978736,28.50660100004935],[-81.37170299962727,28.506540000303925],[-81.37168000006106,28.506470999889377],[-81.37167800041122,28.50635599988756],[-81.3716690001904,28.505582999965252],[-81.37166599981735,28.50532599991097],[-81.37134100012734,28.505328000288532],[-81.37114399958554,28.50532999987666],[-81.3710149997141,28.505316000390735],[-81.37070300044289,28.505249999744247],[-81.37061999970389,28.505240000216816],[-81.37049500003043,28.505240999617005],[-81.37037700002965,28.505257000281244],[-81.3700640000352,28.50534199977288],[-81.37012000011171,28.505504000211804],[-81.37028999999102,28.505992999794056],[-81.3703469998924,28.50615600020368],[-81.37040100031909,28.50630799996644],[-81.37056299980247,28.50676700004502],[-81.37061800005407,28.50691999989058],[-81.37084099963684,28.506854000247547],[-81.37099799999567,28.506809000287852],[-81.37151600002952,28.50667199994157],[-81.3715629998852,28.506660000196614],[-81.37173799978736,28.50660100004935]]]},"properties":{"block_id":"120950139001011","school_id":"sch_jones_high","kids_est":0,"class":"red","shortest":{"len_m":5855.9,"mean_c":36.49,"peak_c":38.2,"dose":284.7},"coolest":{"len_m":6016.2,"mean_c":36.34,"peak_c":38.2,"dose":278.4},"delta_mean_c":-0.15,"delta_dose_pct":-2,"distance_mi":2.575,"status_now":"bus","status_rec":"bus_eligible","reason":"Coolest route mean 36.3C exceeds threshold (110 C-min dose, actual 278).","safe_until_hour":"11:00"}},{"type":"Feature","geometry":{"type":"Polygon","coordinates":[[[-81.37697500002736,28.498322999707867],[-81.37697199965433,28.498310999802854],[-81.3769630003318,28.49827500007966],[-81.37695999995876,28.498263000169164],[-81.37693800021744,28.49817100028396],[-81.37678599988146,28.497547000147136],[-81.37677599983573,28.49750399990186],[-81.37661400035233,28.496837000041126],[-81.37635200041152,28.49575999981032],[-81.37626399964965,28.49539900014649],[-81.37608999957239,28.494683999932057],[-81.37592499971595,28.49468599972189],[-81.37586100014184,28.494682999642393],[-81.37552200020812,28.494671999613303],[-81.3753020001001,28.494677000272613],[-81.37517599970342,28.49468700001153],[-81.37513800006857,28.49469100038054],[-81.37494999974761,28.49472100038],[-81.37498200043295,28.49487499982191],[-81.37502799956539,28.495288000266292],[-81.37502900028863,28.49529699966347],[-81.37506799974837,28.49553000001854],[-81.37511700015217,28.495762000369268],[-81.37517599970342,28.49599199965548],[-81.3752100000386,28.49610599962395],[-81.37541699972783,28.496717000029467],[-81.37548899969786,28.496941000361893],[-81.37554700032248,28.497121000340904],[-81.37567700001884,28.497482999904232],[-81.37570999963079,28.49757400012694],[-81.37573499974515,28.497658000019957],[-81.3758379996773,28.497993000244023],[-81.37590399979955,28.49818900016484],[-81.37595200037845,28.498331999635727],[-81.37607899970173,28.498334999611505],[-81.3768720000952,28.498322999707867],[-81.37689200018669,28.498322999707867],[-81.37695400011097,28.498322999707867],[-81.37697500002736,28.498322999707867]]]},"properties":{"block_id":"120950139001026","school_id":"sch_jones_high","kids_est":0,"class":"red","shortest":{"len_m":6323.3,"mean_c":37.13,"peak_c":38.2,"dose":361.9},"coolest":{"len_m":6578.9,"mean_c":36.5,"peak_c":38.2,"dose":318.7},"delta_mean_c":-0.63,"delta_dose_pct":-12,"distance_mi":2.923,"status_now":"bus","status_rec":"bus_eligible","reason":"Coolest route mean 36.5C exceeds threshold (110 C-min dose, actual 319).","safe_until_hour":"11:00"}},{"type":"Feature","geometry":{"type":"Polygon","coordinates":[[[-81.37595200037845,28.498331999635727],[-81.37590399979955,28.49818900016484],[-81.3758379996773,28.497993000244023],[-81.37573499974515,28.497658000019957],[-81.37570999963079,28.49757400012694],[-81.37567700001884,28.497482999904232],[-81.37554700032248,28.497121000340904],[-81.37548899969786,28.496941000361893],[-81.37541699972783,28.496717000029467],[-81.3752100000386,28.49610599962395],[-81.37517599970342,28.49599199965548],[-81.37511700015217,28.495762000369268],[-81.37506799974837,28.49553000001854],[-81.37502900028863,28.49529699966347],[-81.37502799956539,28.495288000266292],[-81.37498200043295,28.49487499982191],[-81.37494999974761,28.49472100038],[-81.37492499963324,28.494636999728417],[-81.37487899960249,28.494525999836334],[-81.37471100027132,28.494118999759664],[-81.37464900034703,28.493985999912336],[-81.3746329995552,28.4939550001969],[-81.37453700019402,28.493772000239545],[-81.37410799984865,28.493788999783014],[-81.37405500014519,28.493790000081162],[-81.37329699991182,28.49380600011326],[-81.37281900006093,28.493807999919724],[-81.37260899999865,28.49381200032203],[-81.37219399989695,28.49382000033672],[-81.37212799977472,28.493823999949086],[-81.37197299996402,28.493836999872464],[-81.37192699993327,28.493841999781825],[-81.37151000018174,28.493902999762398],[-81.37135700002086,28.49392600027658],[-81.371055999722,28.493971000203974],[-81.37088199964471,28.493997000012925],[-81.36965700032943,28.494185999767687],[-81.36960100025293,28.494191999954893],[-81.36945999978762,28.49420699963186],[-81.36939100019065,28.494214999616585],[-81.36922999963384,28.49422500018877],[-81.36924399987755,28.494895000050814],[-81.3693669999012,28.495033999681553],[-81.36947400003133,28.49494899978143],[-81.36979799989642,28.494789999793753],[-81.37012099993662,28.494866999887222],[-81.37033299964872,28.49488799961585],[-81.3705639996274,28.494866000388754],[-81.37070699974254,28.494866000388754],[-81.3708440000099,28.494898999622446],[-81.37093100004851,28.49494899978143],[-81.37103700035374,28.49500899962516],[-81.37116799987498,28.495102999680196],[-81.37128599987577,28.4951410002666],[-81.3714299998158,28.495174000203807],[-81.3715419999688,28.495261999985843],[-81.37177899979527,28.495613999959385],[-81.37192799975819,28.49587800035338],[-81.3720780004443,28.49630699968389],[-81.37213399962249,28.49656600014332],[-81.37215299988908,28.49673599963907],[-81.372189999699,28.496912999951608],[-81.37226500004206,28.497061000118865],[-81.37240300013433,28.49743499989398],[-81.37244499996713,28.497458999901834],[-81.37253000035594,28.49750299963891],[-81.3726330002881,28.49751199963671],[-81.37277600040323,28.497440999896433],[-81.37298200026756,28.497314000297518],[-81.37314399975094,28.497138000134463],[-81.37331799982822,28.49698400004709],[-81.37357300009636,28.49685099986255],[-81.37382199961837,28.4967410002006],[-81.37399700041888,28.496697000145836],[-81.37410299982577,28.49668800007854],[-81.37420800030607,28.496680999762543],[-81.37449500036124,28.496745999972397],[-81.37465099999685,28.49682900025512],[-81.37477200037068,28.49692900029975],[-81.37482500007413,28.496971999989828],[-81.37500199962614,28.497329999795387],[-81.37515700033515,28.49756699986968],[-81.37537499989503,28.49772699988203],[-81.37557999993444,28.497984999756184],[-81.3757170002018,28.498244000044984],[-81.37572899989736,28.498334000145885],[-81.37595200037845,28.498331999635727]]]},"properties":{"block_id":"120950139001027","school_id":"sch_jones_high","kids_est":32,"class":"red","shortest":{"len_m":6491.8,"mean_c":37.12,"peak_c":38.2,"dose":371.1},"coolest":{"len_m":6741.0,"mean_c":36.51,"peak_c":38.2,"dose":327.7},"delta_mean_c":-0.61,"delta_dose_pct":-12,"distance_mi":3.078,"status_now":"bus","status_rec":"bus_eligible","reason":"Coolest route mean 36.5C exceeds threshold (110 C-min dose, actual 328).","safe_until_hour":"11:00"}},{"type":"Feature","geometry":{"type":"Polygon","coordinates":[[[-81.37742799976388,28.514749999613127],[-81.37742399956593,28.514573000017847],[-81.37742000026628,28.514334000048315],[-81.37741799971815,28.514042000238845],[-81.37741799971815,28.51386500024462],[-81.37735599979388,28.51386500024462],[-81.37717000002102,28.513867999778757],[-81.37710899992167,28.513868999886558],[-81.37697199965433,28.513871000102117],[-81.37695400011097,28.51386999999434],[-81.37649200015362,28.513867999778757],[-81.37633800016782,28.513867999778757],[-81.37634099964257,28.514044999767894],[-81.37635200041152,28.514577999733994],[-81.37635599971117,28.514756000209644],[-81.37651100042018,28.514755000110256],[-81.37697599985228,28.514751999811985],[-81.3771320003862,28.514751999811985],[-81.37719099993743,28.514750999712568],[-81.37736800038775,28.514749999613127],[-81.37742799976388,28.514749999613127]]]},"properties":{"block_id":"120950185003051","school_id":"sch_jones_high","kids_est":0,"class":"red","shortest":{"len_m":4531.5,"mean_c":36.5,"peak_c":38.2,"dose":220.5},"coolest":{"len_m":4562.8,"mean_c":36.37,"peak_c":38.2,"dose":213.1},"delta_mean_c":-0.13,"delta_dose_pct":-3,"distance_mi":1.916,"status_now":"walk","status_rec":"bus_eligible","reason":"Coolest route mean 36.4C exceeds threshold (110 C-min dose, actual 213).","safe_until_hour":"12:00"}},{"type":"Feature","geometry":{"type":"Polygon","coordinates":[[[-81.3991900001354,28.52351700022953],[-81.39919099996033,28.523255000370526],[-81.39918500011255,28.52273300032514],[-81.39820299957319,28.522744999819952],[-81.39748700007092,28.522743999796347],[-81.39708399966479,28.52275300000859],[-81.39708500038803,28.52314799988537],[-81.39708000036515,28.523632999688047],[-81.3970789996419,28.52367600033262],[-81.3974019996821,28.523665000169366],[-81.39817800035715,28.523665000169366],[-81.3990190004312,28.523643999854638],[-81.39918599993744,28.523606000063626],[-81.3991900001354,28.52351700022953]]]},"properties":{"block_id":"120950116001012","school_id":"sch_jones_high","kids_est":0,"class":"green","shortest":{"len_m":1553.7,"mean_c":37.81,"peak_c":38.2,"dose":103.8},"coolest":{"len_m":1554.0,"mean_c":37.78,"peak_c":38.2,"dose":103.2},"delta_mean_c":-0.03,"delta_dose_pct":-1,"distance_mi":0.705,"status_now":"walk","status_rec":"walk","reason":"Shortest route already under threshold (dose 104).","safe_until_hour":null}},{"type":"Feature","geometry":{"type":"Polygon","coordinates":[[[-81.39704400038013,28.518207000197986],[-81.39703599998423,28.51730199992218],[-81.39596499975639,28.517319999696365],[-81.3949360002597,28.51732999965731],[-81.3949370000846,28.517448999829888],[-81.39493799990952,28.51751199972758],[-81.39494799995525,28.517923999897196],[-81.39494600030544,28.518060999836468],[-81.39494399975729,28.518228000017146],[-81.39494999960509,28.518243000223663],[-81.39505199971232,28.518243000223663],[-81.39536800007983,28.51823699982556],[-81.39662500008048,28.518213999875098],[-81.39704400038013,28.518207000197986]]]},"properties":{"block_id":"120950185002017","school_id":"sch_jones_high","kids_est":16,"class":"red","shortest":{"len_m":2302.3,"mean_c":37.71,"peak_c":38.2,"dose":150.4},"coolest":{"len_m":2329.0,"mean_c":37.22,"peak_c":38.2,"dose":136.3},"delta_mean_c":-0.49,"delta_dose_pct":-9,"distance_mi":1.096,"status_now":"walk","status_rec":"bus_eligible","reason":"Coolest route mean 37.2C exceeds threshold (110 C-min dose, actual 136).","safe_until_hour":"14:00"}},{"type":"Feature","geometry":{"type":"Polygon","coordinates":[[[-81.3919949995628,28.534713999947606],[-81.39198200004233,28.53438100017025],[-81.39198100021741,28.534348999785504],[-81.39197899966928,28.533547999713868],[-81.39197399964641,28.533255000318654],[-81.39196899962353,28.532890999765478],[-81.39183599955415,28.532890999765478],[-81.39164099956047,28.532890999765478],[-81.39144100044226,28.532890999765478],[-81.39130900019777,28.53289199969289],[-81.39131099984758,28.533118000394612],[-81.3913180004186,28.53379600038088],[-81.39132099989334,28.534022999849697],[-81.39132099989334,28.53416200000613],[-81.39132300044147,28.534467999687493],[-81.39132799956603,28.53457900016466],[-81.39133599996197,28.534719000286962],[-81.39146700038151,28.534718000376945],[-81.39186300021663,28.534713999947606],[-81.3919949995628,28.534713999947606]]]},"properties":{"block_id":"120950104001012","school_id":"sch_jones_high","kids_est":3,"class":"green","shortest":{"len_m":1307.7,"mean_c":38.3,"peak_c":38.4,"dose":96.1},"coolest":{"len_m":1307.7,"mean_c":38.3,"peak_c":38.4,"dose":96.1},"delta_mean_c":0.0,"delta_dose_pct":0,"distance_mi":0.506,"status_now":"walk","status_rec":"walk","reason":"Shortest route already under threshold (dose 96).","safe_until_hour":null}},{"type":"Feature","geometry":{"type":"Polygon","coordinates":[[[-81.39508100002466,28.531663999672524],[-81.39507600000178,28.53113899960853],[-81.39466400027311,28.531141000285704],[-81.39342900001377,28.531150999724858],[-81.39343499986157,28.531674999790198],[-81.39508100002466,28.531663999672524]]]},"properties":{"block_id":"120950104001035","school_id":"sch_jones_high","kids_est":7,"class":"green","shortest":{"len_m":1196.0,"mean_c":37.64,"peak_c":38.2,"dose":77.1},"coolest":{"len_m":1196.0,"mean_c":37.64,"peak_c":38.2,"dose":77.1},"delta_mean_c":0.0,"delta_dose_pct":0,"distance_mi":0.371,"status_now":"walk","status_rec":"walk","reason":"Shortest route already under threshold (dose 77).","safe_until_hour":null}},{"type":"Feature","geometry":{"type":"Polygon","coordinates":[[[-81.40113699969906,28.510334000034177],[-81.40113699969906,28.510256000033777],[-81.40113599987416,28.510243999907093],[-81.40113500004924,28.51009800036209],[-81.40094500007844,28.51010200014687],[-81.40089099965175,28.510109000361876],[-81.40074199968885,28.510131999711874],[-81.40060299977168,28.510158000275265],[-81.4004639998545,28.510187999824343],[-81.4002589998151,28.510241999622746],[-81.40005700014873,28.510304999878826],[-81.39992499990424,28.5103520002083],[-81.39979799968263,28.510402000149494],[-81.39966700016139,28.51045800011862],[-81.3995409997647,28.510516999687404],[-81.39935599981676,28.51061299962439],[-81.39920100000606,28.510703000226012],[-81.39882799973716,28.510922000185097],[-81.39869200019305,28.511001999963042],[-81.398696000391,28.511294999638192],[-81.39818000000697,28.51129800003473],[-81.39814999986973,28.511296999902555],[-81.39806600020415,28.511347000185175],[-81.39790999967022,28.511416999909457],[-81.39775499985953,28.51148799971768],[-81.39760000004883,28.51155800013783],[-81.39760099987375,28.511693000196594],[-81.39725100006937,28.511696999920893],[-81.39725100006937,28.511811999625657],[-81.39746199995656,28.511801999930874],[-81.39790899984531,28.51179300036266],[-81.39811300005982,28.511789999980127],[-81.39821500016707,28.5117879997251],[-81.39852399996356,28.511781999749097],[-81.39862699989571,28.511780999621514],[-81.39909800007389,28.511773000179137],[-81.399097000249,28.51144699988984],[-81.39909600042408,28.511394000050288],[-81.39909600042408,28.51123799998068],[-81.39909600042408,28.51121700034837],[-81.39909499970085,28.511186000169296],[-81.39909399987594,28.51115999985933],[-81.39909300005102,28.511100999860766],[-81.39909399987594,28.511082999814526],[-81.399097000249,28.51105799961363],[-81.39909999972373,28.511023999772945],[-81.39910399992169,28.51099100005638],[-81.3991180001654,28.510956000058684],[-81.39913400005891,28.51093099982764],[-81.39915400015039,28.51090400010831],[-81.39918900031051,28.510871000354204],[-81.39923899964091,28.51084100020994],[-81.39931300015907,28.510817000088426],[-81.39952300022134,28.51078599979184],[-81.39989499976703,28.510717999924147],[-81.40008899993579,28.51067400017212],[-81.40034000000595,28.510597999911333],[-81.40060699996964,28.51050699986984],[-81.40084799999407,28.510413000117527],[-81.40096199979688,28.51037699978714],[-81.40101200002559,28.510364000322646],[-81.40109800023932,28.510342999726934],[-81.40113699969906,28.510334000034177]]]},"properties":{"block_id":"120950116001037","school_id":"sch_jones_high","kids_est":0,"class":"red","shortest":{"len_m":2746.5,"mean_c":37.65,"peak_c":38.2,"dose":177.3},"coolest":{"len_m":2750.7,"mean_c":37.58,"peak_c":38.2,"dose":175.1},"delta_mean_c":-0.07,"delta_dose_pct":-1,"distance_mi":1.511,"status_now":"walk","status_rec":"bus_eligible","reason":"Coolest route mean 37.6C exceeds threshold (110 C-min dose, actual 175).","safe_until_hour":"14:00"}},{"type":"Feature","geometry":{"type":"Polygon","coordinates":[[[-81.3754920000709,28.5083279998053],[-81.37550100029173,28.507995999728987],[-81.37529500042741,28.50799699989246],[-81.37494999974761,28.50799900021939],[-81.37468000030917,28.50800000038285],[-81.37447600009467,28.508001999920342],[-81.37447600009467,28.508330000125945],[-81.3754920000709,28.5083279998053]]]},"properties":{"block_id":"120950139001017","school_id":"sch_jones_high","kids_est":0,"class":"red","shortest":{"len_m":5241.0,"mean_c":37.16,"peak_c":38.2,"dose":303.4},"coolest":{"len_m":5405.8,"mean_c":36.39,"peak_c":38.2,"dose":253.9},"delta_mean_c":-0.77,"delta_dose_pct":-16,"distance_mi":2.3,"status_now":"bus","status_rec":"bus_eligible","reason":"Coolest route mean 36.4C exceeds threshold (110 C-min dose, actual 254).","safe_until_hour":"12:00"}},{"type":"Feature","geometry":{"type":"Polygon","coordinates":[[[-81.38193400043302,28.527855999785135],[-81.38207599982492,28.52785799973544],[-81.38169199968536,28.523879999994524],[-81.38166699957101,28.52384800036768],[-81.38158799992829,28.523009000199405],[-81.38154100007262,28.52237799998502],[-81.38151299958521,28.522003000206166],[-81.38142999974454,28.521122000300018],[-81.38133299966016,28.520157000070014],[-81.37996100003178,28.520158000118172],[-81.37965999973291,28.52016100026262],[-81.37957699989222,28.520162000310737],[-81.37956000017378,28.52111800014386],[-81.37956199982361,28.5218859997117],[-81.37956900039462,28.52240099981648],[-81.37926899992065,28.522403999897048],[-81.37857400033478,28.52241300013837],[-81.37836900029538,28.522416000218612],[-81.37806999964631,28.522420000325518],[-81.37807200019445,28.522552999846276],[-81.37807300001937,28.522574999614335],[-81.37807100036953,28.522866000240352],[-81.37806999964631,28.522953999813105],[-81.37806999964631,28.523088000259154],[-81.37807899986714,28.52387499993013],[-81.37928399998927,28.52385799970951],[-81.38001999958301,28.523852999644056],[-81.3802509995617,28.523850999617842],[-81.3805100000278,28.523849000380824],[-81.38094600004588,28.523846000341372],[-81.38117799984946,28.5238450003282],[-81.38119700011605,28.52400599995992],[-81.38120100031401,28.524063999830712],[-81.38122999972799,28.52441099995619],[-81.38126200041336,28.524722000349037],[-81.38128499997958,28.524941999610984],[-81.38130599989599,28.525139999974847],[-81.38136899964518,28.525735999614824],[-81.38138999956156,28.5259350000592],[-81.38140600035342,28.526125000204257],[-81.38145700040704,28.526695000163244],[-81.38147400012546,28.526884999727685],[-81.38149300039206,28.527079999651512],[-81.38155199994327,28.52766700036938],[-81.38155799979107,28.527717999969507],[-81.38157899970746,28.527861999635775],[-81.38162200026348,28.527860999660707],[-81.38175100013491,28.527859999685624],[-81.38179499961751,28.527859999685624],[-81.38193400043302,28.527855999785135]],[[-81.38062899985347,28.520247999677945],[-81.3806380000743,28.52122100016927],[-81.38040399972256,28.52115700008103],[-81.38010800034486,28.521160000196993],[-81.38009999994895,28.520261000292074],[-81.38062899985347,28.520247999677945]]]},"properties":{"block_id":"120950185003015","school_id":"sch_jones_high","kids_est":0,"class":"red","shortest":{"len_m":3694.4,"mean_c":36.62,"peak_c":38.2,"dose":186.7},"coolest":{"len_m":3694.4,"mean_c":36.62,"peak_c":38.2,"dose":186.7},"delta_mean_c":0.0,"delta_dose_pct":0,"distance_mi":1.382,"status_now":"walk","status_rec":"bus_eligible","reason":"Coolest route mean 36.6C exceeds threshold (110 C-min dose, actual 187).","safe_until_hour":"14:00"}},{"type":"Feature","geometry":{"type":"Polygon","coordinates":[[[-81.38476200025369,28.5291000001821],[-81.3847649997284,28.528697999950356],[-81.3847499996598,28.527875000100238],[-81.38410100010469,28.527886999798948],[-81.38352299979637,28.52789199967303],[-81.38353299984212,28.52910300007208],[-81.38389199986732,28.529092999649357],[-81.38432200003764,28.529087999832246],[-81.38476200025369,28.5291000001821]]]},"properties":{"block_id":"120950185003007","school_id":"sch_jones_high","kids_est":0,"class":"red","shortest":{"len_m":2219.8,"mean_c":37.01,"peak_c":38.2,"dose":124.0},"coolest":{"len_m":2219.8,"mean_c":37.01,"peak_c":38.2,"dose":124.0},"delta_mean_c":0.0,"delta_dose_pct":0,"distance_mi":1.017,"status_now":"walk","status_rec":"bus_eligible","reason":"Coolest route mean 37.0C exceeds threshold (110 C-min dose, actual 124).","safe_until_hour":"14:00"}},{"type":"Feature","geometry":{"type":"Polygon","coordinates":[[[-81.3888689998163,28.528657999678526],[-81.38885799994566,28.52746700005901],[-81.38855400017205,28.527468000037818],[-81.38764199995288,28.527473999910544],[-81.38733900000419,28.52747599986802],[-81.38734599967687,28.527712000110675],[-81.38735999992058,28.528144000122396],[-81.38735200042298,28.528356000372003],[-81.38735099969973,28.528422999945274],[-81.38734900004992,28.528659999613538],[-81.38795400012242,28.528656999711004],[-81.3884870002249,28.528662000337757],[-81.3888689998163,28.528657999678526]]]},"properties":{"block_id":"120950185001003","school_id":"sch_jones_high","kids_est":31,"class":"green","shortest":{"len_m":1919.3,"mean_c":37.1,"peak_c":38.2,"dose":109.6},"coolest":{"len_m":1928.9,"mean_c":37.06,"peak_c":38.2,"dose":109.4},"delta_mean_c":-0.04,"delta_dose_pct":0,"distance_mi":0.806,"status_now":"walk","status_rec":"walk","reason":"Shortest route already under threshold (dose 110).","safe_until_hour":null}},{"type":"Feature","geometry":{"type":"Polygon","coordinates":[[[-81.39494200010748,28.50380800000135],[-81.3949449995822,28.50362700017161],[-81.39472199999945,28.50362700017161],[-81.39405300035286,28.50362899979197],[-81.39397200016198,28.503629999996843],[-81.39391400043567,28.503632999822],[-81.39383099969668,28.503638000056707],[-81.39371500024404,28.50364499991124],[-81.39365900016755,28.50364499991124],[-81.39359899989309,28.503647000320676],[-81.39348500009027,28.50365800020373],[-81.39337700013525,28.503675999938082],[-81.39326099978429,28.503705999751666],[-81.39315700002723,28.5037390001683],[-81.39309599992785,28.503759000296146],[-81.39299899984347,28.503803999977926],[-81.39292000020076,28.503860999705182],[-81.39285200042869,28.503926999641745],[-81.39279299997915,28.503985999705563],[-81.39266599975754,28.50413700002638],[-81.39258100026704,28.50425700028403],[-81.39250900029703,28.504384000210745],[-81.39241499968738,28.50455200013995],[-81.39262499974964,28.504557000331108],[-81.39291900037584,28.50455499993891],[-81.39370799967303,28.504549999747677],[-81.39443099974629,28.50454100035014],[-81.3949360002597,28.504536000158243],[-81.3949370000846,28.5043539998005],[-81.39494200010748,28.50380800000135]]]},"properties":{"block_id":"120950144001034","school_id":"sch_jones_high","kids_est":3,"class":"red","shortest":{"len_m":4083.2,"mean_c":37.35,"peak_c":38.2,"dose":246.7},"coolest":{"len_m":4110.3,"mean_c":37.06,"peak_c":38.2,"dose":231.4},"delta_mean_c":-0.29,"delta_dose_pct":-6,"distance_mi":2.04,"status_now":"bus","status_rec":"bus_eligible","reason":"Coolest route mean 37.1C exceeds threshold (110 C-min dose, actual 231).","safe_until_hour":"11:00"}},{"type":"Feature","geometry":{"type":"Polygon","coordinates":[[[-81.38647399964069,28.516389999975008],[-81.38647299981577,28.516115000226087],[-81.38647299981577,28.51550099979174],[-81.38646500031817,28.515039999636972],[-81.38646399959495,28.51491700030131],[-81.38647299981577,28.514683000033166],[-81.3863690000587,28.514683000033166],[-81.38625500025589,28.514685000233307],[-81.38608500037657,28.514663999708638],[-81.38606199991203,28.51465899999656],[-81.38596099962969,28.51463999966769],[-81.38583000010844,28.514607000293136],[-81.38567399957451,28.51455499977478],[-81.38551799993893,28.514489000172855],[-81.38544299959584,28.514452000342015],[-81.38522400021104,28.514323999803256],[-81.38511600025599,28.514251000117117],[-81.38501699962349,28.514171999751067],[-81.3848900003002,28.514043000345],[-81.38480699956119,28.514161000175005],[-81.38474200016218,28.51428100008076],[-81.38469299975839,28.51440799977967],[-81.38466000014644,28.514539999832976],[-81.38464400025289,28.514669000209835],[-81.38464500007781,28.514837000335483],[-81.38464500007781,28.51487600022774],[-81.38464599990273,28.5149929998179],[-81.38464699972765,28.51503299974923],[-81.38465299957542,28.515330999746617],[-81.38466000014644,28.515611999719738],[-81.38465900032152,28.515870000061078],[-81.3846640003444,28.516225000211715],[-81.38466500016929,28.516293999771023],[-81.38466000014644,28.516501999839438],[-81.38466799964404,28.516521999915454],[-81.3850240001945,28.516519999750173],[-81.38609399969909,28.516514000043383],[-81.38633899992146,28.51651299996067],[-81.38636099966278,28.516508999629664],[-81.38640400021879,28.516491999800024],[-81.38643799965567,28.51646399984239],[-81.38646299977003,28.516429000082233],[-81.38647399964069,28.516389999975008]]]},"properties":{"block_id":"120950185003048","school_id":"sch_jones_high","kids_est":0,"class":"red","shortest":{"len_m":3720.6,"mean_c":37.29,"peak_c":38.2,"dose":222.1},"coolest":{"len_m":3739.0,"mean_c":36.67,"peak_c":38.2,"dose":190.1},"delta_mean_c":-0.62,"delta_dose_pct":-14,"distance_mi":1.508,"status_now":"walk","status_rec":"bus_eligible","reason":"Coolest route mean 36.7C exceeds threshold (110 C-min dose, actual 190).","safe_until_hour":"13:00"}},{"type":"Feature","geometry":{"type":"Polygon","coordinates":[[[-81.39496899987165,28.52097600002824],[-81.3949720002447,28.520895999923322],[-81.3949660003969,28.520481000180883],[-81.39496700022184,28.520065000334526],[-81.39475999963429,28.52006799969231],[-81.39430900044589,28.520075000035135],[-81.39414000039149,28.520075000035135],[-81.39393399962884,28.520077000132993],[-81.39372799976452,28.520079000230794],[-81.39311000017155,28.520085999783586],[-81.39290500013215,28.520088999930092],[-81.39290400030723,28.520270999974045],[-81.39290400030723,28.520822000009034],[-81.3929090003301,28.5210030003262],[-81.39391899956023,28.520985999642466],[-81.39496899987165,28.52097600002824]]]},"properties":{"block_id":"120950185001042","school_id":"sch_jones_high","kids_est":5,"class":"red","shortest":{"len_m":2451.4,"mean_c":37.6,"peak_c":38.2,"dose":156.5},"coolest":{"len_m":2461.3,"mean_c":37.11,"peak_c":38.2,"dose":140.8},"delta_mean_c":-0.49,"delta_dose_pct":-10,"distance_mi":0.952,"status_now":"walk","status_rec":"bus_eligible","reason":"Coolest route mean 37.1C exceeds threshold (110 C-min dose, actual 141).","safe_until_hour":"14:00"}},{"type":"Feature","geometry":{"type":"Polygon","coordinates":[[[-81.39207400010383,28.53707400039299],[-81.39207099973078,28.536950999932937],[-81.3920640000581,28.536585999627956],[-81.39206200040827,28.536464000070016],[-81.39148999994774,28.536466999750306],[-81.39101899976954,28.53647000021973],[-81.39101700011973,28.536479999942475],[-81.39101200009685,28.53650800010795],[-81.39101000044703,28.536554999805436],[-81.39100700007397,28.53661499965733],[-81.39101299992177,28.537085999833526],[-81.39202300005022,28.537077000055977],[-81.39207400010383,28.53707400039299]]]},"properties":{"block_id":"120950105001039","school_id":"sch_jones_high","kids_est":17,"class":"green","shortest":{"len_m":1424.5,"mean_c":38.44,"peak_c":38.6,"dose":107.4},"coolest":{"len_m":1430.5,"mean_c":38.34,"peak_c":38.5,"dose":106.1},"delta_mean_c":-0.1,"delta_dose_pct":-1,"distance_mi":0.563,"status_now":"walk","status_rec":"walk","reason":"Shortest route already under threshold (dose 107).","safe_until_hour":null}},{"type":"Feature","geometry":{"type":"Polygon","coordinates":[[[-81.39313000026304,28.537660999898737],[-81.3931219998671,28.537168000051096],[-81.3931219998671,28.537082000283203],[-81.39238200007541,28.53707299971619],[-81.39207400010383,28.53707400039299],[-81.39207499992874,28.53767399994352],[-81.39313000026304,28.537660999898737]]]},"properties":{"block_id":"120950105001024","school_id":"sch_jones_high","kids_est":13,"class":"green","shortest":{"len_m":1454.2,"mean_c":38.44,"peak_c":38.6,"dose":109.6},"coolest":{"len_m":1460.2,"mean_c":38.35,"peak_c":38.5,"dose":108.3},"delta_mean_c":-0.09,"delta_dose_pct":-1,"distance_mi":0.526,"status_now":"walk","status_rec":"walk","reason":"Shortest route already under threshold (dose 110).","safe_until_hour":null}},{"type":"Feature","geometry":{"type":"Polygon","coordinates":[[[-81.39494999960509,28.518243000223663],[-81.39494399975729,28.518228000017146],[-81.39494600030544,28.518060999836468],[-81.39494799995525,28.517923999897196],[-81.39493799990952,28.51751199972758],[-81.3949370000846,28.517448999829888],[-81.3949360002597,28.51732999965731],[-81.39488500020606,28.517335000032087],[-81.39452500035596,28.517339999617313],[-81.39329199974642,28.517360999609075],[-81.39288099984269,28.51736800013163],[-81.39288400021574,28.517547999990526],[-81.39289300043657,28.518065000108535],[-81.39289199971336,28.518091000294852],[-81.39289199971336,28.518271999774964],[-81.39330299961708,28.518265000101692],[-81.39453799987642,28.51824400028996],[-81.39471899962639,28.51824200015735],[-81.39494999960509,28.518243000223663]]]},"properties":{"block_id":"120950185002016","school_id":"sch_jones_high","kids_est":14,"class":"red","shortest":{"len_m":2654.5,"mean_c":37.48,"peak_c":38.2,"dose":165.3},"coolest":{"len_m":2670.5,"mean_c":36.77,"peak_c":38.2,"dose":139.3},"delta_mean_c":-0.71,"delta_dose_pct":-16,"distance_mi":1.128,"status_now":"walk","status_rec":"bus_eligible","reason":"Coolest route mean 36.8C exceeds threshold (110 C-min dose, actual 139).","safe_until_hour":"14:00"}},{"type":"Feature","geometry":{"type":"Polygon","coordinates":[[[-81.39207499992874,28.53767399994352],[-81.39207400010383,28.53707400039299],[-81.39202300005022,28.537077000055977],[-81.39101299992177,28.537085999833526],[-81.39101999959445,28.537674999825473],[-81.39171199970558,28.53767900014248],[-81.39207499992874,28.53767399994352]]]},"properties":{"block_id":"120950105001025","school_id":"sch_jones_high","kids_est":10,"class":"red","shortest":{"len_m":1480.9,"mean_c":38.44,"peak_c":38.6,"dose":111.6},"coolest":{"len_m":1486.9,"mean_c":38.35,"peak_c":38.5,"dose":110.3},"delta_mean_c":-0.09,"delta_dose_pct":-1,"distance_mi":0.581,"status_now":"walk","status_rec":"bus_eligible","reason":"Coolest route mean 38.4C exceeds threshold (110 C-min dose, actual 110).","safe_until_hour":"14:00"}},{"type":"Feature","geometry":{"type":"Polygon","coordinates":[[[-81.3931219998671,28.537082000283203],[-81.3931200002173,28.53658900009397],[-81.3931200002173,28.53647700026248],[-81.39311900039239,28.53645600013286],[-81.39290699978196,28.536457000026378],[-81.39227300029546,28.53646200028309],[-81.39206200040827,28.536464000070016],[-81.3920640000581,28.536585999627956],[-81.39207099973078,28.536950999932937],[-81.39207400010383,28.53707400039299],[-81.39238200007541,28.53707299971619],[-81.3931219998671,28.537082000283203]]]},"properties":{"block_id":"120950105001040","school_id":"sch_jones_high","kids_est":2,"class":"green","shortest":{"len_m":1331.3,"mean_c":38.45,"peak_c":38.6,"dose":100.5},"coolest":{"len_m":1338.3,"mean_c":38.36,"peak_c":38.6,"dose":99.5},"delta_mean_c":-0.09,"delta_dose_pct":-1,"distance_mi":0.505,"status_now":"walk","status_rec":"walk","reason":"Shortest route already under threshold (dose 100).","safe_until_hour":null}},{"type":"Feature","geometry":{"type":"Polygon","coordinates":[[[-81.38950700039906,28.53828000006973],[-81.38949800017825,28.537457999962346],[-81.38948499975946,28.536836999917274],[-81.3894809995615,28.53667199980068],[-81.38947700026185,28.53650800010795],[-81.38913900015305,28.53652800033442],[-81.38897299957338,28.53652699965239],[-81.38897599994642,28.53669100010468],[-81.38897900031948,28.536847000394268],[-81.38898299961912,28.537484999984223],[-81.38898699981708,28.53806299987427],[-81.38899299966486,28.53828000006973],[-81.38909499977211,28.53828000006973],[-81.3894039995686,28.53828000006973],[-81.38950700039906,28.53828000006973]]]},"properties":{"block_id":"120950105001029","school_id":"sch_jones_high","kids_est":1,"class":"red","shortest":{"len_m":1678.3,"mean_c":38.39,"peak_c":38.6,"dose":125.3},"coolest":{"len_m":1684.0,"mean_c":38.3,"peak_c":38.5,"dose":123.8},"delta_mean_c":-0.09,"delta_dose_pct":-1,"distance_mi":0.709,"status_now":"walk","status_rec":"bus_eligible","reason":"Coolest route mean 38.3C exceeds threshold (110 C-min dose, actual 124).","safe_until_hour":"14:00"}},{"type":"Feature","geometry":{"type":"Polygon","coordinates":[[[-81.39054000009375,28.538275999775614],[-81.3905159998043,28.537544000212527],[-81.3905080003067,28.53649699970558],[-81.39005499967185,28.5365019999604],[-81.38999100009777,28.5365019999604],[-81.39000000031858,28.536517999827094],[-81.39000399961822,28.53684000037615],[-81.39000399961822,28.53685500030172],[-81.39001399966398,28.537170999711424],[-81.3900160002121,28.537924000128864],[-81.39001799986194,28.538280999945982],[-81.3900920003801,28.53828000006973],[-81.39031499996285,28.538276999651842],[-81.39039000030591,28.538276999651842],[-81.39054000009375,28.538275999775614]]]},"properties":{"block_id":"120950105001027","school_id":"sch_jones_high","kids_est":1,"class":"red","shortest":{"len_m":1678.3,"mean_c":38.39,"peak_c":38.6,"dose":125.3},"coolest":{"len_m":1684.0,"mean_c":38.3,"peak_c":38.5,"dose":123.8},"delta_mean_c":-0.09,"delta_dose_pct":-1,"distance_mi":0.651,"status_now":"walk","status_rec":"bus_eligible","reason":"Coolest route mean 38.3C exceeds threshold (110 C-min dose, actual 124).","safe_until_hour":"14:00"}},{"type":"Feature","geometry":{"type":"Polygon","coordinates":[[[-81.38999100009777,28.5365019999604],[-81.38999100009777,28.536378999621743],[-81.38998199987692,28.535609999998346],[-81.3895790003691,28.535599000291384],[-81.38896900027373,28.535608000195165],[-81.38897199974846,28.53646499996346],[-81.38897199974846,28.536506000321864],[-81.38897299957338,28.53652699965239],[-81.38913900015305,28.53652800033442],[-81.38947700026185,28.53650800010795],[-81.38999100009777,28.5365019999604]]]},"properties":{"block_id":"120950105001036","school_id":"sch_jones_high","kids_est":0,"class":"red","shortest":{"len_m":1619.7,"mean_c":38.4,"peak_c":38.6,"dose":121.3},"coolest":{"len_m":1625.4,"mean_c":38.31,"peak_c":38.5,"dose":119.8},"delta_mean_c":-0.09,"delta_dose_pct":-1,"distance_mi":0.664,"status_now":"walk","status_rec":"bus_eligible","reason":"Coolest route mean 38.3C exceeds threshold (110 C-min dose, actual 120).","safe_until_hour":"14:00"}},{"type":"Feature","geometry":{"type":"Polygon","coordinates":[[[-81.39377299997037,28.536323999898656],[-81.39377200014546,28.536297000368457],[-81.39376499957444,28.53593100026695],[-81.39376399974952,28.535769000010223],[-81.39376399974952,28.535593999993768],[-81.39363099968014,28.535593999993768],[-81.39323200037029,28.535593999993768],[-81.39310000012581,28.535593999993768],[-81.39310299960054,28.535766000309994],[-81.39311400036951,28.536283000258557],[-81.39311500019443,28.536305000317675],[-81.39311900039239,28.53645600013286],[-81.39313699993572,28.53646900032634],[-81.39324499989077,28.53646900032634],[-81.39363599970301,28.536472000006537],[-81.3937670001226,28.536472999899917],[-81.39377299997037,28.536323999898656]]]},"properties":{"block_id":"120950105001044","school_id":"sch_jones_high","kids_est":0,"class":"green","shortest":{"len_m":1242.8,"mean_c":38.44,"peak_c":38.6,"dose":93.7},"coolest":{"len_m":1249.8,"mean_c":38.35,"peak_c":38.5,"dose":92.7},"delta_mean_c":-0.09,"delta_dose_pct":-1,"distance_mi":0.437,"status_now":"walk","status_rec":"walk","reason":"Shortest route already under threshold (dose 94).","safe_until_hour":null}},{"type":"Feature","geometry":{"type":"Polygon","coordinates":[[[-81.39311900039239,28.53645600013286],[-81.39311500019443,28.536305000317675],[-81.39311400036951,28.536283000258557],[-81.39310299960054,28.535766000309994],[-81.39310000012581,28.535593999993768],[-81.39289000006353,28.535593999993768],[-81.39226200042481,28.535593999993768],[-81.39205300018743,28.535594999895466],[-81.39205400001235,28.535768000110178],[-81.39205999986014,28.53629000031375],[-81.39206200040827,28.536464000070016],[-81.39227300029546,28.53646200028309],[-81.39290699978196,28.536457000026378],[-81.39311900039239,28.53645600013286]]]},"properties":{"block_id":"120950105001043","school_id":"sch_jones_high","kids_est":5,"class":"green","shortest":{"len_m":1245.5,"mean_c":38.44,"peak_c":38.6,"dose":93.9},"coolest":{"len_m":1250.1,"mean_c":38.35,"peak_c":38.5,"dose":92.8},"delta_mean_c":-0.09,"delta_dose_pct":-1,"distance_mi":0.485,"status_now":"walk","status_rec":"walk","reason":"Shortest route already under threshold (dose 94).","safe_until_hour":null}},{"type":"Feature","geometry":{"type":"Polygon","coordinates":[[[-81.39309599992785,28.535080000330325],[-81.39309599992785,28.53470799969783],[-81.39306699961554,28.53470799969783],[-81.39263999981827,28.53470899960794],[-81.3919949995628,28.534713999947606],[-81.39186300021663,28.534713999947606],[-81.39146700038151,28.534718000376945],[-81.39133599996197,28.534719000286962],[-81.39085700028615,28.534719000286962],[-81.39068400003379,28.53472000019697],[-81.3897619997689,28.534732999815457],[-81.38942100018535,28.534733999725326],[-81.38916900029027,28.53473499963519],[-81.38894300033446,28.534727000355975],[-81.38894300033446,28.53474800004098],[-81.38894499998429,28.534814000376777],[-81.38894599980921,28.53483599995334],[-81.38894800035735,28.534975999734183],[-81.38895099983206,28.535116000118183],[-81.39046499975068,28.535116000118183],[-81.39077199989732,28.535110999797652],[-81.39103399983817,28.53510700017237],[-81.39182300003365,28.5350949997173],[-81.3925159999697,28.535093999810854],[-81.39309599992785,28.535080000330325]]]},"properties":{"block_id":"120950104001002","school_id":"sch_jones_high","kids_est":0,"class":"green","shortest":{"len_m":1230.1,"mean_c":38.32,"peak_c":38.4,"dose":90.7},"coolest":{"len_m":1230.1,"mean_c":38.32,"peak_c":38.4,"dose":90.7},"delta_mean_c":0.0,"delta_dose_pct":0,"distance_mi":0.554,"status_now":"walk","status_rec":"walk","reason":"Shortest route already under threshold (dose 91).","safe_until_hour":null}},{"type":"Feature","geometry":{"type":"Polygon","coordinates":[[[-81.39206200040827,28.536464000070016],[-81.39205999986014,28.53629000031375],[-81.39205400001235,28.535768000110178],[-81.39205300018743,28.535594999895466],[-81.39168999996429,28.535594999895466],[-81.39101700011973,28.53560700029359],[-81.39102200014258,28.536443999831445],[-81.39101899976954,28.53647000021973],[-81.39148999994774,28.536466999750306],[-81.39206200040827,28.536464000070016]]]},"properties":{"block_id":"120950105001038","school_id":"sch_jones_high","kids_est":1,"class":"green","shortest":{"len_m":1456.3,"mean_c":38.44,"peak_c":38.6,"dose":109.8},"coolest":{"len_m":1462.3,"mean_c":38.34,"peak_c":38.5,"dose":108.5},"delta_mean_c":-0.1,"delta_dose_pct":-1,"distance_mi":0.544,"status_now":"walk","status_rec":"walk","reason":"Shortest route already under threshold (dose 110).","safe_until_hour":null}},{"type":"Feature","geometry":{"type":"Polygon","coordinates":[[[-81.40539399994783,28.534919000251712],[-81.40540099962053,28.53471300003748],[-81.40506900025782,28.534710000307246],[-81.40459200023184,28.534713999947606],[-81.40439399986512,28.53471599976768],[-81.40392799970981,28.534723999836935],[-81.40216799974391,28.534722000016945],[-81.40136000018015,28.534722000016945],[-81.40136000018015,28.534818000013114],[-81.40136100000504,28.535068999778886],[-81.40183499965796,28.53511700002441],[-81.40242100036221,28.53520800013394],[-81.4031450002604,28.535390000117257],[-81.40366599976898,28.535526000341857],[-81.40400499970269,28.535632000197918],[-81.40437399977364,28.535784000088267],[-81.40487500008906,28.53599099968504],[-81.40534500044235,28.5362290003811],[-81.40534500044235,28.536055000236765],[-81.40534600026724,28.53598199981397],[-81.40534600026724,28.535933999962477],[-81.40534600026724,28.53591600020983],[-81.40535200011504,28.535790000276773],[-81.40535499958978,28.535743000238114],[-81.4053710003816,28.535537000056454],[-81.40538899992497,28.535325999950814],[-81.40539300012293,28.534973000011373],[-81.40539399994783,28.534919000251712]]]},"properties":{"block_id":"120950116002000","school_id":"sch_jones_high","kids_est":0,"class":"green","shortest":{"len_m":480.6,"mean_c":38.19,"peak_c":38.2,"dose":34.7},"coolest":{"len_m":480.6,"mean_c":38.19,"peak_c":38.2,"dose":34.7},"delta_mean_c":0.0,"delta_dose_pct":0,"distance_mi":0.27,"status_now":"walk","status_rec":"walk","reason":"Shortest route already under threshold (dose 35).","safe_until_hour":null}},{"type":"Feature","geometry":{"type":"Polygon","coordinates":[[[-81.38569200001618,28.521860999703865],[-81.38569399966602,28.520850000388023],[-81.38569000036637,28.520496000066863],[-81.38569000036637,28.520485000361138],[-81.38568799981823,28.520429000191175],[-81.38568100014552,28.520229999614248],[-81.38568000032062,28.52018099964464],[-81.3856860001684,28.52016499966571],[-81.38563199974172,28.520165999713775],[-81.3854829997788,28.520165999713775],[-81.38487400040668,28.520166999761898],[-81.38467100001706,28.520167999809964],[-81.38467799968979,28.52053000001107],[-81.38468299971265,28.520831999637863],[-81.38468699991061,28.520989999803557],[-81.38468500026079,28.52161700029513],[-81.38468500026079,28.521980000287826],[-81.38555800012189,28.521980000287826],[-81.38559900012977,28.521973000071533],[-81.38563599993968,28.521956000333443],[-81.3856510000083,28.521942999928314],[-81.385665000252,28.521929000279535],[-81.38568399962026,28.52189700006051],[-81.38569200001618,28.521860999703865]]]},"properties":{"block_id":"120950185003030","school_id":"sch_jones_high","kids_est":8,"class":"red","shortest":{"len_m":3064.5,"mean_c":36.69,"peak_c":38.2,"dose":157.4},"coolest":{"len_m":3064.5,"mean_c":36.69,"peak_c":38.2,"dose":157.4},"delta_mean_c":0.0,"delta_dose_pct":0,"distance_mi":1.231,"status_now":"walk","status_rec":"bus_eligible","reason":"Coolest route mean 36.7C exceeds threshold (110 C-min dose, actual 157).","safe_until_hour":"14:00"}},{"type":"Feature","geometry":{"type":"Polygon","coordinates":[[[-81.38138999956156,28.5259350000592],[-81.38136899964518,28.525735999614824],[-81.38130599989599,28.525139999974847],[-81.38128499997958,28.524941999610984],[-81.38103499973433,28.524943999616514],[-81.38028700044502,28.524952999640927],[-81.38003800002468,28.52495599964894],[-81.38003999967451,28.52515599998799],[-81.3800460004206,28.525756000307045],[-81.38004800007042,28.525956999910754],[-81.38031599985902,28.525952999938063],[-81.38100700014525,28.525944999992266],[-81.38112099994805,28.52594200001247],[-81.38138999956156,28.5259350000592]]]},"properties":{"block_id":"120950185003016","school_id":"sch_jones_high","kids_est":0,"class":"red","shortest":{"len_m":2920.9,"mean_c":36.77,"peak_c":38.2,"dose":153.6},"coolest":{"len_m":2920.9,"mean_c":36.77,"peak_c":38.2,"dose":153.6},"delta_mean_c":0.0,"delta_dose_pct":0,"distance_mi":1.29,"status_now":"walk","status_rec":"bus_eligible","reason":"Coolest route mean 36.8C exceeds threshold (110 C-min dose, actual 154).","safe_until_hour":"14:00"}},{"type":"Feature","geometry":{"type":"Polygon","coordinates":[[[-81.38468299971265,28.520831999637863],[-81.38467799968979,28.52053000001107],[-81.38467100001706,28.520167999809964],[-81.38435399982467,28.520168999858008],[-81.3839200003547,28.5201720000021],[-81.38357600039814,28.520165999713775],[-81.3834049997956,28.52016300035883],[-81.38333200000065,28.520162000310737],[-81.38308900032642,28.520159000166306],[-81.38309400034929,28.52136700010172],[-81.38309900037217,28.521642000360814],[-81.38310000019708,28.52167599993544],[-81.38310000019708,28.521706000154584],[-81.38311000024281,28.522254999737303],[-81.38311000024281,28.523073999973143],[-81.38311600009058,28.52365500002003],[-81.38312100011348,28.525098999930005],[-81.38313299980902,28.525833999892495],[-81.38313500035717,28.52634899965301],[-81.38314000038004,28.527168999634473],[-81.38354100023804,28.527163999726092],[-81.38354100023804,28.527029999725713],[-81.38323099971834,28.52703099970867],[-81.38323800028932,28.526247999882962],[-81.3840950002569,28.526234000016604],[-81.38409199988385,28.525581000237892],[-81.38407900036337,28.525134999970224],[-81.38390899958574,28.52514099997573],[-81.38390600011101,28.52403100024833],[-81.38360499981212,28.524036000305305],[-81.38361200038315,28.523795999670828],[-81.38389400041547,28.523828000102736],[-81.38397499970799,28.523805999806868],[-81.38397100040835,28.523343999636513],[-81.38365000001798,28.52334699969025],[-81.38362200042889,28.52262099997561],[-81.38367500013234,28.522429999802725],[-81.3839189996315,28.522038999725012],[-81.3839680000353,28.521778000172183],[-81.3839539997916,28.520860000014196],[-81.38468299971265,28.520831999637863]]]},"properties":{"block_id":"120950185003031","school_id":"sch_jones_high","kids_est":0,"class":"red","shortest":{"len_m":3035.7,"mean_c":36.72,"peak_c":38.2,"dose":157.1},"coolest":{"len_m":3035.7,"mean_c":36.72,"peak_c":38.2,"dose":157.1},"delta_mean_c":0.0,"delta_dose_pct":0,"distance_mi":1.218,"status_now":"walk","status_rec":"bus_eligible","reason":"Coolest route mean 36.7C exceeds threshold (110 C-min dose, actual 157).","safe_until_hour":"14:00"}},{"type":"Feature","geometry":{"type":"Polygon","coordinates":[[[-81.39828299993911,28.54107499978247],[-81.39828200011422,28.54089200029813],[-81.3982810002893,28.540342999937902],[-81.3982810002893,28.540160999829606],[-81.3980910003185,28.54016199968797],[-81.39807299987685,28.540160999829606],[-81.39745199991083,28.540154000031606],[-81.3972460000465,28.540152000314666],[-81.39725100006937,28.540335000295304],[-81.39725500026732,28.540468999950118],[-81.3972600002902,28.540885999611092],[-81.39726299976493,28.54106999974468],[-81.39746699997943,28.541071000383578],[-81.39807899972463,28.541073999932777],[-81.39828299993911,28.54107499978247]]]},"properties":{"block_id":"120950183003038","school_id":"sch_jones_high","kids_est":0,"class":"green","shortest":{"len_m":1330.2,"mean_c":38.35,"peak_c":38.6,"dose":99.1},"coolest":{"len_m":1330.2,"mean_c":38.35,"peak_c":38.6,"dose":99.1},"delta_mean_c":0.0,"delta_dose_pct":0,"distance_mi":0.517,"status_now":"walk","status_rec":"walk","reason":"Shortest route already under threshold (dose 99).","safe_until_hour":null}},{"type":"Feature","geometry":{"type":"Polygon","coordinates":[[[-81.39315399965416,28.53919100016661],[-81.39313899958556,28.538255000004554],[-81.39267900017634,28.538252000375156],[-81.39268199965106,28.538438999998363],[-81.39268800039716,28.53867699989969],[-81.3926830003743,28.539002999641344],[-81.3926830003743,28.539080999681676],[-81.39267800035141,28.53919100016661],[-81.39277299988765,28.53918899964228],[-81.39290099993418,28.53918799977469],[-81.39305800029302,28.53918899964228],[-81.39315399965416,28.53919100016661]]]},"properties":{"block_id":"120950105001011","school_id":"sch_jones_high","kids_est":0,"class":"red","shortest":{"len_m":1459.8,"mean_c":38.46,"peak_c":38.6,"dose":110.7},"coolest":{"len_m":1475.3,"mean_c":38.37,"peak_c":38.6,"dose":110.1},"delta_mean_c":-0.09,"delta_dose_pct":-1,"distance_mi":0.566,"status_now":"walk","status_rec":"bus_eligible","reason":"Coolest route mean 38.4C exceeds threshold (110 C-min dose, actual 110).","safe_until_hour":"14:00"}},{"type":"Feature","geometry":{"type":"Polygon","coordinates":[[[-81.39405900020064,28.537098999949247],[-81.3940569996525,28.53697399974114],[-81.39405199962962,28.536602000271014],[-81.39405199962962,28.536585999627956],[-81.39405099980472,28.536478000155793],[-81.3939939999033,28.53647700026248],[-81.39382300019908,28.53647399979327],[-81.3937670001226,28.536472999899917],[-81.39363599970301,28.536472000006537],[-81.39324499989077,28.53646900032634],[-81.39313699993572,28.53646900032634],[-81.39311900039239,28.53645600013286],[-81.3931200002173,28.53647700026248],[-81.3931200002173,28.53658900009397],[-81.3931219998671,28.537082000283203],[-81.3931429997835,28.537087999608605],[-81.39405900020064,28.537098999949247]]]},"properties":{"block_id":"120950105001041","school_id":"sch_jones_high","kids_est":10,"class":"green","shortest":{"len_m":1185.5,"mean_c":38.44,"peak_c":38.6,"dose":89.3},"coolest":{"len_m":1186.1,"mean_c":38.42,"peak_c":38.6,"dose":89.1},"delta_mean_c":-0.02,"delta_dose_pct":0,"distance_mi":0.454,"status_now":"walk","status_rec":"walk","reason":"Shortest route already under threshold (dose 89).","safe_until_hour":null}},{"type":"Feature","geometry":{"type":"Polygon","coordinates":[[[-81.40122200008788,28.525576000254233],[-81.40122200008788,28.52550199967858],[-81.40099600013207,28.5254989996861],[-81.40070400005403,28.52550899966059],[-81.40024799994444,28.525513999647433],[-81.39932499985463,28.525516999639468],[-81.39932700040276,28.52558300023135],[-81.39932800022767,28.525978999757715],[-81.3993299998775,28.526449000127005],[-81.39952900006912,28.52644700015005],[-81.39978599998706,28.526444000184462],[-81.40122200008788,28.526433000310114],[-81.40122200008788,28.526402999857606],[-81.40122200008788,28.525576000254233]]]},"properties":{"block_id":"120950116001008","school_id":"sch_jones_high","kids_est":2,"class":"green","shortest":{"len_m":866.6,"mean_c":37.91,"peak_c":38.2,"dose":59.2},"coolest":{"len_m":866.6,"mean_c":37.91,"peak_c":38.2,"dose":59.2},"delta_mean_c":0.0,"delta_dose_pct":0,"distance_mi":0.506,"status_now":"walk","status_rec":"walk","reason":"Shortest route already under threshold (dose 59).","safe_until_hour":null}},{"type":"Feature","geometry":{"type":"Polygon","coordinates":[[[-81.38969800019478,28.532933999790075],[-81.389692000347,28.532564000124008],[-81.38968399995107,28.53199800007933],[-81.38967999975313,28.531457000257248],[-81.3896780001033,28.53108800008526],[-81.38952199956937,28.531086000196318],[-81.38905499958915,28.531081999629095],[-81.38889999977846,28.531080999684573],[-81.38890200032658,28.531228000110126],[-81.38890800017437,28.531670000095627],[-81.3889099998242,28.531817999637205],[-81.38892599971771,28.53292700030116],[-81.38894900018224,28.532935999643993],[-81.38969800019478,28.532933999790075]]]},"properties":{"block_id":"120950104001026","school_id":"sch_jones_high","kids_est":30,"class":"green","shortest":{"len_m":1707.2,"mean_c":37.31,"peak_c":38.2,"dose":102.6},"coolest":{"len_m":1707.2,"mean_c":37.31,"peak_c":38.2,"dose":102.6},"delta_mean_c":0.0,"delta_dose_pct":0,"distance_mi":0.654,"status_now":"walk","status_rec":"walk","reason":"Shortest route already under threshold (dose 103).","safe_until_hour":null}},{"type":"Feature","geometry":{"type":"Polygon","coordinates":[[[-81.37627500041863,28.50389400007334],[-81.37627700006846,28.503822999890446],[-81.37608200007479,28.50382599971011],[-81.37572200022468,28.50383200013863],[-81.3754989997436,28.50383200013863],[-81.37530499957484,28.50383300034159],[-81.3751199996269,28.50383200013863],[-81.37477800021847,28.50383099993568],[-81.37456599960805,28.50382699991312],[-81.37443500008678,28.50382500029651],[-81.37439800027687,28.503810999821443],[-81.37438700040622,28.503802999774695],[-81.3743659995915,28.503771999785172],[-81.37435800009389,28.503720999655254],[-81.37435800009389,28.503543999709667],[-81.3743589999188,28.503243999939986],[-81.37435999974373,28.50316300038484],[-81.3743659995915,28.502747000120664],[-81.37437099961436,28.50248200011623],[-81.3743160002611,28.50248200011623],[-81.37416899994801,28.50248499997402],[-81.37415100040465,28.502489000047458],[-81.3740979998029,28.502501999692928],[-81.37403400022879,28.502534000270884],[-81.37395999971064,28.502583999970316],[-81.37383500003716,28.502670999675058],[-81.37364599989128,28.502784000110008],[-81.373547999982,28.502833000267994],[-81.37340499986685,28.502907000173444],[-81.3734219995853,28.503001999719952],[-81.37342599978325,28.503065000352613],[-81.37342699960816,28.5032800003363],[-81.3734280003314,28.50354700032672],[-81.37342999998121,28.503683999994447],[-81.37343300035427,28.503816000047717],[-81.37344599987473,28.50426599970579],[-81.37344599987473,28.504404999624448],[-81.37344699969965,28.504780999810013],[-81.37369600011999,28.504785999990307],[-81.37421900017672,28.504784999796392],[-81.37420800030607,28.503891000255575],[-81.37429699999454,28.503895000275705],[-81.37438300020825,28.50389299987094],[-81.37534200028308,28.503902000113193],[-81.37627399969539,28.503915999786745],[-81.37627500041863,28.50389400007334]]]},"properties":{"block_id":"120950139001021","school_id":"sch_jones_high","kids_est":3,"class":"red","shortest":{"len_m":5649.4,"mean_c":37.15,"peak_c":38.2,"dose":325.9},"coolest":{"len_m":5896.6,"mean_c":36.45,"peak_c":38.2,"dose":282.3},"delta_mean_c":-0.7,"delta_dose_pct":-13,"distance_mi":2.577,"status_now":"bus","status_rec":"bus_eligible","reason":"Coolest route mean 36.5C exceeds threshold (110 C-min dose, actual 282).","safe_until_hour":"11:00"}},{"type":"Feature","geometry":{"type":"Polygon","coordinates":[[[-81.40650299981048,28.528554999816283],[-81.40647199984834,28.52845099988386],[-81.4064400000613,28.52834100002585],[-81.40635899987043,28.528237999853832],[-81.4062719998318,28.528125999828365],[-81.40611700002111,28.52787300015027],[-81.40610399960232,28.527820999860477],[-81.40607900038627,28.52771899994595],[-81.40608900043202,28.527581999928678],[-81.40609199990675,28.527543000000673],[-81.40616700024982,28.52745500031249],[-81.40618999981604,28.527367999741287],[-81.40618999981604,28.52725099967641],[-81.40615499965593,28.526848000300447],[-81.40601999993672,28.526516000123173],[-81.4059479999667,28.526432000321485],[-81.40529400038872,28.526429000355478],[-81.40528199979485,28.52638500005552],[-81.40526300042659,28.526360000325386],[-81.40523599976407,28.526340999737275],[-81.40520300015211,28.526329999852102],[-81.40476700013402,28.526328999862507],[-81.40430799965141,28.52633299982087],[-81.4041240004267,28.52633499980005],[-81.40413100009938,28.52643000034415],[-81.40413399957413,28.52686999996145],[-81.40397100026581,28.52686999996145],[-81.40397299991564,28.527268000139124],[-81.40397700011361,28.527314000031037],[-81.40366199957103,28.52731699997179],[-81.40274000020445,28.527333999634642],[-81.40213599995685,28.527340000304196],[-81.40167300017458,28.52733800034415],[-81.40140500038599,28.527329999714205],[-81.40123899980631,28.527320999892723],[-81.40124399982918,28.52752500039332],[-81.40124999967696,28.52778399997254],[-81.4012580000729,28.52789199967303],[-81.40128499983707,28.52818099988391],[-81.4013019995555,28.528509999645628],[-81.40130599975346,28.528646000067525],[-81.40131699962411,28.528996999962555],[-81.40131699962411,28.52905700017168],[-81.40131699962411,28.529194999812617],[-81.40131300032446,28.531071000238697],[-81.40210900019267,28.531074000072596],[-81.4029560001145,28.531051999710588],[-81.40355000031634,28.531047999931303],[-81.40362399993619,28.53103299996829],[-81.40377000042437,28.531028000243197],[-81.40384400004422,28.531022999728677],[-81.40399100035731,28.531015000167702],[-81.40453899963008,28.53100399998109],[-81.40470299966162,28.531022999728677],[-81.40530899955903,28.53102399967376],[-81.40538300007717,28.530842999988923],[-81.40543499995572,28.530718000251806],[-81.40544300035164,28.53069599981555],[-81.40547099994073,28.530630000057585],[-81.40548000016155,28.530608000392128],[-81.4054120003895,28.53056300030879],[-81.40562800029956,28.53020600038755],[-81.4064059997261,28.52892600010508],[-81.40646500017564,28.528830000266222],[-81.40646500017564,28.528781000347667],[-81.40650299981048,28.528554999816283]]]},"properties":{"block_id":"120950116002002","school_id":"sch_jones_high","kids_est":25,"class":"green","shortest":{"len_m":885.2,"mean_c":38.11,"peak_c":38.3,"dose":62.8},"coolest":{"len_m":885.2,"mean_c":38.11,"peak_c":38.3,"dose":62.8},"delta_mean_c":0.0,"delta_dose_pct":0,"distance_mi":0.385,"status_now":"walk","status_rec":"walk","reason":"Shortest route already under threshold (dose 63).","safe_until_hour":null}},{"type":"Feature","geometry":{"type":"Polygon","coordinates":[[[-81.37620400027352,28.506859999714447],[-81.37620400027352,28.506841999733915],[-81.37620199972538,28.50670799995759],[-81.37573200027042,28.50670799995759],[-81.37573300009532,28.506835000091495],[-81.37573399992023,28.506930000048197],[-81.37580699971517,28.506932999779515],[-81.37588600025619,28.506936000300172],[-81.37590100032482,28.506936999684267],[-81.37612399990758,28.506936000300172],[-81.37620400027352,28.506936000300172],[-81.37620400027352,28.50691700015888],[-81.37620400027352,28.506859999714447]]]},"properties":{"block_id":"120950139001031","school_id":"sch_jones_high","kids_est":0,"class":"red","shortest":{"len_m":5216.4,"mean_c":37.17,"peak_c":38.2,"dose":302.4},"coolest":{"len_m":5420.3,"mean_c":36.41,"peak_c":38.2,"dose":256.3},"delta_mean_c":-0.76,"delta_dose_pct":-15,"distance_mi":2.332,"status_now":"bus","status_rec":"bus_eligible","reason":"Coolest route mean 36.4C exceeds threshold (110 C-min dose, actual 256).","safe_until_hour":"12:00"}},{"type":"Feature","geometry":{"type":"Polygon","coordinates":[[[-81.37828399990656,28.498312000058142],[-81.3782799997086,28.498201000083718],[-81.37826899983794,28.494666000242905],[-81.3779769997599,28.49467100011299],[-81.37719199976235,28.494674000192834],[-81.37687799994299,28.49467599998285],[-81.3767950001023,28.494677000272613],[-81.3766529998121,28.49467799977284],[-81.3762310000377,28.494682000142195],[-81.37608999957239,28.494683999932057],[-81.37626399964965,28.49539900014649],[-81.37635200041152,28.49575999981032],[-81.37661400035233,28.496837000041126],[-81.37677599983573,28.49750399990186],[-81.37678599988146,28.497547000147136],[-81.37693800021744,28.49817100028396],[-81.37695999995876,28.498263000169164],[-81.3769630003318,28.49827500007966],[-81.37697199965433,28.498310999802854],[-81.37697500002736,28.498322999707867],[-81.37704000032468,28.49832200024213],[-81.37723500031836,28.49832200024213],[-81.3773010004406,28.49832200024213],[-81.3773290000297,28.49832200024213],[-81.3774129996953,28.49832200024213],[-81.3774420000076,28.49832200024213],[-81.37746499957382,28.498320999986944],[-81.37760000019135,28.498316999755513],[-81.37828399990656,28.498312000058142]]]},"properties":{"block_id":"120950144002023","school_id":"sch_jones_high","kids_est":4,"class":"red","shortest":{"len_m":6369.6,"mean_c":37.12,"peak_c":38.2,"dose":364.4},"coolest":{"len_m":6625.2,"mean_c":36.5,"peak_c":38.2,"dose":321.2},"delta_mean_c":-0.62,"delta_dose_pct":-12,"distance_mi":2.887,"status_now":"bus","status_rec":"bus_eligible","reason":"Coolest route mean 36.5C exceeds threshold (110 C-min dose, actual 321).","safe_until_hour":"11:00"}},{"type":"Feature","geometry":{"type":"Polygon","coordinates":[[[-81.38353299984212,28.52910300007208],[-81.38352299979637,28.52789199967303],[-81.38314500040292,28.527897000336093],[-81.38296799995258,28.527898000310884],[-81.38243800022317,28.527902000209707],[-81.38236100023028,28.52790300018439],[-81.38226199959774,28.527895000386607],[-81.38228199968924,28.528140000232693],[-81.38228800043534,28.528213999745663],[-81.38235500038249,28.528877000231155],[-81.38237999959853,28.52912300012544],[-81.38256899974442,28.529111999741414],[-81.38260999975232,28.529107999888442],[-81.38275200004252,28.5290970002921],[-81.38299700026491,28.529092999649357],[-81.38330199986345,28.529098000255438],[-81.38353299984212,28.52910300007208]]]},"properties":{"block_id":"120950185003006","school_id":"sch_jones_high","kids_est":0,"class":"red","shortest":{"len_m":2453.5,"mean_c":36.9,"peak_c":38.2,"dose":133.3},"coolest":{"len_m":2453.5,"mean_c":36.9,"peak_c":38.2,"dose":133.3},"delta_mean_c":0.0,"delta_dose_pct":0,"distance_mi":1.087,"status_now":"walk","status_rec":"bus_eligible","reason":"Coolest route mean 36.9C exceeds threshold (110 C-min dose, actual 133).","safe_until_hour":"14:00"}},{"type":"Feature","geometry":{"type":"Polygon","coordinates":[[[-81.38314500040292,28.527897000336093],[-81.38314000038004,28.527168999634473],[-81.38313500035717,28.52634899965301],[-81.38313299980902,28.525833999892495],[-81.38312100011348,28.525098999930005],[-81.38311600009058,28.52365500002003],[-81.38311000024281,28.523073999973143],[-81.38311000024281,28.522254999737303],[-81.38310000019708,28.521706000154584],[-81.38310000019708,28.52167599993544],[-81.38292699994471,28.521528999606385],[-81.38263900006461,28.52130200006487],[-81.38204300021296,28.52086800034587],[-81.38198299993849,28.52081299963196],[-81.38192500021218,28.52075699963614],[-81.38186800031077,28.52070000035695],[-81.3818139998841,28.52064100017046],[-81.38176100018065,28.520580999906837],[-81.38171099995193,28.52051900030893],[-81.38166200044645,28.520455999839893],[-81.38155100011835,28.520294000265192],[-81.38153000020196,28.520260000244832],[-81.38148300034631,28.520156000021846],[-81.3814199996988,28.520156000021846],[-81.38137399966806,28.520156000021846],[-81.38133299966016,28.520157000070014],[-81.38142999974454,28.521122000300018],[-81.38151299958521,28.522003000206166],[-81.38154100007262,28.52237799998502],[-81.38158799992829,28.523009000199405],[-81.38166699957101,28.52384800036768],[-81.38169199968536,28.523879999994524],[-81.38207599982492,28.52785799973544],[-81.3821019997642,28.527860999660707],[-81.38214199994717,28.5278720001753],[-81.38218799997792,28.527881999924674],[-81.38226199959774,28.527895000386607],[-81.38236100023028,28.52790300018439],[-81.38243800022317,28.527902000209707],[-81.38296799995258,28.527898000310884],[-81.38314500040292,28.527897000336093]]]},"properties":{"block_id":"120950185003022","school_id":"sch_jones_high","kids_est":0,"class":"red","shortest":{"len_m":2819.7,"mean_c":36.77,"peak_c":38.2,"dose":148.2},"coolest":{"len_m":2819.7,"mean_c":36.77,"peak_c":38.2,"dose":148.2},"delta_mean_c":0.0,"delta_dose_pct":0,"distance_mi":1.24,"status_now":"walk","status_rec":"bus_eligible","reason":"Coolest route mean 36.8C exceeds threshold (110 C-min dose, actual 148).","safe_until_hour":"14:00"}},{"type":"Feature","geometry":{"type":"Polygon","coordinates":[[[-81.3814199996988,28.520156000021846],[-81.38138000041414,28.51973600026327],[-81.38136500034553,28.51959700002546],[-81.38129900022328,28.51895099980892],[-81.3812580002154,28.51852799979559],[-81.38124200032189,28.518374000147503],[-81.3811949995679,28.51837500021257],[-81.38037299976043,28.518373000082374],[-81.37955099995295,28.518370999952193],[-81.37959100013593,28.518413000310286],[-81.37961700007519,28.518463999651374],[-81.37962600029603,28.51851900001195],[-81.37963100031891,28.5193059998484],[-81.37963799999159,28.51986299970706],[-81.37965999973291,28.52016100026262],[-81.37996100003178,28.520158000118172],[-81.38133299966016,28.520157000070014],[-81.38137399966806,28.520156000021846],[-81.3814199996988,28.520156000021846]]]},"properties":{"block_id":"120950185003035","school_id":"sch_jones_high","kids_est":0,"class":"red","shortest":{"len_m":3545.7,"mean_c":36.58,"peak_c":38.2,"dose":176.7},"coolest":{"len_m":3577.0,"mean_c":36.41,"peak_c":38.2,"dose":169.3},"delta_mean_c":-0.17,"delta_dose_pct":-4,"distance_mi":1.527,"status_now":"walk","status_rec":"bus_eligible","reason":"Coolest route mean 36.4C exceeds threshold (110 C-min dose, actual 169).","safe_until_hour":"14:00"}},{"type":"Feature","geometry":{"type":"Polygon","coordinates":[[[-81.38916599991722,28.514731000090023],[-81.38921399959781,28.514661000197133],[-81.38898400034236,28.514662999608383],[-81.38893699958837,28.514662999608383],[-81.38879900039443,28.514663999708638],[-81.38875300036366,28.51466499980888],[-81.38847299998118,28.514665999909123],[-81.3876350002802,28.51467000031004],[-81.38735599972262,28.51467199972105],[-81.3871790001706,28.514672999821215],[-81.38664900044118,28.514679999732923],[-81.38647299981577,28.514683000033166],[-81.38646399959495,28.51491700030131],[-81.38646500031817,28.515039999636972],[-81.38647299981577,28.51550099979174],[-81.38647299981577,28.516115000226087],[-81.38647399964069,28.516389999975008],[-81.38646299977003,28.516429000082233],[-81.38643799965567,28.51646399984239],[-81.38640400021879,28.516491999800024],[-81.38636099966278,28.516508999629664],[-81.38633899992146,28.51651299996067],[-81.38609399969909,28.516514000043383],[-81.3850240001945,28.516519999750173],[-81.38466799964404,28.516521999915454],[-81.38467000019217,28.51660699980165],[-81.38467100001706,28.51669199961932],[-81.38467600003995,28.51704099969399],[-81.384679000413,28.517202000243746],[-81.38466799964404,28.5185999996154],[-81.3846729996669,28.51909200022561],[-81.3846729996669,28.51912000027471],[-81.38487600005651,28.519121000332753],[-81.38548799980168,28.51912399971734],[-81.38569200001618,28.51912599983322],[-81.38569100019127,28.519240000062698],[-81.38569000036637,28.519585000172356],[-81.38569000036637,28.519699999958007],[-81.38569000036637,28.51979300006365],[-81.38569000036637,28.51983199970159],[-81.38568699999331,28.520071999888234],[-81.3856860001684,28.52016499966571],[-81.3858839996368,28.52016499966571],[-81.38608399965334,28.52016300035883],[-81.38609600024722,28.51981300030479],[-81.38619800035448,28.51918700019293],[-81.38630700013442,28.518793999806086],[-81.38649499955709,28.518293000370445],[-81.386755999673,28.51767200027583],[-81.387051999949,28.517109000220948],[-81.38727500043008,28.51685800030999],[-81.38758800042451,28.516505000087914],[-81.387861000236,28.51622799967874],[-81.38799199975725,28.516104000063404],[-81.38810200026043,28.515894999910685],[-81.38817599988027,28.515785999670456],[-81.38833900008687,28.515599000111123],[-81.3883619996531,28.515575000282958],[-81.38850499976823,28.515423999758866],[-81.38862600014205,28.51529899989323],[-81.38892300024298,28.514977999938434],[-81.38892900009076,28.51496699965709],[-81.38903700004579,28.51486199964067],[-81.38916599991722,28.514731000090023]]]},"properties":{"block_id":"120950185003028","school_id":"sch_jones_high","kids_est":5,"class":"red","shortest":{"len_m":4690.8,"mean_c":36.47,"peak_c":38.2,"dose":226.0},"coolest":{"len_m":4722.1,"mean_c":36.34,"peak_c":38.2,"dose":218.6},"delta_mean_c":-0.13,"delta_dose_pct":-3,"distance_mi":1.394,"status_now":"walk","status_rec":"bus_eligible","reason":"Coolest route mean 36.3C exceeds threshold (110 C-min dose, actual 219).","safe_until_hour":"12:00"}},{"type":"Feature","geometry":{"type":"Polygon","coordinates":[[[-81.38569100019127,28.519240000062698],[-81.38569200001618,28.51912599983322],[-81.38548799980168,28.51912399971734],[-81.38487600005651,28.519121000332753],[-81.3846729996669,28.51912000027471],[-81.38467100001706,28.519329000350037],[-81.38466799964404,28.519957999769034],[-81.38466799964404,28.519986000377482],[-81.38467100001706,28.520167999809964],[-81.38487400040668,28.520166999761898],[-81.3854829997788,28.520165999713775],[-81.38563199974172,28.520165999713775],[-81.3856860001684,28.52016499966571],[-81.38568699999331,28.520071999888234],[-81.38569000036637,28.51983199970159],[-81.38569000036637,28.51979300006365],[-81.38569000036637,28.519699999958007],[-81.38569000036637,28.519585000172356],[-81.38569100019127,28.519240000062698]]]},"properties":{"block_id":"120950185003029","school_id":"sch_jones_high","kids_est":0,"class":"red","shortest":{"len_m":3200.3,"mean_c":36.9,"peak_c":38.2,"dose":173.3},"coolest":{"len_m":3206.8,"mean_c":36.47,"peak_c":38.2,"dose":154.4},"delta_mean_c":-0.43,"delta_dose_pct":-11,"distance_mi":1.3,"status_now":"walk","status_rec":"bus_eligible","reason":"Coolest route mean 36.5C exceeds threshold (110 C-min dose, actual 154).","safe_until_hour":"14:00"}},{"type":"Feature","geometry":{"type":"Polygon","coordinates":[[[-81.39918799958727,28.52195799960631],[-81.39918599993744,28.521826000156587],[-81.39761699976727,28.521851000172703],[-81.39743199981933,28.521844999979937],[-81.39707600016719,28.521849000108446],[-81.39708399966479,28.522410000057995],[-81.39708399966479,28.52275300000859],[-81.39748700007092,28.522743999796347],[-81.39820299957319,28.522744999819952],[-81.39918500011255,28.52273300032514],[-81.39918099991458,28.522623000025174],[-81.39918799958727,28.52195799960631]]]},"properties":{"block_id":"120950116001013","school_id":"sch_jones_high","kids_est":0,"class":"green","shortest":{"len_m":1553.7,"mean_c":37.81,"peak_c":38.2,"dose":103.8},"coolest":{"len_m":1554.0,"mean_c":37.78,"peak_c":38.2,"dose":103.2},"delta_mean_c":-0.03,"delta_dose_pct":-1,"distance_mi":0.766,"status_now":"walk","status_rec":"walk","reason":"Shortest route already under threshold (dose 104).","safe_until_hour":null}},{"type":"Feature","geometry":{"type":"Polygon","coordinates":[[[-81.39722099993214,28.538236999859222],[-81.39721599990928,28.53740599966686],[-81.3972109998864,28.537224999895297],[-81.39721000006148,28.53717799970761],[-81.39720300038879,28.536950999932937],[-81.39717699955122,28.536511999680055],[-81.39706000027365,28.536509999894047],[-81.39664599999688,28.5365070002149],[-81.3965079999046,28.536506000321864],[-81.39637099963727,28.536503999746547],[-81.39596099955843,28.536498000387912],[-81.39582500001431,28.53649699970558],[-81.39569100012002,28.536494999919302],[-81.39560800027932,28.536494000026142],[-81.39528900043712,28.53649599981244],[-81.39515499964448,28.53649699970558],[-81.39515800001755,28.53661900001451],[-81.39516499969024,28.536886000036038],[-81.39516399986532,28.536986999870702],[-81.39516399986532,28.53711000028876],[-81.39516499969024,28.537225999781576],[-81.3951689998882,28.537573999861156],[-81.39517100043633,28.53769100030323],[-81.39517300008615,28.537810000376766],[-81.39517399991107,28.537846999901394],[-81.39517200026124,28.53810799991156],[-81.39517399991107,28.538166999790995],[-81.39517899993395,28.53828699999224],[-81.39565099993705,28.538289999620687],[-81.39614600040468,28.538298000207707],[-81.39648000031552,28.53830099983585],[-81.39680699965537,28.538278000317284],[-81.39705900044875,28.538242999908036],[-81.39722099993214,28.538236999859222]]]},"properties":{"block_id":"120950105001021","school_id":"sch_jones_high","kids_est":0,"class":"green","shortest":{"len_m":1116.1,"mean_c":38.43,"peak_c":38.6,"dose":83.9},"coolest":{"len_m":1116.7,"mean_c":38.41,"peak_c":38.6,"dose":83.7},"delta_mean_c":-0.02,"delta_dose_pct":0,"distance_mi":0.361,"status_now":"walk","status_rec":"walk","reason":"Shortest route already under threshold (dose 84).","safe_until_hour":null}},{"type":"Feature","geometry":{"type":"Polygon","coordinates":[[[-81.37656199957549,28.500308999922606],[-81.37655900010077,28.500049999965157],[-81.37655900010077,28.499923000348115],[-81.37633399996986,28.49992399979867],[-81.37618800038,28.499920999868046],[-81.3761890002049,28.4999439998602],[-81.3761890002049,28.49995399988955],[-81.3761890002049,28.50005299989209],[-81.3761890002049,28.50008700011078],[-81.3761890002049,28.500167999658824],[-81.37619000002982,28.50031300007852],[-81.37629999963467,28.500310000158976],[-81.37656199957549,28.500308999922606]]]},"properties":{"block_id":"120950139001025","school_id":"sch_jones_high","kids_est":0,"class":"red","shortest":{"len_m":5948.8,"mean_c":37.14,"peak_c":38.2,"dose":341.8},"coolest":{"len_m":6204.4,"mean_c":36.47,"peak_c":38.2,"dose":298.6},"delta_mean_c":-0.67,"delta_dose_pct":-13,"distance_mi":2.694,"status_now":"bus","status_rec":"bus_eligible","reason":"Coolest route mean 36.5C exceeds threshold (110 C-min dose, actual 299).","safe_until_hour":"11:00"}},{"type":"Feature","geometry":{"type":"Polygon","coordinates":[[[-81.39308199968414,28.512728000169197],[-81.39330799963996,28.512344999825647],[-81.39283700036007,28.51267199982657],[-81.3928399998348,28.512764999815488],[-81.39284400003277,28.51291600019998],[-81.39308199968414,28.512728000169197]]]},"properties":{"block_id":"120950144001010","school_id":"sch_jones_high","kids_est":0,"class":"red","shortest":{"len_m":3082.0,"mean_c":37.5,"peak_c":38.2,"dose":192.5},"coolest":{"len_m":3094.3,"mean_c":37.04,"peak_c":38.2,"dose":173.7},"delta_mean_c":-0.46,"delta_dose_pct":-10,"distance_mi":1.482,"status_now":"walk","status_rec":"bus_eligible","reason":"Coolest route mean 37.0C exceeds threshold (110 C-min dose, actual 174).","safe_until_hour":"14:00"}},{"type":"Feature","geometry":{"type":"Polygon","coordinates":[[[-81.39284400003277,28.51291600019998],[-81.3928399998348,28.512764999815488],[-81.39283700036007,28.51267199982657],[-81.39263099959743,28.512816999637735],[-81.39158000035941,28.513527999675215],[-81.39028800019867,28.51445100023975],[-81.39023700014504,28.51448800007088],[-81.39009599967974,28.51457999993612],[-81.38998500024996,28.51465400028424],[-81.39013699968761,28.514653000183884],[-81.39026800010718,28.514652000083526],[-81.39030900011505,28.514652000083526],[-81.3903740004124,28.514615999621288],[-81.39225700040194,28.513321000168908],[-81.39237799987745,28.513237000116035],[-81.39284400003277,28.51291600019998]]]},"properties":{"block_id":"120950144001009","school_id":"sch_jones_high","kids_est":0,"class":"red","shortest":{"len_m":3117.0,"mean_c":37.48,"peak_c":38.2,"dose":194.1},"coolest":{"len_m":3136.6,"mean_c":36.73,"peak_c":38.2,"dose":161.8},"delta_mean_c":-0.75,"delta_dose_pct":-17,"distance_mi":1.442,"status_now":"walk","status_rec":"bus_eligible","reason":"Coolest route mean 36.7C exceeds threshold (110 C-min dose, actual 162).","safe_until_hour":"14:00"}},{"type":"Feature","geometry":{"type":"Polygon","coordinates":[[[-81.39030900011505,28.514652000083526],[-81.39026800010718,28.514652000083526],[-81.39013699968761,28.514653000183884],[-81.38998500024996,28.51465400028424],[-81.38975199972315,28.514808999938477],[-81.38953499998817,28.51495700026142],[-81.38876099986128,28.515488000169437],[-81.38853300025565,28.515645999660105],[-81.388402999661,28.51573700000372],[-81.38823899962946,28.515872000238687],[-81.38799199975725,28.516104000063404],[-81.38793599968075,28.51644900017217],[-81.38803199994021,28.51634700030555],[-81.3887559998384,28.5157380000938],[-81.38971099971526,28.51506900006912],[-81.39030900011505,28.514652000083526]]]},"properties":{"block_id":"120950185003046","school_id":"sch_jones_high","kids_est":0,"class":"red","shortest":{"len_m":3498.1,"mean_c":37.35,"peak_c":38.2,"dose":211.4},"coolest":{"len_m":3516.5,"mean_c":36.68,"peak_c":38.2,"dose":179.4},"delta_mean_c":-0.67,"delta_dose_pct":-15,"distance_mi":1.396,"status_now":"walk","status_rec":"bus_eligible","reason":"Coolest route mean 36.7C exceeds threshold (110 C-min dose, actual 179).","safe_until_hour":"14:00"}},{"type":"Feature","geometry":{"type":"Polygon","coordinates":[[[-81.38793599968075,28.51644900017217],[-81.38799199975725,28.516104000063404],[-81.387861000236,28.51622799967874],[-81.38758800042451,28.516505000087914],[-81.38727500043008,28.51685800030999],[-81.387051999949,28.517109000220948],[-81.386755999673,28.51767200027583],[-81.38649499955709,28.518293000370445],[-81.38630700013442,28.518793999806086],[-81.38619800035448,28.51918700019293],[-81.38609600024722,28.51981300030479],[-81.38608399965334,28.52016300035883],[-81.38621500007291,28.520162000310737],[-81.38630299993645,28.520160000214435],[-81.38631899983,28.519874000267006],[-81.38633399989861,28.519651999795048],[-81.38635800018805,28.519352000057314],[-81.38643699983076,28.519066000286113],[-81.38663799967222,28.51846300037642],[-81.38685299975737,28.517972000057455],[-81.38713300013985,28.517449999903718],[-81.38755400008934,28.516861999838405],[-81.38783000027387,28.516572000088956],[-81.3878889998251,28.51651500012608],[-81.38793599968075,28.51644900017217]]]},"properties":{"block_id":"120950185003027","school_id":"sch_jones_high","kids_est":0,"class":"red","shortest":{"len_m":3131.9,"mean_c":36.93,"peak_c":38.2,"dose":170.6},"coolest":{"len_m":3138.9,"mean_c":36.49,"peak_c":38.2,"dose":151.7},"delta_mean_c":-0.44,"delta_dose_pct":-11,"distance_mi":1.252,"status_now":"walk","status_rec":"bus_eligible","reason":"Coolest route mean 36.5C exceeds threshold (110 C-min dose, actual 152).","safe_until_hour":"14:00"}},{"type":"Feature","geometry":{"type":"Polygon","coordinates":[[[-81.38630100028664,28.52313300037668],[-81.38630299993645,28.520160000214435],[-81.38621500007291,28.520162000310737],[-81.38608399965334,28.52016300035883],[-81.38607899963047,28.520313999621987],[-81.38607899963047,28.52150400030322],[-81.38607899963047,28.52227800038488],[-81.38609299987418,28.523177999685636],[-81.38610200009501,28.523604000032716],[-81.38621900027088,28.523263999749854],[-81.38630100028664,28.52313300037668]]]},"properties":{"block_id":"120950185003026","school_id":"sch_jones_high","kids_est":0,"class":"red","shortest":{"len_m":3029.6,"mean_c":36.7,"peak_c":38.2,"dose":156.2},"coolest":{"len_m":3029.6,"mean_c":36.7,"peak_c":38.2,"dose":156.2},"delta_mean_c":0.0,"delta_dose_pct":0,"distance_mi":1.155,"status_now":"walk","status_rec":"bus_eligible","reason":"Coolest route mean 36.7C exceeds threshold (110 C-min dose, actual 156).","safe_until_hour":"14:00"}},{"type":"Feature","geometry":{"type":"Polygon","coordinates":[[[-81.3862769999972,28.529895000390212],[-81.38612600038445,28.52982500030494],[-81.38603799962259,28.530217999820938],[-81.38583299958317,28.530769999901604],[-81.38568899964314,28.531060000057998],[-81.38582099988761,28.531061000002726],[-81.38586799974328,28.531061000002726],[-81.38594200026145,28.53106199994744],[-81.38598400009421,28.530930000059342],[-81.3862769999972,28.529895000390212]]]},"properties":{"block_id":"120950185003025","school_id":"sch_jones_high","kids_est":0,"class":"red","shortest":{"len_m":1939.3,"mean_c":37.14,"peak_c":38.2,"dose":112.2},"coolest":{"len_m":1939.3,"mean_c":37.14,"peak_c":38.2,"dose":112.2},"delta_mean_c":0.0,"delta_dose_pct":0,"distance_mi":0.869,"status_now":"walk","status_rec":"bus_eligible","reason":"Coolest route mean 37.1C exceeds threshold (110 C-min dose, actual 112).","safe_until_hour":"14:00"}},{"type":"Feature","geometry":{"type":"Polygon","coordinates":[[[-81.38594200026145,28.53106199994744],[-81.38586799974328,28.531061000002726],[-81.38582099988761,28.531061000002726],[-81.38568899964314,28.531060000057998],[-81.3855239997867,28.531392000128204],[-81.38512299992871,28.53199800007933],[-81.38481199958407,28.53246499985865],[-81.38481499995713,28.532638999617387],[-81.38481699960695,28.532770999732524],[-81.38492000043743,28.532632000108883],[-81.38496700029309,28.53253399983821],[-81.38512899977648,28.532328999629506],[-81.38571200010767,28.531503999839916],[-81.38582500008557,28.53132400013244],[-81.38594200026145,28.53106199994744]]]},"properties":{"block_id":"120950103003022","school_id":"sch_jones_high","kids_est":0,"class":"red","shortest":{"len_m":1930.6,"mean_c":37.15,"peak_c":38.2,"dose":111.7},"coolest":{"len_m":1930.6,"mean_c":37.15,"peak_c":38.2,"dose":111.7},"delta_mean_c":0.0,"delta_dose_pct":0,"distance_mi":0.893,"status_now":"walk","status_rec":"bus_eligible","reason":"Coolest route mean 37.1C exceeds threshold (110 C-min dose, actual 112).","safe_until_hour":"14:00"}},{"type":"Feature","geometry":{"type":"Polygon","coordinates":[[[-81.40119799979841,28.522701000350153],[-81.40119699997352,28.52251999979092],[-81.40119399960047,28.521978000226078],[-81.40119299977555,28.521798000036785],[-81.40064299995466,28.5218109996705],[-81.39918599993744,28.521826000156587],[-81.39918799958727,28.52195799960631],[-81.39918099991458,28.522623000025174],[-81.39918500011255,28.52273300032514],[-81.39958699979545,28.522725000135],[-81.39989599959193,28.522718999991966],[-81.40044999961081,28.52271399987251],[-81.40079500029061,28.522706999704894],[-81.40119799979841,28.522701000350153]]]},"properties":{"block_id":"120950116001014","school_id":"sch_jones_high","kids_est":0,"class":"green","shortest":{"len_m":1276.0,"mean_c":37.87,"peak_c":38.2,"dose":86.3},"coolest":{"len_m":1276.0,"mean_c":37.87,"peak_c":38.2,"dose":86.3},"delta_mean_c":0.0,"delta_dose_pct":0,"distance_mi":0.76,"status_now":"walk","status_rec":"walk","reason":"Shortest route already under threshold (dose 86).","safe_until_hour":null}},{"type":"Feature","geometry":{"type":"Polygon","coordinates":[[[-81.37427500025322,28.513867999778757],[-81.37427500025322,28.513546000093566],[-81.37426199983442,28.51293199970002],[-81.37312700003251,28.512943000193633],[-81.37220700031575,28.51295899968963],[-81.37221499981335,28.513888000354324],[-81.37235000043088,28.513889999780154],[-81.37427500025322,28.513867999778757]]]},"properties":{"block_id":"120950113003036","school_id":"sch_jones_high","kids_est":3,"class":"red","shortest":{"len_m":4966.3,"mean_c":37.12,"peak_c":38.2,"dose":284.3},"coolest":{"len_m":5060.2,"mean_c":36.33,"peak_c":38.2,"dose":233.1},"delta_mean_c":-0.79,"delta_dose_pct":-18,"distance_mi":2.123,"status_now":"bus","status_rec":"bus_eligible","reason":"Coolest route mean 36.3C exceeds threshold (110 C-min dose, actual 233).","safe_until_hour":"12:00"}},{"type":"Feature","geometry":{"type":"Polygon","coordinates":[[[-81.38027300020133,28.501026999821544],[-81.3802509995617,28.500874000114173],[-81.38020899972891,28.500719999952462],[-81.3802020000562,28.500641999948858],[-81.38019100018556,28.5002149997677],[-81.37959799980862,28.500217000242166],[-81.37862200001535,28.500234000326458],[-81.37873199962021,28.500728000232954],[-81.37874900023697,28.500802000035762],[-81.3788770002835,28.501340000157157],[-81.3791609999656,28.502498999835606],[-81.37922899973768,28.502774000348854],[-81.37926999974557,28.503001999719952],[-81.37936900037806,28.50306800019385],[-81.37967599962643,28.503065999773423],[-81.37976500021321,28.50307900013723],[-81.37978799977942,28.503006999984557],[-81.37979000032756,28.502960999751675],[-81.37979299980228,28.502911000230874],[-81.37978100010673,28.50283499990341],[-81.37972400020531,28.502604000317127],[-81.37969599971791,28.50248600018977],[-81.37961700007519,28.502159000190957],[-81.37939899961698,28.5012320001034],[-81.37939199994429,28.501188999780748],[-81.37940299981494,28.501139000209747],[-81.37941600023373,28.50111599968862],[-81.37945100039383,28.501074999776925],[-81.37949900007442,28.501046000234123],[-81.37955500015092,28.501029999720732],[-81.37988700041194,28.501026000381458],[-81.38004100039772,28.501026000381458],[-81.38024899991187,28.501026999821544],[-81.38027300020133,28.501026999821544]]]},"properties":{"block_id":"120950144002005","school_id":"sch_jones_high","kids_est":0,"class":"red","shortest":{"len_m":6001.5,"mean_c":37.14,"peak_c":38.2,"dose":344.6},"coolest":{"len_m":6257.1,"mean_c":36.48,"peak_c":38.2,"dose":301.4},"delta_mean_c":-0.66,"delta_dose_pct":-13,"distance_mi":2.531,"status_now":"bus","status_rec":"bus_eligible","reason":"Coolest route mean 36.5C exceeds threshold (110 C-min dose, actual 301).","safe_until_hour":"11:00"}},{"type":"Feature","geometry":{"type":"Polygon","coordinates":[[[-81.37123399999722,28.503072999665886],[-81.37136000039392,28.502911999653136],[-81.37122399995147,28.502859000262028],[-81.37110299957764,28.502806000054868],[-81.37100899986632,28.50276500001042],[-81.37089699971332,28.502703999625968],[-81.37079200013133,28.502633000221163],[-81.37066800028278,28.502537000127198],[-81.37058200006905,28.5024930001207],[-81.37048800035772,28.502464000178193],[-81.37039000044844,28.50245000031195],[-81.37036399961086,28.50245000031195],[-81.37008699960141,28.50245499981327],[-81.37008900014956,28.502684000087566],[-81.37009300034754,28.50294500031808],[-81.37008199957856,28.503000000087706],[-81.37006200038537,28.503051999987065],[-81.37003200024816,28.50310100002058],[-81.3699719999737,28.503163999804688],[-81.36991500007228,28.50319900001936],[-81.36985099959988,28.503222000086435],[-81.36981200014012,28.50322700034062],[-81.3697829998278,28.5032310003859],[-81.36958299981127,28.503231999805134],[-81.36958199998635,28.503360999801636],[-81.36958199998635,28.503747999634243],[-81.36958199998635,28.503877999991794],[-81.36964200026081,28.503877999991794],[-81.36965499978129,28.503877999991794],[-81.36972000007862,28.50389199966855],[-81.36978100017798,28.50391699998892],[-81.36981299996503,28.503935999881058],[-81.36983700025449,28.503950000339533],[-81.3698589999958,28.503976000058337],[-81.36992000009516,28.503957000173358],[-81.37024399996027,28.50395099975195],[-81.37026700042479,28.50395099975195],[-81.37032900034907,28.503941000101403],[-81.3703879999003,28.50392200021014],[-81.37046800026624,28.503877999991794],[-81.37051299957378,28.503840000183175],[-81.3706969996968,28.503647999735968],[-81.37095399961474,28.503363999634427],[-81.37110599995071,28.50320499969413],[-81.37123399999722,28.503072999665886]]]},"properties":{"block_id":"120950139001010","school_id":"sch_jones_high","kids_est":6,"class":"red","shortest":{"len_m":6155.0,"mean_c":36.51,"peak_c":38.2,"dose":301.0},"coolest":{"len_m":6315.3,"mean_c":36.36,"peak_c":38.2,"dose":294.7},"delta_mean_c":-0.15,"delta_dose_pct":-2,"distance_mi":2.739,"status_now":"bus","status_rec":"bus_eligible","reason":"Coolest route mean 36.4C exceeds threshold (110 C-min dose, actual 295).","safe_until_hour":"11:00"}},{"type":"Feature","geometry":{"type":"Polygon","coordinates":[[[-81.40119299977555,28.521798000036785],[-81.40119199995064,28.521720999866357],[-81.40119000030083,28.521492999913395],[-81.40119000030083,28.521417000345725],[-81.40118899957758,28.521310999610915],[-81.40118699992776,28.520995000004767],[-81.40118699992776,28.520889999676207],[-81.40020799976146,28.520908999668244],[-81.39917300041697,28.520915999955246],[-81.39918599993744,28.521826000156587],[-81.40064299995466,28.5218109996705],[-81.40119299977555,28.521798000036785]]]},"properties":{"block_id":"120950116001015","school_id":"sch_jones_high","kids_est":19,"class":"green","shortest":{"len_m":1428.1,"mean_c":37.87,"peak_c":38.2,"dose":96.5},"coolest":{"len_m":1428.1,"mean_c":37.87,"peak_c":38.2,"dose":96.5},"delta_mean_c":0.0,"delta_dose_pct":0,"distance_mi":0.822,"status_now":"walk","status_rec":"walk","reason":"Shortest route already under threshold (dose 96).","safe_until_hour":null}},{"type":"Feature","geometry":{"type":"Polygon","coordinates":[[[-81.39496700022184,28.520065000334526],[-81.39496300002388,28.519880999833397],[-81.394958000001,28.519617000303775],[-81.39495600035117,28.519329000350037],[-81.39495499962796,28.519146000200884],[-81.39474899976364,28.519149999642522],[-81.39413399964539,28.5191639996603],[-81.39393000032919,28.51916899994812],[-81.39393000032919,28.519349999945707],[-81.39393299980394,28.519894999754104],[-81.39393399962884,28.520077000132993],[-81.39414000039149,28.520075000035135],[-81.39430900044589,28.520075000035135],[-81.39475999963429,28.52006799969231],[-81.39496700022184,28.520065000334526]]]},"properties":{"block_id":"120950185002012","school_id":"sch_jones_high","kids_est":3,"class":"red","shortest":{"len_m":2393.3,"mean_c":37.3,"peak_c":38.2,"dose":142.7},"coolest":{"len_m":2398.2,"mean_c":37.14,"peak_c":38.2,"dose":138.0},"delta_mean_c":-0.16,"delta_dose_pct":-3,"distance_mi":1.0,"status_now":"walk","status_rec":"bus_eligible","reason":"Coolest route mean 37.1C exceeds threshold (110 C-min dose, actual 138).","safe_until_hour":"14:00"}},{"type":"Feature","geometry":{"type":"Polygon","coordinates":[[[-81.39209199964718,28.538259000299472],[-81.39207499992874,28.537825000164315],[-81.39207499992874,28.53767399994352],[-81.39171199970558,28.53767900014248],[-81.39101999959445,28.537674999825473],[-81.39103200018835,28.53827100039417],[-81.39109400011262,28.53827100039417],[-81.39209199964718,28.538259000299472]]]},"properties":{"block_id":"120950105001017","school_id":"sch_jones_high","kids_est":13,"class":"red","shortest":{"len_m":1640.0,"mean_c":38.45,"peak_c":38.6,"dose":124.1},"coolest":{"len_m":1654.3,"mean_c":38.35,"peak_c":38.5,"dose":122.6},"delta_mean_c":-0.1,"delta_dose_pct":-1,"distance_mi":0.602,"status_now":"walk","status_rec":"bus_eligible","reason":"Coolest route mean 38.4C exceeds threshold (110 C-min dose, actual 123).","safe_until_hour":"14:00"}},{"type":"Feature","geometry":{"type":"Polygon","coordinates":[[[-81.39101899976954,28.53647000021973],[-81.39102200014258,28.536443999831445],[-81.39101700011973,28.53560700029359],[-81.38998199987692,28.535609999998346],[-81.38999100009777,28.536378999621743],[-81.38999100009777,28.5365019999604],[-81.39005499967185,28.5365019999604],[-81.3905080003067,28.53649699970558],[-81.39101899976954,28.53647000021973]]]},"properties":{"block_id":"120950105001037","school_id":"sch_jones_high","kids_est":3,"class":"green","shortest":{"len_m":1467.7,"mean_c":38.39,"peak_c":38.6,"dose":109.7},"coolest":{"len_m":1469.5,"mean_c":38.33,"peak_c":38.5,"dose":108.7},"delta_mean_c":-0.06,"delta_dose_pct":-1,"distance_mi":0.604,"status_now":"walk","status_rec":"walk","reason":"Shortest route already under threshold (dose 110).","safe_until_hour":null}},{"type":"Feature","geometry":{"type":"Polygon","coordinates":[[[-81.4014849998536,28.542215999664364],[-81.40132599984494,28.54163000012959],[-81.40129999990569,28.54148700018326],[-81.40129499988281,28.541343000195717],[-81.40130300027873,28.541246999831582],[-81.40139500034023,28.540755000044896],[-81.40141399970848,28.540603000223655],[-81.40143200015017,28.540398999786554],[-81.40143999964776,28.540177999787968],[-81.40120500036943,28.540182999868076],[-81.39930800013619,28.540169000274545],[-81.39930899996108,28.540352000225628],[-81.3993149998089,28.540900999749784],[-81.39931700035702,28.54108400000765],[-81.39932099965667,28.54126399961475],[-81.39932200037988,28.54128000033653],[-81.39932700040276,28.541476000300754],[-81.39932800022767,28.541732999838175],[-81.39932800022767,28.54180700006468],[-81.3993299998775,28.54198899969675],[-81.40038299966366,28.541993999690852],[-81.40095500012418,28.541992999849874],[-81.4010460003608,28.542001000155736],[-81.40113400022433,28.542021000128553],[-81.40121799988992,28.542051999921075],[-81.40129700043094,28.542092999683558],[-81.4014849998536,28.542215999664364]]]},"properties":{"block_id":"120950183003033","school_id":"sch_jones_high","kids_est":0,"class":"green","shortest":{"len_m":1076.8,"mean_c":38.26,"peak_c":38.4,"dose":78.5},"coolest":{"len_m":1076.8,"mean_c":38.26,"peak_c":38.4,"dose":78.5},"delta_mean_c":0.0,"delta_dose_pct":0,"distance_mi":0.533,"status_now":"walk","status_rec":"walk","reason":"Shortest route already under threshold (dose 78).","safe_until_hour":null}},{"type":"Feature","geometry":{"type":"Polygon","coordinates":[[[-81.3908959997459,28.52587999962093],[-81.39089400009607,28.5257710002318],[-81.39089099972304,28.525584000228033],[-81.39088400005032,28.52521000001446],[-81.39087300017967,28.52449599979685],[-81.39087400000459,28.5240880000945],[-81.39087599965441,28.52371400009835],[-81.3907190001939,28.523704999968142],[-81.39046200027595,28.523710000040605],[-81.38928499974291,28.523735999624183],[-81.38921899962068,28.523737999652585],[-81.38885700012074,28.523754999892567],[-81.3888060000671,28.523760999976634],[-81.38880799971692,28.52393499989771],[-81.38881500028793,28.524457000305585],[-81.3888179997627,28.524630999867128],[-81.38882000031082,28.52482600001427],[-81.38882799980843,28.525411999868307],[-81.38883100018148,28.525608000145763],[-81.38883299983131,28.525793000117577],[-81.3888400004023,28.526347999663514],[-81.38884299987704,28.52653299991517],[-81.38925200013095,28.52652999995209],[-81.3904809996442,28.52652300003786],[-81.39089099972304,28.526522000050093],[-81.39089200044624,28.526333999810504],[-81.3908959997459,28.52587999962093]]]},"properties":{"block_id":"120950185001026","school_id":"sch_jones_high","kids_est":0,"class":"red","shortest":{"len_m":2293.5,"mean_c":36.77,"peak_c":38.2,"dose":119.9},"coolest":{"len_m":2297.6,"mean_c":36.75,"peak_c":38.2,"dose":119.4},"delta_mean_c":-0.02,"delta_dose_pct":0,"distance_mi":0.833,"status_now":"walk","status_rec":"bus_eligible","reason":"Coolest route mean 36.8C exceeds threshold (110 C-min dose, actual 119).","safe_until_hour":"14:00"}},{"type":"Feature","geometry":{"type":"Polygon","coordinates":[[[-81.39085700028615,28.52102300033782],[-81.39085499973802,28.52083999997165],[-81.39084999971514,28.5202920001714],[-81.39084899989022,28.520110000163704],[-81.39046300010087,28.520113000309475],[-81.38930900003237,28.52012500010247],[-81.38888600043305,28.520129000296297],[-81.3887690002572,28.52013000034472],[-81.38877400028007,28.520311000271203],[-81.3887840003258,28.52062100008638],[-81.38877799957972,28.520853999765034],[-81.38877799957972,28.520880000052937],[-81.38878199977768,28.52103600006709],[-81.38888600043305,28.521035000027254],[-81.38931099968218,28.52102899978805],[-81.3900379999534,28.52102200029788],[-81.39046999977354,28.52102200029788],[-81.39085700028615,28.52102300033782]]]},"properties":{"block_id":"120950185001022","school_id":"sch_jones_high","kids_est":1,"class":"red","shortest":{"len_m":2551.1,"mean_c":37.19,"peak_c":38.2,"dose":148.4},"coolest":{"len_m":2564.1,"mean_c":36.68,"peak_c":38.2,"dose":131.0},"delta_mean_c":-0.51,"delta_dose_pct":-12,"distance_mi":1.071,"status_now":"walk","status_rec":"bus_eligible","reason":"Coolest route mean 36.7C exceeds threshold (110 C-min dose, actual 131).","safe_until_hour":"14:00"}},{"type":"Feature","geometry":{"type":"Polygon","coordinates":[[[-81.39829299998487,28.540142000151377],[-81.3982810002893,28.539321000232935],[-81.39827500044152,28.53849300032153],[-81.39827899974115,28.538263999681472],[-81.39826799987053,28.53824999983294],[-81.39803799971673,28.538243999784594],[-81.39722099993214,28.538236999859222],[-81.39722000010723,28.538282999698378],[-81.39721699973418,28.538439999873066],[-81.39723000015296,28.539170999656534],[-81.3972460000465,28.540152000314666],[-81.39745199991083,28.540154000031606],[-81.39807299987685,28.540160999829606],[-81.3980910003185,28.54016199968797],[-81.3982810002893,28.540160999829606],[-81.39829299998487,28.540142000151377]]]},"properties":{"block_id":"120950183003039","school_id":"sch_jones_high","kids_est":0,"class":"green","shortest":{"len_m":1165.5,"mean_c":38.43,"peak_c":38.6,"dose":87.5},"coolest":{"len_m":1166.1,"mean_c":38.41,"peak_c":38.6,"dose":87.3},"delta_mean_c":-0.02,"delta_dose_pct":0,"distance_mi":0.424,"status_now":"walk","status_rec":"walk","reason":"Shortest route already under threshold (dose 88).","safe_until_hour":null}},{"type":"Feature","geometry":{"type":"Polygon","coordinates":[[[-81.39517100043633,28.53769100030323],[-81.3951689998882,28.537573999861156],[-81.39516499969024,28.537225999781576],[-81.39516399986532,28.53711000028876],[-81.39494299993237,28.53710699983758],[-81.39428000013356,28.537100999724075],[-81.39405900020064,28.537098999949247],[-81.39406199967536,28.537680000024395],[-81.39517100043633,28.53769100030323]]]},"properties":{"block_id":"120950105001022","school_id":"sch_jones_high","kids_est":0,"class":"green","shortest":{"len_m":1292.5,"mean_c":38.45,"peak_c":38.7,"dose":97.8},"coolest":{"len_m":1293.1,"mean_c":38.44,"peak_c":38.7,"dose":97.6},"delta_mean_c":-0.01,"delta_dose_pct":0,"distance_mi":0.428,"status_now":"walk","status_rec":"walk","reason":"Shortest route already under threshold (dose 98).","safe_until_hour":null}},{"type":"Feature","geometry":{"type":"Polygon","coordinates":[[[-81.39515499964448,28.53649699970558],[-81.39515200016976,28.536318999635398],[-81.39514299994893,28.535784999988238],[-81.39514100029909,28.53560700029359],[-81.39500200038192,28.5356049997012],[-81.39458800010514,28.53560100009472],[-81.39445000001288,28.535600000193032],[-81.39444800036306,28.535776999999527],[-81.39444599981492,28.536308000002506],[-81.39444599981492,28.536332999740527],[-81.39445300038592,28.53648500019802],[-81.39459300012801,28.536487999877725],[-81.39480400001521,28.536494999919302],[-81.39501400007751,28.53649599981244],[-81.39515499964448,28.53649699970558]]]},"properties":{"block_id":"120950105001046","school_id":"sch_jones_high","kids_est":12,"class":"green","shortest":{"len_m":1113.8,"mean_c":38.42,"peak_c":38.6,"dose":83.7},"coolest":{"len_m":1114.4,"mean_c":38.41,"peak_c":38.6,"dose":83.5},"delta_mean_c":-0.01,"delta_dose_pct":0,"distance_mi":0.365,"status_now":"walk","status_rec":"walk","reason":"Shortest route already under threshold (dose 84).","safe_until_hour":null}},{"type":"Feature","geometry":{"type":"Polygon","coordinates":[[[-81.39508799969732,28.532036999937326],[-81.39508100002466,28.531663999672524],[-81.39343499986157,28.531674999790198],[-81.39343999988444,28.532058000158393],[-81.39388900032132,28.532058000158393],[-81.3939019998418,28.532058000158393],[-81.3939450003978,28.532048000016054],[-81.39450699991428,28.532039999743652],[-81.39508799969732,28.532036999937326]]]},"properties":{"block_id":"120950104001033","school_id":"sch_jones_high","kids_est":20,"class":"green","shortest":{"len_m":1155.1,"mean_c":37.66,"peak_c":38.2,"dose":74.7},"coolest":{"len_m":1155.1,"mean_c":37.66,"peak_c":38.2,"dose":74.7},"delta_mean_c":0.0,"delta_dose_pct":0,"distance_mi":0.361,"status_now":"walk","status_rec":"walk","reason":"Shortest route already under threshold (dose 75).","safe_until_hour":null}},{"type":"Feature","geometry":{"type":"Polygon","coordinates":[[[-81.3908329999967,28.5182880000411],[-81.3908320001718,28.518105999731585],[-81.3908320001718,28.518084999888124],[-81.39082200012605,28.517716000265647],[-81.39082200012605,28.51756000007538],[-81.39082299995097,28.51737900016254],[-81.3904379999865,28.51738399974565],[-81.39040399965131,28.517384999820106],[-81.38928300009309,28.51739299962611],[-81.38889800012863,28.51739599984918],[-81.38887399983918,28.51740000014654],[-81.38882899963333,28.517415999755702],[-81.38881399956473,28.517431000077707],[-81.38879099999852,28.517443000175945],[-81.38876300040941,28.517478999673116],[-81.3887490001657,28.517521000386452],[-81.38874999999062,28.51760500018436],[-81.38876199968618,28.518128999705596],[-81.38876599988416,28.518304000304855],[-81.38886399979344,28.518303000239065],[-81.3892129997729,28.51830000004181],[-81.39042700011585,28.51829100023876],[-81.3908329999967,28.5182880000411]]]},"properties":{"block_id":"120950185002004","school_id":"sch_jones_high","kids_est":3,"class":"red","shortest":{"len_m":2854.1,"mean_c":37.36,"peak_c":38.2,"dose":172.6},"coolest":{"len_m":2873.0,"mean_c":36.59,"peak_c":38.2,"dose":143.2},"delta_mean_c":-0.77,"delta_dose_pct":-17,"distance_mi":1.23,"status_now":"walk","status_rec":"bus_eligible","reason":"Coolest route mean 36.6C exceeds threshold (110 C-min dose, actual 143).","safe_until_hour":"14:00"}},{"type":"Feature","geometry":{"type":"Polygon","coordinates":[[[-81.38897299957338,28.53652699965239],[-81.38897199974846,28.536506000321864],[-81.38897199974846,28.53646499996346],[-81.38896900027373,28.535608000195165],[-81.38896300042596,28.53558200038331],[-81.38895699967985,28.535393999731788],[-81.38895500003002,28.53528799963631],[-81.3878469999923,28.53527599999107],[-81.38781100000729,28.53527599999107],[-81.38775800030383,28.535275000086344],[-81.38741699982198,28.53527200037205],[-81.38570600025989,28.53527899970519],[-81.3848340002237,28.535297000355875],[-81.3848340002237,28.535339000283752],[-81.38483199967557,28.535479000185457],[-81.38483800042167,28.535632000197918],[-81.38484599991926,28.535864999841664],[-81.38484599991926,28.535905999644413],[-81.38484599991926,28.53604000019724],[-81.38484799956909,28.536374000150293],[-81.3848490002923,28.536443999831445],[-81.38485299959197,28.53648699998451],[-81.38511600025599,28.53650800010795],[-81.38555999977171,28.536553000020177],[-81.38609299987418,28.536574000130525],[-81.3867210004112,28.53656099994996],[-81.386875000397,28.53655900016488],[-81.38733999982908,28.536554999805436],[-81.38749499963978,28.53655399991277],[-81.38809300003959,28.536548999660493],[-81.38842299975248,28.536546999875185],[-81.38897299957338,28.53652699965239]]]},"properties":{"block_id":"120950105001035","school_id":"sch_jones_high","kids_est":0,"class":"red","shortest":{"len_m":1877.0,"mean_c":38.28,"peak_c":38.6,"dose":137.3},"coolest":{"len_m":1885.3,"mean_c":38.1,"peak_c":38.4,"dose":133.2},"delta_mean_c":-0.18,"delta_dose_pct":-3,"distance_mi":0.812,"status_now":"walk","status_rec":"bus_eligible","reason":"Coolest route mean 38.1C exceeds threshold (110 C-min dose, actual 133).","safe_until_hour":"14:00"}},{"type":"Feature","geometry":{"type":"Polygon","coordinates":[[[-81.37576099968442,28.499079999904616],[-81.37576099968442,28.498562999889863],[-81.37575700038478,28.498530999686626],[-81.37573300009532,28.49836399989932],[-81.37572899989736,28.498334000145885],[-81.37394499964202,28.498353000253868],[-81.37393799996933,28.497457999638467],[-81.37327299962239,28.497460000165187],[-81.3729429999095,28.497460000165187],[-81.3729089995743,28.49746799990338],[-81.37288199981012,28.497473999903992],[-81.37285500004594,28.49747200016698],[-81.37282599973362,28.497472999640742],[-81.37279999979437,28.497478999641068],[-81.37277100038035,28.497496000166425],[-81.37274100024312,28.497511000163303],[-81.37270799973285,28.49752600015807],[-81.37266500007516,28.497541000150672],[-81.37263099973997,28.49754400014894],[-81.37261499984643,28.49754400014894],[-81.37258700025734,28.49754400014894],[-81.37256799999076,28.497542999886377],[-81.3725279998078,28.497527999894054],[-81.37250000021871,28.497515999898624],[-81.37245500001286,28.497505000164818],[-81.37241599965479,28.49749699963997],[-81.37235999957831,28.497494999903402],[-81.37233199998921,28.497494999903402],[-81.37229799965404,28.497494999903402],[-81.3722609998441,28.49749799990298],[-81.37221999983623,28.497509999900434],[-81.3721830000263,28.49750399990186],[-81.37215399971399,28.49749399964035],[-81.37213399962249,28.497485999904168],[-81.37211899955389,28.497472999640742],[-81.37209799963749,28.497463000165784],[-81.3720840002921,28.49746199990242],[-81.36911099980817,28.49749399964035],[-81.36899199998247,28.49749699963997],[-81.36955199984912,28.496996000102975],[-81.3705560001298,28.496099000058805],[-81.37044700034984,28.495946000312035],[-81.37044800017476,28.49601900003312],[-81.37015400044687,28.495866000170373],[-81.3699999995628,28.495785999968067],[-81.3693669999012,28.495033999681553],[-81.36915299964096,28.495204000065964],[-81.36911300035631,28.495235999699016],[-81.3688949998981,28.495368000056562],[-81.36873300041471,28.495516000021894],[-81.36859000029956,28.49570399993465],[-81.36836599999359,28.496023000351624],[-81.36824100032011,28.49624300026802],[-81.3682399995969,28.496252000373268],[-81.36822299987845,28.496512999933383],[-81.36831599976486,28.497144999630702],[-81.36840399962843,28.49752999963],[-81.36864700020098,28.498026000078944],[-81.36875299960786,28.498146999648558],[-81.36894000010393,28.498279000312657],[-81.36936400042647,28.498477000209782],[-81.36953199975765,28.498515000370816],[-81.37006099966216,28.498498000009615],[-81.37021100034829,28.498475999956018],[-81.37035399956511,28.498449000206996],[-81.37065300021418,28.498371000103702],[-81.37086599975119,28.498284000011594],[-81.37112600004218,28.498178999968253],[-81.37134399960208,28.498140000218754],[-81.37157399975585,28.498128999760517],[-81.37178600036627,28.498079000318548],[-81.37195399969742,28.498008000170294],[-81.37213500034572,28.497953000167126],[-81.37219300007206,28.497880000204812],[-81.37223499990485,28.497825999605393],[-81.37232799979125,28.49767700024963],[-81.37232799979125,28.49759500010646],[-81.37237800001996,28.497578000386536],[-81.37243900011933,28.497613000085593],[-81.37252100013511,28.49766100001488],[-81.37263900013588,28.497650000296165],[-81.37275799996155,28.497578000386536],[-81.37285699969577,28.49758400038086],[-81.37289500022892,28.497650000296165],[-81.37291399959717,28.497776000019876],[-81.37291600014532,28.497792999707944],[-81.37285099984798,28.497990999727403],[-81.37278300007591,28.49829899989649],[-81.37273100019738,28.498444999980425],[-81.37270199988507,28.498530000222864],[-81.37268400034174,28.498761000043604],[-81.37265599985432,28.498887000019778],[-81.37262099969423,28.499046999609813],[-81.37250299969344,28.499350000206555],[-81.37235399973052,28.499613999939093],[-81.37221099961539,28.49982899984934],[-81.3721550004372,28.499993999997464],[-81.37210400038359,28.50014100034269],[-81.372041999561,28.50026799969739],[-81.37188699975029,28.500404999675272],[-81.37149400028822,28.500674999744888],[-81.37133199990652,28.500725000325204],[-81.37100200019363,28.50082899997223],[-81.37071000011558,28.500973000043025],[-81.37055399958166,28.501204000042158],[-81.37060999965814,28.501424000210275],[-81.3707600003443,28.50189099962462],[-81.37097799990418,28.50212199998242],[-81.3711400002859,28.502182999913884],[-81.3714080000745,28.502210000286436],[-81.37173799978736,28.502155000105027],[-81.37213000032287,28.502159999620318],[-81.37262300024236,28.502253999621477],[-81.37294600028254,28.502232000350972],[-81.37321400007114,28.502198000033992],[-81.37371200001353,28.50176399985495],[-81.37382400016651,28.501355999834104],[-81.37381800031872,28.50098199974489],[-81.37369899959472,28.50063600012836],[-81.37369899959472,28.500377000184038],[-81.373872999672,28.500194999757543],[-81.3740910001302,28.50017899990455],[-81.37439699955364,28.500177999666956],[-81.37440999997244,28.500175999981188],[-81.37465199982178,28.500155999963603],[-81.3746889996317,28.500144999715502],[-81.37482199970108,28.5000819997078],[-81.3749990001514,28.4999980001653],[-81.37554200029962,28.499437999664476],[-81.37568600023967,28.4992289996479],[-81.37576099968442,28.499079999904616]]]},"properties":{"block_id":"120950139001007","school_id":"sch_jones_high","kids_est":0,"class":"red","shortest":{"len_m":6004.9,"mean_c":37.14,"peak_c":38.2,"dose":345.0},"coolest":{"len_m":6254.1,"mean_c":36.48,"peak_c":38.2,"dose":301.6},"delta_mean_c":-0.66,"delta_dose_pct":-13,"distance_mi":2.743,"status_now":"bus","status_rec":"bus_eligible","reason":"Coolest route mean 36.5C exceeds threshold (110 C-min dose, actual 302).","safe_until_hour":"11:00"}},{"type":"Feature","geometry":{"type":"Polygon","coordinates":[[[-81.36801299981617,28.50305899988048],[-81.36801100016635,28.50288299982575],[-81.36800500031856,28.502355000268444],[-81.36800399959533,28.502178999828885],[-81.36800299977044,28.502066999755122],[-81.3676980001719,28.502072000064064],[-81.36747700023895,28.50207499993351],[-81.36593700038108,28.502091999718466],[-81.36405299966832,28.502102000333704],[-81.36423000011864,28.502359000346804],[-81.36436400001294,28.502564999834686],[-81.36452700021955,28.50254599969566],[-81.36490700016115,28.502537000127198],[-81.3653959998827,28.502534000270884],[-81.36621400039051,28.502527999768535],[-81.36626299989602,28.502530999625016],[-81.36630800010187,28.50254800012593],[-81.36634499991177,28.502574999615636],[-81.36637199967596,28.502611000240236],[-81.36638400026983,28.502652999769232],[-81.36638000007187,28.50285500020265],[-81.36640199981318,28.503658999618917],[-81.36640699983606,28.504153000068616],[-81.3664169998818,28.504194000363157],[-81.36644100017124,28.504232000044272],[-81.36647600033135,28.504261999699757],[-81.36651899998905,28.504281999728477],[-81.36656599984472,28.50429099993754],[-81.36741799978941,28.504277000313717],[-81.36740600009385,28.504167999908656],[-81.36740400044403,28.504039000109383],[-81.36739400039828,28.50332599964069],[-81.36739100002524,28.503088999869505],[-81.36740899956858,28.5030870002389],[-81.36746399982019,28.503084999818814],[-81.36748300008675,28.503084999818814],[-81.36758799966871,28.50307900013723],[-81.36769499979884,28.503072999665886],[-81.36790700040928,28.503064000142384],[-81.36801299981617,28.50305899988048]]]},"properties":{"block_id":"120950139002034","school_id":"sch_jones_high","kids_est":10,"class":"red","shortest":{"len_m":6384.0,"mean_c":36.52,"peak_c":38.2,"dose":313.2},"coolest":{"len_m":6544.3,"mean_c":36.38,"peak_c":38.2,"dose":306.9},"delta_mean_c":-0.14,"delta_dose_pct":-2,"distance_mi":2.913,"status_now":"bus","status_rec":"bus_eligible","reason":"Coolest route mean 36.4C exceeds threshold (110 C-min dose, actual 307).","safe_until_hour":"11:00"}},{"type":"Feature","geometry":{"type":"Polygon","coordinates":[[[-81.3889099998242,28.531817999637205],[-81.38890800017437,28.531670000095627],[-81.38890200032658,28.531228000110126],[-81.38889999977846,28.531080999684573],[-81.38873200044728,28.531078999795437],[-81.38823000030693,28.531075999961754],[-81.38806299990237,28.531075000017168],[-81.38800799965077,28.531074000072596],[-81.38784600016739,28.531074000072596],[-81.38782299970285,28.531074000072596],[-81.38779199974071,28.531074000072596],[-81.38771899994578,28.531073000127986],[-81.38770399987716,28.531073000127986],[-81.38744000028652,28.531071000238697],[-81.38735200042298,28.531071000238697],[-81.38735200042298,28.531104999929138],[-81.38735200042298,28.531207999666982],[-81.38735200042298,28.53124300004539],[-81.38735200042298,28.531344999706402],[-81.3873549998977,28.531649999736324],[-81.38735599972262,28.531752999730813],[-81.38735999992058,28.5319769998463],[-81.38737300033935,28.532651000352143],[-81.38737800036225,28.532876000064835],[-81.38737900018715,28.532934999717067],[-81.387488999792,28.53293900021396],[-81.38767700011299,28.532938000287057],[-81.38774099968708,28.532938000287057],[-81.38783799977146,28.532938000287057],[-81.38794200042685,28.532937000360157],[-81.3882279997588,28.532937000360157],[-81.38822399956084,28.53289199969289],[-81.38821000021547,28.531812999949352],[-81.38834999995754,28.53181399988693],[-81.3887700000821,28.531816999699668],[-81.3889099998242,28.531817999637205]]]},"properties":{"block_id":"120950104001028","school_id":"sch_jones_high","kids_est":22,"class":"green","shortest":{"len_m":1659.9,"mean_c":37.29,"peak_c":38.2,"dose":99.4},"coolest":{"len_m":1659.9,"mean_c":37.29,"peak_c":38.2,"dose":99.4},"delta_mean_c":0.0,"delta_dose_pct":0,"distance_mi":0.735,"status_now":"walk","status_rec":"walk","reason":"Shortest route already under threshold (dose 99).","safe_until_hour":null}},{"type":"Feature","geometry":{"type":"Polygon","coordinates":[[[-81.3991059995715,28.512701000120504],[-81.3991059995715,28.512687000034013],[-81.39910200027185,28.512374000209427],[-81.39910300009677,28.512019999850875],[-81.39909800007389,28.511773000179137],[-81.39862699989571,28.511780999621514],[-81.39852399996356,28.511781999749097],[-81.39821500016707,28.5117879997251],[-81.39811300005982,28.511789999980127],[-81.39790899984531,28.51179300036266],[-81.39746199995656,28.511801999930874],[-81.39725100006937,28.511811999625657],[-81.39709799990848,28.511820999981687],[-81.3970769999921,28.511820999981687],[-81.39706000027365,28.5118220001089],[-81.3970500002279,28.51262499974158],[-81.3970219997405,28.51270700004422],[-81.3970219997405,28.512723999694682],[-81.39706899959617,28.512723999694682],[-81.39727899965847,28.512724999813333],[-81.39779300039267,28.512712999967594],[-81.39887700014096,28.51269699964491],[-81.3991059995715,28.512701000120504]]]},"properties":{"block_id":"120950116001034","school_id":"sch_jones_high","kids_est":13,"class":"red","shortest":{"len_m":2861.4,"mean_c":37.57,"peak_c":38.2,"dose":181.7},"coolest":{"len_m":2932.0,"mean_c":37.15,"peak_c":38.2,"dose":169.0},"delta_mean_c":-0.42,"delta_dose_pct":-7,"distance_mi":1.452,"status_now":"walk","status_rec":"bus_eligible","reason":"Coolest route mean 37.1C exceeds threshold (110 C-min dose, actual 169).","safe_until_hour":"14:00"}},{"type":"Feature","geometry":{"type":"Polygon","coordinates":[[[-81.38128499997958,28.524941999610984],[-81.38126200041336,28.524722000349037],[-81.38122999972799,28.52441099995619],[-81.38120100031401,28.524063999830712],[-81.38119700011605,28.52400599995992],[-81.38117799984946,28.5238450003282],[-81.38094600004588,28.523846000341372],[-81.3805100000278,28.523849000380824],[-81.3802509995617,28.523850999617842],[-81.38001999958301,28.523852999644056],[-81.38001999958301,28.52407299993026],[-81.38002100030624,28.52414499990986],[-81.38003300000182,28.524734999622204],[-81.38003800002468,28.52495599964894],[-81.38028700044502,28.524952999640927],[-81.38103499973433,28.524943999616514],[-81.38128499997958,28.524941999610984]]]},"properties":{"block_id":"120950185003018","school_id":"sch_jones_high","kids_est":0,"class":"red","shortest":{"len_m":3035.5,"mean_c":36.74,"peak_c":38.2,"dose":158.5},"coolest":{"len_m":3035.5,"mean_c":36.74,"peak_c":38.2,"dose":158.5},"delta_mean_c":0.0,"delta_dose_pct":0,"distance_mi":1.325,"status_now":"walk","status_rec":"bus_eligible","reason":"Coolest route mean 36.7C exceeds threshold (110 C-min dose, actual 158).","safe_until_hour":"14:00"}},{"type":"Feature","geometry":{"type":"Polygon","coordinates":[[[-81.37956900039462,28.52240099981648],[-81.37956199982361,28.5218859997117],[-81.37956000017378,28.52111800014386],[-81.37851300023542,28.521124999627688],[-81.37851999990811,28.521644999673672],[-81.3784830000982,28.521808000362284],[-81.37841100012817,28.52191299977661],[-81.37831300021888,28.522024000058543],[-81.37821500030957,28.52210200003739],[-81.37815000001225,28.522185000103363],[-81.37811400002725,28.522275000300723],[-81.37806999964631,28.522420000325518],[-81.37836900029538,28.522416000218612],[-81.37857400033478,28.52241300013837],[-81.37926899992065,28.522403999897048],[-81.37956900039462,28.52240099981648]]]},"properties":{"block_id":"120950185003021","school_id":"sch_jones_high","kids_est":0,"class":"red","shortest":{"len_m":3621.1,"mean_c":36.64,"peak_c":38.2,"dose":183.6},"coolest":{"len_m":3621.1,"mean_c":36.64,"peak_c":38.2,"dose":183.6},"delta_mean_c":0.0,"delta_dose_pct":0,"distance_mi":1.501,"status_now":"walk","status_rec":"bus_eligible","reason":"Coolest route mean 36.6C exceeds threshold (110 C-min dose, actual 184).","safe_until_hour":"14:00"}},{"type":"Feature","geometry":{"type":"Polygon","coordinates":[[[-81.37956000017378,28.52111800014386],[-81.37957699989222,28.520162000310737],[-81.37913800039941,28.520167999809964],[-81.37850700038763,28.52018599988417],[-81.37851599971015,28.52096999978567],[-81.37851300023542,28.521124999627688],[-81.37956000017378,28.52111800014386]]]},"properties":{"block_id":"120950185003020","school_id":"sch_jones_high","kids_est":8,"class":"red","shortest":{"len_m":3736.5,"mean_c":36.62,"peak_c":38.2,"dose":188.4},"coolest":{"len_m":3889.4,"mean_c":36.38,"peak_c":38.2,"dose":182.3},"delta_mean_c":-0.24,"delta_dose_pct":-3,"distance_mi":1.541,"status_now":"walk","status_rec":"bus_eligible","reason":"Coolest route mean 36.4C exceeds threshold (110 C-min dose, actual 182).","safe_until_hour":"14:00"}},{"type":"Feature","geometry":{"type":"Polygon","coordinates":[[[-81.37851300023542,28.521124999627688],[-81.37851599971015,28.52096999978567],[-81.37850700038763,28.52018599988417],[-81.3781459998143,28.520196000362628],[-81.37743899963455,28.520223000071027],[-81.37743799980964,28.52031000022451],[-81.37744000035778,28.520404999883674],[-81.37744899968028,28.520669999851503],[-81.37745299987827,28.520950999804626],[-81.3774560002513,28.521133999978193],[-81.3776670001385,28.521131999900327],[-81.37830099962498,28.521125999666708],[-81.37851300023542,28.521124999627688]]]},"properties":{"block_id":"120950185003045","school_id":"sch_jones_high","kids_est":0,"class":"red","shortest":{"len_m":3792.0,"mean_c":36.61,"peak_c":38.2,"dose":190.9},"coolest":{"len_m":3792.0,"mean_c":36.61,"peak_c":38.2,"dose":190.7},"delta_mean_c":0.0,"delta_dose_pct":0,"distance_mi":1.594,"status_now":"walk","status_rec":"bus_eligible","reason":"Coolest route mean 36.6C exceeds threshold (110 C-min dose, actual 191).","safe_until_hour":"14:00"}},{"type":"Feature","geometry":{"type":"Polygon","coordinates":[[[-81.37415700025245,28.509310999696325],[-81.3741549997043,28.509049000062618],[-81.3741539998794,28.508932000193806],[-81.37372100023435,28.508937000177337],[-81.37372000040943,28.508799000070585],[-81.3732099998732,28.508807999894305],[-81.37321300024622,28.50914800021461],[-81.37321499989605,28.509320999627285],[-81.37415700025245,28.509310999696325]]]},"properties":{"block_id":"120950139001013","school_id":"sch_jones_high","kids_est":0,"class":"red","shortest":{"len_m":5248.9,"mean_c":37.16,"peak_c":38.2,"dose":303.3},"coolest":{"len_m":5395.1,"mean_c":36.37,"peak_c":38.2,"dose":252.4},"delta_mean_c":-0.79,"delta_dose_pct":-17,"distance_mi":2.309,"status_now":"bus","status_rec":"bus_eligible","reason":"Coolest route mean 36.4C exceeds threshold (110 C-min dose, actual 252).","safe_until_hour":"12:00"}},{"type":"Feature","geometry":{"type":"Polygon","coordinates":[[[-81.37144200040969,28.509332999858902],[-81.37142499979294,28.509288000167263],[-81.37129099989863,28.508887000331118],[-81.37124999989075,28.50876199982251],[-81.37078600028356,28.50741100035214],[-81.37061800005407,28.50691999989058],[-81.37056299980247,28.50676700004502],[-81.37040100031909,28.50630799996644],[-81.3703469998924,28.50615600020368],[-81.37028999999102,28.505992999794056],[-81.37012000011171,28.505504000211804],[-81.3700640000352,28.50534199977288],[-81.37000200011092,28.505162999797797],[-81.36997600017166,28.505076999970782],[-81.36994400038462,28.504966000007798],[-81.36990199965351,28.50474799971929],[-81.36987700043747,28.504529000362815],[-81.3698749998893,28.504250999879684],[-81.3698749998893,28.50401399981797],[-81.3698589999958,28.503976000058337],[-81.36983700025449,28.503950000339533],[-81.36981299996503,28.503935999881058],[-81.36978100017798,28.50391699998892],[-81.36972000007862,28.50389199966855],[-81.36965499978129,28.503877999991794],[-81.36964200026081,28.503877999991794],[-81.36958199998635,28.503877999991794],[-81.36934900035784,28.503884999830415],[-81.36865200022385,28.503904999930604],[-81.36842000042026,28.50391299996963],[-81.36826999973411,28.503915999786745],[-81.36819399956615,28.503899000295643],[-81.36811499992342,28.503855000067716],[-81.36805299999915,28.503786999679395],[-81.36801299981617,28.503941000101403],[-81.36802700005987,28.50564599984618],[-81.36803399973256,28.50653299985204],[-81.36804999962608,28.508549999644284],[-81.3680570001971,28.509362999642615],[-81.36795599991476,28.509363999793123],[-81.36795799956458,28.50997100020967],[-81.36822299987845,28.50994800003512],[-81.36842799991786,28.50989299994078],[-81.36863399978219,28.50988800000253],[-81.3688520002404,28.510058000137878],[-81.3689519997995,28.510069000141854],[-81.36900700005108,28.510065999710328],[-81.3691069996102,28.510063000068065],[-81.36919500037207,28.510041000057736],[-81.36928800025848,28.509992000089998],[-81.3693309999162,28.509955999615915],[-81.36944800009205,28.509857000222258],[-81.36951000001633,28.509804999730097],[-81.36934699980972,28.509446000262844],[-81.36930400015201,28.509351000203797],[-81.36981600033809,28.50934700039054],[-81.37134799980004,28.509331000346624],[-81.37144200040969,28.509332999858902]]]},"properties":{"block_id":"120950139002011","school_id":"sch_jones_high","kids_est":8,"class":"red","shortest":{"len_m":5805.9,"mean_c":36.49,"peak_c":38.2,"dose":282.0},"coolest":{"len_m":5966.2,"mean_c":36.33,"peak_c":38.2,"dose":275.7},"delta_mean_c":-0.16,"delta_dose_pct":-2,"distance_mi":2.638,"status_now":"bus","status_rec":"bus_eligible","reason":"Coolest route mean 36.3C exceeds threshold (110 C-min dose, actual 276).","safe_until_hour":"11:00"}},{"type":"Feature","geometry":{"type":"Polygon","coordinates":[[[-81.4054120003895,28.534478000389377],[-81.40540900001643,28.53406500028532],[-81.40540800019154,28.533904000234315],[-81.40538300007717,28.532490999650403],[-81.4053839999021,28.53198100037957],[-81.40532700000068,28.53195499967281],[-81.40526199970334,28.531919000383535],[-81.40519999977909,28.531877999818736],[-81.40516100031932,28.531848000126825],[-81.40514200005275,28.53183400021505],[-81.40499499973966,28.531693000267328],[-81.40493700001333,28.531620999918964],[-81.40484699960166,28.53148700006045],[-81.40480499976887,28.531432000151657],[-81.40475700008828,28.53137900009762],[-81.40470600003466,28.531329999785655],[-81.40459300005676,28.531241000159387],[-81.40453199995738,28.531202000006832],[-81.40439999971291,28.531135999776502],[-81.40428599991009,28.531092999807502],[-81.40414699999292,28.531060000057998],[-81.4040039998778,28.53104500009668],[-81.40371299962464,28.531046000041545],[-81.40355000031634,28.531047999931303],[-81.4029560001145,28.531051999710588],[-81.40210900019267,28.531074000072596],[-81.40131300032446,28.531071000238697],[-81.40131499997429,28.53162199985837],[-81.40131499997429,28.531800999908402],[-81.40131699962411,28.532171999819912],[-81.40131699962411,28.5324590002701],[-81.40132699966986,28.532909000034866],[-81.40133400024087,28.53308399977525],[-81.40134199973846,28.533259000014166],[-81.40135599998219,28.533888999888593],[-81.40135699980708,28.533991000145388],[-81.40136199982996,28.534408000191398],[-81.40136000018015,28.534722000016945],[-81.40216799974391,28.534722000016945],[-81.40392799970981,28.534723999836935],[-81.40439399986512,28.53471599976768],[-81.40459200023184,28.534713999947606],[-81.40506900025782,28.534710000307246],[-81.40540099962053,28.53471300003748],[-81.40540800019154,28.534551000275727],[-81.4054120003895,28.534478000389377]]]},"properties":{"block_id":"120950116002001","school_id":"sch_jones_high","kids_est":0,"class":"green","shortest":{"len_m":262.1,"mean_c":38.13,"peak_c":38.2,"dose":18.7},"coolest":{"len_m":262.1,"mean_c":38.13,"peak_c":38.2,"dose":18.7},"delta_mean_c":0.0,"delta_dose_pct":0,"distance_mi":0.206,"status_now":"walk","status_rec":"walk","reason":"Shortest route already under threshold (dose 19).","safe_until_hour":null}},{"type":"Feature","geometry":{"type":"Polygon","coordinates":[[[-81.3991180001654,28.514539999832976],[-81.39911700034048,28.513636999881147],[-81.39699999999921,28.513667000019442],[-81.39700199964902,28.513849000096698],[-81.39700900022004,28.514397000228225],[-81.39701199969475,28.51457999993612],[-81.39743299964425,28.514573000017847],[-81.39864899963702,28.514553999673495],[-81.398696000391,28.514552000260185],[-81.3991180001654,28.514539999832976]]]},"properties":{"block_id":"120950116001030","school_id":"sch_jones_high","kids_est":1,"class":"red","shortest":{"len_m":2495.7,"mean_c":37.73,"peak_c":38.2,"dose":163.9},"coolest":{"len_m":2693.8,"mean_c":37.18,"peak_c":38.2,"dose":156.4},"delta_mean_c":-0.55,"delta_dose_pct":-5,"distance_mi":1.326,"status_now":"walk","status_rec":"bus_eligible","reason":"Coolest route mean 37.2C exceeds threshold (110 C-min dose, actual 156).","safe_until_hour":"14:00"}},{"type":"Feature","geometry":{"type":"Polygon","coordinates":[[[-81.39701199969475,28.51457999993612],[-81.39700900022004,28.514397000228225],[-81.39700199964902,28.513849000096698],[-81.39699999999921,28.513667000019442],[-81.39657999987463,28.51367299988826],[-81.39599099969567,28.513682000085428],[-81.39539800021706,28.513696000039786],[-81.39532299987398,28.513694999930344],[-81.39510100011613,28.513692999711438],[-81.39490399957432,28.513698000258692],[-81.39490500029756,28.513880000282377],[-81.39491100014534,28.514428000252824],[-81.39491399962007,28.51461099990693],[-81.39533299991973,28.51460199978905],[-81.39545400029355,28.514600000376657],[-81.39659199957019,28.51458499965194],[-81.39701199969475,28.51457999993612]]]},"properties":{"block_id":"120950185002030","school_id":"sch_jones_high","kids_est":0,"class":"red","shortest":{"len_m":2632.6,"mean_c":37.62,"peak_c":38.2,"dose":169.2},"coolest":{"len_m":2659.7,"mean_c":37.18,"peak_c":38.2,"dose":154.4},"delta_mean_c":-0.44,"delta_dose_pct":-9,"distance_mi":1.34,"status_now":"walk","status_rec":"bus_eligible","reason":"Coolest route mean 37.2C exceeds threshold (110 C-min dose, actual 154).","safe_until_hour":"14:00"}},{"type":"Feature","geometry":{"type":"Polygon","coordinates":[[[-81.37764200002414,28.50869300007191],[-81.37764000037431,28.508048999697113],[-81.37715999997529,28.50760599997862],[-81.37712800018824,28.50753399975772],[-81.37710200024898,28.507461000108563],[-81.37708299998239,28.50738499990108],[-81.3770699995636,28.507308999638845],[-81.37706500043906,28.50723199994054],[-81.37706600026397,28.507155000186017],[-81.37707399976156,28.507078000375298],[-81.37707100028685,28.506284999782704],[-81.37657099979631,28.506285999962397],[-81.37624000025853,28.506292999641254],[-81.37624000025853,28.50630699978695],[-81.37623900043361,28.506527000366567],[-81.3762450002814,28.506697000392556],[-81.37625100012917,28.506827000274043],[-81.37625100012917,28.506847999990903],[-81.37625399960392,28.50691399963769],[-81.37625500032715,28.506936000300172],[-81.37626100017494,28.507104000112637],[-81.37627899971827,28.507599000386886],[-81.37627899971827,28.507608999690717],[-81.37628899976401,28.507778000175794],[-81.37630300000772,28.50802099986622],[-81.37630499965755,28.508048999697113],[-81.37630700020568,28.5083690000561],[-81.3763099996804,28.508751999838562],[-81.3763099996804,28.508827999850595],[-81.37631300005346,28.50899599980752],[-81.37631300005346,28.509051999733696],[-81.37631499970328,28.509220000123268],[-81.37631600042653,28.509275999930505],[-81.37632800012209,28.50927499977917],[-81.37636400010709,28.50927499977917],[-81.37637699962755,28.50927499977917],[-81.37656699959837,28.50927099996303],[-81.37671300008654,28.50926800029821],[-81.37678300040675,28.509269999811632],[-81.37707399976156,28.509291999982754],[-81.37713900005889,28.509290999831574],[-81.37759599999339,28.509285999864797],[-81.37764200002414,28.50869300007191]]]},"properties":{"block_id":"120950139001018","school_id":"sch_jones_high","kids_est":0,"class":"red","shortest":{"len_m":5025.3,"mean_c":37.18,"peak_c":38.2,"dose":292.1},"coolest":{"len_m":5043.7,"mean_c":36.72,"peak_c":38.2,"dose":260.1},"delta_mean_c":-0.46,"delta_dose_pct":-11,"distance_mi":2.238,"status_now":"bus","status_rec":"bus_eligible","reason":"Coolest route mean 36.7C exceeds threshold (110 C-min dose, actual 260).","safe_until_hour":"12:00"}},{"type":"Feature","geometry":{"type":"Polygon","coordinates":[[[-81.39492500038904,28.507285000292494],[-81.39492500038904,28.50727000010623],[-81.3927960003522,28.507331000218937],[-81.39279999965184,28.508238999706627],[-81.39375899972667,28.508219999800012],[-81.3941830000492,28.508207000069685],[-81.39466300044822,28.508199999728447],[-81.39491699999311,28.50819200001451],[-81.39492500038904,28.507285000292494]]]},"properties":{"block_id":"120950144001024","school_id":"sch_jones_high","kids_est":15,"class":"red","shortest":{"len_m":3489.5,"mean_c":37.43,"peak_c":38.2,"dose":214.7},"coolest":{"len_m":3516.6,"mean_c":37.1,"peak_c":38.2,"dose":199.9},"delta_mean_c":-0.33,"delta_dose_pct":-7,"distance_mi":1.795,"status_now":"walk","status_rec":"bus_eligible","reason":"Coolest route mean 37.1C exceeds threshold (110 C-min dose, actual 200).","safe_until_hour":"12:00"}},{"type":"Feature","geometry":{"type":"Polygon","coordinates":[[[-81.37636199955897,28.515725999801536],[-81.37635999990914,28.51553100018916],[-81.3763570004344,28.514950000368167],[-81.37635599971117,28.514756000209644],[-81.37618599983185,28.51475299991146],[-81.37531100032093,28.514762000016457],[-81.37435600044408,28.514775999827446],[-81.37431799991093,28.5147769999267],[-81.37435200024612,28.51491600020346],[-81.37436499976658,28.515735999913645],[-81.37496300016639,28.51573200034251],[-81.3755620003911,28.51572200023003],[-81.37636199955897,28.515725999801536]]]},"properties":{"block_id":"120950113003028","school_id":"sch_jones_high","kids_est":0,"class":"red","shortest":{"len_m":4793.2,"mean_c":36.51,"peak_c":38.2,"dose":234.5},"coolest":{"len_m":4853.7,"mean_c":36.33,"peak_c":38.2,"dose":223.9},"delta_mean_c":-0.18,"delta_dose_pct":-5,"distance_mi":1.944,"status_now":"walk","status_rec":"bus_eligible","reason":"Coolest route mean 36.3C exceeds threshold (110 C-min dose, actual 224).","safe_until_hour":"12:00"}},{"type":"Feature","geometry":{"type":"Polygon","coordinates":[[[-81.36996000027813,28.5014070003177],[-81.36996100010303,28.501219999739725],[-81.36995400043035,28.500994000135638],[-81.36994299966138,28.500869999979503],[-81.3699379996385,28.500854000228898],[-81.36992500011803,28.500806999615197],[-81.36988999995792,28.500751000049224],[-81.36984099955413,28.500702999946466],[-81.36977799980494,28.500687999613834],[-81.36969599978917,28.50068499970495],[-81.36947099965828,28.500687000170505],[-81.36835799959766,28.500700000038],[-81.36798799970181,28.500704999622247],[-81.36799000024995,28.500886999958592],[-81.36799600009773,28.50143599976128],[-81.36799899957248,28.50161899985022],[-81.36839100010795,28.50161400030928],[-81.36956699991775,28.501600000330306],[-81.3696630001772,28.50159900010616],[-81.36996000027813,28.501592000115892],[-81.36996000027813,28.5014070003177]]]},"properties":{"block_id":"120950139001014","school_id":"sch_jones_high","kids_est":15,"class":"red","shortest":{"len_m":6421.8,"mean_c":36.52,"peak_c":38.2,"dose":315.3},"coolest":{"len_m":6582.1,"mean_c":36.38,"peak_c":38.2,"dose":309.0},"delta_mean_c":-0.14,"delta_dose_pct":-2,"distance_mi":2.904,"status_now":"bus","status_rec":"bus_eligible","reason":"Coolest route mean 36.4C exceeds threshold (110 C-min dose, actual 309).","safe_until_hour":"11:00"}},{"type":"Feature","geometry":{"type":"Polygon","coordinates":[[[-81.3970219997405,28.512723999694682],[-81.39700900022004,28.51270700004422],[-81.3969640000142,28.512647000002318],[-81.3969509995954,28.512473999729824],[-81.39689600024214,28.51201100030127],[-81.39689200004416,28.511873999606692],[-81.39686199990695,28.51188899992762],[-81.39683000011989,28.511897000150583],[-81.39682799957176,28.511873000269365],[-81.39623799956787,28.51188400008399],[-81.39592700012156,28.511940000055677],[-81.39561499995203,28.51199700012319],[-81.39530399960739,28.512053000034868],[-81.39527600001831,28.51205799987049],[-81.39525000007905,28.512062999705883],[-81.39519300017764,28.51207300016525],[-81.39515899984244,28.51208000024946],[-81.39508799969732,28.512093000291898],[-81.39499200033619,28.512110000041314],[-81.3948030001903,28.51214400032131],[-81.39464599983147,28.512225000085163],[-81.39445900023372,28.512287999946206],[-81.3940220003907,28.51246899991392],[-81.39384199956733,28.512550000217566],[-81.39375600025193,28.51259500009626],[-81.39370000017544,28.51263199978915],[-81.39362999985522,28.512672999945718],[-81.39351699987732,28.512783000364053],[-81.39361499978662,28.512783000364053],[-81.39387900027559,28.512782000245963],[-81.39463900015878,28.512768000170222],[-81.39465900025026,28.512768000170222],[-81.39489299970367,28.512768000170222],[-81.39595399988575,28.512740000013206],[-81.39697400005993,28.512729000287862],[-81.39699599980125,28.512723999694682],[-81.3970219997405,28.512723999694682]]]},"properties":{"block_id":"120950185002033","school_id":"sch_jones_high","kids_est":0,"class":"red","shortest":{"len_m":2998.4,"mean_c":37.52,"peak_c":38.2,"dose":188.2},"coolest":{"len_m":3010.7,"mean_c":37.05,"peak_c":38.2,"dose":169.4},"delta_mean_c":-0.47,"delta_dose_pct":-10,"distance_mi":1.462,"status_now":"walk","status_rec":"bus_eligible","reason":"Coolest route mean 37.0C exceeds threshold (110 C-min dose, actual 169).","safe_until_hour":"14:00"}},{"type":"Feature","geometry":{"type":"Polygon","coordinates":[[[-81.37963100031891,28.5193059998484],[-81.37962600029603,28.51851900001195],[-81.37961700007519,28.518463999651374],[-81.37959100013593,28.518413000310286],[-81.37955099995295,28.518370999952193],[-81.3795190001659,28.518391999738643],[-81.37947899998294,28.518398000127917],[-81.37806999964631,28.518412000245526],[-81.37670700023877,28.518430999894836],[-81.3764069997648,28.5184269996366],[-81.37636800030505,28.518414999650343],[-81.37636199955897,28.519329000350037],[-81.37963100031891,28.5193059998484]]]},"properties":{"block_id":"120950185003044","school_id":"sch_jones_high","kids_est":0,"class":"red","shortest":{"len_m":4156.0,"mean_c":36.57,"peak_c":38.2,"dose":206.6},"coolest":{"len_m":4215.8,"mean_c":36.36,"peak_c":38.2,"dose":196.1},"delta_mean_c":-0.21,"delta_dose_pct":-5,"distance_mi":1.663,"status_now":"walk","status_rec":"bus_eligible","reason":"Coolest route mean 36.4C exceeds threshold (110 C-min dose, actual 196).","safe_until_hour":"14:00"}},{"type":"Feature","geometry":{"type":"Polygon","coordinates":[[[-81.3799750002755,28.513059000234065],[-81.37997799975021,28.512863000309153],[-81.37989400008463,28.512863000309153],[-81.37964300001447,28.512863000309153],[-81.37956000017378,28.512863999637172],[-81.3793939995941,28.512865999871803],[-81.37889900002479,28.51287299990337],[-81.37873400016836,28.512876000255087],[-81.37851099968728,28.512877999700112],[-81.37784399969051,28.512886999965165],[-81.37762199993266,28.512890999644135],[-81.37758400029782,28.512890999644135],[-81.37746999959668,28.512892999878297],[-81.37743299978676,28.512893999995345],[-81.37743199996187,28.512910999615666],[-81.37742199991611,28.513087999632216],[-81.3774129996953,28.513265000141093],[-81.37741600006834,28.51367000034858],[-81.37741799971815,28.51386500024462],[-81.37792900007933,28.51385900038678],[-81.3787579995595,28.51385100031264],[-81.37946399991432,28.51384799998871],[-81.3799760001004,28.513845999772702],[-81.37997000025261,28.513648999621804],[-81.37997000025261,28.513636999881147],[-81.3799750002755,28.513059000234065]]]},"properties":{"block_id":"120950185003054","school_id":"sch_jones_high","kids_est":0,"class":"red","shortest":{"len_m":4468.3,"mean_c":37.2,"peak_c":38.2,"dose":261.0},"coolest":{"len_m":4665.2,"mean_c":36.39,"peak_c":38.2,"dose":219.0},"delta_mean_c":-0.81,"delta_dose_pct":-16,"distance_mi":1.884,"status_now":"walk","status_rec":"bus_eligible","reason":"Coolest route mean 36.4C exceeds threshold (110 C-min dose, actual 219).","safe_until_hour":"12:00"}},{"type":"Feature","geometry":{"type":"Polygon","coordinates":[[[-81.3795609999987,28.51181999985441],[-81.3795609999987,28.51158599981925],[-81.37954900030314,28.511270999619917],[-81.37954599993009,28.51116800013755],[-81.37953599988434,28.511140999689506],[-81.37951800034098,28.511118999904014],[-81.37949999989934,28.511105999741527],[-81.37946300008942,28.511093000366873],[-81.3794200004317,28.511093000366873],[-81.37917600003422,28.51109599997985],[-81.37909499984337,28.511098000248005],[-81.37872900014548,28.511099000382064],[-81.37763100015349,28.51110199999486],[-81.3772660002805,28.5111040002629],[-81.37726200008255,28.511171999881757],[-81.37726200008255,28.51137800031688],[-81.37726200008255,28.51144699988984],[-81.37726200008255,28.511549999889155],[-81.37726299990744,28.511739999907526],[-81.37726499955728,28.511859000072953],[-81.3772670001054,28.511961999669925],[-81.3773359997024,28.51196299979579],[-81.37754599976466,28.5119660001734],[-81.37761600008487,28.511967000299236],[-81.37770800014638,28.51196999988729],[-81.377751999629,28.511971000013144],[-81.37816300043104,28.511985000194617],[-81.37818299962423,28.51198600032028],[-81.37829999980009,28.51199100015908],[-81.37835599987659,28.51199100015908],[-81.37852400010607,28.51199299962094],[-81.37858000018257,28.511993999746515],[-81.37877600000115,28.511994999872087],[-81.37936400035521,28.51200099983595],[-81.3795609999987,28.512003000086956],[-81.3795609999987,28.51181999985441]]]},"properties":{"block_id":"120950139001004","school_id":"sch_jones_high","kids_est":0,"class":"red","shortest":{"len_m":4722.0,"mean_c":37.18,"peak_c":38.2,"dose":274.3},"coolest":{"len_m":4954.2,"mean_c":36.38,"peak_c":38.2,"dose":232.6},"delta_mean_c":-0.8,"delta_dose_pct":-15,"distance_mi":1.988,"status_now":"walk","status_rec":"bus_eligible","reason":"Coolest route mean 36.4C exceeds threshold (110 C-min dose, actual 233).","safe_until_hour":"12:00"}},{"type":"Feature","geometry":{"type":"Polygon","coordinates":[[[-81.3799900003441,28.51462300032606],[-81.37998699997105,28.51446700029634],[-81.37997799975021,28.51400099982512],[-81.3799760001004,28.513845999772702],[-81.37946399991432,28.51384799998871],[-81.3787579995595,28.51385100031264],[-81.37792900007933,28.51385900038678],[-81.37741799971815,28.51386500024462],[-81.37741799971815,28.514042000238845],[-81.37742000026628,28.514334000048315],[-81.37742399956593,28.514573000017847],[-81.37742799976388,28.514749999613127],[-81.3779490001708,28.51474299970615],[-81.37816099988291,28.51474100029648],[-81.37855300041839,28.514718999683183],[-81.37922899973768,28.514708000164166],[-81.37951300031813,28.51471099967433],[-81.37988499986379,28.514715000073483],[-81.37991900019898,28.51470700006433],[-81.37995000016112,28.514689999944153],[-81.37997299972733,28.514665999909123],[-81.3799900003441,28.51462300032606]]]},"properties":{"block_id":"120950185003052","school_id":"sch_jones_high","kids_est":0,"class":"red","shortest":{"len_m":4588.4,"mean_c":36.51,"peak_c":38.2,"dose":223.7},"coolest":{"len_m":4619.7,"mean_c":36.38,"peak_c":38.2,"dose":216.3},"delta_mean_c":-0.13,"delta_dose_pct":-3,"distance_mi":1.838,"status_now":"walk","status_rec":"bus_eligible","reason":"Coolest route mean 36.4C exceeds threshold (110 C-min dose, actual 216).","safe_until_hour":"12:00"}},{"type":"Feature","geometry":{"type":"Polygon","coordinates":[[[-81.39383099969668,28.503638000056707],[-81.39381700035129,28.503512999644038],[-81.39381599962807,28.503352999720757],[-81.39381599962807,28.50320499969413],[-81.39380700030556,28.503169000061632],[-81.39378700021406,28.503136000256152],[-81.39373699998535,28.503102000230484],[-81.39369699980237,28.50309199971003],[-81.39333299975432,28.50309400012996],[-81.39319200018733,28.503091000289473],[-81.39316700007296,28.503091000289473],[-81.393050999722,28.503095999760426],[-81.39301300008717,28.503107999910736],[-81.3929799995769,28.503129999788055],[-81.39295600018575,28.503159000336964],[-81.39294299976697,28.503193000344265],[-81.39294299976697,28.503208000320786],[-81.39294500031512,28.503328000056207],[-81.3929529998127,28.503670000290132],[-81.39295799983559,28.503689999641647],[-81.39297000042946,28.5037390001683],[-81.39299899984347,28.503803999977926],[-81.39309599992785,28.503759000296146],[-81.39315700002723,28.5037390001683],[-81.39326099978429,28.503705999751666],[-81.39337700013525,28.503675999938082],[-81.39348500009027,28.50365800020373],[-81.39359899989309,28.503647000320676],[-81.39365900016755,28.50364499991124],[-81.39371500024404,28.50364499991124],[-81.39383099969668,28.503638000056707]]]},"properties":{"block_id":"120950144002024","school_id":"sch_jones_high","kids_est":0,"class":"red","shortest":{"len_m":4088.9,"mean_c":37.35,"peak_c":38.2,"dose":247.0},"coolest":{"len_m":4116.0,"mean_c":37.06,"peak_c":38.2,"dose":231.7},"delta_mean_c":-0.29,"delta_dose_pct":-6,"distance_mi":2.095,"status_now":"bus","status_rec":"bus_eligible","reason":"Coolest route mean 37.1C exceeds threshold (110 C-min dose, actual 232).","safe_until_hour":"11:00"}},{"type":"Feature","geometry":{"type":"Polygon","coordinates":[[[-81.3830530003414,28.505996000341455],[-81.38298800004407,28.50586699961963],[-81.3829260001198,28.505690000116587],[-81.3828630003706,28.505387999757136],[-81.38276399973809,28.505256000091794],[-81.38241499975864,28.504996999646508],[-81.3822280001609,28.504738000144272],[-81.38217899975709,28.504628000020077],[-81.38207300035019,28.504512000181073],[-81.38202899996926,28.504484999608174],[-81.38201700027368,28.504445999821055],[-81.38204200038804,28.504313999766566],[-81.38201700027368,28.504177000127424],[-81.3819610001972,28.503973000242883],[-81.38193000023506,28.503939999899483],[-81.38189900027292,28.503884999830415],[-81.38191099996848,28.503693000254525],[-81.38188599985413,28.50357099973396],[-81.3818490000442,28.503466999631744],[-81.38182399992984,28.50335699976129],[-81.38114299968936,28.50305899988048],[-81.38112299959788,28.50311099975074],[-81.38110800042759,28.503196000181863],[-81.38110500005453,28.503280999755077],[-81.38111699975009,28.503366000049233],[-81.3811240003211,28.503395999950957],[-81.3811519999102,28.503508000192856],[-81.38089499999224,28.503547999742953],[-81.38085099961131,28.5035489999486],[-81.38074900040239,28.503551999776057],[-81.38066099964053,28.503544999915377],[-81.38055500023363,28.503524999746944],[-81.38045200030146,28.50349399967573],[-81.38035299966894,28.50345199969204],[-81.38026099960743,28.5034010001969],[-81.38017600011693,28.50334100038775],[-81.38002799997894,28.503223000295172],[-81.3799419997652,28.50315400007955],[-81.37987300016823,28.503114999800435],[-81.37979700000024,28.5030870002389],[-81.37976500021321,28.50307900013723],[-81.37967599962643,28.503065999773423],[-81.37936900037806,28.50306800019385],[-81.37946599956413,28.503459999765415],[-81.37961899972501,28.504112999958437],[-81.3799200000239,28.505400999834855],[-81.3800680001619,28.506036999919733],[-81.38175100013491,28.506005999797235],[-81.38229400028312,28.505999000099337],[-81.38237399975074,28.50599799991692],[-81.38250400034539,28.50599399997652],[-81.38262999984379,28.505995000158975],[-81.3830530003414,28.505996000341455]]]},"properties":{"block_id":"120950144002004","school_id":"sch_jones_high","kids_est":3,"class":"red","shortest":{"len_m":6139.9,"mean_c":37.13,"peak_c":38.2,"dose":351.9},"coolest":{"len_m":6395.5,"mean_c":36.48,"peak_c":38.2,"dose":308.7},"delta_mean_c":-0.65,"delta_dose_pct":-12,"distance_mi":2.277,"status_now":"bus","status_rec":"bus_eligible","reason":"Coolest route mean 36.5C exceeds threshold (110 C-min dose, actual 309).","safe_until_hour":"11:00"}},{"type":"Feature","geometry":{"type":"Polygon","coordinates":[[[-81.38330000021361,28.50224300038151],[-81.38326800042655,28.502185000351066],[-81.38324800033509,28.50212199998242],[-81.3832430003122,28.502090000068968],[-81.3832430003122,28.501613000085303],[-81.38323699956611,28.50122200019514],[-81.38322900006851,28.501132999628076],[-81.38321099962683,28.501084999699092],[-81.38317600036505,28.50104399977534],[-81.38316600031932,28.50103699974825],[-81.38312899961106,28.501015000224026],[-81.38307400025779,28.50099899970594],[-81.38304499994548,28.50099700003573],[-81.3825670000946,28.501005999735547],[-81.38212100003076,28.501006999965277],[-81.38027300020133,28.501026999821544],[-81.38046300017211,28.501830000313774],[-81.38061399978486,28.501820999894807],[-81.38104999980294,28.501812999697176],[-81.38214100012225,28.501805999721103],[-81.38217200008438,28.501809999820274],[-81.3822299998107,28.501827999869874],[-81.38227199964349,28.501854000111546],[-81.38230099995582,28.501880000346794],[-81.38231799967426,28.501902999911977],[-81.38234000031387,28.501954000131178],[-81.38234399961352,28.501981999993404],[-81.38235399965927,28.5023129998314],[-81.38235899968214,28.502434000011466],[-81.38255200002598,28.502418999924906],[-81.38276600028622,28.502403999836226],[-81.38290299965527,28.50238400024095],[-81.38308000010558,28.50234100038775],[-81.38312399958821,28.502323999853502],[-81.38319700028146,28.502296000082048],[-81.38330000021361,28.50224300038151]]]},"properties":{"block_id":"120950144002008","school_id":"sch_jones_high","kids_est":1,"class":"red","shortest":{"len_m":6246.2,"mean_c":37.12,"peak_c":38.2,"dose":357.5},"coolest":{"len_m":6501.8,"mean_c":36.49,"peak_c":38.2,"dose":314.3},"delta_mean_c":-0.63,"delta_dose_pct":-12,"distance_mi":2.442,"status_now":"bus","status_rec":"bus_eligible","reason":"Coolest route mean 36.5C exceeds threshold (110 C-min dose, actual 314).","safe_until_hour":"11:00"}},{"type":"Feature","geometry":{"type":"Polygon","coordinates":[[[-81.39702500011356,28.516385999639393],[-81.39702000009068,28.5154790001264],[-81.39671200011911,28.515492999842216],[-81.39635399991883,28.515498000304103],[-81.39576499973987,28.515499999699426],[-81.39512899970522,28.515517999781196],[-81.39492200001598,28.515518999873347],[-81.39493100023682,28.516423999664543],[-81.39633899985022,28.516412000239704],[-81.39682000007416,28.51640000002414],[-81.39702500011356,28.516385999639393]]]},"properties":{"block_id":"120950185002021","school_id":"sch_jones_high","kids_est":4,"class":"red","shortest":{"len_m":2651.0,"mean_c":37.59,"peak_c":38.2,"dose":168.7},"coolest":{"len_m":2661.0,"mean_c":37.09,"peak_c":38.2,"dose":151.3},"delta_mean_c":-0.5,"delta_dose_pct":-10,"distance_mi":1.218,"status_now":"walk","status_rec":"bus_eligible","reason":"Coolest route mean 37.1C exceeds threshold (110 C-min dose, actual 151).","safe_until_hour":"14:00"}},{"type":"Feature","geometry":{"type":"Polygon","coordinates":[[[-81.37879699991755,28.49660799970985],[-81.3787940004428,28.496430000191648],[-81.3787800001991,28.49510399996589],[-81.3787800001991,28.495044000176144],[-81.37878299967385,28.494663000162806],[-81.37853999999959,28.494663000162806],[-81.37838500018889,28.494664999953038],[-81.37826899983794,28.494666000242905],[-81.3782799997086,28.498201000083718],[-81.37828399990656,28.498312000058142],[-81.37760000019135,28.498316999755513],[-81.37746499957382,28.498320999986944],[-81.3774420000076,28.49832200024213],[-81.3774129996953,28.49832200024213],[-81.3773290000297,28.49832200024213],[-81.3773010004406,28.49832200024213],[-81.37723500031836,28.49832200024213],[-81.37704000032468,28.49832200024213],[-81.37697500002736,28.498322999707867],[-81.37698699972294,28.498372999823683],[-81.37705700004314,28.49866500037431],[-81.3770689997387,28.498714000076614],[-81.37714300025685,28.498717000041548],[-81.37800000022443,28.498717000041548],[-81.37841000030325,28.49889599989954],[-81.37841500032613,28.498887000019778],[-81.3784420000903,28.498847000281724],[-81.37850900003745,28.498774999609783],[-81.37854800039551,28.49874200000908],[-81.3786169999925,28.498667000088716],[-81.3786460003048,28.498626000014944],[-81.37869200033555,28.498537999879943],[-81.378709000054,28.49849200006721],[-81.37872900014548,28.498396999618222],[-81.37873300034344,28.498349000023683],[-81.37872699959733,28.49805199967846],[-81.37872699959733,28.498026000078944],[-81.37872800032056,28.497780000271817],[-81.3787240001226,28.497326000315887],[-81.37872699959733,28.497162000209872],[-81.37873199962021,28.496971999989828],[-81.37875000006187,28.496867000220067],[-81.37878100002402,28.496747999723162],[-81.37879699991755,28.49660799970985]]]},"properties":{"block_id":"120950144002022","school_id":"sch_jones_high","kids_est":1,"class":"red","shortest":{"len_m":6540.8,"mean_c":37.12,"peak_c":38.2,"dose":373.6},"coolest":{"len_m":6796.4,"mean_c":36.51,"peak_c":38.2,"dose":330.4},"delta_mean_c":-0.61,"delta_dose_pct":-12,"distance_mi":2.818,"status_now":"bus","status_rec":"bus_eligible","reason":"Coolest route mean 36.5C exceeds threshold (110 C-min dose, actual 330).","safe_until_hour":"11:00"}}]}