{"type":"FeatureCollection","features":[{"type":"Feature","geometry":{"type":"Polygon","coordinates":[[[-81.47427000041606,28.648462000001437],[-81.47427700008875,28.64843399968336],[-81.47418000000437,28.648363000025764],[-81.47409600033878,28.648305999710676],[-81.47390999966763,28.648178000370173],[-81.47355800021344,28.647919999610973],[-81.47349499956594,28.64787399963504],[-81.4734490004335,28.647814999807803],[-81.47342699979387,28.647751000251645],[-81.47338499996108,28.64777200023346],[-81.47334800015115,28.647776999928247],[-81.47328899970161,28.647770000197866],[-81.47315399998239,28.64777200023346],[-81.4730689995936,28.647780000375636],[-81.47302099991302,28.647797000281457],[-81.47300099982152,28.647808999703255],[-81.47297900008022,28.647824000358163],[-81.47294599956993,28.647860999809613],[-81.47278200043671,28.64811800030527],[-81.47277099966776,28.648152999624642],[-81.4727740000408,28.648207000376104],[-81.47278900010942,28.648239999639145],[-81.47281199967563,28.648268999627923],[-81.47319599981519,28.64855800024697],[-81.47341900029626,28.648714999777546],[-81.47343099999183,28.64872299984774],[-81.47378400016925,28.648983000220753],[-81.47388499955328,28.64887399987602],[-81.47389999962189,28.648859000159653],[-81.47398800038376,28.64877599990328],[-81.4741969997228,28.648556000226304],[-81.47421599998937,28.648536999634125],[-81.47427000041606,28.648462000001437]]]},"properties":{"block_id":"120950175042022","school_id":"sch_amikids_orlando","kids_est":0,"class":"green","shortest":{"len_m":1482.5,"mean_c":36.0,"peak_c":36.0,"dose":61.3},"coolest":{"len_m":1482.5,"mean_c":36.0,"peak_c":36.0,"dose":61.3},"delta_mean_c":0.0,"delta_dose_pct":0,"distance_mi":0.577,"status_now":"walk","status_rec":"walk","reason":"Shortest route already under threshold (dose 61).","safe_until_hour":null}},{"type":"Feature","geometry":{"type":"Polygon","coordinates":[[[-81.48273499961148,28.663894999628962],[-81.4827499996801,28.663874999981694],[-81.48178499975748,28.6631509996178],[-81.47760100020196,28.660153000206666],[-81.47722100026037,28.65983899969058],[-81.47640399957746,28.65922800019563],[-81.4763299999576,28.65917300008703],[-81.47632699958456,28.6593030000106],[-81.47631700043713,28.659416999689636],[-81.47631700043713,28.659535999955263],[-81.47631700043713,28.65994799967255],[-81.47631700043713,28.660374999782977],[-81.47631700043713,28.66069299984834],[-81.476238999721,28.660694000137063],[-81.47576599989299,28.66070099979293],[-81.47576800044114,28.660525000082746],[-81.47577500011383,28.660024000055714],[-81.47577599993873,28.659934000259728],[-81.47578699980939,28.65903100028944],[-81.4758010000531,28.65892899991649],[-81.47579699985512,28.65880199966115],[-81.47514800030002,28.658324999661694],[-81.47423699990577,28.65769799966778],[-81.47409499961556,28.657600000059055],[-81.47386399963688,28.657428999895025],[-81.4736970001306,28.65730700021597],[-81.47351100035777,28.657170999824924],[-81.4734360000147,28.657141999933152],[-81.47318400011963,28.656958999860382],[-81.471999000089,28.65609499985479],[-81.47097999973971,28.655316000380598],[-81.47039099956073,28.654796999995504],[-81.47017700019882,28.654636999859942],[-81.47006199967277,28.65454300035617],[-81.47006000002295,28.654615000117822],[-81.47005900019803,28.654677000310848],[-81.47005800037313,28.654709000345285],[-81.47005500000007,28.65480400004515],[-81.47005500000007,28.654818999699472],[-81.47005500000007,28.654837000385385],[-81.4700569996499,28.65498500003986],[-81.47005300035026,28.6551770003243],[-81.47006199967277,28.655784000015032],[-81.47005900019803,28.65619800016357],[-81.4700569996499,28.656538999958705],[-81.4700569996499,28.656554999693014],[-81.4700569996499,28.656605999864418],[-81.4700569996499,28.65662299991601],[-81.470055999825,28.65665199995129],[-81.47016299995512,28.65665199995129],[-81.47022499987939,28.65665199995129],[-81.47025500001662,28.65665199995129],[-81.47032000031395,28.65665199995129],[-81.47138899999362,28.656643000158653],[-81.47139200036666,28.656917999955343],[-81.47130699997784,28.656948000233495],[-81.47126099994709,28.6569639999054],[-81.4711060001364,28.657018000060916],[-81.47072799984463,28.65727500018619],[-81.47064900020192,28.657423999872197],[-81.47056800001107,28.657626999976493],[-81.47055399976736,28.657677000097184],[-81.47050600008677,28.65784799985671],[-81.47049299966798,28.65794700033683],[-81.47048099997242,28.658050999928275],[-81.47047500012464,28.658330999952813],[-81.47063099976026,28.65833700024354],[-81.4709220000134,28.65833700024354],[-81.47106099993057,28.65833700024354],[-81.47108400039511,28.658350999869626],[-81.4715139996671,28.65834700020188],[-81.47151500039031,28.658484000165437],[-81.47118499977913,28.658487999827955],[-81.47119200035013,28.658512999685986],[-81.47116200021291,28.658568000140846],[-81.47114899979411,28.65859499980898],[-81.47106099993057,28.65866199997724],[-81.471041999664,28.658706999642607],[-81.47101800027285,28.658765999647663],[-81.47096200019637,28.659239000371507],[-81.47089900044718,28.65935499993488],[-81.47090000027208,28.659915999660708],[-81.47091399961748,28.659929000356385],[-81.47103699964111,28.66003699994979],[-81.4710979997405,28.66028200019879],[-81.47215800009765,28.660261000357494],[-81.47215899992256,28.659028999680316],[-81.47215899992256,28.65876800026181],[-81.47215899992256,28.65854199998674],[-81.47215899992256,28.65847900019291],[-81.47318099974657,28.65847100007876],[-81.47323599999815,28.65847100007876],[-81.47330799996818,28.65846999976884],[-81.47372800009276,28.65846699962732],[-81.47372800009276,28.658492999800025],[-81.47373399994053,28.658884999864068],[-81.4737380001385,28.65901899978703],[-81.4737249997197,28.660145999725877],[-81.473718000047,28.660733999853466],[-81.47215700027274,28.660757999676033],[-81.47215700027274,28.66154799963506],[-81.47175499969153,28.661556999794875],[-81.47140999991001,28.661562999901005],[-81.47125400027443,28.661565999953915],[-81.47112100020502,28.661569000006736],[-81.4710979997405,28.661569000006736],[-81.47094299992979,28.661572000059458],[-81.47078700029418,28.661575000112176],[-81.47063099976026,28.66157899965675],[-81.47047400029975,28.661581999709203],[-81.47032000031395,28.661584999761555],[-81.47002900006082,28.66159099986609],[-81.47001099961915,28.66159099986609],[-81.46985599980844,28.6615939999182],[-81.46983599971696,28.661855000182847],[-81.46982999986918,28.661941999863917],[-81.4698180001736,28.662086000210223],[-81.46979399988417,28.662400999785337],[-81.46977600034081,28.662516999790746],[-81.46975600024933,28.662661000135323],[-81.4697260001121,28.662779999871148],[-81.46965699961682,28.662984000117444],[-81.46957200012632,28.663183000218606],[-81.46950199980613,28.663321999906636],[-81.46947500004195,28.66336500019813],[-81.46937899978246,28.663519999892557],[-81.46838999957042,28.664823000190843],[-81.4682959998591,28.66496699973181],[-81.46821300001841,28.665116000307595],[-81.46815899959174,28.665227000022167],[-81.46812900035283,28.66529200019102],[-81.46805700038281,28.665480999786066],[-81.46799999958309,28.6656789996343],[-81.4679850004128,28.66575400035092],[-81.46809500001763,28.665756000043533],[-81.46814100004838,28.665754999803116],[-81.4687829999308,28.665750000177436],[-81.46892400039611,28.665748999937033],[-81.46913100008535,28.66574700024429],[-81.46913399956009,28.665123999914588],[-81.46944599972961,28.665120999963516],[-81.46944599972961,28.665184999952285],[-81.46944499990471,28.665328000327886],[-81.46944400007979,28.665656999844764],[-81.4694430002549,28.665744999763344],[-81.46954700001196,28.665744000311047],[-81.46972899958685,28.665743000070517],[-81.4698590001815,28.665741999829986],[-81.47000399994646,28.66574000013717],[-81.4701689998029,28.66573899989661],[-81.47033299983444,28.665737999656045],[-81.47048299962225,28.665737000203745],[-81.47066099989748,28.665734999722556],[-81.47079399996687,28.665734000270167],[-81.47082499992901,28.665734000270167],[-81.47098899996055,28.66573300002961],[-81.4711060001364,28.665731999788967],[-81.47115299999207,28.665731000336567],[-81.47131500037378,28.66573000009591],[-81.47141800030595,28.665728999855304],[-81.47160800027673,28.665727999614646],[-81.47172999957716,28.66572700016218],[-81.47185000012608,28.6657259999215],[-81.47216099957238,28.665722999987665],[-81.47257700039731,28.66572000005376],[-81.47299199960068,28.665717000119738],[-81.47424799977642,28.665707000076278],[-81.47445000034111,28.665705000382733],[-81.4746460001597,28.665702999900986],[-81.47469399984027,28.665702999900986],[-81.47623799989609,28.665691000162443],[-81.4763090000412,28.665691000162443],[-81.47628899994973,28.66552699991954],[-81.4762870002999,28.665450000130285],[-81.47628599957667,28.66534300005279],[-81.47628300010194,28.66507199969939],[-81.47627899990398,28.664568999620467],[-81.47627999972889,28.664260000206863],[-81.47628099955381,28.663989999674996],[-81.4763230002849,28.663998000156184],[-81.4764079997754,28.66399899962512],[-81.4765419996697,28.66400299986545],[-81.4765619997612,28.66399899962512],[-81.47679100009006,28.663992999658443],[-81.47691999996148,28.663989999674996],[-81.47704200016022,28.663989000205966],[-81.47741100023116,28.663989000205966],[-81.47753400025482,28.663989000205966],[-81.47765899992828,28.663989000205966],[-81.47803600039514,28.663989999674996],[-81.47816199989352,28.663990999932256],[-81.478286999567,28.663990999932256],[-81.47866200038405,28.663993999915668],[-81.47878799988241,28.663995000172825],[-81.47891199973098,28.66399599964179],[-81.47928599982478,28.66399899962512],[-81.47941100039658,28.663999999882243],[-81.47953600007004,28.663999999882243],[-81.47991400036182,28.6640010001394],[-81.4800399998602,28.664001999608317],[-81.48012500024902,28.664001999608317],[-81.48038299999187,28.664001999608317],[-81.4804690002056,28.66400299986545],[-81.48080300011644,28.664011000345642],[-81.4809339996377,28.664020999762624],[-81.48121800021815,28.664053000097752],[-81.48153000038768,28.6640709999864],[-81.48186599994834,28.664075000223978],[-81.48207900038368,28.664087000147553],[-81.48231100018727,28.66408599989121],[-81.48233100027875,28.664084000166802],[-81.48247799969353,28.664072000242886],[-81.4825170000516,28.664060000317594],[-81.4825890000216,28.66402900024144],[-81.48265500014386,28.66398799994871],[-81.48268799975581,28.663955000124385],[-81.48273499961148,28.663894999628962]],[[-81.47377999997128,28.65759500004438],[-81.47377999997128,28.657631999989643],[-81.47362099996263,28.65762899982414],[-81.47340900025053,28.657623999810852],[-81.47296999985937,28.65761300025372],[-81.47296099963854,28.65757899968055],[-81.47295599961566,28.65756800011871],[-81.47295300014095,28.657556999767483],[-81.47294899994299,28.657546999733782],[-81.47294599956993,28.657536000168633],[-81.4729439999201,28.657524999813997],[-81.4729439999201,28.657514000246497],[-81.4729430000952,28.657502999889594],[-81.47294200027028,28.657492999850763],[-81.47293800007232,28.65748200027994],[-81.47293300004945,28.657472000239103],[-81.47292700020166,28.65746200019731],[-81.47292100035389,28.65745200015455],[-81.47291600033103,28.657442000110898],[-81.47291299995798,28.65743200006624],[-81.47290899976002,28.657420999700687],[-81.47290700011018,28.657410000122322],[-81.47290200008732,28.65739399973025],[-81.47289700006445,28.65737999997638],[-81.47300599984439,28.657217999985793],[-81.47306000027106,28.65713899975363],[-81.47308500038542,28.65709999977668],[-81.47328399967873,28.657241999825054],[-81.47345799975601,28.657364999900167],[-81.47377999997128,28.65759500004438]],[[-81.47147000018448,28.6648510000733],[-81.4714729996592,28.665228000267607],[-81.47146799963635,28.665276000213844],[-81.47145900031381,28.665299000328115],[-81.47143099982641,28.665340000108007],[-81.47139099964345,28.66537099979632],[-81.47134100031305,28.665390999946343],[-81.47128799971128,28.665396999832996],[-81.47113500044871,28.665369000096366],[-81.47069400040776,28.665374999984266],[-81.47065500004969,28.665377999928072],[-81.47056299998819,28.6654059996623],[-81.4704650000789,28.66541699997807],[-81.47032199996377,28.665421999619642],[-81.46996399976348,28.665390999946343],[-81.46993500034947,28.665385000059405],[-81.46991799973271,28.665382000115752],[-81.46987699972485,28.665360999719894],[-81.46984499993779,28.665330000028565],[-81.46982499984631,28.66529200019102],[-81.46981899999852,28.665251000392377],[-81.46982999986918,28.665195000045486],[-81.46983300024223,28.66513400001362],[-81.46981700034871,28.665058999641527],[-81.46980499975481,28.66486199965908],[-81.46980399992991,28.66472900036184],[-81.46997999965701,28.664719999686177],[-81.47051000028473,28.664693000019227],[-81.47056100033838,28.664691000306398],[-81.47068699983674,28.66469000005583],[-81.47080800021057,28.6646889998053],[-81.47131899967343,28.66471500001112],[-81.47136899990214,28.664726999861404],[-81.47139800021446,28.66474299992242],[-81.47141199955985,28.664751000346115],[-81.47143000000152,28.664767999865063],[-81.47145699976569,28.664807000142055],[-81.47147000018448,28.6648510000733]]]},"properties":{"block_id":"120950175033000","school_id":"sch_amikids_orlando","kids_est":7,"class":"green","shortest":{"len_m":823.8,"mean_c":36.0,"peak_c":36.0,"dose":34.3},"coolest":{"len_m":823.8,"mean_c":36.0,"peak_c":36.0,"dose":34.3},"delta_mean_c":0.0,"delta_dose_pct":0,"distance_mi":0.424,"status_now":"walk","status_rec":"walk","reason":"Shortest route already under threshold (dose 34).","safe_until_hour":null}},{"type":"Feature","geometry":{"type":"Polygon","coordinates":[[[-81.47632699958456,28.6593030000106],[-81.4763299999576,28.65917300008703],[-81.4762870002999,28.65914000032329],[-81.47604299990243,28.658982999848067],[-81.47579699985512,28.65880199966115],[-81.4758010000531,28.65892899991649],[-81.47578699980939,28.65903100028944],[-81.47577599993873,28.659934000259728],[-81.47577500011383,28.660024000055714],[-81.47576800044114,28.660525000082746],[-81.47576599989299,28.66070099979293],[-81.476238999721,28.660694000137063],[-81.47631700043713,28.66069299984834],[-81.47631700043713,28.660374999782977],[-81.47631700043713,28.65994799967255],[-81.47631700043713,28.659535999955263],[-81.47631700043713,28.659416999689636],[-81.47632699958456,28.6593030000106]]]},"properties":{"block_id":"120950175033002","school_id":"sch_amikids_orlando","kids_est":0,"class":"green","shortest":{"len_m":458.5,"mean_c":36.0,"peak_c":36.0,"dose":19.0},"coolest":{"len_m":458.5,"mean_c":36.0,"peak_c":36.0,"dose":19.0},"delta_mean_c":0.0,"delta_dose_pct":0,"distance_mi":0.231,"status_now":"walk","status_rec":"walk","reason":"Shortest route already under threshold (dose 19).","safe_until_hour":null}},{"type":"Feature","geometry":{"type":"Polygon","coordinates":[[[-81.47436800032534,28.656641000292254],[-81.47436800032534,28.6565409998271],[-81.4738860002765,28.657094999738202],[-81.4738159999563,28.657170999824924],[-81.47422500021021,28.65746200019731],[-81.4743659997772,28.657561999783965],[-81.47436699960213,28.657499999720415],[-81.47436800032534,28.65743700008869],[-81.47436800032534,28.657336000062056],[-81.47436800032534,28.65705599974489],[-81.47436800032534,28.656778999658112],[-81.47436800032534,28.656641000292254]]]},"properties":{"block_id":"120950175042004","school_id":"sch_amikids_orlando","kids_est":0,"class":"green","shortest":{"len_m":18.1,"mean_c":36.0,"peak_c":36.0,"dose":0.7},"coolest":{"len_m":18.1,"mean_c":36.0,"peak_c":36.0,"dose":0.7},"delta_mean_c":0.0,"delta_dose_pct":0,"distance_mi":0.101,"status_now":"walk","status_rec":"walk","reason":"Shortest route already under threshold (dose 1).","safe_until_hour":null}},{"type":"Feature","geometry":{"type":"Polygon","coordinates":[[[-81.47250899972694,28.647522000214074],[-81.47258300024508,28.64742700022389],[-81.47240800034291,28.647427999850812],[-81.47218700040996,28.64772699981669],[-81.47186099999672,28.648168000230356],[-81.47194100036268,28.648226000239706],[-81.47232600032714,28.647757999983245],[-81.47250899972694,28.647522000214074]]]},"properties":{"block_id":"120950175042006","school_id":"sch_amikids_orlando","kids_est":0,"class":"green","shortest":{"len_m":1315.6,"mean_c":36.0,"peak_c":36.0,"dose":54.6},"coolest":{"len_m":1315.6,"mean_c":36.0,"peak_c":36.0,"dose":54.6},"delta_mean_c":0.0,"delta_dose_pct":0,"distance_mi":0.634,"status_now":"walk","status_rec":"walk","reason":"Shortest route already under threshold (dose 55).","safe_until_hour":null}},{"type":"Feature","geometry":{"type":"Polygon","coordinates":[[[-81.4676149996186,28.652195000303834],[-81.46785800019116,28.652093000375018],[-81.46742200017307,28.651678999784366],[-81.46735500022592,28.651615999808254],[-81.46718899964625,28.65174899997619],[-81.4676149996186,28.652195000303834]]]},"properties":{"block_id":"120950175034034","school_id":"sch_amikids_orlando","kids_est":0,"class":"green","shortest":{"len_m":926.8,"mean_c":36.03,"peak_c":36.2,"dose":38.8},"coolest":{"len_m":926.8,"mean_c":36.03,"peak_c":36.2,"dose":38.8},"delta_mean_c":0.0,"delta_dose_pct":0,"distance_mi":0.588,"status_now":"walk","status_rec":"walk","reason":"Shortest route already under threshold (dose 39).","safe_until_hour":null}},{"type":"Feature","geometry":{"type":"Polygon","coordinates":[[[-81.4745540000982,28.64736200001501],[-81.47455200044836,28.64724900025957],[-81.4745480002504,28.646944000353553],[-81.47438900024174,28.646949000087815],[-81.47418199965419,28.64694799966797],[-81.47399000003357,28.64694799966797],[-81.47359000000048,28.646953999821775],[-81.47354999981751,28.646964999708693],[-81.47351499965741,28.646987000267377],[-81.47348899971814,28.6470159998143],[-81.47347500037276,28.647051000289792],[-81.4734700003499,28.647397000375037],[-81.4734700003499,28.647425999808604],[-81.47346600015193,28.64768899990524],[-81.47345500028128,28.64772000008303],[-81.47342699979387,28.647751000251645],[-81.4734490004335,28.647814999807803],[-81.47349499956594,28.64787399963504],[-81.47355800021344,28.647919999610973],[-81.47390999966763,28.648178000370173],[-81.47409600033878,28.648305999710676],[-81.47418000000437,28.648363000025764],[-81.47427700008875,28.64843399968336],[-81.47435599973146,28.64813900021365],[-81.47454099967939,28.647453999607425],[-81.4745540000982,28.64736200001501]]]},"properties":{"block_id":"120950175042014","school_id":"sch_amikids_orlando","kids_est":0,"class":"green","shortest":{"len_m":1482.5,"mean_c":36.0,"peak_c":36.0,"dose":61.3},"coolest":{"len_m":1482.5,"mean_c":36.0,"peak_c":36.0,"dose":61.3},"delta_mean_c":0.0,"delta_dose_pct":0,"distance_mi":0.624,"status_now":"walk","status_rec":"walk","reason":"Shortest route already under threshold (dose 61).","safe_until_hour":null}},{"type":"Feature","geometry":{"type":"Polygon","coordinates":[[[-81.46706099959974,28.651849000281803],[-81.46718899964625,28.65174899997619],[-81.4669090001621,28.651452999994728],[-81.46483899967649,28.649546999869344],[-81.46455699964419,28.649271999660566],[-81.46446999960553,28.649343999888135],[-81.46442000027515,28.649383999993198],[-81.46385200001258,28.649852000088774],[-81.46385500038562,28.65073899966367],[-81.46385600021053,28.651112000213434],[-81.46410700028069,28.651112999805168],[-81.46583600028445,28.65275799965613],[-81.46589200036094,28.65280700015823],[-81.46609599967714,28.652638000002845],[-81.46688400004774,28.65199300030209],[-81.46706099959974,28.651849000281803]]]},"properties":{"block_id":"120950175034028","school_id":"sch_amikids_orlando","kids_est":0,"class":"green","shortest":{"len_m":1259.9,"mean_c":36.09,"peak_c":36.4,"dose":53.9},"coolest":{"len_m":1259.9,"mean_c":36.09,"peak_c":36.4,"dose":53.9},"delta_mean_c":0.0,"delta_dose_pct":0,"distance_mi":0.732,"status_now":"walk","status_rec":"walk","reason":"Shortest route already under threshold (dose 54).","safe_until_hour":null}},{"type":"Feature","geometry":{"type":"Polygon","coordinates":[[[-81.476314999889,28.650982000381642],[-81.476314999889,28.650942999691242],[-81.47631400006408,28.650749000346675],[-81.47631300023917,28.65016700015961],[-81.47631300023917,28.649973999770477],[-81.47631300023917,28.649766000227807],[-81.47631200041427,28.649738999862777],[-81.4763080002163,28.649586999896968],[-81.47630200036852,28.649355000312667],[-81.47630400001835,28.64854400010168],[-81.47630599966816,28.64842699999682],[-81.47630999986612,28.648222999805064],[-81.47630999986612,28.648041000342456],[-81.4763090000412,28.64794800006632],[-81.4763090000412,28.647669000319752],[-81.4763090000412,28.647575999713695],[-81.4763090000412,28.647417000012457],[-81.47621500032987,28.64741600038544],[-81.47613499996393,28.647417000012457],[-81.47603399968159,28.647417000012457],[-81.47587200019821,28.647417000012457],[-81.47580000022819,28.64741799963947],[-81.4757099998165,28.64741799963947],[-81.4755480003331,28.64741799963947],[-81.47546700014226,28.647419000054793],[-81.4753859999514,28.647419000054793],[-81.47513599970614,28.64741999968179],[-81.47493700041282,28.64741999968179],[-81.47474999991675,28.64742100009714],[-81.47463899958868,28.64742100009714],[-81.47463600011395,28.646972999912382],[-81.47485500039706,28.646972999912382],[-81.4750419999948,28.64697200028112],[-81.4751249998355,28.64697200028112],[-81.47522899959256,28.646970999861487],[-81.47537199970769,28.646987999898485],[-81.47543399963196,28.64699600010041],[-81.47605899979595,28.64699199999953],[-81.47617000012404,28.64700099983214],[-81.47620799975887,28.64700999966404],[-81.47620399956091,28.646968000179314],[-81.47620100008618,28.646923000205955],[-81.4761950002384,28.646833999833834],[-81.47620000026126,28.646221999809622],[-81.47607100038984,28.646138000192277],[-81.47595400021397,28.64606199999252],[-81.47589200028968,28.64606199999252],[-81.47579799968004,28.64606199999252],[-81.4756110000823,28.64606199999252],[-81.47552800024162,28.646062999632445],[-81.47542399958623,28.646062999632445],[-81.47523699998848,28.646064000060743],[-81.47515400014781,28.646064000060743],[-81.47505000039074,28.646064000060743],[-81.47486299989467,28.64606499970066],[-81.47475099974167,28.64606499970066],[-81.47461000017468,28.64606499970066],[-81.47432200029458,28.646066000128865],[-81.47420199974569,28.646066999768756],[-81.47420400029382,28.64629300012821],[-81.47420599994363,28.646519999636276],[-81.47413200032379,28.646519999636276],[-81.47404899958481,28.646519999636276],[-81.47394499982772,28.646521000060197],[-81.47375800022998,28.646521000060197],[-81.4736750003893,28.646521000060197],[-81.47360099987115,28.64652199969577],[-81.47356400006122,28.64652199969577],[-81.47338499996108,28.64651900000076],[-81.47338499996108,28.646751000340004],[-81.47338300031124,28.64697200028112],[-81.4734209999461,28.64700400030178],[-81.47347500037276,28.647051000289792],[-81.47348899971814,28.6470159998143],[-81.47351499965741,28.646987000267377],[-81.47354999981751,28.646964999708693],[-81.47359000000048,28.646953999821775],[-81.47399000003357,28.64694799966797],[-81.47418199965419,28.64694799966797],[-81.47438900024174,28.646949000087815],[-81.4745480002504,28.646944000353553],[-81.47455200044836,28.64724900025957],[-81.4745540000982,28.64736200001501],[-81.47454099967939,28.647453999607425],[-81.47435599973146,28.64813900021365],[-81.47427700008875,28.64843399968336],[-81.47427000041606,28.648462000001437],[-81.47421599998937,28.648536999634125],[-81.4741969997228,28.648556000226304],[-81.47398800038376,28.64877599990328],[-81.47389999962189,28.648859000159653],[-81.47388499955328,28.64887399987602],[-81.47378400016925,28.648983000220753],[-81.47372999974257,28.649038999767924],[-81.47364100005412,28.649135000273642],[-81.47357499993187,28.649212999831434],[-81.47352499970316,28.64927300005824],[-81.4735139998325,28.64928500009951],[-81.47348399969528,28.649319999817788],[-81.47347399964954,28.64933300025074],[-81.47379500003991,28.64955800027259],[-81.47406899967629,28.649750000245884],[-81.47442799970148,28.650019000011433],[-81.47475199956658,28.65024600012659],[-81.4749420004357,28.650378999667133],[-81.47507200013204,28.65047600012068],[-81.47527899982127,28.65063200033685],[-81.47530300011071,28.650648999780373],[-81.47547100034022,28.650767000154655],[-81.47554499996006,28.65083799976136],[-81.4756679999837,28.650934999790344],[-81.475801999878,28.65101900029562],[-81.47589800013748,28.651066999653175],[-81.47599600004676,28.65110000038123],[-81.4760279998338,28.651106000297503],[-81.47613199959089,28.6511279999875],[-81.476314999889,28.65114100019636],[-81.476314999889,28.651100999973146],[-81.476314999889,28.65104299997714],[-81.476314999889,28.650982000381642]],[[-81.47582799981728,28.649792000193216],[-81.47583000036542,28.65015599982024],[-81.4758229997944,28.6501879996577],[-81.47579799968004,28.6502369997841],[-81.47576900026604,28.65026799999705],[-81.47573499993085,28.650287000275615],[-81.47569499974787,28.650297000213378],[-81.47565399974,28.650295999825474],[-81.47561500028026,28.650285000287923],[-81.4754639997692,28.65018999964724],[-81.47538900032444,28.650133999926283],[-81.47507200013204,28.64989999998047],[-81.47463799976377,28.64958899989792],[-81.47449600037187,28.649486999799286],[-81.47447999958003,28.64946699976832],[-81.47446000038686,28.649424000082984],[-81.4744560001889,28.649377000370066],[-81.47446799988445,28.649331999853622],[-81.47449499964863,28.649291000119582],[-81.4745349998316,28.649259999617875],[-81.47458400023541,28.649242000339523],[-81.47539199979917,28.648877000292035],[-81.47565600028814,28.64877599990328],[-81.47570099959567,28.648781000338513],[-81.47574400015169,28.64879600006604],[-81.4757800001367,28.648820999869947],[-81.47580699990088,28.648855000129767],[-81.4758229997944,28.648892999618788],[-81.47582699999236,28.649074000356656],[-81.47582799981728,28.649792000193216]]]},"properties":{"block_id":"120950175042008","school_id":"sch_amikids_orlando","kids_est":0,"class":"green","shortest":{"len_m":1530.7,"mean_c":36.0,"peak_c":36.0,"dose":63.3},"coolest":{"len_m":1530.7,"mean_c":36.0,"peak_c":36.0,"dose":63.3},"delta_mean_c":0.0,"delta_dose_pct":0,"distance_mi":0.563,"status_now":"walk","status_rec":"walk","reason":"Shortest route already under threshold (dose 63).","safe_until_hour":null}},{"type":"Feature","geometry":{"type":"Polygon","coordinates":[[[-81.46605200019452,28.65648000027691],[-81.46604700017166,28.65614199970974],[-81.46603799995081,28.65545300036352],[-81.46603799995081,28.655130000036756],[-81.46603799995081,28.65497699965909],[-81.46603200010304,28.65488799981591],[-81.46603299992795,28.654793000192164],[-81.46559799973475,28.654788000043624],[-81.46429399987844,28.654773000384864],[-81.46386000040849,28.654768000235435],[-81.46385799986035,28.654915999987264],[-81.46386299988322,28.655211999652618],[-81.46387600030202,28.655820999811127],[-81.46387700012693,28.656544000023736],[-81.46387799995183,28.656713999728108],[-81.46387399975387,28.656989000126817],[-81.46386899973102,28.657170999824924],[-81.46386299988322,28.65745400000554],[-81.46395400011983,28.65745599985651],[-81.46408700018921,28.657459000026947],[-81.4642190004337,28.657462999728562],[-81.46442199992497,28.657467999749535],[-81.4644529998871,28.657467999749535],[-81.46458299958344,28.657472000239103],[-81.46468700023884,28.65747400008965],[-81.46485799994305,28.657477999790757],[-81.46492099969225,28.657479999641204],[-81.46498500016467,28.65748200027994],[-81.4652060000976,28.657487000299948],[-81.46521000029556,28.65735100014242],[-81.46521699996826,28.65714699996943],[-81.46522100016622,28.6570079999758],[-81.46522299981604,28.656941000327052],[-81.46523000038705,28.656735000279877],[-81.46523600023482,28.65652899982797],[-81.46523899970957,28.656489999624082],[-81.46582399969058,28.65648200014645],[-81.46589900003364,28.65648099981754],[-81.46593699966849,28.65648099981754],[-81.46605200019452,28.65648000027691]]]},"properties":{"block_id":"120950175034031","school_id":"sch_amikids_orlando","kids_est":0,"class":"green","shortest":{"len_m":1576.5,"mean_c":36.19,"peak_c":36.5,"dose":69.8},"coolest":{"len_m":1576.5,"mean_c":36.19,"peak_c":36.5,"dose":69.8},"delta_mean_c":0.0,"delta_dose_pct":0,"distance_mi":0.66,"status_now":"walk","status_rec":"walk","reason":"Shortest route already under threshold (dose 70).","safe_until_hour":null}},{"type":"Feature","geometry":{"type":"Polygon","coordinates":[[[-81.45902099965343,28.657596000362656],[-81.45901800017872,28.65720700038608],[-81.45900999978278,28.656042000345227],[-81.45900800013297,28.655653999669237],[-81.4588690002158,28.65565699989124],[-81.4584540001141,28.655667000105215],[-81.45831600002184,28.655670999875188],[-81.45821300008967,28.656049000311757],[-81.45790699976793,28.657184999606667],[-81.45780499966068,28.657563999632796],[-81.45804800023323,28.65756999996748],[-81.45877700015429,28.657588999711187],[-81.45902099965343,28.657596000362656]]]},"properties":{"block_id":"121170217041028","school_id":"sch_amikids_orlando","kids_est":0,"class":"green","shortest":{"len_m":2032.5,"mean_c":36.37,"peak_c":36.9,"dose":95.3},"coolest":{"len_m":2032.5,"mean_c":36.37,"peak_c":36.9,"dose":95.3},"delta_mean_c":0.0,"delta_dose_pct":0,"distance_mi":1.042,"status_now":"walk","status_rec":"walk","reason":"Shortest route already under threshold (dose 95).","safe_until_hour":null}},{"type":"Feature","geometry":{"type":"Polygon","coordinates":[[[-81.46387200010406,28.65897900020444],[-81.46387100027914,28.658773999739307],[-81.46386999955591,28.658725999968524],[-81.46386899973102,28.658583000044942],[-81.46386899973102,28.65853599970768],[-81.46371499974522,28.65853599970768],[-81.46325199996296,28.658537000016985],[-81.46323500024451,28.658537000016985],[-81.46323500024451,28.658617000292498],[-81.46323400041959,28.658977000382595],[-81.46376400014903,28.658974000255537],[-81.46387200010406,28.65897900020444]]]},"properties":{"block_id":"120950175034019","school_id":"sch_amikids_orlando","kids_est":0,"class":"green","shortest":{"len_m":1660.4,"mean_c":36.2,"peak_c":36.5,"dose":73.8},"coolest":{"len_m":1660.4,"mean_c":36.2,"peak_c":36.5,"dose":73.8},"delta_mean_c":0.0,"delta_dose_pct":0,"distance_mi":0.753,"status_now":"walk","status_rec":"walk","reason":"Shortest route already under threshold (dose 74).","safe_until_hour":null}},{"type":"Feature","geometry":{"type":"Polygon","coordinates":[[[-81.4753220003773,28.65133999991722],[-81.4751959999806,28.651247000201653],[-81.47482000023696,28.650971000127765],[-81.47469499966519,28.65087899967893],[-81.47454999990023,28.65077399968503],[-81.47411600043027,28.650460999845095],[-81.4739719995919,28.65035699981994],[-81.47373300011562,28.65018399967856],[-81.47368999955961,28.65016500016968],[-81.47361500011483,28.650131999935663],[-81.47353200027416,28.650106999655993],[-81.47340400022765,28.650082999760258],[-81.4733160003641,28.650078000175416],[-81.47319800036333,28.650094000107273],[-81.47308299983727,28.65012300037173],[-81.47297300023241,28.650163999780503],[-81.47273300003293,28.650275999948775],[-81.4727179999643,28.65028100031247],[-81.47248299978766,28.65037099972327],[-81.47240300032003,28.650411000224885],[-81.47250200005423,28.650570999713945],[-81.47251100027506,28.65058700035895],[-81.47282099989647,28.651124999635897],[-81.47292499965353,28.65130500008484],[-81.47318800031759,28.651752999895635],[-81.47323799964798,28.651813999830967],[-81.47325199989167,28.6518309998712],[-81.47329700009753,28.651870999815976],[-81.47339500000682,28.65194299983573],[-81.47350700015981,28.65200100012222],[-81.4736040002442,28.652031999813715],[-81.47367200001625,28.652042999956347],[-81.47373999978831,28.65204600028168],[-81.47433300016525,28.6520089999418],[-81.47454999990023,28.651980000198915],[-81.47458800043337,28.6519679996777],[-81.47469700021331,28.65192100031667],[-81.47479799959736,28.651861999612947],[-81.47488800000903,28.651790000325843],[-81.47490499972747,28.651771000319613],[-81.4750050001849,28.65166500005573],[-81.4753220003773,28.65133999991722]]]},"properties":{"block_id":"120950175042001","school_id":"sch_amikids_orlando","kids_est":1,"class":"green","shortest":{"len_m":1297.9,"mean_c":35.99,"peak_c":36.0,"dose":53.8},"coolest":{"len_m":1297.9,"mean_c":35.99,"peak_c":36.0,"dose":53.8},"delta_mean_c":0.0,"delta_dose_pct":0,"distance_mi":0.388,"status_now":"walk","status_rec":"walk","reason":"Shortest route already under threshold (dose 54).","safe_until_hour":null}},{"type":"Feature","geometry":{"type":"Polygon","coordinates":[[[-81.47504799984259,28.650501000312453],[-81.47507200013204,28.65047600012068],[-81.4749420004357,28.650378999667133],[-81.47475199956658,28.65024600012659],[-81.47442799970148,28.650019000011433],[-81.47406899967629,28.649750000245884],[-81.47379500003991,28.64955800027259],[-81.47347399964954,28.64933300025074],[-81.47344799971026,28.649363000334098],[-81.47341799957303,28.649400000030894],[-81.47336099967163,28.649440999722326],[-81.47332999970948,28.64946499976499],[-81.47329000042484,28.649494999810592],[-81.47327000033334,28.649500000211525],[-81.47309899973081,28.64957000028124],[-81.47261099983417,28.64977299982497],[-81.47239599974903,28.649868999658715],[-81.47216399994544,28.649973999770477],[-81.47221400017413,28.65006000024916],[-81.47235499974114,28.650323000047088],[-81.47240300032003,28.650411000224885],[-81.47248299978766,28.65037099972327],[-81.4727179999643,28.65028100031247],[-81.47273300003293,28.650275999948775],[-81.47297300023241,28.650163999780503],[-81.47308299983727,28.65012300037173],[-81.47319800036333,28.650094000107273],[-81.4733160003641,28.650078000175416],[-81.47340400022765,28.650082999760258],[-81.47353200027416,28.650106999655993],[-81.47361500011483,28.650131999935663],[-81.47368999955961,28.65016500016968],[-81.47373300011562,28.65018399967856],[-81.4739719995919,28.65035699981994],[-81.47411600043027,28.650460999845095],[-81.47454999990023,28.65077399968503],[-81.47469499966519,28.65087899967893],[-81.47474599971879,28.65082300032589],[-81.47490300007765,28.65065600010694],[-81.47495499995618,28.65060100023149],[-81.4749780004207,28.650574999678376],[-81.4750050001849,28.650546999924405],[-81.47504799984259,28.650501000312453]]]},"properties":{"block_id":"120950175042023","school_id":"sch_amikids_orlando","kids_est":0,"class":"green","shortest":{"len_m":1242.8,"mean_c":36.0,"peak_c":36.0,"dose":51.5},"coolest":{"len_m":1242.8,"mean_c":36.0,"peak_c":36.0,"dose":51.5},"delta_mean_c":0.0,"delta_dose_pct":0,"distance_mi":0.459,"status_now":"walk","status_rec":"walk","reason":"Shortest route already under threshold (dose 52).","safe_until_hour":null}},{"type":"Feature","geometry":{"type":"Polygon","coordinates":[[[-81.47631300023917,28.656444999795326],[-81.47631400006408,28.656284999809856],[-81.47620699993395,28.656288000013806],[-81.47524700003423,28.65628900034456],[-81.47524700003423,28.65645899967406],[-81.47524700003423,28.656638999637458],[-81.47620500028414,28.65663699977097],[-81.47631200041427,28.65663100017119],[-81.47631200041427,28.656580000011957],[-81.47631200041427,28.65654900008854],[-81.47631300023917,28.656444999795326]]]},"properties":{"block_id":"120950175042003","school_id":"sch_amikids_orlando","kids_est":0,"class":"green","shortest":{"len_m":0.0,"mean_c":0.0,"peak_c":null,"dose":0.0},"coolest":{"len_m":0.0,"mean_c":0.0,"peak_c":null,"dose":0.0},"delta_mean_c":0.0,"delta_dose_pct":0,"distance_mi":0.005,"status_now":"walk","status_rec":"walk","reason":"Shortest route already under threshold (dose 0).","safe_until_hour":null}},{"type":"Feature","geometry":{"type":"Polygon","coordinates":[[[-81.46127400043716,28.655501999606184],[-81.46128199993477,28.654741000369953],[-81.46107400042062,28.654738000121732],[-81.46045099990647,28.654731000067724],[-81.46024400021723,28.6547290001648],[-81.4602349999964,28.655061999633716],[-81.46023300034658,28.655492000164774],[-81.4602280003237,28.65683299990889],[-81.46023400017147,28.657784000117683],[-81.46024000001927,28.65854899978629],[-81.4603410003016,28.65854699995625],[-81.46064400025031,28.65854500012611],[-81.46074600035755,28.658543999816946],[-81.46085000011463,28.658543999816946],[-81.46116399993399,28.658545999647046],[-81.46126900041429,28.65854699995625],[-81.46126900041429,28.657784999645884],[-81.46127199988901,28.655724000360546],[-81.46127400043716,28.655501999606184]]]},"properties":{"block_id":"120950175034023","school_id":"sch_amikids_orlando","kids_est":1,"class":"green","shortest":{"len_m":1591.0,"mean_c":36.22,"peak_c":36.6,"dose":71.0},"coolest":{"len_m":1591.0,"mean_c":36.22,"peak_c":36.6,"dose":71.0},"delta_mean_c":0.0,"delta_dose_pct":0,"distance_mi":0.907,"status_now":"walk","status_rec":"walk","reason":"Shortest route already under threshold (dose 71).","safe_until_hour":null}},{"type":"Feature","geometry":{"type":"Polygon","coordinates":[[[-81.4827499996801,28.663874999981694],[-81.48286199983309,28.663703000335087],[-81.48237399993646,28.66334499966148],[-81.48191100015417,28.663014000236107],[-81.48070799968188,28.662155000273152],[-81.47932699983267,28.661143000315004],[-81.47747900000323,28.659787000006382],[-81.47670300022652,28.659231999829753],[-81.47629800017057,28.65892799961094],[-81.47627899990398,28.65898599997487],[-81.47626899985823,28.65901899978703],[-81.47627700025417,28.65907299967231],[-81.4762870002999,28.65914000032329],[-81.4763299999576,28.65917300008703],[-81.47640399957746,28.65922800019563],[-81.47722100026037,28.65983899969058],[-81.47760100020196,28.660153000206666],[-81.48178499975748,28.6631509996178],[-81.4827499996801,28.663874999981694]]]},"properties":{"block_id":"120950175033007","school_id":"sch_amikids_orlando","kids_est":0,"class":"green","shortest":{"len_m":434.4,"mean_c":36.0,"peak_c":36.0,"dose":18.0},"coolest":{"len_m":434.4,"mean_c":36.0,"peak_c":36.0,"dose":18.0},"delta_mean_c":0.0,"delta_dose_pct":0,"distance_mi":0.409,"status_now":"walk","status_rec":"walk","reason":"Shortest route already under threshold (dose 18).","safe_until_hour":null}},{"type":"Feature","geometry":{"type":"Polygon","coordinates":[[[-81.46387799995183,28.656713999728108],[-81.46387700012693,28.656544000023736],[-81.46387600030202,28.655820999811127],[-81.46386299988322,28.655211999652618],[-81.46385799986035,28.654915999987264],[-81.46386000040849,28.654768000235435],[-81.46375699957802,28.65476699989016],[-81.46344899960644,28.65476399964269],[-81.46334700039749,28.654763000085698],[-81.46320099990932,28.654761000183374],[-81.46276300024141,28.65475700037867],[-81.46261799957813,28.654756000033295],[-81.4626150001034,28.655511999834943],[-81.46260800043072,28.657782999801213],[-81.46260599988258,28.658540000156496],[-81.46270399979187,28.65853899984728],[-81.46300000006788,28.65853800032628],[-81.46309899980207,28.65853800032628],[-81.46323500024451,28.658537000016985],[-81.46323500024451,28.65845199970662],[-81.46323600006941,28.65821000005929],[-81.46323600006941,28.658044000095465],[-81.46376599979885,28.65805299976784],[-81.46386000040849,28.658054000081755],[-81.46386000040849,28.658029999640107],[-81.46385799986035,28.657904000187568],[-81.46385600021053,28.657777999795265],[-81.46385700003543,28.65772000033956],[-81.46386299988322,28.65745400000554],[-81.46386899973102,28.657170999824924],[-81.46387399975387,28.656989000126817],[-81.46387799995183,28.656713999728108]]]},"properties":{"block_id":"120950175034020","school_id":"sch_amikids_orlando","kids_est":0,"class":"green","shortest":{"len_m":1573.8,"mean_c":36.22,"peak_c":36.6,"dose":70.1},"coolest":{"len_m":1573.8,"mean_c":36.22,"peak_c":36.6,"dose":70.1},"delta_mean_c":0.0,"delta_dose_pct":0,"distance_mi":0.758,"status_now":"walk","status_rec":"walk","reason":"Shortest route already under threshold (dose 70).","safe_until_hour":null}},{"type":"Feature","geometry":{"type":"Polygon","coordinates":[[[-81.47119200035013,28.658512999685986],[-81.47118499977913,28.658487999827955],[-81.47032299978866,28.65849400010974],[-81.47020499978791,28.658495999940797],[-81.47013899966565,28.658495999940797],[-81.47013799984076,28.65852700007678],[-81.4701339996428,28.658740999850025],[-81.4701339996428,28.658788999613925],[-81.47013199999296,28.658812999881732],[-81.47011000025167,28.659113000007252],[-81.47008500013732,28.65930499982621],[-81.4700650000458,28.65946300011965],[-81.47000499977136,28.659881999834397],[-81.4699939999007,28.659964999970484],[-81.46996100028875,28.660272999929504],[-81.4699589997406,28.660301000239183],[-81.47011000025167,28.660301999743375],[-81.4710979997405,28.66028200019879],[-81.47103699964111,28.66003699994979],[-81.47091399961748,28.659929000356385],[-81.47090000027208,28.659915999660708],[-81.47089900044718,28.65935499993488],[-81.47096200019637,28.659239000371507],[-81.47101800027285,28.658765999647663],[-81.471041999664,28.658706999642607],[-81.47106099993057,28.65866199997724],[-81.47114899979411,28.65859499980898],[-81.47116200021291,28.658568000140846],[-81.47119200035013,28.658512999685986]]]},"properties":{"block_id":"120950175033004","school_id":"sch_amikids_orlando","kids_est":0,"class":"green","shortest":{"len_m":493.7,"mean_c":36.0,"peak_c":36.0,"dose":20.5},"coolest":{"len_m":493.7,"mean_c":36.0,"peak_c":36.0,"dose":20.5},"delta_mean_c":0.0,"delta_dose_pct":0,"distance_mi":0.372,"status_now":"walk","status_rec":"walk","reason":"Shortest route already under threshold (dose 20).","safe_until_hour":null}},{"type":"Feature","geometry":{"type":"Polygon","coordinates":[[[-81.46987800044808,28.661320000058563],[-81.46988199974771,28.661273000160268],[-81.46982200037156,28.661268000320778],[-81.46964200044651,28.661256000074452],[-81.46961099958607,28.66125400029599],[-81.46958200017207,28.661251999729295],[-81.46950400035425,28.66124800017223],[-81.46927199965235,28.66123599992364],[-81.46919499965945,28.661232000365914],[-81.46903300017607,28.661220999610894],[-81.46854699992925,28.661188999987665],[-81.46838600027078,28.661179000300425],[-81.46821800004129,28.66116899982399],[-81.46771699972588,28.661140000249993],[-81.4675500002196,28.661131000054365],[-81.46741200012734,28.6611349996159],[-81.46737500031743,28.661137000184894],[-81.46720399971488,28.661160999915126],[-81.46709199956189,28.661185999923912],[-81.46700600024647,28.661209999643],[-81.46698199995703,28.66121800033638],[-81.46687599965182,28.661257000357807],[-81.46675799965104,28.66131399993853],[-81.46670900014556,28.661343000252653],[-81.46660899968813,28.661415000073706],[-81.46651900017476,28.66149700029144],[-81.4664589999003,28.66156700023429],[-81.46644200018186,28.661587999813893],[-81.46638100008249,28.66167299994612],[-81.46629800024182,28.661796000339926],[-81.4662620002568,28.661852000138207],[-81.46618000024104,28.662003000177048],[-81.46610999992083,28.662158000309184],[-81.46609700040038,28.662192000185453],[-81.46604799999656,28.662331999884287],[-81.46600299979072,28.662487000318066],[-81.46599600011803,28.662515000036393],[-81.46595500011014,28.662629999645397],[-81.4658759995691,28.662796999709784],[-81.4657979997513,28.662923999854414],[-81.46578000020796,28.662955999736223],[-81.46570300021506,28.663055000121616],[-81.46559699990985,28.663165000177457],[-81.46531900007551,28.66341300020934],[-81.46524999958021,28.66346700019571],[-81.46512999992963,28.663561999841427],[-81.46508300007396,28.663603000300824],[-81.46500500025616,28.663688999847363],[-81.46494800035474,28.66376600014216],[-81.464938000309,28.66378200034989],[-81.4648820002325,28.66388099995508],[-81.46484399969937,28.66396599980426],[-81.46480799971435,28.664100000325956],[-81.46479900039182,28.664192000208526],[-81.46480000021674,28.66428400001027],[-81.46481699993518,28.664376999984874],[-81.46486399979084,28.664550999817337],[-81.46490800017176,28.664710999797972],[-81.46494099978374,28.664814999772645],[-81.46498900036262,28.664947999748986],[-81.46513499995248,28.665347999697897],[-81.4651840003563,28.66548200002909],[-81.46523899970957,28.665603000198598],[-81.46531200040282,28.66573000009591],[-81.46539799971823,28.665849000288343],[-81.46543200005343,28.665885000233807],[-81.46545499961964,28.665909999904056],[-81.46558199984123,28.666020000116227],[-81.46565100033652,28.666070000174553],[-81.46572300030654,28.6661160000495],[-81.46579899957622,28.66615799974628],[-81.46595799958487,28.666228999964947],[-81.46604100032386,28.666257999707323],[-81.46612499998945,28.66628199984142],[-81.46642000044055,28.6663819996842],[-81.46672099984112,28.666465999635996],[-81.46693699975117,28.6665160002697],[-81.4671839996234,28.666560999716168],[-81.46729999997434,28.666576000052817],[-81.46744999976217,28.666595999972888],[-81.46765099960362,28.666614000213002],[-81.4677689996044,28.666624999613763],[-81.4678029999396,28.666628000309988],[-81.46783300007682,28.666631000217915],[-81.46784800014542,28.666631999661753],[-81.46790500004684,28.66663700003358],[-81.46793900038203,28.666639999941257],[-81.4679379996588,28.66650300039098],[-81.4679379996588,28.666160999667717],[-81.46794100003186,28.666091999877374],[-81.46794299968168,28.666053000078573],[-81.46795399955234,28.665955999849164],[-81.46796799979603,28.665838000017917],[-81.4679850004128,28.66575400035092],[-81.46799999958309,28.6656789996343],[-81.46805700038281,28.665480999786066],[-81.46812900035283,28.66529200019102],[-81.46815899959174,28.665227000022167],[-81.46821300001841,28.665116000307595],[-81.4682959998591,28.66496699973181],[-81.46838999957042,28.664823000190843],[-81.46937899978246,28.663519999892557],[-81.46947500004195,28.66336500019813],[-81.46950199980613,28.663321999906636],[-81.46957200012632,28.663183000218606],[-81.46965699961682,28.662984000117444],[-81.4697260001121,28.662779999871148],[-81.46975600024933,28.662661000135323],[-81.46977600034081,28.662516999790746],[-81.46979399988417,28.662400999785337],[-81.4698180001736,28.662086000210223],[-81.46982999986918,28.661941999863917],[-81.46983599971696,28.661855000182847],[-81.46985599980844,28.6615939999182],[-81.46986300037946,28.661511000283763],[-81.46986599985419,28.661463000189734],[-81.46987800044808,28.661320000058563]]]},"properties":{"block_id":"120950175034013","school_id":"sch_amikids_orlando","kids_est":1,"class":"green","shortest":{"len_m":2001.2,"mean_c":36.27,"peak_c":36.6,"dose":90.7},"coolest":{"len_m":2001.6,"mean_c":36.22,"peak_c":36.5,"dose":89.5},"delta_mean_c":-0.05,"delta_dose_pct":-1,"distance_mi":0.713,"status_now":"walk","status_rec":"walk","reason":"Shortest route already under threshold (dose 91).","safe_until_hour":null}},{"type":"Feature","geometry":{"type":"Polygon","coordinates":[[[-81.46334700039749,28.654763000085698],[-81.46334499984935,28.654145999644],[-81.46334200037464,28.65229700013348],[-81.46334200037464,28.651891999761126],[-81.46333499980362,28.651823999623076],[-81.46330899986434,28.651758999774543],[-81.46328899977287,28.651729000376605],[-81.46326500038175,28.651701999728672],[-81.4632069997571,28.651655999835025],[-81.46313800016013,28.65162500003238],[-81.4630870001065,28.651615000221238],[-81.46300199971769,28.6515989997331],[-81.46269999959391,28.651573000215752],[-81.4624879998818,28.651558000097083],[-81.4623539999875,28.651550000243155],[-81.46228799986525,28.651550999830718],[-81.46228600021543,28.651726000042203],[-81.46228200001747,28.65225099971252],[-81.46228100019255,28.652426999911647],[-81.46228600021543,28.652533999771833],[-81.46230299993387,28.652857000212663],[-81.46230899978165,28.65296499999653],[-81.46230899978165,28.653188000176364],[-81.46231200015471,28.65382600029509],[-81.46231100032978,28.653857999800934],[-81.46230700013183,28.654082000010032],[-81.46230600030692,28.654109999608362],[-81.46230600030692,28.654215999765558],[-81.46230799995675,28.65461800036957],[-81.46230899978165,28.654752999785504],[-81.462369999881,28.654752999785504],[-81.46255599965386,28.65475499968792],[-81.46261799957813,28.654756000033295],[-81.46276300024141,28.65475700037867],[-81.46320099990932,28.654761000183374],[-81.46334700039749,28.654763000085698]]]},"properties":{"block_id":"120950175034026","school_id":"sch_amikids_orlando","kids_est":0,"class":"green","shortest":{"len_m":1591.1,"mean_c":36.23,"peak_c":36.7,"dose":71.2},"coolest":{"len_m":1591.1,"mean_c":36.23,"peak_c":36.7,"dose":71.2},"delta_mean_c":0.0,"delta_dose_pct":0,"distance_mi":0.815,"status_now":"walk","status_rec":"walk","reason":"Shortest route already under threshold (dose 71).","safe_until_hour":null}},{"type":"Feature","geometry":{"type":"Polygon","coordinates":[[[-81.4701400003889,28.658456000158644],[-81.4701410002138,28.658375999760327],[-81.47013799984076,28.65832599997301],[-81.47013000034315,28.65815399989195],[-81.47010299968065,28.657941000023712],[-81.47008699978713,28.657812999831826],[-81.47007599991647,28.657724000031212],[-81.47006699969563,28.657611999935607],[-81.47005400017518,28.657442000110898],[-81.47005500000007,28.657006999651916],[-81.470055999825,28.656805999786982],[-81.470055999825,28.656769000338507],[-81.470055999825,28.656674000054274],[-81.470055999825,28.65665199995129],[-81.4700569996499,28.65662299991601],[-81.4700569996499,28.656605999864418],[-81.4700569996499,28.656554999693014],[-81.4700569996499,28.656538999958705],[-81.47003300025877,28.65653799963039],[-81.46996100028875,28.656535000221822],[-81.46993799982421,28.656535000221822],[-81.46980899995278,28.656530999696507],[-81.46962900002772,28.656532000024935],[-81.46901200025967,28.65653700009031],[-81.46891400035037,28.656530000156362],[-81.46877000041033,28.656502999956402],[-81.46870900031098,28.65648200014645],[-81.46863200031807,28.65645699980415],[-81.46858799993714,28.656437000314245],[-81.46851000011934,28.65639400033397],[-81.46843599960118,28.656344000389662],[-81.46836899965403,28.65628900034456],[-81.46830799955465,28.656227000316466],[-81.4682540000263,28.65616099971223],[-81.46821700021637,28.656105000026976],[-81.46820700017064,28.656089999768337],[-81.46816899963748,28.65601600035296],[-81.46813900039857,28.655938000337397],[-81.46811799958385,28.65585899992902],[-81.46810400023847,28.655768000163107],[-81.46810199969033,28.655611000156046],[-81.46800499960595,28.656267999703445],[-81.46800600032918,28.65636300035549],[-81.46800499960595,28.656706999805966],[-81.46800299995611,28.657519999795745],[-81.46800299995611,28.65754499988463],[-81.4666420001984,28.65752199964544],[-81.46656500020552,28.657521000114745],[-81.46660200001543,28.65728399992458],[-81.46660600021339,28.657261999949604],[-81.46651800034984,28.657228000050868],[-81.46597699985146,28.657021000243883],[-81.46586700024659,28.65697900003893],[-81.46591900012514,28.65664399969773],[-81.46593400019374,28.65654500035205],[-81.46593699966849,28.65648099981754],[-81.46589900003364,28.65648099981754],[-81.46582399969058,28.65648200014645],[-81.46523899970957,28.656489999624082],[-81.46523600023482,28.65652899982797],[-81.46523000038705,28.656735000279877],[-81.46522299981604,28.656941000327052],[-81.46522100016622,28.6570079999758],[-81.46521699996826,28.65714699996943],[-81.46521000029556,28.65735100014242],[-81.4652060000976,28.657487000299948],[-81.46498500016467,28.65748200027994],[-81.46492099969225,28.657479999641204],[-81.46485799994305,28.657477999790757],[-81.46468700023884,28.65747400008965],[-81.46458299958344,28.657472000239103],[-81.4644529998871,28.657467999749535],[-81.46442199992497,28.657467999749535],[-81.4642190004337,28.657462999728562],[-81.46408700018921,28.657459000026947],[-81.46395400011983,28.65745599985651],[-81.46386299988322,28.65745400000554],[-81.46385700003543,28.65772000033956],[-81.46385600021053,28.657777999795265],[-81.46385799986035,28.657904000187568],[-81.46386000040849,28.658029999640107],[-81.46386000040849,28.658054000081755],[-81.46386200005831,28.658188999802984],[-81.46386600025626,28.658408999764518],[-81.46386899973102,28.65853599970768],[-81.46386899973102,28.658583000044942],[-81.46386999955591,28.658725999968524],[-81.46387100027914,28.658773999739307],[-81.46387200010406,28.65897900020444],[-81.46387299992898,28.659116999645832],[-81.46387499957879,28.65940399971867],[-81.46385700003543,28.66014800031374],[-81.46385100018766,28.660404999860102],[-81.46385299983747,28.66044100009899],[-81.46383699994396,28.660474999743947],[-81.46382699989822,28.66048399999587],[-81.46382900044635,28.660498000123425],[-81.46382699989822,28.660526000373057],[-81.46382699989822,28.660536999624476],[-81.46342699986513,28.660536999624476],[-81.46239800036842,28.660536999624476],[-81.46222900031401,28.660537999914684],[-81.46183000010583,28.660542999788984],[-81.46180800036456,28.66053900020488],[-81.46174499971703,28.660537999914684],[-81.46172399980064,28.660525000082746],[-81.4617279999986,28.660757000176204],[-81.4617270001737,28.66079300029414],[-81.46172499962555,28.66157600039241],[-81.46172499962555,28.661598000250304],[-81.46172499962555,28.661696000062758],[-81.46172499962555,28.661867000360637],[-81.46172399980064,28.662087999972748],[-81.46172299997573,28.662545999772032],[-81.46172200015081,28.662750999954604],[-81.46172200015081,28.662973000334567],[-81.4617210003259,28.663216999762383],[-81.4617210003259,28.663503999644792],[-81.46171700012793,28.663949000155238],[-81.46171600030304,28.66405100037272],[-81.46162300041661,28.664057000336015],[-81.46032299985994,28.664072999711113],[-81.46032200003502,28.664146999744865],[-81.46032100021013,28.664503999791428],[-81.45991199995622,28.66450900026474],[-81.45969900041918,28.66450800001248],[-81.4596929996731,28.66513400001362],[-81.4596719997567,28.669961999768798],[-81.45967099993177,28.67007100025756],[-81.45966799955873,28.67063300035642],[-81.45965900023621,28.672232000169963],[-81.45965699968808,28.672634000250355],[-81.45965699968808,28.67265100006685],[-81.45966099988604,28.672672999964334],[-81.4596640002591,28.672739999802822],[-81.46138900006488,28.67273300016286],[-81.46144900033934,28.67272999964144],[-81.46228200001747,28.672742000150286],[-81.46258199959311,28.672747000230494],[-81.46320199973422,28.67276199968163],[-81.46321699980284,28.67276199968163],[-81.46347200007098,28.67275399986958],[-81.46351100042902,28.67275500004313],[-81.46413499986978,28.672766999760935],[-81.46470399995728,28.672779000265532],[-81.4649879996394,28.67277099966655],[-81.46541299978684,28.67277300001338],[-81.46709099973697,28.672790999980588],[-81.467282000431,28.67279200015378],[-81.4682549998512,28.67280299969426],[-81.46826200042221,28.67277099966655],[-81.46830900027788,28.67263999972229],[-81.46837500040012,28.672456999910974],[-81.4684309995783,28.672212999928],[-81.46844200034727,28.67211099977324],[-81.46844900001997,28.671905999772147],[-81.4684380001493,28.671701000158144],[-81.46840499963905,28.671517000097648],[-81.46836799982911,28.671382000203344],[-81.46817200001054,28.67084999963285],[-81.46809599984255,28.670601999860118],[-81.46803399991826,28.67035199989559],[-81.46801300000187,28.67024299969915],[-81.46798600023769,28.670099000314206],[-81.46796100012332,28.669902999760613],[-81.4679369998339,28.669602999779553],[-81.46793299963595,28.66951200012263],[-81.46793299963595,28.669458000098285],[-81.46793299963595,28.66902299985049],[-81.46793400035915,28.668878000154766],[-81.46793400035915,28.668804000308832],[-81.46793400035915,28.6685840000961],[-81.46793500018407,28.66851100025667],[-81.46793500018407,28.66842499993787],[-81.46793500018407,28.66816899978093],[-81.46793600000898,28.66808400018781],[-81.46793600000898,28.668064999981876],[-81.46793600000898,28.668009000350484],[-81.46793600000898,28.667991000350032],[-81.46793600000898,28.66787500009765],[-81.46793600000898,28.667531000252186],[-81.4679369998339,28.667412999829697],[-81.4679369998339,28.66726199970311],[-81.4679379996588,28.666809000382507],[-81.46793900038203,28.666658999617333],[-81.46793900038203,28.666639999941257],[-81.46790500004684,28.66663700003358],[-81.46784800014542,28.666631999661753],[-81.46783300007682,28.666631000217915],[-81.4678029999396,28.666628000309988],[-81.4677689996044,28.666624999613763],[-81.46765099960362,28.666614000213002],[-81.46744999976217,28.666595999972888],[-81.46729999997434,28.666576000052817],[-81.4671839996234,28.666560999716168],[-81.46693699975117,28.6665160002697],[-81.46672099984112,28.666465999635996],[-81.46642000044055,28.6663819996842],[-81.46612499998945,28.66628199984142],[-81.46604100032386,28.666257999707323],[-81.46595799958487,28.666228999964947],[-81.46579899957622,28.66615799974628],[-81.46572300030654,28.6661160000495],[-81.46565100033652,28.666070000174553],[-81.46558199984123,28.666020000116227],[-81.46545499961964,28.665909999904056],[-81.46543200005343,28.665885000233807],[-81.46539799971823,28.665849000288343],[-81.46531200040282,28.66573000009591],[-81.46523899970957,28.665603000198598],[-81.4651840003563,28.66548200002909],[-81.46513499995248,28.665347999697897],[-81.46498900036262,28.664947999748986],[-81.46494099978374,28.664814999772645],[-81.46490800017176,28.664710999797972],[-81.46486399979084,28.664550999817337],[-81.46481699993518,28.664376999984874],[-81.46480000021674,28.66428400001027],[-81.46479900039182,28.664192000208526],[-81.46480799971435,28.664100000325956],[-81.46484399969937,28.66396599980426],[-81.4648820002325,28.66388099995508],[-81.464938000309,28.66378200034989],[-81.46494800035474,28.66376600014216],[-81.46500500025616,28.663688999847363],[-81.46508300007396,28.663603000300824],[-81.46512999992963,28.663561999841427],[-81.46524999958021,28.66346700019571],[-81.46531900007551,28.66341300020934],[-81.46559699990985,28.663165000177457],[-81.46570300021506,28.663055000121616],[-81.46578000020796,28.662955999736223],[-81.4657979997513,28.662923999854414],[-81.4658759995691,28.662796999709784],[-81.46595500011014,28.662629999645397],[-81.46599600011803,28.662515000036393],[-81.46600299979072,28.662487000318066],[-81.46604799999656,28.662331999884287],[-81.46589200036094,28.66226400021154],[-81.4657629995912,28.66219599970649],[-81.46559199988697,28.662106000198854],[-81.46516799956446,28.661872000171503],[-81.4650999997924,28.661822999964905],[-81.4650379998681,28.661768999919808],[-81.46498099996671,28.661710000028503],[-81.464966999723,28.66169400029274],[-81.46492999991308,28.661648000053432],[-81.46488399988233,28.661581999709203],[-81.46484600024749,28.661513000057262],[-81.46480799971435,28.661424000244946],[-81.46478900034609,28.661368000218022],[-81.46477099990442,28.66129300030403],[-81.46476000003376,28.661209999643],[-81.46475900020884,28.661181000080276],[-81.46475900020884,28.66112000007703],[-81.46475800038395,28.661032000216462],[-81.46475699966071,28.66076800019164],[-81.46475699966071,28.660680000035626],[-81.46475699966071,28.660477999827975],[-81.46475699966071,28.66003800024477],[-81.46474300031532,28.65997499977352],[-81.46471599965284,28.659915999660708],[-81.46469499973644,28.659886999739992],[-81.46467600036819,28.659862000209674],[-81.46462600013946,28.659815999954755],[-81.4645440001237,28.659756000242993],[-81.46446200010794,28.659677000346914],[-81.46444899968914,28.659661000300797],[-81.46440500020653,28.65960800022928],[-81.46434199955902,28.659455000080587],[-81.4643399999092,28.65928899972338],[-81.4643390000843,28.659155999660655],[-81.46433800025937,28.658997000176154],[-81.46433800025937,28.65852099979693],[-81.46433800025937,28.65836299966028],[-81.464493999895,28.658363999971176],[-81.46458099993362,28.658367000115685],[-81.4647550000109,28.658375000237776],[-81.46515800041702,28.65848700030646],[-81.46529499978607,28.65847999971448],[-81.46553900018354,28.65846999976884],[-81.46553199961254,28.658344000056857],[-81.46552099974187,28.658123999958917],[-81.46551999991696,28.657969000168055],[-81.46551999991696,28.657866000022615],[-81.46552400011493,28.65784499969739],[-81.4658599996756,28.65784499969739],[-81.46604899982148,28.65785400017513],[-81.46608399998158,28.657856000018402],[-81.4661500001038,28.65787200034002],[-81.46620799983013,28.65790299987223],[-81.46625499968579,28.657947999863467],[-81.46628499982302,28.658002000300357],[-81.46629599969368,28.658062000227723],[-81.46634300044765,28.658943999768884],[-81.46633800042478,28.658976000077498],[-81.46632699965582,28.659007000071526],[-81.46630999993738,28.659036999751887],[-81.46628800019607,28.65906299978322],[-81.4662610004319,28.659085999684308],[-81.46622999957144,28.659104999941473],[-81.46619699995948,28.659119000253273],[-81.46616099997446,28.659127999833363],[-81.46612400016456,28.659132000259586],[-81.4661009997,28.659129000137007],[-81.46590599970635,28.659111000187966],[-81.46557699981838,28.659103000122045],[-81.46557799964329,28.659341999956226],[-81.4655790003665,28.659561000351584],[-81.46559400043512,28.65964700006145],[-81.4656360002679,28.659772999783865],[-81.46567599955257,28.659851999607593],[-81.46572599978127,28.659928000060425],[-81.46579399955334,28.660006999767347],[-81.46595900030809,28.66017799966757],[-81.46600100014089,28.660153000206666],[-81.46602000040747,28.66014299963233],[-81.46613300038538,28.660089999804455],[-81.466212999853,28.6600620002267],[-81.46627999980015,28.66004100034132],[-81.46642100026547,28.66001199966699],[-81.46651900017476,28.660003999669822],[-81.46666599958952,28.660012999962202],[-81.46667800018342,28.66001499976434],[-81.466761999849,28.66003200005141],[-81.46685399991051,28.660060999931947],[-81.46699200000278,28.66012199976325],[-81.46717299975275,28.660217000075928],[-81.46734500018019,28.66032399986865],[-81.46738299981502,28.660358999843446],[-81.46744899993725,28.660436999722727],[-81.4675009998158,28.660523000290326],[-81.46753799962572,28.66061399987009],[-81.4675500002196,28.660662000352897],[-81.4675579997172,28.660727999699947],[-81.46756299974007,28.66075899996408],[-81.4675500002196,28.661131000054365],[-81.46771699972588,28.661140000249993],[-81.46821800004129,28.66116899982399],[-81.46838600027078,28.661179000300425],[-81.46841899988274,28.660670000299838],[-81.46843999979914,28.66036999990065],[-81.46845800024079,28.660330000045295],[-81.46848900020295,28.66029600035333],[-81.46853100003574,28.660272999929504],[-81.4685779998914,28.660261999862055],[-81.46868900021947,28.660261999862055],[-81.46891099997731,28.660272999929504],[-81.46913199991027,28.660296999857575],[-81.46917399974306,28.660309999717796],[-81.46920899990316,28.660333000133548],[-81.46923400001752,28.660365000018093],[-81.4692470004363,28.660401999773974],[-81.46922599962159,28.660722999834466],[-81.46919499965945,28.661232000365914],[-81.46927199965235,28.66123599992364],[-81.46950400035425,28.66124800017223],[-81.46958200017207,28.661251999729295],[-81.46961099958607,28.66125400029599],[-81.46964200044651,28.661256000074452],[-81.46982200037156,28.661268000320778],[-81.46988199974771,28.661273000160268],[-81.46992000028088,28.660779000205984],[-81.4699589997406,28.660301000239183],[-81.46996100028875,28.660272999929504],[-81.4699939999007,28.659964999970484],[-81.47000499977136,28.659881999834397],[-81.4700650000458,28.65946300011965],[-81.47008500013732,28.65930499982621],[-81.47011000025167,28.659113000007252],[-81.47013199999296,28.658812999881732],[-81.4701339996428,28.658788999613925],[-81.4701339996428,28.658740999850025],[-81.47013799984076,28.65852700007678],[-81.47013899966565,28.658495999940797],[-81.4701400003889,28.658456000158644]],[[-81.46206000025963,28.668034999732694],[-81.46206100008453,28.668131999614136],[-81.46205000021388,28.668227999977255],[-81.46202400027461,28.66832999997108],[-81.46200099981007,28.668383999788514],[-81.46197599969572,28.66844699993447],[-81.46193600041106,28.668515999750575],[-81.46187899961134,28.668592000226585],[-81.46180300034166,28.668666999646646],[-81.46169500038664,28.66874800028416],[-81.46160900017291,28.668797999829053],[-81.4615160002865,28.66883899981643],[-81.46142000002703,28.668871000256797],[-81.46131200007198,28.66889400037023],[-81.46120800031493,28.66890699995229],[-81.46109600016192,28.66890800016262],[-81.46098499983384,28.66889700021329],[-81.4608760000539,28.66887400010053],[-81.4607709995736,28.66884000002741],[-81.46066299961858,28.66879099992574],[-81.46056399988437,28.668729999622457],[-81.4604750001959,28.66865699988468],[-81.46039800020301,28.668574000326217],[-81.46033499955551,28.668482999775673],[-81.46028000020223,28.668371000141516],[-81.46024300039231,28.668254000093267],[-81.46022599977556,28.668132999831858],[-81.46022400012573,28.667379000070763],[-81.46022400012573,28.667289000284587],[-81.46022999997352,28.666740000230586],[-81.46025500008787,28.666634000125832],[-81.4602779996541,28.666580000194788],[-81.46031299981419,28.66652099985884],[-81.46036800006577,28.66645800013138],[-81.46044500005868,28.66639599981219],[-81.46047400037101,28.666378999769098],[-81.46053299992224,28.666347000144174],[-81.4605809996028,28.666327999623316],[-81.46068100006023,28.666301000370677],[-81.46078499981729,28.66629100038294],[-81.46148799979908,28.6662859999946],[-81.46183199975567,28.666284000312178],[-81.4618269997328,28.666397000046473],[-81.46182599990787,28.66643200035799],[-81.46182300043316,28.666877999700755],[-81.46182300043316,28.667026999924136],[-81.46182300043316,28.66718999995763],[-81.46182400025806,28.667237999793446],[-81.46184000015161,28.66738000029562],[-81.4618689995656,28.667506999615917],[-81.46191399977143,28.667634000358735],[-81.46192899984004,28.667666999812827],[-81.46200099981007,28.667815000270064],[-81.4620460000159,28.667937999761406],[-81.46204799966573,28.667952999901015],[-81.46206000025963,28.668034999732694]]]},"properties":{"block_id":"120950175034007","school_id":"sch_amikids_orlando","kids_est":2,"class":"green","shortest":{"len_m":2001.2,"mean_c":36.27,"peak_c":36.6,"dose":90.7},"coolest":{"len_m":2001.6,"mean_c":36.22,"peak_c":36.5,"dose":89.5},"delta_mean_c":-0.05,"delta_dose_pct":-1,"distance_mi":0.951,"status_now":"walk","status_rec":"walk","reason":"Shortest route already under threshold (dose 91).","safe_until_hour":null}},{"type":"Feature","geometry":{"type":"Polygon","coordinates":[[[-81.46231100032978,28.653857999800934],[-81.46231200015471,28.65382600029509],[-81.46230899978165,28.653188000176364],[-81.46230899978165,28.65296499999653],[-81.46230299993387,28.652857000212663],[-81.46228600021543,28.652533999771833],[-81.46228100019255,28.652426999911647],[-81.46228200001747,28.65225099971252],[-81.46228600021543,28.651726000042203],[-81.46228799986525,28.651550999830718],[-81.46189399967994,28.6515569997212],[-81.46071500039541,28.651575999766212],[-81.46055399983862,28.651579000104967],[-81.46050600015806,28.65158899991948],[-81.4604609999522,28.651605999996246],[-81.46041900011942,28.651628999956557],[-81.4603820003095,28.65165799979651],[-81.46035499964698,28.65168699962844],[-81.46032500040809,28.651729000376605],[-81.46030699996642,28.65176900036029],[-81.46029699992067,28.65181199987241],[-81.46029400044596,28.651855000155216],[-81.46029600009577,28.65189799963207],[-81.46033499955551,28.652576000180737],[-81.46034200012652,28.652680000370086],[-81.46033600027874,28.652803000278986],[-81.46032399968485,28.653050000025583],[-81.46032100021013,28.653125999891206],[-81.46026199976058,28.653792999636625],[-81.46025300043806,28.653902999951782],[-81.46025099988992,28.654040999768238],[-81.46024400021723,28.6547290001648],[-81.46045099990647,28.654731000067724],[-81.46107400042062,28.654738000121732],[-81.46128199993477,28.654741000369953],[-81.46148699997418,28.654743000272664],[-81.46210299991732,28.65475000032587],[-81.46230899978165,28.654752999785504],[-81.46230799995675,28.65461800036957],[-81.46230600030692,28.654215999765558],[-81.46230600030692,28.654109999608362],[-81.46230700013183,28.654082000010032],[-81.46231100032978,28.653857999800934]]]},"properties":{"block_id":"120950175034027","school_id":"sch_amikids_orlando","kids_est":0,"class":"green","shortest":{"len_m":1905.7,"mean_c":36.33,"peak_c":36.8,"dose":88.1},"coolest":{"len_m":1905.7,"mean_c":36.33,"peak_c":36.8,"dose":88.1},"delta_mean_c":0.0,"delta_dose_pct":0,"distance_mi":0.903,"status_now":"walk","status_rec":"walk","reason":"Shortest route already under threshold (dose 88).","safe_until_hour":null}},{"type":"Feature","geometry":{"type":"Polygon","coordinates":[[[-81.47006000002295,28.654615000117822],[-81.47006199967277,28.65454300035617],[-81.4699500004181,28.65441499995718],[-81.4698180001736,28.654269000198155],[-81.46879899982433,28.653293999689076],[-81.46808199959885,28.65269500032828],[-81.46797399964382,28.652570999926464],[-81.4676149996186,28.652195000303834],[-81.46748699957209,28.65230699987958],[-81.46652199964949,28.653258000149226],[-81.46638100008249,28.65339600002625],[-81.4663740004098,28.65389099965065],[-81.46651400015188,28.653893000357872],[-81.46651800034984,28.6547099999028],[-81.46651800034984,28.654798000340474],[-81.46681299990263,28.65480200014361],[-81.46696900043655,28.65480400004515],[-81.46720399971488,28.654809000192927],[-81.46736199989863,28.654811999650818],[-81.46783599955155,28.654821000388935],[-81.46799399973528,28.65482399984647],[-81.46801399982678,28.65482399984647],[-81.46807599975106,28.654825000191195],[-81.46809699966745,28.6548259997476],[-81.46810300041356,28.65503899963813],[-81.46810199969033,28.655151000117513],[-81.46810000004051,28.65539999974118],[-81.46810199969033,28.655611000156046],[-81.46810400023847,28.655768000163107],[-81.46811799958385,28.65585899992902],[-81.46813900039857,28.655938000337397],[-81.46816899963748,28.65601600035296],[-81.46820700017064,28.656089999768337],[-81.46821700021637,28.656105000026976],[-81.4682540000263,28.65616099971223],[-81.46830799955465,28.656227000316466],[-81.46836899965403,28.65628900034456],[-81.46843599960118,28.656344000389662],[-81.46851000011934,28.65639400033397],[-81.46858799993714,28.656437000314245],[-81.46863200031807,28.65645699980415],[-81.46870900031098,28.65648200014645],[-81.46877000041033,28.656502999956402],[-81.46891400035037,28.656530000156362],[-81.46901200025967,28.65653700009031],[-81.46962900002772,28.656532000024935],[-81.46980899995278,28.656530999696507],[-81.46993799982421,28.656535000221822],[-81.46996100028875,28.656535000221822],[-81.47003300025877,28.65653799963039],[-81.4700569996499,28.656538999958705],[-81.47005900019803,28.65619800016357],[-81.47006199967277,28.655784000015032],[-81.47005300035026,28.6551770003243],[-81.4700569996499,28.65498500003986],[-81.47005500000007,28.654837000385385],[-81.47005500000007,28.654818999699472],[-81.47005500000007,28.65480400004515],[-81.47005800037313,28.654709000345285],[-81.47005900019803,28.654677000310848],[-81.47006000002295,28.654615000117822]]]},"properties":{"block_id":"120950175034032","school_id":"sch_amikids_orlando","kids_est":0,"class":"green","shortest":{"len_m":781.0,"mean_c":36.02,"peak_c":36.1,"dose":32.8},"coolest":{"len_m":781.0,"mean_c":36.02,"peak_c":36.1,"dose":32.8},"delta_mean_c":0.0,"delta_dose_pct":0,"distance_mi":0.467,"status_now":"walk","status_rec":"walk","reason":"Shortest route already under threshold (dose 33).","safe_until_hour":null}},{"type":"Feature","geometry":{"type":"Polygon","coordinates":[[[-81.47344799971026,28.649363000334098],[-81.47347399964954,28.64933300025074],[-81.47328399967873,28.649200000171984],[-81.47316999987594,28.649117000185534],[-81.4722679997025,28.648462999618502],[-81.47196800012685,28.648245000099863],[-81.47194100036268,28.648226000239706],[-81.47166799965288,28.648435000089048],[-81.4709510003257,28.649576999891483],[-81.4705350003991,28.650427000105957],[-81.47080700038566,28.650480999686515],[-81.47104000001417,28.65047499973448],[-81.47116399986272,28.650419000165748],[-81.47191399970018,28.650084999751744],[-81.47216399994544,28.649973999770477],[-81.47239599974903,28.649868999658715],[-81.47261099983417,28.64977299982497],[-81.47309899973081,28.64957000028124],[-81.47327000033334,28.649500000211525],[-81.47329000042484,28.649494999810592],[-81.47332999970948,28.64946499976499],[-81.47336099967163,28.649440999722326],[-81.47341799957303,28.649400000030894],[-81.47344799971026,28.649363000334098]]]},"properties":{"block_id":"120950175042024","school_id":"sch_amikids_orlando","kids_est":0,"class":"green","shortest":{"len_m":1094.3,"mean_c":36.0,"peak_c":36.0,"dose":45.4},"coolest":{"len_m":1094.3,"mean_c":36.0,"peak_c":36.0,"dose":45.4},"delta_mean_c":0.0,"delta_dose_pct":0,"distance_mi":0.538,"status_now":"walk","status_rec":"walk","reason":"Shortest route already under threshold (dose 45).","safe_until_hour":null}},{"type":"Feature","geometry":{"type":"Polygon","coordinates":[[[-81.45900800013297,28.655653999669237],[-81.45900599958482,28.655467999924994],[-81.4590030001101,28.654910000289046],[-81.45900200028517,28.654724000013193],[-81.45890699985064,28.654722999667527],[-81.45862200034358,28.65472000020709],[-81.45852799973395,28.65471899986136],[-81.45797100024035,28.654711000248604],[-81.45732400033505,28.654702000289358],[-81.45630199961272,28.654702000289358],[-81.45574599994403,28.654702999846933],[-81.45574599994403,28.654908999945135],[-81.45574599994403,28.655527999725987],[-81.45574599994403,28.655735000115854],[-81.45778600029242,28.655686999741974],[-81.45831600002184,28.655670999875188],[-81.4584540001141,28.655667000105215],[-81.4588690002158,28.65565699989124],[-81.45900800013297,28.655653999669237]]]},"properties":{"block_id":"121170217041013","school_id":"sch_amikids_orlando","kids_est":0,"class":"green","shortest":{"len_m":1880.6,"mean_c":36.35,"peak_c":37.0,"dose":87.3},"coolest":{"len_m":1880.6,"mean_c":36.35,"peak_c":37.0,"dose":87.3},"delta_mean_c":0.0,"delta_dose_pct":0,"distance_mi":1.118,"status_now":"walk","status_rec":"walk","reason":"Shortest route already under threshold (dose 87).","safe_until_hour":null}},{"type":"Feature","geometry":{"type":"Polygon","coordinates":[[[-81.47194100036268,28.648226000239706],[-81.47186099999672,28.648168000230356],[-81.47157999978933,28.647964999944904],[-81.47132000039664,28.647776999928247],[-81.47070000025553,28.647328000059545],[-81.47067199976813,28.647345000038683],[-81.47058800010255,28.647378999988643],[-81.47052600017828,28.647395999959524],[-81.47042499989593,28.647423999766346],[-81.4704159996751,28.64743500039234],[-81.46909299955222,28.647436999646008],[-81.46797600019195,28.64744099972994],[-81.4669300000785,28.647444000186933],[-81.46600699998868,28.64744600022881],[-81.46590499988143,28.647446999855546],[-81.46516900028767,28.647448999897307],[-81.46462500031454,28.647952999752675],[-81.46411099958034,28.648429999637315],[-81.46404100015846,28.64848600026814],[-81.46421699988555,28.648642000291158],[-81.46474300031532,28.649123999825967],[-81.46494199960864,28.64930700017153],[-81.46502399962442,28.649385999998003],[-81.4663109997623,28.65062600039345],[-81.46663999965027,28.650938000147445],[-81.46704899990418,28.651326000143317],[-81.46735500022592,28.651615999808254],[-81.46742200017307,28.651678999784366],[-81.46785800019116,28.652093000375018],[-81.46806999990326,28.652293999815324],[-81.46820600034573,28.65242300001791],[-81.46845599969265,28.65266000015976],[-81.46923200036768,28.653379999809935],[-81.4698180001736,28.65403600037214],[-81.47001200034236,28.65425800028904],[-81.4700650000458,28.654321000254377],[-81.47006599987073,28.652031999813715],[-81.47009600000797,28.651728000002354],[-81.4705350003991,28.650427000105957],[-81.4709510003257,28.649576999891483],[-81.47166799965288,28.648435000089048],[-81.47194100036268,28.648226000239706]]]},"properties":{"block_id":"120950175042005","school_id":"sch_amikids_orlando","kids_est":0,"class":"green","shortest":{"len_m":1139.5,"mean_c":36.02,"peak_c":36.1,"dose":47.5},"coolest":{"len_m":1139.5,"mean_c":36.02,"peak_c":36.1,"dose":47.5},"delta_mean_c":0.0,"delta_dose_pct":0,"distance_mi":0.65,"status_now":"walk","status_rec":"walk","reason":"Shortest route already under threshold (dose 48).","safe_until_hour":null}},{"type":"Feature","geometry":{"type":"Polygon","coordinates":[[[-81.46629800024182,28.661796000339926],[-81.46638100008249,28.66167299994612],[-81.46622700009671,28.661587999813893],[-81.46616199979938,28.66155300024945],[-81.46580799979704,28.66134399974691],[-81.46577799965982,28.66131899977582],[-81.46575300044378,28.661298999637005],[-81.46570900006286,28.66124500011017],[-81.46567499972765,28.661181000080276],[-81.4656560003594,28.66112100036167],[-81.46564899978839,28.660990000042027],[-81.46564899978839,28.660963000202553],[-81.46565499963617,28.660795000081396],[-81.46567499972765,28.660599999758027],[-81.46570800023794,28.660504999792433],[-81.46575400026869,28.660414000118056],[-81.46580600014723,28.660336000221662],[-81.46581199999501,28.660328000249226],[-81.46587999976707,28.660248999995893],[-81.46595900030809,28.66017799966757],[-81.46579399955334,28.660006999767347],[-81.46572599978127,28.659928000060425],[-81.46567599955257,28.659851999607593],[-81.4656360002679,28.659772999783865],[-81.46559400043512,28.65964700006145],[-81.4655790003665,28.659561000351584],[-81.46557799964329,28.659341999956226],[-81.46557699981838,28.659103000122045],[-81.46557599999346,28.659026000343005],[-81.4655719997955,28.658976000077498],[-81.46554699968114,28.658596000117726],[-81.46553900018354,28.65846999976884],[-81.46529499978607,28.65847999971448],[-81.46515800041702,28.65848700030646],[-81.4647550000109,28.658375000237776],[-81.46458099993362,28.658367000115685],[-81.464493999895,28.658363999971176],[-81.46433800025937,28.65836299966028],[-81.46433800025937,28.65852099979693],[-81.46433800025937,28.658997000176154],[-81.4643390000843,28.659155999660655],[-81.4643399999092,28.65928899972338],[-81.46434199955902,28.659455000080587],[-81.46440500020653,28.65960800022928],[-81.46444899968914,28.659661000300797],[-81.46446200010794,28.659677000346914],[-81.4645440001237,28.659756000242993],[-81.46462600013946,28.659815999954755],[-81.46467600036819,28.659862000209674],[-81.46469499973644,28.659886999739992],[-81.46471599965284,28.659915999660708],[-81.46474300031532,28.65997499977352],[-81.46475699966071,28.66003800024477],[-81.46475699966071,28.660477999827975],[-81.46475699966071,28.660680000035626],[-81.46475699966071,28.66076800019164],[-81.46475800038395,28.661032000216462],[-81.46475900020884,28.66112000007703],[-81.46475900020884,28.661181000080276],[-81.46476000003376,28.661209999643],[-81.46477099990442,28.66129300030403],[-81.46478900034609,28.661368000218022],[-81.46480799971435,28.661424000244946],[-81.46484600024749,28.661513000057262],[-81.46488399988233,28.661581999709203],[-81.46492999991308,28.661648000053432],[-81.464966999723,28.66169400029274],[-81.46498099996671,28.661710000028503],[-81.4650379998681,28.661768999919808],[-81.4650999997924,28.661822999964905],[-81.46516799956446,28.661872000171503],[-81.46559199988697,28.662106000198854],[-81.4657629995912,28.66219599970649],[-81.46589200036094,28.66226400021154],[-81.46604799999656,28.662331999884287],[-81.46609700040038,28.662192000185453],[-81.46610999992083,28.662158000309184],[-81.46618000024104,28.662003000177048],[-81.4662620002568,28.661852000138207],[-81.46629800024182,28.661796000339926]]]},"properties":{"block_id":"120950175034011","school_id":"sch_amikids_orlando","kids_est":0,"class":"green","shortest":{"len_m":1660.4,"mean_c":36.2,"peak_c":36.5,"dose":73.8},"coolest":{"len_m":1660.4,"mean_c":36.2,"peak_c":36.5,"dose":73.8},"delta_mean_c":0.0,"delta_dose_pct":0,"distance_mi":0.686,"status_now":"walk","status_rec":"walk","reason":"Shortest route already under threshold (dose 74).","safe_until_hour":null}},{"type":"Feature","geometry":{"type":"Polygon","coordinates":[[[-81.46756299974007,28.66075899996408],[-81.4675579997172,28.660727999699947],[-81.4675500002196,28.660662000352897],[-81.46753799962572,28.66061399987009],[-81.4675009998158,28.660523000290326],[-81.46744899993725,28.660436999722727],[-81.46738299981502,28.660358999843446],[-81.46734500018019,28.66032399986865],[-81.46717299975275,28.660217000075928],[-81.46699200000278,28.66012199976325],[-81.46685399991051,28.660060999931947],[-81.466761999849,28.66003200005141],[-81.46667800018342,28.66001499976434],[-81.46666599958952,28.660012999962202],[-81.46651900017476,28.660003999669822],[-81.46642100026547,28.66001199966699],[-81.46627999980015,28.66004100034132],[-81.466212999853,28.6600620002267],[-81.46613300038538,28.660089999804455],[-81.46602000040747,28.66014299963233],[-81.46600100014089,28.660153000206666],[-81.46595900030809,28.66017799966757],[-81.46587999976707,28.660248999995893],[-81.46581199999501,28.660328000249226],[-81.46580600014723,28.660336000221662],[-81.46575400026869,28.660414000118056],[-81.46570800023794,28.660504999792433],[-81.46567499972765,28.660599999758027],[-81.46565499963617,28.660795000081396],[-81.46564899978839,28.660963000202553],[-81.46564899978839,28.660990000042027],[-81.4656560003594,28.66112100036167],[-81.46567499972765,28.661181000080276],[-81.46570900006286,28.66124500011017],[-81.46575300044378,28.661298999637005],[-81.46577799965982,28.66131899977582],[-81.46580799979704,28.66134399974691],[-81.46616199979938,28.66155300024945],[-81.46622700009671,28.661587999813893],[-81.46638100008249,28.66167299994612],[-81.46644200018186,28.661587999813893],[-81.4664589999003,28.66156700023429],[-81.46651900017476,28.66149700029144],[-81.46660899968813,28.661415000073706],[-81.46670900014556,28.661343000252653],[-81.46675799965104,28.66131399993853],[-81.46687599965182,28.661257000357807],[-81.46698199995703,28.66121800033638],[-81.46700600024647,28.661209999643],[-81.46709199956189,28.661185999923912],[-81.46720399971488,28.661160999915126],[-81.46737500031743,28.661137000184894],[-81.46741200012734,28.6611349996159],[-81.4675500002196,28.661131000054365],[-81.46756299974007,28.66075899996408]]]},"properties":{"block_id":"120950175034008","school_id":"sch_amikids_orlando","kids_est":1,"class":"green","shortest":{"len_m":1660.4,"mean_c":36.2,"peak_c":36.5,"dose":73.8},"coolest":{"len_m":1660.4,"mean_c":36.2,"peak_c":36.5,"dose":73.8},"delta_mean_c":0.0,"delta_dose_pct":0,"distance_mi":0.628,"status_now":"walk","status_rec":"walk","reason":"Shortest route already under threshold (dose 74).","safe_until_hour":null}},{"type":"Feature","geometry":{"type":"Polygon","coordinates":[[[-81.4692470004363,28.660401999773974],[-81.46923400001752,28.660365000018093],[-81.46920899990316,28.660333000133548],[-81.46917399974306,28.660309999717796],[-81.46913199991027,28.660296999857575],[-81.46891099997731,28.660272999929504],[-81.46868900021947,28.660261999862055],[-81.4685779998914,28.660261999862055],[-81.46853100003574,28.660272999929504],[-81.46848900020295,28.66029600035333],[-81.46845800024079,28.660330000045295],[-81.46843999979914,28.66036999990065],[-81.46841899988274,28.660670000299838],[-81.46838600027078,28.661179000300425],[-81.46854699992925,28.661188999987665],[-81.46903300017607,28.661220999610894],[-81.46919499965945,28.661232000365914],[-81.46922599962159,28.660722999834466],[-81.4692470004363,28.660401999773974]]]},"properties":{"block_id":"120950175034010","school_id":"sch_amikids_orlando","kids_est":0,"class":"green","shortest":{"len_m":520.7,"mean_c":36.0,"peak_c":36.0,"dose":21.6},"coolest":{"len_m":520.7,"mean_c":36.0,"peak_c":36.0,"dose":21.6},"delta_mean_c":0.0,"delta_dose_pct":0,"distance_mi":0.509,"status_now":"walk","status_rec":"walk","reason":"Shortest route already under threshold (dose 22).","safe_until_hour":null}},{"type":"Feature","geometry":{"type":"Polygon","coordinates":[[[-81.46633800042478,28.658976000077498],[-81.46634300044765,28.658943999768884],[-81.46629599969368,28.658062000227723],[-81.46628499982302,28.658002000300357],[-81.46625499968579,28.657947999863467],[-81.46620799983013,28.65790299987223],[-81.4661500001038,28.65787200034002],[-81.46608399998158,28.657856000018402],[-81.46604899982148,28.65785400017513],[-81.4658599996756,28.65784499969739],[-81.46552400011493,28.65784499969739],[-81.46551999991696,28.657866000022615],[-81.46551999991696,28.657969000168055],[-81.46552099974187,28.658123999958917],[-81.46553199961254,28.658344000056857],[-81.46553900018354,28.65846999976884],[-81.46554699968114,28.658596000117726],[-81.4655719997955,28.658976000077498],[-81.46557599999346,28.659026000343005],[-81.46557699981838,28.659103000122045],[-81.46590599970635,28.659111000187966],[-81.4661009997,28.659129000137007],[-81.46612400016456,28.659132000259586],[-81.46616099997446,28.659127999833363],[-81.46619699995948,28.659119000253273],[-81.46622999957144,28.659104999941473],[-81.4662610004319,28.659085999684308],[-81.46628800019607,28.65906299978322],[-81.46630999993738,28.659036999751887],[-81.46632699965582,28.659007000071526],[-81.46633800042478,28.658976000077498]]]},"properties":{"block_id":"120950175034009","school_id":"sch_amikids_orlando","kids_est":1,"class":"green","shortest":{"len_m":1576.5,"mean_c":36.19,"peak_c":36.5,"dose":69.8},"coolest":{"len_m":1576.5,"mean_c":36.19,"peak_c":36.5,"dose":69.8},"delta_mean_c":0.0,"delta_dose_pct":0,"distance_mi":0.609,"status_now":"walk","status_rec":"walk","reason":"Shortest route already under threshold (dose 70).","safe_until_hour":null}},{"type":"Feature","geometry":{"type":"Polygon","coordinates":[[[-81.48307400044351,28.66007899971788],[-81.48315999975893,28.660020999958682],[-81.48277399996954,28.659593999982796],[-81.48250299980789,28.659296000261328],[-81.48234700017228,28.659422999918203],[-81.48194100029141,28.659555000130933],[-81.48158599956585,28.6596320003096],[-81.48142499990738,28.659603999821236],[-81.48108000012587,28.65954500028782],[-81.48064400010777,28.659429000146474],[-81.48016299988383,28.6593959996751],[-81.4795960003445,28.659335999722966],[-81.47936799984055,28.659301000194873],[-81.47888400014189,28.659226000378464],[-81.47830400018375,28.659099999998578],[-81.47791099982337,28.658972999950453],[-81.47782999963249,28.658775000046337],[-81.47782999963249,28.658583000044942],[-81.4780969995962,28.65840500009898],[-81.47828099971922,28.658322000304306],[-81.4783920000473,28.658211999895833],[-81.47845599962139,28.65804599993516],[-81.47847499988798,28.6579540001761],[-81.47855699990374,28.657871000024365],[-81.47874100002674,28.657779000111784],[-81.47905400002121,28.65764099969737],[-81.47921100038003,28.657511999608406],[-81.47928400017496,28.657447999664218],[-81.47812699973342,28.657460000346532],[-81.47639500025493,28.65746099987775],[-81.47630999986612,28.65746200019731],[-81.47630999986612,28.657480999960573],[-81.47630999986612,28.6579310000267],[-81.47630999986612,28.658173000318094],[-81.4763090000412,28.658297999924034],[-81.4763090000412,28.658676000348134],[-81.4763090000412,28.65880299996786],[-81.47630999986612,28.658822000276373],[-81.47631099969102,28.658843999923977],[-81.47631200041427,28.65885500014016],[-81.47631200041427,28.658887999993617],[-81.47629800017057,28.65892799961094],[-81.47670300022652,28.659231999829753],[-81.47747900000323,28.659787000006382],[-81.47932699983267,28.661143000315004],[-81.48070799968188,28.662155000273152],[-81.48191100015417,28.663014000236107],[-81.4819460003143,28.66297800009271],[-81.48197300007847,28.66294999970989],[-81.48198099957607,28.662940999669704],[-81.48209199990414,28.662820999848257],[-81.48243400021092,28.662452999749313],[-81.48244799955629,28.66243200034295],[-81.48247500021881,28.66239400024294],[-81.48238499980711,28.662322000306155],[-81.48211199999565,28.662063000179103],[-81.48215499965333,28.661940000098543],[-81.482241999692,28.661699000111852],[-81.48230199996644,28.66153100038212],[-81.4823489998221,28.661466999738582],[-81.48250299980789,28.661259999631213],[-81.48265299959571,28.661057000256065],[-81.482870000229,28.660980000335872],[-81.48285299961225,28.66072599991142],[-81.48292100028263,28.66070099979293],[-81.48310100020768,28.66061800023961],[-81.48297099961303,28.6604919999564],[-81.48287100005392,28.660328000249226],[-81.48280900012963,28.66022600035003],[-81.48285400033548,28.66020299991078],[-81.48289199997032,28.660183999852574],[-81.48298099965876,28.660134999645173],[-81.48307400044351,28.66007899971788]]]},"properties":{"block_id":"120950175041032","school_id":"sch_amikids_orlando","kids_est":0,"class":"green","shortest":{"len_m":434.4,"mean_c":36.0,"peak_c":36.0,"dose":18.0},"coolest":{"len_m":434.4,"mean_c":36.0,"peak_c":36.0,"dose":18.0},"delta_mean_c":0.0,"delta_dose_pct":0,"distance_mi":0.35,"status_now":"walk","status_rec":"walk","reason":"Shortest route already under threshold (dose 18).","safe_until_hour":null}},{"type":"Feature","geometry":{"type":"Polygon","coordinates":[[[-81.47377999997128,28.657631999989643],[-81.47377999997128,28.65759500004438],[-81.47345799975601,28.657364999900167],[-81.47328399967873,28.657241999825054],[-81.47308500038542,28.65709999977668],[-81.47306000027106,28.65713899975363],[-81.47300599984439,28.657217999985793],[-81.47289700006445,28.65737999997638],[-81.47290200008732,28.65739399973025],[-81.47290700011018,28.657410000122322],[-81.47290899976002,28.657420999700687],[-81.47291299995798,28.65743200006624],[-81.47291600033103,28.657442000110898],[-81.47292100035389,28.65745200015455],[-81.47292700020166,28.65746200019731],[-81.47293300004945,28.657472000239103],[-81.47293800007232,28.65748200027994],[-81.47294200027028,28.657492999850763],[-81.4729430000952,28.657502999889594],[-81.4729439999201,28.657514000246497],[-81.4729439999201,28.657524999813997],[-81.47294599956993,28.657536000168633],[-81.47294899994299,28.657546999733782],[-81.47295300014095,28.657556999767483],[-81.47295599961566,28.65756800011871],[-81.47296099963854,28.65757899968055],[-81.47296999985937,28.65761300025372],[-81.47340900025053,28.657623999810852],[-81.47362099996263,28.65762899982414],[-81.47377999997128,28.657631999989643]]]},"properties":{"block_id":"120950175033003","school_id":"sch_amikids_orlando","kids_est":0,"class":"green","shortest":{"len_m":47.4,"mean_c":36.0,"peak_c":36.0,"dose":1.9},"coolest":{"len_m":47.4,"mean_c":36.0,"peak_c":36.0,"dose":1.9},"delta_mean_c":0.0,"delta_dose_pct":0,"distance_mi":0.153,"status_now":"walk","status_rec":"walk","reason":"Shortest route already under threshold (dose 2).","safe_until_hour":null}},{"type":"Feature","geometry":{"type":"Polygon","coordinates":[[[-81.46260300040782,28.658933999867493],[-81.46260599988258,28.658540000156496],[-81.46233800009395,28.65853899984728],[-81.46197700041894,28.65853899984728],[-81.46153600037799,28.658543000295982],[-81.46126900041429,28.65854699995625],[-81.46116399993399,28.658545999647046],[-81.46085000011463,28.658543999816946],[-81.46074600035755,28.658543999816946],[-81.46074499963434,28.658933999867493],[-81.46074399980942,28.66001499976434],[-81.46074399980942,28.660105999785106],[-81.46074700018247,28.660352000164703],[-81.46075499968008,28.660404999860102],[-81.46078099961933,28.660453999941364],[-81.46080699955861,28.660479000118745],[-81.46084799956648,28.660507999875623],[-81.4608760000539,28.660518999917194],[-81.46093600032837,28.660529999957667],[-81.46097999981097,28.66052899966739],[-81.4615380000278,28.660526000373057],[-81.46172399980064,28.660525000082746],[-81.4618979998779,28.66052200000004],[-81.46242199975956,28.660515000332175],[-81.46259699966174,28.66051299975136],[-81.46259800038496,28.660118000163067],[-81.46260300040782,28.658933999867493]]]},"properties":{"block_id":"120950175034022","school_id":"sch_amikids_orlando","kids_est":1,"class":"green","shortest":{"len_m":2086.7,"mean_c":36.27,"peak_c":36.6,"dose":94.7},"coolest":{"len_m":2087.1,"mean_c":36.22,"peak_c":36.5,"dose":93.5},"delta_mean_c":-0.05,"delta_dose_pct":-1,"distance_mi":0.876,"status_now":"walk","status_rec":"walk","reason":"Shortest route already under threshold (dose 95).","safe_until_hour":null}},{"type":"Feature","geometry":{"type":"Polygon","coordinates":[[[-81.45971600013762,28.65854899978629],[-81.45972600018335,28.654724000013193],[-81.45968799965021,28.654724000013193],[-81.4596719997567,28.654724000013193],[-81.45965599986317,28.654724000013193],[-81.45954700008322,28.654724000013193],[-81.45900200028517,28.654724000013193],[-81.4590030001101,28.654910000289046],[-81.45900599958482,28.655467999924994],[-81.45900800013297,28.655653999669237],[-81.45900999978278,28.656042000345227],[-81.45901800017872,28.65720700038608],[-81.45902099965343,28.657596000362656],[-81.45902099965343,28.65804799977477],[-81.45900899995789,28.65854800026539],[-81.45952600016683,28.658550999616356],[-81.45961599968021,28.65854899978629],[-81.45964099979456,28.65854899978629],[-81.45971600013762,28.65854899978629]]]},"properties":{"block_id":"121170217041006","school_id":"sch_amikids_orlando","kids_est":1,"class":"green","shortest":{"len_m":1817.9,"mean_c":36.32,"peak_c":36.9,"dose":83.8},"coolest":{"len_m":1817.9,"mean_c":36.32,"peak_c":36.9,"dose":83.8},"delta_mean_c":0.0,"delta_dose_pct":0,"distance_mi":0.991,"status_now":"walk","status_rec":"walk","reason":"Shortest route already under threshold (dose 84).","safe_until_hour":null}},{"type":"Feature","geometry":{"type":"Polygon","coordinates":[[[-81.4590030001101,28.659406999833372],[-81.45900899995789,28.65854800026539],[-81.45612699971055,28.65849400010974],[-81.456046000418,28.65850500036265],[-81.45599600018929,28.658543000295982],[-81.455926999694,28.658619999641438],[-81.455926999694,28.658637000154744],[-81.455926999694,28.658653000357152],[-81.4559769999227,28.65875800034369],[-81.45643300003229,28.659479000195947],[-81.45661399978225,28.659406999833372],[-81.4574120001986,28.659406999833372],[-81.45771799962203,28.659406999833372],[-81.45773000021592,28.659406999833372],[-81.4585100001906,28.659406999833372],[-81.45868400026788,28.659406999833372],[-81.4590030001101,28.659406999833372]]]},"properties":{"block_id":"121170217041020","school_id":"sch_amikids_orlando","kids_est":0,"class":"yellow","shortest":{"len_m":2375.9,"mean_c":36.35,"peak_c":36.7,"dose":110.5},"coolest":{"len_m":2376.8,"mean_c":36.33,"peak_c":36.7,"dose":109.8},"delta_mean_c":-0.02,"delta_dose_pct":-1,"distance_mi":1.115,"status_now":"walk","status_rec":"reroute","reason":"Shortest route exceeds threshold, but coolest route mean 36.3C stays under it (dose 110).","safe_until_hour":null}},{"type":"Feature","geometry":{"type":"Polygon","coordinates":[[[-81.45972500035846,28.64948800019493],[-81.45972299981032,28.64787599966871],[-81.4596659999089,28.64787599966871],[-81.45959300011398,28.647877000079717],[-81.45873899962115,28.64788500021383],[-81.45883300023078,28.648245000099863],[-81.4588700000407,28.6483850002912],[-81.45890100000284,28.6487430000206],[-81.45890100000284,28.648902999689486],[-81.45887599988848,28.64908999965337],[-81.45884300027652,28.64935100030176],[-81.45883900007857,28.649386999606264],[-81.45886400019293,28.649722999876744],[-81.45958300006824,28.649514999836228],[-81.45968199980243,28.64948600019199],[-81.45972500035846,28.64948800019493]]]},"properties":{"block_id":"121170217041010","school_id":"sch_amikids_orlando","kids_est":0,"class":"green","shortest":{"len_m":1917.7,"mean_c":36.27,"peak_c":36.8,"dose":86.8},"coolest":{"len_m":1917.7,"mean_c":36.27,"peak_c":36.8,"dose":86.8},"delta_mean_c":0.0,"delta_dose_pct":0,"distance_mi":1.131,"status_now":"walk","status_rec":"walk","reason":"Shortest route already under threshold (dose 87).","safe_until_hour":null}},{"type":"Feature","geometry":{"type":"Polygon","coordinates":[[[-81.45806800032473,28.66193299973718],[-81.45798700013387,28.661872000171503],[-81.45793100005737,28.661821999686957],[-81.45787400015595,28.66178899996893],[-81.45760600036736,28.661337999628305],[-81.45690699968522,28.6602100003877],[-81.45672599993524,28.65992999986413],[-81.45670099982088,28.660563000072045],[-81.45669499997311,28.66166899961688],[-81.45666999985875,28.661883000069984],[-81.45761899988783,28.661926999652287],[-81.4577999996378,28.661926999652287],[-81.45806800032473,28.66193299973718]]]},"properties":{"block_id":"121170217041018","school_id":"sch_amikids_orlando","kids_est":0,"class":"red","shortest":{"len_m":2551.4,"mean_c":36.38,"peak_c":36.7,"dose":119.5},"coolest":{"len_m":2552.3,"mean_c":36.35,"peak_c":36.7,"dose":118.8},"delta_mean_c":-0.03,"delta_dose_pct":-1,"distance_mi":1.173,"status_now":"walk","status_rec":"bus_eligible","reason":"Coolest route mean 36.4C exceeds threshold (110 C-min dose, actual 119).","safe_until_hour":"14:00"}},{"type":"Feature","geometry":{"type":"Polygon","coordinates":[[[-81.45799899982943,28.661310999878406],[-81.4580049996772,28.660490999665743],[-81.45799899982943,28.66028700008524],[-81.45798600030895,28.66019399963472],[-81.45780499966068,28.65990799965616],[-81.45759299994857,28.659550000209496],[-81.4574120001986,28.659406999833372],[-81.45661399978225,28.659406999833372],[-81.45643300003229,28.659479000195947],[-81.45672599993524,28.65992999986413],[-81.45690699968522,28.6602100003877],[-81.45760600036736,28.661337999628305],[-81.45787400015595,28.66178899996893],[-81.45793100005737,28.661821999686957],[-81.45798700013387,28.661872000171503],[-81.45799899982943,28.661310999878406]]]},"properties":{"block_id":"121170217041019","school_id":"sch_amikids_orlando","kids_est":0,"class":"red","shortest":{"len_m":2551.4,"mean_c":36.38,"peak_c":36.7,"dose":119.5},"coolest":{"len_m":2552.3,"mean_c":36.35,"peak_c":36.7,"dose":118.8},"delta_mean_c":-0.03,"delta_dose_pct":-1,"distance_mi":1.14,"status_now":"walk","status_rec":"bus_eligible","reason":"Coolest route mean 36.4C exceeds threshold (110 C-min dose, actual 119).","safe_until_hour":"14:00"}},{"type":"Feature","geometry":{"type":"Polygon","coordinates":[[[-81.4737380001385,28.65901899978703],[-81.47373399994053,28.658884999864068],[-81.47372800009276,28.658492999800025],[-81.47372800009276,28.65846699962732],[-81.47330799996818,28.65846999976884],[-81.47323599999815,28.65847100007876],[-81.47318099974657,28.65847100007876],[-81.47215899992256,28.65847900019291],[-81.47215899992256,28.65854199998674],[-81.47215899992256,28.65876800026181],[-81.47215899992256,28.659028999680316],[-81.47215800009765,28.660261000357494],[-81.4710979997405,28.66028200019879],[-81.47011000025167,28.660301999743375],[-81.4699589997406,28.660301000239183],[-81.46992000028088,28.660779000205984],[-81.46988199974771,28.661273000160268],[-81.46987800044808,28.661320000058563],[-81.46986599985419,28.661463000189734],[-81.46986300037946,28.661511000283763],[-81.46985599980844,28.6615939999182],[-81.47001099961915,28.66159099986609],[-81.47002900006082,28.66159099986609],[-81.47032000031395,28.661584999761555],[-81.47047400029975,28.661581999709203],[-81.47063099976026,28.66157899965675],[-81.47078700029418,28.661575000112176],[-81.47094299992979,28.661572000059458],[-81.4710979997405,28.661569000006736],[-81.47112100020502,28.661569000006736],[-81.47125400027443,28.661565999953915],[-81.47140999991001,28.661562999901005],[-81.47175499969153,28.661556999794875],[-81.47215700027274,28.66154799963506],[-81.47215700027274,28.660757999676033],[-81.473718000047,28.660733999853466],[-81.4737249997197,28.660145999725877],[-81.4737380001385,28.65901899978703]]]},"properties":{"block_id":"120950175033001","school_id":"sch_amikids_orlando","kids_est":0,"class":"green","shortest":{"len_m":187.5,"mean_c":36.0,"peak_c":36.0,"dose":7.7},"coolest":{"len_m":187.5,"mean_c":36.0,"peak_c":36.0,"dose":7.7},"delta_mean_c":0.0,"delta_dose_pct":0,"distance_mi":0.193,"status_now":"walk","status_rec":"walk","reason":"Shortest route already under threshold (dose 8).","safe_until_hour":null}},{"type":"Feature","geometry":{"type":"Polygon","coordinates":[[[-81.45821300008967,28.656049000311757],[-81.45831600002184,28.655670999875188],[-81.45778600029242,28.655686999741974],[-81.45574599994403,28.655735000115854],[-81.45574599994403,28.65584199975354],[-81.45574599994403,28.65616300037615],[-81.45574599994403,28.65627099990789],[-81.45572800040068,28.657514000246497],[-81.45718000039501,28.65754900037126],[-81.45780499966068,28.657563999632796],[-81.45790699976793,28.657184999606667],[-81.45821300008967,28.656049000311757]]]},"properties":{"block_id":"121170217041012","school_id":"sch_amikids_orlando","kids_est":0,"class":"green","shortest":{"len_m":2040.6,"mean_c":36.39,"peak_c":37.0,"dose":96.0},"coolest":{"len_m":2040.6,"mean_c":36.39,"peak_c":37.0,"dose":96.0},"delta_mean_c":0.0,"delta_dose_pct":0,"distance_mi":1.14,"status_now":"walk","status_rec":"walk","reason":"Shortest route already under threshold (dose 96).","safe_until_hour":null}},{"type":"Feature","geometry":{"type":"Polygon","coordinates":[[[-81.4626150001034,28.655511999834943],[-81.46261799957813,28.654756000033295],[-81.46255599965386,28.65475499968792],[-81.462369999881,28.654752999785504],[-81.46230899978165,28.654752999785504],[-81.46210299991732,28.65475000032587],[-81.46148699997418,28.654743000272664],[-81.46128199993477,28.654741000369953],[-81.46127400043716,28.655501999606184],[-81.46127199988901,28.655724000360546],[-81.46126900041429,28.657784999645884],[-81.46126900041429,28.65854699995625],[-81.46153600037799,28.658543000295982],[-81.46197700041894,28.65853899984728],[-81.46233800009395,28.65853899984728],[-81.46260599988258,28.658540000156496],[-81.46260800043072,28.657782999801213],[-81.4626150001034,28.655511999834943]]]},"properties":{"block_id":"120950175034021","school_id":"sch_amikids_orlando","kids_est":0,"class":"green","shortest":{"len_m":1591.0,"mean_c":36.22,"peak_c":36.6,"dose":71.0},"coolest":{"len_m":1591.0,"mean_c":36.22,"peak_c":36.6,"dose":71.0},"delta_mean_c":0.0,"delta_dose_pct":0,"distance_mi":0.835,"status_now":"walk","status_rec":"walk","reason":"Shortest route already under threshold (dose 71).","safe_until_hour":null}},{"type":"Feature","geometry":{"type":"Polygon","coordinates":[[[-81.4617270001737,28.66079300029414],[-81.4617279999986,28.660757000176204],[-81.46172399980064,28.660525000082746],[-81.4615380000278,28.660526000373057],[-81.46097999981097,28.66052899966739],[-81.46093600032837,28.660529999957667],[-81.4608760000539,28.660518999917194],[-81.46084799956648,28.660507999875623],[-81.46080699955861,28.660479000118745],[-81.46078099961933,28.660453999941364],[-81.46075499968008,28.660404999860102],[-81.46074700018247,28.660352000164703],[-81.46074399980942,28.660105999785106],[-81.46074399980942,28.66001499976434],[-81.46074499963434,28.658933999867493],[-81.46074600035755,28.658543999816946],[-81.46064400025031,28.65854500012611],[-81.4603410003016,28.65854699995625],[-81.46024000001927,28.65854899978629],[-81.4601150003458,28.65854899978629],[-81.45994000044361,28.65854899978629],[-81.45974000042708,28.65854899978629],[-81.45971600013762,28.65854899978629],[-81.45971299976456,28.659314000178604],[-81.45970799974171,28.660892999856333],[-81.45970699991679,28.661485000071337],[-81.45970699991679,28.661598000250304],[-81.4600319996068,28.661595000198307],[-81.46021300025508,28.661592999638117],[-81.4607200004183,28.661587000321962],[-81.46163199973914,28.661575000112176],[-81.46172499962555,28.66157600039241],[-81.4617270001737,28.66079300029414]]]},"properties":{"block_id":"120950175034012","school_id":"sch_amikids_orlando","kids_est":0,"class":"green","shortest":{"len_m":2157.7,"mean_c":36.27,"peak_c":36.6,"dose":98.0},"coolest":{"len_m":2158.1,"mean_c":36.23,"peak_c":36.5,"dose":96.8},"delta_mean_c":-0.04,"delta_dose_pct":-1,"distance_mi":0.96,"status_now":"walk","status_rec":"walk","reason":"Shortest route already under threshold (dose 98).","safe_until_hour":null}},{"type":"Feature","geometry":{"type":"Polygon","coordinates":[[[-81.45900999978278,28.661932000248534],[-81.45899800008722,28.66142700030189],[-81.45899100041454,28.661074000374143],[-81.45899700026231,28.660150000113248],[-81.45899800008722,28.659912000052614],[-81.4590030001101,28.659406999833372],[-81.45868400026788,28.659406999833372],[-81.4585100001906,28.659406999833372],[-81.45773000021592,28.659406999833372],[-81.45771799962203,28.659406999833372],[-81.4574120001986,28.659406999833372],[-81.45759299994857,28.659550000209496],[-81.45780499966068,28.65990799965616],[-81.45798600030895,28.66019399963472],[-81.45799899982943,28.66028700008524],[-81.4580049996772,28.660490999665743],[-81.45799899982943,28.661310999878406],[-81.45798700013387,28.661872000171503],[-81.45806800032473,28.66193299973718],[-81.4587350003215,28.661938000333198],[-81.45900999978278,28.661932000248534]]]},"properties":{"block_id":"121170217041002","school_id":"sch_amikids_orlando","kids_est":0,"class":"green","shortest":{"len_m":2312.5,"mean_c":36.34,"peak_c":36.7,"dose":107.2},"coolest":{"len_m":2313.4,"mean_c":36.31,"peak_c":36.7,"dose":106.5},"delta_mean_c":-0.03,"delta_dose_pct":-1,"distance_mi":1.084,"status_now":"walk","status_rec":"walk","reason":"Shortest route already under threshold (dose 107).","safe_until_hour":null}},{"type":"Feature","geometry":{"type":"Polygon","coordinates":[[[-81.45902099965343,28.65804799977477],[-81.45902099965343,28.657596000362656],[-81.45877700015429,28.657588999711187],[-81.45804800023323,28.65756999996748],[-81.45780499966068,28.657563999632796],[-81.45718000039501,28.65754900037126],[-81.45572800040068,28.657514000246497],[-81.4557149999819,28.65867500004023],[-81.455926999694,28.658637000154744],[-81.455926999694,28.658619999641438],[-81.45599600018929,28.658543000295982],[-81.456046000418,28.65850500036265],[-81.45612699971055,28.65849400010974],[-81.45900899995789,28.65854800026539],[-81.45902099965343,28.65804799977477]]]},"properties":{"block_id":"121170217041016","school_id":"sch_amikids_orlando","kids_est":0,"class":"green","shortest":{"len_m":2104.3,"mean_c":36.4,"peak_c":36.9,"dose":99.3},"coolest":{"len_m":2104.3,"mean_c":36.4,"peak_c":36.9,"dose":99.3},"delta_mean_c":0.0,"delta_dose_pct":0,"distance_mi":1.119,"status_now":"walk","status_rec":"walk","reason":"Shortest route already under threshold (dose 99).","safe_until_hour":null}},{"type":"Feature","geometry":{"type":"Polygon","coordinates":[[[-81.45890100000284,28.648902999689486],[-81.45890100000284,28.6487430000206],[-81.4588700000407,28.6483850002912],[-81.45883300023078,28.648245000099863],[-81.45873899962115,28.64788500021383],[-81.45852199988616,28.64786800032222],[-81.45824599970165,28.647896000003104],[-81.45795899964645,28.647973000072376],[-81.45789000004947,28.64800200013498],[-81.45769099985786,28.64808799986575],[-81.45780300001086,28.648297999608676],[-81.45787199960783,28.64849600037764],[-81.45789300042254,28.648642000291158],[-81.45790299956997,28.64870499968892],[-81.45791599998876,28.648902999689486],[-81.45784700039178,28.64919400014664],[-81.4577910003153,28.649496999813348],[-81.45774100008657,28.649738999862777],[-81.45778499956917,28.649854999688444],[-81.45785999991226,28.649915000336293],[-81.45795299979868,28.64995900021143],[-81.4580530002561,28.64995399983238],[-81.45829099990748,28.64988600001433],[-81.45886400019293,28.649722999876744],[-81.45883900007857,28.649386999606264],[-81.45884300027652,28.64935100030176],[-81.45887599988848,28.64908999965337],[-81.45890100000284,28.648902999689486]]]},"properties":{"block_id":"121170217041014","school_id":"sch_amikids_orlando","kids_est":0,"class":"green","shortest":{"len_m":2214.8,"mean_c":36.36,"peak_c":36.9,"dose":102.8},"coolest":{"len_m":2214.8,"mean_c":36.36,"peak_c":36.9,"dose":102.8},"delta_mean_c":0.0,"delta_dose_pct":0,"distance_mi":1.176,"status_now":"walk","status_rec":"walk","reason":"Shortest route already under threshold (dose 103).","safe_until_hour":null}},{"type":"Feature","geometry":{"type":"Polygon","coordinates":[[[-81.47627899990398,28.65898599997487],[-81.47629800017057,28.65892799961094],[-81.47625600033776,28.65889700038182],[-81.47604499955224,28.6587379997162],[-81.47588300006885,28.658617000292498],[-81.47535400016436,28.658253000083086],[-81.4749420004357,28.657971000009123],[-81.4743659997772,28.657561999783965],[-81.47422500021021,28.65746200019731],[-81.4738159999563,28.657170999824924],[-81.47358599980252,28.6570079999758],[-81.4734350001898,28.65690099995159],[-81.47298900012596,28.65658399974711],[-81.47216099957238,28.655971000320747],[-81.47210600021911,28.655930000029336],[-81.4717179998816,28.65564299990542],[-81.47087099995976,28.655032000392467],[-81.47062900011045,28.65482799964868],[-81.47054200007179,28.65475499968792],[-81.47017999967355,28.654450999888113],[-81.4700650000458,28.654321000254377],[-81.47006599987073,28.65434199970892],[-81.47006599987073,28.654368999677082],[-81.47006199967277,28.65454300035617],[-81.47017700019882,28.654636999859942],[-81.47039099956073,28.654796999995504],[-81.47097999973971,28.655316000380598],[-81.471999000089,28.65609499985479],[-81.47318400011963,28.656958999860382],[-81.4734360000147,28.657141999933152],[-81.47351100035777,28.657170999824924],[-81.4736970001306,28.65730700021597],[-81.47386399963688,28.657428999895025],[-81.47409499961556,28.657600000059055],[-81.47423699990577,28.65769799966778],[-81.47514800030002,28.658324999661694],[-81.47579699985512,28.65880199966115],[-81.47604299990243,28.658982999848067],[-81.4762870002999,28.65914000032329],[-81.47627700025417,28.65907299967231],[-81.47626899985823,28.65901899978703],[-81.47627899990398,28.65898599997487]]]},"properties":{"block_id":"120950175033008","school_id":"sch_amikids_orlando","kids_est":0,"class":"green","shortest":{"len_m":98.7,"mean_c":36.0,"peak_c":36.0,"dose":4.1},"coolest":{"len_m":98.7,"mean_c":36.0,"peak_c":36.0,"dose":4.1},"delta_mean_c":0.0,"delta_dose_pct":0,"distance_mi":0.151,"status_now":"walk","status_rec":"walk","reason":"Shortest route already under threshold (dose 4).","safe_until_hour":null}},{"type":"Feature","geometry":{"type":"Polygon","coordinates":[[[-81.47006599987073,28.654368999677082],[-81.47006599987073,28.65434199970892],[-81.4700650000458,28.654321000254377],[-81.47001200034236,28.65425800028904],[-81.4698180001736,28.65403600037214],[-81.46923200036768,28.653379999809935],[-81.46845599969265,28.65266000015976],[-81.46820600034573,28.65242300001791],[-81.46806999990326,28.652293999815324],[-81.46785800019116,28.652093000375018],[-81.4676149996186,28.652195000303834],[-81.46797399964382,28.652570999926464],[-81.46808199959885,28.65269500032828],[-81.46879899982433,28.653293999689076],[-81.4698180001736,28.654269000198155],[-81.4699500004181,28.65441499995718],[-81.47006199967277,28.65454300035617],[-81.47006599987073,28.654368999677082]]]},"properties":{"block_id":"120950175034033","school_id":"sch_amikids_orlando","kids_est":0,"class":"green","shortest":{"len_m":750.0,"mean_c":36.01,"peak_c":36.1,"dose":31.3},"coolest":{"len_m":750.0,"mean_c":36.01,"peak_c":36.1,"dose":31.3},"delta_mean_c":0.0,"delta_dose_pct":0,"distance_mi":0.477,"status_now":"walk","status_rec":"walk","reason":"Shortest route already under threshold (dose 31).","safe_until_hour":null}},{"type":"Feature","geometry":{"type":"Polygon","coordinates":[[[-81.46718899964625,28.65174899997619],[-81.46735500022592,28.651615999808254],[-81.46704899990418,28.651326000143317],[-81.46663999965027,28.650938000147445],[-81.4663109997623,28.65062600039345],[-81.46502399962442,28.649385999998003],[-81.46494199960864,28.64930700017153],[-81.46474300031532,28.649123999825967],[-81.46455699964419,28.649271999660566],[-81.46483899967649,28.649546999869344],[-81.4669090001621,28.651452999994728],[-81.46718899964625,28.65174899997619]]]},"properties":{"block_id":"120950175034035","school_id":"sch_amikids_orlando","kids_est":0,"class":"green","shortest":{"len_m":1174.5,"mean_c":36.08,"peak_c":36.3,"dose":49.9},"coolest":{"len_m":1174.5,"mean_c":36.08,"peak_c":36.3,"dose":49.9},"delta_mean_c":0.0,"delta_dose_pct":0,"distance_mi":0.728,"status_now":"walk","status_rec":"walk","reason":"Shortest route already under threshold (dose 50).","safe_until_hour":null}},{"type":"Feature","geometry":{"type":"Polygon","coordinates":[[[-81.4763430003764,28.653452000370137],[-81.47634099982825,28.653188000176364],[-81.4763369996303,28.653062999996116],[-81.47633499998048,28.6529779999776],[-81.47633199960742,28.652705000036406],[-81.47631800026204,28.65123200003636],[-81.476314999889,28.65114100019636],[-81.47613199959089,28.6511279999875],[-81.4760279998338,28.651106000297503],[-81.47599600004676,28.65110000038123],[-81.47589800013748,28.651066999653175],[-81.475801999878,28.65101900029562],[-81.4756679999837,28.650934999790344],[-81.47554499996006,28.65083799976136],[-81.47547100034022,28.650767000154655],[-81.47530300011071,28.650648999780373],[-81.47527899982127,28.65063200033685],[-81.47507200013204,28.65047600012068],[-81.47504799984259,28.650501000312453],[-81.4750050001849,28.650546999924405],[-81.4749780004207,28.650574999678376],[-81.47495499995618,28.65060100023149],[-81.47490300007765,28.65065600010694],[-81.47474599971879,28.65082300032589],[-81.47469499966519,28.65087899967893],[-81.47482000023696,28.650971000127765],[-81.4751959999806,28.651247000201653],[-81.4753220003773,28.65133999991722],[-81.4750050001849,28.65166500005573],[-81.47490499972747,28.651771000319613],[-81.47488800000903,28.651790000325843],[-81.47479799959736,28.651861999612947],[-81.47469700021331,28.65192100031667],[-81.47458800043337,28.6519679996777],[-81.47454999990023,28.651980000198915],[-81.47433300016525,28.6520089999418],[-81.47373999978831,28.65204600028168],[-81.47367200001625,28.652042999956347],[-81.4736040002442,28.652031999813715],[-81.47350700015981,28.65200100012222],[-81.47339500000682,28.65194299983573],[-81.47329700009753,28.651870999815976],[-81.47325199989167,28.6518309998712],[-81.47323799964798,28.651813999830967],[-81.47318800031759,28.651752999895635],[-81.47292499965353,28.65130500008484],[-81.47282099989647,28.651124999635897],[-81.47251100027506,28.65058700035895],[-81.47250200005423,28.650570999713945],[-81.47240300032003,28.650411000224885],[-81.47235499974114,28.650323000047088],[-81.47221400017413,28.65006000024916],[-81.47216399994544,28.649973999770477],[-81.47191399970018,28.650084999751744],[-81.47116399986272,28.650419000165748],[-81.47104000001417,28.65047499973448],[-81.47080700038566,28.650480999686515],[-81.4705350003991,28.650427000105957],[-81.47009600000797,28.651728000002354],[-81.47006599987073,28.652031999813715],[-81.4700650000458,28.654321000254377],[-81.47017999967355,28.654450999888113],[-81.47054200007179,28.65475499968792],[-81.47062900011045,28.65482799964868],[-81.47085000004337,28.65482799964868],[-81.47216200029561,28.65483299979526],[-81.47216099957238,28.655881999744743],[-81.47216099957238,28.655971000320747],[-81.47298900012596,28.65658399974711],[-81.4734350001898,28.65690099995159],[-81.47358599980252,28.6570079999758],[-81.4738159999563,28.657170999824924],[-81.4738860002765,28.657094999738202],[-81.47436800032534,28.6565409998271],[-81.47436800032534,28.656641000292254],[-81.47436800032534,28.656778999658112],[-81.47436800032534,28.65705599974489],[-81.47436800032534,28.657336000062056],[-81.47436800032534,28.65743700008869],[-81.47436699960213,28.657499999720415],[-81.4743659997772,28.657561999783965],[-81.4749420004357,28.657971000009123],[-81.47535400016436,28.658253000083086],[-81.47588300006885,28.658617000292498],[-81.47604499955224,28.6587379997162],[-81.47625600033776,28.65889700038182],[-81.47629800017057,28.65892799961094],[-81.47631200041427,28.658887999993617],[-81.47631200041427,28.65885500014016],[-81.47631099969102,28.658843999923977],[-81.47630999986612,28.658822000276373],[-81.4763090000412,28.65880299996786],[-81.4763090000412,28.658676000348134],[-81.4763090000412,28.658297999924034],[-81.47630999986612,28.658173000318094],[-81.47630999986612,28.6579310000267],[-81.47630999986612,28.657480999960573],[-81.47630999986612,28.65746200019731],[-81.47630999986612,28.65720700038608],[-81.47631099969102,28.656965999765642],[-81.47631099969102,28.656861000349164],[-81.47631099969102,28.65677600025649],[-81.47631200041427,28.65663100017119],[-81.47620500028414,28.65663699977097],[-81.47524700003423,28.656638999637458],[-81.47524700003423,28.65645899967406],[-81.47524700003423,28.65628900034456],[-81.47620699993395,28.656288000013806],[-81.47631400006408,28.656284999809856],[-81.47631400006408,28.6562580003351],[-81.47631400006408,28.65612299970385],[-81.47631599971389,28.655750999972867],[-81.47631700043713,28.65570700016317],[-81.47631300023917,28.655397999851004],[-81.47630999986612,28.65512400035073],[-81.47630999986612,28.65510000002664],[-81.47630999986612,28.654725999916234],[-81.47631099969102,28.654547000169043],[-81.47632499993473,28.65411200031135],[-81.47633199960742,28.65384499992897],[-81.4763299999576,28.653670999668126],[-81.4763430003764,28.653452000370137]]]},"properties":{"block_id":"120950175042000","school_id":"sch_amikids_orlando","kids_est":1,"class":"green","shortest":{"len_m":740.5,"mean_c":36.0,"peak_c":36.0,"dose":30.8},"coolest":{"len_m":740.5,"mean_c":36.0,"peak_c":36.0,"dose":30.8},"delta_mean_c":0.0,"delta_dose_pct":0,"distance_mi":0.222,"status_now":"walk","status_rec":"walk","reason":"Shortest route already under threshold (dose 31).","safe_until_hour":null}},{"type":"Feature","geometry":{"type":"Polygon","coordinates":[[[-81.45971299976456,28.659314000178604],[-81.45971600013762,28.65854899978629],[-81.45964099979456,28.65854899978629],[-81.45961599968021,28.65854899978629],[-81.45952600016683,28.658550999616356],[-81.45900899995789,28.65854800026539],[-81.4590030001101,28.659406999833372],[-81.45899800008722,28.659912000052614],[-81.45899700026231,28.660150000113248],[-81.45899100041454,28.661074000374143],[-81.45899800008722,28.66142700030189],[-81.45900999978278,28.661932000248534],[-81.45897299997287,28.66280200026458],[-81.45897100032305,28.662973000334567],[-81.45896700012509,28.663488000182895],[-81.45896600030018,28.663660000182325],[-81.4587560002379,28.663654000196235],[-81.45812600005104,28.66363699970836],[-81.45791599998876,28.663631999981636],[-81.45747099974983,28.663620000005967],[-81.45613599993136,28.66358400007072],[-81.45569099969244,28.663573000350805],[-81.45569099969244,28.663673999885674],[-81.45569099969244,28.663977000271185],[-81.45569099969244,28.664078999673162],[-81.4565960002389,28.66410099979393],[-81.45701399981535,28.664112000246682],[-81.45710099985396,28.664145000021566],[-81.45712000012055,28.66420500037385],[-81.45713299964102,28.664584999705593],[-81.45711400027275,28.665273000267124],[-81.4571510000827,28.665328000327886],[-81.45720799998409,28.665366000152318],[-81.4572640000606,28.665383000359732],[-81.45733900040366,28.665388000002917],[-81.45814399959438,28.665399999776167],[-81.45880499974336,28.665409999848862],[-81.45887300041376,28.665415000278994],[-81.45893600016295,28.66543700011933],[-81.45897899982064,28.66546499983773],[-81.4590109996077,28.66551399991814],[-81.4590170003538,28.66557499972882],[-81.45901599963058,28.66565299966763],[-81.45901200033094,28.666073000098446],[-81.4590109996077,28.666213000130806],[-81.45900899995789,28.6663719997042],[-81.45900499975993,28.666850999801547],[-81.45900499975993,28.667011000211822],[-81.4590030001101,28.667168999923998],[-81.45899899991214,28.667644000218306],[-81.45899899991214,28.66780299998519],[-81.4584540001141,28.66778499994931],[-81.45834299978601,28.667782000074403],[-81.4581939998231,28.66780400020599],[-81.45814399959438,28.66784799966716],[-81.45810599995954,28.667891999898078],[-81.4580880004162,28.667958000209754],[-81.45807499999741,28.668744000224958],[-81.45806300030185,28.66878299981046],[-81.45800100037756,28.66882699964877],[-81.45792600003449,28.668849000349162],[-81.45772699984288,28.668849000349162],[-81.45718299986974,28.668849000349162],[-81.45675299969943,28.668849000349162],[-81.4567300001332,28.668849999771844],[-81.45662200017819,28.668855000037833],[-81.45644700027599,28.668804999731947],[-81.45637199993293,28.668749999919637],[-81.45631000000864,28.668673000133868],[-81.45629099974205,28.668569000046883],[-81.45629800031307,28.6677989998899],[-81.45630300033595,28.66734699996297],[-81.45617199991638,28.6673440000755],[-81.45577899955599,28.667338000300365],[-81.45564800003474,28.667335999849737],[-81.45564200018696,28.668256999954647],[-81.45563600033918,28.669218000266426],[-81.45565499970745,28.669498999827372],[-81.45585499972397,28.670092999908636],[-81.45589800028,28.670274000301667],[-81.45591099980048,28.670450000192393],[-81.45589200043223,28.670572000337273],[-81.45581700008914,28.67077000002452],[-81.45570999995901,28.670933999943934],[-81.45564300001186,28.671039000238196],[-81.45521299984155,28.671552999672308],[-81.45540899966015,28.671669999977823],[-81.45586200029499,28.67194999987537],[-81.45625599958196,28.67214699993191],[-81.45672000008747,28.672320000084166],[-81.45683100041555,28.672362999836256],[-81.45694100002042,28.672406000358812],[-81.45719999958817,28.672480000025427],[-81.45758000042808,28.67257699973288],[-81.45844599971818,28.672688000214233],[-81.45919300008089,28.672702000287885],[-81.45942200040975,28.672729000255778],[-81.4596640002591,28.672739999802822],[-81.45966099988604,28.672672999964334],[-81.45965699968808,28.67265100006685],[-81.45965699968808,28.672634000250355],[-81.45965900023621,28.672232000169963],[-81.45966799955873,28.67063300035642],[-81.45967099993177,28.67007100025756],[-81.4596719997567,28.669961999768798],[-81.4596929996731,28.66513400001362],[-81.45969900041918,28.66450800001248],[-81.45969699987106,28.66417900004152],[-81.45970500026696,28.66256699994375],[-81.45970400044207,28.66234899979558],[-81.45970699991679,28.661598000250304],[-81.45970699991679,28.661485000071337],[-81.45970799974171,28.660892999856333],[-81.45971299976456,28.659314000178604]]]},"properties":{"block_id":"121170217041000","school_id":"sch_amikids_orlando","kids_est":3,"class":"green","shortest":{"len_m":2258.7,"mean_c":36.28,"peak_c":36.6,"dose":102.8},"coolest":{"len_m":2259.1,"mean_c":36.24,"peak_c":36.5,"dose":101.6},"delta_mean_c":-0.04,"delta_dose_pct":-1,"distance_mi":1.125,"status_now":"walk","status_rec":"walk","reason":"Shortest route already under threshold (dose 103).","safe_until_hour":null}},{"type":"Feature","geometry":{"type":"Polygon","coordinates":[[[-81.47216099957238,28.655881999744743],[-81.47216200029561,28.65483299979526],[-81.47085000004337,28.65482799964868],[-81.47062900011045,28.65482799964868],[-81.47087099995976,28.655032000392467],[-81.4717179998816,28.65564299990542],[-81.47210600021911,28.655930000029336],[-81.47216099957238,28.655971000320747],[-81.47216099957238,28.655881999744743]]]},"properties":{"block_id":"120950175042002","school_id":"sch_amikids_orlando","kids_est":0,"class":"green","shortest":{"len_m":442.2,"mean_c":36.0,"peak_c":36.0,"dose":18.4},"coolest":{"len_m":442.2,"mean_c":36.0,"peak_c":36.0,"dose":18.4},"delta_mean_c":0.0,"delta_dose_pct":0,"distance_mi":0.262,"status_now":"walk","status_rec":"walk","reason":"Shortest route already under threshold (dose 18).","safe_until_hour":null}},{"type":"Feature","geometry":{"type":"Polygon","coordinates":[[[-81.45988900038999,28.651006000071686],[-81.45989699988759,28.650979999618926],[-81.45986000007765,28.649564999883637],[-81.45984900020703,28.649534000251215],[-81.4598269995674,28.649506000219347],[-81.45979599960526,28.649492000200603],[-81.4597579999704,28.64949000019776],[-81.45972500035846,28.64948800019493],[-81.45972500035846,28.64976699983243],[-81.45972799983319,28.651097000028827],[-81.45976899984107,28.651097000028827],[-81.45980200035135,28.651091000112032],[-81.45983300031348,28.65107199997915],[-81.4598690002985,28.65104400035793],[-81.45988900038999,28.651006000071686]]]},"properties":{"block_id":"120950175034029","school_id":"sch_amikids_orlando","kids_est":0,"class":"red","shortest":{"len_m":2461.3,"mean_c":36.41,"peak_c":36.9,"dose":116.0},"coolest":{"len_m":2461.3,"mean_c":36.41,"peak_c":36.9,"dose":116.0},"delta_mean_c":0.0,"delta_dose_pct":0,"distance_mi":1.054,"status_now":"walk","status_rec":"bus_eligible","reason":"Coolest route mean 36.4C exceeds threshold (110 C-min dose, actual 116).","safe_until_hour":"14:00"}},{"type":"Feature","geometry":{"type":"Polygon","coordinates":[[[-81.46810199969033,28.655151000117513],[-81.46810300041356,28.65503899963813],[-81.46809699966745,28.6548259997476],[-81.46807599975106,28.654825000191195],[-81.46801399982678,28.65482399984647],[-81.46799399973528,28.65482399984647],[-81.46783599955155,28.654821000388935],[-81.46736199989863,28.654811999650818],[-81.46720399971488,28.654809000192927],[-81.46696900043655,28.65480400004515],[-81.46681299990263,28.65480200014361],[-81.46651800034984,28.654798000340474],[-81.46626700027967,28.65479500009388],[-81.46603299992795,28.654793000192164],[-81.46603200010304,28.65488799981591],[-81.46603799995081,28.65497699965909],[-81.46603799995081,28.655130000036756],[-81.46603799995081,28.65545300036352],[-81.46604700017166,28.65614199970974],[-81.46605200019452,28.65648000027691],[-81.46593699966849,28.65648099981754],[-81.46593400019374,28.65654500035205],[-81.46591900012514,28.65664399969773],[-81.46586700024659,28.65697900003893],[-81.46597699985146,28.657021000243883],[-81.46651800034984,28.657228000050868],[-81.46660600021339,28.657261999949604],[-81.46660200001543,28.65728399992458],[-81.46656500020552,28.657521000114745],[-81.4666420001984,28.65752199964544],[-81.46800299995611,28.65754499988463],[-81.46800299995611,28.657519999795745],[-81.46800499960595,28.656706999805966],[-81.46800600032918,28.65636300035549],[-81.46800499960595,28.656267999703445],[-81.46810199969033,28.655611000156046],[-81.46810000004051,28.65539999974118],[-81.46810199969033,28.655151000117513]]]},"properties":{"block_id":"120950175034030","school_id":"sch_amikids_orlando","kids_est":0,"class":"green","shortest":{"len_m":1221.1,"mean_c":36.1,"peak_c":36.3,"dose":52.5},"coolest":{"len_m":1221.1,"mean_c":36.1,"peak_c":36.3,"dose":52.5},"delta_mean_c":0.0,"delta_dose_pct":0,"distance_mi":0.533,"status_now":"walk","status_rec":"walk","reason":"Shortest route already under threshold (dose 52).","safe_until_hour":null}},{"type":"Feature","geometry":{"type":"Polygon","coordinates":[[[-81.47151500039031,28.658484000165437],[-81.4715139996671,28.65834700020188],[-81.47108400039511,28.658350999869626],[-81.47106099993057,28.65833700024354],[-81.4709220000134,28.65833700024354],[-81.47063099976026,28.65833700024354],[-81.47047500012464,28.658330999952813],[-81.47048099997242,28.658050999928275],[-81.47049299966798,28.65794700033683],[-81.47050600008677,28.65784799985671],[-81.47055399976736,28.657677000097184],[-81.47056800001107,28.657626999976493],[-81.47064900020192,28.657423999872197],[-81.47072799984463,28.65727500018619],[-81.4711060001364,28.657018000060916],[-81.47126099994709,28.6569639999054],[-81.47130699997784,28.656948000233495],[-81.47139200036666,28.656917999955343],[-81.47138899999362,28.656643000158653],[-81.47032000031395,28.65665199995129],[-81.47025500001662,28.65665199995129],[-81.47022499987939,28.65665199995129],[-81.47016299995512,28.65665199995129],[-81.470055999825,28.65665199995129],[-81.470055999825,28.656674000054274],[-81.470055999825,28.656769000338507],[-81.470055999825,28.656805999786982],[-81.47005500000007,28.657006999651916],[-81.47005400017518,28.657442000110898],[-81.47006699969563,28.657611999935607],[-81.47007599991647,28.657724000031212],[-81.47008699978713,28.657812999831826],[-81.47010299968065,28.657941000023712],[-81.47013000034315,28.65815399989195],[-81.47013799984076,28.65832599997301],[-81.4701410002138,28.658375999760327],[-81.4701400003889,28.658456000158644],[-81.47013899966565,28.658495999940797],[-81.47020499978791,28.658495999940797],[-81.47032299978866,28.65849400010974],[-81.47118499977913,28.658487999827955],[-81.47151500039031,28.658484000165437]]]},"properties":{"block_id":"120950175033005","school_id":"sch_amikids_orlando","kids_est":0,"class":"green","shortest":{"len_m":493.7,"mean_c":36.0,"peak_c":36.0,"dose":20.5},"coolest":{"len_m":493.7,"mean_c":36.0,"peak_c":36.0,"dose":20.5},"delta_mean_c":0.0,"delta_dose_pct":0,"distance_mi":0.32,"status_now":"walk","status_rec":"walk","reason":"Shortest route already under threshold (dose 20).","safe_until_hour":null}},{"type":"Feature","geometry":{"type":"Polygon","coordinates":[[[-81.4602349999964,28.655061999633716],[-81.46024400021723,28.6547290001648],[-81.46012600021645,28.65472799981916],[-81.45996600038288,28.654727000261822],[-81.45977300003904,28.654724000013193],[-81.45972600018335,28.654724000013193],[-81.45971600013762,28.65854899978629],[-81.45974000042708,28.65854899978629],[-81.45994000044361,28.65854899978629],[-81.4601150003458,28.65854899978629],[-81.46024000001927,28.65854899978629],[-81.46023400017147,28.657784000117683],[-81.4602280003237,28.65683299990889],[-81.46023300034658,28.655492000164774],[-81.4602349999964,28.655061999633716]]]},"properties":{"block_id":"120950175034024","school_id":"sch_amikids_orlando","kids_est":0,"class":"green","shortest":{"len_m":2032.5,"mean_c":36.37,"peak_c":36.9,"dose":95.3},"coolest":{"len_m":2032.5,"mean_c":36.37,"peak_c":36.9,"dose":95.3},"delta_mean_c":0.0,"delta_dose_pct":0,"distance_mi":0.954,"status_now":"walk","status_rec":"walk","reason":"Shortest route already under threshold (dose 95).","safe_until_hour":null}},{"type":"Feature","geometry":{"type":"Polygon","coordinates":[[[-81.46387499957879,28.65940399971867],[-81.46387299992898,28.659116999645832],[-81.46387200010406,28.65897900020444],[-81.46376400014903,28.658974000255537],[-81.46323400041959,28.658977000382595],[-81.46323500024451,28.658617000292498],[-81.46323500024451,28.658537000016985],[-81.46309899980207,28.65853800032628],[-81.46300000006788,28.65853800032628],[-81.46270399979187,28.65853899984728],[-81.46260599988258,28.658540000156496],[-81.46260300040782,28.658933999867493],[-81.46259800038496,28.660118000163067],[-81.46259699966174,28.66051299975136],[-81.46242199975956,28.660515000332175],[-81.4618979998779,28.66052200000004],[-81.46172399980064,28.660525000082746],[-81.46174499971703,28.660537999914684],[-81.46180800036456,28.66053900020488],[-81.46183000010583,28.660542999788984],[-81.46222900031401,28.660537999914684],[-81.46239800036842,28.660536999624476],[-81.46342699986513,28.660536999624476],[-81.46382699989822,28.660536999624476],[-81.46382699989822,28.660526000373057],[-81.46382900044635,28.660498000123425],[-81.46382699989822,28.66048399999587],[-81.46383699994396,28.660474999743947],[-81.46385299983747,28.66044100009899],[-81.46385100018766,28.660404999860102],[-81.46385700003543,28.66014800031374],[-81.46387499957879,28.65940399971867]]]},"properties":{"block_id":"120950175034017","school_id":"sch_amikids_orlando","kids_est":0,"class":"green","shortest":{"len_m":2001.2,"mean_c":36.27,"peak_c":36.6,"dose":90.7},"coolest":{"len_m":2001.6,"mean_c":36.22,"peak_c":36.5,"dose":89.5},"delta_mean_c":-0.05,"delta_dose_pct":-1,"distance_mi":0.79,"status_now":"walk","status_rec":"walk","reason":"Shortest route already under threshold (dose 91).","safe_until_hour":null}},{"type":"Feature","geometry":{"type":"Polygon","coordinates":[[[-81.46386899973102,28.65853599970768],[-81.46386600025626,28.658408999764518],[-81.46386200005831,28.658188999802984],[-81.46386000040849,28.658054000081755],[-81.46376599979885,28.65805299976784],[-81.46323600006941,28.658044000095465],[-81.46323600006941,28.65821000005929],[-81.46323500024451,28.65845199970662],[-81.46323500024451,28.658537000016985],[-81.46325199996296,28.658537000016985],[-81.46371499974522,28.65853599970768],[-81.46386899973102,28.65853599970768]]]},"properties":{"block_id":"120950175034018","school_id":"sch_amikids_orlando","kids_est":0,"class":"green","shortest":{"len_m":1660.4,"mean_c":36.2,"peak_c":36.5,"dose":73.8},"coolest":{"len_m":1660.4,"mean_c":36.2,"peak_c":36.5,"dose":73.8},"delta_mean_c":0.0,"delta_dose_pct":0,"distance_mi":0.748,"status_now":"walk","status_rec":"walk","reason":"Shortest route already under threshold (dose 74).","safe_until_hour":null}},{"type":"Feature","geometry":{"type":"Polygon","coordinates":[[[-81.46748699957209,28.65230699987958],[-81.4676149996186,28.652195000303834],[-81.46718899964625,28.65174899997619],[-81.46706099959974,28.651849000281803],[-81.46688400004774,28.65199300030209],[-81.46609599967714,28.652638000002845],[-81.46589200036094,28.65280700015823],[-81.46583600028445,28.65275799965613],[-81.46410700028069,28.651112999805168],[-81.46385600021053,28.651112000213434],[-81.46385500038562,28.65073899966367],[-81.46385200001258,28.649852000088774],[-81.46442000027515,28.649383999993198],[-81.46446999960553,28.649343999888135],[-81.46455699964419,28.649271999660566],[-81.46404700000623,28.648773000272747],[-81.4639800000591,28.64870699970669],[-81.46299800041804,28.6478010003517],[-81.46276499989123,28.647570000383826],[-81.46262199977609,28.647429000266033],[-81.46249600027772,28.647499000141327],[-81.46236099966018,28.647610000377124],[-81.46213200022966,28.647785999693493],[-81.46200699965786,28.647845999948352],[-81.46187100011373,28.647873000012375],[-81.46173399984639,28.64787599966871],[-81.46122199966031,28.64787599966871],[-81.46058300015095,28.647873000012375],[-81.45972299981032,28.64787599966871],[-81.45972500035846,28.64948800019493],[-81.4597579999704,28.64949000019776],[-81.45979599960526,28.649492000200603],[-81.4598269995674,28.649506000219347],[-81.45984900020703,28.649534000251215],[-81.45986000007765,28.649564999883637],[-81.45989699988759,28.650979999618926],[-81.45988900038999,28.651006000071686],[-81.4598690002985,28.65104400035793],[-81.45983300031348,28.65107199997915],[-81.45980200035135,28.651091000112032],[-81.45976899984107,28.651097000028827],[-81.45972799983319,28.651097000028827],[-81.45972500035846,28.65134700019766],[-81.45972600018335,28.654724000013193],[-81.45977300003904,28.654724000013193],[-81.45996600038288,28.654727000261822],[-81.46012600021645,28.65472799981916],[-81.46024400021723,28.6547290001648],[-81.46025099988992,28.654040999768238],[-81.46025300043806,28.653902999951782],[-81.46026199976058,28.653792999636625],[-81.46032100021013,28.653125999891206],[-81.46032399968485,28.653050000025583],[-81.46033600027874,28.652803000278986],[-81.46034200012652,28.652680000370086],[-81.46033499955551,28.652576000180737],[-81.46029600009577,28.65189799963207],[-81.46029400044596,28.651855000155216],[-81.46029699992067,28.65181199987241],[-81.46030699996642,28.65176900036029],[-81.46032500040809,28.651729000376605],[-81.46035499964698,28.65168699962844],[-81.4603820003095,28.65165799979651],[-81.46041900011942,28.651628999956557],[-81.4604609999522,28.651605999996246],[-81.46050600015806,28.65158899991948],[-81.46055399983862,28.651579000104967],[-81.46071500039541,28.651575999766212],[-81.46189399967994,28.6515569997212],[-81.46228799986525,28.651550999830718],[-81.4623539999875,28.651550000243155],[-81.4624879998818,28.651558000097083],[-81.46269999959391,28.651573000215752],[-81.46300199971769,28.6515989997331],[-81.4630870001065,28.651615000221238],[-81.46313800016013,28.65162500003238],[-81.4632069997571,28.651655999835025],[-81.46326500038175,28.651701999728672],[-81.46328899977287,28.651729000376605],[-81.46330899986434,28.651758999774543],[-81.46333499980362,28.651823999623076],[-81.46334200037464,28.651891999761126],[-81.46334200037464,28.65229700013348],[-81.46334499984935,28.654145999644],[-81.46334700039749,28.654763000085698],[-81.46344899960644,28.65476399964269],[-81.46375699957802,28.65476699989016],[-81.46386000040849,28.654768000235435],[-81.46429399987844,28.654773000384864],[-81.46559799973475,28.654788000043624],[-81.46603299992795,28.654793000192164],[-81.46626700027967,28.65479500009388],[-81.46651800034984,28.654798000340474],[-81.46651800034984,28.6547099999028],[-81.46651400015188,28.653893000357872],[-81.4663740004098,28.65389099965065],[-81.46638100008249,28.65339600002625],[-81.46652199964949,28.653258000149226],[-81.46748699957209,28.65230699987958]]]},"properties":{"block_id":"120950175034025","school_id":"sch_amikids_orlando","kids_est":1,"class":"green","shortest":{"len_m":1731.9,"mean_c":36.25,"peak_c":36.7,"dose":77.9},"coolest":{"len_m":1731.9,"mean_c":36.25,"peak_c":36.7,"dose":77.9},"delta_mean_c":0.0,"delta_dose_pct":0,"distance_mi":0.861,"status_now":"walk","status_rec":"walk","reason":"Shortest route already under threshold (dose 78).","safe_until_hour":null}},{"type":"Feature","geometry":{"type":"Polygon","coordinates":[[[-81.47372999974257,28.649038999767924],[-81.47378400016925,28.648983000220753],[-81.47343099999183,28.64872299984774],[-81.47341900029626,28.648714999777546],[-81.47319599981519,28.64855800024697],[-81.47281199967563,28.648268999627923],[-81.47278900010942,28.648239999639145],[-81.4727740000408,28.648207000376104],[-81.47277099966776,28.648152999624642],[-81.47278200043671,28.64811800030527],[-81.47294599956993,28.647860999809613],[-81.47297900008022,28.647824000358163],[-81.47300099982152,28.647808999703255],[-81.47302099991302,28.647797000281457],[-81.4730689995936,28.647780000375636],[-81.47315399998239,28.64777200023346],[-81.47328899970161,28.647770000197866],[-81.47334800015115,28.647776999928247],[-81.47338499996108,28.64777200023346],[-81.47342699979387,28.647751000251645],[-81.47345500028128,28.64772000008303],[-81.47346600015193,28.64768899990524],[-81.4734700003499,28.647425999808604],[-81.47337800028838,28.647425000181666],[-81.47304500020245,28.647425999808604],[-81.47273100038309,28.64742700022389],[-81.47269100020011,28.64742700022389],[-81.47258300024508,28.64742700022389],[-81.47250899972694,28.647522000214074],[-81.47232600032714,28.647757999983245],[-81.47194100036268,28.648226000239706],[-81.47196800012685,28.648245000099863],[-81.4722679997025,28.648462999618502],[-81.47316999987594,28.649117000185534],[-81.47328399967873,28.649200000171984],[-81.47347399964954,28.64933300025074],[-81.47348399969528,28.649319999817788],[-81.4735139998325,28.64928500009951],[-81.47352499970316,28.64927300005824],[-81.47357499993187,28.649212999831434],[-81.47364100005412,28.649135000273642],[-81.47372999974257,28.649038999767924]]]},"properties":{"block_id":"120950175042007","school_id":"sch_amikids_orlando","kids_est":1,"class":"green","shortest":{"len_m":1245.8,"mean_c":36.0,"peak_c":36.0,"dose":51.7},"coolest":{"len_m":1245.8,"mean_c":36.0,"peak_c":36.0,"dose":51.7},"delta_mean_c":0.0,"delta_dose_pct":0,"distance_mi":0.584,"status_now":"walk","status_rec":"walk","reason":"Shortest route already under threshold (dose 52).","safe_until_hour":null}},{"type":"Feature","geometry":{"type":"Polygon","coordinates":[[[-81.47583000036542,28.65015599982024],[-81.47582799981728,28.649792000193216],[-81.47582699999236,28.649074000356656],[-81.4758229997944,28.648892999618788],[-81.47580699990088,28.648855000129767],[-81.4757800001367,28.648820999869947],[-81.47574400015169,28.64879600006604],[-81.47570099959567,28.648781000338513],[-81.47565600028814,28.64877599990328],[-81.47539199979917,28.648877000292035],[-81.47458400023541,28.649242000339523],[-81.4745349998316,28.649259999617875],[-81.47449499964863,28.649291000119582],[-81.47446799988445,28.649331999853622],[-81.4744560001889,28.649377000370066],[-81.47446000038686,28.649424000082984],[-81.47447999958003,28.64946699976832],[-81.47449600037187,28.649486999799286],[-81.47463799976377,28.64958899989792],[-81.47507200013204,28.64989999998047],[-81.47538900032444,28.650133999926283],[-81.4754639997692,28.65018999964724],[-81.47561500028026,28.650285000287923],[-81.47565399974,28.650295999825474],[-81.47569499974787,28.650297000213378],[-81.47573499993085,28.650287000275615],[-81.47576900026604,28.65026799999705],[-81.47579799968004,28.6502369997841],[-81.4758229997944,28.6501879996577],[-81.47583000036542,28.65015599982024]]]},"properties":{"block_id":"120950175042009","school_id":"sch_amikids_orlando","kids_est":0,"class":"green","shortest":{"len_m":1474.9,"mean_c":36.0,"peak_c":36.0,"dose":61.0},"coolest":{"len_m":1474.9,"mean_c":36.0,"peak_c":36.0,"dose":61.0},"delta_mean_c":0.0,"delta_dose_pct":0,"distance_mi":0.482,"status_now":"walk","status_rec":"walk","reason":"Shortest route already under threshold (dose 61).","safe_until_hour":null}}]}