{"type":"FeatureCollection","features":[{"type":"Feature","geometry":{"type":"Polygon","coordinates":[[[-81.39590299983213,28.588365000372647],[-81.3959020000072,28.588241999890307],[-81.39590100018229,28.58817300013393],[-81.39589799980925,28.587965999804204],[-81.39589799980925,28.587896999866654],[-81.39576999976272,28.587898000060417],[-81.39538899999621,28.587904999838887],[-81.39532799989685,28.587906000032575],[-81.39532799989685,28.587951000061683],[-81.39533299991973,28.588372000120025],[-81.39564400026434,28.58836800015174],[-81.39590299983213,28.588365000372647]]]},"properties":{"block_id":"120950125001043","school_id":"sch_college_park_middle","kids_est":13,"class":"green","shortest":{"len_m":788.5,"mean_c":37.5,"peak_c":37.5,"dose":49.5},"coolest":{"len_m":788.5,"mean_c":37.5,"peak_c":37.5,"dose":49.5},"delta_mean_c":0.0,"delta_dose_pct":0,"distance_mi":0.288,"status_now":"walk","status_rec":"walk","reason":"Shortest route already under threshold (dose 50).","safe_until_hour":null}},{"type":"Feature","geometry":{"type":"Polygon","coordinates":[[[-81.39589799980925,28.587896999866654],[-81.39589600015941,28.587837000055632],[-81.39589500033452,28.587761999652145],[-81.39589299978638,28.587651000029492],[-81.39589199996146,28.587600000270196],[-81.39589100013656,28.587560000286985],[-81.39588899958841,28.58743299964793],[-81.39578599965625,28.58743299964793],[-81.39576399991495,28.58743299964793],[-81.39555200020284,28.587436000242374],[-81.39516600041345,28.587440999655403],[-81.3951699997131,28.58771099994664],[-81.39517200026124,28.587825000089364],[-81.39517399991107,28.587907999631106],[-81.39522099976674,28.58790700022625],[-81.3952619997746,28.58790700022625],[-81.39532799989685,28.587906000032575],[-81.39538899999621,28.587904999838887],[-81.39576999976272,28.587898000060417],[-81.39589799980925,28.587896999866654]]]},"properties":{"block_id":"120950125001042","school_id":"sch_college_park_middle","kids_est":0,"class":"green","shortest":{"len_m":788.5,"mean_c":37.5,"peak_c":37.5,"dose":49.5},"coolest":{"len_m":788.5,"mean_c":37.5,"peak_c":37.5,"dose":49.5},"delta_mean_c":0.0,"delta_dose_pct":0,"distance_mi":0.26,"status_now":"walk","status_rec":"walk","reason":"Shortest route already under threshold (dose 50).","safe_until_hour":null}},{"type":"Feature","geometry":{"type":"Polygon","coordinates":[[[-81.40028099955639,28.588439000157386],[-81.40023299987583,28.58824999983627],[-81.4000909995856,28.587685999788135],[-81.40004399972993,28.587497999888612],[-81.39986700017793,28.587532000289713],[-81.39975099982698,28.587557999893086],[-81.39887600031605,28.587761000245898],[-81.39875599976713,28.587790000376987],[-81.3985830004131,28.587818999711274],[-81.39858800043596,28.58799399968591],[-81.39860299960627,28.58851900022858],[-81.39860900035237,28.588695000013036],[-81.39894699956285,28.588678000001913],[-81.3989929995936,28.588675999629206],[-81.39921299970163,28.58864900011575],[-81.3999480003688,28.588503999776144],[-81.40028099955639,28.588439000157386]]]},"properties":{"block_id":"120950125001037","school_id":"sch_college_park_middle","kids_est":0,"class":"green","shortest":{"len_m":1011.0,"mean_c":37.5,"peak_c":37.5,"dose":63.3},"coolest":{"len_m":1011.0,"mean_c":37.5,"peak_c":37.5,"dose":63.3},"delta_mean_c":0.0,"delta_dose_pct":0,"distance_mi":0.308,"status_now":"walk","status_rec":"walk","reason":"Shortest route already under threshold (dose 63).","safe_until_hour":null}},{"type":"Feature","geometry":{"type":"Polygon","coordinates":[[[-81.39438700026369,28.587919000183167],[-81.39437700021794,28.586979999609408],[-81.39422400005706,28.58698200001438],[-81.3940719997211,28.586983999630494],[-81.3938109996052,28.586994000076917],[-81.39381300015334,28.587104000191815],[-81.39381900000112,28.58743399984611],[-81.39382099965093,28.58754400028948],[-81.39382200037417,28.58758199988528],[-81.39382200037417,28.58762000025608],[-81.39382499984889,28.58775600005927],[-81.39382700039702,28.587851999814415],[-81.39382900004685,28.58792899975186],[-81.39407400026926,28.587924999766727],[-81.39438700026369,28.587919000183167]]]},"properties":{"block_id":"120950125001040","school_id":"sch_college_park_middle","kids_est":0,"class":"green","shortest":{"len_m":911.7,"mean_c":37.5,"peak_c":37.5,"dose":57.1},"coolest":{"len_m":911.7,"mean_c":37.5,"peak_c":37.5,"dose":57.1},"delta_mean_c":0.0,"delta_dose_pct":0,"distance_mi":0.29,"status_now":"walk","status_rec":"walk","reason":"Shortest route already under threshold (dose 57).","safe_until_hour":null}},{"type":"Feature","geometry":{"type":"Polygon","coordinates":[[[-81.41401600040041,28.592717999962225],[-81.41391299956993,28.59253199989508],[-81.41360399977344,28.59197099962042],[-81.41342700022145,28.59162200015763],[-81.41311699970173,28.59106099975932],[-81.41257600010164,28.589984000183343],[-81.4124880002381,28.589852000018983],[-81.41207499978623,28.58905600034319],[-81.4118689999219,28.588653000073325],[-81.41165399983674,28.58828500018432],[-81.41149800020114,28.58797899994738],[-81.4113540002611,28.587697000363466],[-81.41109899999296,28.587192999928053],[-81.4108270000064,28.586654000141486],[-81.41051700038501,28.586108000060666],[-81.4103890003385,28.585881000085518],[-81.41034099975958,28.585792000027524],[-81.41016699968232,28.58547000011024],[-81.41014400011609,28.585474000188768],[-81.41008300001673,28.585486999851284],[-81.41018799959872,28.58568900004367],[-81.41042000030063,28.586128000330394],[-81.41071800022645,28.586693999680556],[-81.41085499959549,28.586952999660422],[-81.41101500032737,28.587258000317114],[-81.41139799974371,28.587981000333343],[-81.411467000239,28.588116000266705],[-81.41245100042818,28.589983000009425],[-81.41237000023732,28.59001799978049],[-81.412200000358,28.590086999903644],[-81.41126300002449,28.59047200030799],[-81.41095900025088,28.59058499965505],[-81.41106100035813,28.590712999808744],[-81.41129800018459,28.590965999943798],[-81.41139899956862,28.591047999997173],[-81.41157199982099,28.591169000026493],[-81.41165300001184,28.591263000285597],[-81.41188399999051,28.59157099995834],[-81.41193400021923,28.591658999699067],[-81.41195199976258,28.59173100000583],[-81.41194599991478,28.591818999612627],[-81.41195199976258,28.591868000168414],[-81.4119960001435,28.59192300005684],[-81.41208300018215,28.591984000057145],[-81.41220200000782,28.592021999625707],[-81.4123200000086,28.592083000357363],[-81.4123760000851,28.592170999669477],[-81.41240100019947,28.59228099988923],[-81.41242600031383,28.592341999681807],[-81.41246300012374,28.592397000110953],[-81.41253400026885,28.592476000175143],[-81.41267499983584,28.592632999976573],[-81.41278100014105,28.592729000010998],[-81.41351500008498,28.592724000060656],[-81.41379399974424,28.59272099961707],[-81.41386900008732,28.59272099961707],[-81.41401600040041,28.592717999962225]]]},"properties":{"block_id":"120950125001058","school_id":"sch_college_park_middle","kids_est":0,"class":"red","shortest":{"len_m":3066.6,"mean_c":37.43,"peak_c":37.5,"dose":189.0},"coolest":{"len_m":3066.6,"mean_c":37.43,"peak_c":37.5,"dose":189.0},"delta_mean_c":0.0,"delta_dose_pct":0,"distance_mi":1.043,"status_now":"walk","status_rec":"bus_eligible","reason":"Coolest route mean 37.4C exceeds threshold (110 C-min dose, actual 189).","safe_until_hour":"13:00"}},{"type":"Feature","geometry":{"type":"Polygon","coordinates":[[[-81.41046399978325,28.587289000197252],[-81.41045399973748,28.587271999958798],[-81.41036400022412,28.587119000055175],[-81.41027600036057,28.587119000055175],[-81.41019500016974,28.58704799994692],[-81.4101519996137,28.587037000092483],[-81.40964699999864,28.587136000318374],[-81.40955499993713,28.58712099966868],[-81.40947200009647,28.58710800020818],[-81.40935999994346,28.58712999990096],[-81.4093349998291,28.587102999990506],[-81.40923000024712,28.587116000240435],[-81.40917199962247,28.587121999869822],[-81.40915400007913,28.587124999684384],[-81.40912300011699,28.587119000055175],[-81.40909499962959,28.58712400027203],[-81.4091020002006,28.587304000034226],[-81.40923100007203,28.58730199963539],[-81.41046399978325,28.587289000197252]]]},"properties":{"block_id":"120950125001067","school_id":"sch_college_park_middle","kids_est":0,"class":"red","shortest":{"len_m":2599.9,"mean_c":37.44,"peak_c":37.5,"dose":160.5},"coolest":{"len_m":2599.9,"mean_c":37.44,"peak_c":37.5,"dose":160.5},"delta_mean_c":0.0,"delta_dose_pct":0,"distance_mi":0.8,"status_now":"walk","status_rec":"bus_eligible","reason":"Coolest route mean 37.4C exceeds threshold (110 C-min dose, actual 160).","safe_until_hour":"13:00"}},{"type":"Feature","geometry":{"type":"Polygon","coordinates":[[[-81.41095900025088,28.59058499965505],[-81.41074300034082,28.59031599981622],[-81.41066799999773,28.590255999808107],[-81.41045999958529,28.590198000109535],[-81.41046499960815,28.590778999765533],[-81.41095900025088,28.59058499965505]]]},"properties":{"block_id":"120950125001068","school_id":"sch_college_park_middle","kids_est":0,"class":"red","shortest":{"len_m":3022.3,"mean_c":37.43,"peak_c":37.5,"dose":186.3},"coolest":{"len_m":3022.3,"mean_c":37.43,"peak_c":37.5,"dose":186.3},"delta_mean_c":0.0,"delta_dose_pct":0,"distance_mi":0.933,"status_now":"walk","status_rec":"bus_eligible","reason":"Coolest route mean 37.4C exceeds threshold (110 C-min dose, actual 186).","safe_until_hour":"13:00"}},{"type":"Feature","geometry":{"type":"Polygon","coordinates":[[[-81.40983899961927,28.58638899975423],[-81.40988200017527,28.586391000170448],[-81.40981299968,28.586238999983223],[-81.40957000000576,28.58569799960975],[-81.40954400006648,28.585709000393084],[-81.40950600043165,28.585724999881002],[-81.40942900043876,28.585757999852547],[-81.40933700037725,28.585807000078038],[-81.4093060004151,28.585834000321316],[-81.40927600027787,28.585882999722575],[-81.40926700005703,28.585919999706082],[-81.40927299990483,28.58597599976293],[-81.40931300008779,28.586082000098795],[-81.40940299960116,28.586264999906266],[-81.40944100013431,28.586331000288855],[-81.4094829999671,28.58640499992756],[-81.40952899999786,28.586503999959692],[-81.40960400034093,28.58647500026267],[-81.40962600008224,28.58646700018169],[-81.40981000020524,28.586396999841206],[-81.40983899961927,28.58638899975423]]]},"properties":{"block_id":"120950125001070","school_id":"sch_college_park_middle","kids_est":20,"class":"red","shortest":{"len_m":2597.3,"mean_c":37.44,"peak_c":37.5,"dose":160.4},"coolest":{"len_m":2597.3,"mean_c":37.44,"peak_c":37.5,"dose":160.4},"delta_mean_c":0.0,"delta_dose_pct":0,"distance_mi":0.77,"status_now":"walk","status_rec":"bus_eligible","reason":"Coolest route mean 37.4C exceeds threshold (110 C-min dose, actual 160).","safe_until_hour":"13:00"}},{"type":"Feature","geometry":{"type":"Polygon","coordinates":[[[-81.39687199995268,28.592479999987113],[-81.39682199972397,28.592291999983708],[-81.39667399958596,28.591728000322675],[-81.39662500008048,28.5915399997632],[-81.39621300035184,28.591573000275893],[-81.3949799997423,28.591674999859123],[-81.39475499961141,28.591693999700933],[-81.39457100038672,28.59172499985067],[-81.39458999975497,28.59179399964217],[-81.39465000002942,28.592001999688463],[-81.39467000012091,28.592072000240936],[-81.39469500023527,28.59216099971549],[-81.39477100040324,28.592429000204014],[-81.39479700034252,28.5925190003149],[-81.39506799960586,28.592509000394006],[-81.395210999721,28.592505999944276],[-81.39645600002608,28.592486000099118],[-81.39687199995268,28.592479999987113]]]},"properties":{"block_id":"120950125001026","school_id":"sch_college_park_middle","kids_est":0,"class":"green","shortest":{"len_m":1456.3,"mean_c":37.45,"peak_c":37.5,"dose":90.5},"coolest":{"len_m":1456.3,"mean_c":37.45,"peak_c":37.5,"dose":90.5},"delta_mean_c":0.0,"delta_dose_pct":0,"distance_mi":0.55,"status_now":"walk","status_rec":"walk","reason":"Shortest route already under threshold (dose 90).","safe_until_hour":null}},{"type":"Feature","geometry":{"type":"Polygon","coordinates":[[[-81.40207900005544,28.587806999742877],[-81.4020399996974,28.586460000307497],[-81.40202999965165,28.585882999722575],[-81.401990000367,28.583951999952706],[-81.40196100005465,28.582574999813676],[-81.40195199983384,28.58210399961145],[-81.40196799972736,28.581563000052085],[-81.40193199974235,28.58051399972362],[-81.40193099991744,28.5804060003448],[-81.40186800016826,28.58027599973296],[-81.4018570002976,28.580251999651022],[-81.40184800007675,28.58026600022537],[-81.40182700016037,28.580308000359693],[-81.40181399974156,28.58032299961473],[-81.40180600024397,28.580337000179636],[-81.40174900034256,28.5804060003448],[-81.40165599955783,28.580486000216688],[-81.40157299971715,28.580536000007147],[-81.40145800008942,28.580588999774793],[-81.40136199982996,28.580617000043166],[-81.40126399992067,28.580633999779806],[-81.4010460003608,28.580647000040653],[-81.40095500012418,28.58066000029987],[-81.40087399993332,28.58067899976562],[-81.40077799967385,28.580708000272132],[-81.40069300018337,28.580741999713368],[-81.40063499955872,28.580769999941],[-81.40060899961945,28.58078399965753],[-81.40035800044762,28.580938999832348],[-81.4002300004011,28.58102000034685],[-81.39984899973626,28.581264999663144],[-81.39972200041298,28.58134700018265],[-81.39969399992557,28.581365000057257],[-81.39960199986406,28.581424000150488],[-81.39924200001394,28.58165400025142],[-81.39912300018825,28.581732000246856],[-81.39934699959593,28.582017000011554],[-81.39946100029705,28.582161000371155],[-81.39950399995479,28.582227000174274],[-81.39957199972683,28.58237400019643],[-81.39965299991769,28.58261900030265],[-81.39968999972761,28.58277199965451],[-81.39970200032148,28.582860999902007],[-81.39970800016926,28.583022000034255],[-81.39972200041298,28.58338600004213],[-81.39984100023867,28.58338899996329],[-81.40006800001939,28.583400999647036],[-81.40110499991201,28.583457999703686],[-81.40138299974636,28.583474000323015],[-81.40141399970848,28.583478999924424],[-81.40143999964776,28.583487999679658],[-81.40144700021877,28.583494999751682],[-81.40146200028738,28.583508999894327],[-81.40147200033314,28.583537000174047],[-81.4014709996099,28.58361500035061],[-81.40144499967062,28.583692000235498],[-81.40142399975423,28.583732000112466],[-81.40134500011152,28.583817999638676],[-81.40106999975191,28.584074999931705],[-81.40103200011707,28.58412199969331],[-81.40102200007132,28.584142000340783],[-81.40099799978188,28.584191999970663],[-81.40096500016992,28.584287000385146],[-81.40088099960602,28.584607999755928],[-81.40078299969673,28.584882999757117],[-81.40076099995541,28.585003999782238],[-81.40075799958237,28.58512800032845],[-81.40076799962812,28.585782999680706],[-81.40077500019912,28.585930000253647],[-81.40079100009265,28.586027999732703],[-81.40081799985683,28.586124000276754],[-81.40087700030637,28.586256000388698],[-81.40094300042863,28.586355999980736],[-81.40102600026928,28.586452999644003],[-81.40107800014782,28.58650299975267],[-81.40119000030083,28.586610999969235],[-81.40126300009575,28.586705999775965],[-81.40134299956338,28.586840999768715],[-81.40137500024875,28.586910999813608],[-81.40149099970138,28.587211999791123],[-81.40151099979288,28.587262999738602],[-81.40157199989225,28.587419000027683],[-81.40159299980864,28.587471000072597],[-81.40163399981651,28.587575000085295],[-81.40168499987016,28.58763699964951],[-81.4017459999695,28.58769200017381],[-81.40182799998529,28.58774199969327],[-81.4019219996966,28.58777799961647],[-81.40199299984171,28.587791999977735],[-81.40207900005544,28.587806999742877]]]},"properties":{"block_id":"120950125001046","school_id":"sch_college_park_middle","kids_est":99,"class":"green","shortest":{"len_m":1065.8,"mean_c":37.5,"peak_c":37.5,"dose":66.8},"coolest":{"len_m":1065.8,"mean_c":37.5,"peak_c":37.5,"dose":66.8},"delta_mean_c":0.0,"delta_dose_pct":0,"distance_mi":0.287,"status_now":"walk","status_rec":"walk","reason":"Shortest route already under threshold (dose 67).","safe_until_hour":null}},{"type":"Feature","geometry":{"type":"Polygon","coordinates":[[[-81.39585000012866,28.585132999851208],[-81.39584599993071,28.584967999698055],[-81.39584500010581,28.584946999774687],[-81.39584400028089,28.584883999979557],[-81.39584400028089,28.584864000262037],[-81.39584000008293,28.584705999678164],[-81.39583699970987,28.584691000259408],[-81.39435100027869,28.584889999736294],[-81.3939949997282,28.58493800014432],[-81.39390900041279,28.584949999651304],[-81.39378800003898,28.584966000043607],[-81.3937830000161,28.584575999648784],[-81.3935649995579,28.584773999908602],[-81.3933880000059,28.58493500026737],[-81.3931980000351,28.58514500012477],[-81.39333600012736,28.58531699995094],[-81.39342900001377,28.585456999656845],[-81.39345599977796,28.585504999806037],[-81.39353899961864,28.58565300019399],[-81.39374600020619,28.58562599990425],[-81.39383599971956,28.58559100024872],[-81.39393299980394,28.585533999770597],[-81.39405099980472,28.585442999773505],[-81.39411299972899,28.58540399997604],[-81.39418100039937,28.585373999757927],[-81.3942890003544,28.585344000320028],[-81.39498499976517,28.585256000026458],[-81.39585000012866,28.585132999851208]]]},"properties":{"block_id":"120950125001055","school_id":"sch_college_park_middle","kids_est":13,"class":"green","shortest":{"len_m":673.2,"mean_c":37.5,"peak_c":37.5,"dose":42.3},"coolest":{"len_m":673.2,"mean_c":37.5,"peak_c":37.5,"dose":42.3},"delta_mean_c":0.0,"delta_dose_pct":0,"distance_mi":0.173,"status_now":"walk","status_rec":"walk","reason":"Shortest route already under threshold (dose 42).","safe_until_hour":null}},{"type":"Feature","geometry":{"type":"Polygon","coordinates":[[[-81.39408799961464,28.590033000016913],[-81.39407500009415,28.58998599974236],[-81.3940359997361,28.589848000107033],[-81.39402400004053,28.589801999925417],[-81.39400899997192,28.589747999892303],[-81.39397999965959,28.589639999742836],[-81.39390299966671,28.589639999742836],[-81.39381999982604,28.589639999742836],[-81.39369799962729,28.589642000097196],[-81.39360999976375,28.589643000274357],[-81.39361599961154,28.58974399997637],[-81.39362900003033,28.589976000369298],[-81.39362999985522,28.590039000268646],[-81.39372299974166,28.590036999921843],[-81.39399700027634,28.590034000190347],[-81.39408799961464,28.590033000016913]]]},"properties":{"block_id":"120950153002004","school_id":"sch_college_park_middle","kids_est":0,"class":"green","shortest":{"len_m":1182.6,"mean_c":37.47,"peak_c":37.5,"dose":73.8},"coolest":{"len_m":1182.6,"mean_c":37.47,"peak_c":37.5,"dose":73.8},"delta_mean_c":0.0,"delta_dose_pct":0,"distance_mi":0.438,"status_now":"walk","status_rec":"walk","reason":"Shortest route already under threshold (dose 74).","safe_until_hour":null}},{"type":"Feature","geometry":{"type":"Polygon","coordinates":[[[-81.40998599993236,28.58569300011386],[-81.4099259996579,28.585577999810234],[-81.40991099958927,28.585548999857878],[-81.40986799993158,28.585468999893376],[-81.40962000023445,28.585471000327097],[-81.40953300019582,28.585472999971937],[-81.40907600026132,28.585472999971937],[-81.4077079999326,28.585474999616753],[-81.40725199982302,28.585475999833545],[-81.40723099990662,28.585488000067972],[-81.40721099981513,28.58549900008439],[-81.4067920004138,28.585503000161808],[-81.40681099978205,28.58609000020913],[-81.40692299993503,28.586237999773672],[-81.40712200012668,28.58631500010427],[-81.40726100004385,28.586335000334635],[-81.40805100006428,28.586452999644003],[-81.4080950004452,28.586448000183992],[-81.40816300021726,28.586452999644003],[-81.40855599967934,28.586624000280015],[-81.40866600018252,28.586679999961913],[-81.40874900002318,28.58672300010595],[-81.40888600029054,28.58688799987163],[-81.40902600003263,28.587003000320074],[-81.40906100019272,28.587030999669494],[-81.40906399966745,28.587042999726386],[-81.40909499962959,28.58712400027203],[-81.40905399962172,28.58609800031885],[-81.40904000027632,28.585763000134172],[-81.40903799972817,28.58570299989425],[-81.40908899978182,28.585701999679596],[-81.40913300016274,28.585701999679596],[-81.40922000020139,28.58570100025377],[-81.40930999971475,28.585700000039104],[-81.40948399979203,28.58570599974929],[-81.40954400006648,28.585709000393084],[-81.40957000000576,28.58569799960975],[-81.40998599993236,28.58569300011386]]]},"properties":{"block_id":"120950125001031","school_id":"sch_college_park_middle","kids_est":0,"class":"red","shortest":{"len_m":2484.2,"mean_c":37.44,"peak_c":37.5,"dose":153.4},"coolest":{"len_m":2484.2,"mean_c":37.44,"peak_c":37.5,"dose":153.4},"delta_mean_c":0.0,"delta_dose_pct":0,"distance_mi":0.687,"status_now":"walk","status_rec":"bus_eligible","reason":"Coolest route mean 37.4C exceeds threshold (110 C-min dose, actual 153).","safe_until_hour":"13:00"}},{"type":"Feature","geometry":{"type":"Polygon","coordinates":[[[-81.39930899996108,28.58568200011767],[-81.39925899973238,28.585620999616097],[-81.39924799986174,28.585607999970144],[-81.39912900003604,28.585424000379604],[-81.39908999967798,28.585356999998616],[-81.3990269999288,28.5852509997207],[-81.3989349998673,28.585067000294316],[-81.3988930000345,28.584949999651304],[-81.39884500035392,28.584771000026972],[-81.3988379997829,28.58473000032133],[-81.39881699986651,28.584587999985917],[-81.39879099992723,28.584175000020263],[-81.39876499998797,28.583587000091587],[-81.39873300020092,28.582696000128013],[-81.39872900000296,28.582577000302447],[-81.39870899991146,28.582445999762076],[-81.3986689997285,28.582323999702155],[-81.39854999990281,28.582050000357892],[-81.39846399968908,28.58208700011236],[-81.39843899957474,28.582098999944666],[-81.39820500012132,28.58219399988344],[-81.39811899990761,28.582230000128487],[-81.39754399997234,28.582467000184828],[-81.39708500038803,28.582657000100607],[-81.3967189997918,28.582794000254463],[-81.39657700039992,28.58284200004161],[-81.39632600032974,28.582912000382166],[-81.39607500025957,28.582968999915092],[-81.39577099958764,28.583027999897247],[-81.3951610003906,28.583148000240268],[-81.39519599965237,28.583300999611286],[-81.39525500010193,28.583518999882408],[-81.39529100008694,28.58364699996128],[-81.39542400015631,28.58418099981747],[-81.39546000014133,28.584259999744656],[-81.39549299975329,28.584307999651475],[-81.39555499967757,28.584373000246305],[-81.39572200008215,28.584491000179817],[-81.39574100034872,28.584509000305125],[-81.39576599956476,28.58453300020442],[-81.39579800025012,28.584578000099476],[-81.3958309998621,28.584652999618886],[-81.39583699970987,28.584691000259408],[-81.39584000008293,28.584705999678164],[-81.39584400028089,28.584864000262037],[-81.39584400028089,28.584883999979557],[-81.39584500010581,28.584946999774687],[-81.39584599993071,28.584967999698055],[-81.39585000012866,28.585132999851208],[-81.39585099995358,28.585203000244334],[-81.39593799999221,28.585197999936067],[-81.39629199999453,28.58516199991829],[-81.39637200036049,28.585153999737425],[-81.39638200040623,28.585614999901065],[-81.39672399981468,28.58561200004341],[-81.3979149996931,28.585598999607576],[-81.39791999971595,28.585890999848047],[-81.3979210004392,28.585945999708002],[-81.39792200026412,28.585985000093284],[-81.39804100008979,28.58599000036412],[-81.39814400002196,28.58600100032802],[-81.39839199971908,28.58602700030997],[-81.39843399955186,28.586031999790006],[-81.39850700024512,28.586031999790006],[-81.39860299960627,28.5860230002525],[-81.3986970002159,28.586002999962787],[-81.39878799955419,28.585972999915583],[-81.398872999943,28.585934000314676],[-81.39909200022612,28.585807000078038],[-81.39930899996108,28.58568200011767]]]},"properties":{"block_id":"120950125001049","school_id":"sch_college_park_middle","kids_est":0,"class":"green","shortest":{"len_m":52.2,"mean_c":37.5,"peak_c":37.5,"dose":3.3},"coolest":{"len_m":52.2,"mean_c":37.5,"peak_c":37.5,"dose":3.3},"delta_mean_c":0.0,"delta_dose_pct":0,"distance_mi":0.018,"status_now":"walk","status_rec":"walk","reason":"Shortest route already under threshold (dose 3).","safe_until_hour":null}},{"type":"Feature","geometry":{"type":"Polygon","coordinates":[[[-81.4127350001103,28.58796900038351],[-81.41229800026731,28.58713799993155],[-81.41151900011754,28.587145999961542],[-81.41129700035968,28.587149999976305],[-81.41132800032183,28.587203000354606],[-81.41159399956229,28.58769200017381],[-81.41173300037778,28.587968000190408],[-81.41195500013562,28.587973999771183],[-81.4127350001103,28.58796900038351]]]},"properties":{"block_id":"120950124031038","school_id":"sch_college_park_middle","kids_est":0,"class":"red","shortest":{"len_m":2604.4,"mean_c":37.44,"peak_c":37.5,"dose":160.8},"coolest":{"len_m":2604.4,"mean_c":37.44,"peak_c":37.5,"dose":160.8},"delta_mean_c":0.0,"delta_dose_pct":0,"distance_mi":0.938,"status_now":"walk","status_rec":"bus_eligible","reason":"Coolest route mean 37.4C exceeds threshold (110 C-min dose, actual 161).","safe_until_hour":"13:00"}},{"type":"Feature","geometry":{"type":"Polygon","coordinates":[[[-81.39583699970987,28.584691000259408],[-81.3958309998621,28.584652999618886],[-81.39579800025012,28.584578000099476],[-81.39576599956476,28.58453300020442],[-81.39574100034872,28.584509000305125],[-81.39572200008215,28.584491000179817],[-81.39555499967757,28.584373000246305],[-81.39549299975329,28.584307999651475],[-81.39546000014133,28.584259999744656],[-81.39542400015631,28.58418099981747],[-81.39529100008694,28.58364699996128],[-81.39525500010193,28.583518999882408],[-81.39519599965237,28.583300999611286],[-81.3951610003906,28.583148000240268],[-81.39499099961296,28.58317999999306],[-81.39448500017298,28.58327599998189],[-81.39431600011858,28.58330899993314],[-81.3940220003907,28.583364999802843],[-81.3938039999325,28.583406000040696],[-81.39372799976452,28.58342099964274],[-81.39362800020541,28.58344000018739],[-81.39352899957288,28.583458999939687],[-81.39341499977009,28.583480000160208],[-81.39330099996727,28.583501999823206],[-81.39318700016445,28.583524000270504],[-81.39307300036162,28.583547000159466],[-81.39271099996338,28.583617000030742],[-81.39235000028836,28.583686999855374],[-81.39227199957223,28.583702999650992],[-81.39217200001312,28.583723999822748],[-81.3920220002253,28.58377300020723],[-81.39192599996582,28.583814999729768],[-81.39184999979786,28.583855000348798],[-81.39183499972924,28.583864000071845],[-81.3917479996906,28.583934999963578],[-81.39206099968504,28.58424400003378],[-81.39216399961721,28.58428200003332],[-81.39227099974734,28.584301999861523],[-81.39242700028126,28.584436000347658],[-81.39281300007063,28.584772999685185],[-81.39304499987422,28.584981999644576],[-81.3931980000351,28.58514500012477],[-81.3933880000059,28.58493500026737],[-81.3935649995579,28.584773999908602],[-81.3937830000161,28.584575999648784],[-81.39378800003898,28.584966000043607],[-81.39390900041279,28.584949999651304],[-81.3939949997282,28.58493800014432],[-81.39435100027869,28.584889999736294],[-81.39583699970987,28.584691000259408]]]},"properties":{"block_id":"120950125001056","school_id":"sch_college_park_middle","kids_est":7,"class":"green","shortest":{"len_m":337.7,"mean_c":37.5,"peak_c":37.5,"dose":21.3},"coolest":{"len_m":337.7,"mean_c":37.5,"peak_c":37.5,"dose":21.3},"delta_mean_c":0.0,"delta_dose_pct":0,"distance_mi":0.139,"status_now":"walk","status_rec":"walk","reason":"Shortest route already under threshold (dose 21).","safe_until_hour":null}},{"type":"Feature","geometry":{"type":"Polygon","coordinates":[[[-81.39439800013434,28.588849000174402],[-81.39438700026369,28.587919000183167],[-81.39407400026926,28.587924999766727],[-81.39382900004685,28.58792899975186],[-81.39382999987177,28.588017000174762],[-81.39383300024481,28.58828100021274],[-81.39383400006973,28.58833900018008],[-81.39383499989466,28.58836999974149],[-81.39383499989466,28.588381999645627],[-81.39383599971956,28.5884180001385],[-81.39383700044279,28.588430000037153],[-81.39383700044279,28.58844199993438],[-81.39383700044279,28.58847799961794],[-81.39383800026769,28.588490000298563],[-81.39383999991752,28.58856399999533],[-81.39384599976529,28.588787999932578],[-81.39384900013835,28.588863000393],[-81.39426099986699,28.58885300012438],[-81.39439800013434,28.588849000174402]]]},"properties":{"block_id":"120950125001039","school_id":"sch_college_park_middle","kids_est":0,"class":"green","shortest":{"len_m":1004.2,"mean_c":37.5,"peak_c":37.5,"dose":62.9},"coolest":{"len_m":1004.3,"mean_c":37.5,"peak_c":37.5,"dose":62.8},"delta_mean_c":0.0,"delta_dose_pct":0,"distance_mi":0.342,"status_now":"walk","status_rec":"walk","reason":"Shortest route already under threshold (dose 63).","safe_until_hour":null}},{"type":"Feature","geometry":{"type":"Polygon","coordinates":[[[-81.41042000030063,28.58677800031953],[-81.41038699979033,28.586771999881748],[-81.41030599959949,28.58673800002367],[-81.41023199997964,28.586697000296155],[-81.41010899995601,28.586613000381227],[-81.41003000031328,28.58654000030677],[-81.4099959999781,28.586498000295038],[-81.40995199959717,28.58644199972739],[-81.40991099958927,28.586402000092452],[-81.40988200017527,28.586391000170448],[-81.40983899961927,28.58638899975423],[-81.40981000020524,28.586396999841206],[-81.40962600008224,28.58646700018169],[-81.40960400034093,28.58647500026267],[-81.40952899999786,28.586503999959692],[-81.40936400014142,28.586568999985875],[-81.4093349998291,28.5865810000955],[-81.40931200026289,28.586597000239603],[-81.40929200017139,28.586616999627438],[-81.409263999684,28.586662000208285],[-81.4092570000113,28.586688000026754],[-81.4092560001864,28.586739999644415],[-81.40926299985908,28.586765000027846],[-81.40928999962325,28.586810999960587],[-81.40930999971475,28.586831000096602],[-81.40933300017929,28.586847000202617],[-81.40943799976127,28.586885000050305],[-81.40949899986065,28.586898999741642],[-81.40967100028809,28.586941999796046],[-81.40957900022659,28.58683699974225],[-81.4095530002873,28.58679600005335],[-81.40954400006648,28.586779999939523],[-81.40953900004362,28.58674799970461],[-81.40954999991425,28.58670199974431],[-81.40958000005149,28.586662999624988],[-81.40960000014297,28.586652999935893],[-81.40964500034882,28.586639999628765],[-81.40969100037957,28.58663800000611],[-81.40973700041032,28.586647999696567],[-81.40977599987008,28.58666699965812],[-81.40988600037323,28.586758000173486],[-81.40993300022892,28.586802999905174],[-81.40995999999308,28.586828999688773],[-81.41005899972728,28.586942999998907],[-81.41013800026832,28.5869250002903],[-81.41025999956874,28.58688799987163],[-81.41034300030772,28.58685299984736],[-81.41036300039922,28.586836000327164],[-81.41038599996544,28.586819000015453],[-81.41042000030063,28.58677800031953]]]},"properties":{"block_id":"120950125001064","school_id":"sch_college_park_middle","kids_est":0,"class":"red","shortest":{"len_m":2599.9,"mean_c":37.44,"peak_c":37.5,"dose":160.5},"coolest":{"len_m":2599.9,"mean_c":37.44,"peak_c":37.5,"dose":160.5},"delta_mean_c":0.0,"delta_dose_pct":0,"distance_mi":0.793,"status_now":"walk","status_rec":"bus_eligible","reason":"Coolest route mean 37.4C exceeds threshold (110 C-min dose, actual 160).","safe_until_hour":"13:00"}},{"type":"Feature","geometry":{"type":"Polygon","coordinates":[[[-81.41278100014105,28.592729000010998],[-81.41267499983584,28.592632999976573],[-81.41253400026885,28.592476000175143],[-81.41246300012374,28.592397000110953],[-81.41242600031383,28.592341999681807],[-81.41240100019947,28.59228099988923],[-81.4123760000851,28.592170999669477],[-81.4123200000086,28.592083000357363],[-81.41220200000782,28.592021999625707],[-81.41208300018215,28.591984000057145],[-81.4119960001435,28.59192300005684],[-81.41195199976258,28.591868000168414],[-81.41194599991478,28.591818999612627],[-81.41195199976258,28.59173100000583],[-81.41193400021923,28.591658999699067],[-81.41188399999051,28.59157099995834],[-81.41165300001184,28.591263000285597],[-81.41157199982099,28.591169000026493],[-81.41139899956862,28.591047999997173],[-81.41129800018459,28.590965999943798],[-81.41106100035813,28.590712999808744],[-81.41095900025088,28.59058499965505],[-81.41046499960815,28.590778999765533],[-81.41045999958529,28.590198000109535],[-81.40995800034327,28.590057999617343],[-81.4096300002802,28.58992900006926],[-81.40944000030942,28.58985400036931],[-81.40924100011779,28.58974399997637],[-81.40881099994748,28.5896669997906],[-81.40852999974005,28.58955099971162],[-81.40833700029455,28.58950100026363],[-81.40808100020152,28.589379999892095],[-81.40788799985765,28.589313999845896],[-81.40780099981902,28.589254000054723],[-81.4077570003364,28.58919900034755],[-81.40774499974253,28.58912199976262],[-81.40777599970467,28.58899500022148],[-81.40858699964147,28.588440000345987],[-81.40864299971797,28.58845600020721],[-81.40868600027399,28.588494999661467],[-81.4088550003284,28.588532999702302],[-81.4093909999056,28.588752999751975],[-81.40971499977071,28.588730999609986],[-81.40985700006092,28.588640000013427],[-81.40995800034327,28.588577000064614],[-81.41012599967443,28.588451000053645],[-81.41018900032195,28.58844499971128],[-81.41040699988184,28.588319000330976],[-81.41043799984398,28.588208999909615],[-81.41051900003484,28.58817000034927],[-81.41056300041576,28.588059999772007],[-81.41061299974616,28.588000000054013],[-81.41066899982265,28.587949999868414],[-81.41070599963257,28.587839999849813],[-81.41070599963257,28.587702999959713],[-81.41062699998986,28.587567000087947],[-81.41046399978325,28.587289000197252],[-81.40923100007203,28.58730199963539],[-81.4091020002006,28.587304000034226],[-81.40909499962959,28.58712400027203],[-81.40906399966745,28.587042999726386],[-81.40906100019272,28.587030999669494],[-81.40902600003263,28.587003000320074],[-81.40888600029054,28.58688799987163],[-81.40874900002318,28.58672300010595],[-81.40866600018252,28.586679999961913],[-81.40855599967934,28.586624000280015],[-81.40816300021726,28.586452999644003],[-81.4080950004452,28.586448000183992],[-81.40805100006428,28.586452999644003],[-81.40726100004385,28.586335000334635],[-81.40712200012668,28.58631500010427],[-81.40692299993503,28.586237999773672],[-81.40681099978205,28.58609000020913],[-81.40683800044455,28.58694599981858],[-81.40688600012513,28.588494000262195],[-81.40690700004151,28.58915100030712],[-81.4067930002387,28.58915299988199],[-81.40663900025292,28.589154000063804],[-81.40628400042569,28.58915699982039],[-81.40629100009838,28.589616000220424],[-81.40629699994616,28.589981999835484],[-81.40634100032709,28.592789000185146],[-81.4104820002249,28.59274600015583],[-81.41089399995356,28.59274299971287],[-81.41107200022878,28.592742000353976],[-81.41278100014105,28.592729000010998]]]},"properties":{"block_id":"120950125001020","school_id":"sch_college_park_middle","kids_est":0,"class":"red","shortest":{"len_m":2971.4,"mean_c":37.43,"peak_c":37.5,"dose":183.4},"coolest":{"len_m":2971.4,"mean_c":37.43,"peak_c":37.5,"dose":183.4},"delta_mean_c":0.0,"delta_dose_pct":0,"distance_mi":0.819,"status_now":"walk","status_rec":"bus_eligible","reason":"Coolest route mean 37.4C exceeds threshold (110 C-min dose, actual 183).","safe_until_hour":"13:00"}},{"type":"Feature","geometry":{"type":"Polygon","coordinates":[[[-81.4021040001698,28.588715999976642],[-81.40207900005544,28.587806999742877],[-81.40199299984171,28.587791999977735],[-81.4019219996966,28.58777799961647],[-81.40182799998529,28.58774199969327],[-81.4017459999695,28.58769200017381],[-81.40168499987016,28.58763699964951],[-81.40163399981651,28.587575000085295],[-81.40159299980864,28.587471000072597],[-81.40157199989225,28.587419000027683],[-81.40151099979288,28.587262999738602],[-81.40149099970138,28.587211999791123],[-81.4013640003781,28.587239999873635],[-81.40120100017148,28.587270000348166],[-81.40094699972826,28.587318999868998],[-81.40053199962657,28.58740700001364],[-81.40033400015815,28.587444999658945],[-81.40017599997441,28.587476999681716],[-81.40004399972993,28.587497999888612],[-81.4000909995856,28.587685999788135],[-81.40023299987583,28.58824999983627],[-81.40028099955639,28.588439000157386],[-81.3999480003688,28.588503999776144],[-81.39921299970163,28.58864900011575],[-81.3989929995936,28.588675999629206],[-81.39894699956285,28.588678000001913],[-81.39860900035237,28.588695000013036],[-81.39860299960627,28.58851900022858],[-81.39858800043596,28.58799399968591],[-81.3985830004131,28.587818999711274],[-81.39838000002351,28.587839999849813],[-81.39810700021202,28.587854000202807],[-81.39807200005193,28.587854000202807],[-81.39661099983677,28.587890000087647],[-81.39653800004184,28.587890000087647],[-81.39602699968069,28.587895999672863],[-81.3960009997414,28.587895999672863],[-81.3959229999236,28.587895999672863],[-81.39589799980925,28.587896999866654],[-81.39589799980925,28.587965999804204],[-81.39590100018229,28.58817300013393],[-81.3959020000072,28.588241999890307],[-81.39590299983213,28.588365000372647],[-81.39598900004584,28.588364000183322],[-81.39602699968069,28.588362999993986],[-81.39645799967589,28.588357999835996],[-81.39692700020427,28.58835200027719],[-81.3975840001553,28.588344000338978],[-81.3979649999218,28.58833900018008],[-81.39797199959452,28.588693999826855],[-81.39797400014264,28.58880200015928],[-81.39797699961737,28.588969000184697],[-81.39799000003616,28.589658999952434],[-81.39799099986108,28.589737999707804],[-81.397999000257,28.59017799982528],[-81.3980059999297,28.59057199983405],[-81.39820000009846,28.590329999839454],[-81.39828700013709,28.5903130000927],[-81.39837500000064,28.590225000013994],[-81.39838099984843,28.590198000109535],[-81.39858699971275,28.58999599990321],[-81.39872999982786,28.589857000105933],[-81.3993659998625,28.589586999804204],[-81.39958400032071,28.58946600032045],[-81.40000199989713,28.58925699980846],[-81.40027600043184,28.589014999942037],[-81.40058799970306,28.588960000109843],[-81.40095599994909,28.588948999666634],[-81.40119299977555,28.58896100029349],[-81.40134599993644,28.589000000349166],[-81.40155400034888,28.58903800020754],[-81.40174799961935,28.588971999946576],[-81.40181000044193,28.588900000116652],[-81.40201600030626,28.588708000066127],[-81.40206599963665,28.588718999745748],[-81.4021040001698,28.588715999976642]]]},"properties":{"block_id":"120950125001036","school_id":"sch_college_park_middle","kids_est":40,"class":"green","shortest":{"len_m":1152.2,"mean_c":37.5,"peak_c":37.5,"dose":72.0},"coolest":{"len_m":1152.2,"mean_c":37.5,"peak_c":37.5,"dose":72.0},"delta_mean_c":0.0,"delta_dose_pct":0,"distance_mi":0.347,"status_now":"walk","status_rec":"walk","reason":"Shortest route already under threshold (dose 72).","safe_until_hour":null}},{"type":"Feature","geometry":{"type":"Polygon","coordinates":[[[-81.39985899978201,28.58513599972251],[-81.39986200015505,28.585043999948983],[-81.39985200010932,28.584952000094887],[-81.39984600026155,28.58492199974782],[-81.39980799972838,28.58472200010759],[-81.39977400029152,28.584468999934877],[-81.39975199965188,28.584148000139862],[-81.39973699958325,28.58377099974121],[-81.39972200041298,28.58338600004213],[-81.39970800016926,28.583022000034255],[-81.39970200032148,28.582860999902007],[-81.39968999972761,28.58277199965451],[-81.39965299991769,28.58261900030265],[-81.39957199972683,28.58237400019643],[-81.39950399995479,28.582227000174274],[-81.39946100029705,28.582161000371155],[-81.39934699959593,28.582017000011554],[-81.39912300018825,28.581732000246856],[-81.39901100003527,28.5818000000339],[-81.39882600008735,28.581914999736096],[-81.39866999955342,28.581996999748785],[-81.39866100023089,28.58200200020926],[-81.39854999990281,28.582050000357892],[-81.3986689997285,28.582323999702155],[-81.39870899991146,28.582445999762076],[-81.39872900000296,28.582577000302447],[-81.39873300020092,28.582696000128013],[-81.39876499998797,28.583587000091587],[-81.39879099992723,28.584175000020263],[-81.39881699986651,28.584587999985917],[-81.3988379997829,28.58473000032133],[-81.39884500035392,28.584771000026972],[-81.3988930000345,28.584949999651304],[-81.3989349998673,28.585067000294316],[-81.3990269999288,28.5852509997207],[-81.39908999967798,28.585356999998616],[-81.39912900003604,28.585424000379604],[-81.39924799986174,28.585607999970144],[-81.39925899973238,28.585620999616097],[-81.39930899996108,28.58568200011767],[-81.39941699991613,28.58561300025892],[-81.3994350003578,28.585602000254422],[-81.39962899962823,28.585490999929146],[-81.39970099959827,28.585435999831148],[-81.39973400010854,28.585399999894843],[-81.39976000004782,28.585373999757927],[-81.39979900040586,28.585319000387535],[-81.39980899955329,28.585297999745503],[-81.39984100023867,28.585228999634776],[-81.39985899978201,28.58513599972251]]]},"properties":{"block_id":"120950125001048","school_id":"sch_college_park_middle","kids_est":7,"class":"green","shortest":{"len_m":573.2,"mean_c":37.5,"peak_c":37.5,"dose":36.1},"coolest":{"len_m":573.2,"mean_c":37.5,"peak_c":37.5,"dose":36.1},"delta_mean_c":0.0,"delta_dose_pct":0,"distance_mi":0.136,"status_now":"walk","status_rec":"walk","reason":"Shortest route already under threshold (dose 36).","safe_until_hour":null}},{"type":"Feature","geometry":{"type":"Polygon","coordinates":[[[-81.39595499971065,28.590757000047436],[-81.3959430000151,28.590689999909692],[-81.39593999964204,28.59056000017988],[-81.39592799994647,28.589967000380586],[-81.39592399974852,28.589769999821478],[-81.395542999982,28.58977099999743],[-81.39545500011845,28.58977200017337],[-81.39440300015723,28.589789000007592],[-81.394332999837,28.589791000359114],[-81.39402400004053,28.589801999925417],[-81.3940359997361,28.589848000107033],[-81.39407500009415,28.58998599974236],[-81.39408799961464,28.590033000016913],[-81.39413000034574,28.590181999724674],[-81.39425599984412,28.590628999947327],[-81.39429900040014,28.590778999765533],[-81.39462999993793,28.590773999722447],[-81.39562300034795,28.590760999924807],[-81.39595499971065,28.590757000047436]]]},"properties":{"block_id":"120950125001028","school_id":"sch_college_park_middle","kids_est":0,"class":"green","shortest":{"len_m":1256.1,"mean_c":37.46,"peak_c":37.5,"dose":78.2},"coolest":{"len_m":1256.1,"mean_c":37.46,"peak_c":37.5,"dose":78.2},"delta_mean_c":0.0,"delta_dose_pct":0,"distance_mi":0.438,"status_now":"walk","status_rec":"walk","reason":"Shortest route already under threshold (dose 78).","safe_until_hour":null}},{"type":"Feature","geometry":{"type":"Polygon","coordinates":[[[-81.41237000023732,28.59001799978049],[-81.41233000005435,28.589941999969724],[-81.41214699975626,28.589594000259012],[-81.41208599965688,28.58947900027815],[-81.41188900001339,28.589107000185013],[-81.41175900031706,28.589106000002765],[-81.41045100026277,28.589115000065178],[-81.41045700011054,28.58983900010735],[-81.41045899976037,28.590125000157858],[-81.41045999958529,28.590198000109535],[-81.41066799999773,28.590255999808107],[-81.41074300034082,28.59031599981622],[-81.41095900025088,28.59058499965505],[-81.41126300002449,28.59047200030799],[-81.412200000358,28.590086999903644],[-81.41237000023732,28.59001799978049]]]},"properties":{"block_id":"120950125001059","school_id":"sch_college_park_middle","kids_est":0,"class":"red","shortest":{"len_m":2913.5,"mean_c":37.43,"peak_c":37.5,"dose":179.6},"coolest":{"len_m":2913.5,"mean_c":37.43,"peak_c":37.5,"dose":179.6},"delta_mean_c":0.0,"delta_dose_pct":0,"distance_mi":0.946,"status_now":"walk","status_rec":"bus_eligible","reason":"Coolest route mean 37.4C exceeds threshold (110 C-min dose, actual 180).","safe_until_hour":"13:00"}},{"type":"Feature","geometry":{"type":"Polygon","coordinates":[[[-81.41080199989206,28.587287999997702],[-81.41093099976347,28.587287999997702],[-81.41072200042441,28.586890999692873],[-81.41063399966255,28.586724000310866],[-81.41059100000484,28.58673699981886],[-81.41046399978325,28.586777000115106],[-81.41042000030063,28.58677800031953],[-81.41038599996544,28.586819000015453],[-81.41036300039922,28.586836000327164],[-81.41034300030772,28.58685299984736],[-81.41025999956874,28.58688799987163],[-81.41013800026832,28.5869250002903],[-81.41005899972728,28.586942999998907],[-81.40998099990948,28.586956000268632],[-81.40993700042688,28.586964000312403],[-81.40985600023602,28.586968000334082],[-81.40974699955774,28.586956999682535],[-81.40967100028809,28.586941999796046],[-81.40949899986065,28.586898999741642],[-81.40943799976127,28.586885000050305],[-81.40933300017929,28.586847000202617],[-81.40930999971475,28.586831000096602],[-81.40928999962325,28.586810999960587],[-81.40926299985908,28.586765000027846],[-81.4092560001864,28.586739999644415],[-81.4092570000113,28.586688000026754],[-81.409263999684,28.586662000208285],[-81.40929200017139,28.586616999627438],[-81.40931200026289,28.586597000239603],[-81.4093349998291,28.5865810000955],[-81.40936400014142,28.586568999985875],[-81.40952899999786,28.586503999959692],[-81.4094829999671,28.58640499992756],[-81.40944100013431,28.586331000288855],[-81.40940299960116,28.586264999906266],[-81.40931300008779,28.586082000098795],[-81.40927299990483,28.58597599976293],[-81.40926700005703,28.585919999706082],[-81.40927600027787,28.585882999722575],[-81.4093060004151,28.585834000321316],[-81.40933700037725,28.585807000078038],[-81.40942900043876,28.585757999852547],[-81.40950600043165,28.585724999881002],[-81.40954400006648,28.585709000393084],[-81.40948399979203,28.58570599974929],[-81.40930999971475,28.585700000039104],[-81.40922000020139,28.58570100025377],[-81.40913300016274,28.585701999679596],[-81.40908899978182,28.585701999679596],[-81.40903799972817,28.58570299989425],[-81.40904000027632,28.585763000134172],[-81.40905399962172,28.58609800031885],[-81.40909499962959,28.58712400027203],[-81.40912300011699,28.587119000055175],[-81.40915400007913,28.587124999684384],[-81.40917199962247,28.587121999869822],[-81.40923000024712,28.587116000240435],[-81.4093349998291,28.587102999990506],[-81.40935999994346,28.58712999990096],[-81.40947200009647,28.58710800020818],[-81.40955499993713,28.58712099966868],[-81.40964699999864,28.587136000318374],[-81.4101519996137,28.587037000092483],[-81.41019500016974,28.58704799994692],[-81.41027600036057,28.587119000055175],[-81.41036400022412,28.587119000055175],[-81.41045399973748,28.587271999958798],[-81.41046399978325,28.587289000197252],[-81.41080199989206,28.587287999997702]]]},"properties":{"block_id":"120950125001063","school_id":"sch_college_park_middle","kids_est":13,"class":"red","shortest":{"len_m":2524.1,"mean_c":37.44,"peak_c":37.5,"dose":155.9},"coolest":{"len_m":2524.1,"mean_c":37.44,"peak_c":37.5,"dose":155.9},"delta_mean_c":0.0,"delta_dose_pct":0,"distance_mi":0.835,"status_now":"walk","status_rec":"bus_eligible","reason":"Coolest route mean 37.4C exceeds threshold (110 C-min dose, actual 156).","safe_until_hour":"13:00"}},{"type":"Feature","geometry":{"type":"Polygon","coordinates":[[[-81.40957199965557,28.584932000390307],[-81.40949899986065,28.584786000223144],[-81.40947200009647,28.584758000275997],[-81.40943699993635,28.58473799974568],[-81.40939699975338,28.58473000032133],[-81.40916900014776,28.58472900009748],[-81.40850100032605,28.58472900009748],[-81.40846699999088,28.58473700031068],[-81.40843799967855,28.584754000170232],[-81.40841599993726,28.584779000237035],[-81.40840400024169,28.584807999612984],[-81.40840300041677,28.58483900021544],[-81.40841299956419,28.584868000363617],[-81.4084340003789,28.58489399983683],[-81.40846199996801,28.58491199989316],[-81.40849499957996,28.58492199974782],[-81.40906100019272,28.584917999648304],[-81.40922500022424,28.584917999648304],[-81.40957199965557,28.584932000390307]]]},"properties":{"block_id":"120950125001033","school_id":"sch_college_park_middle","kids_est":13,"class":"red","shortest":{"len_m":2310.2,"mean_c":37.44,"peak_c":37.5,"dose":142.8},"coolest":{"len_m":2310.2,"mean_c":37.44,"peak_c":37.5,"dose":142.8},"delta_mean_c":0.0,"delta_dose_pct":0,"distance_mi":0.725,"status_now":"walk","status_rec":"bus_eligible","reason":"Coolest route mean 37.4C exceeds threshold (110 C-min dose, actual 143).","safe_until_hour":"14:00"}},{"type":"Feature","geometry":{"type":"Polygon","coordinates":[[[-81.41188900001339,28.589107000185013],[-81.41188300016559,28.589095000363688],[-81.41127600044328,28.58794300009301],[-81.41107399987861,28.587559000090003],[-81.41098600001507,28.587392000191425],[-81.41093099976347,28.587287999997702],[-81.41080199989206,28.587287999997702],[-81.41046399978325,28.587289000197252],[-81.41062699998986,28.587567000087947],[-81.41070599963257,28.587702999959713],[-81.41070599963257,28.587839999849813],[-81.41066899982265,28.587949999868414],[-81.41061299974616,28.588000000054013],[-81.41056300041576,28.588059999772007],[-81.41051900003484,28.58817000034927],[-81.41043799984398,28.588208999909615],[-81.41040699988184,28.588319000330976],[-81.41018900032195,28.58844499971128],[-81.41012599967443,28.588451000053645],[-81.40995800034327,28.588577000064614],[-81.40985700006092,28.588640000013427],[-81.40971499977071,28.588730999609986],[-81.4093909999056,28.588752999751975],[-81.4088550003284,28.588532999702302],[-81.40868600027399,28.588494999661467],[-81.40864299971797,28.58845600020721],[-81.40858699964147,28.588440000345987],[-81.40777599970467,28.58899500022148],[-81.40774499974253,28.58912199976262],[-81.4077570003364,28.58919900034755],[-81.40780099981902,28.589254000054723],[-81.40788799985765,28.589313999845896],[-81.40808100020152,28.589379999892095],[-81.40833700029455,28.58950100026363],[-81.40852999974005,28.58955099971162],[-81.40881099994748,28.5896669997906],[-81.40924100011779,28.58974399997637],[-81.40944000030942,28.58985400036931],[-81.4096300002802,28.58992900006926],[-81.40995800034327,28.590057999617343],[-81.41045999958529,28.590198000109535],[-81.41045899976037,28.590125000157858],[-81.41045700011054,28.58983900010735],[-81.41045100026277,28.589115000065178],[-81.41175900031706,28.589106000002765],[-81.41188900001339,28.589107000185013]]]},"properties":{"block_id":"120950125001066","school_id":"sch_college_park_middle","kids_est":40,"class":"red","shortest":{"len_m":2891.7,"mean_c":37.44,"peak_c":37.5,"dose":178.5},"coolest":{"len_m":2891.7,"mean_c":37.44,"peak_c":37.5,"dose":178.5},"delta_mean_c":0.0,"delta_dose_pct":0,"distance_mi":0.848,"status_now":"walk","status_rec":"bus_eligible","reason":"Coolest route mean 37.4C exceeds threshold (110 C-min dose, actual 178).","safe_until_hour":"13:00"}},{"type":"Feature","geometry":{"type":"Polygon","coordinates":[[[-81.40401599957335,28.60098499991259],[-81.40394000030369,28.600915999845054],[-81.40325400004033,28.60039900029788],[-81.40297000035822,28.599283000007688],[-81.4033860002848,28.59858200009125],[-81.40329199967516,28.598176999868254],[-81.40325099966729,28.598159999813063],[-81.40309800040473,28.598012999778003],[-81.40298500042681,28.59786899983405],[-81.40290400023596,28.5977210000804],[-81.40295399956636,28.597670999786118],[-81.40289500001514,28.597575000321726],[-81.40287300027383,28.59753899980983],[-81.40270500004435,28.597583000346145],[-81.40259299989134,28.597692999634607],[-81.40251800044658,28.597615999750456],[-81.402387000027,28.597560999685953],[-81.4024489999513,28.59741800001455],[-81.40240600029358,28.597413000287318],[-81.4022869995696,28.597346999763513],[-81.40218799983539,28.597263999786875],[-81.40210699964454,28.597170000161782],[-81.40203800004757,28.597136999828763],[-81.40186300014537,28.59723100027206],[-81.40164499968718,28.597136999828763],[-81.40148300020378,28.596960999980926],[-81.40096599999484,28.596636000025097],[-81.40090300024565,28.596625000385206],[-81.40084100032135,28.596631000260665],[-81.40061700001537,28.59661999983144],[-81.40059199990102,28.5965759996807],[-81.40047300007534,28.59647699966851],[-81.40007399986716,28.5962129997059],[-81.39993699959982,28.59616800005841],[-81.39987499967553,28.596178999746186],[-81.39971300019214,28.596002999871555],[-81.39971900003992,28.595899000309082],[-81.39950700032782,28.59587100016662],[-81.39938900032703,28.59571700003836],[-81.39942000028918,28.5956289997511],[-81.39917699971662,28.59533199991371],[-81.39917699971662,28.5953039996202],[-81.39912099964012,28.595215999775927],[-81.3990400003476,28.59517799978453],[-81.39892800019459,28.595045999832212],[-81.39881500021669,28.595035000025863],[-81.39867899977425,28.595043000243663],[-81.39861600002506,28.595045999832212],[-81.39850999971983,28.595029000059352],[-81.39820900031928,28.594521000334993],[-81.39814499984685,28.594298000126216],[-81.39803000021914,28.594156000093314],[-81.39804299973962,28.594081000254068],[-81.3980910003185,28.593986000012748],[-81.39809600034138,28.593856999763453],[-81.39811399988471,28.593762000108462],[-81.3980839997475,28.59368300022204],[-81.3979640000969,28.593631000094625],[-81.39789299995178,28.593640999908793],[-81.39776499990526,28.593619000000928],[-81.39773599959294,28.593550999969768],[-81.39783299967733,28.59337599978019],[-81.39791700024124,28.59329500010762],[-81.39794099963235,28.59322099979716],[-81.39784400044631,28.59322099979716],[-81.39775499985953,28.59319500001677],[-81.39772999974517,28.593082000320194],[-81.39767000036903,28.593002999922707],[-81.39765699995024,28.59284400038042],[-81.3976760002168,28.592807999825617],[-81.39765199992736,28.59258499992655],[-81.39757400010954,28.592576000161202],[-81.3974360000173,28.591662000172956],[-81.3973520003517,28.5915399997632],[-81.3973099996206,28.591216999934346],[-81.39738800033672,28.591099999824753],[-81.39770700017894,28.591016000272496],[-81.3979299997617,28.591000000012137],[-81.39795900007402,28.59097800034036],[-81.39790499964737,28.590868000334748],[-81.39755099964502,28.590682000149375],[-81.39737699956774,28.59064299992887],[-81.39730700014587,28.5906379998793],[-81.39722699977993,28.590631999661827],[-81.39700900022004,28.59064900014578],[-81.3967969996096,28.590725999612314],[-81.39662900027844,28.590697999669402],[-81.39650999955443,28.59066499967076],[-81.39641699966802,28.590533000361525],[-81.39641699966802,28.59038999980533],[-81.3964359999346,28.590268999668137],[-81.39661699968455,28.59014199993507],[-81.39689100021926,28.590081999827646],[-81.39709000041088,28.590115000009288],[-81.39730899979568,28.59025800015075],[-81.39743900039035,28.590368000005835],[-81.39753899994946,28.590517000027607],[-81.39763299966077,28.59056599961275],[-81.39800699975461,28.590600999978577],[-81.3980059999297,28.59057199983405],[-81.397999000257,28.59017799982528],[-81.39799099986108,28.589737999707804],[-81.39799000003616,28.589658999952434],[-81.39797699961737,28.588969000184697],[-81.39797400014264,28.58880200015928],[-81.39797199959452,28.588693999826855],[-81.3979649999218,28.58833900018008],[-81.3975840001553,28.588344000338978],[-81.39692700020427,28.58835200027719],[-81.39645799967589,28.588357999835996],[-81.39602699968069,28.588362999993986],[-81.39598900004584,28.588364000183322],[-81.39590299983213,28.588365000372647],[-81.39590799985498,28.588718999745748],[-81.39591000040313,28.58883899990441],[-81.39590799985498,28.58890900019671],[-81.39591000040313,28.58902500019524],[-81.39592000044888,28.58958299988216],[-81.39592399974852,28.589769999821478],[-81.39592799994647,28.589967000380586],[-81.39593999964204,28.59056000017988],[-81.3959430000151,28.590689999909692],[-81.39595499971065,28.590757000047436],[-81.39597499980215,28.5908160003924],[-81.39599400006871,28.590852000051818],[-81.39601300033527,28.590886000157088],[-81.39608100010734,28.59097600001142],[-81.39616099957499,28.591058000057046],[-81.39619599973508,28.59108700006744],[-81.39627699992595,28.59115299978943],[-81.39636300013966,28.591216999934346],[-81.3965139997524,28.591330000058147],[-81.39656200033129,28.591379000053152],[-81.39659499994325,28.591436999888895],[-81.39662500008048,28.5915399997632],[-81.39667399958596,28.591728000322675],[-81.39682199972397,28.592291999983708],[-81.39687199995268,28.592479999987113],[-81.39645600002608,28.592486000099118],[-81.395210999721,28.592505999944276],[-81.39506799960586,28.592509000394006],[-81.39479700034252,28.5925190003149],[-81.39484099982512,28.59267700020043],[-81.39485500006883,28.592727999863186],[-81.39488500020606,28.59283499984852],[-81.39496399984877,28.593117999992383],[-81.39503800036692,28.59332699992727],[-81.39504800041269,28.59335100018003],[-81.39513700010114,28.593549999829847],[-81.39529199991185,28.59351200002487],[-81.39543300037715,28.593486999668343],[-81.39575100039445,28.593434000091644],[-81.39632799997955,28.593329000211465],[-81.39653999969165,28.593291000326655],[-81.39659499994325,28.593300000030798],[-81.39662199970742,28.593318000225494],[-81.39663900032419,28.593329000211465],[-81.39665799969244,28.593356000100545],[-81.3966619998904,28.59337699992183],[-81.3967110002942,28.593597000088458],[-81.39672800001264,28.593671000134222],[-81.39674200025634,28.593735999673132],[-81.39678699956386,28.593931999762606],[-81.3967969996096,28.593972999823567],[-81.39679400013488,28.593998000064563],[-81.39678599973895,28.59401500000416],[-81.39676900002051,28.594045000122915],[-81.39673100038569,28.594064999671456],[-81.39659300029342,28.59408899975572],[-81.39589000031164,28.594212999840725],[-81.39586900039524,28.594217000375366],[-81.39573899980059,28.594270999690337],[-81.3956829997241,28.59432100002463],[-81.39578200035662,28.594418000226636],[-81.39585400032662,28.59448799995902],[-81.39609500035105,28.594690000209926],[-81.39620900015387,28.594777000366335],[-81.39688600019637,28.595274999984372],[-81.39765799977513,28.595847999818627],[-81.39817400015917,28.596238000202817],[-81.39820500012132,28.596260999676705],[-81.39829999965755,28.596331999872717],[-81.39833200034292,28.596356000228017],[-81.3984009999399,28.596406000359163],[-81.39849499965122,28.596474000120814],[-81.39863100009367,28.596573000135823],[-81.39898400027108,28.596827999792872],[-81.39914800030262,28.596945999944417],[-81.39928399984674,28.597046999728285],[-81.39969499975047,28.597350000074993],[-81.39983299984274,28.597452000362203],[-81.39995099984351,28.597539999911856],[-81.39999400039953,28.597572000016623],[-81.40015599988294,28.597691000222188],[-81.40028599957927,28.59779899998719],[-81.4003020003711,28.59781199970317],[-81.40041699999884,28.597906999641253],[-81.4005979997488,28.59807899988358],[-81.40061000034268,28.59809200035359],[-81.40098100006345,28.598493999836634],[-81.40115500014073,28.598686000153705],[-81.40133599989068,28.59888600004524],[-81.40143399979999,28.59899400015972],[-81.40172900025108,28.59931799983708],[-81.40182799998529,28.59942700038029],[-81.40192000004679,28.599530000312228],[-81.40202700017691,28.59964899987811],[-81.4021950004064,28.599842999822656],[-81.4022869995696,28.599949000372867],[-81.40249099978409,28.60020399972568],[-81.40254199983772,28.60026699980451],[-81.40280999962633,28.60061200024244],[-81.40296799981006,28.600789000356723],[-81.40309599985659,28.600915999845054],[-81.40313100001669,28.60094699964097],[-81.40327400013182,28.601075999863827],[-81.40337899971381,28.601162000187326],[-81.40355899963886,28.601296999755302],[-81.40365200042359,28.601361000033194],[-81.40373899956391,28.60127399980609],[-81.40401599957335,28.60098499991259]]]},"properties":{"block_id":"120950125001023","school_id":"sch_college_park_middle","kids_est":152,"class":"green","shortest":{"len_m":1219.1,"mean_c":37.46,"peak_c":37.5,"dose":76.0},"coolest":{"len_m":1219.1,"mean_c":37.46,"peak_c":37.5,"dose":76.0},"delta_mean_c":0.0,"delta_dose_pct":0,"distance_mi":0.512,"status_now":"walk","status_rec":"walk","reason":"Shortest route already under threshold (dose 76).","safe_until_hour":null}},{"type":"Feature","geometry":{"type":"Polygon","coordinates":[[[-81.41237000023732,28.59001799978049],[-81.41245100042818,28.589983000009425],[-81.411467000239,28.588116000266705],[-81.41139799974371,28.587981000333343],[-81.41101500032737,28.587258000317114],[-81.41085499959549,28.586952999660422],[-81.41071800022645,28.586693999680556],[-81.4107009996097,28.58670000012284],[-81.4106510002793,28.586717999869954],[-81.41063399966255,28.586724000310866],[-81.41072200042441,28.586890999692873],[-81.41093099976347,28.587287999997702],[-81.41098600001507,28.587392000191425],[-81.41107399987861,28.587559000090003],[-81.41127600044328,28.58794300009301],[-81.41188300016559,28.589095000363688],[-81.41188900001339,28.589107000185013],[-81.41208599965688,28.58947900027815],[-81.41214699975626,28.589594000259012],[-81.41233000005435,28.589941999969724],[-81.41237000023732,28.59001799978049]]]},"properties":{"block_id":"120950125001060","school_id":"sch_college_park_middle","kids_est":0,"class":"red","shortest":{"len_m":2649.9,"mean_c":37.44,"peak_c":37.5,"dose":163.6},"coolest":{"len_m":2649.9,"mean_c":37.44,"peak_c":37.5,"dose":163.6},"delta_mean_c":0.0,"delta_dose_pct":0,"distance_mi":0.926,"status_now":"walk","status_rec":"bus_eligible","reason":"Coolest route mean 37.4C exceeds threshold (110 C-min dose, actual 164).","safe_until_hour":"13:00"}},{"type":"Feature","geometry":{"type":"Polygon","coordinates":[[[-81.41415199994454,28.595418000205274],[-81.41415799979231,28.595274999984372],[-81.41414600009675,28.595197999906258],[-81.41407099975369,28.594999000221442],[-81.41407300030181,28.594969999712756],[-81.41407699960146,28.594921999941082],[-81.41410199971583,28.594862000195683],[-81.41410900028683,28.59481200011881],[-81.41409000002024,28.594691000339047],[-81.41412099998239,28.594602999981564],[-81.41409599986804,28.594547999917886],[-81.41403399994375,28.59449899982261],[-81.41403999979153,28.594421999964663],[-81.4140590000581,28.59439400021751],[-81.41407099975369,28.594334000170722],[-81.4140590000581,28.594135999773325],[-81.41403999979153,28.59404799973995],[-81.41395899960068,28.593882000032043],[-81.41389099982861,28.593810999758617],[-81.41345399998562,28.593475000346913],[-81.41339999955893,28.59340800036395],[-81.41304899992967,28.592973999652052],[-81.41299399967808,28.59292300010868],[-81.41278100014105,28.592729000010998],[-81.41107200022878,28.592742000353976],[-81.41089399995356,28.59274299971287],[-81.4104820002249,28.59274600015583],[-81.40634100032709,28.592789000185146],[-81.40629699994616,28.589981999835484],[-81.40629100009838,28.589616000220424],[-81.40628400042569,28.58915699982039],[-81.40663900025292,28.589154000063804],[-81.4067930002387,28.58915299988199],[-81.40690700004151,28.58915100030712],[-81.40688600012513,28.588494000262195],[-81.40683800044455,28.58694599981858],[-81.40681099978205,28.58609000020913],[-81.4067920004138,28.585503000161808],[-81.40721099981513,28.58549900008439],[-81.40723099990662,28.585488000067972],[-81.40725199982302,28.585475999833545],[-81.40727799976229,28.585461999952734],[-81.407327999991,28.585380000275542],[-81.40761500004619,28.585329999632872],[-81.40773300004695,28.585264000199615],[-81.40785199987265,28.585127000108326],[-81.40784600002486,28.58501700029164],[-81.40796999987342,28.58487400012128],[-81.40823199981425,28.58461499975335],[-81.40831999967779,28.584450000365003],[-81.4083630002338,28.58424699993045],[-81.40854399998378,28.583882999747605],[-81.40851300002164,28.583717999999525],[-81.40845100009736,28.583658000170338],[-81.40832600042388,28.583431999875437],[-81.40823900038525,28.5830200003428],[-81.40802599994991,28.582830999747184],[-81.40696700031599,28.582084000154065],[-81.40684900031522,28.581896999955674],[-81.40683699972132,28.58146800033217],[-81.40674300000998,28.581307999654957],[-81.40667500023794,28.581148000311998],[-81.40651299985623,28.581038000277356],[-81.40635100037284,28.58099399991578],[-81.40622599980105,28.58099399991578],[-81.40596399986023,28.58107700011637],[-81.40580200037684,28.58116499996287],[-81.40568400037606,28.581319000108635],[-81.4056459998429,28.58146700007725],[-81.40566500010948,28.581847000023462],[-81.40501599965606,28.582743999959888],[-81.40484099975389,28.58333799971447],[-81.40481599963952,28.583574999640295],[-81.40483499990609,28.58366800014427],[-81.40484699960166,28.584048000025614],[-81.40493500036352,28.58443800001218],[-81.40511500028857,28.584784999999776],[-81.405532999865,28.58517000009861],[-81.4058009996536,28.585286000278234],[-81.40589400043834,28.585351999697664],[-81.40605599992173,28.585358000216537],[-81.4063560003957,28.585384999786328],[-81.40657999980338,28.585483999989982],[-81.40657999980338,28.585566999802072],[-81.40652399972689,28.58586399961936],[-81.40649299976472,28.586117000379726],[-81.40644900028212,28.58619400001017],[-81.40613700011258,28.586304000173218],[-81.40607500018831,28.586342999636877],[-81.40603099980737,28.58640899997046],[-81.40599399999745,28.586414000221133],[-81.40594399976874,28.58644199972739],[-81.40594399976874,28.586479999721387],[-81.40595499963939,28.586498000295038],[-81.4059689998831,28.586518999908595],[-81.4059689998831,28.58656799977947],[-81.40594999961651,28.58661799983339],[-81.40590000028612,28.586678000340022],[-81.40579399998093,28.586777000115106],[-81.40577499971434,28.586805000313454],[-81.4057510003232,28.586886999668263],[-81.40566900030744,28.586986000035385],[-81.40568199982792,28.587062999818254],[-81.40564400019309,28.58724500008478],[-81.40566299956134,28.58731099985224],[-81.40570699994227,28.58738199978284],[-81.40577499971434,28.587464999674353],[-81.40586299957789,28.587603000071134],[-81.40590600013391,28.587640999645597],[-81.40594399976874,28.587701999764093],[-81.40595600036261,28.5877839999969],[-81.40594299994383,28.587845000032434],[-81.40596200021041,28.5878940000741],[-81.40598700032477,28.587916000391253],[-81.40608699988387,28.587944000286328],[-81.40621800030344,28.588031999907873],[-81.40625500011336,28.588080999862406],[-81.40633600030422,28.58828500018432],[-81.40639200038072,28.588345999929178],[-81.40646699982547,28.588390000369706],[-81.40644199971112,28.588434000003073],[-81.40644199971112,28.58847799961794],[-81.40653600032076,28.58862599976515],[-81.4065170000542,28.588719999931687],[-81.40647900041934,28.58879700002223],[-81.40631100018986,28.588983999782],[-81.40631700003763,28.58901700030828],[-81.406342000152,28.589027999955512],[-81.40621099973242,28.589203999676737],[-81.40613600028769,28.589229000263114],[-81.40604900024904,28.589259000170106],[-81.40603699965517,28.58928100020162],[-81.40594299994383,28.589369000281646],[-81.40590600013391,28.589352000379503],[-81.4058559999052,28.589357999881297],[-81.40576200019386,28.589407000006627],[-81.40560599965994,28.58946200039379],[-81.40545099984924,28.5894899998771],[-81.40535200011504,28.5894899998771],[-81.40533200002355,28.5894899998771],[-81.40524499998492,28.58947900027815],[-81.40517600038794,28.589494999981262],[-81.40505800038716,28.589572000292996],[-81.40493899966316,28.589484000382836],[-81.40482700040847,28.589511999860278],[-81.404547000026,28.58954500022084],[-81.40432799974289,28.589413000294083],[-81.4041169998557,28.5892689996113],[-81.4038490000671,28.58910999994295],[-81.40351799963096,28.588845999620222],[-81.40330599991886,28.588795999837014],[-81.40315000028326,28.588862000208408],[-81.40305700039684,28.588862000208408],[-81.40292000012948,28.58874600003003],[-81.40249599980696,28.588730000212937],[-81.40237100013348,28.58869700038537],[-81.40223999971391,28.588705999694007],[-81.4021040001698,28.588715999976642],[-81.40211599986539,28.58919999974013],[-81.40215900042138,28.591018999975965],[-81.40195400038198,28.59102100030408],[-81.40146200028738,28.59102699971064],[-81.39991599968342,28.59104500029453],[-81.39801599997544,28.591066999952314],[-81.39800900030274,28.590725000234237],[-81.39800799957952,28.590669000340434],[-81.39800699975461,28.590600999978577],[-81.39775599968445,28.590724000067368],[-81.39790499964737,28.590868000334748],[-81.39795900007402,28.59097800034036],[-81.3979299997617,28.591000000012137],[-81.39770700017894,28.591016000272496],[-81.39738800033672,28.591099999824753],[-81.3973099996206,28.591216999934346],[-81.3973520003517,28.5915399997632],[-81.3974360000173,28.591662000172956],[-81.39757400010954,28.592576000161202],[-81.39765199992736,28.59258499992655],[-81.3976760002168,28.592807999825617],[-81.39765699995024,28.59284400038042],[-81.39767000036903,28.593002999922707],[-81.39772999974517,28.593082000320194],[-81.39775499985953,28.59319500001677],[-81.39784400044631,28.59322099979716],[-81.39794099963235,28.59322099979716],[-81.39791700024124,28.59329500010762],[-81.39783299967733,28.59337599978019],[-81.39773599959294,28.593550999969768],[-81.39776499990526,28.593619000000928],[-81.39789299995178,28.593640999908793],[-81.3979640000969,28.593631000094625],[-81.3980839997475,28.59368300022204],[-81.39811399988471,28.593762000108462],[-81.39809600034138,28.593856999763453],[-81.3980910003185,28.593986000012748],[-81.39804299973962,28.594081000254068],[-81.39803000021914,28.594156000093314],[-81.39814499984685,28.594298000126216],[-81.39820900031928,28.594521000334993],[-81.39850999971983,28.595029000059352],[-81.39861600002506,28.595045999832212],[-81.39867899977425,28.595043000243663],[-81.39881500021669,28.595035000025863],[-81.39892800019459,28.595045999832212],[-81.3990400003476,28.59517799978453],[-81.39912099964012,28.595215999775927],[-81.39917699971662,28.5953039996202],[-81.39917699971662,28.59533199991371],[-81.39942000028918,28.5956289997511],[-81.39938900032703,28.59571700003836],[-81.39950700032782,28.59587100016662],[-81.39971900003992,28.595899000309082],[-81.39971300019214,28.596002999871555],[-81.39987499967553,28.596178999746186],[-81.39993699959982,28.59616800005841],[-81.40007399986716,28.5962129997059],[-81.40047300007534,28.59647699966851],[-81.40059199990102,28.5965759996807],[-81.40061700001537,28.59661999983144],[-81.40084100032135,28.596631000260665],[-81.40090300024565,28.596625000385206],[-81.40096599999484,28.596636000025097],[-81.40148300020378,28.596960999980926],[-81.40164499968718,28.597136999828763],[-81.40186300014537,28.59723100027206],[-81.40203800004757,28.597136999828763],[-81.40210699964454,28.597170000161782],[-81.40218799983539,28.597263999786875],[-81.4022869995696,28.597346999763513],[-81.40240600029358,28.597413000287318],[-81.4024489999513,28.59741800001455],[-81.402387000027,28.597560999685953],[-81.40251800044658,28.597615999750456],[-81.40259299989134,28.597692999634607],[-81.40270500004435,28.597583000346145],[-81.40287300027383,28.59753899980983],[-81.40289500001514,28.597575000321726],[-81.40295399956636,28.597670999786118],[-81.40290400023596,28.5977210000804],[-81.40298500042681,28.59786899983405],[-81.40309800040473,28.598012999778003],[-81.40325099966729,28.598159999813063],[-81.40329199967516,28.598176999868254],[-81.4033860002848,28.59858200009125],[-81.40297000035822,28.599283000007688],[-81.40325400004033,28.60039900029788],[-81.40394000030369,28.600915999845054],[-81.40401599957335,28.60098499991259],[-81.40457799998813,28.600396000073395],[-81.4045820001861,28.600303000170584],[-81.40416899973422,28.600312000063038],[-81.40421700031311,28.596447000243895],[-81.40811899983633,28.59640300002074],[-81.40912899996479,28.5963920003564],[-81.4091440000334,28.598059000310066],[-81.40916400012487,28.598062999909597],[-81.40943799976127,28.598052999727454],[-81.40965700004438,28.59791499964041],[-81.4098060000073,28.597909999936817],[-81.409968000389,28.59791499964041],[-81.41004700003171,28.597888000133747],[-81.41021799973595,28.59783300021158],[-81.41042299977535,28.597778000260696],[-81.41046700015627,28.597700999650034],[-81.41052400005769,28.597668000272478],[-81.4106229997919,28.59761300023524],[-81.41086600036445,28.59755800016917],[-81.41099699988573,28.597606999627104],[-81.41112800030527,28.59763999981256],[-81.41132699959859,28.597672999987644],[-81.41137699982733,28.597668000272478],[-81.41146499969086,28.59761300023524],[-81.41161399965378,28.597591000370006],[-81.41166200023267,28.597607999728492],[-81.41176400033991,28.597645999630082],[-81.4118820003407,28.59759600008884],[-81.4119950003186,28.597513999622386],[-81.41246800014662,28.597293999766983],[-81.41256100003302,28.597307999649587],[-81.41255699983506,28.596962000088443],[-81.41254900033746,28.5963610000056],[-81.4115309998131,28.596369000122472],[-81.41051400001196,28.596377000238697],[-81.41050800016417,28.595726000323538],[-81.41348699959758,28.59574899990943],[-81.41386300023954,28.595751000147533],[-81.41398999956283,28.595648999787016],[-81.41407800032468,28.595556999748077],[-81.41415799979231,28.595472999813712],[-81.41415199994454,28.595418000205274]]]},"properties":{"block_id":"120950125001018","school_id":"sch_college_park_middle","kids_est":0,"class":"green","shortest":{"len_m":1739.8,"mean_c":37.45,"peak_c":37.5,"dose":108.0},"coolest":{"len_m":1739.8,"mean_c":37.45,"peak_c":37.5,"dose":108.0},"delta_mean_c":0.0,"delta_dose_pct":0,"distance_mi":0.773,"status_now":"walk","status_rec":"walk","reason":"Shortest route already under threshold (dose 108).","safe_until_hour":null}},{"type":"Feature","geometry":{"type":"Polygon","coordinates":[[[-81.40149099970138,28.587211999791123],[-81.40137500024875,28.586910999813608],[-81.40134299956338,28.586840999768715],[-81.40126300009575,28.586705999775965],[-81.40119000030083,28.586610999969235],[-81.40107800014782,28.58650299975267],[-81.40102600026928,28.586452999644003],[-81.40094300042863,28.586355999980736],[-81.40087700030637,28.586256000388698],[-81.40081799985683,28.586124000276754],[-81.40079100009265,28.586027999732703],[-81.40077500019912,28.585930000253647],[-81.40076799962812,28.585782999680706],[-81.40075799958237,28.58512800032845],[-81.40076099995541,28.585003999782238],[-81.40078299969673,28.584882999757117],[-81.40088099960602,28.584607999755928],[-81.40096500016992,28.584287000385146],[-81.40099799978188,28.584191999970663],[-81.40102200007132,28.584142000340783],[-81.40103200011707,28.58412199969331],[-81.40106999975191,28.584074999931705],[-81.40134500011152,28.583817999638676],[-81.40142399975423,28.583732000112466],[-81.40144499967062,28.583692000235498],[-81.4014709996099,28.58361500035061],[-81.40147200033314,28.583537000174047],[-81.40146200028738,28.583508999894327],[-81.40144700021877,28.583494999751682],[-81.40143999964776,28.583487999679658],[-81.40141399970848,28.583478999924424],[-81.40138299974636,28.583474000323015],[-81.40110499991201,28.583457999703686],[-81.40006800001939,28.583400999647036],[-81.39984100023867,28.58338899996329],[-81.39972200041298,28.58338600004213],[-81.39973699958325,28.58377099974121],[-81.39975199965188,28.584148000139862],[-81.39977400029152,28.584468999934877],[-81.39980799972838,28.58472200010759],[-81.39984600026155,28.58492199974782],[-81.39985200010932,28.584952000094887],[-81.39986200015505,28.585043999948983],[-81.39985899978201,28.58513599972251],[-81.39984100023867,28.585228999634776],[-81.39980899955329,28.585297999745503],[-81.39979900040586,28.585319000387535],[-81.39976000004782,28.585373999757927],[-81.39973400010854,28.585399999894843],[-81.39970099959827,28.585435999831148],[-81.39962899962823,28.585490999929146],[-81.3994350003578,28.585602000254422],[-81.39941699991613,28.58561300025892],[-81.39930899996108,28.58568200011767],[-81.3993940003499,28.585782999680706],[-81.3994350003578,28.585838999810516],[-81.39955800038145,28.58600700002103],[-81.39961399955962,28.58609000020913],[-81.39967899985696,28.586203999742914],[-81.39972200041298,28.586304000173218],[-81.39973999995632,28.58635899981715],[-81.39980600007857,28.586551000213188],[-81.399830000368,28.586631000143292],[-81.39985499958405,28.586739000228384],[-81.3999569996913,28.587164999833046],[-81.39999400039953,28.587309000242342],[-81.40004399972993,28.587497999888612],[-81.40017599997441,28.587476999681716],[-81.40033400015815,28.587444999658945],[-81.40053199962657,28.58740700001364],[-81.40094699972826,28.587318999868998],[-81.40120100017148,28.587270000348166],[-81.4013640003781,28.587239999873635],[-81.40149099970138,28.587211999791123]]]},"properties":{"block_id":"120950125001047","school_id":"sch_college_park_middle","kids_est":33,"class":"green","shortest":{"len_m":722.5,"mean_c":37.5,"peak_c":37.5,"dose":45.5},"coolest":{"len_m":722.5,"mean_c":37.5,"peak_c":37.5,"dose":45.5},"delta_mean_c":0.0,"delta_dose_pct":0,"distance_mi":0.22,"status_now":"walk","status_rec":"walk","reason":"Shortest route already under threshold (dose 46).","safe_until_hour":null}},{"type":"Feature","geometry":{"type":"Polygon","coordinates":[[[-81.41008300001673,28.585486999851284],[-81.41007200014609,28.585467000248457],[-81.4100450003819,28.585416000218675],[-81.40980699983221,28.584964999821945],[-81.4097220003417,28.58499200028141],[-81.40761900024414,28.58100299988368],[-81.40615200018121,28.57821799962451],[-81.40535899978774,28.57822800011569],[-81.40526300042659,28.57822800011569],[-81.40497700019631,28.578231999680785],[-81.40488199976176,28.57823299996649],[-81.40488199976176,28.578470000352365],[-81.40488299958668,28.578680999990247],[-81.40489000015766,28.579182000160326],[-81.40489400035564,28.57942000025995],[-81.40489500018055,28.57961600021606],[-81.40489699983037,28.579756999894236],[-81.40488900033277,28.579895999632466],[-81.40487500008906,28.579954999760925],[-81.40485099979962,28.58002299990805],[-81.40481300016478,28.58010600008607],[-81.40476899978385,28.580178999893857],[-81.40475799991319,28.580198999713485],[-81.40469900036197,28.58028799977191],[-81.40465800035408,28.580340999664543],[-81.40457700016323,28.580435000137786],[-81.4045479998509,28.580460999918177],[-81.40451199986592,28.580484999952418],[-81.40447300040616,28.580504000238655],[-81.40440499973579,28.5805239999965],[-81.40430299962853,28.580533000004618],[-81.40407199964984,28.58053499974335],[-81.40400600042592,28.580536000007147],[-81.40365099970037,28.580530000001986],[-81.40357600025561,28.580510999720456],[-81.40351299960811,28.580477999680085],[-81.40337299986601,28.580370000264306],[-81.40245700034723,28.579572000048447],[-81.40218500036066,28.579334999779046],[-81.40211900023841,28.57928500020657],[-81.40206399998682,28.57925799985953],[-81.40200399971238,28.57923900013708],[-81.40192000004679,28.57923000001823],[-81.40192000004679,28.579317999832387],[-81.40192300041984,28.57958299989487],[-81.40192400024475,28.57967199968569],[-81.40192400024475,28.579790000160834],[-81.40192500006967,28.580024999656487],[-81.4019130003741,28.580107000353937],[-81.40189999995532,28.580142000256995],[-81.40187599966585,28.580213000294957],[-81.40186300014537,28.58024099987456],[-81.4018570002976,28.580251999651022],[-81.40186800016826,28.58027599973296],[-81.40193099991744,28.5804060003448],[-81.40193199974235,28.58051399972362],[-81.40196799972736,28.581563000052085],[-81.40195199983384,28.58210399961145],[-81.40196100005465,28.582574999813676],[-81.401990000367,28.583951999952706],[-81.40202999965165,28.585882999722575],[-81.4020399996974,28.586460000307497],[-81.40207900005544,28.587806999742877],[-81.4021040001698,28.588715999976642],[-81.40223999971391,28.588705999694007],[-81.40237100013348,28.58869700038537],[-81.40249599980696,28.588730000212937],[-81.40292000012948,28.58874600003003],[-81.40305700039684,28.588862000208408],[-81.40315000028326,28.588862000208408],[-81.40330599991886,28.588795999837014],[-81.40351799963096,28.588845999620222],[-81.4038490000671,28.58910999994295],[-81.4041169998557,28.5892689996113],[-81.40432799974289,28.589413000294083],[-81.404547000026,28.58954500022084],[-81.40482700040847,28.589511999860278],[-81.40493899966316,28.589484000382836],[-81.40505800038716,28.589572000292996],[-81.40517600038794,28.589494999981262],[-81.40524499998492,28.58947900027815],[-81.40533200002355,28.5894899998771],[-81.40535200011504,28.5894899998771],[-81.40545099984924,28.5894899998771],[-81.40560599965994,28.58946200039379],[-81.40576200019386,28.589407000006627],[-81.4058559999052,28.589357999881297],[-81.40590600013391,28.589352000379503],[-81.40594299994383,28.589369000281646],[-81.40603699965517,28.58928100020162],[-81.40604900024904,28.589259000170106],[-81.40613600028769,28.589229000263114],[-81.40621099973242,28.589203999676737],[-81.406342000152,28.589027999955512],[-81.40631700003763,28.58901700030828],[-81.40631100018986,28.588983999782],[-81.40647900041934,28.58879700002223],[-81.4065170000542,28.588719999931687],[-81.40653600032076,28.58862599976515],[-81.40644199971112,28.58847799961794],[-81.40644199971112,28.588434000003073],[-81.40646699982547,28.588390000369706],[-81.40639200038072,28.588345999929178],[-81.40633600030422,28.58828500018432],[-81.40625500011336,28.588080999862406],[-81.40621800030344,28.588031999907873],[-81.40608699988387,28.587944000286328],[-81.40598700032477,28.587916000391253],[-81.40596200021041,28.5878940000741],[-81.40594299994383,28.587845000032434],[-81.40595600036261,28.5877839999969],[-81.40594399976874,28.587701999764093],[-81.40590600013391,28.587640999645597],[-81.40586299957789,28.587603000071134],[-81.40577499971434,28.587464999674353],[-81.40570699994227,28.58738199978284],[-81.40566299956134,28.58731099985224],[-81.40564400019309,28.58724500008478],[-81.40568199982792,28.587062999818254],[-81.40566900030744,28.586986000035385],[-81.4057510003232,28.586886999668263],[-81.40577499971434,28.586805000313454],[-81.40579399998093,28.586777000115106],[-81.40590000028612,28.586678000340022],[-81.40594999961651,28.58661799983339],[-81.4059689998831,28.58656799977947],[-81.4059689998831,28.586518999908595],[-81.40595499963939,28.586498000295038],[-81.40594399976874,28.586479999721387],[-81.40594399976874,28.58644199972739],[-81.40599399999745,28.586414000221133],[-81.40603099980737,28.58640899997046],[-81.40607500018831,28.586342999636877],[-81.40613700011258,28.586304000173218],[-81.40644900028212,28.58619400001017],[-81.40649299976472,28.586117000379726],[-81.40652399972689,28.58586399961936],[-81.40657999980338,28.585566999802072],[-81.40657999980338,28.585483999989982],[-81.4063560003957,28.585384999786328],[-81.40605599992173,28.585358000216537],[-81.40589400043834,28.585351999697664],[-81.4058009996536,28.585286000278234],[-81.405532999865,28.58517000009861],[-81.40511500028857,28.584784999999776],[-81.40493500036352,28.58443800001218],[-81.40484699960166,28.584048000025614],[-81.40483499990609,28.58366800014427],[-81.40481599963952,28.583574999640295],[-81.40484099975389,28.58333799971447],[-81.40501599965606,28.582743999959888],[-81.40566500010948,28.581847000023462],[-81.4056459998429,28.58146700007725],[-81.40568400037606,28.581319000108635],[-81.40580200037684,28.58116499996287],[-81.40596399986023,28.58107700011637],[-81.40622599980105,28.58099399991578],[-81.40635100037284,28.58099399991578],[-81.40651299985623,28.581038000277356],[-81.40667500023794,28.581148000311998],[-81.40674300000998,28.581307999654957],[-81.40683699972132,28.58146800033217],[-81.40684900031522,28.581896999955674],[-81.40696700031599,28.582084000154065],[-81.40802599994991,28.582830999747184],[-81.40823900038525,28.5830200003428],[-81.40832600042388,28.583431999875437],[-81.40845100009736,28.583658000170338],[-81.40851300002164,28.583717999999525],[-81.40854399998378,28.583882999747605],[-81.4083630002338,28.58424699993045],[-81.40831999967779,28.584450000365003],[-81.40823199981425,28.58461499975335],[-81.40796999987342,28.58487400012128],[-81.40784600002486,28.58501700029164],[-81.40785199987265,28.585127000108326],[-81.40773300004695,28.585264000199615],[-81.40761500004619,28.585329999632872],[-81.407327999991,28.585380000275542],[-81.40727799976229,28.585461999952734],[-81.40725199982302,28.585475999833545],[-81.4077079999326,28.585474999616753],[-81.40907600026132,28.585472999971937],[-81.40953300019582,28.585472999971937],[-81.40962000023445,28.585471000327097],[-81.40986799993158,28.585468999893376],[-81.40991099958927,28.585548999857878],[-81.40999699980301,28.585512999960276],[-81.41002199991736,28.585504999806037],[-81.41006399975016,28.585490999929146],[-81.41008300001673,28.585486999851284]],[[-81.40949899986065,28.584786000223144],[-81.40957199965557,28.584932000390307],[-81.40922500022424,28.584917999648304],[-81.40906100019272,28.584917999648304],[-81.40849499957996,28.58492199974782],[-81.40846199996801,28.58491199989316],[-81.4084340003789,28.58489399983683],[-81.40841299956419,28.584868000363617],[-81.40840300041677,28.58483900021544],[-81.40840400024169,28.584807999612984],[-81.40841599993726,28.584779000237035],[-81.40843799967855,28.584754000170232],[-81.40846699999088,28.58473700031068],[-81.40850100032605,28.58472900009748],[-81.40916900014776,28.58472900009748],[-81.40939699975338,28.58473000032133],[-81.40943699993635,28.58473799974568],[-81.40947200009647,28.584758000275997],[-81.40949899986065,28.584786000223144]]]},"properties":{"block_id":"120950125001030","school_id":"sch_college_park_middle","kids_est":73,"class":"green","shortest":{"len_m":874.7,"mean_c":37.5,"peak_c":37.5,"dose":54.7},"coolest":{"len_m":874.7,"mean_c":37.5,"peak_c":37.5,"dose":54.7},"delta_mean_c":0.0,"delta_dose_pct":0,"distance_mi":0.466,"status_now":"walk","status_rec":"walk","reason":"Shortest route already under threshold (dose 55).","safe_until_hour":null}},{"type":"Feature","geometry":{"type":"Polygon","coordinates":[[[-81.39679400013488,28.593998000064563],[-81.3967969996096,28.593972999823567],[-81.39678699956386,28.593931999762606],[-81.39674200025634,28.593735999673132],[-81.39672800001264,28.593671000134222],[-81.3967110002942,28.593597000088458],[-81.3966619998904,28.59337699992183],[-81.39665799969244,28.593356000100545],[-81.39663900032419,28.593329000211465],[-81.39662199970742,28.593318000225494],[-81.39659499994325,28.593300000030798],[-81.39653999969165,28.593291000326655],[-81.39632799997955,28.593329000211465],[-81.39575100039445,28.593434000091644],[-81.39543300037715,28.593486999668343],[-81.39529199991185,28.59351200002487],[-81.39513700010114,28.593549999829847],[-81.39520200039847,28.593676000039512],[-81.39522599978962,28.593717000200392],[-81.39530000030776,28.59383899966107],[-81.39540999991262,28.593996999928837],[-81.39555499967757,28.594180000156804],[-81.3955630000735,28.594188999784766],[-81.3956829997241,28.59432100002463],[-81.39573899980059,28.594270999690337],[-81.39586900039524,28.594217000375366],[-81.39589000031164,28.594212999840725],[-81.39659300029342,28.59408899975572],[-81.39673100038569,28.594064999671456],[-81.39676900002051,28.594045000122915],[-81.39678599973895,28.59401500000416],[-81.39679400013488,28.593998000064563]]]},"properties":{"block_id":"120950125001025","school_id":"sch_college_park_middle","kids_est":13,"class":"green","shortest":{"len_m":1641.0,"mean_c":37.46,"peak_c":37.5,"dose":102.0},"coolest":{"len_m":1641.1,"mean_c":37.46,"peak_c":37.5,"dose":101.9},"delta_mean_c":0.0,"delta_dose_pct":0,"distance_mi":0.664,"status_now":"walk","status_rec":"walk","reason":"Shortest route already under threshold (dose 102).","safe_until_hour":null}},{"type":"Feature","geometry":{"type":"Polygon","coordinates":[[[-81.41536399973933,28.59089600023238],[-81.41534899967071,28.58998999964907],[-81.41489599993419,28.58999400034437],[-81.41475399964398,28.589724999782128],[-81.41468000002412,28.589584000059883],[-81.4146070002292,28.589445999896924],[-81.41460100038141,28.589413000294083],[-81.41460999970394,28.589086999693208],[-81.4148399998577,28.58908500011709],[-81.41483700038296,28.588487999922283],[-81.41483599965974,28.58840200027155],[-81.4146280001456,28.588403999860656],[-81.41430099990744,28.588405000049598],[-81.41364300013151,28.58840900001646],[-81.41340700012995,28.58841400017197],[-81.41332199974114,28.588416999949672],[-81.41331000004557,28.5884180001385],[-81.41330699967253,28.588503999776144],[-81.41331000004557,28.589095000363688],[-81.41254799961423,28.589100999880152],[-81.4123130003359,28.58910499982049],[-81.41237000023732,28.5892070002207],[-81.41248200039033,28.58940599982723],[-81.41267400001092,28.589750000244592],[-81.41269499992733,28.589786000269044],[-81.41273599993522,28.589858000281048],[-81.41277699994309,28.589930999629335],[-81.41329099977898,28.590911000343464],[-81.41350099984128,28.590910000178365],[-81.41536399973933,28.59089600023238]]]},"properties":{"block_id":"120950124031039","school_id":"sch_college_park_middle","kids_est":20,"class":"red","shortest":{"len_m":3017.5,"mean_c":37.43,"peak_c":37.5,"dose":186.0},"coolest":{"len_m":3017.5,"mean_c":37.43,"peak_c":37.5,"dose":186.0},"delta_mean_c":0.0,"delta_dose_pct":0,"distance_mi":1.096,"status_now":"walk","status_rec":"bus_eligible","reason":"Coolest route mean 37.4C exceeds threshold (110 C-min dose, actual 186).","safe_until_hour":"13:00"}},{"type":"Feature","geometry":{"type":"Polygon","coordinates":[[[-81.41033499991181,28.586155999912744],[-81.41042000030063,28.586128000330394],[-81.41018799959872,28.58568900004367],[-81.41008300001673,28.585486999851284],[-81.41006399975016,28.585490999929146],[-81.41002199991736,28.585504999806037],[-81.40999699980301,28.585512999960276],[-81.40991099958927,28.585548999857878],[-81.4099259996579,28.585577999810234],[-81.40998599993236,28.58569300011386],[-81.40957000000576,28.58569799960975],[-81.40981299968,28.586238999983223],[-81.40988200017527,28.586391000170448],[-81.40991099958927,28.586402000092452],[-81.40996599984086,28.586365999698074],[-81.41002799976515,28.58632700024294],[-81.41013800026832,28.586268999954537],[-81.41015800035981,28.586259000227976],[-81.41017400025333,28.586238999983223],[-81.41017699972807,28.586221000154037],[-81.4102079996902,28.586207000372422],[-81.41030300012476,28.586169000279718],[-81.41033499991181,28.586155999912744]]]},"properties":{"block_id":"120950125001071","school_id":"sch_college_park_middle","kids_est":13,"class":"red","shortest":{"len_m":2692.0,"mean_c":37.44,"peak_c":37.5,"dose":166.2},"coolest":{"len_m":2692.0,"mean_c":37.44,"peak_c":37.5,"dose":166.2},"delta_mean_c":0.0,"delta_dose_pct":0,"distance_mi":0.795,"status_now":"walk","status_rec":"bus_eligible","reason":"Coolest route mean 37.4C exceeds threshold (110 C-min dose, actual 166).","safe_until_hour":"13:00"}},{"type":"Feature","geometry":{"type":"Polygon","coordinates":[[[-81.41202600028073,28.58859800005176],[-81.4120730001364,28.5885789996504],[-81.41189300021135,28.588286000374396],[-81.41173300037778,28.587968000190408],[-81.41159399956229,28.58769200017381],[-81.41132800032183,28.587203000354606],[-81.41129700035968,28.587149999976305],[-81.41083700005215,28.586357999608744],[-81.4106360002107,28.58602399967526],[-81.41030800014764,28.585467000248457],[-81.41016699968232,28.58547000011024],[-81.41034099975958,28.585792000027524],[-81.4103890003385,28.585881000085518],[-81.41051700038501,28.586108000060666],[-81.4108270000064,28.586654000141486],[-81.41109899999296,28.587192999928053],[-81.4113540002611,28.587697000363466],[-81.41149800020114,28.58797899994738],[-81.41165399983674,28.58828500018432],[-81.4118689999219,28.588653000073325],[-81.41197400040221,28.588617999847788],[-81.41202600028073,28.58859800005176]]]},"properties":{"block_id":"120950124031044","school_id":"sch_college_park_middle","kids_est":0,"class":"red","shortest":{"len_m":2555.5,"mean_c":37.44,"peak_c":37.5,"dose":157.8},"coolest":{"len_m":2555.5,"mean_c":37.44,"peak_c":37.5,"dose":157.8},"delta_mean_c":0.0,"delta_dose_pct":0,"distance_mi":0.883,"status_now":"walk","status_rec":"bus_eligible","reason":"Coolest route mean 37.4C exceeds threshold (110 C-min dose, actual 158).","safe_until_hour":"13:00"}},{"type":"Feature","geometry":{"type":"Polygon","coordinates":[[[-81.40215900042138,28.591018999975965],[-81.40211599986539,28.58919999974013],[-81.4021040001698,28.588715999976642],[-81.40206599963665,28.588718999745748],[-81.40201600030626,28.588708000066127],[-81.40181000044193,28.588900000116652],[-81.40174799961935,28.588971999946576],[-81.40155400034888,28.58903800020754],[-81.40134599993644,28.589000000349166],[-81.40119299977555,28.58896100029349],[-81.40095599994909,28.588948999666634],[-81.40058799970306,28.588960000109843],[-81.40027600043184,28.589014999942037],[-81.40000199989713,28.58925699980846],[-81.39958400032071,28.58946600032045],[-81.3993659998625,28.589586999804204],[-81.39872999982786,28.589857000105933],[-81.39858699971275,28.58999599990321],[-81.39838099984843,28.590198000109535],[-81.39837500000064,28.590225000013994],[-81.39828700013709,28.5903130000927],[-81.39820000009846,28.590329999839454],[-81.3980059999297,28.59057199983405],[-81.39800699975461,28.590600999978577],[-81.39800799957952,28.590669000340434],[-81.39800900030274,28.590725000234237],[-81.39801599997544,28.591066999952314],[-81.39991599968342,28.59104500029453],[-81.40146200028738,28.59102699971064],[-81.40195400038198,28.59102100030408],[-81.40215900042138,28.591018999975965]]]},"properties":{"block_id":"120950125001022","school_id":"sch_college_park_middle","kids_est":0,"class":"green","shortest":{"len_m":1029.2,"mean_c":37.5,"peak_c":37.5,"dose":64.5},"coolest":{"len_m":1029.2,"mean_c":37.5,"peak_c":37.5,"dose":64.5},"delta_mean_c":0.0,"delta_dose_pct":0,"distance_mi":0.459,"status_now":"walk","status_rec":"walk","reason":"Shortest route already under threshold (dose 64).","safe_until_hour":null}},{"type":"Feature","geometry":{"type":"Polygon","coordinates":[[[-81.3958800002659,28.586960999704484],[-81.39587600006794,28.586766999648095],[-81.3958660000222,28.586185999907748],[-81.39586299964915,28.585993000210983],[-81.39432799981415,28.586011000079125],[-81.3940499999798,28.586008000232784],[-81.39397700018486,28.586011000079125],[-81.3938950001691,28.586022000040888],[-81.39371000022118,28.58607200035446],[-81.39376200009971,28.58628900019359],[-81.39378800003898,28.586461999933533],[-81.39379700025981,28.58656799977947],[-81.39380099955946,28.58660299989861],[-81.39380800013046,28.586886999668263],[-81.3938109996052,28.586994000076917],[-81.3940719997211,28.586983999630494],[-81.39422400005706,28.58698200001438],[-81.39437700021794,28.586979999609408],[-81.39528100004118,28.586972000355612],[-81.39546599998911,28.586967000131466],[-81.395767000288,28.586960000290617],[-81.3958800002659,28.586960999704484]]]},"properties":{"block_id":"120950125001053","school_id":"sch_college_park_middle","kids_est":7,"class":"green","shortest":{"len_m":777.8,"mean_c":37.5,"peak_c":37.5,"dose":48.8},"coolest":{"len_m":777.8,"mean_c":37.5,"peak_c":37.5,"dose":48.8},"delta_mean_c":0.0,"delta_dose_pct":0,"distance_mi":0.211,"status_now":"walk","status_rec":"walk","reason":"Shortest route already under threshold (dose 49).","safe_until_hour":null}},{"type":"Feature","geometry":{"type":"Polygon","coordinates":[[[-81.40192500006967,28.580024999656487],[-81.40192400024475,28.579790000160834],[-81.40192400024475,28.57967199968569],[-81.40190599980309,28.57967199968569],[-81.40185300009963,28.57967199968569],[-81.40183600038121,28.57967299995768],[-81.40149700044749,28.579677000256655],[-81.40078100004692,28.579686999820236],[-81.40065800002327,28.579697000171752],[-81.40050200038766,28.579723999617233],[-81.40048499977091,28.57972799991431],[-81.40025600034035,28.57979600020821],[-81.40015800043106,28.579811000325122],[-81.40017000012664,28.579898000172204],[-81.4001750001495,28.579980999659977],[-81.40018000017237,28.580039000261127],[-81.4001750001495,28.58021699978457],[-81.40015500005802,28.580394999795644],[-81.40013400014162,28.58049099996014],[-81.40009899998152,28.58065900003725],[-81.40002700001149,28.58078000018948],[-81.40002000033881,28.580795000166066],[-81.39998900037666,28.580876000002615],[-81.39991099966055,28.581038000277356],[-81.39980600007857,28.581212999704643],[-81.39972099968975,28.581329000304954],[-81.39972200041298,28.58134700018265],[-81.39984899973626,28.581264999663144],[-81.4002300004011,28.58102000034685],[-81.40035800044762,28.580938999832348],[-81.40060899961945,28.58078399965753],[-81.40063499955872,28.580769999941],[-81.40069300018337,28.580741999713368],[-81.40077799967385,28.580708000272132],[-81.40087399993332,28.58067899976562],[-81.40095500012418,28.58066000029987],[-81.4010460003608,28.580647000040653],[-81.40126399992067,28.580633999779806],[-81.40136199982996,28.580617000043166],[-81.40145800008942,28.580588999774793],[-81.40157299971715,28.580536000007147],[-81.40165599955783,28.580486000216688],[-81.40174900034256,28.5804060003448],[-81.40180600024397,28.580337000179636],[-81.40181399974156,28.58032299961473],[-81.40182700016037,28.580308000359693],[-81.40184800007675,28.58026600022537],[-81.4018570002976,28.580251999651022],[-81.40186300014537,28.58024099987456],[-81.40187599966585,28.580213000294957],[-81.40189999995532,28.580142000256995],[-81.4019130003741,28.580107000353937],[-81.40192500006967,28.580024999656487]]]},"properties":{"block_id":"120950126004000","school_id":"sch_college_park_middle","kids_est":0,"class":"green","shortest":{"len_m":629.2,"mean_c":37.5,"peak_c":37.5,"dose":39.7},"coolest":{"len_m":629.2,"mean_c":37.5,"peak_c":37.5,"dose":39.7},"delta_mean_c":0.0,"delta_dose_pct":0,"distance_mi":0.355,"status_now":"walk","status_rec":"walk","reason":"Shortest route already under threshold (dose 40).","safe_until_hour":null}},{"type":"Feature","geometry":{"type":"Polygon","coordinates":[[[-81.39775599968445,28.590724000067368],[-81.39800699975461,28.590600999978577],[-81.39763299966077,28.59056599961275],[-81.39753899994946,28.590517000027607],[-81.39743900039035,28.590368000005835],[-81.39730899979568,28.59025800015075],[-81.39709000041088,28.590115000009288],[-81.39689100021926,28.590081999827646],[-81.39661699968455,28.59014199993507],[-81.3964359999346,28.590268999668137],[-81.39641699966802,28.59038999980533],[-81.39641699966802,28.590533000361525],[-81.39650999955443,28.59066499967076],[-81.39662900027844,28.590697999669402],[-81.3967969996096,28.590725999612314],[-81.39700900022004,28.59064900014578],[-81.39722699977993,28.590631999661827],[-81.39730700014587,28.5906379998793],[-81.39737699956774,28.59064299992887],[-81.39755099964502,28.590682000149375],[-81.39790499964737,28.590868000334748],[-81.39775599968445,28.590724000067368]]]},"properties":{"block_id":"120950125001024","school_id":"sch_college_park_middle","kids_est":0,"class":"green","shortest":{"len_m":1249.8,"mean_c":37.46,"peak_c":37.5,"dose":77.8},"coolest":{"len_m":1249.8,"mean_c":37.46,"peak_c":37.5,"dose":77.8},"delta_mean_c":0.0,"delta_dose_pct":0,"distance_mi":0.433,"status_now":"walk","status_rec":"walk","reason":"Shortest route already under threshold (dose 78).","safe_until_hour":null}},{"type":"Feature","geometry":{"type":"Polygon","coordinates":[[[-81.39620900015387,28.594777000366335],[-81.39609500035105,28.594690000209926],[-81.39585400032662,28.59448799995902],[-81.39578200035662,28.594418000226636],[-81.3956829997241,28.59432100002463],[-81.3955630000735,28.594188999784766],[-81.39555499967757,28.594180000156804],[-81.39540999991262,28.593996999928837],[-81.39530000030776,28.59383899966107],[-81.39522599978962,28.593717000200392],[-81.39520200039847,28.593676000039512],[-81.39513700010114,28.593549999829847],[-81.39490000027469,28.593570999612368],[-81.39423300027791,28.593581000220947],[-81.39418800007205,28.593582999711547],[-81.39395200007051,28.593597000088458],[-81.39405599982759,28.59378000022405],[-81.39431199992062,28.594226000000223],[-81.39437300001998,28.594328000164133],[-81.39443099974629,28.594424000228035],[-81.39449000019584,28.59450399968846],[-81.39453799987642,28.594569000289788],[-81.39455100029521,28.594587000267175],[-81.39461200039459,28.594655999757542],[-81.39466000007516,28.594709999635814],[-81.39470100008305,28.59475000005349],[-81.39475899980937,28.594807000267537],[-81.39480599966504,28.594852999836576],[-81.39492200001598,28.594938999731244],[-81.39541900013346,28.595309000236533],[-81.39542800035427,28.595315000187107],[-81.3955999998834,28.595438000281266],[-81.39572100025724,28.595304999743508],[-81.39608600013023,28.594908999867712],[-81.39620900015387,28.594777000366335]]]},"properties":{"block_id":"120950153003023","school_id":"sch_college_park_middle","kids_est":0,"class":"red","shortest":{"len_m":1873.8,"mean_c":37.45,"peak_c":37.5,"dose":116.2},"coolest":{"len_m":1873.9,"mean_c":37.45,"peak_c":37.5,"dose":116.1},"delta_mean_c":0.0,"delta_dose_pct":0,"distance_mi":0.714,"status_now":"walk","status_rec":"bus_eligible","reason":"Coolest route mean 37.5C exceeds threshold (110 C-min dose, actual 116).","safe_until_hour":"14:00"}},{"type":"Feature","geometry":{"type":"Polygon","coordinates":[[[-81.41543300023463,28.59501599999915],[-81.41545599980084,28.59501299962106],[-81.41540599957213,28.59493399988608],[-81.41523099966996,28.594595999860307],[-81.41457700009197,28.59333299999098],[-81.41450799959668,28.593198999801388],[-81.41436200000682,28.592912000080165],[-81.41384499979787,28.591965000267738],[-81.41365300017725,28.5916320001629],[-81.41336799977189,28.591056999893347],[-81.41329099977898,28.590911000343464],[-81.41277699994309,28.589930999629335],[-81.41273599993522,28.589858000281048],[-81.41269499992733,28.589786000269044],[-81.41267400001092,28.589750000244592],[-81.41248200039033,28.58940599982723],[-81.41237000023732,28.5892070002207],[-81.4123130003359,28.58910499982049],[-81.41226899995497,28.589026000378276],[-81.4120730001364,28.5885789996504],[-81.41202600028073,28.58859800005176],[-81.41197400040221,28.588617999847788],[-81.4118689999219,28.588653000073325],[-81.41207499978623,28.58905600034319],[-81.4124880002381,28.589852000018983],[-81.41257600010164,28.589984000183343],[-81.41311699970173,28.59106099975932],[-81.41342700022145,28.59162200015763],[-81.41360399977344,28.59197099962042],[-81.41391299956993,28.59253199989508],[-81.41401600040041,28.592717999962225],[-81.41414400044692,28.592950000102032],[-81.41420800002102,28.59307399995319],[-81.41430699975523,28.593265999917513],[-81.41448900022841,28.59361699972224],[-81.41464099966608,28.593913000325234],[-81.4150790002323,28.59475000005349],[-81.41523999989077,28.59505699963735],[-81.41536399973933,28.595029000059352],[-81.41543300023463,28.59501599999915]]]},"properties":{"block_id":"120950124031040","school_id":"sch_college_park_middle","kids_est":0,"class":"red","shortest":{"len_m":3105.5,"mean_c":37.43,"peak_c":37.5,"dose":191.4},"coolest":{"len_m":3105.5,"mean_c":37.43,"peak_c":37.5,"dose":191.4},"delta_mean_c":0.0,"delta_dose_pct":0,"distance_mi":1.138,"status_now":"walk","status_rec":"bus_eligible","reason":"Coolest route mean 37.4C exceeds threshold (110 C-min dose, actual 191).","safe_until_hour":"13:00"}},{"type":"Feature","geometry":{"type":"Polygon","coordinates":[[[-81.41016699968232,28.58547000011024],[-81.41016000000964,28.585453000366513],[-81.4101299998724,28.585379000057824],[-81.40989100039612,28.58493800014432],[-81.40924100011779,28.583750000367708],[-81.40846399961784,28.58227899963142],[-81.40815300017152,28.58165799968625],[-81.40813399990493,28.58161499983759],[-81.40786000026856,28.581111999696624],[-81.40778800029854,28.580998000164566],[-81.40755200029699,28.58052200025754],[-81.40718599970077,28.579747999819713],[-81.40705900037749,28.579231999781758],[-81.40704299958564,28.579128999683594],[-81.40700699960063,28.57889399976373],[-81.4069699997907,28.57864699988284],[-81.40696700031599,28.578425000210306],[-81.40696599959274,28.578195999644993],[-81.40694499967636,28.578195000147836],[-81.40691100023948,28.578403999769336],[-81.40689899964559,28.57863799971333],[-81.40694899987432,28.57866699999373],[-81.40700300030099,28.579331000255888],[-81.40712499960141,28.57972499988873],[-81.40740099978593,28.58035899971132],[-81.40761800041923,28.580807999618134],[-81.40780500001698,28.581206999738118],[-81.40838900017307,28.58236500034587],[-81.40929200017139,28.58398199978774],[-81.40936099976837,28.58410499973165],[-81.40980699983221,28.584964999821945],[-81.4100450003819,28.585416000218675],[-81.41007200014609,28.585467000248457],[-81.41008300001673,28.585486999851284],[-81.41014400011609,28.585474000188768],[-81.41016699968232,28.58547000011024]]]},"properties":{"block_id":"120950125001057","school_id":"sch_college_park_middle","kids_est":0,"class":"red","shortest":{"len_m":2297.0,"mean_c":37.44,"peak_c":37.5,"dose":142.0},"coolest":{"len_m":2297.0,"mean_c":37.44,"peak_c":37.5,"dose":142.0},"delta_mean_c":0.0,"delta_dose_pct":0,"distance_mi":0.797,"status_now":"walk","status_rec":"bus_eligible","reason":"Coolest route mean 37.4C exceeds threshold (110 C-min dose, actual 142).","safe_until_hour":"14:00"}},{"type":"Feature","geometry":{"type":"Polygon","coordinates":[[[-81.40998099990948,28.586956000268632],[-81.41005899972728,28.586942999998907],[-81.40995999999308,28.586828999688773],[-81.40993300022892,28.586802999905174],[-81.40988600037323,28.586758000173486],[-81.40977599987008,28.58666699965812],[-81.40973700041032,28.586647999696567],[-81.40969100037957,28.58663800000611],[-81.40964500034882,28.586639999628765],[-81.40960000014297,28.586652999935893],[-81.40958000005149,28.586662999624988],[-81.40954999991425,28.58670199974431],[-81.40953900004362,28.58674799970461],[-81.40954400006648,28.586779999939523],[-81.4095530002873,28.58679600005335],[-81.40957900022659,28.58683699974225],[-81.40967100028809,28.586941999796046],[-81.40974699955774,28.586956999682535],[-81.40985600023602,28.586968000334082],[-81.40993700042688,28.586964000312403],[-81.40998099990948,28.586956000268632]]]},"properties":{"block_id":"120950125001065","school_id":"sch_college_park_middle","kids_est":0,"class":"red","shortest":{"len_m":2599.9,"mean_c":37.44,"peak_c":37.5,"dose":160.5},"coolest":{"len_m":2599.9,"mean_c":37.44,"peak_c":37.5,"dose":160.5},"delta_mean_c":0.0,"delta_dose_pct":0,"distance_mi":0.793,"status_now":"walk","status_rec":"bus_eligible","reason":"Coolest route mean 37.4C exceeds threshold (110 C-min dose, actual 160).","safe_until_hour":"13:00"}},{"type":"Feature","geometry":{"type":"Polygon","coordinates":[[[-81.39793099958662,28.586455000058997],[-81.39792300008901,28.586056000130508],[-81.39792200026412,28.585985000093284],[-81.39785799979168,28.585982000246194],[-81.39768799991238,28.585982999669344],[-81.39631899975873,28.585993999634034],[-81.39603699972642,28.585997000269558],[-81.39586299964915,28.585993000210983],[-81.3958660000222,28.586185999907748],[-81.39587600006794,28.586766999648095],[-81.3958800002659,28.586960999704484],[-81.39633300000243,28.586956000268632],[-81.39683000011989,28.586951000043722],[-81.39758900017817,28.586933000336426],[-81.39759099982798,28.586459000100042],[-81.39784100007324,28.586456000266487],[-81.39793099958662,28.586455000058997]]]},"properties":{"block_id":"120950125001052","school_id":"sch_college_park_middle","kids_est":20,"class":"green","shortest":{"len_m":576.3,"mean_c":37.5,"peak_c":37.5,"dose":36.3},"coolest":{"len_m":576.3,"mean_c":37.5,"peak_c":37.5,"dose":36.3},"delta_mean_c":0.0,"delta_dose_pct":0,"distance_mi":0.159,"status_now":"walk","status_rec":"walk","reason":"Shortest route already under threshold (dose 36).","safe_until_hour":null}},{"type":"Feature","geometry":{"type":"Polygon","coordinates":[[[-81.39588899958841,28.58743299964793],[-81.3958879997635,28.58740000020208],[-81.39588600011368,28.587312000051572],[-81.39588100009081,28.58704799994692],[-81.3958800002659,28.586960999704484],[-81.395767000288,28.586960000290617],[-81.39546599998911,28.586967000131466],[-81.39528100004118,28.586972000355612],[-81.39437700021794,28.586979999609408],[-81.39438700026369,28.587919000183167],[-81.39481200041114,28.587912999810495],[-81.39505799956011,28.587910000018418],[-81.39509799974309,28.58790899982477],[-81.39517399991107,28.587907999631106],[-81.39517200026124,28.587825000089364],[-81.3951699997131,28.58771099994664],[-81.39516600041345,28.587440999655403],[-81.39555200020284,28.587436000242374],[-81.39576399991495,28.58743299964793],[-81.39578599965625,28.58743299964793],[-81.39588899958841,28.58743299964793]]]},"properties":{"block_id":"120950125001041","school_id":"sch_college_park_middle","kids_est":0,"class":"green","shortest":{"len_m":742.5,"mean_c":37.5,"peak_c":37.5,"dose":46.7},"coolest":{"len_m":742.5,"mean_c":37.5,"peak_c":37.5,"dose":46.7},"delta_mean_c":0.0,"delta_dose_pct":0,"distance_mi":0.254,"status_now":"walk","status_rec":"walk","reason":"Shortest route already under threshold (dose 47).","safe_until_hour":null}},{"type":"Feature","geometry":{"type":"Polygon","coordinates":[[[-81.39591000040313,28.58883899990441],[-81.39590799985498,28.588718999745748],[-81.39590299983213,28.588365000372647],[-81.39564400026434,28.58836800015174],[-81.39533299991973,28.588372000120025],[-81.39532799989685,28.587951000061683],[-81.39532799989685,28.587906000032575],[-81.3952619997746,28.58790700022625],[-81.39522099976674,28.58790700022625],[-81.39517399991107,28.587907999631106],[-81.39509799974309,28.58790899982477],[-81.39505799956011,28.587910000018418],[-81.39481200041114,28.587912999810495],[-81.39438700026369,28.587919000183167],[-81.39439800013434,28.588849000174402],[-81.39451799978495,28.588846999804968],[-81.3954080002628,28.5888379997196],[-81.39549699995123,28.5888379997196],[-81.39591000040313,28.58883899990441]]]},"properties":{"block_id":"120950125001038","school_id":"sch_college_park_middle","kids_est":0,"class":"green","shortest":{"len_m":939.4,"mean_c":37.5,"peak_c":37.5,"dose":58.8},"coolest":{"len_m":939.4,"mean_c":37.5,"peak_c":37.5,"dose":58.8},"delta_mean_c":0.0,"delta_dose_pct":0,"distance_mi":0.319,"status_now":"walk","status_rec":"walk","reason":"Shortest route already under threshold (dose 59).","safe_until_hour":null}},{"type":"Feature","geometry":{"type":"Polygon","coordinates":[[[-81.39792200026412,28.585985000093284],[-81.3979210004392,28.585945999708002],[-81.39791999971595,28.585890999848047],[-81.3979149996931,28.585598999607576],[-81.39672399981468,28.58561200004341],[-81.39638200040623,28.585614999901065],[-81.39637200036049,28.585153999737425],[-81.39629199999453,28.58516199991829],[-81.39593799999221,28.585197999936067],[-81.39585099995358,28.585203000244334],[-81.39586099999931,28.585830999681086],[-81.39586299964915,28.585993000210983],[-81.39603699972642,28.585997000269558],[-81.39631899975873,28.585993999634034],[-81.39768799991238,28.585982999669344],[-81.39785799979168,28.585982000246194],[-81.39792200026412,28.585985000093284]]]},"properties":{"block_id":"120950125001050","school_id":"sch_college_park_middle","kids_est":0,"class":"green","shortest":{"len_m":576.3,"mean_c":37.5,"peak_c":37.5,"dose":36.3},"coolest":{"len_m":576.3,"mean_c":37.5,"peak_c":37.5,"dose":36.3},"delta_mean_c":0.0,"delta_dose_pct":0,"distance_mi":0.11,"status_now":"walk","status_rec":"walk","reason":"Shortest route already under threshold (dose 36).","safe_until_hour":null}},{"type":"Feature","geometry":{"type":"Polygon","coordinates":[[[-81.40004399972993,28.587497999888612],[-81.39999400039953,28.587309000242342],[-81.3999569996913,28.587164999833046],[-81.39985499958405,28.586739000228384],[-81.399830000368,28.586631000143292],[-81.39980600007857,28.586551000213188],[-81.39947600036568,28.586636999800362],[-81.39889100038467,28.58679099982083],[-81.39850499969698,28.586885000050305],[-81.39848399978058,28.586886999668263],[-81.39833099961972,28.586909999610445],[-81.39814599967177,28.586921999681213],[-81.39784600009612,28.586928000110497],[-81.39784699992103,28.587019999813275],[-81.39785500031697,28.587404999616815],[-81.39769200011034,28.58740700001364],[-81.39722299958197,28.587413999824797],[-81.39675499977682,28.58742000022599],[-81.39628600014676,28.587425999838036],[-81.39629000034472,28.587645999837683],[-81.39597700035029,28.587649999833424],[-81.39589299978638,28.587651000029492],[-81.39589500033452,28.587761999652145],[-81.39589600015941,28.587837000055632],[-81.39589799980925,28.587896999866654],[-81.3959229999236,28.587895999672863],[-81.3960009997414,28.587895999672863],[-81.39602699968069,28.587895999672863],[-81.39653800004184,28.587890000087647],[-81.39661099983677,28.587890000087647],[-81.39807200005193,28.587854000202807],[-81.39810700021202,28.587854000202807],[-81.39838000002351,28.587839999849813],[-81.3985830004131,28.587818999711274],[-81.39875599976713,28.587790000376987],[-81.39887600031605,28.587761000245898],[-81.39975099982698,28.587557999893086],[-81.39986700017793,28.587532000289713],[-81.40004399972993,28.587497999888612]]]},"properties":{"block_id":"120950125001045","school_id":"sch_college_park_middle","kids_est":7,"class":"green","shortest":{"len_m":986.9,"mean_c":37.5,"peak_c":37.5,"dose":61.9},"coolest":{"len_m":986.9,"mean_c":37.5,"peak_c":37.5,"dose":61.9},"delta_mean_c":0.0,"delta_dose_pct":0,"distance_mi":0.235,"status_now":"walk","status_rec":"walk","reason":"Shortest route already under threshold (dose 62).","safe_until_hour":null}},{"type":"Feature","geometry":{"type":"Polygon","coordinates":[[[-81.39662500008048,28.5915399997632],[-81.39659499994325,28.591436999888895],[-81.39656200033129,28.591379000053152],[-81.3965139997524,28.591330000058147],[-81.39636300013966,28.591216999934346],[-81.39627699992595,28.59115299978943],[-81.39619599973508,28.59108700006744],[-81.39616099957499,28.591058000057046],[-81.39608100010734,28.59097600001142],[-81.39601300033527,28.590886000157088],[-81.39599400006871,28.590852000051818],[-81.39597499980215,28.5908160003924],[-81.39595499971065,28.590757000047436],[-81.39562300034795,28.590760999924807],[-81.39462999993793,28.590773999722447],[-81.39429900040014,28.590778999765533],[-81.39435299992851,28.590968000272866],[-81.39451600013511,28.59153499975631],[-81.39457100038672,28.59172499985067],[-81.39475499961141,28.591693999700933],[-81.3949799997423,28.591674999859123],[-81.39621300035184,28.591573000275893],[-81.39662500008048,28.5915399997632]]]},"properties":{"block_id":"120950125001027","school_id":"sch_college_park_middle","kids_est":7,"class":"green","shortest":{"len_m":1108.7,"mean_c":37.47,"peak_c":37.5,"dose":69.2},"coolest":{"len_m":1108.7,"mean_c":37.47,"peak_c":37.5,"dose":69.2},"delta_mean_c":0.0,"delta_dose_pct":0,"distance_mi":0.497,"status_now":"walk","status_rec":"walk","reason":"Shortest route already under threshold (dose 69).","safe_until_hour":null}},{"type":"Feature","geometry":{"type":"Polygon","coordinates":[[[-81.39592399974852,28.589769999821478],[-81.39592000044888,28.58958299988216],[-81.39591000040313,28.58902500019524],[-81.39590799985498,28.58890900019671],[-81.39591000040313,28.58883899990441],[-81.39549699995123,28.5888379997196],[-81.3954080002628,28.5888379997196],[-81.39451799978495,28.588846999804968],[-81.39439800013434,28.588849000174402],[-81.39426099986699,28.58885300012438],[-81.39384900013835,28.588863000393],[-81.3938590001841,28.588997999982606],[-81.39389199979604,28.58923599995296],[-81.3939239995831,28.58940000032818],[-81.39394700004765,28.58951400021707],[-81.39395200007051,28.589532999660634],[-81.39396600031421,28.589585999626507],[-81.39397999965959,28.589639999742836],[-81.39400899997192,28.589747999892303],[-81.39402400004053,28.589801999925417],[-81.394332999837,28.589791000359114],[-81.39440300015723,28.589789000007592],[-81.39545500011845,28.58977200017337],[-81.395542999982,28.58977099999743],[-81.39592399974852,28.589769999821478]]]},"properties":{"block_id":"120950125001029","school_id":"sch_college_park_middle","kids_est":7,"class":"green","shortest":{"len_m":1170.2,"mean_c":37.47,"peak_c":37.5,"dose":73.0},"coolest":{"len_m":1170.2,"mean_c":37.47,"peak_c":37.5,"dose":73.0},"delta_mean_c":0.0,"delta_dose_pct":0,"distance_mi":0.378,"status_now":"walk","status_rec":"walk","reason":"Shortest route already under threshold (dose 73).","safe_until_hour":null}},{"type":"Feature","geometry":{"type":"Polygon","coordinates":[[[-81.39980600007857,28.586551000213188],[-81.39973999995632,28.58635899981715],[-81.39972200041298,28.586304000173218],[-81.39967899985696,28.586203999742914],[-81.39961399955962,28.58609000020913],[-81.39955800038145,28.58600700002103],[-81.3994350003578,28.585838999810516],[-81.3993940003499,28.585782999680706],[-81.39930899996108,28.58568200011767],[-81.39909200022612,28.585807000078038],[-81.398872999943,28.585934000314676],[-81.39878799955419,28.585972999915583],[-81.3986970002159,28.586002999962787],[-81.39860299960627,28.5860230002525],[-81.39850700024512,28.586031999790006],[-81.39843399955186,28.586031999790006],[-81.39839199971908,28.58602700030997],[-81.39814400002196,28.58600100032802],[-81.39804100008979,28.58599000036412],[-81.39792200026412,28.585985000093284],[-81.39792300008901,28.586056000130508],[-81.39793099958662,28.586455000058997],[-81.39784100007324,28.586456000266487],[-81.39759099982798,28.586459000100042],[-81.39758900017817,28.586933000336426],[-81.39769200011034,28.58693099993059],[-81.39776599973018,28.58692999972763],[-81.39784600009612,28.586928000110497],[-81.39814599967177,28.586921999681213],[-81.39833099961972,28.586909999610445],[-81.39848399978058,28.586886999668263],[-81.39850499969698,28.586885000050305],[-81.39889100038467,28.58679099982083],[-81.39947600036568,28.586636999800362],[-81.39980600007857,28.586551000213188]]]},"properties":{"block_id":"120950125001051","school_id":"sch_college_park_middle","kids_est":13,"class":"green","shortest":{"len_m":784.5,"mean_c":37.5,"peak_c":37.5,"dose":49.3},"coolest":{"len_m":784.5,"mean_c":37.5,"peak_c":37.5,"dose":49.3},"delta_mean_c":0.0,"delta_dose_pct":0,"distance_mi":0.184,"status_now":"walk","status_rec":"walk","reason":"Shortest route already under threshold (dose 49).","safe_until_hour":null}},{"type":"Feature","geometry":{"type":"Polygon","coordinates":[[[-81.39586299964915,28.585993000210983],[-81.39586099999931,28.585830999681086],[-81.39585099995358,28.585203000244334],[-81.39585000012866,28.585132999851208],[-81.39498499976517,28.585256000026458],[-81.3942890003544,28.585344000320028],[-81.39418100039937,28.585373999757927],[-81.39411299972899,28.58540399997604],[-81.39405099980472,28.585442999773505],[-81.39393299980394,28.585533999770597],[-81.39383599971956,28.58559100024872],[-81.39374600020619,28.58562599990425],[-81.39353899961864,28.58565300019399],[-81.39354799983947,28.5856710001204],[-81.39365300031976,28.58590599988439],[-81.39371000022118,28.58607200035446],[-81.3938950001691,28.586022000040888],[-81.39397700018486,28.586011000079125],[-81.3940499999798,28.586008000232784],[-81.39432799981415,28.586011000079125],[-81.39586299964915,28.585993000210983]]]},"properties":{"block_id":"120950125001054","school_id":"sch_college_park_middle","kids_est":20,"class":"green","shortest":{"len_m":673.2,"mean_c":37.5,"peak_c":37.5,"dose":42.3},"coolest":{"len_m":673.2,"mean_c":37.5,"peak_c":37.5,"dose":42.3},"delta_mean_c":0.0,"delta_dose_pct":0,"distance_mi":0.17,"status_now":"walk","status_rec":"walk","reason":"Shortest route already under threshold (dose 42).","safe_until_hour":null}},{"type":"Feature","geometry":{"type":"Polygon","coordinates":[[[-81.3951610003906,28.583148000240268],[-81.39511000033696,28.582921000185873],[-81.39509000024547,28.58282700035697],[-81.39507299962872,28.582702000009604],[-81.39506299958299,28.58248300016606],[-81.39505799956011,28.582227000174274],[-81.39505400026047,28.58199500003784],[-81.39487799963506,28.58199500003784],[-81.39435100027869,28.581999000248548],[-81.3941760003765,28.581999999709563],[-81.39418499969901,28.582263999866477],[-81.3942049997905,28.58279700019252],[-81.39421900003418,28.58290800020619],[-81.39425300036939,28.583052000134597],[-81.39431600011858,28.58330899993314],[-81.39448500017298,28.58327599998189],[-81.39499099961296,28.58317999999306],[-81.3951610003906,28.583148000240268]]]},"properties":{"block_id":"120950126001001","school_id":"sch_college_park_middle","kids_est":20,"class":"green","shortest":{"len_m":273.1,"mean_c":37.5,"peak_c":37.5,"dose":17.2},"coolest":{"len_m":273.1,"mean_c":37.5,"peak_c":37.5,"dose":17.2},"delta_mean_c":0.0,"delta_dose_pct":0,"distance_mi":0.181,"status_now":"walk","status_rec":"walk","reason":"Shortest route already under threshold (dose 17).","safe_until_hour":null}},{"type":"Feature","geometry":{"type":"Polygon","coordinates":[[[-81.4107009996097,28.58670000012284],[-81.41071800022645,28.586693999680556],[-81.41042000030063,28.586128000330394],[-81.41033499991181,28.586155999912744],[-81.41030300012476,28.586169000279718],[-81.4102079996902,28.586207000372422],[-81.41017699972807,28.586221000154037],[-81.41017400025333,28.586238999983223],[-81.41015800035981,28.586259000227976],[-81.41013800026832,28.586268999954537],[-81.41002799976515,28.58632700024294],[-81.40996599984086,28.586365999698074],[-81.40991099958927,28.586402000092452],[-81.40995199959717,28.58644199972739],[-81.4099959999781,28.586498000295038],[-81.41003000031328,28.58654000030677],[-81.41010899995601,28.586613000381227],[-81.41023199997964,28.586697000296155],[-81.41030599959949,28.58673800002367],[-81.41038699979033,28.586771999881748],[-81.41042000030063,28.58677800031953],[-81.41046399978325,28.586777000115106],[-81.41059100000484,28.58673699981886],[-81.41063399966255,28.586724000310866],[-81.4106510002793,28.586717999869954],[-81.4107009996097,28.58670000012284]]]},"properties":{"block_id":"120950125001062","school_id":"sch_college_park_middle","kids_est":0,"class":"red","shortest":{"len_m":2519.5,"mean_c":37.44,"peak_c":37.5,"dose":155.6},"coolest":{"len_m":2519.5,"mean_c":37.44,"peak_c":37.5,"dose":155.6},"delta_mean_c":0.0,"delta_dose_pct":0,"distance_mi":0.822,"status_now":"walk","status_rec":"bus_eligible","reason":"Coolest route mean 37.4C exceeds threshold (110 C-min dose, actual 156).","safe_until_hour":"13:00"}},{"type":"Feature","geometry":{"type":"Polygon","coordinates":[[[-81.39785500031697,28.587404999616815],[-81.39784699992103,28.587019999813275],[-81.39784600009612,28.586928000110497],[-81.39776599973018,28.58692999972763],[-81.39769200011034,28.58693099993059],[-81.39758900017817,28.586933000336426],[-81.39683000011989,28.586951000043722],[-81.39633300000243,28.586956000268632],[-81.3958800002659,28.586960999704484],[-81.39588100009081,28.58704799994692],[-81.39588600011368,28.587312000051572],[-81.3958879997635,28.58740000020208],[-81.39588899958841,28.58743299964793],[-81.39589100013656,28.587560000286985],[-81.39589199996146,28.587600000270196],[-81.39589299978638,28.587651000029492],[-81.39597700035029,28.587649999833424],[-81.39629000034472,28.587645999837683],[-81.39628600014676,28.587425999838036],[-81.39675499977682,28.58742000022599],[-81.39722299958197,28.587413999824797],[-81.39769200011034,28.58740700001364],[-81.39785500031697,28.587404999616815]]]},"properties":{"block_id":"120950125001044","school_id":"sch_college_park_middle","kids_est":26,"class":"green","shortest":{"len_m":684.9,"mean_c":37.5,"peak_c":37.5,"dose":43.1},"coolest":{"len_m":684.9,"mean_c":37.5,"peak_c":37.5,"dose":43.1},"delta_mean_c":0.0,"delta_dose_pct":0,"distance_mi":0.212,"status_now":"walk","status_rec":"walk","reason":"Shortest route already under threshold (dose 43).","safe_until_hour":null}},{"type":"Feature","geometry":{"type":"Polygon","coordinates":[[[-81.41330699967253,28.588503999776144],[-81.41331000004557,28.5884180001385],[-81.41322399983184,28.588422000104867],[-81.41299700005112,28.58844300012295],[-81.41281899977588,28.588460000172137],[-81.41280000040761,28.58846199976014],[-81.41232599985639,28.588520999815458],[-81.41221399970341,28.588541999813774],[-81.41218799976413,28.588548000150592],[-81.4120730001364,28.5885789996504],[-81.41226899995497,28.589026000378276],[-81.4123130003359,28.58910499982049],[-81.41254799961423,28.589100999880152],[-81.41331000004557,28.589095000363688],[-81.41330699967253,28.588503999776144]]]},"properties":{"block_id":"120950124031063","school_id":"sch_college_park_middle","kids_est":0,"class":"red","shortest":{"len_m":2744.9,"mean_c":37.44,"peak_c":37.5,"dose":169.5},"coolest":{"len_m":2744.9,"mean_c":37.44,"peak_c":37.5,"dose":169.5},"delta_mean_c":0.0,"delta_dose_pct":0,"distance_mi":1.005,"status_now":"walk","status_rec":"bus_eligible","reason":"Coolest route mean 37.4C exceeds threshold (110 C-min dose, actual 170).","safe_until_hour":"13:00"}}]}