{"type":"FeatureCollection","features":[{"type":"Feature","geometry":{"type":"Polygon","coordinates":[[[-81.38254199998025,28.591172999888208],[-81.38253600013245,28.59082500030838],[-81.3825240004369,28.589983000009425],[-81.38251799969078,28.58978200035461],[-81.3825100001932,28.58943500029338],[-81.38230400032887,28.589436999862844],[-81.38168699966249,28.589445999896924],[-81.38148199962308,28.589448999645203],[-81.38148300034631,28.589630000336875],[-81.38148800036916,28.590175000097815],[-81.381490000019,28.59035699971001],[-81.38150699973743,28.591268000305437],[-81.38254199998025,28.591172999888208]]]},"properties":{"block_id":"120950153002018","school_id":"sch_killarney_elementary","kids_est":2,"class":"green","shortest":{"len_m":1321.4,"mean_c":37.56,"peak_c":37.6,"dose":83.4},"coolest":{"len_m":1321.4,"mean_c":37.56,"peak_c":37.6,"dose":83.4},"delta_mean_c":0.0,"delta_dose_pct":0,"distance_mi":0.347,"status_now":"walk","status_rec":"walk","reason":"Shortest route already under threshold (dose 83).","safe_until_hour":null}},{"type":"Feature","geometry":{"type":"Polygon","coordinates":[[[-81.38575800013842,28.594993000252828],[-81.38578900010056,28.59494800008305],[-81.38562900026699,28.59498399990493],[-81.38515300006593,28.5950949996725],[-81.38499400005726,28.595132000357726],[-81.38482699965269,28.594944000364986],[-81.38432600023559,28.59438100007885],[-81.384158999831,28.59419399966544],[-81.38415600035627,28.593957000013294],[-81.38414899978525,28.593263000278174],[-81.38414899978525,28.593248999856772],[-81.38415299998321,28.593013999941643],[-81.38404099983023,28.593011999651516],[-81.38393899972297,28.593011000295167],[-81.3837069999194,28.593012999796606],[-81.38359599959131,28.59301500008673],[-81.38351500029876,28.59305900015068],[-81.38321900002275,28.59307500009769],[-81.38273600014901,28.593109999628112],[-81.38248500007883,28.593110999772286],[-81.38231199982647,28.59311199991646],[-81.38239999969002,28.59320600001563],[-81.38243400002521,28.59323500022228],[-81.38284699957877,28.593583999851216],[-81.38323900011424,28.593627999676993],[-81.38327799957398,28.593632000233836],[-81.38338999972699,28.593783999986403],[-81.38438300013699,28.594898000047078],[-81.3846509999256,28.595125999607994],[-81.38482199962982,28.59527199961366],[-81.38509799981435,28.595507000001817],[-81.3852989996558,28.595488000060428],[-81.38533899983877,28.59548400036291],[-81.38542800042555,28.59556700016771],[-81.38571299993258,28.595848999936745],[-81.38571200010767,28.59569200020628],[-81.38571200010767,28.59563300023185],[-81.38571600030562,28.595562999684518],[-81.38571899978037,28.59552800018211],[-81.38571999960527,28.595510999698458],[-81.38572399980322,28.595463000173826],[-81.38572600035135,28.595447999923532],[-81.38572999965103,28.595400999703823],[-81.38572999965103,28.595344999934817],[-81.38573499967389,28.595074000194437],[-81.38573899987185,28.595045999832212],[-81.38575800013842,28.594993000252828]]]},"properties":{"block_id":"120950153001027","school_id":"sch_killarney_elementary","kids_est":0,"class":"green","shortest":{"len_m":654.4,"mean_c":37.6,"peak_c":37.6,"dose":42.1},"coolest":{"len_m":654.4,"mean_c":37.6,"peak_c":37.6,"dose":42.1},"delta_mean_c":0.0,"delta_dose_pct":0,"distance_mi":0.114,"status_now":"walk","status_rec":"walk","reason":"Shortest route already under threshold (dose 42).","safe_until_hour":null}},{"type":"Feature","geometry":{"type":"Polygon","coordinates":[[[-81.38592700019284,28.59483200031018],[-81.38596200035293,28.594803999883467],[-81.38584000015418,28.594654999628066],[-81.38577900005482,28.59456700002919],[-81.38575999978823,28.594539000320598],[-81.38569000036637,28.594419000358315],[-81.38554800007613,28.594132000024366],[-81.38537599964869,28.59376700000944],[-81.38534200021182,28.593695000308433],[-81.38528500031042,28.59359800022799],[-81.385220999838,28.59351400030554],[-81.38515300006593,28.59344100029029],[-81.38513700017239,28.593424999610264],[-81.38501499997366,28.593318000225494],[-81.38492299991215,28.593253999782153],[-81.38488100007936,28.59322400022642],[-81.38484000007149,28.593202000231283],[-81.38478800019296,28.593173000015565],[-81.38474499963694,28.593149999865975],[-81.38462699963614,28.59310200005196],[-81.38457300010779,28.59308100017574],[-81.38449000026712,28.59305900015068],[-81.38443400019062,28.593044000346087],[-81.38430500031919,28.59302299966951],[-81.38423800037204,28.593018999878204],[-81.38415299998321,28.593013999941643],[-81.38414899978525,28.593248999856772],[-81.38414899978525,28.593263000278174],[-81.38415600035627,28.593957000013294],[-81.384158999831,28.59419399966544],[-81.38432600023559,28.59438100007885],[-81.38482699965269,28.594944000364986],[-81.38499400005726,28.595132000357726],[-81.38515300006593,28.5950949996725],[-81.38562900026699,28.59498399990493],[-81.38578900010056,28.59494800008305],[-81.38582199971253,28.594918000222037],[-81.38592700019284,28.59483200031018]]]},"properties":{"block_id":"120950153001026","school_id":"sch_killarney_elementary","kids_est":0,"class":"green","shortest":{"len_m":638.6,"mean_c":37.6,"peak_c":37.6,"dose":41.1},"coolest":{"len_m":638.6,"mean_c":37.6,"peak_c":37.6,"dose":41.1},"delta_mean_c":0.0,"delta_dose_pct":0,"distance_mi":0.151,"status_now":"walk","status_rec":"walk","reason":"Shortest route already under threshold (dose 41).","safe_until_hour":null}},{"type":"Feature","geometry":{"type":"Polygon","coordinates":[[[-81.3525909996995,28.592262000153497],[-81.35255100041486,28.592171999822593],[-81.35250399966088,28.592108999624003],[-81.35219300021457,28.59177399966156],[-81.35218999984153,28.591872000003512],[-81.35216999975003,28.591970000254182],[-81.35212500044251,28.592084999876445],[-81.35205799959704,28.5922039999841],[-81.35202099978711,28.59225300036049],[-81.3519980002209,28.59227499976547],[-81.35212100024454,28.59227499976547],[-81.3525909996995,28.592262000153497]]]},"properties":{"block_id":"120950160011044","school_id":"sch_killarney_elementary","kids_est":0,"class":"red","shortest":{"len_m":3415.5,"mean_c":36.64,"peak_c":37.6,"dose":172.8},"coolest":{"len_m":3418.6,"mean_c":36.64,"peak_c":37.6,"dose":172.7},"delta_mean_c":0.0,"delta_dose_pct":0,"distance_mi":1.868,"status_now":"walk","status_rec":"bus_eligible","reason":"Coolest route mean 36.6C exceeds threshold (110 C-min dose, actual 173).","safe_until_hour":"13:00"}},{"type":"Feature","geometry":{"type":"Polygon","coordinates":[[[-81.3773080001133,28.586777000115106],[-81.37729399986958,28.585867000258638],[-81.37717800041696,28.58587000010901],[-81.37715300030261,28.58587100032206],[-81.37690399988226,28.58587000010901],[-81.37690499970718,28.585926999616238],[-81.37691200027817,28.58631799994186],[-81.37675900011729,28.58631799994186],[-81.37676300031525,28.586717999869954],[-81.37676300031525,28.586755000348457],[-81.37676099976711,28.586773000086158],[-81.3769070002553,28.58677400029062],[-81.37692399997374,28.58677400029062],[-81.37714999992954,28.586775999910678],[-81.37718099989168,28.586775999910678],[-81.37727600032625,28.586775999910678],[-81.3773080001133,28.586777000115106]]]},"properties":{"block_id":"120950153002027","school_id":"sch_killarney_elementary","kids_est":1,"class":"green","shortest":{"len_m":1528.7,"mean_c":37.31,"peak_c":37.6,"dose":91.4},"coolest":{"len_m":1529.1,"mean_c":37.29,"peak_c":37.6,"dose":91.1},"delta_mean_c":-0.02,"delta_dose_pct":0,"distance_mi":0.708,"status_now":"walk","status_rec":"walk","reason":"Shortest route already under threshold (dose 91).","safe_until_hour":null}},{"type":"Feature","geometry":{"type":"Polygon","coordinates":[[[-81.36946700035863,28.58629600007917],[-81.36946700035863,28.58628100009841],[-81.36946399998558,28.58610200037342],[-81.36946200033574,28.585861999981947],[-81.36917500028058,28.58586099976881],[-81.36910999998325,28.5858600003445],[-81.36912400022695,28.58675100031866],[-81.36932000004555,28.58675199973451],[-81.36931599984759,28.586613000381227],[-81.3693109998247,28.58629600007917],[-81.36946700035863,28.58629600007917]]]},"properties":{"block_id":"120950190001070","school_id":"sch_killarney_elementary","kids_est":1,"class":"red","shortest":{"len_m":2383.9,"mean_c":37.14,"peak_c":37.6,"dose":136.9},"coolest":{"len_m":2428.5,"mean_c":36.95,"peak_c":37.6,"dose":133.1},"delta_mean_c":-0.19,"delta_dose_pct":-3,"distance_mi":1.033,"status_now":"walk","status_rec":"bus_eligible","reason":"Coolest route mean 37.0C exceeds threshold (110 C-min dose, actual 133).","safe_until_hour":"14:00"}},{"type":"Feature","geometry":{"type":"Polygon","coordinates":[[[-81.37227599991272,28.59258499992655],[-81.372273000438,28.592435999680816],[-81.37227199971475,28.592339000016082],[-81.37227099988984,28.592299000258397],[-81.37226900024002,28.59217500028185],[-81.37184499991749,28.59217400012877],[-81.37177899979527,28.59217400012877],[-81.37178600036627,28.592582999628192],[-81.37186300035916,28.592582999628192],[-81.37227599991272,28.59258499992655]]]},"properties":{"block_id":"120950190001035","school_id":"sch_killarney_elementary","kids_est":0,"class":"green","shortest":{"len_m":1459.7,"mean_c":37.11,"peak_c":37.6,"dose":83.5},"coolest":{"len_m":1461.0,"mean_c":37.08,"peak_c":37.6,"dose":83.1},"delta_mean_c":-0.03,"delta_dose_pct":0,"distance_mi":0.686,"status_now":"walk","status_rec":"walk","reason":"Shortest route already under threshold (dose 84).","safe_until_hour":null}},{"type":"Feature","geometry":{"type":"Polygon","coordinates":[[[-81.37226300039224,28.591888000131203],[-81.37226000001921,28.59161200015146],[-81.37183599969667,28.59160999983458],[-81.37176999957441,28.591610999993026],[-81.37177399977237,28.59188099982915],[-81.37184099971952,28.591881999985002],[-81.37226300039224,28.591888000131203]]]},"properties":{"block_id":"120950190001034","school_id":"sch_killarney_elementary","kids_est":0,"class":"green","shortest":{"len_m":1485.7,"mean_c":37.1,"peak_c":37.6,"dose":84.8},"coolest":{"len_m":1487.0,"mean_c":37.07,"peak_c":37.6,"dose":84.4},"delta_mean_c":-0.03,"delta_dose_pct":0,"distance_mi":0.701,"status_now":"walk","status_rec":"walk","reason":"Shortest route already under threshold (dose 85).","safe_until_hour":null}},{"type":"Feature","geometry":{"type":"Polygon","coordinates":[[[-81.37081300004773,28.592356000223994],[-81.37080600037505,28.591945999686118],[-81.37079799997913,28.591391999774306],[-81.37079299995625,28.591242000042023],[-81.37069199967392,28.591240999880068],[-81.37039999959588,28.591240999880068],[-81.37029099981592,28.59123999971811],[-81.37029199964084,28.591297000257896],[-81.37029400018898,28.591390999613836],[-81.3702959998388,28.59152900037873],[-81.37029800038692,28.591666000015852],[-81.37030000003676,28.59180399963103],[-81.37030300040979,28.591945000319654],[-81.37030500005962,28.59207899974149],[-81.3703100000825,28.592353999921272],[-81.37040100031909,28.592353999921272],[-81.37081300004773,28.592356000223994]]]},"properties":{"block_id":"120950190001039","school_id":"sch_killarney_elementary","kids_est":0,"class":"green","shortest":{"len_m":1551.2,"mean_c":37.06,"peak_c":37.6,"dose":87.4},"coolest":{"len_m":1554.3,"mean_c":37.02,"peak_c":37.6,"dose":87.0},"delta_mean_c":-0.04,"delta_dose_pct":0,"distance_mi":0.784,"status_now":"walk","status_rec":"walk","reason":"Shortest route already under threshold (dose 87).","safe_until_hour":null}},{"type":"Feature","geometry":{"type":"Polygon","coordinates":[[[-81.37047400011403,28.593144999935646],[-81.37047599976385,28.59302399981451],[-81.37046999991607,28.5926359996339],[-81.37039499957301,28.592635000273987],[-81.37031400028046,28.5926359996339],[-81.37031599993027,28.592715999666403],[-81.37032099995315,28.59300900000493],[-81.37032400032619,28.593140000005103],[-81.37038600025049,28.59314200029285],[-81.37047400011403,28.593144999935646]]]},"properties":{"block_id":"120950190001038","school_id":"sch_killarney_elementary","kids_est":0,"class":"green","shortest":{"len_m":1543.7,"mean_c":37.06,"peak_c":37.6,"dose":87.1},"coolest":{"len_m":1546.8,"mean_c":37.02,"peak_c":37.6,"dose":86.7},"delta_mean_c":-0.04,"delta_dose_pct":0,"distance_mi":0.773,"status_now":"walk","status_rec":"walk","reason":"Shortest route already under threshold (dose 87).","safe_until_hour":null}},{"type":"Feature","geometry":{"type":"Polygon","coordinates":[[[-81.3773430002734,28.588927999749625],[-81.37736699966453,28.588947000087895],[-81.3773420004485,28.58879900039262],[-81.37734099972526,28.588780000027544],[-81.37733999990034,28.5887250000724],[-81.37733999990034,28.58870699988006],[-81.3773359997024,28.58850100000092],[-81.37732599965663,28.587886000101104],[-81.37732300018192,28.58768100038675],[-81.37731999980886,28.58750000028367],[-81.37731099958803,28.586956999682535],[-81.3773080001133,28.586777000115106],[-81.37727600032625,28.586775999910678],[-81.37718099989168,28.586775999910678],[-81.37714999992954,28.586775999910678],[-81.37692399997374,28.58677400029062],[-81.3769070002553,28.58677400029062],[-81.37676099976711,28.586773000086158],[-81.37617999998407,28.58677099967727],[-81.37592399989104,28.58677099967727],[-81.37596800027197,28.586854000051048],[-81.37604799973958,28.587003999733533],[-81.37617199958815,28.587239999873635],[-81.37630800003059,28.58738599978863],[-81.37653200033658,28.587625999856716],[-81.37667399972848,28.587765000237265],[-81.3769420004154,28.588026000330416],[-81.37710100042406,28.588181000085147],[-81.37725899970948,28.58833500021055],[-81.37726499955728,28.58864500015801],[-81.3772799996259,28.5888780000054],[-81.3773430002734,28.588927999749625]]]},"properties":{"block_id":"120950153002022","school_id":"sch_killarney_elementary","kids_est":0,"class":"green","shortest":{"len_m":1528.7,"mean_c":37.31,"peak_c":37.6,"dose":91.4},"coolest":{"len_m":1529.1,"mean_c":37.29,"peak_c":37.6,"dose":91.1},"delta_mean_c":-0.02,"delta_dose_pct":0,"distance_mi":0.656,"status_now":"walk","status_rec":"walk","reason":"Shortest route already under threshold (dose 91).","safe_until_hour":null}},{"type":"Feature","geometry":{"type":"Polygon","coordinates":[[[-81.38209500009148,28.59296100012653],[-81.38185999991485,28.592751000105125],[-81.38176299983046,28.592669999950967],[-81.38150900028556,28.592690999909284],[-81.38182300010493,28.59295500004157],[-81.38209500009148,28.59296100012653]]]},"properties":{"block_id":"120950190001051","school_id":"sch_killarney_elementary","kids_est":0,"class":"green","shortest":{"len_m":1287.0,"mean_c":37.56,"peak_c":37.6,"dose":81.4},"coolest":{"len_m":1287.0,"mean_c":37.56,"peak_c":37.6,"dose":81.4},"delta_mean_c":0.0,"delta_dose_pct":0,"distance_mi":0.183,"status_now":"walk","status_rec":"walk","reason":"Shortest route already under threshold (dose 81).","safe_until_hour":null}},{"type":"Feature","geometry":{"type":"Polygon","coordinates":[[[-81.38182300010493,28.59295500004157],[-81.38150900028556,28.592690999909284],[-81.38148599982104,28.592693000205593],[-81.3811300001689,28.592724000060656],[-81.38092099993152,28.592742000353976],[-81.38044499973044,28.592299000258397],[-81.38045099957823,28.59263799993125],[-81.379983999598,28.592644000034298],[-81.37951599979286,28.59265100028554],[-81.37935900033233,28.592652999793835],[-81.37889200035211,28.592658999895963],[-81.37888399995619,28.592206999653666],[-81.3786460003048,28.59221000011192],[-81.3785750001597,28.59221000011192],[-81.37841699997594,28.592211999628596],[-81.37836300044759,28.592212999781303],[-81.37829300012739,28.592213999934014],[-81.37811400002725,28.592215000086696],[-81.37779799965975,28.592218999908603],[-81.37758000009985,28.592222999730367],[-81.37740299964953,28.592227000340678],[-81.37740400037276,28.59241400030954],[-81.37740600002259,28.592528000085085],[-81.37742000026628,28.59297599994297],[-81.37742600011407,28.593164000300558],[-81.37777900029148,28.593155999939786],[-81.37867200024408,28.59313899986126],[-81.37883799992542,28.59313299978647],[-81.37919199992776,28.59312299992398],[-81.37946100043959,28.593109999628112],[-81.37953500005943,28.593106999984325],[-81.37986800014536,28.593092000186587],[-81.38019000036064,28.59308600010911],[-81.38026800017845,28.59308600010911],[-81.38043999970758,28.593070000163817],[-81.38071500006718,28.593013999941643],[-81.38099700009948,28.593005000213072],[-81.38118899972012,28.592972000149867],[-81.3814549998589,28.592948999956345],[-81.38182300010493,28.59295500004157]]]},"properties":{"block_id":"120950190001030","school_id":"sch_killarney_elementary","kids_est":0,"class":"green","shortest":{"len_m":731.2,"mean_c":37.44,"peak_c":37.6,"dose":45.2},"coolest":{"len_m":731.2,"mean_c":37.44,"peak_c":37.6,"dose":45.2},"delta_mean_c":0.0,"delta_dose_pct":0,"distance_mi":0.289,"status_now":"walk","status_rec":"walk","reason":"Shortest route already under threshold (dose 45).","safe_until_hour":null}},{"type":"Feature","geometry":{"type":"Polygon","coordinates":[[[-81.35111500031405,28.59048399997221],[-81.35115999962157,28.590466000080976],[-81.35003800023846,28.589609999944557],[-81.34922700030164,28.58931200027409],[-81.348591000267,28.589238999707206],[-81.34798700001942,28.58916899963464],[-81.34751099981835,28.589229999655405],[-81.34678299972221,28.589324000070647],[-81.34570999984457,28.589859999842457],[-81.34479199977764,28.59057599971847],[-81.3439099996957,28.591445999751773],[-81.3431349997439,28.592363999856925],[-81.34245500022664,28.592972000149867],[-81.34239499995219,28.594618000352447],[-81.34241300039386,28.594635000191783],[-81.3424450001809,28.59464000005122],[-81.34250700010519,28.594629000202435],[-81.34258200044825,28.594590999998818],[-81.34274999977943,28.594551999651028],[-81.34285500025973,28.594535999928883],[-81.34298099975813,28.59451900007348],[-81.34313700029203,28.59451900007348],[-81.34351700023362,28.594497000349374],[-81.3436910003109,28.59444800023032],[-81.34383500025096,28.59438200021086],[-81.3439659997722,28.594265999813402],[-81.34405899965861,28.59416699999167],[-81.34415900011605,28.594089999890517],[-81.34416800033688,28.59408399987006],[-81.34432700034553,28.593990999903014],[-81.344564000172,28.593809000272344],[-81.3446200002485,28.593764999733576],[-81.34473200040149,28.593716000061995],[-81.3448880000371,28.59366600022874],[-81.34533699957568,28.59347300006549],[-81.34550499980516,28.59339100032617],[-81.34564899974521,28.593302999669092],[-81.3457049998217,28.59322599972381],[-81.34573599978386,28.593109999628112],[-81.34572999993607,28.592989999612005],[-81.34572999993607,28.592972000149867],[-81.34574800037772,28.592894999962176],[-81.34582899967026,28.592795999637964],[-81.34600399957245,28.59261999962012],[-81.34604100028068,28.592542999963367],[-81.34605999964894,28.59243300001779],[-81.34604700012846,28.592317999987436],[-81.34595400024205,28.592246000082735],[-81.34567899988244,28.592164000175053],[-81.345585999996,28.592119999736486],[-81.34552999991952,28.592058999815084],[-81.34550499980516,28.592010000137055],[-81.34551099965294,28.591931999878103],[-81.3455359997673,28.591860999865077],[-81.34583500041637,28.59155800025926],[-81.34600299974753,28.5913439999464],[-81.34614699968759,28.59122300011851],[-81.34627800010713,28.591133999849824],[-81.34646499970489,28.591035000233475],[-81.34705399988385,28.59074800012563],[-81.3472249995881,28.5906659998382],[-81.34758000031366,28.590412999770013],[-81.34778600017798,28.59022600018561],[-81.34780500044455,28.59021499987494],[-81.34799100021738,28.59018400006873],[-81.34800399973787,28.590181999724674],[-81.34813500015741,28.590089000249506],[-81.34828499994526,28.590027999938346],[-81.34841499964159,28.58991799972746],[-81.34855299973385,28.589907000173344],[-81.34864599962029,28.58991799972746],[-81.3487329996589,28.589950999960585],[-81.34883999978904,28.590021999685977],[-81.34902700028509,28.590181999724674],[-81.349132999692,28.59024199977504],[-81.3493300002338,28.59031599981622],[-81.34942599959496,28.590351999646852],[-81.34958799997666,28.590402000267638],[-81.34968699971085,28.590427999950016],[-81.34975000035838,28.5904459998477],[-81.34988099987963,28.59046200019242],[-81.35001800014697,28.59046799963082],[-81.35014899966822,28.5904459998477],[-81.35029799963112,28.59043999961925],[-81.35044199957119,28.59046200019242],[-81.35073500037247,28.590538999795868],[-81.3507939999237,28.590538999795868],[-81.3508719997415,28.590538999795868],[-81.35111500031405,28.59048399997221]]]},"properties":{"block_id":"120950160011043","school_id":"sch_killarney_elementary","kids_est":0,"class":"red","shortest":{"len_m":3967.8,"mean_c":36.63,"peak_c":37.6,"dose":200.0},"coolest":{"len_m":3970.9,"mean_c":36.63,"peak_c":37.6,"dose":199.9},"delta_mean_c":0.0,"delta_dose_pct":0,"distance_mi":2.274,"status_now":"bus","status_rec":"bus_eligible","reason":"Coolest route mean 36.6C exceeds threshold (110 C-min dose, actual 200).","safe_until_hour":"11:00"}},{"type":"Feature","geometry":{"type":"Polygon","coordinates":[[[-81.37333999956954,28.595904000108394],[-81.37333899974462,28.59587800020291],[-81.37333899974462,28.595801999896356],[-81.37333899974462,28.595777000084432],[-81.3733379999197,28.59560000020499],[-81.37333700009478,28.5953039996202],[-81.37333200007193,28.595071999943443],[-81.37332899969887,28.594896999919904],[-81.37332500039923,28.594720000136014],[-81.37331600017839,28.59419100005258],[-81.37331299980535,28.59401500000416],[-81.37331100015552,28.593861999659914],[-81.3733089996074,28.593576999662098],[-81.37321700044421,28.593576999662098],[-81.37321400007114,28.593686999988094],[-81.3728309997565,28.593685999849406],[-81.37273600022027,28.593685999849406],[-81.37276100033462,28.595452999744307],[-81.372746000266,28.59551699963744],[-81.37273299984722,28.595548000237187],[-81.37284800037325,28.5956289997511],[-81.37293700006171,28.59569200020628],[-81.37320599967524,28.59586099977587],[-81.37323499998755,28.595879000320732],[-81.37329899956164,28.595899000309082],[-81.37333999956954,28.595904000108394]]]},"properties":{"block_id":"120950190001006","school_id":"sch_killarney_elementary","kids_est":2,"class":"green","shortest":{"len_m":1387.2,"mean_c":37.19,"peak_c":37.6,"dose":80.8},"coolest":{"len_m":1396.9,"mean_c":37.1,"peak_c":37.6,"dose":79.9},"delta_mean_c":-0.09,"delta_dose_pct":-1,"distance_mi":0.595,"status_now":"walk","status_rec":"walk","reason":"Shortest route already under threshold (dose 81).","safe_until_hour":null}},{"type":"Feature","geometry":{"type":"Polygon","coordinates":[[[-81.37274399971787,28.59351900021831],[-81.37274299989295,28.593269000345536],[-81.37274299989295,28.593168000086344],[-81.371865000009,28.593164000300558],[-81.371788999841,28.593164000300558],[-81.37175500040412,28.593164000300558],[-81.37175500040412,28.593257000210507],[-81.37175500040412,28.59361500023229],[-81.37175600022904,28.593684000360767],[-81.37185300031342,28.593684000360767],[-81.37273600022027,28.593685999849406],[-81.37274399971787,28.59351900021831]]]},"properties":{"block_id":"120950190001027","school_id":"sch_killarney_elementary","kids_est":0,"class":"green","shortest":{"len_m":1398.2,"mean_c":37.09,"peak_c":37.6,"dose":79.8},"coolest":{"len_m":1398.2,"mean_c":37.09,"peak_c":37.6,"dose":79.8},"delta_mean_c":0.0,"delta_dose_pct":0,"distance_mi":0.656,"status_now":"walk","status_rec":"walk","reason":"Shortest route already under threshold (dose 80).","safe_until_hour":null}},{"type":"Feature","geometry":{"type":"Polygon","coordinates":[[[-81.360953999686,28.594010000114988],[-81.36095200003616,28.593929000142264],[-81.36095000038635,28.59382299983039],[-81.36093899961739,28.59326200013544],[-81.36093899961739,28.593231999793286],[-81.36094100016552,28.593076000242146],[-81.36053500028466,28.593082999675854],[-81.35882499964916,28.59309999976344],[-81.35882800002221,28.593287999899253],[-81.35883800006795,28.59385199986678],[-81.35884200026591,28.594040000235168],[-81.35899000040392,28.594040000235168],[-81.3592640000403,28.59403500034719],[-81.3605310000867,28.59401600013972],[-81.360953999686,28.594010000114988]]]},"properties":{"block_id":"120950159012041","school_id":"sch_killarney_elementary","kids_est":0,"class":"red","shortest":{"len_m":2521.8,"mean_c":36.71,"peak_c":37.6,"dose":130.1},"coolest":{"len_m":2521.8,"mean_c":36.71,"peak_c":37.6,"dose":130.1},"delta_mean_c":0.0,"delta_dose_pct":0,"distance_mi":1.398,"status_now":"walk","status_rec":"bus_eligible","reason":"Coolest route mean 36.7C exceeds threshold (110 C-min dose, actual 130).","safe_until_hour":"14:00"}},{"type":"Feature","geometry":{"type":"Polygon","coordinates":[[[-81.35894699984789,28.598919999917975],[-81.35894600002297,28.598677000122056],[-81.35893400032742,28.598434999857737],[-81.35892900030454,28.598016000070537],[-81.35891800043389,28.597687999920392],[-81.35688700030634,28.597692999634607],[-81.35688599958311,28.59791499964041],[-81.35690099965173,28.59866699999828],[-81.3569120004207,28.599059000350316],[-81.35788700038904,28.599071999910446],[-81.35857199992918,28.599055000000032],[-81.35883800006795,28.59905399991242],[-81.35894100000012,28.599057000175172],[-81.35894299964993,28.599031000261007],[-81.35894699984789,28.598919999917975]]]},"properties":{"block_id":"120950159011021","school_id":"sch_killarney_elementary","kids_est":0,"class":"red","shortest":{"len_m":3121.5,"mean_c":36.5,"peak_c":37.6,"dose":152.5},"coolest":{"len_m":3121.5,"mean_c":36.5,"peak_c":37.6,"dose":152.5},"delta_mean_c":0.0,"delta_dose_pct":0,"distance_mi":1.527,"status_now":"walk","status_rec":"bus_eligible","reason":"Coolest route mean 36.5C exceeds threshold (110 C-min dose, actual 152).","safe_until_hour":"13:00"}},{"type":"Feature","geometry":{"type":"Polygon","coordinates":[[[-81.35245500015537,28.58860700015767],[-81.35246100000317,28.588353999867238],[-81.35244799958438,28.58819999976962],[-81.35241099977445,28.588112000288696],[-81.3523360003297,28.588039999869764],[-81.35216100042751,28.58793600031707],[-81.35203099983285,28.58787000015314],[-81.35188100004504,28.58781499972197],[-81.35173100025719,28.587737999701044],[-81.35154399976113,28.58762800024938],[-81.3514569997225,28.587551000091512],[-81.35142999995833,28.587489999885413],[-81.35136999968387,28.587353000328022],[-81.35132600020124,28.58713799993155],[-81.35130100008689,28.586951000043722],[-81.35126299955374,28.586885000050305],[-81.35101400003173,28.586715000043778],[-81.350963999803,28.586643000245843],[-81.35070199986218,28.586598999863035],[-81.35061499982355,28.586605000310755],[-81.35048900032515,28.586643999662773],[-81.35045900018794,28.586654000141486],[-81.3503219999206,28.586725999931893],[-81.35019100039933,28.586824999661786],[-81.35002300016983,28.586972999769365],[-81.34987300038202,28.587128000287617],[-81.34975500038124,28.58727599996876],[-81.34948099984655,28.587584000278774],[-81.349428999968,28.587616999666874],[-81.34935600017306,28.58766700001078],[-81.3492380001723,28.587717000330887],[-81.34905700042233,28.587721999730558],[-81.34897200003351,28.587705999757695],[-81.34885700040579,28.587684000185366],[-81.34879499958319,28.58764499964153],[-81.3486890001763,28.587545999894907],[-81.34855199990893,28.587397999805063],[-81.34847699956586,28.58726600033796],[-81.34845200034982,28.587188999914986],[-81.34844599960373,28.587034999688555],[-81.34841399981667,28.586879999822024],[-81.34843300008326,28.58678100014391],[-81.34843899993103,28.586762999618767],[-81.34848300031197,28.586648999902227],[-81.34848300031197,28.586506000373657],[-81.3484699998932,28.586407000343403],[-81.3484220002126,28.586214999684422],[-81.3484079999689,28.58615999996516],[-81.34837700000676,28.58607200035446],[-81.34838299985454,28.585978000186994],[-81.34841999966446,28.58592799982873],[-81.3484449997788,28.58585699970508],[-81.34843899993103,28.58576899984077],[-81.34840200012113,28.58570299989425],[-81.34831400025757,28.585620000189497],[-81.34822700021893,28.58558700017466],[-81.34807099968502,28.58555999986797],[-81.34775900041379,28.585443999990613],[-81.3476470002608,28.58539000008564],[-81.34748499987909,28.585334999934865],[-81.34727300016698,28.585285000059613],[-81.34687999980659,28.58514799999574],[-81.34652499997937,28.584900000381833],[-81.34619500026648,28.584622999975295],[-81.34586999967814,28.584349999749183],[-81.34572699956301,28.584262000201377],[-81.34559000019397,28.58420700024938],[-81.34542799981226,28.584179000148048],[-81.34527200017666,28.584169000222726],[-81.3451330002595,28.58418699961432],[-81.34597199978539,28.58541200013795],[-81.34673599986655,28.586528000192462],[-81.34783999970634,28.588141000322985],[-81.34833900037192,28.588868999922695],[-81.34848999998466,28.589090000240507],[-81.348591000267,28.589238999707206],[-81.34922700030164,28.58931200027409],[-81.35003800023846,28.589609999944557],[-81.35115999962157,28.590466000080976],[-81.35122699956872,28.59043999961925],[-81.35134000044495,28.590384999743748],[-81.35151399962392,28.590268999668137],[-81.35158300011919,28.59024199977504],[-81.35167600000563,28.590186999795925],[-81.35181999994566,28.590081999827646],[-81.35189899958837,28.58983799993211],[-81.35193799994644,28.589719000301272],[-81.35204400025165,28.589476999920684],[-81.352069000366,28.58943800004195],[-81.3521179998715,28.589388999931074],[-81.35218700036678,28.589350000019632],[-81.35219900006234,28.589229000263114],[-81.35224300044327,28.58914100006584],[-81.3523299995836,28.589003000110154],[-81.35241699962224,28.58878900011788],[-81.35245500015537,28.58860700015767]]]},"properties":{"block_id":"120950161003010","school_id":"sch_killarney_elementary","kids_est":0,"class":"red","shortest":{"len_m":4344.4,"mean_c":36.76,"peak_c":37.6,"dose":226.9},"coolest":{"len_m":4364.3,"mean_c":36.7,"peak_c":37.6,"dose":224.7},"delta_mean_c":-0.06,"delta_dose_pct":-1,"distance_mi":2.1,"status_now":"bus","status_rec":"bus_eligible","reason":"Coolest route mean 36.7C exceeds threshold (110 C-min dose, actual 225).","safe_until_hour":"11:00"}},{"type":"Feature","geometry":{"type":"Polygon","coordinates":[[[-81.37542000010089,28.596698999876672],[-81.37541599990291,28.59651499997897],[-81.37540699968208,28.5959660002817],[-81.37540400020735,28.595783000008314],[-81.37499099975548,28.595780999770806],[-81.37375200019649,28.595778000203225],[-81.37333899974462,28.595777000084432],[-81.37333899974462,28.595801999896356],[-81.37333899974462,28.59587800020291],[-81.37333999956954,28.595904000108394],[-81.37334299994258,28.59619100033637],[-81.37334799996545,28.596257000008624],[-81.37335800001118,28.596283999934332],[-81.3733939999962,28.596317999860076],[-81.37346299959317,28.596348000110215],[-81.37357800011922,28.596399999682163],[-81.37411299987151,28.596648999884923],[-81.37417999981868,28.596674000278114],[-81.37424799959072,28.596690999784926],[-81.37430899969009,28.596695000225246],[-81.37491200011277,28.596696999656608],[-81.37542000010089,28.596698999876672]]]},"properties":{"block_id":"120950190001008","school_id":"sch_killarney_elementary","kids_est":1,"class":"green","shortest":{"len_m":1259.9,"mean_c":37.29,"peak_c":37.6,"dose":75.1},"coolest":{"len_m":1259.9,"mean_c":37.29,"peak_c":37.6,"dose":75.1},"delta_mean_c":0.0,"delta_dose_pct":0,"distance_mi":0.512,"status_now":"walk","status_rec":"walk","reason":"Shortest route already under threshold (dose 75).","safe_until_hour":null}},{"type":"Feature","geometry":{"type":"Polygon","coordinates":[[[-81.37748200019057,28.596694000115182],[-81.37747899981751,28.596511999643663],[-81.37747200014483,28.5959689998439],[-81.37746999959668,28.595787999813073],[-81.37705600021822,28.595786999694383],[-81.37581699976091,28.59578400012698],[-81.37540400020735,28.595783000008314],[-81.37540699968208,28.5959660002817],[-81.37541599990291,28.59651499997897],[-81.37542000010089,28.596698999876672],[-81.37583199982953,28.596698999876672],[-81.3770689997387,28.5966999999867],[-81.37740600002259,28.59670100009671],[-81.37748200019057,28.596694000115182]]]},"properties":{"block_id":"120950190001005","school_id":"sch_killarney_elementary","kids_est":0,"class":"green","shortest":{"len_m":1332.7,"mean_c":37.28,"peak_c":37.6,"dose":79.3},"coolest":{"len_m":1332.7,"mean_c":37.28,"peak_c":37.6,"dose":79.3},"delta_mean_c":0.0,"delta_dose_pct":0,"distance_mi":0.393,"status_now":"walk","status_rec":"walk","reason":"Shortest route already under threshold (dose 79).","safe_until_hour":null}},{"type":"Feature","geometry":{"type":"Polygon","coordinates":[[[-81.38359599959131,28.59301500008673],[-81.3835939999415,28.59291700002156],[-81.38358999974353,28.59262300006658],[-81.38358899991862,28.592525999785696],[-81.38358800009368,28.592510999904984],[-81.38358800009368,28.5924700000625],[-81.38358800009368,28.59245600032427],[-81.38358600044387,28.592316999835734],[-81.38350299970489,28.592319000139156],[-81.38307000005983,28.59232500026041],[-81.38307500008271,28.59259999979664],[-81.3826370004148,28.592605999901863],[-81.38256600026969,28.59260700005082],[-81.38252199988877,28.59260700005082],[-81.38248400025392,28.592608000199775],[-81.38247000001022,28.59260900034873],[-81.3823429997886,28.59261999962012],[-81.38223499983357,28.592629000170493],[-81.38211600000788,28.592639000079913],[-81.38176299983046,28.592669999950967],[-81.38185999991485,28.592751000105125],[-81.38209500009148,28.59296100012653],[-81.38248599990375,28.59294699966491],[-81.38255600022394,28.592944000016466],[-81.38264099971445,28.59295299975025],[-81.38273500032409,28.592957999689713],[-81.38302800022704,28.592944000016466],[-81.38346599989497,28.592934000135987],[-81.38359599959131,28.59301500008673]]]},"properties":{"block_id":"120950153002012","school_id":"sch_killarney_elementary","kids_est":0,"class":"green","shortest":{"len_m":901.5,"mean_c":37.54,"peak_c":37.6,"dose":56.6},"coolest":{"len_m":901.5,"mean_c":37.54,"peak_c":37.6,"dose":56.6},"delta_mean_c":0.0,"delta_dose_pct":0,"distance_mi":0.18,"status_now":"walk","status_rec":"walk","reason":"Shortest route already under threshold (dose 57).","safe_until_hour":null}},{"type":"Feature","geometry":{"type":"Polygon","coordinates":[[[-81.37740299964953,28.592227000340678],[-81.37740099999971,28.592149000242742],[-81.3773990003499,28.592002999843118],[-81.37739599997686,28.591859000341717],[-81.37739500015194,28.59176800029763],[-81.37738699975601,28.591312999684327],[-81.3772300002955,28.591309999989253],[-81.37714800027973,28.591308999827945],[-81.37700000014172,28.591308999827945],[-81.37700099996664,28.591441999900454],[-81.37700699981441,28.591767000140674],[-81.37622799966464,28.591764999826758],[-81.37622099999197,28.591380000213785],[-81.37622000016705,28.59131100015055],[-81.37621900034213,28.591243000203956],[-81.37621199977113,28.590855999925576],[-81.37606600018125,28.590855999925576],[-81.37606600018125,28.59112399979719],[-81.37607200002904,28.59131100015055],[-81.3760269998232,28.591312000311834],[-81.37592600043916,28.591312000311834],[-81.37590999964733,28.591312000311834],[-81.375667999798,28.591312000311834],[-81.37519699961982,28.591313999845596],[-81.37512899984775,28.591313999845596],[-81.3748929998462,28.591312999684327],[-81.37466199986751,28.591312000311834],[-81.37459400009544,28.591312000311834],[-81.37433200015464,28.59131100015055],[-81.37423699972005,28.59131100015055],[-81.37405799961992,28.591309999989253],[-81.37388799974063,28.591309999989253],[-81.3738869999157,28.591528000219522],[-81.37388899956552,28.591687000174748],[-81.37389100011366,28.591758999673534],[-81.37389199993858,28.591835999904617],[-81.3738939995884,28.59199000019752],[-81.37389699996145,28.59214400026482],[-81.3739000003345,28.592212999781303],[-81.37406099999296,28.592212999781303],[-81.3742380004433,28.592212999781303],[-81.37445600000318,28.592212999781303],[-81.37487100010487,28.592215000086696],[-81.37530100027519,28.592217000392065],[-81.3760190003256,28.59222100021384],[-81.37623900043361,28.59222000006126],[-81.37649499962833,28.592218999908603],[-81.37677099981288,28.59222000006126],[-81.37727399977811,28.592222000366462],[-81.3773850001062,28.592218999908603],[-81.37740299964953,28.592227000340678]]]},"properties":{"block_id":"120950190001042","school_id":"sch_killarney_elementary","kids_est":0,"class":"green","shortest":{"len_m":1063.2,"mean_c":37.38,"peak_c":37.6,"dose":64.6},"coolest":{"len_m":1063.6,"mean_c":37.34,"peak_c":37.6,"dose":64.3},"delta_mean_c":-0.04,"delta_dose_pct":0,"distance_mi":0.505,"status_now":"walk","status_rec":"walk","reason":"Shortest route already under threshold (dose 65).","safe_until_hour":null}},{"type":"Feature","geometry":{"type":"Polygon","coordinates":[[[-81.37320900004828,28.587672999608728],[-81.37319200032985,28.58676399982332],[-81.37112000019441,28.586758000173486],[-81.37114100011081,28.58766700001078],[-81.37155399966436,28.58766800020673],[-81.37279499977149,28.587671000005717],[-81.37320900004828,28.587672999608728]]]},"properties":{"block_id":"120950190001066","school_id":"sch_killarney_elementary","kids_est":2,"class":"red","shortest":{"len_m":1946.0,"mean_c":37.22,"peak_c":37.6,"dose":114.0},"coolest":{"len_m":1982.3,"mean_c":37.05,"peak_c":37.6,"dose":111.6},"delta_mean_c":-0.17,"delta_dose_pct":-2,"distance_mi":0.854,"status_now":"walk","status_rec":"bus_eligible","reason":"Coolest route mean 37.0C exceeds threshold (110 C-min dose, actual 112).","safe_until_hour":"14:00"}},{"type":"Feature","geometry":{"type":"Polygon","coordinates":[[[-81.37276600035749,28.593168000086344],[-81.37275999961139,28.592362000343122],[-81.3727529999387,28.59196400011266],[-81.37270899955777,28.589484000382836],[-81.3725139995641,28.589483000204158],[-81.37192899958308,28.589482000025473],[-81.37173399958941,28.589482000025473],[-81.37174000033552,28.589787999831817],[-81.3717539996809,28.590399999927744],[-81.37175799987887,28.590708999929525],[-81.37176299990175,28.591016999647866],[-81.37176399972664,28.591060000384424],[-81.37176999957441,28.591610999993026],[-81.37183599969667,28.59160999983458],[-81.37226000001921,28.59161200015146],[-81.37226300039224,28.591888000131203],[-81.37184099971952,28.591881999985002],[-81.37177399977237,28.59188099982915],[-81.37177899979527,28.59217400012877],[-81.37184499991749,28.59217400012877],[-81.37226900024002,28.59217500028185],[-81.37227099988984,28.592299000258397],[-81.37227199971475,28.592339000016082],[-81.372273000438,28.592435999680816],[-81.37227599991272,28.59258499992655],[-81.37186300035916,28.592582999628192],[-81.37178600036627,28.592582999628192],[-81.37178600036627,28.592604999752883],[-81.3717880000161,28.593024999959496],[-81.3717749995973,28.59312600035609],[-81.37175500040412,28.593164000300558],[-81.371788999841,28.593164000300558],[-81.371865000009,28.593164000300558],[-81.37274299989295,28.593168000086344],[-81.37276600035749,28.593168000086344]]]},"properties":{"block_id":"120950190001033","school_id":"sch_killarney_elementary","kids_est":0,"class":"green","shortest":{"len_m":1562.5,"mean_c":37.18,"peak_c":37.6,"dose":90.7},"coolest":{"len_m":1572.8,"mean_c":37.07,"peak_c":37.6,"dose":89.1},"delta_mean_c":-0.11,"delta_dose_pct":-2,"distance_mi":0.699,"status_now":"walk","status_rec":"walk","reason":"Shortest route already under threshold (dose 91).","safe_until_hour":null}},{"type":"Feature","geometry":{"type":"Polygon","coordinates":[[[-81.37329699991182,28.58943800004195],[-81.37327400034559,28.589265999857908],[-81.37324000001043,28.589004999687834],[-81.37322800031484,28.588749999983865],[-81.3732259997667,28.58870500029673],[-81.37322400011688,28.588578000251914],[-81.3728090000152,28.588577000064614],[-81.37182200035127,28.588577000064614],[-81.37156500043332,28.588574999690003],[-81.37115100015654,28.588571999916812],[-81.37115500035449,28.588752999751975],[-81.37116700005006,28.58929800011524],[-81.37117100024803,28.58947999966807],[-81.37128300040102,28.58947999966807],[-81.37162099961151,28.58948099984677],[-81.37173399958941,28.589482000025473],[-81.37192899958308,28.589482000025473],[-81.3725139995641,28.589483000204158],[-81.37270899955777,28.589484000382836],[-81.37282699955854,28.589484000382836],[-81.37303300032117,28.589484000382836],[-81.37315200014687,28.589471999815732],[-81.37318099956087,28.589465000141598],[-81.37326900032274,28.589447000075957],[-81.37329699991182,28.58943800004195]]]},"properties":{"block_id":"120950190001055","school_id":"sch_killarney_elementary","kids_est":1,"class":"green","shortest":{"len_m":1720.4,"mean_c":37.15,"peak_c":37.6,"dose":99.3},"coolest":{"len_m":1735.1,"mean_c":37.05,"peak_c":37.6,"dose":97.7},"delta_mean_c":-0.1,"delta_dose_pct":-2,"distance_mi":0.777,"status_now":"walk","status_rec":"walk","reason":"Shortest route already under threshold (dose 99).","safe_until_hour":null}},{"type":"Feature","geometry":{"type":"Polygon","coordinates":[[[-81.37069199967392,28.590769999845545],[-81.37068599982614,28.590705000050242],[-81.37068500000122,28.590592000043358],[-81.37068199962818,28.590369000176086],[-81.37067400013058,28.589700000102503],[-81.37067199958244,28.589478000099437],[-81.3704640000683,28.58947599974201],[-81.36983999972921,28.589472999994523],[-81.36963300003998,28.589471999815732],[-81.36963399986489,28.58959599982546],[-81.36963999971267,28.58996899993992],[-81.36964200026081,28.59009400032511],[-81.36964300008573,28.590195999765747],[-81.36964599956046,28.59034399986082],[-81.36964999975842,28.590504000198248],[-81.36965399995638,28.590607000197878],[-81.3696559996062,28.590702000337807],[-81.36974000017011,28.59070100017072],[-81.3701770000131,28.59070399988317],[-81.370177999838,28.590768000301452],[-81.37060200016055,28.590768000301452],[-81.37069199967392,28.590769999845545]]]},"properties":{"block_id":"120950190001045","school_id":"sch_killarney_elementary","kids_est":0,"class":"green","shortest":{"len_m":1922.9,"mean_c":36.97,"peak_c":37.6,"dose":106.0},"coolest":{"len_m":1926.0,"mean_c":36.94,"peak_c":37.6,"dose":105.6},"delta_mean_c":-0.03,"delta_dose_pct":0,"distance_mi":0.848,"status_now":"walk","status_rec":"walk","reason":"Shortest route already under threshold (dose 106).","safe_until_hour":null}},{"type":"Feature","geometry":{"type":"Polygon","coordinates":[[[-81.36990300037672,28.59312299992398],[-81.36989800035386,28.59296100012653],[-81.3698949999808,28.592924000254634],[-81.36988699958489,28.592806000320284],[-81.36985999982072,28.59264799983988],[-81.36975900043667,28.5923469996503],[-81.36973500014723,28.59223200031467],[-81.36972900029946,28.592149999607283],[-81.36966099962906,28.592149000242742],[-81.36945700031289,28.592149000242742],[-81.36938899964251,28.592149000242742],[-81.36906999980027,28.59214699993609],[-81.36811499992342,28.59214400026482],[-81.3677969999061,28.59214300011145],[-81.36779500025628,28.592335000198744],[-81.36779100005832,28.59291400037225],[-81.3677900002334,28.593106999984325],[-81.36797699983116,28.59310800012852],[-81.36853800042104,28.593110999772286],[-81.36872599984369,28.59311199991646],[-81.36885899991309,28.59311199991646],[-81.36926099959598,28.593115000348874],[-81.36939500038861,28.593115999704217],[-81.3694360003965,28.593115999704217],[-81.36955900042014,28.593115999704217],[-81.36960000042802,28.593116999848338],[-81.36965999980416,28.593117999992383],[-81.36984200027736,28.593120999635854],[-81.36990300037672,28.59312299992398]]]},"properties":{"block_id":"120950190003038","school_id":"sch_killarney_elementary","kids_est":0,"class":"green","shortest":{"len_m":1761.4,"mean_c":36.95,"peak_c":37.6,"dose":96.8},"coolest":{"len_m":1762.2,"mean_c":36.92,"peak_c":37.6,"dose":96.1},"delta_mean_c":-0.03,"delta_dose_pct":-1,"distance_mi":0.871,"status_now":"walk","status_rec":"walk","reason":"Shortest route already under threshold (dose 97).","safe_until_hour":null}},{"type":"Feature","geometry":{"type":"Polygon","coordinates":[[[-81.36872199964573,28.593475999698846],[-81.36872599984369,28.59311199991646],[-81.36853800042104,28.593110999772286],[-81.36797699983116,28.59310800012852],[-81.3677900002334,28.593106999984325],[-81.36778199983748,28.593930000278586],[-81.3677759999897,28.594906000275245],[-81.36779199988322,28.594963999742475],[-81.3678100003249,28.594996999969023],[-81.36784899978463,28.59497900006185],[-81.36788999979252,28.59496599999553],[-81.3679790003793,28.594952999927603],[-81.36799199989977,28.594951999800966],[-81.36850900010872,28.59494900020973],[-81.36862200008662,28.59494900020973],[-81.36865300004877,28.594940999984768],[-81.36867999981294,28.594924000194926],[-81.3687049999273,28.594887000225235],[-81.36870999995017,28.59485899981318],[-81.3687119996,28.594568000159498],[-81.36872199964573,28.593475999698846]]]},"properties":{"block_id":"120950190003037","school_id":"sch_killarney_elementary","kids_est":0,"class":"green","shortest":{"len_m":1834.6,"mean_c":36.88,"peak_c":37.6,"dose":99.2},"coolest":{"len_m":1834.6,"mean_c":36.88,"peak_c":37.6,"dose":99.2},"delta_mean_c":0.0,"delta_dose_pct":0,"distance_mi":0.89,"status_now":"walk","status_rec":"walk","reason":"Shortest route already under threshold (dose 99).","safe_until_hour":null}},{"type":"Feature","geometry":{"type":"Polygon","coordinates":[[[-81.36779500025628,28.592335000198744],[-81.3677969999061,28.59214300011145],[-81.36724799991012,28.592139999651273],[-81.36602000022177,28.592134999672986],[-81.36593200035821,28.59214300011145],[-81.36560199974701,28.592140999804684],[-81.3653120002171,28.592139999651273],[-81.36505399957593,28.592133000154792],[-81.36505899959882,28.592324000108757],[-81.36506699999472,28.592604999752883],[-81.36506899964455,28.592899999904386],[-81.36507000036778,28.593017000376868],[-81.36509600030703,28.593017999733153],[-81.36587200008375,28.593028000394405],[-81.36611099956005,28.59310200005196],[-81.36731900005522,28.59310800012852],[-81.36734599981939,28.593106999984325],[-81.3677900002334,28.593106999984325],[-81.36779100005832,28.59291400037225],[-81.36779500025628,28.592335000198744]]]},"properties":{"block_id":"120950190003040","school_id":"sch_killarney_elementary","kids_est":0,"class":"green","shortest":{"len_m":1961.5,"mean_c":36.87,"peak_c":37.6,"dose":105.5},"coolest":{"len_m":1962.3,"mean_c":36.84,"peak_c":37.6,"dose":104.8},"delta_mean_c":-0.03,"delta_dose_pct":-1,"distance_mi":1.012,"status_now":"walk","status_rec":"walk","reason":"Shortest route already under threshold (dose 106).","safe_until_hour":null}},{"type":"Feature","geometry":{"type":"Polygon","coordinates":[[[-81.36913000007473,28.58946699971049],[-81.3691190002041,28.58856399999533],[-81.36874699976009,28.58856199962046],[-81.36747100039118,28.58855700026074],[-81.36704700006864,28.588556000073233],[-81.3670510002666,28.588736999936014],[-81.36706399978709,28.589280000021024],[-81.36706899980996,28.58946100021491],[-81.36746899984304,28.58946200039379],[-81.3686709995921,28.589465000141598],[-81.36907200034842,28.58946600032045],[-81.36911599983102,28.58946600032045],[-81.36913000007473,28.58946699971049]]]},"properties":{"block_id":"120950190002001","school_id":"sch_killarney_elementary","kids_est":2,"class":"red","shortest":{"len_m":2119.1,"mean_c":36.91,"peak_c":37.6,"dose":115.0},"coolest":{"len_m":2120.3,"mean_c":36.88,"peak_c":37.6,"dose":114.4},"delta_mean_c":-0.03,"delta_dose_pct":-1,"distance_mi":0.995,"status_now":"walk","status_rec":"bus_eligible","reason":"Coolest route mean 36.9C exceeds threshold (110 C-min dose, actual 114).","safe_until_hour":"14:00"}},{"type":"Feature","geometry":{"type":"Polygon","coordinates":[[[-81.36910099976242,28.587769999634645],[-81.36913900029556,28.58766099962368],[-81.36871599979796,28.587657999824398],[-81.36744799992664,28.587652000225596],[-81.36702600015224,28.587649999833424],[-81.3670300003502,28.587830999678292],[-81.36704200004579,28.588373999709702],[-81.36704700006864,28.588556000073233],[-81.36747100039118,28.58855700026074],[-81.36874699976009,28.58856199962046],[-81.3691190002041,28.58856399999533],[-81.36911300035631,28.588510000115136],[-81.3691069996102,28.58813499996292],[-81.36910099976242,28.587769999634645]]]},"properties":{"block_id":"120950190002004","school_id":"sch_killarney_elementary","kids_est":1,"class":"red","shortest":{"len_m":2268.6,"mean_c":37.16,"peak_c":37.6,"dose":130.9},"coolest":{"len_m":2313.2,"mean_c":36.95,"peak_c":37.6,"dose":127.1},"delta_mean_c":-0.21,"delta_dose_pct":-3,"distance_mi":1.024,"status_now":"walk","status_rec":"bus_eligible","reason":"Coolest route mean 37.0C exceeds threshold (110 C-min dose, actual 127).","safe_until_hour":"14:00"}},{"type":"Feature","geometry":{"type":"Polygon","coordinates":[[[-81.36700900043381,28.586739000228384],[-81.36700500023585,28.58655900028784],[-81.36699400036521,28.586020999829273],[-81.36699099999215,28.58584199966169],[-81.366924000045,28.58584100023719],[-81.36672599967828,28.585838999810516],[-81.36665999955605,28.585838999810516],[-81.3660930000167,28.58581800006115],[-81.36530600036933,28.58581800006115],[-81.36506699999472,28.58581200035736],[-81.36493499975025,28.58593099967731],[-81.36493599957514,28.586019999617662],[-81.36494399997108,28.58653500006214],[-81.36494700034412,28.586711000012468],[-81.36535900007279,28.586712999633736],[-81.36617099983451,28.586716999664972],[-81.36654599975323,28.58673699981886],[-81.36659599998194,28.586735999614056],[-81.3668949997327,28.586735999614056],[-81.36700900043381,28.586739000228384]]]},"properties":{"block_id":"120950190002007","school_id":"sch_killarney_elementary","kids_est":2,"class":"red","shortest":{"len_m":2634.8,"mean_c":37.09,"peak_c":37.6,"dose":149.9},"coolest":{"len_m":2661.5,"mean_c":36.84,"peak_c":37.6,"dose":142.1},"delta_mean_c":-0.25,"delta_dose_pct":-5,"distance_mi":1.198,"status_now":"walk","status_rec":"bus_eligible","reason":"Coolest route mean 36.8C exceeds threshold (110 C-min dose, actual 142).","safe_until_hour":"13:00"}},{"type":"Feature","geometry":{"type":"Polygon","coordinates":[[[-81.36917500028058,28.58586099976881],[-81.36916900043279,28.585053999791036],[-81.36914599996827,28.583659999849672],[-81.36850200043602,28.583665000231065],[-81.36836799964341,28.583661000083737],[-81.36815299955825,28.583634000071292],[-81.36815299955825,28.584049000256005],[-81.36816199977909,28.5845629998737],[-81.36818500024361,28.585852999641123],[-81.36910999998325,28.5858600003445],[-81.36917500028058,28.58586099976881]]]},"properties":{"block_id":"120950190002012","school_id":"sch_killarney_elementary","kids_est":6,"class":"red","shortest":{"len_m":2794.5,"mean_c":37.07,"peak_c":37.6,"dose":158.0},"coolest":{"len_m":2821.2,"mean_c":36.83,"peak_c":37.6,"dose":150.2},"delta_mean_c":-0.24,"delta_dose_pct":-5,"distance_mi":1.126,"status_now":"walk","status_rec":"bus_eligible","reason":"Coolest route mean 36.8C exceeds threshold (110 C-min dose, actual 150).","safe_until_hour":"13:00"}},{"type":"Feature","geometry":{"type":"Polygon","coordinates":[[[-81.37114100011081,28.58363599975108],[-81.37113799973774,28.58286200014368],[-81.37113400043809,28.582754000020714],[-81.37047499993893,28.582764000080598],[-81.36999600026314,28.582765999776914],[-81.36955199984912,28.582772999896964],[-81.36944899991695,28.582762000384232],[-81.36932900026638,28.58273200020117],[-81.36922899980893,28.58269199994383],[-81.36915900038706,28.58265400015857],[-81.36904600040916,28.582580999702166],[-81.36892000001247,28.582489000059805],[-81.3677829996624,28.58347000016841],[-81.36784700013482,28.58352199979975],[-81.36790700040928,28.5835529999925],[-81.36803999958035,28.58360599981741],[-81.36815299955825,28.583634000071292],[-81.36836799964341,28.583661000083737],[-81.36850200043602,28.583665000231065],[-81.36914599996827,28.583659999849672],[-81.370141999853,28.58364899964082],[-81.37114100011081,28.58363599975108]]]},"properties":{"block_id":"120950190002018","school_id":"sch_killarney_elementary","kids_est":2,"class":"red","shortest":{"len_m":2627.7,"mean_c":37.1,"peak_c":37.6,"dose":149.5},"coolest":{"len_m":2672.3,"mean_c":36.92,"peak_c":37.6,"dose":145.7},"delta_mean_c":-0.18,"delta_dose_pct":-3,"distance_mi":1.157,"status_now":"walk","status_rec":"bus_eligible","reason":"Coolest route mean 36.9C exceeds threshold (110 C-min dose, actual 146).","safe_until_hour":"13:00"}},{"type":"Feature","geometry":{"type":"Polygon","coordinates":[[[-81.38054299963974,28.59346200009458],[-81.38057399960188,28.59312500021206],[-81.38043999970758,28.593070000163817],[-81.38026800017845,28.59308600010911],[-81.38019000036064,28.59308600010911],[-81.37986800014536,28.593092000186587],[-81.37953500005943,28.593106999984325],[-81.37946100043959,28.593109999628112],[-81.37919199992776,28.59312299992398],[-81.37919199992776,28.593147000223315],[-81.37919299975266,28.593219999654032],[-81.37919399957758,28.593245000074067],[-81.37919600012572,28.593398999880343],[-81.37919899960045,28.593504999831005],[-81.37920600017146,28.593576000311128],[-81.37929700040806,28.593575000171384],[-81.379947999613,28.593565999702076],[-81.37990499995529,28.59369900007403],[-81.38030800036142,28.593800999960617],[-81.3804620003472,28.593840999935523],[-81.38048400008852,28.593773000047985],[-81.3805180004237,28.59367200027305],[-81.3805259999213,28.593631000094625],[-81.3805390003401,28.593567999981733],[-81.38054299963974,28.59346200009458]]]},"properties":{"block_id":"120950190001016","school_id":"sch_killarney_elementary","kids_est":0,"class":"green","shortest":{"len_m":578.7,"mean_c":37.47,"peak_c":37.6,"dose":36.0},"coolest":{"len_m":578.7,"mean_c":37.47,"peak_c":37.6,"dose":36.0},"delta_mean_c":0.0,"delta_dose_pct":0,"distance_mi":0.22,"status_now":"walk","status_rec":"walk","reason":"Shortest route already under threshold (dose 36).","safe_until_hour":null}},{"type":"Feature","geometry":{"type":"Polygon","coordinates":[[[-81.34448200015623,28.595612000072535],[-81.34430899990387,28.595327000087234],[-81.34427499956868,28.595128999982865],[-81.344163000314,28.594870999765327],[-81.34404100011528,28.59472899971782],[-81.3440000001074,28.594618999693505],[-81.34404100011528,28.59450499981936],[-81.3439659997722,28.594265999813402],[-81.34383500025096,28.59438200021086],[-81.3436910003109,28.59444800023032],[-81.34351700023362,28.594497000349374],[-81.34313700029203,28.59451900007348],[-81.34298099975813,28.59451900007348],[-81.34285500025973,28.594535999928883],[-81.34274999977943,28.594551999651028],[-81.34258200044825,28.594590999998818],[-81.34250700010519,28.594629000202435],[-81.3424450001809,28.59464000005122],[-81.34241300039386,28.594635000191783],[-81.34239499995219,28.594618000352447],[-81.34235599959415,28.594825000204175],[-81.34235099957127,28.594855000091727],[-81.34231999960913,28.595213000192224],[-81.34232899982996,28.5954570002317],[-81.34233800005077,28.595667999699295],[-81.34242599991433,28.595654999718185],[-81.34257300022742,28.595643999975564],[-81.34272800003812,28.595640999615387],[-81.34390399984792,28.595626000179188],[-81.34398500003877,28.59562500005896],[-81.3442960003834,28.5956169998855],[-81.34448200015623,28.595612000072535]]]},"properties":{"block_id":"120950160011042","school_id":"sch_killarney_elementary","kids_est":0,"class":"red","shortest":{"len_m":4334.9,"mean_c":36.57,"peak_c":37.6,"dose":215.4},"coolest":{"len_m":4343.3,"mean_c":36.55,"peak_c":37.6,"dose":214.0},"delta_mean_c":-0.02,"delta_dose_pct":-1,"distance_mi":2.4,"status_now":"bus","status_rec":"bus_eligible","reason":"Coolest route mean 36.5C exceeds threshold (110 C-min dose, actual 214).","safe_until_hour":"11:00"}},{"type":"Feature","geometry":{"type":"Polygon","coordinates":[[[-81.35783299996237,28.58947599974201],[-81.35781799989375,28.58912999964165],[-81.35781700006885,28.589100999880152],[-81.35781200004598,28.588864999973328],[-81.35731699957834,28.588868999922695],[-81.3572930001872,28.58885400030905],[-81.35728599961621,28.588819000150416],[-81.35728099959333,28.588314000170886],[-81.35726899989777,28.5878799997265],[-81.35726999972266,28.587604999675428],[-81.3568079997653,28.587615000062808],[-81.35671900007685,28.587616999666874],[-81.35664200008397,28.5876240002528],[-81.35656599991599,28.587640999645597],[-81.35658199980949,28.58769300036952],[-81.35663299986312,28.587851999814415],[-81.35664999958156,28.587904999838887],[-81.35669599961231,28.58806700032843],[-81.35670099963518,28.58809600037512],[-81.35671700042703,28.58817499972739],[-81.35672199955157,28.588237999917133],[-81.35672400009973,28.5886910000571],[-81.35672599974956,28.588889999851496],[-81.35672400009973,28.58900999981505],[-81.35672199955157,28.5893720000321],[-81.35672199955157,28.589382999642243],[-81.35673300032055,28.58949200023431],[-81.35695300042858,28.589488999698474],[-81.35738799972344,28.589485999951357],[-81.35761299985434,28.58947999966807],[-81.35783299996237,28.58947599974201]]]},"properties":{"block_id":"120950161003006","school_id":"sch_killarney_elementary","kids_est":2,"class":"red","shortest":{"len_m":3318.0,"mean_c":36.72,"peak_c":37.6,"dose":171.1},"coolest":{"len_m":3321.2,"mean_c":36.7,"peak_c":37.6,"dose":170.2},"delta_mean_c":-0.02,"delta_dose_pct":-1,"distance_mi":1.627,"status_now":"walk","status_rec":"bus_eligible","reason":"Coolest route mean 36.7C exceeds threshold (110 C-min dose, actual 170).","safe_until_hour":"13:00"}},{"type":"Feature","geometry":{"type":"Polygon","coordinates":[[[-81.37590999964733,28.591312000311834],[-81.37590700017259,28.591242000042023],[-81.37590100032482,28.590854999759944],[-81.3757449997909,28.590854999759944],[-81.37558900015527,28.5908540003831],[-81.37543299962135,28.5908540003831],[-81.37528200000861,28.5908540003831],[-81.37512100035013,28.590853000217464],[-81.37512800002284,28.591239000344917],[-81.37512899984775,28.591313999845596],[-81.37519699961982,28.591313999845596],[-81.375667999798,28.591312000311834],[-81.37590999964733,28.591312000311834]]]},"properties":{"block_id":"120950190001041","school_id":"sch_killarney_elementary","kids_est":2,"class":"green","shortest":{"len_m":1326.0,"mean_c":37.34,"peak_c":37.6,"dose":79.9},"coolest":{"len_m":1326.4,"mean_c":37.32,"peak_c":37.6,"dose":79.6},"delta_mean_c":-0.02,"delta_dose_pct":0,"distance_mi":0.531,"status_now":"walk","status_rec":"walk","reason":"Shortest route already under threshold (dose 80).","safe_until_hour":null}},{"type":"Feature","geometry":{"type":"Polygon","coordinates":[[[-81.36679500017357,28.595798000210795],[-81.3668450004023,28.595733000369478],[-81.36677699973191,28.595704000063318],[-81.36671800018068,28.595694999776306],[-81.3660589996815,28.59570199982431],[-81.36511300002547,28.595714999799604],[-81.3651149996753,28.595879000320732],[-81.36512399989613,28.596371000348718],[-81.36512800009409,28.596535999957872],[-81.36538300036221,28.596532000300222],[-81.36614800026828,28.596523000084126],[-81.36634800028484,28.596520999860704],[-81.36640000016337,28.59650099999072],[-81.36643000030058,28.596474000120814],[-81.36649399987469,28.596351999774846],[-81.36674499994486,28.595879999649817],[-81.36676000001347,28.595852000291046],[-81.36679500017357,28.595798000210795]]]},"properties":{"block_id":"120950190003034","school_id":"sch_killarney_elementary","kids_est":0,"class":"red","shortest":{"len_m":2144.1,"mean_c":36.74,"peak_c":37.6,"dose":111.9},"coolest":{"len_m":2144.1,"mean_c":36.74,"peak_c":37.6,"dose":111.9},"delta_mean_c":0.0,"delta_dose_pct":0,"distance_mi":1.031,"status_now":"walk","status_rec":"bus_eligible","reason":"Coolest route mean 36.7C exceeds threshold (110 C-min dose, actual 112).","safe_until_hour":"14:00"}},{"type":"Feature","geometry":{"type":"Polygon","coordinates":[[[-81.35281099980755,28.600971999800453],[-81.35281099980755,28.600920000124564],[-81.35274200021055,28.600859999859807],[-81.35271799992113,28.600835999744334],[-81.35253100032337,28.600646999629227],[-81.35246199982808,28.600564999965925],[-81.35238300018537,28.600470000064465],[-81.3521189996964,28.600474000360897],[-81.3513300003992,28.600485999672],[-81.35106699973517,28.600495000337432],[-81.35106799956007,28.600636999692913],[-81.35107199975803,28.601062999762952],[-81.35107400030616,28.601205999995443],[-81.35142099973748,28.60120099965966],[-81.35236599956862,28.60119099977612],[-81.35246299965299,28.601188000362956],[-81.35281099980755,28.601179999824268],[-81.35281099980755,28.601128000251222],[-81.35281099980755,28.600971999800453]]]},"properties":{"block_id":"120950160011016","school_id":"sch_killarney_elementary","kids_est":0,"class":"red","shortest":{"len_m":3986.2,"mean_c":36.41,"peak_c":37.6,"dose":190.3},"coolest":{"len_m":3986.2,"mean_c":36.41,"peak_c":37.6,"dose":190.3},"delta_mean_c":0.0,"delta_dose_pct":0,"distance_mi":1.918,"status_now":"walk","status_rec":"bus_eligible","reason":"Coolest route mean 36.4C exceeds threshold (110 C-min dose, actual 190).","safe_until_hour":"12:00"}},{"type":"Feature","geometry":{"type":"Polygon","coordinates":[[[-81.36098700019627,28.595840999780282],[-81.36098499964814,28.595742999983678],[-81.36097999962526,28.595449000045466],[-81.36097899980034,28.595352000006137],[-81.36078100033195,28.595352000006137],[-81.360187999955,28.595355999708673],[-81.35999100031152,28.59535699983147],[-81.35999100031152,28.595453999866177],[-81.35999100031152,28.595745000221896],[-81.35999100031152,28.595841999898475],[-81.36018999960484,28.595840999780282],[-81.36078700017974,28.595840999780282],[-81.36098700019627,28.595840999780282]]]},"properties":{"block_id":"120950159012034","school_id":"sch_killarney_elementary","kids_est":0,"class":"red","shortest":{"len_m":2767.4,"mean_c":36.62,"peak_c":37.6,"dose":139.3},"coolest":{"len_m":2781.6,"mean_c":36.56,"peak_c":37.6,"dose":138.4},"delta_mean_c":-0.06,"delta_dose_pct":-1,"distance_mi":1.357,"status_now":"walk","status_rec":"bus_eligible","reason":"Coolest route mean 36.6C exceeds threshold (110 C-min dose, actual 138).","safe_until_hour":"13:00"}},{"type":"Feature","geometry":{"type":"Polygon","coordinates":[[[-81.37453800001894,28.583893999931966],[-81.37453200017117,28.58356899980851],[-81.37449600018616,28.58348199984291],[-81.37448100011754,28.58349000015105],[-81.37442000001818,28.583497000222895],[-81.37439099970585,28.583497000222895],[-81.37430600021537,28.583497000222895],[-81.37405199977215,28.583497000222895],[-81.37396800010656,28.583497000222895],[-81.3738529995805,28.583497000222895],[-81.3738159997706,28.583497000222895],[-81.373359999661,28.583497000222895],[-81.37320900004828,28.583497000222895],[-81.37319300015474,28.583497000222895],[-81.37314700012399,28.583497000222895],[-81.37313200005539,28.583497000222895],[-81.37313200005539,28.583520000117822],[-81.3731329998803,28.583588999772267],[-81.3731339997052,28.583611999647072],[-81.37313600025334,28.583744999990333],[-81.37314200010113,28.584146999910423],[-81.37314499957586,28.58428099980522],[-81.37318599958373,28.584280000365833],[-81.3733100003306,28.584280000365833],[-81.37335200016341,28.584280000365833],[-81.37349000025566,28.584279000137705],[-81.3739070000072,28.58427699968133],[-81.37392100025089,28.58427699968133],[-81.37404699974927,28.58427699968133],[-81.37406699984075,28.584276000241953],[-81.37412700011522,28.584276000241953],[-81.37414800003162,28.584276000241953],[-81.37423300042043,28.584276000241953],[-81.37422699967432,28.583893999931966],[-81.37453800001894,28.583893999931966]]]},"properties":{"block_id":"120950190001072","school_id":"sch_killarney_elementary","kids_est":0,"class":"red","shortest":{"len_m":2246.6,"mean_c":37.16,"peak_c":37.6,"dose":129.5},"coolest":{"len_m":2282.9,"mean_c":37.01,"peak_c":37.6,"dose":127.1},"delta_mean_c":-0.15,"delta_dose_pct":-2,"distance_mi":0.96,"status_now":"walk","status_rec":"bus_eligible","reason":"Coolest route mean 37.0C exceeds threshold (110 C-min dose, actual 127).","safe_until_hour":"14:00"}},{"type":"Feature","geometry":{"type":"Polygon","coordinates":[[[-81.35885700033452,28.594882000377538],[-81.35885399996147,28.594713000022555],[-81.35884599956556,28.594207999960968],[-81.35884499974064,28.594144000059554],[-81.35884200026591,28.594040000235168],[-81.35879100021228,28.594043999987633],[-81.35843700020996,28.59404700039346],[-81.35722500041514,28.594058999649537],[-81.3568210001841,28.594064000325133],[-81.35682399965884,28.59422899961203],[-81.35683299987967,28.594723999862605],[-81.35683700007763,28.594889999818236],[-81.35685299997115,28.59488399984339],[-81.35694199965961,28.59488499997068],[-81.35702000037573,28.59488499997068],[-81.35729599966194,28.594882000377538],[-81.35733300037016,28.594882000377538],[-81.35741100018798,28.594880000122895],[-81.35769999989297,28.594880000122895],[-81.3585669999063,28.59488100025021],[-81.35885700033452,28.594882000377538]]]},"properties":{"block_id":"120950159012039","school_id":"sch_killarney_elementary","kids_est":1,"class":"red","shortest":{"len_m":2965.5,"mean_c":36.63,"peak_c":37.6,"dose":149.7},"coolest":{"len_m":2967.2,"mean_c":36.62,"peak_c":37.6,"dose":149.5},"delta_mean_c":-0.01,"delta_dose_pct":0,"distance_mi":1.518,"status_now":"walk","status_rec":"bus_eligible","reason":"Coolest route mean 36.6C exceeds threshold (110 C-min dose, actual 150).","safe_until_hour":"13:00"}},{"type":"Feature","geometry":{"type":"Polygon","coordinates":[[[-81.36334899986161,28.5908160003924],[-81.36334399983873,28.590541000133115],[-81.36333100031827,28.589718000124837],[-81.36332899977013,28.589528999736597],[-81.36333100031827,28.589444000327653],[-81.36328199991448,28.589444000327653],[-81.36313499960139,28.589444000327653],[-81.36308600009589,28.589444000327653],[-81.36302699964634,28.589444000327653],[-81.36285299956907,28.589444000327653],[-81.36290399962269,28.589532000271234],[-81.36290100014796,28.58958299988216],[-81.36290000032305,28.589634000257135],[-81.36290299979777,28.589687000172066],[-81.36290500034593,28.589749000068448],[-81.36290600017084,28.589805999839125],[-81.36290799982065,28.58986100001757],[-81.36290799982065,28.589912000257687],[-81.36290799982065,28.58995800039116],[-81.36290500034593,28.590011000142763],[-81.36283900022369,28.590057000232918],[-81.36244800041142,28.590057000232918],[-81.3612779995511,28.59006100013693],[-81.36088799956376,28.59006200031011],[-81.36088900028697,28.590213000320276],[-81.36089400030986,28.59056199972801],[-81.36089599995968,28.5906659998382],[-81.36090099998256,28.590816999769615],[-81.3613899997041,28.5908160003924],[-81.36285900031517,28.5908160003924],[-81.36334899986161,28.5908160003924]]]},"properties":{"block_id":"120950159012060","school_id":"sch_killarney_elementary","kids_est":1,"class":"red","shortest":{"len_m":2729.9,"mean_c":36.78,"peak_c":37.6,"dose":143.6},"coolest":{"len_m":2741.9,"mean_c":36.72,"peak_c":37.6,"dose":141.5},"delta_mean_c":-0.06,"delta_dose_pct":-1,"distance_mi":1.296,"status_now":"walk","status_rec":"bus_eligible","reason":"Coolest route mean 36.7C exceeds threshold (110 C-min dose, actual 142).","safe_until_hour":"13:00"}},{"type":"Feature","geometry":{"type":"Polygon","coordinates":[[[-81.38154100007262,28.586746000084016],[-81.38164700037784,28.586643000245843],[-81.38090800041104,28.586110999904157],[-81.3805600002565,28.585864999832463],[-81.38047499986767,28.585944000072157],[-81.38036899956248,28.5860439999609],[-81.38023499966816,28.586169000279718],[-81.38017399956881,28.586237000352885],[-81.38003899984959,28.58643399964384],[-81.3800260003291,28.586475999681195],[-81.3800249996059,28.586518999908595],[-81.38003700019976,28.586559999705507],[-81.3800609995909,28.586597999656917],[-81.38007700038274,28.586613999798388],[-81.38017600011693,28.58668500019971],[-81.38093500017521,28.587230000239412],[-81.38096799978717,28.58724500008478],[-81.38100499959711,28.58725199990667],[-81.38104300013026,28.587249000095788],[-81.38109400018388,28.58722799983916],[-81.38111000007741,28.58721500039194],[-81.38140499963019,28.586898999741642],[-81.38154100007262,28.586746000084016]]]},"properties":{"block_id":"120950153002010","school_id":"sch_killarney_elementary","kids_est":3,"class":"red","shortest":{"len_m":1982.5,"mean_c":37.26,"peak_c":37.6,"dose":117.1},"coolest":{"len_m":1982.9,"mean_c":37.24,"peak_c":37.6,"dose":116.8},"delta_mean_c":-0.02,"delta_dose_pct":0,"distance_mi":0.614,"status_now":"walk","status_rec":"bus_eligible","reason":"Coolest route mean 37.2C exceeds threshold (110 C-min dose, actual 117).","safe_until_hour":"14:00"}},{"type":"Feature","geometry":{"type":"Polygon","coordinates":[[[-81.38256600026969,28.59260700005082],[-81.38256299989663,28.592471000212754],[-81.38248000005596,28.5924700000625],[-81.3824189999566,28.5924700000625],[-81.38248099988087,28.5925209998257],[-81.38248400025392,28.592608000199775],[-81.38252199988877,28.59260700005082],[-81.38256600026969,28.59260700005082]]]},"properties":{"block_id":"120950153002013","school_id":"sch_killarney_elementary","kids_est":0,"class":"green","shortest":{"len_m":1287.0,"mean_c":37.56,"peak_c":37.6,"dose":81.4},"coolest":{"len_m":1287.0,"mean_c":37.56,"peak_c":37.6,"dose":81.4},"delta_mean_c":0.0,"delta_dose_pct":0,"distance_mi":0.193,"status_now":"walk","status_rec":"walk","reason":"Shortest route already under threshold (dose 81).","safe_until_hour":null}},{"type":"Feature","geometry":{"type":"Polygon","coordinates":[[[-81.35024099972973,28.585997999692623],[-81.3502459997526,28.585970000068137],[-81.35002900001764,28.5859719997035],[-81.34938100028742,28.585982000246194],[-81.34916500037735,28.585985000093284],[-81.34917399969987,28.5861359996484],[-81.34917799989783,28.586165999649104],[-81.34920399983712,28.58633000008018],[-81.3492389999972,28.58670800018609],[-81.34924400002008,28.58675400014383],[-81.34926800030951,28.586832000300507],[-81.34929300042387,28.586879999822024],[-81.34936200002085,28.58688299964349],[-81.34944800023457,28.58686799974652],[-81.34951500018173,28.58684400038012],[-81.34955500036469,28.586819000015453],[-81.34957499955786,28.586808000137072],[-81.34964700042622,28.586746000084016],[-81.34971100000031,28.586674000307312],[-81.35009199976682,28.586195000220126],[-81.3501339995996,28.58614300033293],[-81.35024099972973,28.585997999692623]]]},"properties":{"block_id":"120950161002000","school_id":"sch_killarney_elementary","kids_est":0,"class":"red","shortest":{"len_m":4268.2,"mean_c":36.76,"peak_c":37.6,"dose":222.7},"coolest":{"len_m":4288.1,"mean_c":36.69,"peak_c":37.6,"dose":220.5},"delta_mean_c":-0.07,"delta_dose_pct":-1,"distance_mi":2.111,"status_now":"bus","status_rec":"bus_eligible","reason":"Coolest route mean 36.7C exceeds threshold (110 C-min dose, actual 220).","safe_until_hour":"11:00"}},{"type":"Feature","geometry":{"type":"Polygon","coordinates":[[[-81.3504850001272,28.598680999698065],[-81.3504840003023,28.597787999680275],[-81.34983499984887,28.59779799988762],[-81.34984800026766,28.598685000062588],[-81.34991199984177,28.598685000062588],[-81.34997499959094,28.598683999971453],[-81.3504850001272,28.598680999698065]]]},"properties":{"block_id":"120950160011012","school_id":"sch_killarney_elementary","kids_est":0,"class":"red","shortest":{"len_m":3849.6,"mean_c":36.56,"peak_c":37.6,"dose":190.6},"coolest":{"len_m":3876.8,"mean_c":36.42,"peak_c":37.6,"dose":185.5},"delta_mean_c":-0.14,"delta_dose_pct":-3,"distance_mi":1.994,"status_now":"walk","status_rec":"bus_eligible","reason":"Coolest route mean 36.4C exceeds threshold (110 C-min dose, actual 186).","safe_until_hour":"12:00"}},{"type":"Feature","geometry":{"type":"Polygon","coordinates":[[[-81.36084400008114,28.58765900002044],[-81.36084400008114,28.58759200027477],[-81.36084300025622,28.587524999697656],[-81.36084200043132,28.587485999883576],[-81.36083700040845,28.587159999618123],[-81.36083300021049,28.586967000131466],[-81.36083099966235,28.586794999849104],[-81.36082700036272,28.586616999627438],[-81.36082700036272,28.586596000033463],[-81.36082300016476,28.586396999841206],[-81.36071799968445,28.586400999884454],[-81.36064599971442,28.58641599984805],[-81.36057999959219,28.5864510000178],[-81.36051600001808,28.58643899989333],[-81.35892199973354,28.58645799989259],[-81.35887599970278,28.586470000014938],[-81.35884700028879,28.586491999841225],[-81.3580389998267,28.587491000083045],[-81.35800600021474,28.587557999893086],[-81.35799899964373,28.587600000270196],[-81.35846700034719,28.587596000272573],[-81.35859399967048,28.587595000075922],[-81.35862299998279,28.587608999672735],[-81.35863100037872,28.587616999666874],[-81.3586449997241,28.587643000037996],[-81.35864899992207,28.587675000000516],[-81.35865399994493,28.5879819997375],[-81.35867499986134,28.589090000240507],[-81.35868300025726,28.58946000003602],[-81.35880399973276,28.58945799967819],[-81.35916600013101,28.589453000361072],[-81.35928800032973,28.589452000182103],[-81.35929699965226,28.589388999931074],[-81.35932500013966,28.589324000070647],[-81.35955000027057,28.589061999861883],[-81.36021100041957,28.5882970000981],[-81.36045400009381,28.588023999945307],[-81.36049400027677,28.587976000157237],[-81.36068900027045,28.58774999967725],[-81.36076100024046,28.587696000167796],[-81.36084400008114,28.58765900002044]]]},"properties":{"block_id":"120950161003012","school_id":"sch_killarney_elementary","kids_est":0,"class":"red","shortest":{"len_m":3135.1,"mean_c":36.71,"peak_c":37.6,"dose":161.5},"coolest":{"len_m":3138.3,"mean_c":36.69,"peak_c":37.6,"dose":160.6},"delta_mean_c":-0.02,"delta_dose_pct":-1,"distance_mi":1.51,"status_now":"walk","status_rec":"bus_eligible","reason":"Coolest route mean 36.7C exceeds threshold (110 C-min dose, actual 161).","safe_until_hour":"13:00"}},{"type":"Feature","geometry":{"type":"Polygon","coordinates":[[[-81.36245000006126,28.5859949998459],[-81.36251299981043,28.585935999950717],[-81.36231100014409,28.58592300034377],[-81.3617079997214,28.585886999785373],[-81.36150699987996,28.585875000385318],[-81.36143699955976,28.58588999963519],[-81.3613699996126,28.585897000336097],[-81.36133299980268,28.585900999609557],[-81.36095299986108,28.58590400024778],[-81.36081499976883,28.58590599988439],[-81.36081700031696,28.58608300030982],[-81.3608189999668,28.58615199986016],[-81.36082300016476,28.586396999841206],[-81.36082700036272,28.586596000033463],[-81.36082700036272,28.586616999627438],[-81.36083099966235,28.586794999849104],[-81.36083300021049,28.586967000131466],[-81.36083700040845,28.587159999618123],[-81.36084200043132,28.587485999883576],[-81.36084300025622,28.587524999697656],[-81.36084400008114,28.58759200027477],[-81.36084400008114,28.58765900002044],[-81.36084400008114,28.58768800017967],[-81.36084499990605,28.58777499982055],[-81.36084599973097,28.587805000142424],[-81.36101499978535,28.587608999672735],[-81.36152500032162,28.587021000015387],[-81.36169500020094,28.586825999865752],[-81.36185300038468,28.586643000245843],[-81.36197200021036,28.586506999791897],[-81.36221200040988,28.586238999983223],[-81.3623410002813,28.58610599963907],[-81.36245000006126,28.5859949998459]]]},"properties":{"block_id":"120950161003014","school_id":"sch_killarney_elementary","kids_est":1,"class":"red","shortest":{"len_m":3388.3,"mean_c":36.71,"peak_c":37.6,"dose":174.7},"coolest":{"len_m":3391.5,"mean_c":36.69,"peak_c":37.6,"dose":173.8},"delta_mean_c":-0.02,"delta_dose_pct":-1,"distance_mi":1.435,"status_now":"walk","status_rec":"bus_eligible","reason":"Coolest route mean 36.7C exceeds threshold (110 C-min dose, actual 174).","safe_until_hour":"13:00"}},{"type":"Feature","geometry":{"type":"Polygon","coordinates":[[[-81.37929999988279,28.594071999828017],[-81.3793080002787,28.594004000089978],[-81.3789340001849,28.59400699970817],[-81.37781299972838,28.594019999893103],[-81.37744000035778,28.5940249997818],[-81.3774420000076,28.59419999967966],[-81.37745100022843,28.59472700024895],[-81.37745399970316,28.594902999893947],[-81.3775340000691,28.594901999766837],[-81.37777000007064,28.594900000301326],[-81.37795800039163,28.594900000301326],[-81.37871800027483,28.594888000352498],[-81.37892900016202,28.59488499997068],[-81.37903399974401,28.594896999919904],[-81.37909099964543,28.59471799987828],[-81.37926300007287,28.59418399990394],[-81.37929999988279,28.594071999828017]]]},"properties":{"block_id":"120950190001003","school_id":"sch_killarney_elementary","kids_est":3,"class":"green","shortest":{"len_m":830.3,"mean_c":37.42,"peak_c":37.6,"dose":51.1},"coolest":{"len_m":830.3,"mean_c":37.42,"peak_c":37.6,"dose":51.1},"delta_mean_c":0.0,"delta_dose_pct":0,"distance_mi":0.281,"status_now":"walk","status_rec":"walk","reason":"Shortest route already under threshold (dose 51).","safe_until_hour":null}},{"type":"Feature","geometry":{"type":"Polygon","coordinates":[[[-81.35476999996507,28.598688000335923],[-81.35477099978996,28.59772200018071],[-81.35475300024663,28.59772200018071],[-81.35279300026419,28.597750999930042],[-81.35281199963245,28.598651000113826],[-81.35279599973893,28.598705000305685],[-81.35294800007489,28.598707999789735],[-81.3534639995606,28.598698999759904],[-81.35476999996507,28.598688000335923]]]},"properties":{"block_id":"120950159011024","school_id":"sch_killarney_elementary","kids_est":1,"class":"red","shortest":{"len_m":3607.8,"mean_c":36.45,"peak_c":37.6,"dose":173.8},"coolest":{"len_m":3607.8,"mean_c":36.45,"peak_c":37.6,"dose":173.8},"delta_mean_c":0.0,"delta_dose_pct":0,"distance_mi":1.775,"status_now":"walk","status_rec":"bus_eligible","reason":"Coolest route mean 36.5C exceeds threshold (110 C-min dose, actual 174).","safe_until_hour":"13:00"}},{"type":"Feature","geometry":{"type":"Polygon","coordinates":[[[-81.38045599960111,28.59386000017461],[-81.3804620003472,28.593840999935523],[-81.38030800036142,28.593800999960617],[-81.37990499995529,28.59369900007403],[-81.379947999613,28.593565999702076],[-81.37929700040806,28.593575000171384],[-81.37920600017146,28.593576000311128],[-81.37921000036943,28.593623999908687],[-81.37925200020221,28.59378699961088],[-81.37927399994354,28.593853000003875],[-81.37929999988279,28.593931999762606],[-81.3793080002787,28.594004000089978],[-81.37929999988279,28.594071999828017],[-81.37926300007287,28.59418399990394],[-81.37909099964543,28.59471799987828],[-81.37903399974401,28.594896999919904],[-81.37897600001769,28.595073000068954],[-81.37880600013838,28.595603999898042],[-81.37874900023697,28.595780999770806],[-81.37869099961233,28.59596000036833],[-81.37851900008319,28.596497000331762],[-81.37848599957292,28.596601000091265],[-81.37845899980873,28.59663900035693],[-81.37843200004455,28.596658000090244],[-81.378384000364,28.596673000167847],[-81.37824299989867,28.59667500038838],[-81.37767200016137,28.59668399980279],[-81.37764600022211,28.59668499991294],[-81.37748200019057,28.596694000115182],[-81.37740600002259,28.59670100009671],[-81.3770689997387,28.5966999999867],[-81.37583199982953,28.596698999876672],[-81.37542000010089,28.596698999876672],[-81.37491200011277,28.596696999656608],[-81.37430899969009,28.596695000225246],[-81.37424799959072,28.596690999784926],[-81.37417999981868,28.596674000278114],[-81.37411299987151,28.596648999884923],[-81.37357800011922,28.596399999682163],[-81.37346299959317,28.596348000110215],[-81.3733939999962,28.596317999860076],[-81.37335800001118,28.596283999934332],[-81.37334799996545,28.596257000008624],[-81.37334299994258,28.59619100033637],[-81.37333999956954,28.595904000108394],[-81.37329899956164,28.595899000309082],[-81.37323499998755,28.595879000320732],[-81.37320599967524,28.59586099977587],[-81.37293700006171,28.59569200020628],[-81.37284800037325,28.5956289997511],[-81.37273299984722,28.595548000237187],[-81.37262400006726,28.59548300024133],[-81.37254799989928,28.59544599967965],[-81.37198100035995,28.595166999991985],[-81.37182900002398,28.595093000210657],[-81.37179899988674,28.595064999853484],[-81.3717880000161,28.5950480000837],[-81.37177700014543,28.59501499987312],[-81.37175600022904,28.593684000360767],[-81.37164900009893,28.593684000360767],[-81.37125400008871,28.59368300022204],[-81.37126699960919,28.594479999699026],[-81.37127800037815,28.59516800011658],[-81.37128300040102,28.595485999817324],[-81.37202200036782,28.595693000325824],[-81.37220899996557,28.595768999922498],[-81.37241400000498,28.595873999731534],[-81.37294499955932,28.59625900023706],[-81.37304300036693,28.59632599998018],[-81.37345000007271,28.59660499974627],[-81.37358099959394,28.59668200037117],[-81.37377999978558,28.596825000255173],[-81.37395499968777,28.597051000155066],[-81.37400499991648,28.597089000258038],[-81.37405500014519,28.59711100022834],[-81.37416099955209,28.59711100022834],[-81.37424199974294,28.597045000303574],[-81.37451600027764,28.596950999693934],[-81.37462199968455,28.596935000336966],[-81.37500199962614,28.59681900039086],[-81.37519199959694,28.59678700005681],[-81.37532300001651,28.596825000255173],[-81.37552899988084,28.59684199973755],[-81.37580300041553,28.59690300003825],[-81.37594599963234,28.597045999621628],[-81.37605199993754,28.597105999697717],[-81.37613899997619,28.59709500010701],[-81.37637599980266,28.597629000277742],[-81.37640099991701,28.597668000272478],[-81.37646299984128,28.597672999987644],[-81.37648299993278,28.59766700017166],[-81.3766820001244,28.597481000186118],[-81.37698699972294,28.597309999858034],[-81.37736800038775,28.59707899998316],[-81.37743000031205,28.597052000261733],[-81.3775049997568,28.597040999876626],[-81.37752999987116,28.597018999891667],[-81.37758000009985,28.597001999649176],[-81.37767299998629,28.59699200015482],[-81.37810300015659,28.597024999744633],[-81.37833400013528,28.597030000279062],[-81.37855199969516,28.597052000261733],[-81.37872099974956,28.59708599993904],[-81.37883899975034,28.597090999681892],[-81.3791600001407,28.597133000194003],[-81.37933800041593,28.59715700036647],[-81.37950599974711,28.597211999853652],[-81.37960600020453,28.5972620003663],[-81.37983600035831,28.597449000053576],[-81.37991099980306,28.597559000271026],[-81.37996100003178,28.59765800005276],[-81.38004200022264,28.5979329998335],[-81.38004200022264,28.59807099989692],[-81.38001700010828,28.598198000303796],[-81.37979799982516,28.598764000133023],[-81.37973199970293,28.598960000310928],[-81.37976299966506,28.599018999995106],[-81.37985700027471,28.59919899989634],[-81.3799200000239,28.599221000213696],[-81.37990099975733,28.599192000081246],[-81.37989900010751,28.59915199977659],[-81.3799130003512,28.599092000079843],[-81.37994599996316,28.599024999733892],[-81.37995400035909,28.599009999991964],[-81.38003800002468,28.598861000178214],[-81.38010300032201,28.598715999727887],[-81.38014599997972,28.59859100013104],[-81.3801800003149,28.598440999629855],[-81.3801879998125,28.598412000070844],[-81.38020700007907,28.59823299970581],[-81.3802099995538,28.598057000115876],[-81.38020600025415,28.59801499997303],[-81.38019500038352,28.59789899964145],[-81.3801590003985,28.597744000018512],[-81.38011599984247,28.597645000317804],[-81.38005899994106,28.597551000244724],[-81.37998899962088,28.597465000121044],[-81.37995400035909,28.597429999674585],[-81.37986499977231,28.597342000032825],[-81.3797939996272,28.597283000195894],[-81.3797290002282,28.597241999848592],[-81.3795409999072,28.59715700036647],[-81.37952300036386,28.597144999886577],[-81.37946100043959,28.59710200006176],[-81.37944200017301,28.5970779998768],[-81.37943399977708,28.59704899994168],[-81.37943899979996,28.597018999891667],[-81.37946599956413,28.59692899969012],[-81.37963100031891,28.596399999682163],[-81.3796870003954,28.596224000177674],[-81.37975299961931,28.596015999809676],[-81.37995400035909,28.59539300030203],[-81.38002200013115,28.595185999991386],[-81.3800890000783,28.594976999809052],[-81.38029199956956,28.5943530003207],[-81.38036100006487,28.59414500019389],[-81.38038000033144,28.59408799962086],[-81.38043700023285,28.593917000082524],[-81.38045599960111,28.59386000017461]]]},"properties":{"block_id":"120950190001001","school_id":"sch_killarney_elementary","kids_est":5,"class":"green","shortest":{"len_m":932.2,"mean_c":37.4,"peak_c":37.6,"dose":57.1},"coolest":{"len_m":932.2,"mean_c":37.4,"peak_c":37.6,"dose":57.1},"delta_mean_c":0.0,"delta_dose_pct":0,"distance_mi":0.215,"status_now":"walk","status_rec":"walk","reason":"Shortest route already under threshold (dose 57).","safe_until_hour":null}},{"type":"Feature","geometry":{"type":"Polygon","coordinates":[[[-81.38391100013389,28.602688999961373],[-81.38389900043832,28.60251500005679],[-81.38389900043832,28.602502000133885],[-81.38386099990517,28.6023979999045],[-81.3837989999809,28.602281999678908],[-81.38368099998011,28.602121999919017],[-81.38359999978927,28.602028999966386],[-81.38301399998335,28.601554999971977],[-81.38292000027202,28.601451000382674],[-81.3828149997917,28.601274999872565],[-81.38275799989032,28.60120900019681],[-81.38269599996603,28.601169999938676],[-81.38263400004175,28.6011480000294],[-81.38262800019396,28.60101599968815],[-81.3826089999274,28.60093899987264],[-81.38246599981225,28.600856000366733],[-81.3823779999487,28.600690999653],[-81.3822790002145,28.600531999910302],[-81.38215399964272,28.600520999889394],[-81.38188000000633,28.600299999943353],[-81.38174299973899,28.600299999943353],[-81.38117899967438,28.600175999941424],[-81.38106300022174,28.600151000381235],[-81.38080100028093,28.60012900025862],[-81.38052099989842,28.600134999934035],[-81.38029599976754,28.600123999871577],[-81.37997199990244,28.600008000290508],[-81.3799629996816,28.599959000374586],[-81.3799560000089,28.599925000049335],[-81.3799409999403,28.599842999822656],[-81.37992699969658,28.599830999649473],[-81.37990199958223,28.599809000248538],[-81.37984100038118,28.599754999835284],[-81.37978600012961,28.599666999774225],[-81.37974799959645,28.599606000289146],[-81.37971099978652,28.59951800010331],[-81.37967899999948,28.59938099965837],[-81.37967999982439,28.599214999697377],[-81.37968599967216,28.599137000052796],[-81.37969200041826,28.599077999646138],[-81.37973199970293,28.598960000310928],[-81.37781299972838,28.598532000206596],[-81.37481199965534,28.59786400012822],[-81.37331500035349,28.59751100010428],[-81.372189999699,28.596893999853858],[-81.37179700023692,28.59667900004056],[-81.37052699981749,28.595981999786222],[-81.37048800035772,28.595926999655383],[-81.37027300027259,28.595885000238788],[-81.37006099966216,28.59584400013481],[-81.36976600010937,28.59552000000122],[-81.36973000012438,28.595330999790683],[-81.36971199968269,28.59533199991371],[-81.36963499968981,28.595316999644716],[-81.36960899975054,28.5953039996202],[-81.36958500035942,28.595290000259347],[-81.3695150000392,28.595247999799525],[-81.36949999997059,28.59524099972122],[-81.36946800018353,28.595234999766472],[-81.36935900040359,28.595233999642517],[-81.36931400019775,28.595233000307285],[-81.36926499979394,28.595221999731756],[-81.36923300000689,28.595209999819694],[-81.36921999958811,28.595203999863116],[-81.36922399978607,28.595419000327425],[-81.36922499961096,28.59550599988044],[-81.36924499970247,28.59675499971302],[-81.3691769999304,28.600386000113268],[-81.3733100003306,28.600391999773937],[-81.37568899971438,28.600396000073395],[-81.3774429998325,28.60039900029788],[-81.38145099966094,28.600345000187758],[-81.38133000018543,28.60343899997831],[-81.38151500013336,28.603435999840617],[-81.38153100002688,28.60398599998916],[-81.38153000020196,28.603999999768956],[-81.38197100024293,28.603995999606706],[-81.38278300000465,28.60398599998916],[-81.38288599993682,28.60389200006736],[-81.38295999955668,28.603824000373557],[-81.38305199961817,28.603740999991793],[-81.38318499968759,28.60362000023946],[-81.38326000003063,28.603552999625794],[-81.38359300011658,28.60324999981296],[-81.38369900042179,28.603134999787965],[-81.38384300036182,28.60292000012378],[-81.38388000017174,28.60283799986824],[-81.38391100013389,28.602688999961373]]]},"properties":{"block_id":"120950190003030","school_id":"sch_killarney_elementary","kids_est":0,"class":"red","shortest":{"len_m":2792.4,"mean_c":37.45,"peak_c":37.7,"dose":172.2},"coolest":{"len_m":2794.1,"mean_c":37.45,"peak_c":37.7,"dose":172.1},"delta_mean_c":0.0,"delta_dose_pct":0,"distance_mi":0.549,"status_now":"walk","status_rec":"bus_eligible","reason":"Coolest route mean 37.5C exceeds threshold (110 C-min dose, actual 172).","safe_until_hour":"13:00"}},{"type":"Feature","geometry":{"type":"Polygon","coordinates":[[[-81.36090099998256,28.590816999769615],[-81.36089599995968,28.5906659998382],[-81.36089400030986,28.59056199972801],[-81.36088900028697,28.590213000320276],[-81.36088799956376,28.59006200031011],[-81.36088500008901,28.589930999629335],[-81.36087900024124,28.58955099971162],[-81.3608759998682,28.589541000297185],[-81.36086400017263,28.589492999624106],[-81.36082599963947,28.589422000330188],[-81.36071500020971,28.589516999963386],[-81.36043300017741,28.58975699989976],[-81.35984599964824,28.590259999704564],[-81.3595889997303,28.590481999633866],[-81.35931000007105,28.590725000234237],[-81.35938500041412,28.590773999722447],[-81.35945999985887,28.590797999769286],[-81.3595390003999,28.590811000351074],[-81.35961200019484,28.590811000351074],[-81.36057799994236,28.5908150002264],[-81.36090099998256,28.590816999769615]]]},"properties":{"block_id":"120950159012061","school_id":"sch_killarney_elementary","kids_est":0,"class":"red","shortest":{"len_m":2840.8,"mean_c":36.71,"peak_c":37.6,"dose":146.4},"coolest":{"len_m":2844.0,"mean_c":36.69,"peak_c":37.6,"dose":145.5},"delta_mean_c":-0.02,"delta_dose_pct":-1,"distance_mi":1.408,"status_now":"walk","status_rec":"bus_eligible","reason":"Coolest route mean 36.7C exceeds threshold (110 C-min dose, actual 146).","safe_until_hour":"13:00"}},{"type":"Feature","geometry":{"type":"Polygon","coordinates":[[[-81.35884200026591,28.594040000235168],[-81.35883800006795,28.59385199986678],[-81.35882800002221,28.593287999899253],[-81.35882499964916,28.59309999976344],[-81.35841999959321,28.593104000340446],[-81.35720799979839,28.59312000028056],[-81.3568410002756,28.59312500021206],[-81.35680399956733,28.593124000068027],[-81.3568069999404,28.593312000160918],[-81.35681699998614,28.593874999862773],[-81.3568210001841,28.594064000325133],[-81.35722500041514,28.594058999649537],[-81.35843700020996,28.59404700039346],[-81.35879100021228,28.594043999987633],[-81.35884200026591,28.594040000235168]]]},"properties":{"block_id":"120950159012042","school_id":"sch_killarney_elementary","kids_est":0,"class":"red","shortest":{"len_m":2786.5,"mean_c":36.67,"peak_c":37.6,"dose":142.3},"coolest":{"len_m":2786.5,"mean_c":36.67,"peak_c":37.6,"dose":142.3},"delta_mean_c":0.0,"delta_dose_pct":0,"distance_mi":1.523,"status_now":"walk","status_rec":"bus_eligible","reason":"Coolest route mean 36.7C exceeds threshold (110 C-min dose, actual 142).","safe_until_hour":"13:00"}},{"type":"Feature","geometry":{"type":"Polygon","coordinates":[[[-81.35683700007763,28.594889999818236],[-81.35683299987967,28.594723999862605],[-81.35682399965884,28.59422899961203],[-81.3568210001841,28.594064000325133],[-81.35639299966361,28.59406699994162],[-81.35603799983636,28.594070999692992],[-81.3551099997237,28.594086000139857],[-81.35468299992642,28.594093999641075],[-81.35470899986571,28.5948079996068],[-81.35471200023875,28.594851999708983],[-81.35471399988859,28.594894999665552],[-81.35471600043671,28.59491599996812],[-81.35623500037819,28.594890999945477],[-81.35635500002877,28.594888000352498],[-81.35652099971013,28.59488600009797],[-81.3567159997038,28.59488600009797],[-81.35673300032055,28.594887000225235],[-81.35683700007763,28.594889999818236]]]},"properties":{"block_id":"120950159012045","school_id":"sch_killarney_elementary","kids_est":0,"class":"red","shortest":{"len_m":3078.5,"mean_c":36.63,"peak_c":37.6,"dose":155.7},"coolest":{"len_m":3082.0,"mean_c":36.6,"peak_c":37.6,"dose":154.5},"delta_mean_c":-0.03,"delta_dose_pct":-1,"distance_mi":1.645,"status_now":"walk","status_rec":"bus_eligible","reason":"Coolest route mean 36.6C exceeds threshold (110 C-min dose, actual 154).","safe_until_hour":"13:00"}},{"type":"Feature","geometry":{"type":"Polygon","coordinates":[[[-81.35821799992684,28.59082699985146],[-81.3581309998882,28.59082299997659],[-81.35787300014533,28.59081400006038],[-81.35778699993162,28.590811000351074],[-81.35770800028891,28.59082500030838],[-81.3575800002424,28.59082500030838],[-81.35695300042858,28.590829000183174],[-81.35674500001612,28.590830999726123],[-81.35675699971169,28.591716000011687],[-81.35675599988677,28.592061000123426],[-81.35675900025983,28.59217799995224],[-81.35676099990965,28.59218799990456],[-81.35683999955235,28.592135999826368],[-81.35702700004842,28.59200399999781],[-81.35729099963906,28.591799999793388],[-81.35753800040959,28.59158499981443],[-81.35779500032754,28.591317999701776],[-81.35821799992684,28.59082699985146]]]},"properties":{"block_id":"120950161003004","school_id":"sch_killarney_elementary","kids_est":0,"class":"red","shortest":{"len_m":3069.5,"mean_c":36.69,"peak_c":37.6,"dose":157.0},"coolest":{"len_m":3070.0,"mean_c":36.65,"peak_c":37.6,"dose":155.9},"delta_mean_c":-0.04,"delta_dose_pct":-1,"distance_mi":1.577,"status_now":"walk","status_rec":"bus_eligible","reason":"Coolest route mean 36.6C exceeds threshold (110 C-min dose, actual 156).","safe_until_hour":"13:00"}},{"type":"Feature","geometry":{"type":"Polygon","coordinates":[[[-81.35781200004598,28.588864999973328],[-81.35779699997735,28.588592999904925],[-81.3578060001982,28.588236999726604],[-81.35780000035041,28.587977000350197],[-81.35780000035041,28.587929999945317],[-81.35778699993162,28.587603000071134],[-81.35754199970924,28.587603000071134],[-81.35752800036384,28.587604000267696],[-81.35726999972266,28.587604999675428],[-81.35726899989777,28.5878799997265],[-81.35728099959333,28.588314000170886],[-81.35728599961621,28.588819000150416],[-81.3572930001872,28.58885400030905],[-81.35731699957834,28.588868999922695],[-81.35781200004598,28.588864999973328]]]},"properties":{"block_id":"120950161003017","school_id":"sch_killarney_elementary","kids_est":0,"class":"red","shortest":{"len_m":3364.0,"mean_c":36.72,"peak_c":37.6,"dose":173.6},"coolest":{"len_m":3367.2,"mean_c":36.7,"peak_c":37.6,"dose":172.7},"delta_mean_c":-0.02,"delta_dose_pct":-1,"distance_mi":1.611,"status_now":"walk","status_rec":"bus_eligible","reason":"Coolest route mean 36.7C exceeds threshold (110 C-min dose, actual 173).","safe_until_hour":"13:00"}},{"type":"Feature","geometry":{"type":"Polygon","coordinates":[[[-81.35610300013371,28.58638899975423],[-81.35604899970703,28.58624300003242],[-81.35602399959267,28.586176000173285],[-81.35594599977486,28.586012999713713],[-81.35584100019288,28.585827999829604],[-81.35579199978908,28.58574100015537],[-81.35576199965186,28.585694999754477],[-81.35509100035544,28.585518999681124],[-81.35469799999504,28.58544999971542],[-81.3542800004186,28.585376999622373],[-81.35384400040051,28.585256000026458],[-81.35349399969783,28.585139999813745],[-81.35325100002359,28.585041000075048],[-81.3530329995654,28.58489299961448],[-81.35260900014117,28.584695000367564],[-81.35241599979733,28.58466699960735],[-81.35223500004736,28.584677999709704],[-81.3520419997035,28.584727999873575],[-81.35189899958837,28.584815999820183],[-81.35178599961047,28.584899000159545],[-81.35168500022644,28.585014999849292],[-81.35162400012707,28.585085999752653],[-81.35146199974537,28.585311000218553],[-81.35130000026199,28.58564699969196],[-81.35121300022334,28.585796000093797],[-81.35114700010111,28.585959000100992],[-81.35125599988105,28.585956000253162],[-81.35150799977613,28.585949999768424],[-81.35158499976903,28.585952999616417],[-81.35169500027219,28.585959000100992],[-81.35187400037233,28.585949000344954],[-81.35210899965065,28.585938000375545],[-81.35241199959937,28.585934000314676],[-81.35248899959227,28.585933000102237],[-81.3525549997145,28.585949999768424],[-81.35258400002682,28.585970000068137],[-81.3526390002784,28.585926000192487],[-81.35270500040063,28.58588999963519],[-81.3527170000962,28.58588500014841],[-81.3529840000599,28.58579300024131],[-81.35309000036513,28.58577800018885],[-81.3531249996269,28.58577800018885],[-81.35317700040375,28.585778999613947],[-81.35327000029018,28.585794999880033],[-81.35338900011585,28.58583300010791],[-81.3534550002381,28.585861999981947],[-81.35347299978145,28.58587100032206],[-81.35356099964498,28.58593099967731],[-81.35361199969861,28.585978000186994],[-81.35368299984373,28.586068999721082],[-81.3537659996844,28.58619599964126],[-81.35382400030905,28.58631100005774],[-81.35383400035478,28.586331000288855],[-81.35390399977666,28.586491999841225],[-81.35398499996752,28.586470000014938],[-81.35406299978533,28.586459000100042],[-81.35411999968673,28.586456999685137],[-81.354554000055,28.586446999976438],[-81.3547800000108,28.586448000183992],[-81.35500099994375,28.58644999981027],[-81.35522100005177,28.58644100030853],[-81.35556800038142,28.586429000182935],[-81.35588300002567,28.586411999805364],[-81.35602000029301,28.58640600013552],[-81.35610300013371,28.58638899975423]]]},"properties":{"block_id":"120950161002004","school_id":"sch_killarney_elementary","kids_est":1,"class":"red","shortest":{"len_m":3776.9,"mean_c":36.74,"peak_c":37.6,"dose":195.7},"coolest":{"len_m":3780.1,"mean_c":36.72,"peak_c":37.6,"dose":194.8},"delta_mean_c":-0.02,"delta_dose_pct":0,"distance_mi":1.898,"status_now":"walk","status_rec":"bus_eligible","reason":"Coolest route mean 36.7C exceeds threshold (110 C-min dose, actual 195).","safe_until_hour":"12:00"}},{"type":"Feature","geometry":{"type":"Polygon","coordinates":[[[-81.35088900035825,28.594985000031276],[-81.35086000004593,28.594923000068004],[-81.35074700006801,28.594696000195828],[-81.35072500032672,28.594625999813235],[-81.350711000083,28.59452999993382],[-81.35069799966422,28.59425499992543],[-81.35067900029597,28.594148999942302],[-81.35025400014852,28.59415100021086],[-81.3501970002471,28.59415100021086],[-81.35020499974473,28.594991000000334],[-81.35065500000651,28.594975999682628],[-81.35088900035825,28.594985000031276]]]},"properties":{"block_id":"120950160011048","school_id":"sch_killarney_elementary","kids_est":0,"class":"red","shortest":{"len_m":3537.0,"mean_c":36.62,"peak_c":37.6,"dose":177.7},"coolest":{"len_m":3538.4,"mean_c":36.62,"peak_c":37.6,"dose":177.6},"delta_mean_c":0.0,"delta_dose_pct":0,"distance_mi":1.965,"status_now":"walk","status_rec":"bus_eligible","reason":"Coolest route mean 36.6C exceeds threshold (110 C-min dose, actual 178).","safe_until_hour":"13:00"}},{"type":"Feature","geometry":{"type":"Polygon","coordinates":[[[-81.35672599974956,28.588889999851496],[-81.35672400009973,28.5886910000571],[-81.35672199955157,28.588237999917133],[-81.35671700042703,28.58817499972739],[-81.35670099963518,28.58809600037512],[-81.35669599961231,28.58806700032843],[-81.35664999958156,28.587904999838887],[-81.35661899961943,28.587915000197718],[-81.35652699955791,28.587924000362037],[-81.3564260001739,28.587927000153723],[-81.35613200044602,28.587936999721652],[-81.3557509997812,28.58794000030178],[-81.35552599965028,28.58794300009301],[-81.35531700031125,28.58794499969083],[-81.35469100032236,28.58795299965936],[-81.35448299990989,28.587956000239025],[-81.35433499977188,28.587957999836615],[-81.35389200008109,28.587964999611078],[-81.353744999768,28.587968000190408],[-81.35375499981375,28.588049000023446],[-81.3537780002783,28.588152000061918],[-81.35377999992811,28.588161000205943],[-81.35381300043838,28.588241999890307],[-81.35386799979165,28.588343000149465],[-81.35388299986028,28.58837899986693],[-81.35391700019545,28.58858399979782],[-81.35391800002037,28.588689999870883],[-81.35391999967018,28.58876900035437],[-81.35393800011184,28.588824999682632],[-81.35396700042418,28.588866000157893],[-81.35399400018835,28.588888999667173],[-81.35402599997539,28.58890500024887],[-81.35408000040208,28.58891800027593],[-81.35423400038785,28.58892600017047],[-81.35450700019933,28.58892100003926],[-81.3549969997458,28.588913000144338],[-81.35555699961245,28.58891000038083],[-81.3560119998971,28.588902999880478],[-81.35617099990577,28.588902999880478],[-81.35630300015023,28.588904000064673],[-81.3564680000067,28.588901000300876],[-81.35672599974956,28.588889999851496]]]},"properties":{"block_id":"120950161003008","school_id":"sch_killarney_elementary","kids_est":4,"class":"red","shortest":{"len_m":3495.2,"mean_c":36.73,"peak_c":37.6,"dose":180.5},"coolest":{"len_m":3498.4,"mean_c":36.71,"peak_c":37.6,"dose":179.6},"delta_mean_c":-0.02,"delta_dose_pct":0,"distance_mi":1.738,"status_now":"walk","status_rec":"bus_eligible","reason":"Coolest route mean 36.7C exceeds threshold (110 C-min dose, actual 180).","safe_until_hour":"13:00"}},{"type":"Feature","geometry":{"type":"Polygon","coordinates":[[[-81.36510999965243,28.595570999862062],[-81.36507799986538,28.59392199997612],[-81.36443400033315,28.593923000112557],[-81.36409899969907,28.59391999970321],[-81.36410399972193,28.595570999862062],[-81.36510999965243,28.595570999862062]]]},"properties":{"block_id":"120950159012050","school_id":"sch_killarney_elementary","kids_est":0,"class":"red","shortest":{"len_m":2221.3,"mean_c":36.74,"peak_c":37.6,"dose":115.8},"coolest":{"len_m":2221.6,"mean_c":36.74,"peak_c":37.6,"dose":115.7},"delta_mean_c":0.0,"delta_dose_pct":0,"distance_mi":1.108,"status_now":"walk","status_rec":"bus_eligible","reason":"Coolest route mean 36.7C exceeds threshold (110 C-min dose, actual 116).","safe_until_hour":"14:00"}},{"type":"Feature","geometry":{"type":"Polygon","coordinates":[[[-81.35697900036786,28.603348999754168],[-81.35697599999479,28.6032039999758],[-81.35696900032211,28.60277200038543],[-81.35696699977397,28.602627999864417],[-81.35696400029923,28.602488000154505],[-81.35695699972823,28.60206799990565],[-81.35695500007839,28.601928000238342],[-81.35659199985523,28.601931999690603],[-81.35550300008407,28.601944999683976],[-81.35524199996817,28.601948999924314],[-81.35514099968584,28.60195999979567],[-81.35518000004387,28.602022000339794],[-81.35522199987668,28.602065999787772],[-81.35538300043349,28.602184000367558],[-81.35548600036564,28.602264000230726],[-81.35649399994595,28.60305199965063],[-81.35658500018255,28.60312099989292],[-81.35683799990254,28.60331299964295],[-81.35686700021485,28.603328000347997],[-81.35689800017701,28.60333900007506],[-81.35692300029136,28.603344000309054],[-81.35694400020776,28.603346999660676],[-81.35696500012415,28.603348999754168],[-81.35697900036786,28.603348999754168]]]},"properties":{"block_id":"120950159011006","school_id":"sch_killarney_elementary","kids_est":5,"class":"red","shortest":{"len_m":3716.2,"mean_c":36.45,"peak_c":37.6,"dose":178.2},"coolest":{"len_m":3716.2,"mean_c":36.45,"peak_c":37.6,"dose":178.2},"delta_mean_c":0.0,"delta_dose_pct":0,"distance_mi":1.681,"status_now":"walk","status_rec":"bus_eligible","reason":"Coolest route mean 36.5C exceeds threshold (110 C-min dose, actual 178).","safe_until_hour":"13:00"}},{"type":"Feature","geometry":{"type":"Polygon","coordinates":[[[-81.35895799971856,28.599731000256106],[-81.35895900044177,28.599626999650358],[-81.35893400032742,28.599219000041632],[-81.35894100000012,28.599057000175172],[-81.35883800006795,28.59905399991242],[-81.35857199992918,28.599055000000032],[-81.35788700038904,28.599071999910446],[-81.3569120004207,28.599059000350316],[-81.35692400011625,28.59950699997627],[-81.35692499994117,28.599687999911964],[-81.35692800031421,28.600233000367577],[-81.35692999996405,28.600414999916225],[-81.35707100042936,28.600415999990883],[-81.35733500002,28.600412999766885],[-81.35855100001277,28.60039900029788],[-81.35895699989364,28.60039499999855],[-81.35895100004585,28.600274999624002],[-81.35895100004585,28.59993600013257],[-81.35895799971856,28.599731000256106]]]},"properties":{"block_id":"120950159011015","school_id":"sch_killarney_elementary","kids_est":1,"class":"red","shortest":{"len_m":3546.7,"mean_c":36.45,"peak_c":37.6,"dose":171.2},"coolest":{"len_m":3546.7,"mean_c":36.45,"peak_c":37.6,"dose":171.2},"delta_mean_c":0.0,"delta_dose_pct":0,"distance_mi":1.542,"status_now":"walk","status_rec":"bus_eligible","reason":"Coolest route mean 36.5C exceeds threshold (110 C-min dose, actual 171).","safe_until_hour":"13:00"}},{"type":"Feature","geometry":{"type":"Polygon","coordinates":[[[-81.35999100031152,28.595453999866177],[-81.35999100031152,28.59535699983147],[-81.35976600018064,28.59535699983147],[-81.35909300033607,28.595361000322576],[-81.35886900003008,28.59536199965657],[-81.35887099967991,28.59545800035353],[-81.358877000426,28.595746999671327],[-81.35887999990074,28.59584400013481],[-81.35910199965859,28.595843000016654],[-81.35976799983047,28.595841999898475],[-81.35999100031152,28.595841999898475],[-81.35999100031152,28.595745000221896],[-81.35999100031152,28.595453999866177]]]},"properties":{"block_id":"120950159012033","school_id":"sch_killarney_elementary","kids_est":1,"class":"red","shortest":{"len_m":2906.8,"mean_c":36.6,"peak_c":37.6,"dose":145.2},"coolest":{"len_m":2921.0,"mean_c":36.54,"peak_c":37.6,"dose":144.3},"delta_mean_c":-0.06,"delta_dose_pct":-1,"distance_mi":1.421,"status_now":"walk","status_rec":"bus_eligible","reason":"Coolest route mean 36.5C exceeds threshold (110 C-min dose, actual 144).","safe_until_hour":"13:00"}},{"type":"Feature","geometry":{"type":"Polygon","coordinates":[[[-81.35692400011625,28.59950699997627],[-81.3569120004207,28.599059000350316],[-81.35690099965173,28.59866699999828],[-81.35476999996507,28.598688000335923],[-81.35478900023163,28.599530999606596],[-81.35521600002889,28.59952599997982],[-81.35649599959578,28.599511000309406],[-81.35692400011625,28.59950699997627]]]},"properties":{"block_id":"120950159011022","school_id":"sch_killarney_elementary","kids_est":5,"class":"red","shortest":{"len_m":3427.8,"mean_c":36.47,"peak_c":37.6,"dose":165.9},"coolest":{"len_m":3427.8,"mean_c":36.47,"peak_c":37.6,"dose":165.9},"delta_mean_c":0.0,"delta_dose_pct":0,"distance_mi":1.659,"status_now":"walk","status_rec":"bus_eligible","reason":"Coolest route mean 36.5C exceeds threshold (110 C-min dose, actual 166).","safe_until_hour":"13:00"}},{"type":"Feature","geometry":{"type":"Polygon","coordinates":[[[-81.38150900028556,28.592690999909284],[-81.38176299983046,28.592669999950967],[-81.38082499967204,28.591886999975404],[-81.38017600011693,28.591294999935098],[-81.38004899989532,28.591199000168682],[-81.37907200027716,28.59035699971001],[-81.3781750001266,28.58961699960905],[-81.37807100036953,28.589532000271234],[-81.37802399961556,28.589488000308656],[-81.3779209996834,28.5894899998771],[-81.37774599978123,28.58949100005571],[-81.37800500024731,28.589711999854785],[-81.3784970003419,28.590131999788063],[-81.37917199983626,28.590715000142684],[-81.37980600022108,28.591234999696944],[-81.37985800009962,28.59127700018273],[-81.38022499962241,28.5916249998438],[-81.38027700039927,28.59167399970129],[-81.38029699959245,28.591693000332068],[-81.38147400012546,28.592662000341317],[-81.38150900028556,28.592690999909284]]]},"properties":{"block_id":"120950190001050","school_id":"sch_killarney_elementary","kids_est":0,"class":"green","shortest":{"len_m":1206.9,"mean_c":37.38,"peak_c":37.6,"dose":73.5},"coolest":{"len_m":1207.3,"mean_c":37.35,"peak_c":37.6,"dose":73.2},"delta_mean_c":-0.03,"delta_dose_pct":0,"distance_mi":0.347,"status_now":"walk","status_rec":"walk","reason":"Shortest route already under threshold (dose 74).","safe_until_hour":null}},{"type":"Feature","geometry":{"type":"Polygon","coordinates":[[[-81.37729600041773,28.589492999624106],[-81.3772880000218,28.58916899963464],[-81.37728700019692,28.589113999883004],[-81.37658000001716,28.588483999958424],[-81.37643400042728,28.58830100006907],[-81.37577800030117,28.58746899967698],[-81.37543099997153,28.586819000015453],[-81.37515599961192,28.585909999946324],[-81.37506799974837,28.58498400008756],[-81.37506799974837,28.584356000325233],[-81.37503400031152,28.58327599998189],[-81.37502900028863,28.58304999965486],[-81.37502300044085,28.58288999980682],[-81.37501699969476,28.582394000387524],[-81.37501699969476,28.582247999851912],[-81.37493200020425,28.582249000099413],[-81.37479400011199,28.582250000346903],[-81.3747249996167,28.582250999805527],[-81.37469000035492,28.582250999805527],[-81.37458499987463,28.582250999805527],[-81.37455100043775,28.582250999805527],[-81.37454700023979,28.582269999772713],[-81.37453700019402,28.582326999653606],[-81.37453600036913,28.582346999853613],[-81.37452399977525,28.582473000079474],[-81.3745260003234,28.582570999624878],[-81.3745420002169,28.58318599984702],[-81.37454600041487,28.583244000258304],[-81.37455700028553,28.58339300012097],[-81.37455200026265,28.583424000351737],[-81.37452799997321,28.58346199985875],[-81.37463400027842,28.583699999738815],[-81.37470500042353,28.58393399973212],[-81.3747599997768,28.58433200038549],[-81.37477099964745,28.584650999958445],[-81.37478499989115,28.58499999968584],[-81.37484799964034,28.585545999998345],[-81.37489500039433,28.585883999935497],[-81.37488399962535,28.585934000314676],[-81.37488399962535,28.585967000220624],[-81.37487799977758,28.585993999634034],[-81.37488399962535,28.586087999787186],[-81.37486199988403,28.586196999851204],[-81.37479599976182,28.586350999727287],[-81.37470299987538,28.586499999920353],[-81.37463099990538,28.586659000380518],[-81.37455399991248,28.5869010001481],[-81.37441099979733,28.587070999853896],[-81.37423000004739,28.58715399999091],[-81.37409299978002,28.587196999941032],[-81.37374600034869,28.587340000107446],[-81.37360900008137,28.587428000234517],[-81.3735210002178,28.587620999663724],[-81.37351600019494,28.587780000006262],[-81.37356499970043,28.587916999796086],[-81.37364199969332,28.588082000054413],[-81.37374600034869,28.58818600025151],[-81.3738950003116,28.588302000259006],[-81.37404900029742,28.588384000023865],[-81.37421900017672,28.588449999865137],[-81.37453200017117,28.588434000003073],[-81.37488399962535,28.58842799965974],[-81.37496599964112,28.58846699991318],[-81.37509799988561,28.588594000092087],[-81.37513700024365,28.588608000344614],[-81.37517300022867,28.588628000138797],[-81.37520599984065,28.58865199988675],[-81.37521800043453,28.58866499994516],[-81.37525600006936,28.588712000021474],[-81.37527199996288,28.588747000215665],[-81.37528200000861,28.5887829997948],[-81.37528600020657,28.588820999731595],[-81.37529000040455,28.589320000138592],[-81.37529200005437,28.589488999698474],[-81.37535999982641,28.589493999802677],[-81.37567000034612,28.589494999981262],[-81.37652999978843,28.589497999728117],[-81.37680500014805,28.589496000159812],[-81.37718400026475,28.589494999981262],[-81.37725500040985,28.589493999802677],[-81.37729600041773,28.589492999624106]]]},"properties":{"block_id":"120950190001053","school_id":"sch_killarney_elementary","kids_est":0,"class":"red","shortest":{"len_m":1967.8,"mean_c":37.22,"peak_c":37.6,"dose":115.3},"coolest":{"len_m":1968.4,"mean_c":37.2,"peak_c":37.6,"dose":114.9},"delta_mean_c":-0.02,"delta_dose_pct":0,"distance_mi":0.722,"status_now":"walk","status_rec":"bus_eligible","reason":"Coolest route mean 37.2C exceeds threshold (110 C-min dose, actual 115).","safe_until_hour":"14:00"}},{"type":"Feature","geometry":{"type":"Polygon","coordinates":[[[-81.38148599982104,28.592693000205593],[-81.38150900028556,28.592690999909284],[-81.38147400012546,28.592662000341317],[-81.38029699959245,28.591693000332068],[-81.38027700039927,28.59167399970129],[-81.38022499962241,28.5916249998438],[-81.37985800009962,28.59127700018273],[-81.37980600022108,28.591234999696944],[-81.37917199983626,28.590715000142684],[-81.3784970003419,28.590131999788063],[-81.37800500024731,28.589711999854785],[-81.37774599978123,28.58949100005571],[-81.37749200023632,28.58927499990663],[-81.37736099981673,28.589177000298875],[-81.37734099972526,28.58916199994033],[-81.37731399996109,28.589138000308797],[-81.37728700019692,28.589113999883004],[-81.3772880000218,28.58916899963464],[-81.37729600041773,28.589492999624106],[-81.37729899989246,28.589620000141217],[-81.37730599956517,28.58989400026852],[-81.37732400000682,28.590399999927744],[-81.37732400000682,28.590834000223648],[-81.3773780004335,28.590835000389475],[-81.37738099990824,28.590944999640875],[-81.37738699975601,28.591312999684327],[-81.37739500015194,28.59176800029763],[-81.37739599997686,28.591859000341717],[-81.3773990003499,28.592002999843118],[-81.3774779999926,28.59200100032246],[-81.3779140000107,28.59199500018277],[-81.37790999981274,28.591763999669787],[-81.37840899958003,28.59175800030529],[-81.37841699997594,28.592211999628596],[-81.3785750001597,28.59221000011192],[-81.3786460003048,28.59221000011192],[-81.37888399995619,28.592206999653666],[-81.37889200035211,28.592658999895963],[-81.37935900033233,28.592652999793835],[-81.37951599979286,28.59265100028554],[-81.379983999598,28.592644000034298],[-81.38045099957823,28.59263799993125],[-81.38044499973044,28.592299000258397],[-81.38092099993152,28.592742000353976],[-81.3811300001689,28.592724000060656],[-81.38148599982104,28.592693000205593]],[[-81.3778649996069,28.58993800006123],[-81.37786100030726,28.590195000382643],[-81.37742799976388,28.590186999795925],[-81.37742799976388,28.589889000183323],[-81.37743199996187,28.589617999786437],[-81.37744100018269,28.58956899975945],[-81.3775419995667,28.589656000210237],[-81.37761199988691,28.589716999948376],[-81.37778799961401,28.58987000001529],[-81.3778649996069,28.58993800006123]]]},"properties":{"block_id":"120950190001047","school_id":"sch_killarney_elementary","kids_est":1,"class":"green","shortest":{"len_m":1206.9,"mean_c":37.38,"peak_c":37.6,"dose":73.5},"coolest":{"len_m":1207.3,"mean_c":37.35,"peak_c":37.6,"dose":73.2},"delta_mean_c":-0.03,"delta_dose_pct":0,"distance_mi":0.363,"status_now":"walk","status_rec":"walk","reason":"Shortest route already under threshold (dose 74).","safe_until_hour":null}},{"type":"Feature","geometry":{"type":"Polygon","coordinates":[[[-81.37112000019441,28.586758000173486],[-81.37111299962339,28.586020999829273],[-81.37111299962339,28.585983999881314],[-81.37111299962339,28.585864999832463],[-81.3701550002718,28.585861999981947],[-81.36969900016221,28.585861999981947],[-81.36961899979627,28.585861999981947],[-81.36946200033574,28.585861999981947],[-81.36946399998558,28.58610200037342],[-81.36946700035863,28.58628100009841],[-81.36946700035863,28.58629600007917],[-81.3693109998247,28.58629600007917],[-81.36931599984759,28.586613000381227],[-81.36932000004555,28.58675199973451],[-81.36962399981914,28.58675400014383],[-81.37023800011247,28.586758000173486],[-81.37112000019441,28.586758000173486]]]},"properties":{"block_id":"120950190001069","school_id":"sch_killarney_elementary","kids_est":1,"class":"red","shortest":{"len_m":2286.0,"mean_c":37.16,"peak_c":37.6,"dose":131.8},"coolest":{"len_m":2330.6,"mean_c":36.95,"peak_c":37.6,"dose":128.0},"delta_mean_c":-0.21,"delta_dose_pct":-3,"distance_mi":0.983,"status_now":"walk","status_rec":"bus_eligible","reason":"Coolest route mean 37.0C exceeds threshold (110 C-min dose, actual 128).","safe_until_hour":"14:00"}},{"type":"Feature","geometry":{"type":"Polygon","coordinates":[[[-81.37117100024803,28.58947999966807],[-81.37116700005006,28.58929800011524],[-81.37115500035449,28.588752999751975],[-81.37115100015654,28.588571999916812],[-81.37075500032142,28.58857000033089],[-81.36956699991775,28.588565000182744],[-81.36917199990752,28.58856399999533],[-81.3691190002041,28.58856399999533],[-81.36913000007473,28.58946699971049],[-81.36915000016623,28.589469000068128],[-81.36918000030346,28.589471999815732],[-81.36952000006208,28.589471999815732],[-81.36963300003998,28.589471999815732],[-81.36983999972921,28.589472999994523],[-81.3704640000683,28.58947599974201],[-81.37067199958244,28.589478000099437],[-81.37077100021494,28.589478000099437],[-81.37107099979059,28.58947900027815],[-81.37117100024803,28.58947999966807]]]},"properties":{"block_id":"120950190001056","school_id":"sch_killarney_elementary","kids_est":7,"class":"green","shortest":{"len_m":1936.5,"mean_c":36.97,"peak_c":37.6,"dose":106.7},"coolest":{"len_m":1939.6,"mean_c":36.94,"peak_c":37.6,"dose":106.3},"delta_mean_c":-0.03,"delta_dose_pct":0,"distance_mi":0.884,"status_now":"walk","status_rec":"walk","reason":"Shortest route already under threshold (dose 107).","safe_until_hour":null}},{"type":"Feature","geometry":{"type":"Polygon","coordinates":[[[-81.3590039997493,28.60331799987819],[-81.35899100022883,28.602623999649982],[-81.35858600017286,28.602623999649982],[-81.35737100000502,28.602626999810802],[-81.35696699977397,28.602627999864417],[-81.35696900032211,28.60277200038543],[-81.35697599999479,28.6032039999758],[-81.35697900036786,28.603348999754168],[-81.35700100010916,28.60333599993452],[-81.35846399997413,28.60331999997224],[-81.3590039997493,28.60331799987819]]]},"properties":{"block_id":"120950159011007","school_id":"sch_killarney_elementary","kids_est":1,"class":"red","shortest":{"len_m":3923.3,"mean_c":36.43,"peak_c":37.6,"dose":187.1},"coolest":{"len_m":3929.4,"mean_c":36.42,"peak_c":37.6,"dose":186.8},"delta_mean_c":-0.01,"delta_dose_pct":0,"distance_mi":1.598,"status_now":"walk","status_rec":"bus_eligible","reason":"Coolest route mean 36.4C exceeds threshold (110 C-min dose, actual 187).","safe_until_hour":"12:00"}},{"type":"Feature","geometry":{"type":"Polygon","coordinates":[[[-81.36972900029946,28.592035000056125],[-81.36972900029946,28.591885999819592],[-81.36972099990354,28.591692000174408],[-81.36971800042879,28.591617000154685],[-81.36971400023083,28.59157800028098],[-81.36970300036018,28.591478000134327],[-81.36967099967482,28.591180999611147],[-81.36966999984989,28.59116400000196],[-81.36966800020008,28.591082000039062],[-81.36966499982704,28.590987000242524],[-81.3696559996062,28.590702000337807],[-81.36965399995638,28.590607000197878],[-81.36964999975842,28.590504000198248],[-81.36964599956046,28.59034399986082],[-81.36964300008573,28.590195999765747],[-81.36964200026081,28.59009400032511],[-81.36963999971267,28.58996899993992],[-81.36963399986489,28.58959599982546],[-81.36963300003998,28.589471999815732],[-81.36952000006208,28.589471999815732],[-81.36918000030346,28.589471999815732],[-81.36915000016623,28.589469000068128],[-81.36913000007473,28.58946699971049],[-81.36911599983102,28.58946600032045],[-81.36907200034842,28.58946600032045],[-81.3686709995921,28.589465000141598],[-81.36746899984304,28.58946200039379],[-81.36706899980996,28.58946100021491],[-81.36665500043148,28.589458999857104],[-81.36541299960112,28.589456000109145],[-81.36499900022265,28.58945499993019],[-81.36500400024553,28.58972800031122],[-81.36502099996396,28.590547000355855],[-81.36502599998684,28.59078499997462],[-81.36502699981176,28.590820000267534],[-81.36503100000972,28.591047999997173],[-81.36504500025343,28.59173399968888],[-81.36505000027628,28.591962999957587],[-81.36505000027628,28.591996999703543],[-81.36505299975103,28.592098000299064],[-81.36505399957593,28.592133000154792],[-81.3653120002171,28.592139999651273],[-81.36560199974701,28.592140999804684],[-81.36593200035821,28.59214300011145],[-81.36602000022177,28.592134999672986],[-81.36724799991012,28.592139999651273],[-81.3677969999061,28.59214300011145],[-81.36811499992342,28.59214400026482],[-81.36906999980027,28.59214699993609],[-81.36938899964251,28.592149000242742],[-81.36945700031289,28.592149000242742],[-81.36966099962906,28.592149000242742],[-81.36972900029946,28.592149999607283],[-81.36972900029946,28.592035000056125]]]},"properties":{"block_id":"120950190002000","school_id":"sch_killarney_elementary","kids_est":2,"class":"red","shortest":{"len_m":2296.9,"mean_c":36.83,"peak_c":37.6,"dose":122.3},"coolest":{"len_m":2303.9,"mean_c":36.78,"peak_c":37.6,"dose":120.9},"delta_mean_c":-0.05,"delta_dose_pct":-1,"distance_mi":0.99,"status_now":"walk","status_rec":"bus_eligible","reason":"Coolest route mean 36.8C exceeds threshold (110 C-min dose, actual 121).","safe_until_hour":"14:00"}},{"type":"Feature","geometry":{"type":"Polygon","coordinates":[[[-81.3589689995892,28.60115200030007],[-81.35896600011448,28.601000000161317],[-81.35895900044177,28.600546000150285],[-81.35895699989364,28.60039499999855],[-81.35855100001277,28.60039900029788],[-81.35733500002,28.600412999766885],[-81.35707100042936,28.600415999990883],[-81.35692999996405,28.600414999916225],[-81.35692999996405,28.600566000039148],[-81.3569330003371,28.60090199965437],[-81.35693499998692,28.601019999963846],[-81.35693900018488,28.601172000073603],[-81.3571319996304,28.601172000073603],[-81.35734400024083,28.601166999736254],[-81.35856199988342,28.60115499971426],[-81.3589689995892,28.60115200030007]]]},"properties":{"block_id":"120950159011016","school_id":"sch_killarney_elementary","kids_est":0,"class":"red","shortest":{"len_m":3531.3,"mean_c":36.46,"peak_c":37.6,"dose":170.4},"coolest":{"len_m":3531.3,"mean_c":36.46,"peak_c":37.6,"dose":170.4},"delta_mean_c":0.0,"delta_dose_pct":0,"distance_mi":1.557,"status_now":"walk","status_rec":"bus_eligible","reason":"Coolest route mean 36.5C exceeds threshold (110 C-min dose, actual 170).","safe_until_hour":"13:00"}},{"type":"Feature","geometry":{"type":"Polygon","coordinates":[[[-81.35692999996405,28.600414999916225],[-81.35692800031421,28.600233000367577],[-81.35692499994117,28.599687999911964],[-81.35692400011625,28.59950699997627],[-81.35649599959578,28.599511000309406],[-81.35521600002889,28.59952599997982],[-81.35478900023163,28.599530999606596],[-81.35478800040671,28.59971300037103],[-81.35478699968351,28.60025899998436],[-81.35478699968351,28.600325000256824],[-81.35479199970636,28.6004420003511],[-81.35521900040195,28.6004359999045],[-81.35650200034188,28.60042000028936],[-81.35692999996405,28.600414999916225]]]},"properties":{"block_id":"120950159011014","school_id":"sch_killarney_elementary","kids_est":2,"class":"red","shortest":{"len_m":3591.4,"mean_c":36.46,"peak_c":37.6,"dose":173.0},"coolest":{"len_m":3591.4,"mean_c":36.46,"peak_c":37.6,"dose":173.0},"delta_mean_c":0.0,"delta_dose_pct":0,"distance_mi":1.669,"status_now":"walk","status_rec":"bus_eligible","reason":"Coolest route mean 36.5C exceeds threshold (110 C-min dose, actual 173).","safe_until_hour":"13:00"}},{"type":"Feature","geometry":{"type":"Polygon","coordinates":[[[-81.3733089996074,28.593576999662098],[-81.37330699995756,28.593402999657183],[-81.37330600013264,28.59325100014246],[-81.37330500030775,28.593170999728404],[-81.37276600035749,28.593168000086344],[-81.37274299989295,28.593168000086344],[-81.37274299989295,28.593269000345536],[-81.37274399971787,28.59351900021831],[-81.37273600022027,28.593685999849406],[-81.3728309997565,28.593685999849406],[-81.37321400007114,28.593686999988094],[-81.37321700044421,28.593576999662098],[-81.3733089996074,28.593576999662098]]]},"properties":{"block_id":"120950190001026","school_id":"sch_killarney_elementary","kids_est":0,"class":"green","shortest":{"len_m":1230.8,"mean_c":37.18,"peak_c":37.6,"dose":71.9},"coolest":{"len_m":1230.8,"mean_c":37.18,"peak_c":37.6,"dose":71.9},"delta_mean_c":0.0,"delta_dose_pct":0,"distance_mi":0.61,"status_now":"walk","status_rec":"walk","reason":"Shortest route already under threshold (dose 72).","safe_until_hour":null}},{"type":"Feature","geometry":{"type":"Polygon","coordinates":[[[-81.38720900030785,28.58927499990663],[-81.38722000017847,28.589232000017564],[-81.38715700042928,28.58923300019863],[-81.38684299971162,28.589237000133927],[-81.38659199964147,28.589239999888147],[-81.38644299967855,28.589242000250128],[-81.38640400021879,28.589239999888147],[-81.38567100009979,28.589247999758193],[-81.38561199965024,28.589245000004194],[-81.38561099982532,28.589321000318833],[-81.38561099982532,28.589382000251394],[-81.38561000000043,28.589484999772694],[-81.38561400019837,28.589723999605745],[-81.38563199974172,28.590667000005617],[-81.38563199974172,28.590750999836743],[-81.38563199974172,28.59097800034036],[-81.38562800044207,28.591020000140023],[-81.3856090001755,28.591059000220746],[-81.38558900008402,28.59108099987558],[-81.38555800012189,28.591102000151338],[-81.38551399974095,28.591117000233037],[-81.38539499991525,28.591118999770504],[-81.38478900001786,28.591133999849824],[-81.38458700035149,28.591140000038656],[-81.38459300019926,28.591415999680066],[-81.38460400006991,28.59190800009014],[-81.38460700044298,28.59224399977798],[-81.38460999991771,28.5925209998257],[-81.38460999991771,28.592581000118575],[-81.38460999991771,28.592634000125297],[-81.38461300029076,28.592887999727232],[-81.38460499989485,28.59294100036793],[-81.38470100015431,28.592940000222143],[-81.38537900002174,28.592929000195408],[-81.38550100022047,28.592928000049554],[-81.38550200004538,28.59284700003173],[-81.38550600024334,28.59270300010893],[-81.38550899971808,28.592688000253535],[-81.3855310003577,28.59258700022488],[-81.3856929998411,28.59227900037386],[-81.38576200033637,28.592042999713485],[-81.38578099970464,28.591943000009124],[-81.3859670003758,28.591764999826758],[-81.38634200029452,28.59141000029577],[-81.38670999964224,28.590992000275417],[-81.38682199979523,28.590843000138154],[-81.38687799987171,28.59072000018858],[-81.38697800032917,28.590496999804035],[-81.38696599973527,28.59044199995834],[-81.3869409996209,28.590402999648784],[-81.38690999965877,28.590380999852062],[-81.386903999811,28.590342999690325],[-81.3870100001162,28.590127999886747],[-81.38703500023057,28.590024000033072],[-81.38702199981178,28.589903000263476],[-81.38696599973527,28.58996899993992],[-81.386903999811,28.589962999684257],[-81.38683500021403,28.5899300002437],[-81.38670999964224,28.5899300002437],[-81.3866290003497,28.589902000088784],[-81.38656099967932,28.589858000281048],[-81.38654800015885,28.58983600037022],[-81.3865730002732,28.589819999930274],[-81.38666699998453,28.58983600037022],[-81.38688000041986,28.589805999839125],[-81.38697900015407,28.58979299992181],[-81.38702900038277,28.589764999730406],[-81.38706000034493,28.589715000384256],[-81.3870660001927,28.589594000259012],[-81.38704100007834,28.589506000367262],[-81.38698500000184,28.589451000003123],[-81.3869409996209,28.58942399989988],[-81.3869409996209,28.589379999892095],[-81.38699800042063,28.589352000379503],[-81.38715999990403,28.58926999979202],[-81.38720900030785,28.58927499990663]]]},"properties":{"block_id":"120950153002028","school_id":"sch_killarney_elementary","kids_est":2,"class":"green","shortest":{"len_m":1186.8,"mean_c":37.6,"peak_c":37.6,"dose":76.5},"coolest":{"len_m":1186.8,"mean_c":37.6,"peak_c":37.6,"dose":76.5},"delta_mean_c":0.0,"delta_dose_pct":0,"distance_mi":0.348,"status_now":"walk","status_rec":"walk","reason":"Shortest route already under threshold (dose 76).","safe_until_hour":null}},{"type":"Feature","geometry":{"type":"Polygon","coordinates":[[[-81.35273100033992,28.594918000222037],[-81.35268699995899,28.5949170000951],[-81.35263199970738,28.594912000248843],[-81.35257700035412,28.594898000047078],[-81.35254399984385,28.59488600009797],[-81.3525270001254,28.594893000199903],[-81.35249600016327,28.594902999893947],[-81.35246400037622,28.594911000121808],[-81.35243099986594,28.594913999714123],[-81.3521670002753,28.59492799991374],[-81.35169899957185,28.59494499970295],[-81.35088900035825,28.594985000031276],[-81.35096899982587,28.595176999660026],[-81.35099300011532,28.59525600000105],[-81.35100900000884,28.595355999708673],[-81.35102099970442,28.5959460003061],[-81.35114200007823,28.5959460003061],[-81.35126299955374,28.595939000274342],[-81.35186299960336,28.595933999687944],[-81.35198900000006,28.595714999799604],[-81.35211600022167,28.59553799981575],[-81.35219400003947,28.5954389996146],[-81.35227900042828,28.595340000108912],[-81.3523639999188,28.595250000047173],[-81.35243800043695,28.59517199982612],[-81.35247100004892,28.59513999977939],[-81.35253700017115,28.595079000032996],[-81.35257099960803,28.595049000209375],[-81.3526400001033,28.594991000000334],[-81.3526750002634,28.59496200027815],[-81.35273100033992,28.594918000222037]]]},"properties":{"block_id":"120950160011026","school_id":"sch_killarney_elementary","kids_est":0,"class":"red","shortest":{"len_m":3551.6,"mean_c":36.6,"peak_c":37.6,"dose":177.5},"coolest":{"len_m":3551.6,"mean_c":36.6,"peak_c":37.6,"dose":177.5},"delta_mean_c":0.0,"delta_dose_pct":0,"distance_mi":1.894,"status_now":"walk","status_rec":"bus_eligible","reason":"Coolest route mean 36.6C exceeds threshold (110 C-min dose, actual 178).","safe_until_hour":"13:00"}},{"type":"Feature","geometry":{"type":"Polygon","coordinates":[[[-81.39403499991118,28.5910379999364],[-81.39403499991118,28.591011000240734],[-81.39395399972034,28.590993999815314],[-81.39377999964306,28.590983000373736],[-81.39362999985522,28.590988999782457],[-81.39348699974009,28.590983000373736],[-81.39335600021884,28.590944999640875],[-81.39325599976141,28.5909010002696],[-81.39315600020231,28.59082400014252],[-81.3930499998971,28.590669000340434],[-81.3929939998206,28.590620000014503],[-81.39292600004853,28.590613999795934],[-81.39288000001778,28.590626000232724],[-81.39280700022286,28.59064699981058],[-81.39270699976542,28.59071900002166],[-81.39258299991685,28.590790000017183],[-81.3923460000904,28.59086200013033],[-81.39230199970947,28.590883999826403],[-81.39212099995949,28.590911000343464],[-81.39197799984437,28.591005000044497],[-81.3919589995778,28.591011000240734],[-81.39194100003444,28.591016000272496],[-81.39187200043746,28.591016000272496],[-81.39182200020876,28.59104900016095],[-81.39179100024663,28.591114999906754],[-81.39177199998005,28.591235999858952],[-81.39180899978996,28.591428000025303],[-81.39181600036098,28.59149400032193],[-81.39180899978996,28.59155999978834],[-81.3917970000944,28.591593000294814],[-81.39176600013226,28.59161499983791],[-81.39164099956047,28.59166800033165],[-81.39149800034365,28.59173100000583],[-81.39135400040361,28.59174700015492],[-81.39124200025061,28.591742000157865],[-81.39114799964098,28.59171999985257],[-81.39107400002112,28.591687000174748],[-81.39101799994462,28.591643000325305],[-81.39096799971593,28.591577000122225],[-81.39091800038553,28.591471999964728],[-81.39089300027116,28.591351000284163],[-81.39084899989022,28.591263000285597],[-81.3908120000803,28.59115299978943],[-81.39064999969861,28.590872000207895],[-81.39061899973645,28.590783999808323],[-81.39061299988867,28.590707000384274],[-81.39064399985081,28.590585999823254],[-81.39063800000304,28.590497999973067],[-81.39059399962211,28.59046499991164],[-81.39054400029171,28.59044900035622],[-81.39053199969783,28.59041600027941],[-81.39061899973645,28.590393999696623],[-81.39063800000304,28.59034399986082],[-81.39059399962211,28.59022299967073],[-81.39058199992654,28.590140000378952],[-81.39063200015525,28.590085000346548],[-81.39069099970648,28.59006100013693],[-81.3904320001387,28.59004899963564],[-81.38973599982963,28.590018999954072],[-81.38972800033201,28.589563000269692],[-81.38972499995896,28.58933700004598],[-81.38937199978156,28.58934200015741],[-81.3876639996942,28.589364000171553],[-81.38766200004437,28.589225999719776],[-81.38740199975338,28.589229999655405],[-81.38730100036933,28.589230999836484],[-81.38722000017847,28.589232000017564],[-81.38720900030785,28.58927499990663],[-81.38715999990403,28.58926999979202],[-81.38699800042063,28.589352000379503],[-81.3869409996209,28.589379999892095],[-81.3869409996209,28.58942399989988],[-81.38698500000184,28.589451000003123],[-81.38704100007834,28.589506000367262],[-81.3870660001927,28.589594000259012],[-81.38706000034493,28.589715000384256],[-81.38702900038277,28.589764999730406],[-81.38697900015407,28.58979299992181],[-81.38688000041986,28.589805999839125],[-81.38666699998453,28.58983600037022],[-81.3865730002732,28.589819999930274],[-81.38654800015885,28.58983600037022],[-81.38656099967932,28.589858000281048],[-81.3866290003497,28.589902000088784],[-81.38670999964224,28.5899300002437],[-81.38683500021403,28.5899300002437],[-81.386903999811,28.589962999684257],[-81.38696599973527,28.58996899993992],[-81.38702199981178,28.589903000263476],[-81.38703500023057,28.590024000033072],[-81.3870100001162,28.590127999886747],[-81.386903999811,28.590342999690325],[-81.38690999965877,28.590380999852062],[-81.3869409996209,28.590402999648784],[-81.38696599973527,28.59044199995834],[-81.38697800032917,28.590496999804035],[-81.38687799987171,28.59072000018858],[-81.38682199979523,28.590843000138154],[-81.38670999964224,28.590992000275417],[-81.38634200029452,28.59141000029577],[-81.3859670003758,28.591764999826758],[-81.38578099970464,28.591943000009124],[-81.38576200033637,28.592042999713485],[-81.3856929998411,28.59227900037386],[-81.3855310003577,28.59258700022488],[-81.38550899971808,28.592688000253535],[-81.38550600024334,28.59270300010893],[-81.38550200004538,28.59284700003173],[-81.38550100022047,28.592928000049554],[-81.3856590004042,28.592924999611796],[-81.38566100005404,28.593044999702105],[-81.38566699990184,28.593435000232738],[-81.38554700025122,28.59343699972611],[-81.38555499974883,28.59351200002487],[-81.38559300028197,28.59359999971827],[-81.38561099982532,28.593703999977997],[-81.38593600041365,28.593857999900514],[-81.38600400018572,28.593990999903014],[-81.38604500019359,28.594040000235168],[-81.38657099972507,28.59466799973291],[-81.38667700003028,28.594745000199342],[-81.38675200037333,28.594783000347288],[-81.38683900041198,28.59477799970589],[-81.3869199997045,28.59480500001147],[-81.38713200031493,28.59492599965999],[-81.38721299960748,28.594943000238267],[-81.38725699998841,28.59492599965999],[-81.38726899968398,28.594865999916866],[-81.38734400002704,28.594815999841888],[-81.38743100006569,28.594844000265393],[-81.38771200027308,28.59499800009523],[-81.38781799967997,28.59501499987312],[-81.38786799990869,28.59500400006358],[-81.38792399998519,28.594964999869003],[-81.38802400044261,28.59491599996812],[-81.388073999773,28.59490500014816],[-81.38811700032903,28.59493800039323],[-81.38811099958293,28.594964999869003],[-81.3881359996973,28.594993000252828],[-81.38819799962157,28.59500400006358],[-81.38874099976978,28.5947950003081],[-81.38891400002215,28.59473699995886],[-81.3890520001144,28.594690000209926],[-81.38951999991956,28.594613999833125],[-81.38968200030126,28.59455899977515],[-81.38975699974601,28.59449799969164],[-81.38979600010408,28.5944590000981],[-81.38986600042428,28.594390999821595],[-81.38994400024208,28.5943170002827],[-81.39001899968683,28.5942560000587],[-81.39013099983984,28.594189999918683],[-81.39018699991632,28.594146000328205],[-81.39046200027595,28.593892999958996],[-81.390530000048,28.5937609999705],[-81.39057400042893,28.593639999769657],[-81.39077400044549,28.593314999798867],[-81.39100399970094,28.59300699971464],[-81.39117899960311,28.592632999976573],[-81.39127300021276,28.592484999949004],[-81.39146599965831,28.59240800019336],[-81.39155299969693,28.592357999737896],[-81.39167800026873,28.592331000381243],[-81.39182100038384,28.592331000381243],[-81.39194900043034,28.592353999921272],[-81.39225800022685,28.592518000165093],[-81.39241399986247,28.592551000370765],[-81.39266900013058,28.5925619996483],[-81.39285599972834,28.5926560002393],[-81.39291900037584,28.59267800034871],[-81.39296799988134,28.59267200024766],[-81.39303700037661,28.5926450001829],[-81.39320499970779,28.59249100006078],[-81.39329900031744,28.592374999942727],[-81.39347400021963,28.592205000136897],[-81.39373500033554,28.59214400026482],[-81.39394700004765,28.592094999837617],[-81.3939789998347,28.592067000259338],[-81.39400999979684,28.592011999657537],[-81.39399700027634,28.59196799994412],[-81.39393500035207,28.59195199982867],[-81.39389099997115,28.59195199982867],[-81.39385400016121,28.591919000223665],[-81.39384800031344,28.591864000333203],[-81.39387300042777,28.591808999625133],[-81.39386699968169,28.59173700016058],[-81.39384199956733,28.591666000015852],[-81.39369199977952,28.591461999944247],[-81.39364200044912,28.59135699967188],[-81.3936490001218,28.591323999880114],[-81.39369799962729,28.591274999859525],[-81.3937610002748,28.591242000042023],[-81.39377299997037,28.59121400023655],[-81.3937670001226,28.591180999611147],[-81.39377999964306,28.591147999764118],[-81.39384800031344,28.591098999661458],[-81.39403499991118,28.5910379999364]]]},"properties":{"block_id":"120950153002002","school_id":"sch_killarney_elementary","kids_est":0,"class":"red","shortest":{"len_m":2582.4,"mean_c":37.49,"peak_c":37.6,"dose":161.6},"coolest":{"len_m":2582.4,"mean_c":37.49,"peak_c":37.6,"dose":161.6},"delta_mean_c":0.0,"delta_dose_pct":0,"distance_mi":0.432,"status_now":"walk","status_rec":"bus_eligible","reason":"Coolest route mean 37.5C exceeds threshold (110 C-min dose, actual 162).","safe_until_hour":"13:00"}},{"type":"Feature","geometry":{"type":"Polygon","coordinates":[[[-81.38561199965024,28.589245000004194],[-81.38561400019837,28.58897599989186],[-81.38561099982532,28.58877600007479],[-81.38552999963447,28.58874600003003],[-81.38545600001463,28.58870400011064],[-81.38536700032617,28.58863799964006],[-81.38512299992871,28.58848600033478],[-81.38506100000441,28.58844199993438],[-81.38504099991295,28.588424999882342],[-81.38495700024735,28.588352999677827],[-81.3849110002166,28.58830100006907],[-81.38488299972917,28.588261999754106],[-81.38485799961484,28.58827899983249],[-81.38485000011723,28.58828500018432],[-81.38483300039879,28.58830299966011],[-81.3847990000636,28.588348000308155],[-81.38478200034515,28.588373000309257],[-81.38473299994136,28.588440999745846],[-81.38472600026867,28.58844800027691],[-81.38470399962904,28.588474999841992],[-81.38466900036725,28.58850600015212],[-81.3846309998341,28.588529999927907],[-81.38458800017641,28.588549999736937],[-81.38454200014566,28.58856399999533],[-81.38448500024424,28.58857099972945],[-81.38444599988618,28.58857300010415],[-81.38439300018274,28.58856600037016],[-81.38435200017484,28.588556000073233],[-81.38430699996901,28.588539000039646],[-81.38426699978604,28.588515000265904],[-81.38388099999666,28.58822999997023],[-81.38348099996358,28.58794199989968],[-81.38340399997067,28.587888999893874],[-81.38332100013001,28.58783199987263],[-81.38325699965759,28.587791999977735],[-81.38167099976896,28.58665999979725],[-81.38164700037784,28.586643000245843],[-81.38154100007262,28.586746000084016],[-81.38140499963019,28.586898999741642],[-81.38111000007741,28.58721500039194],[-81.38109400018388,28.58722799983916],[-81.38104300013026,28.587249000095788],[-81.38100499959711,28.58725199990667],[-81.38096799978717,28.58724500008478],[-81.38093500017521,28.587230000239412],[-81.38017600011693,28.58668500019971],[-81.38007700038274,28.586613999798388],[-81.3800609995909,28.586597999656917],[-81.38003700019976,28.586559999705507],[-81.3800249996059,28.586518999908595],[-81.3800260003291,28.586475999681195],[-81.38003899984959,28.58643399964384],[-81.38017399956881,28.586237000352885],[-81.38023499966816,28.586169000279718],[-81.38036899956248,28.5860439999609],[-81.38047499986767,28.585944000072157],[-81.3805600002565,28.585864999832463],[-81.38054099998993,28.58583300010791],[-81.38053599996704,28.585797000307547],[-81.38040899974544,28.585797999732453],[-81.38037399958533,28.585797999732453],[-81.38026999982826,28.585798999946192],[-81.38023600039139,28.585800000159917],[-81.38007400000969,28.58580100037363],[-81.37958799976288,28.585804000225885],[-81.37942600027948,28.58580499965073],[-81.3794270001044,28.585861999981947],[-81.37942999957912,28.58603599984708],[-81.37943200012727,28.586094000264065],[-81.37943299995219,28.586165000227695],[-81.37943700015013,28.586339000380182],[-81.37943200012727,28.586369000323025],[-81.3794270001044,28.5863769996227],[-81.37940399963986,28.586423999932965],[-81.37939000029448,28.58643700026686],[-81.37935799960911,28.58646800038905],[-81.37929800023296,28.58649599988086],[-81.3792649997227,28.586503999959692],[-81.37920699999638,28.58650500016671],[-81.37909300019356,28.586509000205798],[-81.37870099965808,28.58650799999888],[-81.37860199992387,28.586509000205798],[-81.37840100008243,28.586513000244793],[-81.37840799975511,28.58702299963076],[-81.37843200004455,28.5885530002995],[-81.37844100026541,28.589064000227236],[-81.3784420000903,28.589147000368488],[-81.37844600028826,28.589396999789773],[-81.37844799993807,28.58948099984677],[-81.37858900040341,28.589483000204158],[-81.37905399983549,28.589476999920684],[-81.38087499990077,28.58945499993019],[-81.38148199962308,28.589448999645203],[-81.38168699966249,28.589445999896924],[-81.38230400032887,28.589436999862844],[-81.3825100001932,28.58943500029338],[-81.38271500023261,28.58943299993509],[-81.38333299982558,28.58942699964878],[-81.38353899968989,28.58942600025836],[-81.38374299990441,28.589422999720693],[-81.38435399982467,28.58941600004329],[-81.38455899986408,28.58941399968464],[-81.38476899992638,28.589410999935385],[-81.38540199958797,28.58940400025718],[-81.38552200013689,28.58940300007774],[-81.38561099982532,28.589382000251394],[-81.38561099982532,28.589321000318833],[-81.38561199965024,28.589245000004194]]]},"properties":{"block_id":"120950153002008","school_id":"sch_killarney_elementary","kids_est":6,"class":"red","shortest":{"len_m":1929.7,"mean_c":37.56,"peak_c":37.6,"dose":122.6},"coolest":{"len_m":1929.7,"mean_c":37.56,"peak_c":37.6,"dose":122.6},"delta_mean_c":0.0,"delta_dose_pct":0,"distance_mi":0.501,"status_now":"walk","status_rec":"bus_eligible","reason":"Coolest route mean 37.6C exceeds threshold (110 C-min dose, actual 123).","safe_until_hour":"14:00"}},{"type":"Feature","geometry":{"type":"Polygon","coordinates":[[[-81.3779209996834,28.5894899998771],[-81.37802399961556,28.589488000308656],[-81.37750800012984,28.589059000102576],[-81.3773919997789,28.588966999817604],[-81.37736699966453,28.588947000087895],[-81.3773430002734,28.588927999749625],[-81.3772799996259,28.5888780000054],[-81.37728200017403,28.58894499972032],[-81.37728700019692,28.589113999883004],[-81.37731399996109,28.589138000308797],[-81.37734099972526,28.58916199994033],[-81.37736099981673,28.589177000298875],[-81.37749200023632,28.58927499990663],[-81.37774599978123,28.58949100005571],[-81.3779209996834,28.5894899998771]]]},"properties":{"block_id":"120950190001064","school_id":"sch_killarney_elementary","kids_est":0,"class":"green","shortest":{"len_m":1225.9,"mean_c":37.37,"peak_c":37.6,"dose":74.2},"coolest":{"len_m":1226.3,"mean_c":37.34,"peak_c":37.6,"dose":73.9},"delta_mean_c":-0.03,"delta_dose_pct":0,"distance_mi":0.525,"status_now":"walk","status_rec":"walk","reason":"Shortest route already under threshold (dose 74).","safe_until_hour":null}},{"type":"Feature","geometry":{"type":"Polygon","coordinates":[[[-81.37396999975638,28.585475999833545],[-81.37396300008368,28.585053000359053],[-81.37386599999931,28.58505200013822],[-81.37373299992991,28.585053999791036],[-81.37365099991416,28.58505500001185],[-81.37365199973905,28.585118999924788],[-81.37365299956397,28.585168999878892],[-81.37365699976193,28.585398000248617],[-81.37365799958684,28.585477000050346],[-81.37396999975638,28.585475999833545]]]},"properties":{"block_id":"120950190001062","school_id":"sch_killarney_elementary","kids_est":0,"class":"red","shortest":{"len_m":2163.1,"mean_c":37.18,"peak_c":37.6,"dose":125.3},"coolest":{"len_m":2199.4,"mean_c":37.02,"peak_c":37.6,"dose":122.9},"delta_mean_c":-0.16,"delta_dose_pct":-2,"distance_mi":0.882,"status_now":"walk","status_rec":"bus_eligible","reason":"Coolest route mean 37.0C exceeds threshold (110 C-min dose, actual 123).","safe_until_hour":"14:00"}},{"type":"Feature","geometry":{"type":"Polygon","coordinates":[[[-81.38358600044387,28.592316999835734],[-81.38358399989573,28.59219699970314],[-81.38357399984999,28.591421999852855],[-81.38357100037527,28.59116400000196],[-81.38336499961264,28.59116500016464],[-81.38274700001965,28.591171000351746],[-81.38254199998025,28.591172999888208],[-81.38254600017821,28.591473000124488],[-81.38256200007173,28.59237299964043],[-81.38256299989663,28.592471000212754],[-81.38256600026969,28.59260700005082],[-81.3826370004148,28.592605999901863],[-81.38307500008271,28.59259999979664],[-81.38307000005983,28.59232500026041],[-81.38350299970489,28.592319000139156],[-81.38358600044387,28.592316999835734]]]},"properties":{"block_id":"120950153002016","school_id":"sch_killarney_elementary","kids_est":0,"class":"green","shortest":{"len_m":923.1,"mean_c":37.54,"peak_c":37.6,"dose":58.0},"coolest":{"len_m":923.1,"mean_c":37.54,"peak_c":37.6,"dose":58.0},"delta_mean_c":0.0,"delta_dose_pct":0,"distance_mi":0.241,"status_now":"walk","status_rec":"walk","reason":"Shortest route already under threshold (dose 58).","safe_until_hour":null}},{"type":"Feature","geometry":{"type":"Polygon","coordinates":[[[-81.38256299989663,28.592471000212754],[-81.38256200007173,28.59237299964043],[-81.38254600017821,28.591473000124488],[-81.38254199998025,28.591172999888208],[-81.38150699973743,28.591268000305437],[-81.381490000019,28.59035699971001],[-81.38148800036916,28.590175000097815],[-81.38148300034631,28.589630000336875],[-81.38148199962308,28.589448999645203],[-81.38087499990077,28.58945499993019],[-81.37905399983549,28.589476999920684],[-81.37858900040341,28.589483000204158],[-81.37844799993807,28.58948099984677],[-81.37839100003669,28.58948099984677],[-81.37822299980719,28.589484999772694],[-81.37816699973068,28.589485999951357],[-81.37815099983717,28.589485999951357],[-81.37802399961556,28.589488000308656],[-81.37807100036953,28.589532000271234],[-81.3781750001266,28.58961699960905],[-81.37907200027716,28.59035699971001],[-81.38004899989532,28.591199000168682],[-81.38017600011693,28.591294999935098],[-81.38082499967204,28.591886999975404],[-81.38176299983046,28.592669999950967],[-81.38211600000788,28.592639000079913],[-81.38223499983357,28.592629000170493],[-81.3823429997886,28.59261999962012],[-81.38247000001022,28.59260900034873],[-81.38248400025392,28.592608000199775],[-81.38248099988087,28.5925209998257],[-81.3824189999566,28.5924700000625],[-81.38248000005596,28.5924700000625],[-81.38256299989663,28.592471000212754]]]},"properties":{"block_id":"120950153002011","school_id":"sch_killarney_elementary","kids_est":5,"class":"green","shortest":{"len_m":1314.9,"mean_c":37.55,"peak_c":37.6,"dose":82.9},"coolest":{"len_m":1314.9,"mean_c":37.55,"peak_c":37.6,"dose":82.9},"delta_mean_c":0.0,"delta_dose_pct":0,"distance_mi":0.337,"status_now":"walk","status_rec":"walk","reason":"Shortest route already under threshold (dose 83).","safe_until_hour":null}},{"type":"Feature","geometry":{"type":"Polygon","coordinates":[[[-81.34235599959415,28.594825000204175],[-81.34239499995219,28.594618000352447],[-81.34235099957127,28.594569000289788],[-81.34228199997428,28.59441499983141],[-81.34222599989779,28.594331999905645],[-81.34213800003424,28.59427299995658],[-81.34202000003347,28.594194999799292],[-81.34194600041363,28.59413400029325],[-81.34184000010842,28.594007999843807],[-81.34170899968885,28.593826000242515],[-81.34161499997751,28.593765999871515],[-81.34150299982451,28.593727000006382],[-81.34130299980798,28.59359499980935],[-81.34115399984506,28.59352400013084],[-81.34110299979145,28.593495000003912],[-81.3410159997528,28.59344700034744],[-81.3409110001708,28.593374999638538],[-81.34086699978988,28.593325999785158],[-81.34082900015504,28.593237999862428],[-81.3408609999421,28.593198999801388],[-81.34078700032227,28.593193999873414],[-81.34056800003914,28.593181000375036],[-81.34049500024422,28.59317699980102],[-81.3405720002371,28.59352400013084],[-81.34057600043506,28.593540000007028],[-81.34058200028284,28.59360699990586],[-81.34056800003914,28.593773000047985],[-81.34057800008488,28.593838000312584],[-81.34059800017639,28.593894000095716],[-81.34061599971972,28.593966999796447],[-81.34061900009277,28.594094999775884],[-81.34062699959037,28.594162000109726],[-81.34065900027574,28.59430500026726],[-81.34070699995632,28.59445300009865],[-81.34075899983485,28.59456200016628],[-81.34077599955329,28.594598000120367],[-81.34088600005646,28.594802999755416],[-81.34089799975203,28.594844000265393],[-81.34089500027729,28.59488600009797],[-81.34101699957772,28.594900000301326],[-81.34117999978433,28.594932999759262],[-81.34120400007379,28.59493800039323],[-81.34127699986871,28.59496700012203],[-81.34134299999094,28.595006000315855],[-81.34141199958793,28.595064999853484],[-81.34146799966442,28.595132999693895],[-81.34164000009187,28.595400000370145],[-81.34174700022199,28.59555799986897],[-81.34181699964388,28.595660000317803],[-81.34192700014704,28.59578500024572],[-81.34200699961467,28.595755999953884],[-81.3420929998284,28.595726999654058],[-81.34225400038518,28.59568400003787],[-81.34228100014937,28.59567699998861],[-81.34233800005077,28.595667999699295],[-81.34232899982996,28.5954570002317],[-81.34231999960913,28.595213000192224],[-81.34235099957127,28.594855000091727],[-81.34235599959415,28.594825000204175]]]},"properties":{"block_id":"120950160022009","school_id":"sch_killarney_elementary","kids_est":1,"class":"red","shortest":{"len_m":4351.3,"mean_c":36.57,"peak_c":37.6,"dose":216.2},"coolest":{"len_m":4359.7,"mean_c":36.55,"peak_c":37.6,"dose":214.8},"delta_mean_c":-0.02,"delta_dose_pct":-1,"distance_mi":2.512,"status_now":"bus","status_rec":"bus_eligible","reason":"Coolest route mean 36.5C exceeds threshold (110 C-min dose, actual 215).","safe_until_hour":"11:00"}},{"type":"Feature","geometry":{"type":"Polygon","coordinates":[[[-81.34320099986614,28.6023220003695],[-81.34320699971391,28.60213499988888],[-81.34318900017058,28.601996999641422],[-81.34309499956092,28.601783000076438],[-81.34291399981097,28.601524000355404],[-81.34286799978022,28.60143099987353],[-81.3428329996201,28.601358999901855],[-81.34277700044193,28.601183000026307],[-81.34273899990878,28.600879999688974],[-81.34273899990878,28.600791999781283],[-81.34268299983228,28.60054500007686],[-81.3426769999845,28.600368999626703],[-81.34265799971793,28.600202999648985],[-81.34258300027315,28.599906000117922],[-81.34257700042538,28.599807000087658],[-81.34259599979363,28.599741000278637],[-81.34259599979363,28.599604000124412],[-81.34255200031103,28.599395000051693],[-81.34238999992931,28.59915199977659],[-81.34219599976056,28.598943000382413],[-81.34213999968408,28.598817000176957],[-81.34213399983626,28.598619000337596],[-81.34218999991279,28.598381999621136],[-81.3422900003702,28.598079999980463],[-81.34229600021798,28.59795300021971],[-81.34221500002712,28.597781999870868],[-81.34215200027795,28.597690000121602],[-81.34205900039152,28.597551000244724],[-81.34201500001059,28.59746299991561],[-81.34199599974401,28.59735300038643],[-81.34200900016282,28.59718799969374],[-81.34205900039152,28.597001000330753],[-81.3421149995697,28.596853000143547],[-81.3421770003923,28.596742999975927],[-81.34230799991356,28.59660499974627],[-81.34238300025663,28.5965549997098],[-81.34240800037098,28.596549999941438],[-81.34236999983784,28.59639600001935],[-81.34236999983784,28.59637399989938],[-81.34236999983784,28.59631899997373],[-81.34239199957914,28.59614200021821],[-81.34240800037098,28.596015999809676],[-81.34239499995219,28.59591700005869],[-81.34236999983784,28.59586199989386],[-81.34236599963988,28.59584500025298],[-81.3423389998757,28.595697000015377],[-81.34233800005077,28.595667999699295],[-81.34228100014937,28.59567699998861],[-81.34225400038518,28.59568400003787],[-81.3420929998284,28.595726999654058],[-81.34200699961467,28.595755999953884],[-81.34192700014704,28.59578500024572],[-81.34182800041285,28.59582899993889],[-81.34179900010052,28.595841999898475],[-81.34164299956659,28.595926999655383],[-81.34154399983241,28.595986000253472],[-81.34145199977091,28.596042999797238],[-81.34152600028904,28.59615400002393],[-81.34155200022832,28.596219999719416],[-81.34155899990101,28.59627200014345],[-81.34154600038055,28.596357000341296],[-81.34153799998462,28.596378000351773],[-81.34151299987025,28.59645200001714],[-81.34136599955715,28.596809000090296],[-81.34118200033247,28.5973050001256],[-81.34116499971572,28.597391000380206],[-81.34116499971572,28.597405000249896],[-81.34116600043895,28.59747799987833],[-81.34118999983006,28.597585999862204],[-81.3412540003025,28.59775699974123],[-81.34084500004859,28.597848000121488],[-81.34070100010852,28.597890999641102],[-81.34060999987193,28.59792900022903],[-81.3404940004193,28.5979959996963],[-81.34043599979468,28.598043000333043],[-81.34036399982465,28.598115000210505],[-81.34030100007546,28.598193999920674],[-81.34024800037199,28.598279000141577],[-81.34020700036412,28.598367999881592],[-81.34018100042483,28.598449000377077],[-81.34016700018115,28.598536999880658],[-81.34016399980808,28.598590000039017],[-81.34020999983885,28.599296999625352],[-81.340212000387,28.599359000163226],[-81.34023599977812,28.5999280002872],[-81.34023800032625,28.599979000375225],[-81.34023699960304,28.600050999715],[-81.340240999801,28.600126000026428],[-81.3402490001969,28.600233999655238],[-81.34026799956517,28.60072100023226],[-81.34027500013619,28.600870999845167],[-81.3402829996338,28.600919000054702],[-81.34000499979943,28.600995999884923],[-81.33953100014651,28.601139000208594],[-81.33939700025222,28.601174000208506],[-81.33932500028219,28.601183000026307],[-81.3391570000527,28.601188000362956],[-81.33913500031139,28.601188000362956],[-81.33883999986028,28.60118999970884],[-81.33884800025622,28.60189800000373],[-81.33883800021046,28.601955000284466],[-81.33881300009611,28.60200700023695],[-81.33879399982953,28.602031000084978],[-81.33813500022869,28.602715999811956],[-81.3380439999921,28.60277299964897],[-81.33798299989272,28.602797000110776],[-81.3379109999227,28.602812000100787],[-81.33787800031074,28.600262000212748],[-81.33748300030052,28.60028500038342],[-81.33681600030376,28.600303000170584],[-81.33638199993548,28.600316000365474],[-81.33587899997023,28.60031799972795],[-81.3357700001903,28.60033099992098],[-81.33581100019818,28.601899000064215],[-81.33578100006093,28.60190000012475],[-81.33585499968079,28.602462000300516],[-81.33601899971232,28.602449999637717],[-81.33616799967524,28.602461000245334],[-81.33631800036139,28.60250999978328],[-81.33647999984477,28.602625999757187],[-81.33666099959474,28.60278500027487],[-81.33696600009159,28.603026999985968],[-81.33709699961283,28.60314300017787],[-81.33720299991805,28.603219999955737],[-81.33735899955364,28.603301999913214],[-81.33765900002761,28.603417999801476],[-81.33783899995268,28.60343399974883],[-81.33808300035015,28.603396000362807],[-81.3383129996056,28.603285999945772],[-81.33850000010167,28.60313699988549],[-81.33873100008034,28.602972000387364],[-81.33891199983032,28.60278500027487],[-81.33921700032717,28.60242199966323],[-81.3393600004423,28.602201999829454],[-81.33938300000851,28.602170000345808],[-81.33947900026799,28.602041999947748],[-81.33967199971352,28.601849000180387],[-81.33984699961569,28.601772000186557],[-81.34032700001472,28.601590999896857],[-81.34047000012986,28.601551999780483],[-81.34062599976546,28.60153500027133],[-81.34078800014717,28.60156299969347],[-81.34091299982063,28.60160099974232],[-81.34121800031748,28.601788000384488],[-81.34143699970228,28.601943000352456],[-81.34184199975823,28.602294999628963],[-81.34202300040651,28.60241600011843],[-81.34232200015725,28.602559000087037],[-81.34260900021243,28.602629999971597],[-81.34276499984806,28.602640999771673],[-81.34292100038196,28.602619000170364],[-81.34300000002469,28.602589000132983],[-81.34303900038275,28.602575000165192],[-81.34310100030703,28.602520000330006],[-81.34316400005622,28.602432000218364],[-81.34320099986614,28.6023220003695]]]},"properties":{"block_id":"120950160022004","school_id":"sch_killarney_elementary","kids_est":9,"class":"red","shortest":{"len_m":5012.8,"mean_c":36.46,"peak_c":37.6,"dose":241.2},"coolest":{"len_m":5016.4,"mean_c":36.35,"peak_c":37.6,"dose":235.1},"delta_mean_c":-0.11,"delta_dose_pct":-3,"distance_mi":2.554,"status_now":"bus","status_rec":"bus_eligible","reason":"Coolest route mean 36.4C exceeds threshold (110 C-min dose, actual 235).","safe_until_hour":"11:00"}},{"type":"Feature","geometry":{"type":"Polygon","coordinates":[[[-81.35269299980676,28.594121000122414],[-81.35268500030915,28.59350100005804],[-81.3526750002634,28.59328400011802],[-81.35267699991323,28.593185000160187],[-81.35198900000006,28.593197999658052],[-81.35187799967198,28.59319999994472],[-81.3506530003567,28.593214000372633],[-81.35065199963347,28.593276999908994],[-81.35067900029597,28.594148999942302],[-81.35269299980676,28.594121000122414]]]},"properties":{"block_id":"120950160011046","school_id":"sch_killarney_elementary","kids_est":0,"class":"red","shortest":{"len_m":3385.8,"mean_c":36.63,"peak_c":37.6,"dose":170.7},"coolest":{"len_m":3385.8,"mean_c":36.63,"peak_c":37.6,"dose":170.7},"delta_mean_c":0.0,"delta_dose_pct":0,"distance_mi":1.895,"status_now":"walk","status_rec":"bus_eligible","reason":"Coolest route mean 36.6C exceeds threshold (110 C-min dose, actual 171).","safe_until_hour":"13:00"}},{"type":"Feature","geometry":{"type":"Polygon","coordinates":[[[-81.34761799994848,28.59336599994082],[-81.34762499962117,28.593269000345536],[-81.34760999955255,28.592605999901863],[-81.34760700007783,28.592440999644857],[-81.34760100023006,28.592352999769965],[-81.3473869999698,28.592353999921272],[-81.34677199985155,28.59236000004053],[-81.34674799956211,28.592357000375326],[-81.34667200029246,28.59234899995316],[-81.34653800039813,28.59232500026041],[-81.34651599975852,28.592352999769965],[-81.34646700025303,28.59239099999386],[-81.34645100035951,28.592413000158725],[-81.34616400030434,28.59291400037225],[-81.34611099970257,28.593007999859775],[-81.34602399966393,28.593191000232],[-81.34597099996049,28.593257000210507],[-81.34570900001968,28.593495000003912],[-81.34568499973021,28.59353899986694],[-81.34567399985956,28.593595999948917],[-81.34568899992817,28.5937609999705],[-81.3457049998217,28.593810999758617],[-81.34581199995182,28.593995999793087],[-81.34620799978696,28.59448400022344],[-81.34625899984057,28.594581000275042],[-81.34635099990209,28.594648999639872],[-81.34644700016156,28.594573000022116],[-81.34658199988075,28.59448500035453],[-81.34683100030111,28.594352000188348],[-81.34709999991463,28.59422100012109],[-81.34713599989962,28.5942040002148],[-81.34720399967169,28.594175999620752],[-81.34734199976396,28.594142999925218],[-81.34739700001553,28.59413400029325],[-81.34738100012203,28.59404899987519],[-81.34738100012203,28.59402200016412],[-81.34738299977184,28.593993000174578],[-81.3474220001299,28.593913999672996],[-81.34749099972687,28.593800999960617],[-81.3475280004351,28.59371899968841],[-81.34754699980336,28.593680999944585],[-81.347569000443,28.593614000092916],[-81.34758799981125,28.59355700002071],[-81.34761399975052,28.593430000315973],[-81.34761799994848,28.59336599994082]]]},"properties":{"block_id":"120950160011038","school_id":"sch_killarney_elementary","kids_est":0,"class":"red","shortest":{"len_m":3938.6,"mean_c":36.61,"peak_c":37.6,"dose":197.5},"coolest":{"len_m":3941.3,"mean_c":36.59,"peak_c":37.6,"dose":197.3},"delta_mean_c":-0.02,"delta_dose_pct":0,"distance_mi":2.196,"status_now":"bus","status_rec":"bus_eligible","reason":"Coolest route mean 36.6C exceeds threshold (110 C-min dose, actual 197).","safe_until_hour":"11:00"}},{"type":"Feature","geometry":{"type":"Polygon","coordinates":[[[-81.35271200007334,28.58867400004528],[-81.35270700005046,28.58852400037886],[-81.35268199993611,28.588355000056612],[-81.35264500012619,28.588228999779634],[-81.35260199957017,28.588129000391344],[-81.35257099960803,28.58805400019614],[-81.35248699994243,28.587890000087647],[-81.35241099977445,28.587764000042228],[-81.3523649997437,28.587705999757695],[-81.35232499956072,28.587664999618834],[-81.35225900033682,28.58761399986635],[-81.35215800005447,28.58750000028367],[-81.35210299980288,28.58742099963549],[-81.35208600008444,28.587396000196822],[-81.35194600034237,28.587124999684384],[-81.35182199959549,28.58685999969538],[-81.35170699996776,28.58658799996164],[-81.35169100007423,28.586514999869827],[-81.35168600005136,28.586423999932965],[-81.35168699987626,28.586346999682135],[-81.35169500027219,28.585959000100992],[-81.35158499976903,28.585952999616417],[-81.35150799977613,28.585949999768424],[-81.35125599988105,28.585956000253162],[-81.35114700010111,28.585959000100992],[-81.35112000033693,28.58602700030997],[-81.35110500026832,28.58609599989706],[-81.35108900037478,28.586174999963134],[-81.35109500022257,28.58625200033993],[-81.35108900037478,28.586339999800003],[-81.35100800018392,28.586506000373657],[-81.350963999803,28.586643000245843],[-81.35101400003173,28.586715000043778],[-81.35126299955374,28.586885000050305],[-81.35130100008689,28.586951000043722],[-81.35132600020124,28.58713799993155],[-81.35136999968387,28.587353000328022],[-81.35142999995833,28.587489999885413],[-81.3514569997225,28.587551000091512],[-81.35154399976113,28.58762800024938],[-81.35173100025719,28.587737999701044],[-81.35188100004504,28.58781499972197],[-81.35203099983285,28.58787000015314],[-81.35216100042751,28.58793600031707],[-81.3523360003297,28.588039999869764],[-81.35241099977445,28.588112000288696],[-81.35244799958438,28.58819999976962],[-81.35246100000317,28.588353999867238],[-81.35245500015537,28.58860700015767],[-81.35241699962224,28.58878900011788],[-81.3523299995836,28.589003000110154],[-81.35224300044327,28.58914100006584],[-81.35219900006234,28.589229000263114],[-81.35218700036678,28.589350000019632],[-81.3521179998715,28.589388999931074],[-81.352069000366,28.58943800004195],[-81.35204400025165,28.589476999920684],[-81.35193799994644,28.589719000301272],[-81.35189899958837,28.58983799993211],[-81.35181999994566,28.590081999827646],[-81.35167600000563,28.590186999795925],[-81.35158300011919,28.59024199977504],[-81.35151399962392,28.590268999668137],[-81.35134000044495,28.590384999743748],[-81.35122699956872,28.59043999961925],[-81.35115999962157,28.590466000080976],[-81.35136100036135,28.59078899985094],[-81.35136899985896,28.59075599988086],[-81.35139399997331,28.590707000384274],[-81.35143199960815,28.590664000292108],[-81.35155700017994,28.590565000233145],[-81.35169100007423,28.590469999969418],[-81.35178899998353,28.590384000362423],[-81.35187900039521,28.59028399986874],[-81.35193600029663,28.59020400035184],[-81.3520059997185,28.590086999903644],[-81.35202599981,28.59005099998223],[-81.35208799973427,28.589944999703828],[-81.35210899965065,28.589909999908453],[-81.3523150004133,28.58955599981282],[-81.35235300004814,28.589488000308656],[-81.35263799955518,28.588987999726825],[-81.3526810001112,28.588884000322984],[-81.35270399967742,28.58878900011788],[-81.35271200007334,28.58867400004528]]]},"properties":{"block_id":"120950161003009","school_id":"sch_killarney_elementary","kids_est":1,"class":"red","shortest":{"len_m":3811.5,"mean_c":36.74,"peak_c":37.6,"dose":197.8},"coolest":{"len_m":3831.4,"mean_c":36.67,"peak_c":37.6,"dose":195.6},"delta_mean_c":-0.07,"delta_dose_pct":-1,"distance_mi":1.989,"status_now":"walk","status_rec":"bus_eligible","reason":"Coolest route mean 36.7C exceeds threshold (110 C-min dose, actual 196).","safe_until_hour":"12:00"}},{"type":"Feature","geometry":{"type":"Polygon","coordinates":[[[-81.35020499974473,28.594991000000334],[-81.3501970002471,28.59415100021086],[-81.3499789997889,28.594152000345122],[-81.34994700000186,28.594141999790867],[-81.34991900041277,28.594124999871802],[-81.34984999991748,28.59405700016797],[-81.34981300010756,28.59402100002861],[-81.34972100004605,28.593907000294678],[-81.34964700042622,28.59378600026191],[-81.34961399991592,28.5937549999312],[-81.34952199985442,28.59366600022874],[-81.34910400027799,28.594041000370485],[-81.34917100022514,28.595000000347635],[-81.34935799982289,28.59499800009523],[-81.34974600016041,28.594993000252828],[-81.34982499980313,28.59499800009523],[-81.34992799973529,28.595000000347635],[-81.35020499974473,28.594991000000334]]]},"properties":{"block_id":"120950160011031","school_id":"sch_killarney_elementary","kids_est":0,"class":"red","shortest":{"len_m":3653.0,"mean_c":36.61,"peak_c":37.6,"dose":183.1},"coolest":{"len_m":3654.4,"mean_c":36.61,"peak_c":37.6,"dose":183.0},"delta_mean_c":0.0,"delta_dose_pct":0,"distance_mi":2.017,"status_now":"bus","status_rec":"bus_eligible","reason":"Coolest route mean 36.6C exceeds threshold (110 C-min dose, actual 183).","safe_until_hour":"12:00"}},{"type":"Feature","geometry":{"type":"Polygon","coordinates":[[[-81.34856600015264,28.593208999656596],[-81.34857299982534,28.593155999939786],[-81.34855600010691,28.592576000161202],[-81.34855100008403,28.592365000008183],[-81.34848999998466,28.592341999681807],[-81.34843899993103,28.59233799986457],[-81.34836399958796,28.59233799986457],[-81.34779100020084,28.59234600028765],[-81.34775100001787,28.5923469996503],[-81.34760100023006,28.592352999769965],[-81.34760700007783,28.592440999644857],[-81.34760999955255,28.592605999901863],[-81.34762499962117,28.593269000345536],[-81.34837199998388,28.593256000067736],[-81.34848199958874,28.593253999782153],[-81.34852400031986,28.593247999713924],[-81.34854900043422,28.59323500022228],[-81.34856600015264,28.593208999656596]]]},"properties":{"block_id":"120950160011039","school_id":"sch_killarney_elementary","kids_est":0,"class":"red","shortest":{"len_m":3819.2,"mean_c":36.62,"peak_c":37.6,"dose":192.5},"coolest":{"len_m":3821.7,"mean_c":36.62,"peak_c":37.6,"dose":192.4},"delta_mean_c":0.0,"delta_dose_pct":0,"distance_mi":2.117,"status_now":"bus","status_rec":"bus_eligible","reason":"Coolest route mean 36.6C exceeds threshold (110 C-min dose, actual 192).","safe_until_hour":"12:00"}},{"type":"Feature","geometry":{"type":"Polygon","coordinates":[[[-81.35448299990989,28.587956000239025],[-81.35441799961256,28.587809000132122],[-81.35436400008419,28.58766400021166],[-81.35414899999905,28.587084000107794],[-81.35402400032557,28.58678299976384],[-81.35390399977666,28.586491999841225],[-81.35383400035478,28.586331000288855],[-81.35382400030905,28.58631100005774],[-81.3537659996844,28.58619599964126],[-81.35368299984373,28.586068999721082],[-81.35361199969861,28.585978000186994],[-81.35356099964498,28.58593099967731],[-81.35347299978145,28.58587100032206],[-81.3534550002381,28.585861999981947],[-81.35338900011585,28.58583300010791],[-81.35327000029018,28.585794999880033],[-81.35317700040375,28.585778999613947],[-81.3531249996269,28.58577800018885],[-81.35309000036513,28.58577800018885],[-81.3529840000599,28.58579300024131],[-81.3527170000962,28.58588500014841],[-81.35270500040063,28.58588999963519],[-81.3526390002784,28.585926000192487],[-81.35258400002682,28.585970000068137],[-81.35252899977523,28.586031999790006],[-81.35244799958438,28.586168000069556],[-81.35241999999528,28.586238999983223],[-81.35240900012462,28.58628799998451],[-81.35240400010177,28.586312999686616],[-81.3523999999038,28.586426000348506],[-81.35241599979733,28.586551000213188],[-81.35244400028475,28.586642000040147],[-81.35252200010252,28.586819000015453],[-81.35278099967032,28.587309000242342],[-81.35288899962534,28.587523000091835],[-81.35290100021922,28.587567000087947],[-81.35291200008987,28.587648000229983],[-81.35311299993134,28.58764499964153],[-81.35347500032957,28.587640000238196],[-81.3535189998122,28.587649999833424],[-81.35355800017027,28.58767200020163],[-81.35358699958427,28.587702999959713],[-81.35363599998806,28.587798999763255],[-81.35366100010242,28.587846000226694],[-81.35372200020177,28.587923000168516],[-81.353744999768,28.587968000190408],[-81.35389200008109,28.587964999611078],[-81.35433499977188,28.587957999836615],[-81.35448299990989,28.587956000239025]]]},"properties":{"block_id":"120950161003019","school_id":"sch_killarney_elementary","kids_est":0,"class":"red","shortest":{"len_m":3776.9,"mean_c":36.74,"peak_c":37.6,"dose":195.7},"coolest":{"len_m":3780.1,"mean_c":36.72,"peak_c":37.6,"dose":194.8},"delta_mean_c":-0.02,"delta_dose_pct":0,"distance_mi":1.881,"status_now":"walk","status_rec":"bus_eligible","reason":"Coolest route mean 36.7C exceeds threshold (110 C-min dose, actual 195).","safe_until_hour":"12:00"}},{"type":"Feature","geometry":{"type":"Polygon","coordinates":[[[-81.35513099964008,28.58505500001185],[-81.35522500024973,28.584996999810645],[-81.35506799989089,28.584790999762173],[-81.3549979995707,28.584699999910917],[-81.35466500038308,28.584239999908526],[-81.35460900030658,28.584167999993493],[-81.35445100012284,28.5839649998034],[-81.35438699965042,28.5838880001184],[-81.35420599990046,28.58366900037825],[-81.35419500002979,28.583658000170338],[-81.35412600043283,28.583587000091587],[-81.35399599983818,28.583716999766008],[-81.35390200012685,28.583831000294758],[-81.3538229995858,28.583950000278946],[-81.35378999997384,28.5840560002907],[-81.3537570003619,28.58416399986529],[-81.3536950004376,28.584443000356593],[-81.35368899969151,28.584530000315908],[-81.35369799991234,28.584603999644454],[-81.35372200020177,28.584674999825328],[-81.35378400012607,28.584775000132087],[-81.3538789996623,28.584889000302695],[-81.35395700037841,28.584960000291197],[-81.35398400014259,28.58497899976887],[-81.35412100040995,28.585031999663894],[-81.354181999611,28.58504900026451],[-81.3546379997206,28.58514799999574],[-81.35467700007865,28.585153000306384],[-81.35473599962987,28.585160999698562],[-81.3548350002624,28.585159000047728],[-81.35493200034678,28.585142999684855],[-81.35502400040829,28.58511099974059],[-81.35513099964008,28.58505500001185]]]},"properties":{"block_id":"120950161002003","school_id":"sch_killarney_elementary","kids_est":0,"class":"red","shortest":{"len_m":3885.2,"mean_c":36.73,"peak_c":37.6,"dose":201.1},"coolest":{"len_m":3888.4,"mean_c":36.72,"peak_c":37.6,"dose":200.2},"delta_mean_c":-0.01,"delta_dose_pct":0,"distance_mi":1.883,"status_now":"walk","status_rec":"bus_eligible","reason":"Coolest route mean 36.7C exceeds threshold (110 C-min dose, actual 200).","safe_until_hour":"11:00"}},{"type":"Feature","geometry":{"type":"Polygon","coordinates":[[[-81.3501960004222,28.58314100014514],[-81.35019499969897,28.582846999673052],[-81.35018700020137,28.582345999607053],[-81.34909599988207,28.58235400000155],[-81.34910000008003,28.58245899979893],[-81.34910199972984,28.58307900029642],[-81.34910799957764,28.58333099963198],[-81.34987099983388,28.583326000023536],[-81.35010600001053,28.58332000017755],[-81.35019399987407,28.583317999702928],[-81.35019399987407,28.58329700023896],[-81.3501960004222,28.58314100014514]]]},"properties":{"block_id":"120950161002007","school_id":"sch_killarney_elementary","kids_est":0,"class":"red","shortest":{"len_m":4457.1,"mean_c":36.76,"peak_c":37.6,"dose":232.8},"coolest":{"len_m":4477.0,"mean_c":36.7,"peak_c":37.6,"dose":230.6},"delta_mean_c":-0.06,"delta_dose_pct":-1,"distance_mi":2.19,"status_now":"bus","status_rec":"bus_eligible","reason":"Coolest route mean 36.7C exceeds threshold (110 C-min dose, actual 231).","safe_until_hour":"11:00"}},{"type":"Feature","geometry":{"type":"Polygon","coordinates":[[[-81.3513449995695,28.583106999901833],[-81.35134600029275,28.582592000022718],[-81.35134000044495,28.582333999802927],[-81.35114000042842,28.582339000247373],[-81.35023599970687,28.582345999607053],[-81.35018700020137,28.582345999607053],[-81.35019499969897,28.582846999673052],[-81.3501960004222,28.58314100014514],[-81.35019399987407,28.58329700023896],[-81.35019399987407,28.583317999702928],[-81.35021300014066,28.583324000337853],[-81.35027599988983,28.583321999863294],[-81.35045900018794,28.583317999702928],[-81.35080800016739,28.583317999702928],[-81.35115100029907,28.583310000170542],[-81.35121400004826,28.58329199984005],[-81.35126799957662,28.583260000121285],[-81.35130699993468,28.583218999826517],[-81.35133700007191,28.583158999712683],[-81.3513449995695,28.583106999901833]]]},"properties":{"block_id":"120950161002006","school_id":"sch_killarney_elementary","kids_est":6,"class":"red","shortest":{"len_m":4366.5,"mean_c":36.74,"peak_c":37.6,"dose":226.5},"coolest":{"len_m":4369.7,"mean_c":36.72,"peak_c":37.6,"dose":225.6},"delta_mean_c":-0.02,"delta_dose_pct":0,"distance_mi":2.128,"status_now":"bus","status_rec":"bus_eligible","reason":"Coolest route mean 36.7C exceeds threshold (110 C-min dose, actual 226).","safe_until_hour":"11:00"}},{"type":"Feature","geometry":{"type":"Polygon","coordinates":[[[-81.34791000002652,28.58472699964966],[-81.34790699965347,28.584362000112108],[-81.34789900015588,28.583243000020282],[-81.34788599973709,28.58286600032135],[-81.34787099966846,28.58236800029614],[-81.34766700035227,28.58236899975364],[-81.34752500006206,28.582371000246344],[-81.34705700025692,28.582381000342636],[-81.34685399986732,28.582385999996003],[-81.34685700024036,28.582687000305008],[-81.34686700028612,28.583591999687627],[-81.34687099958578,28.583893999931966],[-81.34687200030899,28.584055000060385],[-81.34687599960863,28.584457999810652],[-81.34688200035473,28.584538999981195],[-81.34688499982946,28.5845629998737],[-81.34689900007315,28.584578000099476],[-81.3470139997009,28.58460000032168],[-81.34718799977817,28.584632999857437],[-81.34722399976317,28.584639999853266],[-81.34747800020638,28.58470500024286],[-81.34769999996425,28.58478099989504],[-81.34775900041379,28.584801999851564],[-81.34786399999577,28.584851999956417],[-81.3478930003081,28.58479899997071],[-81.34791000002652,28.58472699964966]]]},"properties":{"block_id":"120950161002009","school_id":"sch_killarney_elementary","kids_est":1,"class":"red","shortest":{"len_m":4678.0,"mean_c":36.77,"peak_c":37.6,"dose":244.9},"coolest":{"len_m":4697.9,"mean_c":36.71,"peak_c":37.6,"dose":242.7},"delta_mean_c":-0.06,"delta_dose_pct":-1,"distance_mi":2.299,"status_now":"bus","status_rec":"bus_eligible","reason":"Coolest route mean 36.7C exceeds threshold (110 C-min dose, actual 243).","safe_until_hour":"11:00"}},{"type":"Feature","geometry":{"type":"Polygon","coordinates":[[[-81.34222400024797,28.582795999950232],[-81.34222500007289,28.58269799982564],[-81.34221599985204,28.582438000163364],[-81.34198400004846,28.582435999671947],[-81.34182400021488,28.582422000175274],[-81.34166600003114,28.582397999794185],[-81.34149699997674,28.582361000149078],[-81.34133700014316,28.582310000190557],[-81.34102699962345,28.582173999654387],[-81.34014100024187,28.581776999762866],[-81.34006900027185,28.58189500024283],[-81.34005000000529,28.581930999801322],[-81.3399539997458,28.582123999853863],[-81.33987799957784,28.582260999913235],[-81.33980200030817,28.58240699964195],[-81.3397899997143,28.58243200026672],[-81.33972799979,28.582570000169294],[-81.3398049997829,28.582638999658286],[-81.33984800033892,28.58269000024609],[-81.33994100022535,28.582762999837996],[-81.34013299984595,28.582873999887504],[-81.34053200005413,28.5831059996625],[-81.34082099975912,28.58326899989526],[-81.340937999935,28.583317999702928],[-81.34100999990501,28.58334099963699],[-81.34153499961157,28.583464000330647],[-81.34171600025986,28.583507000212133],[-81.34203400027717,28.583575999875166],[-81.3422059998063,28.582929999988853],[-81.34222400024797,28.582795999950232]]]},"properties":{"block_id":"120950161001020","school_id":"sch_killarney_elementary","kids_est":0,"class":"red","shortest":{"len_m":5444.5,"mean_c":36.77,"peak_c":37.6,"dose":284.7},"coolest":{"len_m":5447.7,"mean_c":36.76,"peak_c":37.6,"dose":283.8},"delta_mean_c":-0.01,"delta_dose_pct":0,"distance_mi":2.682,"status_now":"bus","status_rec":"bus_eligible","reason":"Coolest route mean 36.8C exceeds threshold (110 C-min dose, actual 284).","safe_until_hour":"11:00"}},{"type":"Feature","geometry":{"type":"Polygon","coordinates":[[[-81.35459500006287,28.590518000196447],[-81.35462100000215,28.590463000361733],[-81.35457400014648,28.590424000059972],[-81.35454099963621,28.590412999770013],[-81.3544839997348,28.590412999770013],[-81.35425899960389,28.590413999939848],[-81.35421500012129,28.590404999988614],[-81.35416999991546,28.59038300019231],[-81.35415800021988,28.590368000005835],[-81.35412999973248,28.590301999791077],[-81.35412200023487,28.59025699997944],[-81.35411300001404,28.59020200000818],[-81.35409299992256,28.59016200022617],[-81.35405399956448,28.59012900005929],[-81.35403400037133,28.590117999738467],[-81.35397400009685,28.590102000130173],[-81.35375800018679,28.590108999761906],[-81.35370299993521,28.590108999761906],[-81.35274999970818,28.59012199964009],[-81.35263799955518,28.590123999985277],[-81.35228399955285,28.590134000133048],[-81.35213499958994,28.590138000034134],[-81.35208899955919,28.590130999615546],[-81.35240900012462,28.590472999688462],[-81.35244199973658,28.590509000254183],[-81.35355700034535,28.5917130003281],[-81.3535759997136,28.591733000320342],[-81.35361800044471,28.591789999804096],[-81.35363799963787,28.59184900035804],[-81.35365000023177,28.592252000208163],[-81.35422699981686,28.592244999930344],[-81.35461900035233,28.592236000135912],[-81.35461299960623,28.592134999672986],[-81.35460699975846,28.591879999673274],[-81.35459099986491,28.591195999681574],[-81.35458599984206,28.590811999728338],[-81.35458300036731,28.59057599971847],[-81.35459500006287,28.590518000196447]]]},"properties":{"block_id":"120950161003001","school_id":"sch_killarney_elementary","kids_est":0,"class":"red","shortest":{"len_m":3425.7,"mean_c":36.67,"peak_c":37.6,"dose":174.8},"coolest":{"len_m":3426.2,"mean_c":36.64,"peak_c":37.6,"dose":173.7},"delta_mean_c":-0.03,"delta_dose_pct":-1,"distance_mi":1.793,"status_now":"walk","status_rec":"bus_eligible","reason":"Coolest route mean 36.6C exceeds threshold (110 C-min dose, actual 174).","safe_until_hour":"13:00"}},{"type":"Feature","geometry":{"type":"Polygon","coordinates":[[[-81.35051000024156,28.600508999793625],[-81.35050500021869,28.600409000256775],[-81.35050299967057,28.600142999763577],[-81.35049799964769,28.59917600027671],[-81.35049400034804,28.59904599999993],[-81.3504850001272,28.598680999698065],[-81.34997499959094,28.598683999971453],[-81.34991199984177,28.598685000062588],[-81.34984800026766,28.598685000062588],[-81.34987199965879,28.600521999963046],[-81.34989099992536,28.600520999889394],[-81.3499989998804,28.600518999742125],[-81.35038200019504,28.60051300008863],[-81.35043099970054,28.60051300008863],[-81.35051000024156,28.600508999793625]]]},"properties":{"block_id":"120950160011009","school_id":"sch_killarney_elementary","kids_est":0,"class":"red","shortest":{"len_m":4109.8,"mean_c":36.53,"peak_c":37.6,"dose":202.0},"coolest":{"len_m":4134.9,"mean_c":36.4,"peak_c":37.6,"dose":196.6},"delta_mean_c":-0.13,"delta_dose_pct":-3,"distance_mi":2.004,"status_now":"bus","status_rec":"bus_eligible","reason":"Coolest route mean 36.4C exceeds threshold (110 C-min dose, actual 197).","safe_until_hour":"12:00"}},{"type":"Feature","geometry":{"type":"Polygon","coordinates":[[[-81.35108400035192,28.601999999820144],[-81.3510819998038,28.601840999692023],[-81.351075999956,28.601364000230134],[-81.35107400030616,28.601205999995443],[-81.35107199975803,28.601062999762952],[-81.35106799956007,28.600636999692913],[-81.35106699973517,28.600495000337432],[-81.35095499958216,28.600496999696507],[-81.35062099967132,28.600503000139632],[-81.35058999970919,28.600504000213387],[-81.35051000024156,28.600508999793625],[-81.35043099970054,28.60051300008863],[-81.35038200019504,28.60051300008863],[-81.3499989998804,28.600518999742125],[-81.34989099992536,28.600520999889394],[-81.34987199965879,28.600521999963046],[-81.34987500003183,28.60082100026091],[-81.34988400025267,28.601721000180007],[-81.34988799955232,28.602021000280427],[-81.34991199984177,28.60201099968622],[-81.3501250002771,28.60201099968622],[-81.3501470000184,28.602011999745624],[-81.3508440001524,28.602002999998838],[-81.35108400035192,28.601999999820144]]]},"properties":{"block_id":"120950160011006","school_id":"sch_killarney_elementary","kids_est":0,"class":"red","shortest":{"len_m":4211.3,"mean_c":36.52,"peak_c":37.6,"dose":206.3},"coolest":{"len_m":4221.4,"mean_c":36.4,"peak_c":37.6,"dose":200.6},"delta_mean_c":-0.12,"delta_dose_pct":-3,"distance_mi":2.006,"status_now":"bus","status_rec":"bus_eligible","reason":"Coolest route mean 36.4C exceeds threshold (110 C-min dose, actual 201).","safe_until_hour":"12:00"}},{"type":"Feature","geometry":{"type":"Polygon","coordinates":[[[-81.3661569995908,28.594030999805618],[-81.36611700030615,28.593995999793087],[-81.36596300032036,28.593861999659914],[-81.3656989998314,28.593609000184674],[-81.36553499979988,28.59345200026339],[-81.3654800004466,28.593372000002304],[-81.36546899967762,28.59333299999098],[-81.36546799985273,28.593273000127343],[-81.36548399974623,28.593214000372633],[-81.3655230001043,28.593153000297306],[-81.36562299966342,28.593133999930426],[-81.36507100019269,28.59313299978647],[-81.36507100019269,28.593186999658315],[-81.3650720000176,28.5934740002062],[-81.36507299984251,28.593570000261284],[-81.36507799986538,28.59392199997612],[-81.36510999965243,28.595570999862062],[-81.36510999965243,28.595599000084505],[-81.36511200020058,28.595686000277208],[-81.36511300002547,28.595714999799604],[-81.3660589996815,28.59570199982431],[-81.36603299974225,28.594258999669705],[-81.36604199996307,28.594201999947256],[-81.36606700007742,28.594138000042125],[-81.3660930000167,28.594095999910678],[-81.3661569995908,28.594030999805618]]]},"properties":{"block_id":"120950190003035","school_id":"sch_killarney_elementary","kids_est":0,"class":"red","shortest":{"len_m":2119.9,"mean_c":36.78,"peak_c":37.6,"dose":111.5},"coolest":{"len_m":2119.9,"mean_c":36.78,"peak_c":37.6,"dose":111.5},"delta_mean_c":0.0,"delta_dose_pct":0,"distance_mi":1.051,"status_now":"walk","status_rec":"bus_eligible","reason":"Coolest route mean 36.8C exceeds threshold (110 C-min dose, actual 112).","safe_until_hour":"14:00"}},{"type":"Feature","geometry":{"type":"Polygon","coordinates":[[[-81.36502599998684,28.59078499997462],[-81.36502099996396,28.590547000355855],[-81.36500400024553,28.58972800031122],[-81.36499900022265,28.58945499993019],[-81.36482000012252,28.58945700028806],[-81.36468399968008,28.58946000003602],[-81.36428500037023,28.58946000003602],[-81.36410700009499,28.58946000003602],[-81.36411200011786,28.58973100005143],[-81.36412700018649,28.59054600018728],[-81.36413300003426,28.59081799993559],[-81.36431100030948,28.59081799993559],[-81.3648479997116,28.590819000101572],[-81.36502599998684,28.59078499997462]]]},"properties":{"block_id":"120950159012058","school_id":"sch_killarney_elementary","kids_est":0,"class":"red","shortest":{"len_m":2386.7,"mean_c":36.81,"peak_c":37.6,"dose":126.6},"coolest":{"len_m":2397.0,"mean_c":36.75,"peak_c":37.6,"dose":124.8},"delta_mean_c":-0.06,"delta_dose_pct":-1,"distance_mi":1.165,"status_now":"walk","status_rec":"bus_eligible","reason":"Coolest route mean 36.8C exceeds threshold (110 C-min dose, actual 125).","safe_until_hour":"14:00"}},{"type":"Feature","geometry":{"type":"Polygon","coordinates":[[[-81.36507799986538,28.59392199997612],[-81.36507299984251,28.593570000261284],[-81.3650720000176,28.5934740002062],[-81.36507100019269,28.593186999658315],[-81.36507100019269,28.59313299978647],[-81.36408000033082,28.59312299992398],[-81.36408799982843,28.593271999984722],[-81.36409899969907,28.59391999970321],[-81.36443400033315,28.593923000112557],[-81.36507799986538,28.59392199997612]]]},"properties":{"block_id":"120950159012049","school_id":"sch_killarney_elementary","kids_est":0,"class":"red","shortest":{"len_m":2168.1,"mean_c":36.78,"peak_c":37.6,"dose":114.0},"coolest":{"len_m":2168.1,"mean_c":36.78,"peak_c":37.6,"dose":114.0},"delta_mean_c":0.0,"delta_dose_pct":0,"distance_mi":1.115,"status_now":"walk","status_rec":"bus_eligible","reason":"Coolest route mean 36.8C exceeds threshold (110 C-min dose, actual 114).","safe_until_hour":"14:00"}},{"type":"Feature","geometry":{"type":"Polygon","coordinates":[[[-81.36409899969907,28.59391999970321],[-81.36408799982843,28.593271999984722],[-81.36408000033082,28.59312299992398],[-81.36385799967465,28.59311300006059],[-81.36342000000673,28.593103000196198],[-81.36333999964079,28.593077000386646],[-81.36297099956984,28.593077000386646],[-81.36296899992003,28.593269000345536],[-81.36297999979068,28.593917000082524],[-81.36408199998064,28.59391999970321],[-81.36409899969907,28.59391999970321]]]},"properties":{"block_id":"120950159012016","school_id":"sch_killarney_elementary","kids_est":0,"class":"red","shortest":{"len_m":2262.8,"mean_c":36.75,"peak_c":37.6,"dose":118.1},"coolest":{"len_m":2262.8,"mean_c":36.75,"peak_c":37.6,"dose":118.1},"delta_mean_c":0.0,"delta_dose_pct":0,"distance_mi":1.179,"status_now":"walk","status_rec":"bus_eligible","reason":"Coolest route mean 36.8C exceeds threshold (110 C-min dose, actual 118).","safe_until_hour":"14:00"}},{"type":"Feature","geometry":{"type":"Polygon","coordinates":[[[-81.36507000036778,28.593017000376868],[-81.36506899964455,28.592899999904386],[-81.36506699999472,28.592604999752883],[-81.36505899959882,28.592324000108757],[-81.36505399957593,28.592133000154792],[-81.36505299975103,28.592098000299064],[-81.36505000027628,28.591996999703543],[-81.36505000027628,28.591962999957587],[-81.36478499996241,28.59196900009916],[-81.36462000010597,28.59196799994412],[-81.36380499997121,28.59196400011266],[-81.3633539998845,28.5919619998025],[-81.36333200014319,28.591960999647387],[-81.36290299979777,28.591960000281052],[-81.36290899964557,28.59235000010457],[-81.36292100023944,28.59307799974235],[-81.36297099956984,28.593077000386646],[-81.36333999964079,28.593077000386646],[-81.36342699967943,28.593028999750587],[-81.36507000036778,28.593017000376868]]]},"properties":{"block_id":"120950159012047","school_id":"sch_killarney_elementary","kids_est":1,"class":"red","shortest":{"len_m":2230.5,"mean_c":36.79,"peak_c":37.6,"dose":117.4},"coolest":{"len_m":2233.7,"mean_c":36.77,"peak_c":37.6,"dose":116.5},"delta_mean_c":-0.02,"delta_dose_pct":-1,"distance_mi":1.161,"status_now":"walk","status_rec":"bus_eligible","reason":"Coolest route mean 36.8C exceeds threshold (110 C-min dose, actual 116).","safe_until_hour":"14:00"}},{"type":"Feature","geometry":{"type":"Polygon","coordinates":[[[-81.36292100023944,28.59307799974235],[-81.36290899964557,28.59235000010457],[-81.36201400004316,28.592342999833267],[-81.3619539997687,28.592332999895632],[-81.3618829996236,28.59230599974386],[-81.3618480003618,28.59234399998474],[-81.36179800013309,28.59238300036299],[-81.36174100023169,28.592414999671547],[-81.36171600011733,28.5924240002394],[-81.36168000013231,28.592439000132465],[-81.3616159996599,28.592455000173864],[-81.36154899971275,28.592461999648922],[-81.3614819997656,28.592460000137002],[-81.36141599964336,28.592450000210484],[-81.36135299989417,28.592430000354675],[-81.36112600011344,28.592320000290844],[-81.36108799958029,28.592305000380808],[-81.36100899993758,28.592285999860636],[-81.36092699992182,28.592283000193337],[-81.36094100016552,28.593076000242146],[-81.36119499971043,28.593072999808673],[-81.36292100023944,28.59307799974235]]]},"properties":{"block_id":"120950159012046","school_id":"sch_killarney_elementary","kids_est":0,"class":"red","shortest":{"len_m":2328.2,"mean_c":36.74,"peak_c":37.6,"dose":121.2},"coolest":{"len_m":2328.2,"mean_c":36.74,"peak_c":37.6,"dose":121.2},"delta_mean_c":0.0,"delta_dose_pct":0,"distance_mi":1.282,"status_now":"walk","status_rec":"bus_eligible","reason":"Coolest route mean 36.7C exceeds threshold (110 C-min dose, actual 121).","safe_until_hour":"14:00"}},{"type":"Feature","geometry":{"type":"Polygon","coordinates":[[[-81.36704700006864,28.588556000073233],[-81.36704200004579,28.588373999709702],[-81.3670300003502,28.587830999678292],[-81.36702600015224,28.587649999833424],[-81.36661299970037,28.587648000229983],[-81.36537599979121,28.587643000037996],[-81.36496400006257,28.58764199984179],[-81.36496700043561,28.58782299970044],[-81.36497800030625,28.588365000372647],[-81.36498199960592,28.58854699996301],[-81.36539500005779,28.58854400018902],[-81.36557400015792,28.58854400018902],[-81.36602900044261,28.588549999736937],[-81.36663299979188,28.5885530002995],[-81.36704700006864,28.588556000073233]]]},"properties":{"block_id":"120950190002003","school_id":"sch_killarney_elementary","kids_est":0,"class":"red","shortest":{"len_m":2491.8,"mean_c":37.1,"peak_c":37.6,"dose":142.1},"coolest":{"len_m":2518.3,"mean_c":36.85,"peak_c":37.6,"dose":134.6},"delta_mean_c":-0.25,"delta_dose_pct":-5,"distance_mi":1.136,"status_now":"walk","status_rec":"bus_eligible","reason":"Coolest route mean 36.9C exceeds threshold (110 C-min dose, actual 135).","safe_until_hour":"14:00"}},{"type":"Feature","geometry":{"type":"Polygon","coordinates":[[[-81.36094100016552,28.593076000242146],[-81.36092699992182,28.592283000193337],[-81.36092600009691,28.59225300036049],[-81.36092500027199,28.592164000175053],[-81.36092500027199,28.592134999672986],[-81.35880799993072,28.592165999692597],[-81.35883100039526,28.59308600010911],[-81.35882499964916,28.59309999976344],[-81.36053500028466,28.593082999675854],[-81.36094100016552,28.593076000242146]]]},"properties":{"block_id":"120950159012054","school_id":"sch_killarney_elementary","kids_est":0,"class":"red","shortest":{"len_m":2515.7,"mean_c":36.71,"peak_c":37.6,"dose":129.8},"coolest":{"len_m":2515.9,"mean_c":36.71,"peak_c":37.6,"dose":129.6},"delta_mean_c":0.0,"delta_dose_pct":0,"distance_mi":1.406,"status_now":"walk","status_rec":"bus_eligible","reason":"Coolest route mean 36.7C exceeds threshold (110 C-min dose, actual 130).","safe_until_hour":"14:00"}},{"type":"Feature","geometry":{"type":"Polygon","coordinates":[[[-81.36092500027199,28.592134999672986],[-81.36092299972385,28.592033999901727],[-81.3609190004242,28.591732000163056],[-81.360917999701,28.5916320001629],[-81.36091400040135,28.5914690002742],[-81.3609040003556,28.59097999988047],[-81.36090099998256,28.590816999769615],[-81.36057799994236,28.5908150002264],[-81.35961200019484,28.590811000351074],[-81.3595390003999,28.590811000351074],[-81.35945999985887,28.590797999769286],[-81.35938500041412,28.590773999722447],[-81.35931000007105,28.590725000234237],[-81.35871599986922,28.59122699997816],[-81.3587640004481,28.59130700029409],[-81.35877899961841,28.591338999930183],[-81.35879799988497,28.59140699981468],[-81.35880799993072,28.592165999692597],[-81.36092500027199,28.592134999672986]]]},"properties":{"block_id":"120950159012062","school_id":"sch_killarney_elementary","kids_est":0,"class":"red","shortest":{"len_m":2758.9,"mean_c":36.72,"peak_c":37.6,"dose":142.2},"coolest":{"len_m":2762.1,"mean_c":36.69,"peak_c":37.6,"dose":141.3},"delta_mean_c":-0.03,"delta_dose_pct":-1,"distance_mi":1.419,"status_now":"walk","status_rec":"bus_eligible","reason":"Coolest route mean 36.7C exceeds threshold (110 C-min dose, actual 141).","safe_until_hour":"13:00"}},{"type":"Feature","geometry":{"type":"Polygon","coordinates":[[[-81.36293700013297,28.587612999669886],[-81.36282400015507,28.58751900009126],[-81.36217200022692,28.586926999907497],[-81.36192899965435,28.587140000333516],[-81.3616729995613,28.587397999805063],[-81.36098499964814,28.588115000075014],[-81.36092899957164,28.588152000061918],[-81.36085199957876,28.588189000035715],[-81.36082599963947,28.589422000330188],[-81.36088099989105,28.589374999782475],[-81.36097399977749,28.589295000362686],[-81.36237600044142,28.588091000204496],[-81.36293700013297,28.587612999669886]]]},"properties":{"block_id":"120950159012066","school_id":"sch_killarney_elementary","kids_est":0,"class":"red","shortest":{"len_m":3020.7,"mean_c":36.77,"peak_c":37.6,"dose":158.6},"coolest":{"len_m":3032.6,"mean_c":36.72,"peak_c":37.6,"dose":156.5},"delta_mean_c":-0.05,"delta_dose_pct":-1,"distance_mi":1.375,"status_now":"walk","status_rec":"bus_eligible","reason":"Coolest route mean 36.7C exceeds threshold (110 C-min dose, actual 156).","safe_until_hour":"13:00"}},{"type":"Feature","geometry":{"type":"Polygon","coordinates":[[[-81.3575459999072,28.59223100016214],[-81.3574479999979,28.592200000161622],[-81.35738100005075,28.592189000057513],[-81.35689800017701,28.592192999880396],[-81.35678500019908,28.592189000057513],[-81.35676099990965,28.59218799990456],[-81.35676299955946,28.5922039999841],[-81.35676400028268,28.592218999908603],[-81.35677299960521,28.592279999737155],[-81.35679799971956,28.592848000178396],[-81.35696299957601,28.592727999863186],[-81.3575459999072,28.59223100016214]]]},"properties":{"block_id":"120950159012056","school_id":"sch_killarney_elementary","kids_est":0,"class":"red","shortest":{"len_m":2896.0,"mean_c":36.69,"peak_c":37.6,"dose":148.6},"coolest":{"len_m":2898.8,"mean_c":36.66,"peak_c":37.6,"dose":147.7},"delta_mean_c":-0.03,"delta_dose_pct":-1,"distance_mi":1.578,"status_now":"walk","status_rec":"bus_eligible","reason":"Coolest route mean 36.7C exceeds threshold (110 C-min dose, actual 148).","safe_until_hour":"13:00"}},{"type":"Feature","geometry":{"type":"Polygon","coordinates":[[[-81.35365000023177,28.592252000208163],[-81.35363799963787,28.59184900035804],[-81.35361800044471,28.591789999804096],[-81.3535759997136,28.591733000320342],[-81.35355700034535,28.5917130003281],[-81.35244199973658,28.590509000254183],[-81.35240900012462,28.590472999688462],[-81.35208899955919,28.590130999615546],[-81.3520059997185,28.590086999903644],[-81.35193600029663,28.59020400035184],[-81.35187900039521,28.59028399986874],[-81.35178899998353,28.590384000362423],[-81.35169100007423,28.590469999969418],[-81.35155700017994,28.590565000233145],[-81.35143199960815,28.590664000292108],[-81.35139399997331,28.590707000384274],[-81.35136899985896,28.59075599988086],[-81.35136100036135,28.59078899985094],[-81.35136999968387,28.590858999633603],[-81.3513999998211,28.590916000380037],[-81.35189600011365,28.59145699993369],[-81.35219300021457,28.59177399966156],[-81.35250399966088,28.592108999624003],[-81.35255100041486,28.592171999822593],[-81.3525909996995,28.592262000153497],[-81.35267000024055,28.592259999848995],[-81.35310799990845,28.592256000028655],[-81.35365000023177,28.592252000208163]]]},"properties":{"block_id":"120950161003000","school_id":"sch_killarney_elementary","kids_est":0,"class":"red","shortest":{"len_m":3449.2,"mean_c":36.64,"peak_c":37.6,"dose":174.6},"coolest":{"len_m":3452.3,"mean_c":36.64,"peak_c":37.6,"dose":174.5},"delta_mean_c":0.0,"delta_dose_pct":0,"distance_mi":1.862,"status_now":"walk","status_rec":"bus_eligible","reason":"Coolest route mean 36.6C exceeds threshold (110 C-min dose, actual 174).","safe_until_hour":"13:00"}},{"type":"Feature","geometry":{"type":"Polygon","coordinates":[[[-81.3502459997526,28.585970000068137],[-81.3502249998362,28.585427999671058],[-81.3502249998362,28.585139999813745],[-81.35020200026999,28.58354199977245],[-81.35019899989692,28.583460000175663],[-81.3501960004222,28.583351999878058],[-81.35019399987407,28.583317999702928],[-81.35010600001053,28.58332000017755],[-81.34987099983388,28.583326000023536],[-81.34910799957764,28.58333099963198],[-81.34910799957764,28.583659999849672],[-81.34910900030086,28.58405799996245],[-81.34912000017151,28.584646999848612],[-81.3491269998442,28.58497599989308],[-81.34913100004218,28.58517800027833],[-81.34914500028587,28.58578399989458],[-81.3491479997606,28.58588500014841],[-81.34916500037735,28.585985000093284],[-81.34938100028742,28.585982000246194],[-81.35002900001764,28.5859719997035],[-81.3502459997526,28.585970000068137]]]},"properties":{"block_id":"120950161002001","school_id":"sch_killarney_elementary","kids_est":0,"class":"red","shortest":{"len_m":4378.7,"mean_c":36.76,"peak_c":37.6,"dose":228.7},"coolest":{"len_m":4398.6,"mean_c":36.7,"peak_c":37.6,"dose":226.5},"delta_mean_c":-0.06,"delta_dose_pct":-1,"distance_mi":2.143,"status_now":"bus","status_rec":"bus_eligible","reason":"Coolest route mean 36.7C exceeds threshold (110 C-min dose, actual 226).","safe_until_hour":"11:00"}},{"type":"Feature","geometry":{"type":"Polygon","coordinates":[[[-81.36096999957952,28.594853999964158],[-81.36096600027987,28.594685000352918],[-81.36095700005905,28.594177999888792],[-81.360953999686,28.594010000114988],[-81.3605310000867,28.59401600013972],[-81.3592640000403,28.59403500034719],[-81.35899000040392,28.594040000235168],[-81.35884200026591,28.594040000235168],[-81.35884499974064,28.594144000059554],[-81.35884599956556,28.594207999960968],[-81.35885399996147,28.594713000022555],[-81.35885700033452,28.594882000377538],[-81.35908400011525,28.594875999613546],[-81.35946800025481,28.594868000171775],[-81.35976600018064,28.594864999789397],[-81.35999399978627,28.594863000323176],[-81.36018899977992,28.594861000068178],[-81.36077399976095,28.594855000091727],[-81.36096999957952,28.594853999964158]]]},"properties":{"block_id":"120950159012040","school_id":"sch_killarney_elementary","kids_est":0,"class":"red","shortest":{"len_m":2596.6,"mean_c":36.69,"peak_c":37.6,"dose":133.3},"coolest":{"len_m":2596.6,"mean_c":36.69,"peak_c":37.6,"dose":133.3},"delta_mean_c":0.0,"delta_dose_pct":0,"distance_mi":1.393,"status_now":"walk","status_rec":"bus_eligible","reason":"Coolest route mean 36.7C exceeds threshold (110 C-min dose, actual 133).","safe_until_hour":"14:00"}},{"type":"Feature","geometry":{"type":"Polygon","coordinates":[[[-81.35473700035311,28.595879999649817],[-81.35472399993432,28.595852000291046],[-81.35472399993432,28.595767999803616],[-81.35470899986571,28.594931000294338],[-81.35471600043671,28.59491599996812],[-81.35289700002127,28.594952999927603],[-81.35286199986116,28.59495099967431],[-81.35281199963245,28.594944000364986],[-81.35276200030205,28.59493000016748],[-81.35273100033992,28.594918000222037],[-81.35274800005836,28.595029000059352],[-81.35276599960169,28.595831000175483],[-81.35276599960169,28.595911000142493],[-81.3528860001506,28.59590899990748],[-81.353159999787,28.59589999963796],[-81.3545199997198,28.595881999885428],[-81.35463500024585,28.59588099976763],[-81.35470600039096,28.59588099976763],[-81.35473700035311,28.595879999649817]]]},"properties":{"block_id":"120950159012028","school_id":"sch_killarney_elementary","kids_est":0,"class":"red","shortest":{"len_m":3418.2,"mean_c":36.53,"peak_c":37.6,"dose":167.7},"coolest":{"len_m":3432.4,"mean_c":36.48,"peak_c":37.6,"dose":166.8},"delta_mean_c":-0.05,"delta_dose_pct":-1,"distance_mi":1.767,"status_now":"walk","status_rec":"bus_eligible","reason":"Coolest route mean 36.5C exceeds threshold (110 C-min dose, actual 167).","safe_until_hour":"13:00"}},{"type":"Feature","geometry":{"type":"Polygon","coordinates":[[[-81.34980600043487,28.597803999696126],[-81.34979600038913,28.59680300022505],[-81.34975799985598,28.596807999981312],[-81.3497319999167,28.596806999872317],[-81.34961599956576,28.596806999872317],[-81.34912900039235,28.596813999846315],[-81.34864200032064,28.596819999710988],[-81.34866900008481,28.597806999994614],[-81.34957700010601,28.597803999696126],[-81.3496189999388,28.597809000193546],[-81.34965599974872,28.597821999908238],[-81.34970799962726,28.597823000007562],[-81.34976399970375,28.597816000100764],[-81.34980600043487,28.597803999696126]]]},"properties":{"block_id":"120950160011019","school_id":"sch_killarney_elementary","kids_est":0,"class":"red","shortest":{"len_m":3979.2,"mean_c":36.55,"peak_c":37.6,"dose":196.4},"coolest":{"len_m":4008.6,"mean_c":36.42,"peak_c":37.6,"dose":191.3},"delta_mean_c":-0.13,"delta_dose_pct":-3,"distance_mi":2.045,"status_now":"bus","status_rec":"bus_eligible","reason":"Coolest route mean 36.4C exceeds threshold (110 C-min dose, actual 191).","safe_until_hour":"12:00"}},{"type":"Feature","geometry":{"type":"Polygon","coordinates":[[[-81.34987199965879,28.600521999963046],[-81.34984800026766,28.598685000062588],[-81.34982999982599,28.598691999911512],[-81.34973399956652,28.598694000093612],[-81.34867199955954,28.598704000214756],[-81.34868499997833,28.600538000351353],[-81.34885999988052,28.60053899963614],[-81.34892199980479,28.600537000277868],[-81.34955500036469,28.600526000257542],[-81.34963400000743,28.600524000110315],[-81.34982099960517,28.60051999981574],[-81.34987199965879,28.600521999963046]]]},"properties":{"block_id":"120950160011010","school_id":"sch_killarney_elementary","kids_est":0,"class":"red","shortest":{"len_m":4135.5,"mean_c":36.53,"peak_c":37.6,"dose":203.2},"coolest":{"len_m":4160.6,"mean_c":36.4,"peak_c":37.6,"dose":197.8},"delta_mean_c":-0.13,"delta_dose_pct":-3,"distance_mi":2.059,"status_now":"bus","status_rec":"bus_eligible","reason":"Coolest route mean 36.4C exceeds threshold (110 C-min dose, actual 198).","safe_until_hour":"12:00"}},{"type":"Feature","geometry":{"type":"Polygon","coordinates":[[[-81.37537499989503,28.59402200016412],[-81.3753720004203,28.593869999966998],[-81.37536700039743,28.59358200036064],[-81.37529100022945,28.593581000220947],[-81.37479099973893,28.593580000081253],[-81.3744789995694,28.593580000081253],[-81.3743229999338,28.59357899994155],[-81.37401199958917,28.59357899994155],[-81.37385599995356,28.593577999801827],[-81.37354399978403,28.593577999801827],[-81.3733089996074,28.593576999662098],[-81.37331100015552,28.593861999659914],[-81.37331299980535,28.59401500000416],[-81.37371100018859,28.5940139998686],[-81.3737250004323,28.5940139998686],[-81.37386299962627,28.59401500000416],[-81.37417899999375,28.594019999893103],[-81.37432999960649,28.594019999893103],[-81.37496200034148,28.59402100002861],[-81.37537499989503,28.59402200016412]]]},"properties":{"block_id":"120950190001024","school_id":"sch_killarney_elementary","kids_est":0,"class":"green","shortest":{"len_m":1092.6,"mean_c":37.26,"peak_c":37.6,"dose":65.0},"coolest":{"len_m":1092.6,"mean_c":37.26,"peak_c":37.6,"dose":65.0},"delta_mean_c":0.0,"delta_dose_pct":0,"distance_mi":0.526,"status_now":"walk","status_rec":"walk","reason":"Shortest route already under threshold (dose 65).","safe_until_hour":null}},{"type":"Feature","geometry":{"type":"Polygon","coordinates":[[[-81.38004200022264,28.59807099989692],[-81.38004200022264,28.5979329998335],[-81.37996100003178,28.59765800005276],[-81.37991099980306,28.597559000271026],[-81.37983600035831,28.597449000053576],[-81.37960600020453,28.5972620003663],[-81.37950599974711,28.597211999853652],[-81.37933800041593,28.59715700036647],[-81.3791600001407,28.597133000194003],[-81.37883899975034,28.597090999681892],[-81.37872099974956,28.59708599993904],[-81.37855199969516,28.597052000261733],[-81.37833400013528,28.597030000279062],[-81.37810300015659,28.597024999744633],[-81.37767299998629,28.59699200015482],[-81.37758000009985,28.597001999649176],[-81.37752999987116,28.597018999891667],[-81.3775049997568,28.597040999876626],[-81.37743000031205,28.597052000261733],[-81.37736800038775,28.59707899998316],[-81.37698699972294,28.597309999858034],[-81.3766820001244,28.597481000186118],[-81.37648299993278,28.59766700017166],[-81.37646299984128,28.597672999987644],[-81.37640099991701,28.597668000272478],[-81.37637599980266,28.597629000277742],[-81.37613899997619,28.59709500010701],[-81.37605199993754,28.597105999697717],[-81.37594599963234,28.597045999621628],[-81.37580300041553,28.59690300003825],[-81.37552899988084,28.59684199973755],[-81.37532300001651,28.596825000255173],[-81.37519199959694,28.59678700005681],[-81.37500199962614,28.59681900039086],[-81.37462199968455,28.596935000336966],[-81.37451600027764,28.596950999693934],[-81.37424199974294,28.597045000303574],[-81.37416099955209,28.59711100022834],[-81.37405500014519,28.59711100022834],[-81.37400499991648,28.597089000258038],[-81.37395499968777,28.597051000155066],[-81.37377999978558,28.596825000255173],[-81.37358099959394,28.59668200037117],[-81.37345000007271,28.59660499974627],[-81.37304300036693,28.59632599998018],[-81.37294499955932,28.59625900023706],[-81.37241400000498,28.595873999731534],[-81.37220899996557,28.595768999922498],[-81.37202200036782,28.595693000325824],[-81.37128300040102,28.595485999817324],[-81.37128500005085,28.595575000345026],[-81.37125400008871,28.59556999974131],[-81.3712320003474,28.595564999926157],[-81.37118799996647,28.59555300005319],[-81.37116299985212,28.59554700011626],[-81.37113500026301,28.595538999936817],[-81.37112199984422,28.59553799981575],[-81.37107499998855,28.595529999635673],[-81.37099700017077,28.595524999818572],[-81.37093699989629,28.59550800012318],[-81.37087199959898,28.59548400036291],[-81.37082399991839,28.59547799963323],[-81.37077399968969,28.595475000057068],[-81.37069199967392,28.595466999872144],[-81.37061899987899,28.595464999628636],[-81.3705350002134,28.595462000052045],[-81.37048699963451,28.595456000109905],[-81.37045300019764,28.59544500034646],[-81.37030900025759,28.59539399963572],[-81.37028400014324,28.59538199974329],[-81.37024200031044,28.595355999708673],[-81.37020200012748,28.595330999790683],[-81.37014000020318,28.595308000113327],[-81.37009900019531,28.595298999792348],[-81.37004599959354,28.595299999915696],[-81.37000499958565,28.59531099969431],[-81.36997799982147,28.595317999767882],[-81.36992699976786,28.595329999667616],[-81.36988199956201,28.595334000159752],[-81.36973000012438,28.595330999790683],[-81.36976600010937,28.59552000000122],[-81.37006099966216,28.59584400013481],[-81.37027300027259,28.595885000238788],[-81.37048800035772,28.595926999655383],[-81.37052699981749,28.595981999786222],[-81.37179700023692,28.59667900004056],[-81.372189999699,28.596893999853858],[-81.37331500035349,28.59751100010428],[-81.37481199965534,28.59786400012822],[-81.37781299972838,28.598532000206596],[-81.37973199970293,28.598960000310928],[-81.37979799982516,28.598764000133023],[-81.38001700010828,28.598198000303796],[-81.38004200022264,28.59807099989692]]]},"properties":{"block_id":"120950190001000","school_id":"sch_killarney_elementary","kids_est":0,"class":"green","shortest":{"len_m":1332.7,"mean_c":37.28,"peak_c":37.6,"dose":79.3},"coolest":{"len_m":1332.7,"mean_c":37.28,"peak_c":37.6,"dose":79.3},"delta_mean_c":0.0,"delta_dose_pct":0,"distance_mi":0.456,"status_now":"walk","status_rec":"walk","reason":"Shortest route already under threshold (dose 79).","safe_until_hour":null}},{"type":"Feature","geometry":{"type":"Polygon","coordinates":[[[-81.36494899999394,28.586789999616535],[-81.36494700034412,28.586711000012468],[-81.36494399997108,28.58653500006214],[-81.36493599957514,28.586019999617662],[-81.36493499975025,28.58593099967731],[-81.36470799996953,28.586109999693395],[-81.36424000016439,28.586497000087956],[-81.36293700013297,28.587612999669886],[-81.36237600044142,28.588091000204496],[-81.36251799983332,28.58822200002273],[-81.36268100003993,28.588373000309257],[-81.36271500037513,28.58840900001646],[-81.36273100026864,28.588436999780203],[-81.36274600033725,28.588497000037556],[-81.36276200023079,28.58871400039348],[-81.36277800012431,28.588908000012566],[-81.36298399998864,28.588897000352727],[-81.36302800036957,28.588868999922695],[-81.36311399968498,28.58881600038419],[-81.36321099976936,28.588718000348535],[-81.36335999973228,28.588582999610647],[-81.36347600008322,28.58849099969789],[-81.36353800000751,28.588451000053645],[-81.36363199971883,28.58839899970461],[-81.36374800006979,28.588352999677827],[-81.36388799981187,28.588344000338978],[-81.36388500033713,28.58821500026538],[-81.36387600011632,28.587945999884163],[-81.36386900044361,28.587680000190925],[-81.36387199991836,28.587620999663724],[-81.36388399961392,28.58758899968478],[-81.36390100023067,28.587560000286985],[-81.36394399988836,28.58751600028793],[-81.36450600030315,28.587037000092483],[-81.36472399986306,28.58685199964365],[-81.3647919996351,28.586814999988096],[-81.36482500014539,28.586805999728846],[-81.364868999628,28.586793999644843],[-81.36494899999394,28.586789999616535]]]},"properties":{"block_id":"120950159012068","school_id":"sch_killarney_elementary","kids_est":0,"class":"red","shortest":{"len_m":2712.7,"mean_c":37.07,"peak_c":37.6,"dose":153.3},"coolest":{"len_m":2732.0,"mean_c":36.74,"peak_c":37.6,"dose":141.6},"delta_mean_c":-0.33,"delta_dose_pct":-8,"distance_mi":1.281,"status_now":"walk","status_rec":"bus_eligible","reason":"Coolest route mean 36.7C exceeds threshold (110 C-min dose, actual 142).","safe_until_hour":"13:00"}},{"type":"Feature","geometry":{"type":"Polygon","coordinates":[[[-81.36912400022695,28.58675100031866],[-81.36910999998325,28.5858600003445],[-81.36818500024361,28.585852999641123],[-81.36699099999215,28.58584199966169],[-81.36699400036521,28.586020999829273],[-81.36700500023585,28.58655900028784],[-81.36700900043381,28.586739000228384],[-81.36912400022695,28.58675100031866]]]},"properties":{"block_id":"120950190002008","school_id":"sch_killarney_elementary","kids_est":1,"class":"red","shortest":{"len_m":2494.7,"mean_c":37.12,"peak_c":37.6,"dose":142.6},"coolest":{"len_m":2539.3,"mean_c":36.94,"peak_c":37.6,"dose":138.8},"delta_mean_c":-0.18,"delta_dose_pct":-3,"distance_mi":1.09,"status_now":"walk","status_rec":"bus_eligible","reason":"Coolest route mean 36.9C exceeds threshold (110 C-min dose, actual 139).","safe_until_hour":"13:00"}},{"type":"Feature","geometry":{"type":"Polygon","coordinates":[[[-81.35687100041281,28.596694000115182],[-81.35686499966671,28.596524000195817],[-81.35684899977319,28.596014999693146],[-81.35684700012337,28.595919999622303],[-81.35684899977319,28.59584600037112],[-81.3567299999475,28.595846999700512],[-81.35637699977009,28.595852999620373],[-81.35625899976931,28.595854999856506],[-81.35626200014237,28.59602600018563],[-81.3562720001881,28.596531000188605],[-81.35627999968571,28.59671000029758],[-81.35639799968648,28.596705999857807],[-81.35675199968881,28.596696000335296],[-81.35687100041281,28.596694000115182]]]},"properties":{"block_id":"120950159012023","school_id":"sch_killarney_elementary","kids_est":0,"class":"red","shortest":{"len_m":3209.0,"mean_c":36.55,"peak_c":37.6,"dose":158.3},"coolest":{"len_m":3223.2,"mean_c":36.5,"peak_c":37.6,"dose":157.4},"delta_mean_c":-0.05,"delta_dose_pct":-1,"distance_mi":1.596,"status_now":"walk","status_rec":"bus_eligible","reason":"Coolest route mean 36.5C exceeds threshold (110 C-min dose, actual 157).","safe_until_hour":"13:00"}},{"type":"Feature","geometry":{"type":"Polygon","coordinates":[[[-81.37738699975601,28.591312999684327],[-81.37738099990824,28.590944999640875],[-81.3773780004335,28.590835000389475],[-81.37732400000682,28.590834000223648],[-81.37732400000682,28.590399999927744],[-81.37722699992243,28.590402000267638],[-81.37656199957549,28.590403999818705],[-81.37653300016149,28.590404999988614],[-81.37501599986985,28.590394999866618],[-81.37413799998588,28.590393000315387],[-81.37333000042211,28.590393000315387],[-81.373331000247,28.590505999747382],[-81.37333700009478,28.590847000012257],[-81.37333899974462,28.59096099990961],[-81.37333999956954,28.59103000020257],[-81.37334299994258,28.591239000344917],[-81.3733449995924,28.591308999827945],[-81.37352299986763,28.591308999827945],[-81.37388799974063,28.591309999989253],[-81.37405799961992,28.591309999989253],[-81.37423699972005,28.59131100015055],[-81.37433200015464,28.59131100015055],[-81.37459400009544,28.591312000311834],[-81.37466199986751,28.591312000311834],[-81.3748929998462,28.591312999684327],[-81.37512899984775,28.591313999845596],[-81.37512800002284,28.591239000344917],[-81.37512100035013,28.590853000217464],[-81.37528200000861,28.5908540003831],[-81.37543299962135,28.5908540003831],[-81.37558900015527,28.5908540003831],[-81.3757449997909,28.590854999759944],[-81.37590100032482,28.590854999759944],[-81.37590700017259,28.591242000042023],[-81.37590999964733,28.591312000311834],[-81.37592600043916,28.591312000311834],[-81.3760269998232,28.591312000311834],[-81.37607200002904,28.59131100015055],[-81.37606600018125,28.59112399979719],[-81.37606600018125,28.590855999925576],[-81.37621199977113,28.590855999925576],[-81.37621900034213,28.591243000203956],[-81.37622000016705,28.59131100015055],[-81.37625500032715,28.59131100015055],[-81.37629200013707,28.59131100015055],[-81.37640599993989,28.59131100015055],[-81.3764439995747,28.59131100015055],[-81.37685100017882,28.591309999989253],[-81.37690499970718,28.591308999827945],[-81.37698099987516,28.591308999827945],[-81.37700000014172,28.591308999827945],[-81.37714800027973,28.591308999827945],[-81.3772300002955,28.591309999989253],[-81.37738699975601,28.591312999684327]]]},"properties":{"block_id":"120950190001040","school_id":"sch_killarney_elementary","kids_est":1,"class":"green","shortest":{"len_m":1326.0,"mean_c":37.34,"peak_c":37.6,"dose":79.9},"coolest":{"len_m":1326.4,"mean_c":37.32,"peak_c":37.6,"dose":79.6},"delta_mean_c":-0.02,"delta_dose_pct":0,"distance_mi":0.552,"status_now":"walk","status_rec":"walk","reason":"Shortest route already under threshold (dose 80).","safe_until_hour":null}},{"type":"Feature","geometry":{"type":"Polygon","coordinates":[[[-81.3898549996553,28.59635799966584],[-81.38979600010408,28.5944590000981],[-81.38975699974601,28.59449799969164],[-81.38968200030126,28.59455899977515],[-81.38951999991956,28.594613999833125],[-81.3890520001144,28.594690000209926],[-81.38891400002215,28.59473699995886],[-81.38874099976978,28.5947950003081],[-81.38819799962157,28.59500400006358],[-81.3881359996973,28.594993000252828],[-81.38811099958293,28.594964999869003],[-81.38811700032903,28.59493800039323],[-81.388073999773,28.59490500014816],[-81.38802400044261,28.59491599996812],[-81.38792399998519,28.594964999869003],[-81.38786799990869,28.59500400006358],[-81.38781799967997,28.59501499987312],[-81.38771200027308,28.59499800009523],[-81.38743100006569,28.594844000265393],[-81.38734400002704,28.594815999841888],[-81.38726899968398,28.594865999916866],[-81.38725699998841,28.59492599965999],[-81.38721299960748,28.594943000238267],[-81.38713200031493,28.59492599965999],[-81.3869199997045,28.59480500001147],[-81.38683900041198,28.59477799970589],[-81.38675200037333,28.594783000347288],[-81.38667700003028,28.594745000199342],[-81.38657099972507,28.59466799973291],[-81.38604500019359,28.594040000235168],[-81.38600400018572,28.593990999903014],[-81.38593600041365,28.593857999900514],[-81.38561099982532,28.593703999977997],[-81.38559300028197,28.59359999971827],[-81.38555499974883,28.59351200002487],[-81.38554700025122,28.59343699972611],[-81.38551999958874,28.593442999783548],[-81.38529500035615,28.593496000144405],[-81.385220999838,28.59351400030554],[-81.38528500031042,28.59359800022799],[-81.38534200021182,28.593695000308433],[-81.38537599964869,28.59376700000944],[-81.38554800007613,28.594132000024366],[-81.38569000036637,28.594419000358315],[-81.38575999978823,28.594539000320598],[-81.38577900005482,28.59456700002919],[-81.38584000015418,28.594654999628066],[-81.38596200035293,28.594803999883467],[-81.38602500010211,28.594870999765327],[-81.38622799959339,28.59506000001426],[-81.38638999997511,28.595182000282378],[-81.38646500031817,28.595229999935327],[-81.38654599961072,28.59527299973726],[-81.3871420003607,28.595561000231577],[-81.3876989998543,28.595812000292668],[-81.38796599981798,28.59591399970626],[-81.38820199981953,28.595993000282164],[-81.38831499979743,28.596027000302055],[-81.38842100010264,28.59606000019485],[-81.38850899996619,28.596082999707704],[-81.38867999967042,28.596127000064836],[-81.38896599990069,28.59618599976195],[-81.38908499972636,28.596207999921294],[-81.38944200010175,28.596276999925028],[-81.38956099992744,28.596301000292897],[-81.3898549996553,28.59635799966584]]]},"properties":{"block_id":"120950153002000","school_id":"sch_killarney_elementary","kids_est":3,"class":"green","shortest":{"len_m":979.7,"mean_c":37.6,"peak_c":37.6,"dose":62.8},"coolest":{"len_m":979.7,"mean_c":37.6,"peak_c":37.6,"dose":62.8},"delta_mean_c":0.0,"delta_dose_pct":0,"distance_mi":0.316,"status_now":"walk","status_rec":"walk","reason":"Shortest route already under threshold (dose 63).","safe_until_hour":null}},{"type":"Feature","geometry":{"type":"Polygon","coordinates":[[[-81.38357100037527,28.59116400000196],[-81.38356399980425,28.5908160003924],[-81.38354299988785,28.589773000349297],[-81.38353799986497,28.58952499981234],[-81.38353899968989,28.58942600025836],[-81.38333299982558,28.58942699964878],[-81.38271500023261,28.58943299993509],[-81.3825100001932,28.58943500029338],[-81.38251799969078,28.58978200035461],[-81.3825240004369,28.589983000009425],[-81.38253600013245,28.59082500030838],[-81.38254199998025,28.591172999888208],[-81.38274700001965,28.591171000351746],[-81.38336499961264,28.59116500016464],[-81.38357100037527,28.59116400000196]]]},"properties":{"block_id":"120950153002017","school_id":"sch_killarney_elementary","kids_est":2,"class":"green","shortest":{"len_m":1221.2,"mean_c":37.55,"peak_c":37.6,"dose":77.1},"coolest":{"len_m":1221.2,"mean_c":37.55,"peak_c":37.6,"dose":77.1},"delta_mean_c":0.0,"delta_dose_pct":0,"distance_mi":0.345,"status_now":"walk","status_rec":"walk","reason":"Shortest route already under threshold (dose 77).","safe_until_hour":null}},{"type":"Feature","geometry":{"type":"Polygon","coordinates":[[[-81.37727200012829,28.584681999818358],[-81.37727100030337,28.584638000192573],[-81.37726999958015,28.584603000208197],[-81.37726799993033,28.584459000037135],[-81.37726499955728,28.584283999700833],[-81.37713900005889,28.584283000261486],[-81.3771259996401,28.584283000261486],[-81.3769070002553,28.584283000261486],[-81.37678099985861,28.584283000261486],[-81.37678400023165,28.58435699976384],[-81.37678900025452,28.584681999818358],[-81.37703799977655,28.584681999818358],[-81.3770699995636,28.584681999818358],[-81.3771950001354,28.584681000382826],[-81.37727200012829,28.584681999818358]]]},"properties":{"block_id":"120950153002026","school_id":"sch_killarney_elementary","kids_est":1,"class":"green","shortest":{"len_m":1805.8,"mean_c":37.23,"peak_c":37.6,"dose":105.9},"coolest":{"len_m":1806.2,"mean_c":37.21,"peak_c":37.6,"dose":105.6},"delta_mean_c":-0.02,"delta_dose_pct":0,"distance_mi":0.824,"status_now":"walk","status_rec":"walk","reason":"Shortest route already under threshold (dose 106).","safe_until_hour":null}},{"type":"Feature","geometry":{"type":"Polygon","coordinates":[[[-81.35278599969318,28.596737000106867],[-81.3527870004164,28.5966539996485],[-81.35278200039353,28.5964279996837],[-81.35276700032493,28.59609300007727],[-81.35276599960169,28.595911000142493],[-81.35274399986038,28.595921999857165],[-81.35247199987383,28.595924000091987],[-81.35241300032258,28.595924000091987],[-81.35223599987228,28.595926000326756],[-81.35217800014595,28.595926999655383],[-81.35217999979577,28.59609599963586],[-81.35218599964355,28.59660300031315],[-81.35218900001661,28.59677199999542],[-81.35230799984228,28.596769999776793],[-81.35266600004259,28.59676399990927],[-81.35278599969318,28.596762999799854],[-81.35278599969318,28.596737000106867]]]},"properties":{"block_id":"120950159012026","school_id":"sch_killarney_elementary","kids_est":0,"class":"red","shortest":{"len_m":3458.2,"mean_c":36.61,"peak_c":37.6,"dose":173.3},"coolest":{"len_m":3458.2,"mean_c":36.61,"peak_c":37.6,"dose":173.3},"delta_mean_c":0.0,"delta_dose_pct":0,"distance_mi":1.844,"status_now":"walk","status_rec":"bus_eligible","reason":"Coolest route mean 36.6C exceeds threshold (110 C-min dose, actual 173).","safe_until_hour":"13:00"}},{"type":"Feature","geometry":{"type":"Polygon","coordinates":[[[-81.39513700010114,28.593549999829847],[-81.39504800041269,28.59335100018003],[-81.39503800036692,28.59332699992727],[-81.39496399984877,28.593117999992383],[-81.39488500020606,28.59283499984852],[-81.39485500006883,28.592727999863186],[-81.39484099982512,28.59267700020043],[-81.39479700034252,28.5925190003149],[-81.39477100040324,28.592429000204014],[-81.39469500023527,28.59216099971549],[-81.39467000012091,28.592072000240936],[-81.39465000002942,28.592001999688463],[-81.39458999975497,28.59179399964217],[-81.39457100038672,28.59172499985067],[-81.39451600013511,28.59153499975631],[-81.39435299992851,28.590968000272866],[-81.39429900040014,28.590778999765533],[-81.39425599984412,28.590628999947327],[-81.39413000034574,28.590181999724674],[-81.39408799961464,28.590033000016913],[-81.39399700027634,28.590034000190347],[-81.39372299974166,28.590036999921843],[-81.39362999985522,28.590039000268646],[-81.3932890002717,28.590043000173285],[-81.39289699973622,28.59004899963564],[-81.39244499982459,28.59006100013693],[-81.39225800022685,28.59006200031011],[-81.39191500009518,28.59006600021388],[-81.39097799976166,28.590072999848005],[-81.39082200012605,28.59006600021388],[-81.39069099970648,28.59006100013693],[-81.39063200015525,28.590085000346548],[-81.39058199992654,28.590140000378952],[-81.39059399962211,28.59022299967073],[-81.39063800000304,28.59034399986082],[-81.39061899973645,28.590393999696623],[-81.39053199969783,28.59041600027941],[-81.39054400029171,28.59044900035622],[-81.39059399962211,28.59046499991164],[-81.39063800000304,28.590497999973067],[-81.39064399985081,28.590585999823254],[-81.39061299988867,28.590707000384274],[-81.39061899973645,28.590783999808323],[-81.39064999969861,28.590872000207895],[-81.3908120000803,28.59115299978943],[-81.39084899989022,28.591263000285597],[-81.39089300027116,28.591351000284163],[-81.39091800038553,28.591471999964728],[-81.39096799971593,28.591577000122225],[-81.39101799994462,28.591643000325305],[-81.39107400002112,28.591687000174748],[-81.39114799964098,28.59171999985257],[-81.39124200025061,28.591742000157865],[-81.39135400040361,28.59174700015492],[-81.39149800034365,28.59173100000583],[-81.39164099956047,28.59166800033165],[-81.39176600013226,28.59161499983791],[-81.3917970000944,28.591593000294814],[-81.39180899978996,28.59155999978834],[-81.39181600036098,28.59149400032193],[-81.39180899978996,28.591428000025303],[-81.39177199998005,28.591235999858952],[-81.39179100024663,28.591114999906754],[-81.39182200020876,28.59104900016095],[-81.39187200043746,28.591016000272496],[-81.39194100003444,28.591016000272496],[-81.3919589995778,28.591011000240734],[-81.39197799984437,28.591005000044497],[-81.39212099995949,28.590911000343464],[-81.39230199970947,28.590883999826403],[-81.3923460000904,28.59086200013033],[-81.39258299991685,28.590790000017183],[-81.39270699976542,28.59071900002166],[-81.39280700022286,28.59064699981058],[-81.39288000001778,28.590626000232724],[-81.39292600004853,28.590613999795934],[-81.3929939998206,28.590620000014503],[-81.3930499998971,28.590669000340434],[-81.39315600020231,28.59082400014252],[-81.39325599976141,28.5909010002696],[-81.39335600021884,28.590944999640875],[-81.39348699974009,28.590983000373736],[-81.39362999985522,28.590988999782457],[-81.39377999964306,28.590983000373736],[-81.39395399972034,28.590993999815314],[-81.39403499991118,28.591011000240734],[-81.39403499991118,28.5910379999364],[-81.39384800031344,28.591098999661458],[-81.39377999964306,28.591147999764118],[-81.3937670001226,28.591180999611147],[-81.39377299997037,28.59121400023655],[-81.3937610002748,28.591242000042023],[-81.39369799962729,28.591274999859525],[-81.3936490001218,28.591323999880114],[-81.39364200044912,28.59135699967188],[-81.39369199977952,28.591461999944247],[-81.39384199956733,28.591666000015852],[-81.39386699968169,28.59173700016058],[-81.39387300042777,28.591808999625133],[-81.39384800031344,28.591864000333203],[-81.39385400016121,28.591919000223665],[-81.39389099997115,28.59195199982867],[-81.39393500035207,28.59195199982867],[-81.39399700027634,28.59196799994412],[-81.39400999979684,28.592011999657537],[-81.3939789998347,28.592067000259338],[-81.39394700004765,28.592094999837617],[-81.39373500033554,28.59214400026482],[-81.39347400021963,28.592205000136897],[-81.39329900031744,28.592374999942727],[-81.39320499970779,28.59249100006078],[-81.39303700037661,28.5926450001829],[-81.39296799988134,28.59267200024766],[-81.39291900037584,28.59267800034871],[-81.39285599972834,28.5926560002393],[-81.39266900013058,28.5925619996483],[-81.39241399986247,28.592551000370765],[-81.39225800022685,28.592518000165093],[-81.39194900043034,28.592353999921272],[-81.39182100038384,28.592331000381243],[-81.39167800026873,28.592331000381243],[-81.39155299969693,28.592357999737896],[-81.39146599965831,28.59240800019336],[-81.39127300021276,28.592484999949004],[-81.39117899960311,28.592632999976573],[-81.39100399970094,28.59300699971464],[-81.39077400044549,28.593314999798867],[-81.39057400042893,28.593639999769657],[-81.390530000048,28.5937609999705],[-81.39046200027595,28.593892999958996],[-81.39018699991632,28.594146000328205],[-81.39013099983984,28.594189999918683],[-81.39001899968683,28.5942560000587],[-81.38994400024208,28.5943170002827],[-81.38986600042428,28.594390999821595],[-81.38979600010408,28.5944590000981],[-81.3898549996553,28.59635799966584],[-81.39042499956771,28.59646299967516],[-81.3908329999967,28.596516000090737],[-81.39118899964886,28.59654099972688],[-81.39155299969693,28.59654899983],[-81.39192299959278,28.596546000284338],[-81.39249699970313,28.59653999961534],[-81.39249599987824,28.59649899976688],[-81.39250699974887,28.596398000245166],[-81.39259799998548,28.596087000171163],[-81.39269400024493,28.595732000250255],[-81.39277899973546,28.5954019998262],[-81.3927829999334,28.59534600005773],[-81.39277899973546,28.59529100038278],[-81.39276899968971,28.595235999890416],[-81.39275100014635,28.595182000282378],[-81.3927269998569,28.59513000010783],[-81.39269599989476,28.59508199962053],[-81.39265900008485,28.595036000151715],[-81.39261600042715,28.59499499971656],[-81.3924669995659,28.59488399984339],[-81.3919519999051,28.59453700005943],[-81.39174699986569,28.59472299973379],[-81.39165399997927,28.594808999734816],[-81.39132099989334,28.59512199989671],[-81.39128699955815,28.595166999991985],[-81.39125200029636,28.595233000307285],[-81.39123499967961,28.59529100038278],[-81.39122499963386,28.595342999688977],[-81.39119000037208,28.595538999936817],[-81.3911700002806,28.595570999862062],[-81.39114000014337,28.5955969998435],[-81.39110199961023,28.595613000192902],[-81.39106099960233,28.595618000005818],[-81.39055400033745,28.595551999932262],[-81.39047200032168,28.595536999694666],[-81.39040299982639,28.595509000244526],[-81.39035799962056,28.595466999872144],[-81.39033699970416,28.59543200033778],[-81.39032599983351,28.595394999758163],[-81.39032400018368,28.595355999708673],[-81.39033199968128,28.59530200016235],[-81.39034199972703,28.595247999799525],[-81.3903889995827,28.595098000048313],[-81.39044600038243,28.59496700012203],[-81.39047499979641,28.59491300037587],[-81.390530000048,28.594833999776974],[-81.39062299993441,28.594720000136014],[-81.39106399997537,28.594241999769558],[-81.39158100018433,28.59369099975398],[-81.3918039997671,28.593447999699702],[-81.39190400022451,28.593352999675],[-81.39194600005732,28.593319999721103],[-81.39203800011882,28.593265999917513],[-81.39208800034753,28.593243999931165],[-81.39219299992952,28.593213000229444],[-81.3922909998388,28.59319999994472],[-81.39230300043269,28.593198999801388],[-81.39247400013691,28.59320499987235],[-81.39258899976464,28.59321499972705],[-81.39327199965494,28.593296000250024],[-81.39342499981582,28.59332200000543],[-81.39359800006817,28.59335200032191],[-81.39368799958156,28.593374999638538],[-81.39377299997037,28.593413000281746],[-81.39384800031344,28.593463000235406],[-81.39385800035919,28.59347300006549],[-81.39389000014623,28.59350300033893],[-81.39395200007051,28.593597000088458],[-81.39418800007205,28.593582999711547],[-81.39423300027791,28.593581000220947],[-81.39490000027469,28.593570999612368],[-81.39513700010114,28.593549999829847]]]},"properties":{"block_id":"120950153002001","school_id":"sch_killarney_elementary","kids_est":14,"class":"green","shortest":{"len_m":1590.6,"mean_c":37.54,"peak_c":37.6,"dose":100.7},"coolest":{"len_m":1590.6,"mean_c":37.54,"peak_c":37.6,"dose":100.7},"delta_mean_c":0.0,"delta_dose_pct":0,"distance_mi":0.588,"status_now":"walk","status_rec":"walk","reason":"Shortest route already under threshold (dose 101).","safe_until_hour":null}},{"type":"Feature","geometry":{"type":"Polygon","coordinates":[[[-81.35899100022883,28.602623999649982],[-81.35898799985576,28.602480999769796],[-81.35898200000798,28.60208299999979],[-81.35898000035817,28.602051999750362],[-81.3589750003353,28.601909999940865],[-81.35857000027936,28.601913000122064],[-81.35735900030944,28.601923999997265],[-81.35695500007839,28.601928000238342],[-81.35695699972823,28.60206799990565],[-81.35696400029923,28.602488000154505],[-81.35696699977397,28.602627999864417],[-81.35737100000502,28.602626999810802],[-81.35858600017286,28.602623999649982],[-81.35899100022883,28.602623999649982]]]},"properties":{"block_id":"120950159011008","school_id":"sch_killarney_elementary","kids_est":8,"class":"red","shortest":{"len_m":3534.2,"mean_c":36.46,"peak_c":37.6,"dose":170.2},"coolest":{"len_m":3534.2,"mean_c":36.46,"peak_c":37.6,"dose":170.2},"delta_mean_c":0.0,"delta_dose_pct":0,"distance_mi":1.583,"status_now":"walk","status_rec":"bus_eligible","reason":"Coolest route mean 36.5C exceeds threshold (110 C-min dose, actual 170).","safe_until_hour":"13:00"}},{"type":"Feature","geometry":{"type":"Polygon","coordinates":[[[-81.36197300003528,28.59207700022228],[-81.36196899983732,28.592017999796308],[-81.3619549995936,28.591960000281052],[-81.36192100015676,28.591883000140864],[-81.36188099997378,28.591822000081887],[-81.36183099974505,28.59176800029763],[-81.36177999969144,28.591728999691213],[-81.36164800034527,28.591629999846415],[-81.36150100003218,28.591629999846415],[-81.36106400018916,28.591631000004657],[-81.360917999701,28.5916320001629],[-81.3609190004242,28.591732000163056],[-81.36092299972385,28.592033999901727],[-81.36092500027199,28.592134999672986],[-81.36092500027199,28.592164000175053],[-81.36092600009691,28.59225300036049],[-81.36092699992182,28.592283000193337],[-81.36100899993758,28.592285999860636],[-81.36108799958029,28.592305000380808],[-81.36112600011344,28.592320000290844],[-81.36135299989417,28.592430000354675],[-81.36141599964336,28.592450000210484],[-81.3614819997656,28.592460000137002],[-81.36154899971275,28.592461999648922],[-81.3616159996599,28.592455000173864],[-81.36168000013231,28.592439000132465],[-81.36171600011733,28.5924240002394],[-81.36174100023169,28.592414999671547],[-81.36179800013309,28.59238300036299],[-81.3618480003618,28.59234399998474],[-81.3618829996236,28.59230599974386],[-81.36192500035472,28.592248000387503],[-81.36195100029397,28.592192999880396],[-81.36195999961649,28.59216000035105],[-81.3619670001875,28.592135999826368],[-81.36197300003528,28.59207700022228]]]},"properties":{"block_id":"120950159012053","school_id":"sch_killarney_elementary","kids_est":0,"class":"red","shortest":{"len_m":2576.5,"mean_c":36.73,"peak_c":37.6,"dose":133.3},"coolest":{"len_m":2579.7,"mean_c":36.71,"peak_c":37.6,"dose":132.4},"delta_mean_c":-0.02,"delta_dose_pct":-1,"distance_mi":1.336,"status_now":"walk","status_rec":"bus_eligible","reason":"Coolest route mean 36.7C exceeds threshold (110 C-min dose, actual 132).","safe_until_hour":"14:00"}},{"type":"Feature","geometry":{"type":"Polygon","coordinates":[[[-81.36349199997676,28.58330199984878],[-81.36349100015184,28.5832540002716],[-81.36348899960369,28.583112000309473],[-81.36348899960369,28.583065000096546],[-81.36348699995388,28.582971999848084],[-81.36348299975592,28.58269399964152],[-81.36348299975592,28.5826819998771],[-81.36347199988526,28.582642000389598],[-81.36344799959582,28.582612000172347],[-81.36343300042552,28.582599999609723],[-81.36339099969442,28.582583999646275],[-81.3629110001937,28.582577999757966],[-81.36255800001629,28.582574000358132],[-81.36128000009923,28.582548000311313],[-81.36081200029409,28.582538999686783],[-81.36073799977594,28.582548000311313],[-81.36075100019472,28.58260399979743],[-81.36076200006538,28.58269099970054],[-81.36076700008826,28.582725000078334],[-81.36077499958587,28.58312899964287],[-81.36077899978382,28.58327599998189],[-81.36108599993047,28.58327199981974],[-81.36132100010711,28.58327199981974],[-81.36160999981213,28.583273000057524],[-81.36294899982855,28.583300000162637],[-81.36311600023312,28.583304000323643],[-81.36349199997676,28.58330199984878]]]},"properties":{"block_id":"120950161003027","school_id":"sch_killarney_elementary","kids_est":0,"class":"red","shortest":{"len_m":3504.7,"mean_c":37.0,"peak_c":37.6,"dose":194.7},"coolest":{"len_m":3535.2,"mean_c":36.73,"peak_c":37.6,"dose":183.3},"delta_mean_c":-0.27,"delta_dose_pct":-6,"distance_mi":1.519,"status_now":"walk","status_rec":"bus_eligible","reason":"Coolest route mean 36.7C exceeds threshold (110 C-min dose, actual 183).","safe_until_hour":"13:00"}},{"type":"Feature","geometry":{"type":"Polygon","coordinates":[[[-81.35559799962031,28.592217999755956],[-81.35558900029781,28.59124499973903],[-81.35557300040428,28.59045499979541],[-81.35538199971025,28.59045700013426],[-81.35481000014803,28.5904670002503],[-81.35464899959123,28.590469999969418],[-81.35462100000215,28.590463000361733],[-81.35459500006287,28.590518000196447],[-81.35458300036731,28.59057599971847],[-81.35458599984206,28.590811999728338],[-81.35459099986491,28.591195999681574],[-81.35460699975846,28.591879999673274],[-81.35461299960623,28.592134999672986],[-81.35461900035233,28.592236000135912],[-81.35523100009752,28.592222000366462],[-81.35559799962031,28.592217999755956]]]},"properties":{"block_id":"120950161003002","school_id":"sch_killarney_elementary","kids_est":0,"class":"red","shortest":{"len_m":3284.4,"mean_c":36.69,"peak_c":37.6,"dose":168.1},"coolest":{"len_m":3284.9,"mean_c":36.66,"peak_c":37.6,"dose":167.0},"delta_mean_c":-0.03,"delta_dose_pct":-1,"distance_mi":1.706,"status_now":"walk","status_rec":"bus_eligible","reason":"Coolest route mean 36.7C exceeds threshold (110 C-min dose, actual 167).","safe_until_hour":"13:00"}},{"type":"Feature","geometry":{"type":"Polygon","coordinates":[[[-81.37691200027817,28.58631799994186],[-81.37690499970718,28.585926999616238],[-81.37690399988226,28.58587000010901],[-81.37687700011809,28.58587000010901],[-81.37597400011977,28.585868999895947],[-81.3756400002089,28.585868999895947],[-81.3756610001253,28.585934000314676],[-81.37577999995099,28.586331000288855],[-81.37582599998174,28.586484999968686],[-81.37589499957872,28.58671600024879],[-81.37592399989104,28.58677099967727],[-81.37617999998407,28.58677099967727],[-81.37676099976711,28.586773000086158],[-81.37676300031525,28.586755000348457],[-81.37676300031525,28.586717999869954],[-81.37675900011729,28.58631799994186],[-81.37691200027817,28.58631799994186]]]},"properties":{"block_id":"120950153002024","school_id":"sch_killarney_elementary","kids_est":2,"class":"green","shortest":{"len_m":1626.9,"mean_c":37.29,"peak_c":37.6,"dose":96.8},"coolest":{"len_m":1627.3,"mean_c":37.26,"peak_c":37.6,"dose":96.5},"delta_mean_c":-0.03,"delta_dose_pct":0,"distance_mi":0.736,"status_now":"walk","status_rec":"walk","reason":"Shortest route already under threshold (dose 97).","safe_until_hour":null}},{"type":"Feature","geometry":{"type":"Polygon","coordinates":[[[-81.379406000188,28.58401299984486],[-81.37941500040881,28.583953999626438],[-81.3793769998757,28.583950000278946],[-81.37935799960911,28.583947999816296],[-81.37930200043091,28.583943000237188],[-81.37928399998927,28.583943000237188],[-81.3792370001336,28.583943000237188],[-81.37909599966828,28.583943000237188],[-81.37904999963753,28.583943999679782],[-81.3790060001549,28.583943999679782],[-81.37891999994119,28.583943999679782],[-81.37887599956025,28.58393699963763],[-81.37883299990257,28.583930999826507],[-81.37883000042781,28.583957000320233],[-81.37882899970461,28.58398300001874],[-81.37880100011552,28.58402699991859],[-81.37878100002402,28.584043999892856],[-81.37874599986391,28.584056999732162],[-81.37847800007532,28.584060999864437],[-81.37756500003125,28.584074999931705],[-81.37726100025763,28.58408099973462],[-81.37726100025763,28.58412100025246],[-81.37726399973238,28.58424299980526],[-81.37726499955728,28.584283999700833],[-81.37726799993033,28.584459000037135],[-81.37726999958015,28.584603000208197],[-81.37727100030337,28.584638000192573],[-81.37727200012829,28.584681999818358],[-81.37727799997607,28.58501399962811],[-81.37738400028128,28.585013000195733],[-81.37836799957213,28.585003999782238],[-81.37941299986069,28.58498400008756],[-81.37941100021087,28.58483699976971],[-81.37940500036308,28.584397999614925],[-81.37940399963986,28.584252000283943],[-81.37940299981494,28.584191999970663],[-81.37940199999004,28.584046999795238],[-81.379406000188,28.58401299984486]]]},"properties":{"block_id":"120950153002033","school_id":"sch_killarney_elementary","kids_est":0,"class":"green","shortest":{"len_m":1826.6,"mean_c":37.28,"peak_c":37.6,"dose":108.3},"coolest":{"len_m":1828.4,"mean_c":37.21,"peak_c":37.6,"dose":106.8},"delta_mean_c":-0.07,"delta_dose_pct":-1,"distance_mi":0.79,"status_now":"walk","status_rec":"walk","reason":"Shortest route already under threshold (dose 108).","safe_until_hour":null}},{"type":"Feature","geometry":{"type":"Polygon","coordinates":[[[-81.3510690002833,28.599466999791566],[-81.35106799956007,28.599399999684636],[-81.35106099988738,28.598858999999308],[-81.35105900023757,28.598679000304436],[-81.3509439997115,28.598679000304436],[-81.35059899993001,28.598679999606894],[-81.3504850001272,28.598680999698065],[-81.35049400034804,28.59904599999993],[-81.35049799964769,28.59917600027671],[-81.35050299967057,28.600142999763577],[-81.35050500021869,28.600409000256775],[-81.35051000024156,28.600508999793625],[-81.35058999970919,28.600504000213387],[-81.35062099967132,28.600503000139632],[-81.35095499958216,28.600496999696507],[-81.35106699973517,28.600495000337432],[-81.35106400026042,28.600312000063038],[-81.35105800041265,28.599762999693745],[-81.35105699968943,28.599634000225265],[-81.35106099988738,28.599580999804623],[-81.3510690002833,28.599466999791566]]]},"properties":{"block_id":"120950160011014","school_id":"sch_killarney_elementary","kids_est":1,"class":"red","shortest":{"len_m":3946.5,"mean_c":36.55,"peak_c":37.6,"dose":194.8},"coolest":{"len_m":3964.9,"mean_c":36.42,"peak_c":37.6,"dose":189.2},"delta_mean_c":-0.13,"delta_dose_pct":-3,"distance_mi":1.968,"status_now":"walk","status_rec":"bus_eligible","reason":"Coolest route mean 36.4C exceeds threshold (110 C-min dose, actual 189).","safe_until_hour":"12:00"}},{"type":"Feature","geometry":{"type":"Polygon","coordinates":[[[-81.35105199966655,28.597776000061167],[-81.35104900019182,28.597577999838027],[-81.3510409997959,28.596985000192667],[-81.3510409997959,28.59691900018882],[-81.35102900010033,28.596867000084888],[-81.35102699955219,28.59678900027511],[-81.35091500029752,28.596790000384267],[-81.35058100038667,28.596794000032094],[-81.35047000005859,28.596796000250315],[-81.35047500008146,28.596878999807796],[-81.3504840003023,28.597787999680275],[-81.35069400036458,28.597787999680275],[-81.35105199966655,28.597776000061167]]]},"properties":{"block_id":"120950160011017","school_id":"sch_killarney_elementary","kids_est":0,"class":"red","shortest":{"len_m":3745.4,"mean_c":36.57,"peak_c":37.6,"dose":186.1},"coolest":{"len_m":3745.4,"mean_c":36.57,"peak_c":37.6,"dose":186.1},"delta_mean_c":0.0,"delta_dose_pct":0,"distance_mi":1.952,"status_now":"walk","status_rec":"bus_eligible","reason":"Coolest route mean 36.6C exceeds threshold (110 C-min dose, actual 186).","safe_until_hour":"12:00"}},{"type":"Feature","geometry":{"type":"Polygon","coordinates":[[[-81.35047000005859,28.596796000250315],[-81.35047099988351,28.59594799975171],[-81.34983300019904,28.59595399966582],[-81.34979300001608,28.595954999782933],[-81.34979600038913,28.59680300022505],[-81.34984700044274,28.59680400033408],[-81.35047000005859,28.596796000250315]]]},"properties":{"block_id":"120950160011023","school_id":"sch_killarney_elementary","kids_est":0,"class":"red","shortest":{"len_m":3640.7,"mean_c":36.59,"peak_c":37.6,"dose":181.5},"coolest":{"len_m":3640.7,"mean_c":36.59,"peak_c":37.6,"dose":181.5},"delta_mean_c":0.0,"delta_dose_pct":0,"distance_mi":1.987,"status_now":"walk","status_rec":"bus_eligible","reason":"Coolest route mean 36.6C exceeds threshold (110 C-min dose, actual 182).","safe_until_hour":"12:00"}},{"type":"Feature","geometry":{"type":"Polygon","coordinates":[[[-81.35515599975444,28.593171999871988],[-81.35517599984591,28.593149999865975],[-81.35513999986091,28.593149999865975],[-81.35454700038231,28.593158000227188],[-81.35437499995484,28.593164000300558],[-81.35359800035322,28.593169000229956],[-81.35267699991323,28.593185000160187],[-81.3526750002634,28.59328400011802],[-81.35268500030915,28.59350100005804],[-81.35269299980676,28.594121000122414],[-81.35272100029417,28.59478700007141],[-81.35272299994398,28.59481200011881],[-81.35272299994398,28.594836000032494],[-81.35272700014195,28.59488499997068],[-81.35273100033992,28.594918000222037],[-81.35274700023344,28.594900000301326],[-81.35276599960169,28.594880000122895],[-81.35278499986828,28.594862000195683],[-81.35283199972395,28.594814000374736],[-81.35291899976257,28.594732000104027],[-81.35297800021212,28.594677000107858],[-81.35307000027362,28.594600000380368],[-81.3537940001718,28.594037999964495],[-81.3550119998144,28.593265999917513],[-81.35506600024108,28.59323099965026],[-81.35515599975444,28.593171999871988]]]},"properties":{"block_id":"120950160011049","school_id":"sch_killarney_elementary","kids_est":0,"class":"red","shortest":{"len_m":3186.2,"mean_c":36.64,"peak_c":37.6,"dose":161.3},"coolest":{"len_m":3186.2,"mean_c":36.64,"peak_c":37.6,"dose":161.3},"delta_mean_c":0.0,"delta_dose_pct":0,"distance_mi":1.784,"status_now":"walk","status_rec":"bus_eligible","reason":"Coolest route mean 36.6C exceeds threshold (110 C-min dose, actual 161).","safe_until_hour":"13:00"}},{"type":"Feature","geometry":{"type":"Polygon","coordinates":[[[-81.35674199964308,28.59044199995834],[-81.35673800034343,28.590251999911523],[-81.35673199959733,28.589872999751456],[-81.35673199959733,28.589682000077115],[-81.35673300032055,28.58949200023431],[-81.35672199955157,28.589382999642243],[-81.35672199955157,28.5893720000321],[-81.35672400009973,28.58900999981505],[-81.35672599974956,28.588889999851496],[-81.3564680000067,28.588901000300876],[-81.35630300015023,28.588904000064673],[-81.35617099990577,28.588902999880478],[-81.3560119998971,28.588902999880478],[-81.35555699961245,28.58891000038083],[-81.3549969997458,28.588913000144338],[-81.35450700019933,28.58892100003926],[-81.35423400038785,28.58892600017047],[-81.35408000040208,28.58891800027593],[-81.35402599997539,28.58890500024887],[-81.35399400018835,28.588888999667173],[-81.35396700042418,28.588866000157893],[-81.35393800011184,28.588824999682632],[-81.35391999967018,28.58876900035437],[-81.35391800002037,28.588689999870883],[-81.35391700019545,28.58858399979782],[-81.35388299986028,28.58837899986693],[-81.35386799979165,28.588343000149465],[-81.35381300043838,28.588241999890307],[-81.35377999992811,28.588161000205943],[-81.3537780002783,28.588152000061918],[-81.35375499981375,28.588049000023446],[-81.353744999768,28.587968000190408],[-81.35372200020177,28.587923000168516],[-81.35366100010242,28.587846000226694],[-81.35363599998806,28.587798999763255],[-81.35358699958427,28.587702999959713],[-81.35355800017027,28.58767200020163],[-81.3535189998122,28.587649999833424],[-81.35347500032957,28.587640000238196],[-81.35311299993134,28.58764499964153],[-81.35291200008987,28.587648000229983],[-81.35279999993689,28.58764899963731],[-81.35262300038488,28.587652999632937],[-81.35250600020902,28.58765900002044],[-81.35246600002604,28.587663000015684],[-81.35244400028475,28.587665999814813],[-81.35239400005602,28.587685999788135],[-81.3523649997437,28.587705999757695],[-81.35241099977445,28.587764000042228],[-81.35248699994243,28.587890000087647],[-81.35257099960803,28.58805400019614],[-81.35260199957017,28.588129000391344],[-81.35264500012619,28.588228999779634],[-81.35268199993611,28.588355000056612],[-81.35270700005046,28.58852400037886],[-81.35271200007334,28.58867400004528],[-81.35270399967742,28.58878900011788],[-81.3526810001112,28.588884000322984],[-81.35263799955518,28.588987999726825],[-81.35235300004814,28.589488000308656],[-81.3523150004133,28.58955599981282],[-81.35210899965065,28.589909999908453],[-81.35208799973427,28.589944999703828],[-81.35202599981,28.59005099998223],[-81.3520059997185,28.590086999903644],[-81.35208899955919,28.590130999615546],[-81.35213499958994,28.590138000034134],[-81.35228399955285,28.590134000133048],[-81.35263799955518,28.590123999985277],[-81.35274999970818,28.59012199964009],[-81.35370299993521,28.590108999761906],[-81.35375800018679,28.590108999761906],[-81.35397400009685,28.590102000130173],[-81.35403400037133,28.590117999738467],[-81.35405399956448,28.59012900005929],[-81.35409299992256,28.59016200022617],[-81.35411300001404,28.59020200000818],[-81.35412200023487,28.59025699997944],[-81.35412999973248,28.590301999791077],[-81.35415800021988,28.590368000005835],[-81.35416999991546,28.59038300019231],[-81.35421500012129,28.590404999988614],[-81.35425899960389,28.590413999939848],[-81.3544839997348,28.590412999770013],[-81.35454099963621,28.590412999770013],[-81.35457400014648,28.590424000059972],[-81.35462100000215,28.590463000361733],[-81.35464899959123,28.590469999969418],[-81.35481000014803,28.5904670002503],[-81.35538199971025,28.59045700013426],[-81.35557300040428,28.59045499979541],[-81.35580600003279,28.590452000075857],[-81.35650800018965,28.590444000297435],[-81.35674199964308,28.59044199995834]]]},"properties":{"block_id":"120950161003007","school_id":"sch_killarney_elementary","kids_est":7,"class":"red","shortest":{"len_m":3341.5,"mean_c":36.68,"peak_c":37.6,"dose":171.0},"coolest":{"len_m":3346.0,"mean_c":36.65,"peak_c":37.6,"dose":169.8},"delta_mean_c":-0.03,"delta_dose_pct":-1,"distance_mi":1.776,"status_now":"walk","status_rec":"bus_eligible","reason":"Coolest route mean 36.6C exceeds threshold (110 C-min dose, actual 170).","safe_until_hour":"13:00"}},{"type":"Feature","geometry":{"type":"Polygon","coordinates":[[[-81.34917100022514,28.595000000347635],[-81.34910400027799,28.594041000370485],[-81.34896799983555,28.59408500000497],[-81.34872699981113,28.59411299983444],[-81.34859200009191,28.59411299983444],[-81.34859299991683,28.594288999718763],[-81.34859999958952,28.59466899986226],[-81.34860399978749,28.594828999926758],[-81.34860999963527,28.594991000000334],[-81.34860100031274,28.595006999653236],[-81.34917100022514,28.595000000347635]]]},"properties":{"block_id":"120950160011034","school_id":"sch_killarney_elementary","kids_est":0,"class":"red","shortest":{"len_m":3688.1,"mean_c":36.62,"peak_c":37.6,"dose":185.4},"coolest":{"len_m":3690.8,"mean_c":36.61,"peak_c":37.6,"dose":185.2},"delta_mean_c":-0.01,"delta_dose_pct":0,"distance_mi":2.063,"status_now":"bus","status_rec":"bus_eligible","reason":"Coolest route mean 36.6C exceeds threshold (110 C-min dose, actual 185).","safe_until_hour":"12:00"}},{"type":"Feature","geometry":{"type":"Polygon","coordinates":[[[-81.34988799955232,28.602021000280427],[-81.34988400025267,28.601721000180007],[-81.34987500003183,28.60082100026091],[-81.34987199965879,28.600521999963046],[-81.34982099960517,28.60051999981574],[-81.34963400000743,28.600524000110315],[-81.34955500036469,28.600526000257542],[-81.34892199980479,28.600537000277868],[-81.34885999988052,28.60053899963614],[-81.34868499997833,28.600538000351353],[-81.3486890001763,28.600837999885634],[-81.34870099987185,28.601738999721213],[-81.34870599989472,28.602039999829373],[-81.3489419998963,28.602035000322033],[-81.34947699964859,28.60202399966981],[-81.34965099972585,28.602022000339794],[-81.34988799955232,28.602021000280427]]]},"properties":{"block_id":"120950160011005","school_id":"sch_killarney_elementary","kids_est":0,"class":"red","shortest":{"len_m":4451.6,"mean_c":36.5,"peak_c":37.6,"dose":216.7},"coolest":{"len_m":4455.2,"mean_c":36.38,"peak_c":37.6,"dose":210.6},"delta_mean_c":-0.12,"delta_dose_pct":-3,"distance_mi":2.078,"status_now":"bus","status_rec":"bus_eligible","reason":"Coolest route mean 36.4C exceeds threshold (110 C-min dose, actual 211).","safe_until_hour":"12:00"}},{"type":"Feature","geometry":{"type":"Polygon","coordinates":[[[-81.34984800026766,28.598685000062588],[-81.34983499984887,28.59779799988762],[-81.34980600043487,28.597803999696126],[-81.34976399970375,28.597816000100764],[-81.34970799962726,28.597823000007562],[-81.34965599974872,28.597821999908238],[-81.3496189999388,28.597809000193546],[-81.34957700010601,28.597803999696126],[-81.34866900008481,28.597806999994614],[-81.34866599971176,28.59797700020487],[-81.34867199955954,28.598704000214756],[-81.34973399956652,28.598694000093612],[-81.34982999982599,28.598691999911512],[-81.34984800026766,28.598685000062588]]]},"properties":{"block_id":"120950160011011","school_id":"sch_killarney_elementary","kids_est":0,"class":"red","shortest":{"len_m":3924.2,"mean_c":36.56,"peak_c":37.6,"dose":193.9},"coolest":{"len_m":3951.4,"mean_c":36.42,"peak_c":37.6,"dose":188.8},"delta_mean_c":-0.14,"delta_dose_pct":-3,"distance_mi":2.049,"status_now":"bus","status_rec":"bus_eligible","reason":"Coolest route mean 36.4C exceeds threshold (110 C-min dose, actual 189).","safe_until_hour":"12:00"}},{"type":"Feature","geometry":{"type":"Polygon","coordinates":[[[-81.34979600038913,28.59680300022505],[-81.34979300001608,28.595954999782933],[-81.34970099995458,28.59595599990002],[-81.34960899989306,28.59595700001712],[-81.34961599956576,28.596806999872317],[-81.3497319999167,28.596806999872317],[-81.34975799985598,28.596807999981312],[-81.34979600038913,28.59680300022505]]]},"properties":{"block_id":"120950160011022","school_id":"sch_killarney_elementary","kids_est":0,"class":"red","shortest":{"len_m":3682.8,"mean_c":36.58,"peak_c":37.6,"dose":183.3},"coolest":{"len_m":3682.8,"mean_c":36.58,"peak_c":37.6,"dose":183.3},"delta_mean_c":0.0,"delta_dose_pct":0,"distance_mi":2.013,"status_now":"bus","status_rec":"bus_eligible","reason":"Coolest route mean 36.6C exceeds threshold (110 C-min dose, actual 183).","safe_until_hour":"12:00"}},{"type":"Feature","geometry":{"type":"Polygon","coordinates":[[[-81.34860999963527,28.594991000000334],[-81.34860399978749,28.594828999926758],[-81.34859999958952,28.59466899986226],[-81.34859299991683,28.594288999718763],[-81.34859200009191,28.59411299983444],[-81.34835100006748,28.59411199969981],[-81.34763499966692,28.59412300039151],[-81.34750300032076,28.594126000006316],[-81.34739700001553,28.59413400029325],[-81.34734199976396,28.594142999925218],[-81.34720399967169,28.594175999620752],[-81.34713599989962,28.5942040002148],[-81.34709999991463,28.59422100012109],[-81.34683100030111,28.594352000188348],[-81.34658199988075,28.59448500035453],[-81.34644700016156,28.594573000022116],[-81.34635099990209,28.594648999639872],[-81.34657299965994,28.594732000104027],[-81.34656000013945,28.595037000277557],[-81.3480349997,28.59501800025121],[-81.34809099977649,28.59501599999915],[-81.34860100031274,28.595006999653236],[-81.34860999963527,28.594991000000334]]]},"properties":{"block_id":"120950160011035","school_id":"sch_killarney_elementary","kids_est":0,"class":"red","shortest":{"len_m":3773.9,"mean_c":36.61,"peak_c":37.6,"dose":189.4},"coolest":{"len_m":3776.6,"mean_c":36.6,"peak_c":37.6,"dose":189.2},"delta_mean_c":-0.01,"delta_dose_pct":0,"distance_mi":2.139,"status_now":"bus","status_rec":"bus_eligible","reason":"Coolest route mean 36.6C exceeds threshold (110 C-min dose, actual 189).","safe_until_hour":"12:00"}},{"type":"Feature","geometry":{"type":"Polygon","coordinates":[[[-81.3717880000161,28.593024999959496],[-81.37178600036627,28.592604999752883],[-81.37178600036627,28.592582999628192],[-81.37177899979527,28.59217400012877],[-81.37177399977237,28.59188099982915],[-81.37176999957441,28.591610999993026],[-81.37176399972664,28.591060000384424],[-81.37170299962727,28.591060000384424],[-81.371211000431,28.591060000384424],[-81.371211000431,28.59109099993227],[-81.37095399961474,28.59108900039427],[-81.3708730003222,28.591089999768876],[-81.37076899966681,28.59109099993227],[-81.3707750004129,28.591114999906754],[-81.37079200013133,28.59121599977217],[-81.37079299995625,28.591242000042023],[-81.37079799997913,28.591391999774306],[-81.37080600037505,28.591945999686118],[-81.37081300004773,28.592356000223994],[-81.37082599956821,28.593155999939786],[-81.37101800008716,28.593159000370903],[-81.37107599981347,28.59316099986953],[-81.37175500040412,28.593164000300558],[-81.3717749995973,28.59312600035609],[-81.3717880000161,28.593024999959496]]]},"properties":{"block_id":"120950190001036","school_id":"sch_killarney_elementary","kids_est":0,"class":"green","shortest":{"len_m":1476.9,"mean_c":37.1,"peak_c":37.6,"dose":84.3},"coolest":{"len_m":1478.2,"mean_c":37.07,"peak_c":37.6,"dose":83.9},"delta_mean_c":-0.03,"delta_dose_pct":0,"distance_mi":0.734,"status_now":"walk","status_rec":"walk","reason":"Shortest route already under threshold (dose 84).","safe_until_hour":null}},{"type":"Feature","geometry":{"type":"Polygon","coordinates":[[[-81.37728700019692,28.589113999883004],[-81.37728200017403,28.58894499972032],[-81.3772799996259,28.5888780000054],[-81.37706000041618,28.588702999924546],[-81.37684500033103,28.588490000298563],[-81.37681199982075,28.588452000242143],[-81.37630300000772,28.58785699999648],[-81.37612300008266,28.58764700003384],[-81.37586600016472,28.58722600022769],[-81.375675000369,28.586794999849104],[-81.375563000216,28.58654300013793],[-81.37539099978856,28.585898999972844],[-81.37533100041243,28.585672000335332],[-81.37529100022945,28.585023000040792],[-81.37527600016084,28.584773999908602],[-81.37526799976493,28.584298999966432],[-81.37526000026732,28.583726999734253],[-81.37524699984851,28.58339199988435],[-81.37523199977991,28.58302699965716],[-81.37522099990925,28.582719000198075],[-81.37523799962769,28.58250900022895],[-81.37523299960483,28.582390999649125],[-81.37522799958195,28.582246000145748],[-81.37514100044164,28.582247000393252],[-81.37507500031938,28.582247999851912],[-81.37501699969476,28.582247999851912],[-81.37501699969476,28.582394000387524],[-81.37502300044085,28.58288999980682],[-81.37502900028863,28.58304999965486],[-81.37503400031152,28.58327599998189],[-81.37506799974837,28.584356000325233],[-81.37506799974837,28.58498400008756],[-81.37515599961192,28.585909999946324],[-81.37543099997153,28.586819000015453],[-81.37577800030117,28.58746899967698],[-81.37643400042728,28.58830100006907],[-81.37658000001716,28.588483999958424],[-81.37728700019692,28.589113999883004]]]},"properties":{"block_id":"120950190001065","school_id":"sch_killarney_elementary","kids_est":0,"class":"red","shortest":{"len_m":2047.4,"mean_c":37.16,"peak_c":37.6,"dose":118.1},"coolest":{"len_m":2047.8,"mean_c":37.14,"peak_c":37.6,"dose":117.8},"delta_mean_c":-0.02,"delta_dose_pct":0,"distance_mi":0.934,"status_now":"walk","status_rec":"bus_eligible","reason":"Coolest route mean 37.1C exceeds threshold (110 C-min dose, actual 118).","safe_until_hour":"14:00"}},{"type":"Feature","geometry":{"type":"Polygon","coordinates":[[[-81.367473000041,28.595189000364616],[-81.3673950002232,28.59511200022344],[-81.3661569995908,28.594030999805618],[-81.3660930000167,28.594095999910678],[-81.36606700007742,28.594138000042125],[-81.36604199996307,28.594201999947256],[-81.36603299974225,28.594258999669705],[-81.3660589996815,28.59570199982431],[-81.36671800018068,28.595694999776306],[-81.36677699973191,28.595704000063318],[-81.3668450004023,28.595733000369478],[-81.3668949997327,28.595680999678773],[-81.36729300011595,28.595335000282766],[-81.367473000041,28.595189000364616]]]},"properties":{"block_id":"120950190003028","school_id":"sch_killarney_elementary","kids_est":1,"class":"red","shortest":{"len_m":2117.1,"mean_c":36.78,"peak_c":37.6,"dose":111.4},"coolest":{"len_m":2117.1,"mean_c":36.78,"peak_c":37.6,"dose":111.4},"delta_mean_c":0.0,"delta_dose_pct":0,"distance_mi":0.988,"status_now":"walk","status_rec":"bus_eligible","reason":"Coolest route mean 36.8C exceeds threshold (110 C-min dose, actual 111).","safe_until_hour":"14:00"}},{"type":"Feature","geometry":{"type":"Polygon","coordinates":[[[-81.36734599981939,28.60206799990565],[-81.36734599981939,28.600864000141453],[-81.36720199987934,28.600843000238644],[-81.36719299965851,28.600849999943836],[-81.36715900022165,28.600863000071058],[-81.3670780000308,28.600863000071058],[-81.36669399989124,28.600866000282206],[-81.36656699966962,28.60086799963422],[-81.36627799996462,28.600869999774847],[-81.36588499960423,28.600874000056102],[-81.36551999973125,28.600872999985796],[-81.36541400032436,28.600869999774847],[-81.36512600044428,28.60086200000065],[-81.36512700026917,28.60105600007196],[-81.36513099956882,28.601640999903452],[-81.36513300011697,28.601836000175144],[-81.36539199968473,28.601844999936244],[-81.36549299996707,28.601849000180387],[-81.3659390000309,28.601848000119364],[-81.3661719996594,28.60184399987525],[-81.36643199995041,28.601840999692023],[-81.36665100023353,28.601845999997302],[-81.36680900041728,28.601862000184013],[-81.36692599969483,28.60188199982249],[-81.36702699997717,28.60190899988043],[-81.3671709999172,28.601966000155265],[-81.3672610003289,28.602012999805094],[-81.36734599981939,28.60206799990565]]]},"properties":{"block_id":"120950190003026","school_id":"sch_killarney_elementary","kids_est":0,"class":"red","shortest":{"len_m":2846.4,"mean_c":36.55,"peak_c":37.6,"dose":140.5},"coolest":{"len_m":2846.4,"mean_c":36.55,"peak_c":37.6,"dose":140.5},"delta_mean_c":0.0,"delta_dose_pct":0,"distance_mi":1.088,"status_now":"walk","status_rec":"bus_eligible","reason":"Coolest route mean 36.5C exceeds threshold (110 C-min dose, actual 140).","safe_until_hour":"13:00"}},{"type":"Feature","geometry":{"type":"Polygon","coordinates":[[[-81.38571700013054,28.596123999718436],[-81.38571600030562,28.59608100026465],[-81.38571299993258,28.595848999936745],[-81.38542800042555,28.59556700016771],[-81.38533899983877,28.59548400036291],[-81.3852989996558,28.595488000060428],[-81.38509799981435,28.595507000001817],[-81.38528600013531,28.595694999776306],[-81.38535899993025,28.59579399973632],[-81.38565199983321,28.596271000029354],[-81.3857070000848,28.5963610000056],[-81.38570999955952,28.596281999706367],[-81.38571399975748,28.596211000265342],[-81.38571700013054,28.596123999718436]]]},"properties":{"block_id":"120950153001029","school_id":"sch_killarney_elementary","kids_est":0,"class":"green","shortest":{"len_m":497.7,"mean_c":37.6,"peak_c":37.6,"dose":32.0},"coolest":{"len_m":497.7,"mean_c":37.6,"peak_c":37.6,"dose":32.0},"delta_mean_c":0.0,"delta_dose_pct":0,"distance_mi":0.166,"status_now":"walk","status_rec":"walk","reason":"Shortest route already under threshold (dose 32).","safe_until_hour":null}},{"type":"Feature","geometry":{"type":"Polygon","coordinates":[[[-81.36505000027628,28.591962999957587],[-81.36504500025343,28.59173399968888],[-81.36503100000972,28.591047999997173],[-81.36502699981176,28.590820000267534],[-81.36502599998684,28.59078499997462],[-81.3648479997116,28.590819000101572],[-81.36431100030948,28.59081799993559],[-81.36413300003426,28.59081799993559],[-81.36397599967543,28.59081799993559],[-81.36396399997986,28.59081799993559],[-81.36379599975038,28.59081799993559],[-81.36380499997121,28.59196400011266],[-81.36462000010597,28.59196799994412],[-81.36478499996241,28.59196900009916],[-81.36505000027628,28.591962999957587]]]},"properties":{"block_id":"120950159012051","school_id":"sch_killarney_elementary","kids_est":0,"class":"red","shortest":{"len_m":2276.1,"mean_c":36.82,"peak_c":37.6,"dose":121.1},"coolest":{"len_m":2282.6,"mean_c":36.77,"peak_c":37.6,"dose":119.2},"delta_mean_c":-0.05,"delta_dose_pct":-2,"distance_mi":1.15,"status_now":"walk","status_rec":"bus_eligible","reason":"Coolest route mean 36.8C exceeds threshold (110 C-min dose, actual 119).","safe_until_hour":"14:00"}},{"type":"Feature","geometry":{"type":"Polygon","coordinates":[[[-81.36390600025354,28.58945799967819],[-81.36390200005557,28.58923499977192],[-81.36389100018494,28.58856600037016],[-81.36388799981187,28.588344000338978],[-81.36374800006979,28.588352999677827],[-81.36363199971883,28.58839899970461],[-81.36353800000751,28.588451000053645],[-81.36347600008322,28.58849099969789],[-81.36335999973228,28.588582999610647],[-81.36321099976936,28.588718000348535],[-81.36311399968498,28.58881600038419],[-81.36302800036957,28.588868999922695],[-81.36298399998864,28.588897000352727],[-81.36277800012431,28.588908000012566],[-81.36278099959905,28.589014999942037],[-81.36279099964479,28.589335999865906],[-81.36279499984275,28.589444000327653],[-81.36285299956907,28.589444000327653],[-81.36302699964634,28.589444000327653],[-81.36308600009589,28.589444000327653],[-81.36313499960139,28.589444000327653],[-81.36328199991448,28.589444000327653],[-81.36333100031827,28.589444000327653],[-81.36344599994601,28.589444000327653],[-81.36361099980245,28.589444999717895],[-81.36378999990258,28.58945499993019],[-81.36380800034425,28.58945700028806],[-81.36390600025354,28.58945799967819]]]},"properties":{"block_id":"120950159012069","school_id":"sch_killarney_elementary","kids_est":1,"class":"red","shortest":{"len_m":2618.9,"mean_c":36.79,"peak_c":37.6,"dose":138.2},"coolest":{"len_m":2630.0,"mean_c":36.74,"peak_c":37.6,"dose":136.3},"delta_mean_c":-0.05,"delta_dose_pct":-1,"distance_mi":1.256,"status_now":"walk","status_rec":"bus_eligible","reason":"Coolest route mean 36.7C exceeds threshold (110 C-min dose, actual 136).","safe_until_hour":"14:00"}},{"type":"Feature","geometry":{"type":"Polygon","coordinates":[[[-81.36290799982065,28.589912000257687],[-81.36290799982065,28.58986100001757],[-81.36290600017084,28.589805999839125],[-81.36290500034593,28.589749000068448],[-81.36290299979777,28.589687000172066],[-81.36290000032305,28.589634000257135],[-81.36290100014796,28.58958299988216],[-81.36290399962269,28.589532000271234],[-81.36285299956907,28.589444000327653],[-81.36279499984275,28.589444000327653],[-81.36240900005336,28.589445999896924],[-81.3614259996891,28.589453999751235],[-81.36125300033505,28.589452000182103],[-81.36113199996123,28.589451000003123],[-81.36104400009769,28.58943800004195],[-81.36095899970887,28.58941200011475],[-81.36088099989105,28.589374999782475],[-81.36082599963947,28.589422000330188],[-81.36086400017263,28.589492999624106],[-81.3608759998682,28.589541000297185],[-81.36087900024124,28.58955099971162],[-81.36088500008901,28.589930999629335],[-81.36088799956376,28.59006200031011],[-81.3612779995511,28.59006100013693],[-81.36244800041142,28.590057000232918],[-81.36283900022369,28.590057000232918],[-81.36290500034593,28.590011000142763],[-81.36290799982065,28.58995800039116],[-81.36290799982065,28.589912000257687]]]},"properties":{"block_id":"120950159012067","school_id":"sch_killarney_elementary","kids_est":1,"class":"red","shortest":{"len_m":2729.9,"mean_c":36.78,"peak_c":37.6,"dose":143.6},"coolest":{"len_m":2741.9,"mean_c":36.72,"peak_c":37.6,"dose":141.5},"delta_mean_c":-0.06,"delta_dose_pct":-1,"distance_mi":1.328,"status_now":"walk","status_rec":"bus_eligible","reason":"Coolest route mean 36.7C exceeds threshold (110 C-min dose, actual 142).","safe_until_hour":"13:00"}},{"type":"Feature","geometry":{"type":"Polygon","coordinates":[[[-81.36279499984275,28.589444000327653],[-81.36279099964479,28.589335999865906],[-81.36278099959905,28.589014999942037],[-81.36277800012431,28.588908000012566],[-81.36276200023079,28.58871400039348],[-81.36274600033725,28.588497000037556],[-81.36273100026864,28.588436999780203],[-81.36271500037513,28.58840900001646],[-81.36268100003993,28.588373000309257],[-81.36251799983332,28.58822200002273],[-81.36237600044142,28.588091000204496],[-81.36097399977749,28.589295000362686],[-81.36088099989105,28.589374999782475],[-81.36095899970887,28.58941200011475],[-81.36104400009769,28.58943800004195],[-81.36113199996123,28.589451000003123],[-81.36125300033505,28.589452000182103],[-81.3614259996891,28.589453999751235],[-81.36240900005336,28.589445999896924],[-81.36279499984275,28.589444000327653]]]},"properties":{"block_id":"120950159012070","school_id":"sch_killarney_elementary","kids_est":0,"class":"red","shortest":{"len_m":2798.2,"mean_c":36.78,"peak_c":37.6,"dose":147.2},"coolest":{"len_m":2810.2,"mean_c":36.72,"peak_c":37.6,"dose":145.1},"delta_mean_c":-0.06,"delta_dose_pct":-1,"distance_mi":1.334,"status_now":"walk","status_rec":"bus_eligible","reason":"Coolest route mean 36.7C exceeds threshold (110 C-min dose, actual 145).","safe_until_hour":"13:00"}},{"type":"Feature","geometry":{"type":"Polygon","coordinates":[[[-81.36818500024361,28.585852999641123],[-81.36816199977909,28.5845629998737],[-81.36813300036509,28.5845629998737],[-81.36804799997627,28.584576999874137],[-81.36796699978542,28.584600999757964],[-81.36789200034066,28.584636999967806],[-81.36779400043136,28.584711000009825],[-81.36776400029414,28.584734999863006],[-81.36740600009385,28.585041000075048],[-81.3668679999685,28.58551700003716],[-81.36679199980053,28.58558000024188],[-81.36674800031791,28.585624000262307],[-81.36669800008919,28.58569899982444],[-81.36666799995197,28.585782000255655],[-81.36665999955605,28.585838999810516],[-81.36672599967828,28.585838999810516],[-81.366924000045,28.58584100023719],[-81.36699099999215,28.58584199966169],[-81.36818500024361,28.585852999641123]]]},"properties":{"block_id":"120950190002011","school_id":"sch_killarney_elementary","kids_est":0,"class":"red","shortest":{"len_m":2494.7,"mean_c":37.12,"peak_c":37.6,"dose":142.6},"coolest":{"len_m":2539.3,"mean_c":36.94,"peak_c":37.6,"dose":138.8},"delta_mean_c":-0.18,"delta_dose_pct":-3,"distance_mi":1.149,"status_now":"walk","status_rec":"bus_eligible","reason":"Coolest route mean 36.9C exceeds threshold (110 C-min dose, actual 139).","safe_until_hour":"13:00"}},{"type":"Feature","geometry":{"type":"Polygon","coordinates":[[[-81.36493399992533,28.585808999716505],[-81.36493399992533,28.585794999880033],[-81.36491999968163,28.584942999676123],[-81.3649110003591,28.58463100019663],[-81.36490899981096,28.584547999645707],[-81.36490700016115,28.584466000044543],[-81.36490700016115,28.584433999894244],[-81.36490700016115,28.584388999937577],[-81.36479599983306,28.58445200002926],[-81.36446399957204,28.584639999853266],[-81.3643539999672,28.58470400001873],[-81.3639670003529,28.58492299996989],[-81.36387100009344,28.58497899976887],[-81.36354600040342,28.58517000009861],[-81.36318300018027,28.58539899967733],[-81.36305199976069,28.585490999929146],[-81.36285000009434,28.58564699969196],[-81.36276200023079,28.585716000317227],[-81.36260300022212,28.585851000003508],[-81.36251299981043,28.585935999950717],[-81.36245000006126,28.5859949998459],[-81.3623410002813,28.58610599963907],[-81.36221200040988,28.586238999983223],[-81.36197200021036,28.586506999791897],[-81.36185300038468,28.586643000245843],[-81.36169500020094,28.586825999865752],[-81.3617420000566,28.586836000327164],[-81.36178999973718,28.586845999998843],[-81.36195700014174,28.586882000228886],[-81.36207599996744,28.586906999789765],[-81.36217200022692,28.586926999907497],[-81.36346699986241,28.585819000274643],[-81.36399400011707,28.58581800006115],[-81.36465199989303,28.58580599986439],[-81.3648269997952,28.58580599986439],[-81.36493399992533,28.585808999716505]]]},"properties":{"block_id":"120950159012073","school_id":"sch_killarney_elementary","kids_est":0,"class":"red","shortest":{"len_m":2936.4,"mean_c":37.05,"peak_c":37.6,"dose":165.4},"coolest":{"len_m":2966.9,"mean_c":36.74,"peak_c":37.6,"dose":154.0},"delta_mean_c":-0.31,"delta_dose_pct":-7,"distance_mi":1.342,"status_now":"walk","status_rec":"bus_eligible","reason":"Coolest route mean 36.7C exceeds threshold (110 C-min dose, actual 154).","safe_until_hour":"13:00"}},{"type":"Feature","geometry":{"type":"Polygon","coordinates":[[[-81.36493499975025,28.58593099967731],[-81.36493399992533,28.58585500006753],[-81.36493399992533,28.585808999716505],[-81.3648269997952,28.58580599986439],[-81.36465199989303,28.58580599986439],[-81.36399400011707,28.58581800006115],[-81.36346699986241,28.585819000274643],[-81.36217200022692,28.586926999907497],[-81.36282400015507,28.58751900009126],[-81.36293700013297,28.587612999669886],[-81.36424000016439,28.586497000087956],[-81.36470799996953,28.586109999693395],[-81.36493499975025,28.58593099967731]]]},"properties":{"block_id":"120950159012074","school_id":"sch_killarney_elementary","kids_est":0,"class":"red","shortest":{"len_m":3025.4,"mean_c":37.04,"peak_c":37.6,"dose":170.0},"coolest":{"len_m":3055.9,"mean_c":36.74,"peak_c":37.6,"dose":158.6},"delta_mean_c":-0.3,"delta_dose_pct":-7,"distance_mi":1.322,"status_now":"walk","status_rec":"bus_eligible","reason":"Coolest route mean 36.7C exceeds threshold (110 C-min dose, actual 159).","safe_until_hour":"13:00"}},{"type":"Feature","geometry":{"type":"Polygon","coordinates":[[[-81.36217200022692,28.586926999907497],[-81.36207599996744,28.586906999789765],[-81.36195700014174,28.586882000228886],[-81.36178999973718,28.586845999998843],[-81.3617420000566,28.586836000327164],[-81.36169500020094,28.586825999865752],[-81.36152500032162,28.587021000015387],[-81.36101499978535,28.587608999672735],[-81.36084599973097,28.587805000142424],[-81.36084699955587,28.587867000359825],[-81.36084999992893,28.588027999926673],[-81.36085199957876,28.588189000035715],[-81.36092899957164,28.588152000061918],[-81.36098499964814,28.588115000075014],[-81.3616729995613,28.587397999805063],[-81.36192899965435,28.587140000333516],[-81.36217200022692,28.586926999907497]]]},"properties":{"block_id":"120950159012072","school_id":"sch_killarney_elementary","kids_est":0,"class":"red","shortest":{"len_m":3044.5,"mean_c":36.77,"peak_c":37.6,"dose":159.8},"coolest":{"len_m":3056.4,"mean_c":36.72,"peak_c":37.6,"dose":157.7},"delta_mean_c":-0.05,"delta_dose_pct":-1,"distance_mi":1.409,"status_now":"walk","status_rec":"bus_eligible","reason":"Coolest route mean 36.7C exceeds threshold (110 C-min dose, actual 158).","safe_until_hour":"13:00"}},{"type":"Feature","geometry":{"type":"Polygon","coordinates":[[[-81.36490700016115,28.584388999937577],[-81.36490600033625,28.584322999913702],[-81.36490399978811,28.58412599982309],[-81.36490399978811,28.584060999864437],[-81.36462500012885,28.584062000094686],[-81.36378599970463,28.584046000353688],[-81.36350700004537,28.584042000220837],[-81.36351000041842,28.584096000029213],[-81.36351299989316,28.584120000022768],[-81.36351899974093,28.584190999741647],[-81.36352100028907,28.58433500027964],[-81.3635160002662,28.584370000353225],[-81.36351200006824,28.584400000069003],[-81.3634879997788,28.58446300015411],[-81.36345099996886,28.58451999963519],[-81.36339499989238,28.584575000212258],[-81.3631639999137,28.58475599982871],[-81.3627980002158,28.5850210003874],[-81.36253200007701,28.585214999721078],[-81.3623339997103,28.58535999986354],[-81.3619820002561,28.585620000189497],[-81.36177399984365,28.585764999773467],[-81.36173399966069,28.585785000108395],[-81.36168400033027,28.58581299978213],[-81.36158899989573,28.585852000216722],[-81.36150699987996,28.585875000385318],[-81.3617079997214,28.585886999785373],[-81.36231100014409,28.58592300034377],[-81.36251299981043,28.585935999950717],[-81.36260300022212,28.585851000003508],[-81.36276200023079,28.585716000317227],[-81.36285000009434,28.58564699969196],[-81.36305199976069,28.585490999929146],[-81.36318300018027,28.58539899967733],[-81.36354600040342,28.58517000009861],[-81.36387100009344,28.58497899976887],[-81.3639670003529,28.58492299996989],[-81.3643539999672,28.58470400001873],[-81.36446399957204,28.584639999853266],[-81.36479599983306,28.58445200002926],[-81.36490700016115,28.584388999937577]]]},"properties":{"block_id":"120950161003023","school_id":"sch_killarney_elementary","kids_est":1,"class":"red","shortest":{"len_m":2983.5,"mean_c":37.05,"peak_c":37.6,"dose":167.9},"coolest":{"len_m":3014.0,"mean_c":36.74,"peak_c":37.6,"dose":156.5},"delta_mean_c":-0.31,"delta_dose_pct":-7,"distance_mi":1.379,"status_now":"walk","status_rec":"bus_eligible","reason":"Coolest route mean 36.7C exceeds threshold (110 C-min dose, actual 156).","safe_until_hour":"13:00"}},{"type":"Feature","geometry":{"type":"Polygon","coordinates":[[[-81.36352100028907,28.58433500027964],[-81.36351899974093,28.584190999741647],[-81.36351299989316,28.584120000022768],[-81.36351000041842,28.584096000029213],[-81.36350700004537,28.584042000220837],[-81.36296300007226,28.58403299972418],[-81.36133399962759,28.584008999710775],[-81.36119800008346,28.584007000038085],[-81.3607910003777,28.584005999807314],[-81.36079200020262,28.584196000097812],[-81.36079700022547,28.584768000145303],[-81.36079899987529,28.58495900006948],[-81.36100200026489,28.58495699962603],[-81.36116100027355,28.584957999847756],[-81.36209600005893,28.584964000389046],[-81.36217600042487,28.584974999671516],[-81.36224500002184,28.584996000378116],[-81.36232299983965,28.58503599975907],[-81.36253200007701,28.585214999721078],[-81.3627980002158,28.5850210003874],[-81.3631639999137,28.58475599982871],[-81.36339499989238,28.584575000212258],[-81.36345099996886,28.58451999963519],[-81.3634879997788,28.58446300015411],[-81.36351200006824,28.584400000069003],[-81.3635160002662,28.584370000353225],[-81.36352100028907,28.58433500027964]]]},"properties":{"block_id":"120950161003024","school_id":"sch_killarney_elementary","kids_est":1,"class":"red","shortest":{"len_m":3317.0,"mean_c":37.01,"peak_c":37.6,"dose":185.1},"coolest":{"len_m":3347.5,"mean_c":36.74,"peak_c":37.6,"dose":173.7},"delta_mean_c":-0.27,"delta_dose_pct":-6,"distance_mi":1.463,"status_now":"walk","status_rec":"bus_eligible","reason":"Coolest route mean 36.7C exceeds threshold (110 C-min dose, actual 174).","safe_until_hour":"13:00"}},{"type":"Feature","geometry":{"type":"Polygon","coordinates":[[[-81.35882499964916,28.59309999976344],[-81.35883100039526,28.59308600010911],[-81.35880799993072,28.592165999692597],[-81.35789700043478,28.59218000025823],[-81.35782499956646,28.592167999998892],[-81.35777900043402,28.592151999913884],[-81.35769499987012,28.592103000279188],[-81.3575459999072,28.59223100016214],[-81.35696299957601,28.592727999863186],[-81.35679799971956,28.592848000178396],[-81.35666499965018,28.592947999810637],[-81.35658000015968,28.592994000193144],[-81.35648800009817,28.593029999895524],[-81.3562789998608,28.59308399982027],[-81.3560470000572,28.593121999779925],[-81.35619799966994,28.593124000068027],[-81.35629200027958,28.59312600035609],[-81.35653599977874,28.59311900013648],[-81.3566520001297,28.593120999635854],[-81.35680399956733,28.593124000068027],[-81.3568410002756,28.59312500021206],[-81.35720799979839,28.59312000028056],[-81.35841999959321,28.593104000340446],[-81.35882499964916,28.59309999976344]]]},"properties":{"block_id":"120950159012055","school_id":"sch_killarney_elementary","kids_est":0,"class":"red","shortest":{"len_m":2776.7,"mean_c":36.67,"peak_c":37.6,"dose":141.9},"coolest":{"len_m":2777.2,"mean_c":36.67,"peak_c":37.6,"dose":141.7},"delta_mean_c":0.0,"delta_dose_pct":0,"distance_mi":1.526,"status_now":"walk","status_rec":"bus_eligible","reason":"Coolest route mean 36.7C exceeds threshold (110 C-min dose, actual 142).","safe_until_hour":"13:00"}},{"type":"Feature","geometry":{"type":"Polygon","coordinates":[[[-81.3568210001841,28.594064000325133],[-81.35681699998614,28.593874999862773],[-81.3568069999404,28.593312000160918],[-81.35680399956733,28.593124000068027],[-81.3566520001297,28.593120999635854],[-81.35653599977874,28.59311900013648],[-81.35629200027958,28.59312600035609],[-81.35619799966994,28.593124000068027],[-81.3560470000572,28.593121999779925],[-81.35583399962188,28.59313799971737],[-81.3552650004327,28.593148000367133],[-81.35519799958723,28.59319200037541],[-81.35517500002102,28.59320600001563],[-81.35517500002102,28.593230000296007],[-81.35516800034833,28.59325100014246],[-81.35515499992952,28.593270999842076],[-81.35513200036331,28.593292999822776],[-81.35429299993909,28.593850999729717],[-81.35395499983028,28.594070999692992],[-81.35403199982319,28.594094999775884],[-81.3540970001205,28.594099999661008],[-81.35411700021199,28.594101999930498],[-81.35453599961333,28.594095999910678],[-81.35468299992642,28.594093999641075],[-81.3551099997237,28.594086000139857],[-81.35603799983636,28.594070999692992],[-81.35639299966361,28.59406699994162],[-81.3568210001841,28.594064000325133]]]},"properties":{"block_id":"120950159012043","school_id":"sch_killarney_elementary","kids_est":0,"class":"red","shortest":{"len_m":3027.0,"mean_c":36.65,"peak_c":37.6,"dose":153.7},"coolest":{"len_m":3027.0,"mean_c":36.65,"peak_c":37.6,"dose":153.7},"delta_mean_c":0.0,"delta_dose_pct":0,"distance_mi":1.652,"status_now":"walk","status_rec":"bus_eligible","reason":"Coolest route mean 36.6C exceeds threshold (110 C-min dose, actual 154).","safe_until_hour":"13:00"}},{"type":"Feature","geometry":{"type":"Polygon","coordinates":[[[-81.35880799993072,28.592165999692597],[-81.35879799988497,28.59140699981468],[-81.35877899961841,28.591338999930183],[-81.3587640004481,28.59130700029409],[-81.35871599986922,28.59122699997816],[-81.35817799974386,28.591693000332068],[-81.35800700003965,28.591834000380793],[-81.35769499987012,28.592103000279188],[-81.35777900043402,28.592151999913884],[-81.35782499956646,28.592167999998892],[-81.35789700043478,28.59218000025823],[-81.35880799993072,28.592165999692597]]]},"properties":{"block_id":"120950159012063","school_id":"sch_killarney_elementary","kids_est":0,"class":"red","shortest":{"len_m":2859.1,"mean_c":36.7,"peak_c":37.6,"dose":146.9},"coolest":{"len_m":2861.9,"mean_c":36.67,"peak_c":37.6,"dose":146.0},"delta_mean_c":-0.03,"delta_dose_pct":-1,"distance_mi":1.502,"status_now":"walk","status_rec":"bus_eligible","reason":"Coolest route mean 36.7C exceeds threshold (110 C-min dose, actual 146).","safe_until_hour":"13:00"}},{"type":"Feature","geometry":{"type":"Polygon","coordinates":[[[-81.35679799971956,28.592848000178396],[-81.35677299960521,28.592279999737155],[-81.35676400028268,28.592218999908603],[-81.35676299955946,28.5922039999841],[-81.35676099990965,28.59218799990456],[-81.35673999999324,28.592201000314446],[-81.35671099968094,28.5922039999841],[-81.35664499955868,28.592246000082735],[-81.35631499984581,28.592451000360942],[-81.35603600018655,28.592625000364173],[-81.35570999977331,28.592827999609533],[-81.35521400037908,28.593135000074355],[-81.35517599984591,28.593149999865975],[-81.3551940002876,28.593155999939786],[-81.3552650004327,28.593148000367133],[-81.35583399962188,28.59313799971737],[-81.3560470000572,28.593121999779925],[-81.3562789998608,28.59308399982027],[-81.35648800009817,28.593029999895524],[-81.35658000015968,28.592994000193144],[-81.35666499965018,28.592947999810637],[-81.35679799971956,28.592848000178396]]]},"properties":{"block_id":"120950159012075","school_id":"sch_killarney_elementary","kids_est":0,"class":"red","shortest":{"len_m":2953.5,"mean_c":36.66,"peak_c":37.6,"dose":150.2},"coolest":{"len_m":2953.5,"mean_c":36.66,"peak_c":37.6,"dose":150.2},"delta_mean_c":0.0,"delta_dose_pct":0,"distance_mi":1.625,"status_now":"walk","status_rec":"bus_eligible","reason":"Coolest route mean 36.7C exceeds threshold (110 C-min dose, actual 150).","safe_until_hour":"13:00"}},{"type":"Feature","geometry":{"type":"Polygon","coordinates":[[[-81.36071500020971,28.589516999963386],[-81.36061800012534,28.589470000246944],[-81.36053899958429,28.589448999645203],[-81.36046699961427,28.589440999790444],[-81.36045599974364,28.589439999611365],[-81.35968199961674,28.589448000254922],[-81.35946999990463,28.589451000003123],[-81.35942100039914,28.589451000003123],[-81.3591800003747,28.5897259999585],[-81.35846399997413,28.590547999735627],[-81.35821799992684,28.59082699985146],[-81.35779500032754,28.591317999701776],[-81.35753800040959,28.59158499981443],[-81.35729099963906,28.591799999793388],[-81.35702700004842,28.59200399999781],[-81.35683999955235,28.592135999826368],[-81.35676099990965,28.59218799990456],[-81.35678500019908,28.592189000057513],[-81.35689800017701,28.592192999880396],[-81.35738100005075,28.592189000057513],[-81.3574479999979,28.592200000161622],[-81.3575459999072,28.59223100016214],[-81.35769499987012,28.592103000279188],[-81.35800700003965,28.591834000380793],[-81.35817799974386,28.591693000332068],[-81.35871599986922,28.59122699997816],[-81.35931000007105,28.590725000234237],[-81.3595889997303,28.590481999633866],[-81.35984599964824,28.590259999704564],[-81.36043300017741,28.58975699989976],[-81.36071500020971,28.589516999963386]]]},"properties":{"block_id":"120950159012064","school_id":"sch_killarney_elementary","kids_est":0,"class":"red","shortest":{"len_m":2883.2,"mean_c":36.7,"peak_c":37.6,"dose":147.9},"coolest":{"len_m":2886.0,"mean_c":36.67,"peak_c":37.6,"dose":147.0},"delta_mean_c":-0.03,"delta_dose_pct":-1,"distance_mi":1.491,"status_now":"walk","status_rec":"bus_eligible","reason":"Coolest route mean 36.7C exceeds threshold (110 C-min dose, actual 147).","safe_until_hour":"13:00"}},{"type":"Feature","geometry":{"type":"Polygon","coordinates":[[[-81.35676099990965,28.59218799990456],[-81.35675900025983,28.59217799995224],[-81.35675599988677,28.592061000123426],[-81.35675699971169,28.591716000011687],[-81.35674500001612,28.590830999726123],[-81.3567440001912,28.590753000169947],[-81.35674199964308,28.590519000365262],[-81.35674199964308,28.59044199995834],[-81.35650800018965,28.590444000297435],[-81.35580600003279,28.590452000075857],[-81.35557300040428,28.59045499979541],[-81.35558900029781,28.59124499973903],[-81.35559799962031,28.592217999755956],[-81.35632700043969,28.59220199967849],[-81.35655199967226,28.592190000210437],[-81.35676099990965,28.59218799990456]]]},"properties":{"block_id":"120950161003003","school_id":"sch_killarney_elementary","kids_est":1,"class":"red","shortest":{"len_m":3284.4,"mean_c":36.69,"peak_c":37.6,"dose":168.1},"coolest":{"len_m":3284.9,"mean_c":36.66,"peak_c":37.6,"dose":167.0},"delta_mean_c":-0.03,"delta_dose_pct":-1,"distance_mi":1.642,"status_now":"walk","status_rec":"bus_eligible","reason":"Coolest route mean 36.7C exceeds threshold (110 C-min dose, actual 167).","safe_until_hour":"13:00"}},{"type":"Feature","geometry":{"type":"Polygon","coordinates":[[[-81.35673999999324,28.592201000314446],[-81.35676099990965,28.59218799990456],[-81.35655199967226,28.592190000210437],[-81.35632700043969,28.59220199967849],[-81.35559799962031,28.592217999755956],[-81.35523100009752,28.592222000366462],[-81.35461900035233,28.592236000135912],[-81.35422699981686,28.592244999930344],[-81.35365000023177,28.592252000208163],[-81.35310799990845,28.592256000028655],[-81.35267000024055,28.592259999848995],[-81.3526740004385,28.592736999615546],[-81.35267699991323,28.593185000160187],[-81.35359800035322,28.593169000229956],[-81.35437499995484,28.593164000300558],[-81.35454700038231,28.593158000227188],[-81.35513999986091,28.593149999865975],[-81.35517599984591,28.593149999865975],[-81.35521400037908,28.593135000074355],[-81.35570999977331,28.592827999609533],[-81.35603600018655,28.592625000364173],[-81.35631499984581,28.592451000360942],[-81.35664499955868,28.592246000082735],[-81.35671099968094,28.5922039999841],[-81.35673999999324,28.592201000314446]]]},"properties":{"block_id":"120950160011050","school_id":"sch_killarney_elementary","kids_est":0,"class":"red","shortest":{"len_m":3148.7,"mean_c":36.64,"peak_c":37.6,"dose":159.5},"coolest":{"len_m":3148.7,"mean_c":36.64,"peak_c":37.6,"dose":159.5},"delta_mean_c":0.0,"delta_dose_pct":0,"distance_mi":1.739,"status_now":"walk","status_rec":"bus_eligible","reason":"Coolest route mean 36.6C exceeds threshold (110 C-min dose, actual 160).","safe_until_hour":"13:00"}},{"type":"Feature","geometry":{"type":"Polygon","coordinates":[[[-81.35868300025726,28.58946000003602],[-81.35867499986134,28.589090000240507],[-81.35865399994493,28.5879819997375],[-81.35864899992207,28.587675000000516],[-81.3586449997241,28.587643000037996],[-81.35863100037872,28.587616999666874],[-81.35862299998279,28.587608999672735],[-81.35859399967048,28.587595000075922],[-81.35846700034719,28.587596000272573],[-81.35799899964373,28.587600000270196],[-81.35795699981094,28.587600000270196],[-81.35789300023683,28.58760099967798],[-81.35778699993162,28.587603000071134],[-81.35780000035041,28.587929999945317],[-81.35780000035041,28.587977000350197],[-81.3578060001982,28.588236999726604],[-81.35779699997735,28.588592999904925],[-81.35781200004598,28.588864999973328],[-81.35781700006885,28.589100999880152],[-81.35781799989375,28.58912999964165],[-81.35783299996237,28.58947599974201],[-81.35800299984169,28.589471999815732],[-81.3585119996547,28.58946299978388],[-81.35868300025726,28.58946000003602]]]},"properties":{"block_id":"120950161003016","school_id":"sch_killarney_elementary","kids_est":0,"class":"red","shortest":{"len_m":3175.5,"mean_c":36.72,"peak_c":37.6,"dose":163.6},"coolest":{"len_m":3178.7,"mean_c":36.7,"peak_c":37.6,"dose":162.7},"delta_mean_c":-0.02,"delta_dose_pct":-1,"distance_mi":1.565,"status_now":"walk","status_rec":"bus_eligible","reason":"Coolest route mean 36.7C exceeds threshold (110 C-min dose, actual 163).","safe_until_hour":"13:00"}},{"type":"Feature","geometry":{"type":"Polygon","coordinates":[[[-81.35664999958156,28.587904999838887],[-81.35663299986312,28.587851999814415],[-81.35658199980949,28.58769300036952],[-81.35656599991599,28.587640999645597],[-81.35648800009817,28.58738500037881],[-81.35647899987733,28.587353000328022],[-81.35640100005952,28.587155000191736],[-81.35635599985369,28.587058000387263],[-81.35619699984504,28.58663800000611],[-81.35610300013371,28.58638899975423],[-81.35602000029301,28.58640600013552],[-81.35588300002567,28.586411999805364],[-81.35556800038142,28.586429000182935],[-81.35522100005177,28.58644100030853],[-81.35500099994375,28.58644999981027],[-81.35501099998949,28.58648399976149],[-81.35511999976943,28.586743999674557],[-81.35516999999814,28.58686099989902],[-81.35519599993742,28.586940000179144],[-81.3554610002513,28.58763600024207],[-81.35551999980251,28.587790999782953],[-81.35552599965028,28.58782299970044],[-81.35552599965028,28.58794300009301],[-81.3557509997812,28.58794000030178],[-81.35613200044602,28.587936999721652],[-81.3564260001739,28.587927000153723],[-81.35652699955791,28.587924000362037],[-81.35661899961943,28.587915000197718],[-81.35664999958156,28.587904999838887]]]},"properties":{"block_id":"120950161003021","school_id":"sch_killarney_elementary","kids_est":3,"class":"red","shortest":{"len_m":3521.9,"mean_c":36.72,"peak_c":37.6,"dose":181.9},"coolest":{"len_m":3525.1,"mean_c":36.71,"peak_c":37.6,"dose":181.0},"delta_mean_c":-0.01,"delta_dose_pct":0,"distance_mi":1.732,"status_now":"walk","status_rec":"bus_eligible","reason":"Coolest route mean 36.7C exceeds threshold (110 C-min dose, actual 181).","safe_until_hour":"13:00"}},{"type":"Feature","geometry":{"type":"Polygon","coordinates":[[[-81.35552599965028,28.58794300009301],[-81.35552599965028,28.58782299970044],[-81.35551999980251,28.587790999782953],[-81.3554610002513,28.58763600024207],[-81.35519599993742,28.586940000179144],[-81.35516999999814,28.58686099989902],[-81.35511999976943,28.586743999674557],[-81.35501099998949,28.58648399976149],[-81.35500099994375,28.58644999981027],[-81.3547800000108,28.586448000183992],[-81.354554000055,28.586446999976438],[-81.35411999968673,28.586456999685137],[-81.35406299978533,28.586459000100042],[-81.35398499996752,28.586470000014938],[-81.35390399977666,28.586491999841225],[-81.35402400032557,28.58678299976384],[-81.35414899999905,28.587084000107794],[-81.35436400008419,28.58766400021166],[-81.35441799961256,28.587809000132122],[-81.35448299990989,28.587956000239025],[-81.35469100032236,28.58795299965936],[-81.35531700031125,28.58794499969083],[-81.35552599965028,28.58794300009301]]]},"properties":{"block_id":"120950161003020","school_id":"sch_killarney_elementary","kids_est":1,"class":"red","shortest":{"len_m":3601.6,"mean_c":36.73,"peak_c":37.6,"dose":186.2},"coolest":{"len_m":3604.8,"mean_c":36.71,"peak_c":37.6,"dose":185.3},"delta_mean_c":-0.02,"delta_dose_pct":0,"distance_mi":1.795,"status_now":"walk","status_rec":"bus_eligible","reason":"Coolest route mean 36.7C exceeds threshold (110 C-min dose, actual 185).","safe_until_hour":"12:00"}},{"type":"Feature","geometry":{"type":"Polygon","coordinates":[[[-81.3623339997103,28.58535999986354],[-81.36253200007701,28.585214999721078],[-81.36232299983965,28.58503599975907],[-81.36224500002184,28.584996000378116],[-81.36217600042487,28.584974999671516],[-81.36209600005893,28.584964000389046],[-81.36116100027355,28.584957999847756],[-81.36100200026489,28.58495699962603],[-81.36079899987529,28.58495900006948],[-81.36080200024836,28.58514799999574],[-81.36081099957087,28.585716000317227],[-81.36081499976883,28.58590599988439],[-81.36095299986108,28.58590400024778],[-81.36133299980268,28.585900999609557],[-81.3613699996126,28.585897000336097],[-81.36143699955976,28.58588999963519],[-81.36150699987996,28.585875000385318],[-81.36158899989573,28.585852000216722],[-81.36168400033027,28.58581299978213],[-81.36173399966069,28.585785000108395],[-81.36177399984365,28.585764999773467],[-81.3619820002561,28.585620000189497],[-81.3623339997103,28.58535999986354]]]},"properties":{"block_id":"120950161003022","school_id":"sch_killarney_elementary","kids_est":1,"class":"red","shortest":{"len_m":3428.1,"mean_c":36.71,"peak_c":37.6,"dose":176.8},"coolest":{"len_m":3431.3,"mean_c":36.69,"peak_c":37.6,"dose":175.9},"delta_mean_c":-0.02,"delta_dose_pct":-1,"distance_mi":1.464,"status_now":"walk","status_rec":"bus_eligible","reason":"Coolest route mean 36.7C exceeds threshold (110 C-min dose, actual 176).","safe_until_hour":"13:00"}},{"type":"Feature","geometry":{"type":"Polygon","coordinates":[[[-81.35783399978727,28.585875999809502],[-81.35783399978727,28.58574400000933],[-81.35780200000025,28.585557000008745],[-81.3577650001903,28.585457999873828],[-81.3576589998851,28.5852649996296],[-81.35752800036384,28.585056000232647],[-81.3573910000965,28.584875000343796],[-81.35731599975341,28.584791999985477],[-81.35725300000423,28.584698999686736],[-81.35721600019431,28.58457200032494],[-81.35721600019431,28.584418000209844],[-81.35724100030866,28.584252999723546],[-81.35722799988987,28.584083000194727],[-81.35718400040726,28.583889999793342],[-81.3570529999877,28.583642000367863],[-81.3569910000634,28.58349899990529],[-81.3569540002535,28.58336199988101],[-81.35691599972034,28.583119999856912],[-81.35690999987256,28.582806000006112],[-81.356890999606,28.582657000100607],[-81.35690300019986,28.582399000040265],[-81.35692199956813,28.582336999754087],[-81.35695900027638,28.582222999972256],[-81.35696599994905,28.582135000222177],[-81.35695300042858,28.582024999642297],[-81.356890999606,28.5818600001343],[-81.35682200000902,28.581776999762866],[-81.35669099958943,28.58170000005348],[-81.35656300044123,28.58165700022198],[-81.35659799970304,28.58155199962395],[-81.35657500013681,28.581437000313628],[-81.35646299998382,28.581255999717676],[-81.35639500021175,28.5810930003091],[-81.3561800001266,28.580983000216936],[-81.35609200026305,28.581034000030158],[-81.35583699999492,28.581050999699396],[-81.35578299956825,28.581051999958287],[-81.35552499982539,28.58105699967483],[-81.35523799977021,28.581095000037195],[-81.35508299995952,28.581156000008836],[-81.35485799982862,28.581221999653803],[-81.3547520004217,28.58123300011653],[-81.35449700015359,28.581151000296988],[-81.35436599973401,28.581139999825698],[-81.35432399990123,28.581127999883957],[-81.35424699990834,28.581106999982687],[-81.35415400002191,28.581123000170788],[-81.35407899967883,28.58107899984476],[-81.35398499996752,28.58107899984476],[-81.35384199985238,28.5810930003091],[-81.35375499981375,28.581101000010108],[-81.35368399966863,28.581102000268512],[-81.35351799998729,28.581106999982687],[-81.3533869995677,28.581090000322444],[-81.35321300038876,28.581098000023683],[-81.35316300016005,28.581101000010108],[-81.35306400042585,28.581060999921224],[-81.35302500006779,28.58104599998256],[-81.35289399964822,28.580935999841305],[-81.35280099976178,28.580792999643403],[-81.35268199993611,28.580480000208674],[-81.35264400030127,28.580426000121275],[-81.35262000001184,28.580370000264306],[-81.35260699959304,28.580281999752604],[-81.35264500012619,28.580216000306624],[-81.35270100020269,28.580183000173633],[-81.35273200016482,28.580133000215408],[-81.35271299989824,28.58007799968171],[-81.35232000043618,28.579671000202488],[-81.35177200026509,28.578839999650846],[-81.35164099984551,28.578724999741777],[-81.35155299998198,28.578539000164604],[-81.35132899967599,28.578064999958638],[-81.35133500042208,28.57787200034627],[-81.3513229998282,28.577807999967494],[-81.35127299959949,28.577826999948435],[-81.3511250003598,28.57788699994871],[-81.351075999956,28.57790799970408],[-81.35112299981166,28.57805200016755],[-81.35117300004038,28.578171999877245],[-81.35119099958374,28.57821500034474],[-81.35127000012476,28.578361999663574],[-81.35146199974537,28.57864999993916],[-81.35161699955609,28.578891999993726],[-81.35176999971696,28.57912999996075],[-81.3519289997256,28.57938800015197],[-81.35198300015227,28.579492000270147],[-81.35203199965777,28.579584000167664],[-81.35214100033603,28.579845000056334],[-81.3522230003518,28.580080999697216],[-81.35230199999451,28.580367999733554],[-81.35233100030682,28.580513000248487],[-81.35235600042117,28.580692000020893],[-81.35238400001026,28.580892000225916],[-81.35238800020822,28.581111999696624],[-81.35239400005602,28.581430000104586],[-81.35239800025397,28.581607999640408],[-81.35243099986594,28.582385999996003],[-81.35243900026187,28.582565999980304],[-81.35245099995743,28.582612000172347],[-81.35247400042196,28.582654999613364],[-81.35250200001106,28.582687000305008],[-81.35254899986671,28.582722000138244],[-81.35261400016404,28.58274999983872],[-81.35265500017194,28.582767000019494],[-81.3526960001798,28.582784999651],[-81.35273600036278,28.582804000310546],[-81.35277700037066,28.58282300017776],[-81.35283500009699,28.582855000029497],[-81.35293300000627,28.58290800020619],[-81.35339900016159,28.58316500035664],[-81.3534769999794,28.583204000195717],[-81.35355999982009,28.583225999916465],[-81.35365500025462,28.5832449997075],[-81.35374999979088,28.583285999992118],[-81.3538429996773,28.583340000188713],[-81.35392100039341,28.583398999962796],[-81.35412600043283,28.583587000091587],[-81.35419500002979,28.583658000170338],[-81.35420599990046,28.58366900037825],[-81.35438699965042,28.5838880001184],[-81.35445100012284,28.5839649998034],[-81.35460900030658,28.584167999993493],[-81.35466500038308,28.584239999908526],[-81.3549979995707,28.584699999910917],[-81.35506799989089,28.584790999762173],[-81.35522500024973,28.584996999810645],[-81.3553359996795,28.585132999851208],[-81.3555330002213,28.585374999975684],[-81.35566899976543,28.585554000149454],[-81.35576199965186,28.585694999754477],[-81.35611900002722,28.585789000174923],[-81.35628100040894,28.58587100032206],[-81.35662399964228,28.586068999721082],[-81.35696699977397,28.586339000380182],[-81.3571169995618,28.586410000178372],[-81.3571450000492,28.586411999805364],[-81.35724200013358,28.58642100009839],[-81.35738500024871,28.58638800033493],[-81.35754699973211,28.586282999727846],[-81.35769700041824,28.58617300033164],[-81.35775900034253,28.586106999849882],[-81.35779600015245,28.5860410001155],[-81.35780899967293,28.5859810000342],[-81.35783399978727,28.585875999809502]],[[-81.35405399956448,28.58257600005806],[-81.35407100018125,28.582788000378137],[-81.353716000354,28.58269399964152],[-81.35365799972938,28.58267899993579],[-81.35350899976646,28.58263599971574],[-81.35330499955195,28.58257600005806],[-81.35308699999206,28.582455999851245],[-81.35305199983196,28.582428000072476],[-81.35302800044083,28.58239199989528],[-81.35301699967185,28.582352000297398],[-81.35300900017425,28.582056999736785],[-81.35300300032647,28.581810999647303],[-81.3530180003951,28.581764999893817],[-81.3530469998091,28.58172500005752],[-81.35306400042585,28.581710999677338],[-81.35308899964188,28.581695000367493],[-81.3531399996955,28.581678000013433],[-81.35319400012219,28.581676000296415],[-81.35386299976878,28.581760999674202],[-81.35390799997462,28.581770999828514],[-81.35394300013472,28.58178800016754],[-81.35397099972381,28.581813000150603],[-81.3539909998153,28.581842999806966],[-81.35400000003614,28.581877999921108],[-81.3540040002341,28.581940999939462],[-81.35405399956448,28.58257600005806]]]},"properties":{"block_id":"120950161003029","school_id":"sch_killarney_elementary","kids_est":18,"class":"red","shortest":{"len_m":3998.4,"mean_c":36.73,"peak_c":37.6,"dose":207.0},"coolest":{"len_m":4001.6,"mean_c":36.72,"peak_c":37.6,"dose":206.1},"delta_mean_c":-0.01,"delta_dose_pct":0,"distance_mi":1.875,"status_now":"walk","status_rec":"bus_eligible","reason":"Coolest route mean 36.7C exceeds threshold (110 C-min dose, actual 206).","safe_until_hour":"11:00"}},{"type":"Feature","geometry":{"type":"Polygon","coordinates":[[[-81.37175600022904,28.593684000360767],[-81.37175500040412,28.59361500023229],[-81.37175500040412,28.593257000210507],[-81.37175500040412,28.593164000300558],[-81.37107599981347,28.59316099986953],[-81.37101800008716,28.593159000370903],[-81.37082599956821,28.593155999939786],[-81.37047400011403,28.593144999935646],[-81.37038600025049,28.59314200029285],[-81.37032400032619,28.593140000005103],[-81.3702890001661,28.59313899986126],[-81.37023999976229,28.59313799971737],[-81.36999899973787,28.593126999711334],[-81.36990300037672,28.59312299992398],[-81.36984200027736,28.593120999635854],[-81.36965999980416,28.593117999992383],[-81.36960000042802,28.593116999848338],[-81.36959600023005,28.59344199964253],[-81.36958500035942,28.594417000094907],[-81.36958399963618,28.594587999608525],[-81.36958899965904,28.594741999813454],[-81.36961600032156,28.594853999964158],[-81.36969699961408,28.595189999700242],[-81.3697250001015,28.59530200016235],[-81.36973000012438,28.595330999790683],[-81.36988199956201,28.595334000159752],[-81.36992699976786,28.595329999667616],[-81.36997799982147,28.595317999767882],[-81.37000499958565,28.59531099969431],[-81.37004599959354,28.595299999915696],[-81.37009900019531,28.595298999792348],[-81.37014000020318,28.595308000113327],[-81.37020200012748,28.595330999790683],[-81.37024200031044,28.595355999708673],[-81.37028400014324,28.59538199974329],[-81.37030900025759,28.59539399963572],[-81.37045300019764,28.59544500034646],[-81.37048699963451,28.595456000109905],[-81.3705350002134,28.595462000052045],[-81.37061899987899,28.595464999628636],[-81.37069199967392,28.595466999872144],[-81.37077399968969,28.595475000057068],[-81.37082399991839,28.59547799963323],[-81.37087199959898,28.59548400036291],[-81.37093699989629,28.59550800012318],[-81.37099700017077,28.595524999818572],[-81.37107499998855,28.595529999635673],[-81.37112199984422,28.59553799981575],[-81.37113500026301,28.595538999936817],[-81.37116299985212,28.59554700011626],[-81.37118799996647,28.59555300005319],[-81.3712320003474,28.595564999926157],[-81.37125400008871,28.59556999974131],[-81.37128500005085,28.595575000345026],[-81.37128300040102,28.595485999817324],[-81.37127800037815,28.59516800011658],[-81.37126699960919,28.594479999699026],[-81.37125400008871,28.59368300022204],[-81.37164900009893,28.593684000360767],[-81.37175600022904,28.593684000360767]]]},"properties":{"block_id":"120950190001028","school_id":"sch_killarney_elementary","kids_est":1,"class":"green","shortest":{"len_m":1677.1,"mean_c":36.95,"peak_c":37.6,"dose":92.4},"coolest":{"len_m":1677.1,"mean_c":36.95,"peak_c":37.6,"dose":92.3},"delta_mean_c":0.0,"delta_dose_pct":0,"distance_mi":0.751,"status_now":"walk","status_rec":"walk","reason":"Shortest route already under threshold (dose 92).","safe_until_hour":null}},{"type":"Feature","geometry":{"type":"Polygon","coordinates":[[[-81.36642199990466,28.602036000381208],[-81.36643199995041,28.601840999692023],[-81.3661719996594,28.60184399987525],[-81.3659390000309,28.601848000119364],[-81.36549299996707,28.601849000180387],[-81.36539199968473,28.601844999936244],[-81.36513300011697,28.601836000175144],[-81.36513800013984,28.602253000391187],[-81.36514099961458,28.60243400032922],[-81.36513999978966,28.60284200007452],[-81.36602199987159,28.6028460002807],[-81.36630800010187,28.602845000229156],[-81.36635900015547,28.602835999765002],[-81.36640400036133,28.602817999623028],[-81.36641100003402,28.6026220003314],[-81.36641500023198,28.60251299994742],[-81.36642100007977,28.6020570000456],[-81.36642199990466,28.602036000381208]]]},"properties":{"block_id":"120950190003047","school_id":"sch_killarney_elementary","kids_est":0,"class":"red","shortest":{"len_m":2970.5,"mean_c":36.52,"peak_c":37.6,"dose":145.8},"coolest":{"len_m":2970.5,"mean_c":36.52,"peak_c":37.6,"dose":145.8},"delta_mean_c":0.0,"delta_dose_pct":0,"distance_mi":1.142,"status_now":"walk","status_rec":"bus_eligible","reason":"Coolest route mean 36.5C exceeds threshold (110 C-min dose, actual 146).","safe_until_hour":"13:00"}},{"type":"Feature","geometry":{"type":"Polygon","coordinates":[[[-81.36709800012227,28.582974999781037],[-81.36710899999294,28.582950000074185],[-81.36704500041883,28.582850999851356],[-81.36703100017513,28.582820999693737],[-81.367000000213,28.58275100008145],[-81.3669030001286,28.582769999958234],[-81.36657699971536,28.582768999715757],[-81.36647200013337,28.582768999715757],[-81.36530200017137,28.58274999983872],[-81.36516499990401,28.582748000142097],[-81.36487799984884,28.58275299977802],[-81.36487899967376,28.582818999998466],[-81.36488500041985,28.58301699962234],[-81.36488700006967,28.58308299967704],[-81.3648889997195,28.583205999883678],[-81.36489499956727,28.58357800034489],[-81.36489799994033,28.583702000206173],[-81.3651980004143,28.583706999796743],[-81.36578199967208,28.583717999999525],[-81.36586100021312,28.583708000030363],[-81.36593499983294,28.583682999708877],[-81.36607299992522,28.583604000137047],[-81.36633400004112,28.583456000020526],[-81.36661900044648,28.58329499976388],[-81.36699299964198,28.583076000366415],[-81.36705899976423,28.583023999725686],[-81.36709800012227,28.582974999781037]]]},"properties":{"block_id":"120950190002023","school_id":"sch_killarney_elementary","kids_est":1,"class":"red","shortest":{"len_m":2937.4,"mean_c":37.06,"peak_c":37.6,"dose":165.6},"coolest":{"len_m":2982.0,"mean_c":36.9,"peak_c":37.6,"dose":161.8},"delta_mean_c":-0.16,"delta_dose_pct":-2,"distance_mi":1.329,"status_now":"walk","status_rec":"bus_eligible","reason":"Coolest route mean 36.9C exceeds threshold (110 C-min dose, actual 162).","safe_until_hour":"13:00"}},{"type":"Feature","geometry":{"type":"Polygon","coordinates":[[[-81.36380499997121,28.59196400011266],[-81.36379599975038,28.59081799993559],[-81.3635720003427,28.590816999769615],[-81.36350500039555,28.5908160003924],[-81.36334899986161,28.5908160003924],[-81.36285900031517,28.5908160003924],[-81.3613899997041,28.5908160003924],[-81.36090099998256,28.590816999769615],[-81.3609040003556,28.59097999988047],[-81.36091400040135,28.5914690002742],[-81.360917999701,28.5916320001629],[-81.36106400018916,28.591631000004657],[-81.36150100003218,28.591629999846415],[-81.36164800034527,28.591629999846415],[-81.3618829996236,28.591629999846415],[-81.36258999980335,28.5916320001629],[-81.36277800012431,28.59163300032113],[-81.36279900004071,28.59163600000698],[-81.36282499997999,28.591644999852758],[-81.36283599985062,28.591648999696353],[-81.36286799963767,28.59167100001652],[-81.36287799968343,28.591686000017088],[-81.36288899955407,28.591702000173026],[-81.36290000032305,28.591736000003344],[-81.36290199997288,28.591889999654015],[-81.36290299979777,28.591960000281052],[-81.36333200014319,28.591960999647387],[-81.3633539998845,28.5919619998025],[-81.36380499997121,28.59196400011266]]]},"properties":{"block_id":"120950159012052","school_id":"sch_killarney_elementary","kids_est":2,"class":"red","shortest":{"len_m":2419.9,"mean_c":36.76,"peak_c":37.6,"dose":126.3},"coolest":{"len_m":2421.9,"mean_c":36.73,"peak_c":37.6,"dose":125.5},"delta_mean_c":-0.03,"delta_dose_pct":-1,"distance_mi":1.267,"status_now":"walk","status_rec":"bus_eligible","reason":"Coolest route mean 36.7C exceeds threshold (110 C-min dose, actual 126).","safe_until_hour":"14:00"}},{"type":"Feature","geometry":{"type":"Polygon","coordinates":[[[-81.36722399962065,28.600792999852352],[-81.3672250003439,28.600367000265198],[-81.36720899955205,28.60033500022277],[-81.36717599994009,28.600316000365474],[-81.3671500000008,28.600308999836063],[-81.36657500006554,28.6003069996847],[-81.36657300041573,28.600419000214732],[-81.36656800039286,28.600755000299962],[-81.36656699966962,28.60086799963422],[-81.36669399989124,28.600866000282206],[-81.3670780000308,28.600863000071058],[-81.36715900022165,28.600863000071058],[-81.36719299965851,28.600849999943836],[-81.36720199987934,28.600843000238644],[-81.36722100014592,28.600813999765087],[-81.36722399962065,28.600792999852352]]]},"properties":{"block_id":"120950190003027","school_id":"sch_killarney_elementary","kids_est":0,"class":"red","shortest":{"len_m":2935.4,"mean_c":36.53,"peak_c":37.6,"dose":144.2},"coolest":{"len_m":2935.4,"mean_c":36.53,"peak_c":37.6,"dose":144.2},"delta_mean_c":0.0,"delta_dose_pct":0,"distance_mi":1.033,"status_now":"walk","status_rec":"bus_eligible","reason":"Coolest route mean 36.5C exceeds threshold (110 C-min dose, actual 144).","safe_until_hour":"13:00"}},{"type":"Feature","geometry":{"type":"Polygon","coordinates":[[[-81.37732400000682,28.590399999927744],[-81.37730599956517,28.58989400026852],[-81.37729899989246,28.589620000141217],[-81.37729600041773,28.589492999624106],[-81.37725500040985,28.589493999802677],[-81.37718400026475,28.589494999981262],[-81.37680500014805,28.589496000159812],[-81.37652999978843,28.589497999728117],[-81.37567000034612,28.589494999981262],[-81.37535999982641,28.589493999802677],[-81.37529200005437,28.589488999698474],[-81.37520400019082,28.589485999951357],[-81.3748929998462,28.589484000382836],[-81.37369899959472,28.58948099984677],[-81.37330100010979,28.58947999966807],[-81.3733100003306,28.589599000358227],[-81.37331199998044,28.589661999694616],[-81.37331799982822,28.589809000365914],[-81.37332600022415,28.590209999805026],[-81.37333000042211,28.590393000315387],[-81.37413799998588,28.590393000315387],[-81.37501599986985,28.590394999866618],[-81.37653300016149,28.590404999988614],[-81.37656199957549,28.590403999818705],[-81.37722699992243,28.590402000267638],[-81.37732400000682,28.590399999927744]]]},"properties":{"block_id":"120950190001052","school_id":"sch_killarney_elementary","kids_est":0,"class":"green","shortest":{"len_m":1408.4,"mean_c":37.32,"peak_c":37.6,"dose":84.5},"coolest":{"len_m":1408.8,"mean_c":37.3,"peak_c":37.6,"dose":84.2},"delta_mean_c":-0.02,"delta_dose_pct":0,"distance_mi":0.587,"status_now":"walk","status_rec":"walk","reason":"Shortest route already under threshold (dose 84).","safe_until_hour":null}},{"type":"Feature","geometry":{"type":"Polygon","coordinates":[[[-81.34239499995219,28.594618000352447],[-81.34245500022664,28.592972000149867],[-81.34158499984028,28.593209999799825],[-81.3408609999421,28.593198999801388],[-81.34082900015504,28.593237999862428],[-81.34086699978988,28.593325999785158],[-81.3409110001708,28.593374999638538],[-81.3410159997528,28.59344700034744],[-81.34110299979145,28.593495000003912],[-81.34115399984506,28.59352400013084],[-81.34130299980798,28.59359499980935],[-81.34150299982451,28.593727000006382],[-81.34161499997751,28.593765999871515],[-81.34170899968885,28.593826000242515],[-81.34184000010842,28.594007999843807],[-81.34194600041363,28.59413400029325],[-81.34202000003347,28.594194999799292],[-81.34213800003424,28.59427299995658],[-81.34222599989779,28.594331999905645],[-81.34228199997428,28.59441499983141],[-81.34235099957127,28.594569000289788],[-81.34239499995219,28.594618000352447]]]},"properties":{"block_id":"120950160022014","school_id":"sch_killarney_elementary","kids_est":0,"class":"red","shortest":{"len_m":4351.3,"mean_c":36.57,"peak_c":37.6,"dose":216.2},"coolest":{"len_m":4359.7,"mean_c":36.55,"peak_c":37.6,"dose":214.8},"delta_mean_c":-0.02,"delta_dose_pct":-1,"distance_mi":2.488,"status_now":"bus","status_rec":"bus_eligible","reason":"Coolest route mean 36.5C exceeds threshold (110 C-min dose, actual 215).","safe_until_hour":"11:00"}},{"type":"Feature","geometry":{"type":"Polygon","coordinates":[[[-81.38982700006622,28.59650099999072],[-81.3898549996553,28.59635799966584],[-81.38956099992744,28.596301000292897],[-81.38944200010175,28.596276999925028],[-81.38908499972636,28.596207999921294],[-81.38896599990069,28.59618599976195],[-81.38867999967042,28.596127000064836],[-81.38850899996619,28.596082999707704],[-81.38842100010264,28.59606000019485],[-81.38831499979743,28.596027000302055],[-81.38820199981953,28.595993000282164],[-81.38796599981798,28.59591399970626],[-81.3876989998543,28.595812000292668],[-81.3871420003607,28.595561000231577],[-81.38654599961072,28.59527299973726],[-81.38646500031817,28.595229999935327],[-81.38638999997511,28.595182000282378],[-81.38622799959339,28.59506000001426],[-81.38602500010211,28.594870999765327],[-81.38596200035293,28.594803999883467],[-81.38592700019284,28.59483200031018],[-81.38582199971253,28.594918000222037],[-81.38578900010056,28.59494800008305],[-81.38575800013842,28.594993000252828],[-81.38573899987185,28.595045999832212],[-81.38573499967389,28.595074000194437],[-81.38572999965103,28.595344999934817],[-81.38572999965103,28.595400999703823],[-81.38572600035135,28.595447999923532],[-81.38572399980322,28.595463000173826],[-81.38571999960527,28.595510999698458],[-81.38571899978037,28.59552800018211],[-81.38571600030562,28.595562999684518],[-81.38571200010767,28.59563300023185],[-81.38571200010767,28.59569200020628],[-81.38571299993258,28.595848999936745],[-81.38571600030562,28.59608100026465],[-81.38571700013054,28.596123999718436],[-81.38571399975748,28.596211000265342],[-81.38570999955952,28.596281999706367],[-81.3857070000848,28.5963610000056],[-81.38611299996566,28.597217999695538],[-81.3861649998442,28.59732900025878],[-81.3862850003931,28.59811099982423],[-81.38652499969432,28.598041000138547],[-81.38660500006026,28.5980180002655],[-81.38708299991114,28.598016000070537],[-81.3872279996761,28.598013999875523],[-81.38909999979498,28.59798899980109],[-81.38923200003946,28.597987999703328],[-81.38972400013405,28.597985000198733],[-81.38972900015693,28.597891999739765],[-81.38974699970028,28.59761300023524],[-81.38975300044638,28.597521000337988],[-81.3897559999211,28.597458000190453],[-81.38976799961668,28.59727199983497],[-81.38977199981463,28.597209999643333],[-81.3897910000812,28.596899999713948],[-81.38982700006622,28.59650099999072]]]},"properties":{"block_id":"120950153001023","school_id":"sch_killarney_elementary","kids_est":8,"class":"green","shortest":{"len_m":706.8,"mean_c":37.6,"peak_c":37.6,"dose":45.5},"coolest":{"len_m":706.8,"mean_c":37.6,"peak_c":37.6,"dose":45.5},"delta_mean_c":0.0,"delta_dose_pct":0,"distance_mi":0.307,"status_now":"walk","status_rec":"walk","reason":"Shortest route already under threshold (dose 46).","safe_until_hour":null}},{"type":"Feature","geometry":{"type":"Polygon","coordinates":[[[-81.37920600017146,28.593576000311128],[-81.37919899960045,28.593504999831005],[-81.37919600012572,28.593398999880343],[-81.37919399957758,28.593245000074067],[-81.37919299975266,28.593219999654032],[-81.37919199992776,28.593147000223315],[-81.37919199992776,28.59312299992398],[-81.37883799992542,28.59313299978647],[-81.37867200024408,28.59313899986126],[-81.37777900029148,28.593155999939786],[-81.37742600011407,28.593164000300558],[-81.37742600011407,28.593181000375036],[-81.37742600011407,28.5932329999363],[-81.37742600011407,28.59325100014246],[-81.37742600011407,28.593404999939946],[-81.37742699993899,28.593577999801827],[-81.37742699993899,28.59359100003981],[-81.37752099965032,28.59359900036753],[-81.37761400043506,28.593597000088458],[-81.37775500000205,28.59359499980935],[-81.37798799963056,28.593592000179402],[-81.37845600033401,28.593586000130525],[-81.37892300031424,28.593580000081253],[-81.37920600017146,28.593576000311128]]]},"properties":{"block_id":"120950190001017","school_id":"sch_killarney_elementary","kids_est":0,"class":"green","shortest":{"len_m":726.7,"mean_c":37.44,"peak_c":37.6,"dose":44.9},"coolest":{"len_m":726.7,"mean_c":37.44,"peak_c":37.6,"dose":44.9},"delta_mean_c":0.0,"delta_dose_pct":0,"distance_mi":0.305,"status_now":"walk","status_rec":"walk","reason":"Shortest route already under threshold (dose 45).","safe_until_hour":null}},{"type":"Feature","geometry":{"type":"Polygon","coordinates":[[[-81.37089599988842,28.60256799978627],[-81.37090699975907,28.60252299970514],[-81.37089599988842,28.60247800039345],[-81.37087699962186,28.60245199974828],[-81.37049000000755,28.602053999868446],[-81.3703450002426,28.601913000122064],[-81.37029400018898,28.601873000064494],[-81.37005200033964,28.60172499964017],[-81.3695009997955,28.601388000225],[-81.36946700035863,28.60144399992887],[-81.36944800009205,28.601504999924465],[-81.369444999719,28.60153699961061],[-81.36944399989409,28.601612999713385],[-81.36944399989409,28.60200999962674],[-81.36944800009205,28.60232699986319],[-81.36945200029001,28.60256499962372],[-81.36952500008493,28.602593000348804],[-81.36957299976552,28.60262300038499],[-81.36959600023005,28.6026449999855],[-81.36962499964406,28.602672999900573],[-81.3696620003523,28.60273399997136],[-81.36968200044377,28.60280000026666],[-81.36973900034519,28.603118999795075],[-81.36975500023871,28.6032039999758],[-81.36975699988855,28.603285999945772],[-81.3698380000794,28.60325700014644],[-81.36991199969924,28.60321299961973],[-81.37019399973154,28.60299199981455],[-81.3702890001661,28.602925999639854],[-81.37087699962186,28.602593999614037],[-81.37089599988842,28.60256799978627]]]},"properties":{"block_id":"120950190003019","school_id":"sch_killarney_elementary","kids_est":1,"class":"red","shortest":{"len_m":3225.2,"mean_c":37.21,"peak_c":37.7,"dose":188.5},"coolest":{"len_m":3284.3,"mean_c":36.48,"peak_c":37.6,"dose":158.8},"delta_mean_c":-0.73,"delta_dose_pct":-16,"distance_mi":0.915,"status_now":"walk","status_rec":"bus_eligible","reason":"Coolest route mean 36.5C exceeds threshold (110 C-min dose, actual 159).","safe_until_hour":"13:00"}},{"type":"Feature","geometry":{"type":"Polygon","coordinates":[[[-81.37897600001769,28.595073000068954],[-81.37903399974401,28.594896999919904],[-81.37892900016202,28.59488499997068],[-81.37871800027483,28.594888000352498],[-81.37795800039163,28.594900000301326],[-81.37777000007064,28.594900000301326],[-81.3775340000691,28.594901999766837],[-81.37745399970316,28.594902999893947],[-81.37745700007622,28.59508000015843],[-81.37746600029705,28.59560999983177],[-81.37746999959668,28.595787999813073],[-81.37772499986481,28.59578400012698],[-81.37849300014393,28.595773999728006],[-81.37865700017547,28.595772999609178],[-81.37874900023697,28.595780999770806],[-81.37880600013838,28.595603999898042],[-81.37897600001769,28.595073000068954]]]},"properties":{"block_id":"120950190001004","school_id":"sch_killarney_elementary","kids_est":2,"class":"green","shortest":{"len_m":932.2,"mean_c":37.4,"peak_c":37.6,"dose":57.1},"coolest":{"len_m":932.2,"mean_c":37.4,"peak_c":37.6,"dose":57.1},"delta_mean_c":0.0,"delta_dose_pct":0,"distance_mi":0.282,"status_now":"walk","status_rec":"walk","reason":"Shortest route already under threshold (dose 57).","safe_until_hour":null}},{"type":"Feature","geometry":{"type":"Polygon","coordinates":[[[-81.37540400020735,28.595783000008314],[-81.37540000000939,28.595607000259328],[-81.37538999996366,28.595079000032996],[-81.3753869995906,28.594902999893947],[-81.37503699978623,28.594899000174177],[-81.37497499986196,28.594898000047078],[-81.3737399996026,28.594896999919904],[-81.37332899969887,28.594896999919904],[-81.37333200007193,28.595071999943443],[-81.37333700009478,28.5953039996202],[-81.3733379999197,28.59560000020499],[-81.37333899974462,28.595777000084432],[-81.37375200019649,28.595778000203225],[-81.37499099975548,28.595780999770806],[-81.37540400020735,28.595783000008314]]]},"properties":{"block_id":"120950190001022","school_id":"sch_killarney_elementary","kids_est":1,"class":"green","shortest":{"len_m":1461.1,"mean_c":37.19,"peak_c":37.6,"dose":85.0},"coolest":{"len_m":1461.1,"mean_c":37.19,"peak_c":37.6,"dose":85.0},"delta_mean_c":0.0,"delta_dose_pct":0,"distance_mi":0.514,"status_now":"walk","status_rec":"walk","reason":"Shortest route already under threshold (dose 85).","safe_until_hour":null}},{"type":"Feature","geometry":{"type":"Polygon","coordinates":[[[-81.37745399970316,28.594902999893947],[-81.37745100022843,28.59472700024895],[-81.3774420000076,28.59419999967966],[-81.37744000035778,28.5940249997818],[-81.37702699990591,28.594023999646332],[-81.37578800034692,28.59402200016412],[-81.37537499989503,28.59402200016412],[-81.37537700044317,28.594198000200805],[-81.37538400011587,28.594726000120225],[-81.3753869995906,28.594902999893947],[-81.37580000004247,28.59490400002106],[-81.3770410001496,28.594907999740652],[-81.37736699966453,28.594909999994762],[-81.37743600015982,28.594907999740652],[-81.37745399970316,28.594902999893947]]]},"properties":{"block_id":"120950190001020","school_id":"sch_killarney_elementary","kids_est":0,"class":"green","shortest":{"len_m":1097.1,"mean_c":37.28,"peak_c":37.6,"dose":65.6},"coolest":{"len_m":1099.5,"mean_c":37.26,"peak_c":37.6,"dose":65.4},"delta_mean_c":-0.02,"delta_dose_pct":0,"distance_mi":0.394,"status_now":"walk","status_rec":"walk","reason":"Shortest route already under threshold (dose 66).","safe_until_hour":null}},{"type":"Feature","geometry":{"type":"Polygon","coordinates":[[[-81.3753869995906,28.594902999893947],[-81.37538400011587,28.594726000120225],[-81.37537700044317,28.594198000200805],[-81.37537499989503,28.59402200016412],[-81.37496200034148,28.59402100002861],[-81.37432999960649,28.594019999893103],[-81.37417899999375,28.594019999893103],[-81.37386299962627,28.59401500000416],[-81.3737250004323,28.5940139998686],[-81.37371100018859,28.5940139998686],[-81.37331299980535,28.59401500000416],[-81.37331600017839,28.59419100005258],[-81.37332500039923,28.594720000136014],[-81.37332899969887,28.594896999919904],[-81.3737399996026,28.594896999919904],[-81.37497499986196,28.594898000047078],[-81.37503699978623,28.594899000174177],[-81.3753869995906,28.594902999893947]]]},"properties":{"block_id":"120950190001023","school_id":"sch_killarney_elementary","kids_est":4,"class":"green","shortest":{"len_m":1387.2,"mean_c":37.19,"peak_c":37.6,"dose":80.8},"coolest":{"len_m":1396.9,"mean_c":37.1,"peak_c":37.6,"dose":79.9},"delta_mean_c":-0.09,"delta_dose_pct":-1,"distance_mi":0.518,"status_now":"walk","status_rec":"walk","reason":"Shortest route already under threshold (dose 81).","safe_until_hour":null}},{"type":"Feature","geometry":{"type":"Polygon","coordinates":[[[-81.372746000266,28.59551699963744],[-81.37276100033462,28.595452999744307],[-81.37273600022027,28.593685999849406],[-81.37185300031342,28.593684000360767],[-81.37175600022904,28.593684000360767],[-81.37177700014543,28.59501499987312],[-81.3717880000161,28.5950480000837],[-81.37179899988674,28.595064999853484],[-81.37182900002398,28.595093000210657],[-81.37198100035995,28.595166999991985],[-81.37254799989928,28.59544599967965],[-81.37262400006726,28.59548300024133],[-81.37273299984722,28.595548000237187],[-81.372746000266,28.59551699963744]]]},"properties":{"block_id":"120950190001009","school_id":"sch_killarney_elementary","kids_est":0,"class":"green","shortest":{"len_m":1565.1,"mean_c":37.0,"peak_c":37.6,"dose":87.3},"coolest":{"len_m":1565.1,"mean_c":37.0,"peak_c":37.6,"dose":87.3},"delta_mean_c":0.0,"delta_dose_pct":0,"distance_mi":0.643,"status_now":"walk","status_rec":"walk","reason":"Shortest route already under threshold (dose 87).","safe_until_hour":null}},{"type":"Feature","geometry":{"type":"Polygon","coordinates":[[[-81.36973000012438,28.595330999790683],[-81.3697250001015,28.59530200016235],[-81.36969699961408,28.595189999700242],[-81.36961600032156,28.594853999964158],[-81.36958899965904,28.594741999813454],[-81.36958399963618,28.594587999608525],[-81.36958500035942,28.594417000094907],[-81.36959600023005,28.59344199964253],[-81.36960000042802,28.593116999848338],[-81.36955900042014,28.593115999704217],[-81.3694360003965,28.593115999704217],[-81.36939500038861,28.593115999704217],[-81.36938699999268,28.593536000235375],[-81.36936500025139,28.594795999647477],[-81.36935900040359,28.595233999642517],[-81.36946800018353,28.595234999766472],[-81.36949999997059,28.59524099972122],[-81.3695150000392,28.595247999799525],[-81.36958500035942,28.595290000259347],[-81.36960899975054,28.5953039996202],[-81.36963499968981,28.595316999644716],[-81.36971199968269,28.59533199991371],[-81.36973000012438,28.595330999790683]]]},"properties":{"block_id":"120950190003039","school_id":"sch_killarney_elementary","kids_est":0,"class":"green","shortest":{"len_m":1744.9,"mean_c":36.92,"peak_c":37.6,"dose":95.2},"coolest":{"len_m":1744.9,"mean_c":36.92,"peak_c":37.6,"dose":95.2},"delta_mean_c":0.0,"delta_dose_pct":0,"distance_mi":0.813,"status_now":"walk","status_rec":"walk","reason":"Shortest route already under threshold (dose 95).","safe_until_hour":null}},{"type":"Feature","geometry":{"type":"Polygon","coordinates":[[[-81.37742699993899,28.59359100003981],[-81.37742699993899,28.593577999801827],[-81.37742600011407,28.593404999939946],[-81.37742600011407,28.59325100014246],[-81.37742600011407,28.5932329999363],[-81.37742600011407,28.593181000375036],[-81.37742600011407,28.593164000300558],[-81.3770129996622,28.593170999728404],[-81.37680400032313,28.5931750003027],[-81.37577599975305,28.5931750003027],[-81.37536400002438,28.5931750003027],[-81.37536400002438,28.59319200037541],[-81.37536400002438,28.593245000074067],[-81.37536400002438,28.593263000278174],[-81.37536400002438,28.593413999634265],[-81.37536400002438,28.593451000122474],[-81.37536700039743,28.59358200036064],[-81.37544699986506,28.59358200036064],[-81.3759499998303,28.593582999711547],[-81.3765699999714,28.593583999851216],[-81.37719400031048,28.593586000130525],[-81.37742699993899,28.59359100003981]]]},"properties":{"block_id":"120950190001018","school_id":"sch_killarney_elementary","kids_est":0,"class":"green","shortest":{"len_m":1143.3,"mean_c":37.35,"peak_c":37.6,"dose":69.0},"coolest":{"len_m":1143.7,"mean_c":37.32,"peak_c":37.6,"dose":68.7},"delta_mean_c":-0.03,"delta_dose_pct":0,"distance_mi":0.412,"status_now":"walk","status_rec":"walk","reason":"Shortest route already under threshold (dose 69).","safe_until_hour":null}},{"type":"Feature","geometry":{"type":"Polygon","coordinates":[[[-81.36513999978966,28.597441000018968],[-81.36514099961458,28.59739800031525],[-81.36513099956882,28.59676199969044],[-81.36512800009409,28.596535999957872],[-81.36512399989613,28.596371000348718],[-81.3651149996753,28.595879000320732],[-81.36511300002547,28.595714999799604],[-81.36511200020058,28.595686000277208],[-81.36510999965243,28.595599000084505],[-81.36510999965243,28.595570999862062],[-81.36410399972193,28.595570999862062],[-81.36414100043018,28.597675000189135],[-81.36433999972351,28.597672999987644],[-81.3649380001233,28.59766900037328],[-81.36513800013984,28.597668000272478],[-81.36513999978966,28.597441000018968]]]},"properties":{"block_id":"120950159012014","school_id":"sch_killarney_elementary","kids_est":0,"class":"red","shortest":{"len_m":2357.7,"mean_c":36.66,"peak_c":37.6,"dose":120.6},"coolest":{"len_m":2357.7,"mean_c":36.66,"peak_c":37.6,"dose":120.6},"delta_mean_c":0.0,"delta_dose_pct":0,"distance_mi":1.109,"status_now":"walk","status_rec":"bus_eligible","reason":"Coolest route mean 36.7C exceeds threshold (110 C-min dose, actual 121).","safe_until_hour":"14:00"}},{"type":"Feature","geometry":{"type":"Polygon","coordinates":[[[-81.35105900023757,28.598679000304436],[-81.35105699968943,28.59849800020833],[-81.35105300038977,28.597955999725222],[-81.35105199966655,28.597776000061167],[-81.35069400036458,28.597787999680275],[-81.3504840003023,28.597787999680275],[-81.3504850001272,28.598680999698065],[-81.35059899993001,28.598679999606894],[-81.3509439997115,28.598679000304436],[-81.35105900023757,28.598679000304436]]]},"properties":{"block_id":"120950160011013","school_id":"sch_killarney_elementary","kids_est":0,"class":"red","shortest":{"len_m":3849.6,"mean_c":36.56,"peak_c":37.6,"dose":190.6},"coolest":{"len_m":3876.8,"mean_c":36.42,"peak_c":37.6,"dose":185.5},"delta_mean_c":-0.14,"delta_dose_pct":-3,"distance_mi":1.957,"status_now":"walk","status_rec":"bus_eligible","reason":"Coolest route mean 36.4C exceeds threshold (110 C-min dose, actual 186).","safe_until_hour":"12:00"}},{"type":"Feature","geometry":{"type":"Polygon","coordinates":[[[-81.35279599973893,28.598705000305685],[-81.35281199963245,28.598651000113826],[-81.35279300026419,28.597750999930042],[-81.35214399981075,28.597760000041053],[-81.35204500007657,28.597760000041053],[-81.35193799994644,28.59776200024089],[-81.35175200017359,28.597763999651974],[-81.35173200008211,28.59776499975178],[-81.3516540002643,28.59776499975178],[-81.35165799956395,28.598130000080175],[-81.35166199976192,28.598490000253566],[-81.35167600000563,28.59872800002846],[-81.35170100011999,28.59894800003691],[-81.35174999962545,28.599194000253828],[-81.35175700019647,28.599220000127676],[-81.35179800020434,28.59937399985533],[-81.35186799962624,28.599569000390243],[-81.35191200000716,28.59968300029272],[-81.35194600034237,28.59976199961294],[-81.35196899990858,28.59981399986184],[-81.35208000023667,28.600023999968368],[-81.3522240001767,28.60025599975587],[-81.35225799961357,28.600302000094842],[-81.35238300018537,28.600470000064465],[-81.35243699971373,28.6004710001386],[-81.35246699985095,28.600470000064465],[-81.35262199966165,28.60046799991617],[-81.35272200011909,28.60046599976783],[-81.35280699960957,28.600464999693646],[-81.35280599978466,28.600280000003846],[-81.35280300030993,28.599726999931406],[-81.3528019995867,28.599542999814027],[-81.35279999993689,28.599374999939897],[-81.3527940000891,28.598872000372833],[-81.35279300026419,28.598766999615382],[-81.35279599973893,28.598705000305685]]]},"properties":{"block_id":"120950159011012","school_id":"sch_killarney_elementary","kids_est":0,"class":"red","shortest":{"len_m":3748.5,"mean_c":36.43,"peak_c":37.6,"dose":180.0},"coolest":{"len_m":3748.5,"mean_c":36.43,"peak_c":37.6,"dose":180.0},"delta_mean_c":0.0,"delta_dose_pct":0,"distance_mi":1.871,"status_now":"walk","status_rec":"bus_eligible","reason":"Coolest route mean 36.4C exceeds threshold (110 C-min dose, actual 180).","safe_until_hour":"13:00"}},{"type":"Feature","geometry":{"type":"Polygon","coordinates":[[[-81.35474800022375,28.596732999668188],[-81.35473800017802,28.596008999782523],[-81.35473700035311,28.595879999649817],[-81.35470600039096,28.59588099976763],[-81.35463500024585,28.59588099976763],[-81.3545199997198,28.595881999885428],[-81.353159999787,28.59589999963796],[-81.3528860001506,28.59590899990748],[-81.35276599960169,28.595911000142493],[-81.35276700032493,28.59609300007727],[-81.35278200039353,28.5964279996837],[-81.3527870004164,28.5966539996485],[-81.35278599969318,28.596737000106867],[-81.35278599969318,28.596762999799854],[-81.3529000003943,28.596762999799854],[-81.35474800022375,28.596732999668188]]]},"properties":{"block_id":"120950159012025","school_id":"sch_killarney_elementary","kids_est":1,"class":"red","shortest":{"len_m":3460.5,"mean_c":36.53,"peak_c":37.6,"dose":169.6},"coolest":{"len_m":3474.7,"mean_c":36.48,"peak_c":37.6,"dose":168.7},"delta_mean_c":-0.05,"delta_dose_pct":-1,"distance_mi":1.767,"status_now":"walk","status_rec":"bus_eligible","reason":"Coolest route mean 36.5C exceeds threshold (110 C-min dose, actual 169).","safe_until_hour":"13:00"}},{"type":"Feature","geometry":{"type":"Polygon","coordinates":[[[-81.35276599960169,28.595911000142493],[-81.35276599960169,28.595831000175483],[-81.35274800005836,28.595029000059352],[-81.35273100033992,28.594918000222037],[-81.3526750002634,28.59496200027815],[-81.3526400001033,28.594991000000334],[-81.35257099960803,28.595049000209375],[-81.35253700017115,28.595079000032996],[-81.35247100004892,28.59513999977939],[-81.35243800043695,28.59517199982612],[-81.3523639999188,28.595250000047173],[-81.35227900042828,28.595340000108912],[-81.35219400003947,28.5954389996146],[-81.35211600022167,28.59553799981575],[-81.35198900000006,28.595714999799604],[-81.35186299960336,28.595933999687944],[-81.35193700012152,28.595932000242076],[-81.35217800014595,28.595926999655383],[-81.35223599987228,28.595926000326756],[-81.35241300032258,28.595924000091987],[-81.35247199987383,28.595924000091987],[-81.35274399986038,28.595921999857165],[-81.35276599960169,28.595911000142493]]]},"properties":{"block_id":"120950159012027","school_id":"sch_killarney_elementary","kids_est":0,"class":"red","shortest":{"len_m":3369.7,"mean_c":36.62,"peak_c":37.6,"dose":169.4},"coolest":{"len_m":3369.7,"mean_c":36.62,"peak_c":37.6,"dose":169.4},"delta_mean_c":0.0,"delta_dose_pct":0,"distance_mi":1.846,"status_now":"walk","status_rec":"bus_eligible","reason":"Coolest route mean 36.6C exceeds threshold (110 C-min dose, actual 169).","safe_until_hour":"13:00"}},{"type":"Feature","geometry":{"type":"Polygon","coordinates":[[[-81.35238300018537,28.600470000064465],[-81.35225799961357,28.600302000094842],[-81.3522240001767,28.60025599975587],[-81.35208000023667,28.600023999968368],[-81.35196899990858,28.59981399986184],[-81.35194600034237,28.59976199961294],[-81.35191200000716,28.59968300029272],[-81.35186799962624,28.599569000390243],[-81.35179800020434,28.59937399985533],[-81.35175700019647,28.599220000127676],[-81.35174999962545,28.599194000253828],[-81.35170100011999,28.59894800003691],[-81.35167600000563,28.59872800002846],[-81.35166199976192,28.598490000253566],[-81.35165799956395,28.598130000080175],[-81.3516540002643,28.59776499975178],[-81.3515329998905,28.59776599985167],[-81.35117200021547,28.5977729997618],[-81.35105199966655,28.597776000061167],[-81.35105300038977,28.597955999725222],[-81.35105699968943,28.59849800020833],[-81.35105900023757,28.598679000304436],[-81.35106099988738,28.598858999999308],[-81.35106799956007,28.599399999684636],[-81.3510690002833,28.599466999791566],[-81.35106099988738,28.599580999804623],[-81.35105699968943,28.599634000225265],[-81.35105800041265,28.599762999693745],[-81.35106400026042,28.600312000063038],[-81.35106699973517,28.600495000337432],[-81.3513300003992,28.600485999672],[-81.3521189996964,28.600474000360897],[-81.35238300018537,28.600470000064465]]]},"properties":{"block_id":"120950160011015","school_id":"sch_killarney_elementary","kids_est":0,"class":"red","shortest":{"len_m":3921.8,"mean_c":36.42,"peak_c":37.6,"dose":187.5},"coolest":{"len_m":3922.0,"mean_c":36.42,"peak_c":37.6,"dose":187.4},"delta_mean_c":0.0,"delta_dose_pct":0,"distance_mi":1.924,"status_now":"walk","status_rec":"bus_eligible","reason":"Coolest route mean 36.4C exceeds threshold (110 C-min dose, actual 187).","safe_until_hour":"12:00"}},{"type":"Feature","geometry":{"type":"Polygon","coordinates":[[[-81.35576199965186,28.585694999754477],[-81.35566899976543,28.585554000149454],[-81.3555330002213,28.585374999975684],[-81.3553359996795,28.585132999851208],[-81.35522500024973,28.584996999810645],[-81.35513099964008,28.58505500001185],[-81.35502400040829,28.58511099974059],[-81.35493200034678,28.585142999684855],[-81.3548350002624,28.585159000047728],[-81.35473599962987,28.585160999698562],[-81.35467700007865,28.585153000306384],[-81.3546379997206,28.58514799999574],[-81.354181999611,28.58504900026451],[-81.35412100040995,28.585031999663894],[-81.35398400014259,28.58497899976887],[-81.35395700037841,28.584960000291197],[-81.3538789996623,28.584889000302695],[-81.35378400012607,28.584775000132087],[-81.35372200020177,28.584674999825328],[-81.35369799991234,28.584603999644454],[-81.35368899969151,28.584530000315908],[-81.3536950004376,28.584443000356593],[-81.3537570003619,28.58416399986529],[-81.35378999997384,28.5840560002907],[-81.3538229995858,28.583950000278946],[-81.35390200012685,28.583831000294758],[-81.35399599983818,28.583716999766008],[-81.35412600043283,28.583587000091587],[-81.35392100039341,28.583398999962796],[-81.3538429996773,28.583340000188713],[-81.35374999979088,28.583285999992118],[-81.35365500025462,28.5832449997075],[-81.35355999982009,28.583225999916465],[-81.3534769999794,28.583204000195717],[-81.35339900016159,28.58316500035664],[-81.35293300000627,28.58290800020619],[-81.35283500009699,28.582855000029497],[-81.35277700037066,28.58282300017776],[-81.35273600036278,28.582804000310546],[-81.3526960001798,28.582784999651],[-81.35265500017194,28.582767000019494],[-81.35261400016404,28.58274999983872],[-81.35254899986671,28.582722000138244],[-81.35250200001106,28.582687000305008],[-81.35242900021612,28.58263699995954],[-81.352358000071,28.582584999890585],[-81.35232299991091,28.582558999846487],[-81.3522869999259,28.582532000339953],[-81.35217200029815,28.582458000342204],[-81.35204900027452,28.582396000090874],[-81.35192000040308,28.582345999607053],[-81.35185199973272,28.582326999653606],[-81.35176399986916,28.58231799979901],[-81.35134000044495,28.582333999802927],[-81.35134600029275,28.582592000022718],[-81.3513449995695,28.583106999901833],[-81.35133700007191,28.583158999712683],[-81.35130699993468,28.583218999826517],[-81.35126799957662,28.583260000121285],[-81.35121400004826,28.58329199984005],[-81.35115100029907,28.583310000170542],[-81.35080800016739,28.583317999702928],[-81.35045900018794,28.583317999702928],[-81.35027599988983,28.583321999863294],[-81.35021300014066,28.583324000337853],[-81.35019399987407,28.583317999702928],[-81.3501960004222,28.583351999878058],[-81.35019899989692,28.583460000175663],[-81.35020200026999,28.58354199977245],[-81.3502249998362,28.585139999813745],[-81.3502249998362,28.585427999671058],[-81.3502459997526,28.585970000068137],[-81.35042599967765,28.58596799964392],[-81.35092399962004,28.585964999796346],[-81.35096600035114,28.585963000160866],[-81.35114700010111,28.585959000100992],[-81.35121300022334,28.585796000093797],[-81.35130000026199,28.58564699969196],[-81.35146199974537,28.585311000218553],[-81.35162400012707,28.585085999752653],[-81.35168500022644,28.585014999849292],[-81.35178599961047,28.584899000159545],[-81.35189899958837,28.584815999820183],[-81.3520419997035,28.584727999873575],[-81.35223500004736,28.584677999709704],[-81.35241599979733,28.58466699960735],[-81.35260900014117,28.584695000367564],[-81.3530329995654,28.58489299961448],[-81.35325100002359,28.585041000075048],[-81.35349399969783,28.585139999813745],[-81.35384400040051,28.585256000026458],[-81.3542800004186,28.585376999622373],[-81.35469799999504,28.58544999971542],[-81.35509100035544,28.585518999681124],[-81.35576199965186,28.585694999754477]]]},"properties":{"block_id":"120950161002002","school_id":"sch_killarney_elementary","kids_est":11,"class":"red","shortest":{"len_m":4139.9,"mean_c":36.73,"peak_c":37.6,"dose":214.5},"coolest":{"len_m":4143.1,"mean_c":36.72,"peak_c":37.6,"dose":213.6},"delta_mean_c":-0.01,"delta_dose_pct":0,"distance_mi":2.018,"status_now":"bus","status_rec":"bus_eligible","reason":"Coolest route mean 36.7C exceeds threshold (110 C-min dose, actual 214).","safe_until_hour":"11:00"}},{"type":"Feature","geometry":{"type":"Polygon","coordinates":[[[-81.34510300012225,28.584190999741647],[-81.3451330002595,28.58418699961432],[-81.3450649995891,28.584086000096004],[-81.34486399974766,28.58378499984715],[-81.34479699980051,28.583685000176565],[-81.34478500010493,28.5834270002718],[-81.3447750000592,28.583171000211465],[-81.34475800034076,28.582654999613364],[-81.34474999994484,28.582397999794185],[-81.3447469995718,28.582170999698572],[-81.34473900007418,28.581493000391312],[-81.34473800024927,28.58138799962955],[-81.34473300022641,28.58126700017684],[-81.34466799992909,28.58126700017684],[-81.3444720001105,28.581268999901614],[-81.34440799963808,28.58127000015843],[-81.34422400041338,28.581270999626366],[-81.34380400028881,28.581274999864615],[-81.34380400028881,28.58135799984343],[-81.34380799958846,28.581583999862364],[-81.34353200030225,28.581588000088697],[-81.34336400007275,28.58158999980739],[-81.34335999987479,28.581363000334235],[-81.34354599964762,28.581264000195148],[-81.34352399990634,28.581253999992633],[-81.34350299998994,28.581234999841953],[-81.34348500044659,28.58121200023616],[-81.34348100024862,28.581200999771248],[-81.34332700026283,28.581259999956487],[-81.34270399974868,28.58126700017684],[-81.34270299992376,28.58118599985256],[-81.34270000044903,28.581019000087668],[-81.34328100023208,28.58101300011006],[-81.34332300006488,28.581011999850816],[-81.34346700000492,28.581010000121143],[-81.3434650003551,28.580932000379033],[-81.34346100015713,28.580747000233508],[-81.34346100015713,28.580729000253132],[-81.34345399958612,28.580207000271372],[-81.34330899982116,28.580213999772944],[-81.34268600020532,28.58022100006291],[-81.34268299983228,28.58005300007502],[-81.34268100018245,28.579945000222818],[-81.3426779998094,28.579770000263423],[-81.34267100013672,28.579394000222216],[-81.34266699993874,28.57911799978969],[-81.34315999985826,28.579114000258272],[-81.34328999955459,28.57911299998096],[-81.34343199984482,28.57910899966055],[-81.343430000195,28.579009000276837],[-81.34343199984482,28.578763000157828],[-81.34299400017692,28.578766999702594],[-81.3416069995816,28.5787779996332],[-81.34140499991523,28.578778999913702],[-81.34079900001782,28.57878399973831],[-81.34059800017639,28.57878699979066],[-81.34053100022923,28.57878699979066],[-81.3403339996874,28.578789000351488],[-81.34031699996896,28.578789000351488],[-81.34032100016694,28.579695999899986],[-81.34050699993978,28.579697000171752],[-81.34106699980643,28.579700000198123],[-81.3412540003025,28.579701999952718],[-81.34218200041518,28.57970600025064],[-81.34221199965408,28.581397999819302],[-81.34221599985204,28.582438000163364],[-81.34222500007289,28.58269799982564],[-81.34222400024797,28.582795999950232],[-81.3422059998063,28.582929999988853],[-81.34203400027717,28.583575999875166],[-81.34171600025986,28.583507000212133],[-81.34153499961157,28.583464000330647],[-81.34100999990501,28.58334099963699],[-81.340937999935,28.583317999702928],[-81.34082099975912,28.58326899989526],[-81.34053200005413,28.5831059996625],[-81.34013299984595,28.582873999887504],[-81.33994100022535,28.582762999837996],[-81.33984800033892,28.58269000024609],[-81.3398049997829,28.582638999658286],[-81.33972799979,28.582570000169294],[-81.3397899997143,28.58243200026672],[-81.33980200030817,28.58240699964195],[-81.33987799957784,28.582260999913235],[-81.3399539997458,28.582123999853863],[-81.34005000000529,28.581930999801322],[-81.34006900027185,28.58189500024283],[-81.34014100024187,28.581776999762866],[-81.34024800037199,28.58158099988973],[-81.34032100016694,28.58143400033678],[-81.34032899966455,28.58139600009697],[-81.34033700006046,28.58136600031309],[-81.34034200008334,28.580941000352237],[-81.34024499999896,28.580765000210807],[-81.33848199966,28.580781999923516],[-81.33850699977437,28.582046999609688],[-81.3385169998201,28.582529000394366],[-81.33907199966389,28.582774000139466],[-81.33962599968275,28.582771000200776],[-81.3396359997285,28.583366000039724],[-81.33966099984285,28.58342099964274],[-81.33969799965277,28.583454000337326],[-81.33984800033892,28.583547999605763],[-81.34022800028052,28.58371299962065],[-81.34034100025842,28.583790000222614],[-81.34044699966532,28.583899999745153],[-81.34066500012354,28.584032000282487],[-81.34082699960692,28.58407600016184],[-81.34103300036955,28.58408099973462],[-81.34123199966287,28.584059000192738],[-81.34141300031115,28.58407000035864],[-81.34154999968018,28.584125000382294],[-81.34183099988758,28.584279000137705],[-81.34197400000272,28.584339999840108],[-81.34217999986704,28.584388999937577],[-81.3423730002109,28.584411000199232],[-81.34248199999084,28.584401999734226],[-81.34257200040251,28.584394999722555],[-81.34300300039773,28.584318000352432],[-81.3432329996532,28.584318000352432],[-81.34336400007275,28.584328999702397],[-81.34351999970838,28.584377999804968],[-81.34365699997572,28.584400000069003],[-81.34383199987789,28.584411000199232],[-81.34427999959158,28.584322999913702],[-81.34447100028558,28.584298999966432],[-81.34472300018066,28.58426799999361],[-81.34510300012225,28.584190999741647]]]},"properties":{"block_id":"120950161001015","school_id":"sch_killarney_elementary","kids_est":48,"class":"red","shortest":{"len_m":5555.7,"mean_c":36.77,"peak_c":37.6,"dose":290.8},"coolest":{"len_m":5558.9,"mean_c":36.76,"peak_c":37.6,"dose":289.9},"delta_mean_c":-0.01,"delta_dose_pct":0,"distance_mi":2.536,"status_now":"bus","status_rec":"bus_eligible","reason":"Coolest route mean 36.8C exceeds threshold (110 C-min dose, actual 290).","safe_until_hour":"11:00"}},{"type":"Feature","geometry":{"type":"Polygon","coordinates":[[[-81.34935799982289,28.595201000279083],[-81.34935799982289,28.59499800009523],[-81.34917100022514,28.595000000347635],[-81.34860100031274,28.595006999653236],[-81.34860100031274,28.59504499970645],[-81.34860200013766,28.595124000146697],[-81.34860200013766,28.595162000157607],[-81.34860399978749,28.595201000279083],[-81.34935799982289,28.595201000279083]]]},"properties":{"block_id":"120950160011033","school_id":"sch_killarney_elementary","kids_est":0,"class":"red","shortest":{"len_m":3673.1,"mean_c":36.59,"peak_c":37.6,"dose":183.2},"coolest":{"len_m":3673.1,"mean_c":36.59,"peak_c":37.6,"dose":183.2},"delta_mean_c":0.0,"delta_dose_pct":0,"distance_mi":2.055,"status_now":"bus","status_rec":"bus_eligible","reason":"Coolest route mean 36.6C exceeds threshold (110 C-min dose, actual 183).","safe_until_hour":"12:00"}},{"type":"Feature","geometry":{"type":"Polygon","coordinates":[[[-81.35281199963245,28.601370999900542],[-81.35281099980755,28.601337000032146],[-81.35281099980755,28.601179999824268],[-81.35246299965299,28.601188000362956],[-81.35236599956862,28.60119099977612],[-81.35142099973748,28.60120099965966],[-81.35107400030616,28.601205999995443],[-81.351075999956,28.601364000230134],[-81.3510819998038,28.601840999692023],[-81.35108400035192,28.601999999820144],[-81.35142499993545,28.601993000191616],[-81.35245099995743,28.60197299978557],[-81.35279300026419,28.60196700021515],[-81.35280099976178,28.601809000098438],[-81.35280400013485,28.60175399986231],[-81.35281199963245,28.601370999900542]]]},"properties":{"block_id":"120950160011007","school_id":"sch_killarney_elementary","kids_est":0,"class":"red","shortest":{"len_m":4094.1,"mean_c":36.41,"peak_c":37.6,"dose":195.0},"coolest":{"len_m":4094.6,"mean_c":36.41,"peak_c":37.6,"dose":194.9},"delta_mean_c":0.0,"delta_dose_pct":0,"distance_mi":1.924,"status_now":"walk","status_rec":"bus_eligible","reason":"Coolest route mean 36.4C exceeds threshold (110 C-min dose, actual 195).","safe_until_hour":"12:00"}},{"type":"Feature","geometry":{"type":"Polygon","coordinates":[[[-81.35102999992523,28.596703000316648],[-81.35103800032117,28.59663499991447],[-81.35102900010033,28.596027999629715],[-81.35102099970442,28.5959460003061],[-81.35090000022889,28.595940999720092],[-81.35047099988351,28.59594799975171],[-81.35047000005859,28.596796000250315],[-81.35058100038667,28.596794000032094],[-81.35091500029752,28.596790000384267],[-81.35102699955219,28.59678900027511],[-81.35102999992523,28.596703000316648]]]},"properties":{"block_id":"120950160011024","school_id":"sch_killarney_elementary","kids_est":0,"class":"red","shortest":{"len_m":3638.1,"mean_c":36.59,"peak_c":37.6,"dose":181.4},"coolest":{"len_m":3638.1,"mean_c":36.59,"peak_c":37.6,"dose":181.4},"delta_mean_c":0.0,"delta_dose_pct":0,"distance_mi":1.949,"status_now":"walk","status_rec":"bus_eligible","reason":"Coolest route mean 36.6C exceeds threshold (110 C-min dose, actual 181).","safe_until_hour":"12:00"}},{"type":"Feature","geometry":{"type":"Polygon","coordinates":[[[-81.34961599956576,28.596806999872317],[-81.34960899989306,28.59595700001712],[-81.34935799982289,28.59596000036833],[-81.34911699979847,28.59596299993071],[-81.34862399987897,28.5959689998439],[-81.34863099955166,28.59612900029574],[-81.3486330000998,28.59671199972865],[-81.34864200032064,28.596819999710988],[-81.34912900039235,28.596813999846315],[-81.34961599956576,28.596806999872317]]]},"properties":{"block_id":"120950160011021","school_id":"sch_killarney_elementary","kids_est":0,"class":"red","shortest":{"len_m":3734.2,"mean_c":36.58,"peak_c":37.6,"dose":185.6},"coolest":{"len_m":3734.2,"mean_c":36.58,"peak_c":37.6,"dose":185.6},"delta_mean_c":0.0,"delta_dose_pct":0,"distance_mi":2.048,"status_now":"bus","status_rec":"bus_eligible","reason":"Coolest route mean 36.6C exceeds threshold (110 C-min dose, actual 186).","safe_until_hour":"12:00"}},{"type":"Feature","geometry":{"type":"Polygon","coordinates":[[[-81.38312399958821,28.594921999941082],[-81.38312100011348,28.594826000332027],[-81.38311699991552,28.594595999860307],[-81.38310400039502,28.59456100003591],[-81.38308699977827,28.59453700005943],[-81.38306699968679,28.594521000334993],[-81.38301300015844,28.594493999956452],[-81.38289900035562,28.594436000229887],[-81.38284099973097,28.594420999833023],[-81.38278100035484,28.594418000226636],[-81.38228199968924,28.594421999964663],[-81.3820959999164,28.594424000228035],[-81.38209699974132,28.594527999672486],[-81.3821029995891,28.59484099988238],[-81.38210400031232,28.594875999613546],[-81.38212199985567,28.594944000364986],[-81.38224200040459,28.594932999759262],[-81.38232199987222,28.59493199963242],[-81.38292299974674,28.594924000194926],[-81.38312399958821,28.594921999941082]]]},"properties":{"block_id":"120950190001012","school_id":"sch_killarney_elementary","kids_est":1,"class":"green","shortest":{"len_m":43.1,"mean_c":37.6,"peak_c":37.6,"dose":2.8},"coolest":{"len_m":43.1,"mean_c":37.6,"peak_c":37.6,"dose":2.8},"delta_mean_c":0.0,"delta_dose_pct":0,"distance_mi":0.046,"status_now":"walk","status_rec":"walk","reason":"Shortest route already under threshold (dose 3).","safe_until_hour":null}},{"type":"Feature","geometry":{"type":"Polygon","coordinates":[[[-81.36082300016476,28.586396999841206],[-81.3608189999668,28.58615199986016],[-81.36081700031696,28.58608300030982],[-81.36081499976883,28.58590599988439],[-81.36081099957087,28.585716000317227],[-81.36080200024836,28.58514799999574],[-81.36079899987529,28.58495900006948],[-81.36079700022547,28.584768000145303],[-81.36079200020262,28.584196000097812],[-81.3607910003777,28.584005999807314],[-81.36078800000466,28.583858999699903],[-81.36078100033195,28.58342199987907],[-81.36077899978382,28.58327599998189],[-81.36077499958587,28.58312899964287],[-81.36076700008826,28.582725000078334],[-81.36076200006538,28.58269099970054],[-81.36075100019472,28.58260399979743],[-81.36073799977594,28.582548000311313],[-81.36071199983667,28.582451999657916],[-81.36069299957009,28.582381999800013],[-81.3606730003769,28.58225399975905],[-81.36066800035405,28.582180000354604],[-81.35998100026578,28.582190999928198],[-81.35771199958855,28.582230000128487],[-81.3576930002203,28.58182500001419],[-81.3576940000452,28.581776000299726],[-81.35730700043092,28.581207999995517],[-81.35699199988832,28.58138899988522],[-81.35684200010049,28.581474999749826],[-81.35662700001535,28.581598000259454],[-81.35662399964228,28.581551000158623],[-81.35662100016756,28.58141399996319],[-81.35657500013681,28.581437000313628],[-81.35659799970304,28.58155199962395],[-81.35656300044123,28.58165700022198],[-81.35669099958943,28.58170000005348],[-81.35682200000902,28.581776999762866],[-81.356890999606,28.5818600001343],[-81.35695300042858,28.582024999642297],[-81.35696599994905,28.582135000222177],[-81.35695900027638,28.582222999972256],[-81.35692199956813,28.582336999754087],[-81.35690300019986,28.582399000040265],[-81.356890999606,28.582657000100607],[-81.35690999987256,28.582806000006112],[-81.35691599972034,28.583119999856912],[-81.3569540002535,28.58336199988101],[-81.3569910000634,28.58349899990529],[-81.3570529999877,28.583642000367863],[-81.35718400040726,28.583889999793342],[-81.35722799988987,28.584083000194727],[-81.35724100030866,28.584252999723546],[-81.35721600019431,28.584418000209844],[-81.35721600019431,28.58457200032494],[-81.35725300000423,28.584698999686736],[-81.35731599975341,28.584791999985477],[-81.3573910000965,28.584875000343796],[-81.35752800036384,28.585056000232647],[-81.3576589998851,28.5852649996296],[-81.3577650001903,28.585457999873828],[-81.35780200000025,28.585557000008745],[-81.35783399978727,28.58574400000933],[-81.35783399978727,28.585875999809502],[-81.35780899967293,28.5859810000342],[-81.35779600015245,28.5860410001155],[-81.35775900034253,28.586106999849882],[-81.35769700041824,28.58617300033164],[-81.35754699973211,28.586282999727846],[-81.35738500024871,28.58638800033493],[-81.35724200013358,28.58642100009839],[-81.3571450000492,28.586411999805364],[-81.3571169995618,28.586410000178372],[-81.35696699977397,28.586339000380182],[-81.35662399964228,28.586068999721082],[-81.35628100040894,28.58587100032206],[-81.35611900002722,28.585789000174923],[-81.35576199965186,28.585694999754477],[-81.35579199978908,28.58574100015537],[-81.35584100019288,28.585827999829604],[-81.35594599977486,28.586012999713713],[-81.35602399959267,28.586176000173285],[-81.35604899970703,28.58624300003242],[-81.35610300013371,28.58638899975423],[-81.35619699984504,28.58663800000611],[-81.35635599985369,28.587058000387263],[-81.35640100005952,28.587155000191736],[-81.35647899987733,28.587353000328022],[-81.35648800009817,28.58738500037881],[-81.35656599991599,28.587640999645597],[-81.35664200008397,28.5876240002528],[-81.35671900007685,28.587616999666874],[-81.3568079997653,28.587615000062808],[-81.35726999972266,28.587604999675428],[-81.35752800036384,28.587604000267696],[-81.35754199970924,28.587603000071134],[-81.35778699993162,28.587603000071134],[-81.35789300023683,28.58760099967798],[-81.35795699981094,28.587600000270196],[-81.35799899964373,28.587600000270196],[-81.35800600021474,28.587557999893086],[-81.3580389998267,28.587491000083045],[-81.35884700028879,28.586491999841225],[-81.35887599970278,28.586470000014938],[-81.35892199973354,28.58645799989259],[-81.36051600001808,28.58643899989333],[-81.36057999959219,28.5864510000178],[-81.36064599971442,28.58641599984805],[-81.36071799968445,28.586400999884454],[-81.36082300016476,28.586396999841206]]]},"properties":{"block_id":"120950161003015","school_id":"sch_killarney_elementary","kids_est":1,"class":"red","shortest":{"len_m":3693.3,"mean_c":36.72,"peak_c":37.6,"dose":190.6},"coolest":{"len_m":3696.5,"mean_c":36.7,"peak_c":37.6,"dose":189.7},"delta_mean_c":-0.02,"delta_dose_pct":0,"distance_mi":1.643,"status_now":"walk","status_rec":"bus_eligible","reason":"Coolest route mean 36.7C exceeds threshold (110 C-min dose, actual 190).","safe_until_hour":"12:00"}},{"type":"Feature","geometry":{"type":"Polygon","coordinates":[[[-81.38267400022471,28.59356400021115],[-81.38284699957877,28.593583999851216],[-81.38243400002521,28.59323500022228],[-81.38239999969002,28.59320600001563],[-81.38231199982647,28.59311199991646],[-81.38209500009148,28.59296100012653],[-81.38182300010493,28.59295500004157],[-81.38200499967981,28.59310800012852],[-81.38225800029811,28.593320999863266],[-81.38252699991162,28.59354800033856],[-81.38267400022471,28.59356400021115]]]},"properties":{"block_id":"120950190001014","school_id":"sch_killarney_elementary","kids_est":0,"class":"green","shortest":{"len_m":234.9,"mean_c":37.6,"peak_c":37.6,"dose":14.9},"coolest":{"len_m":234.9,"mean_c":37.6,"peak_c":37.6,"dose":14.9},"delta_mean_c":0.0,"delta_dose_pct":0,"distance_mi":0.145,"status_now":"walk","status_rec":"walk","reason":"Shortest route already under threshold (dose 15).","safe_until_hour":null}},{"type":"Feature","geometry":{"type":"Polygon","coordinates":[[[-81.37365699976193,28.585398000248617],[-81.37365299956397,28.585168999878892],[-81.37365199973905,28.585118999924788],[-81.37365099991416,28.58505500001185],[-81.37360300023357,28.58505500001185],[-81.37346099994335,28.58505500001185],[-81.3733589998361,28.585056000232647],[-81.37328299966812,28.58505500001185],[-81.37315899981957,28.585053000359053],[-81.37315999964449,28.58508800019365],[-81.37316600039057,28.585236000379687],[-81.3731689998653,28.585399999894843],[-81.37325199970599,28.58539899967733],[-81.37344099985187,28.58539899967733],[-81.37365699976193,28.585398000248617]]]},"properties":{"block_id":"120950190001063","school_id":"sch_killarney_elementary","kids_est":0,"class":"red","shortest":{"len_m":2085.7,"mean_c":37.19,"peak_c":37.6,"dose":121.3},"coolest":{"len_m":2122.0,"mean_c":37.03,"peak_c":37.6,"dose":118.9},"delta_mean_c":-0.16,"delta_dose_pct":-2,"distance_mi":0.899,"status_now":"walk","status_rec":"bus_eligible","reason":"Coolest route mean 37.0C exceeds threshold (110 C-min dose, actual 119).","safe_until_hour":"14:00"}},{"type":"Feature","geometry":{"type":"Polygon","coordinates":[[[-81.37319200032985,28.58676399982332],[-81.37317800008613,28.58603599984708],[-81.37317800008613,28.58599199999909],[-81.37317600043632,28.5858600003445],[-81.37302699957507,28.58586300019506],[-81.37215799991193,28.58586300019506],[-81.37117799992072,28.585864999832463],[-81.37111299962339,28.585864999832463],[-81.37111299962339,28.585983999881314],[-81.37111299962339,28.586020999829273],[-81.37112000019441,28.586758000173486],[-81.37319200032985,28.58676399982332]]]},"properties":{"block_id":"120950190001068","school_id":"sch_killarney_elementary","kids_est":2,"class":"red","shortest":{"len_m":2094.0,"mean_c":37.19,"peak_c":37.6,"dose":121.8},"coolest":{"len_m":2130.3,"mean_c":37.03,"peak_c":37.6,"dose":119.4},"delta_mean_c":-0.16,"delta_dose_pct":-2,"distance_mi":0.896,"status_now":"walk","status_rec":"bus_eligible","reason":"Coolest route mean 37.0C exceeds threshold (110 C-min dose, actual 119).","safe_until_hour":"14:00"}},{"type":"Feature","geometry":{"type":"Polygon","coordinates":[[[-81.39324800026381,28.593358999737237],[-81.39327199965494,28.593296000250024],[-81.39258899976464,28.59321499972705],[-81.39247400013691,28.59320499987235],[-81.39230300043269,28.593198999801388],[-81.3922909998388,28.59319999994472],[-81.39219299992952,28.593213000229444],[-81.39208800034753,28.593243999931165],[-81.39203800011882,28.593265999917513],[-81.39194600005732,28.593319999721103],[-81.39190400022451,28.593352999675],[-81.3918039997671,28.593447999699702],[-81.39158100018433,28.59369099975398],[-81.39106399997537,28.594241999769558],[-81.39062299993441,28.594720000136014],[-81.390530000048,28.594833999776974],[-81.39047499979641,28.59491300037587],[-81.39044600038243,28.59496700012203],[-81.3903889995827,28.595098000048313],[-81.39034199972703,28.595247999799525],[-81.39033199968128,28.59530200016235],[-81.39032400018368,28.595355999708673],[-81.39032599983351,28.595394999758163],[-81.39033699970416,28.59543200033778],[-81.39035799962056,28.595466999872144],[-81.39040299982639,28.595509000244526],[-81.39047200032168,28.595536999694666],[-81.39055400033745,28.595551999932262],[-81.39106099960233,28.595618000005818],[-81.39110199961023,28.595613000192902],[-81.39114000014337,28.5955969998435],[-81.3911700002806,28.595570999862062],[-81.39119000037208,28.595538999936817],[-81.39122499963386,28.595342999688977],[-81.39123499967961,28.59529100038278],[-81.39125200029636,28.595233000307285],[-81.39128699955815,28.595166999991985],[-81.39132099989334,28.59512199989671],[-81.39165399997927,28.594808999734816],[-81.39174699986569,28.59472299973379],[-81.3919519999051,28.59453700005943],[-81.39210599989089,28.594397999956502],[-81.39256799984824,28.593983999741056],[-81.39272299965893,28.593845999832734],[-81.3928399998348,28.59374100036411],[-81.39319200018733,28.593428000033697],[-81.39320800008083,28.59341499977555],[-81.39324800026381,28.593358999737237]]]},"properties":{"block_id":"120950153003022","school_id":"sch_killarney_elementary","kids_est":1,"class":"green","shortest":{"len_m":1486.9,"mean_c":37.55,"peak_c":37.6,"dose":94.3},"coolest":{"len_m":1486.9,"mean_c":37.55,"peak_c":37.6,"dose":94.3},"delta_mean_c":0.0,"delta_dose_pct":0,"distance_mi":0.54,"status_now":"walk","status_rec":"walk","reason":"Shortest route already under threshold (dose 94).","safe_until_hour":null}},{"type":"Feature","geometry":{"type":"Polygon","coordinates":[[[-81.38287699971599,28.598191999729057],[-81.38287300041635,28.597989999898825],[-81.3828630003706,28.5973859998629],[-81.38285999999755,28.597185000166334],[-81.3822440000544,28.597194000325803],[-81.38039700004987,28.597222000115806],[-81.37993300044269,28.597230000167134],[-81.37988700041194,28.597236000008003],[-81.37982999961221,28.597256999842852],[-81.3797939996272,28.597283000195894],[-81.37986499977231,28.597342000032825],[-81.37995400035909,28.597429999674585],[-81.37998899962088,28.597465000121044],[-81.38005899994106,28.597551000244724],[-81.38011599984247,28.597645000317804],[-81.3801590003985,28.597744000018512],[-81.38019500038352,28.59789899964145],[-81.38020600025415,28.59801499997303],[-81.3802099995538,28.598057000115876],[-81.38020700007907,28.59823299970581],[-81.38074000018155,28.598223999635305],[-81.38234199996369,28.59819899961082],[-81.38287699971599,28.598191999729057]]]},"properties":{"block_id":"120950190003045","school_id":"sch_killarney_elementary","kids_est":0,"class":"green","shortest":{"len_m":679.5,"mean_c":37.44,"peak_c":37.6,"dose":41.7},"coolest":{"len_m":679.5,"mean_c":37.44,"peak_c":37.6,"dose":41.7},"delta_mean_c":0.0,"delta_dose_pct":0,"distance_mi":0.182,"status_now":"walk","status_rec":"walk","reason":"Shortest route already under threshold (dose 42).","safe_until_hour":null}},{"type":"Feature","geometry":{"type":"Polygon","coordinates":[[[-81.38570200006194,28.596495000107844],[-81.3857070000848,28.5963610000056],[-81.38565199983321,28.596271000029354],[-81.38535899993025,28.59579399973632],[-81.38528600013531,28.595694999776306],[-81.38509799981435,28.595507000001817],[-81.38482199962982,28.59527199961366],[-81.3846509999256,28.595125999607994],[-81.38438300013699,28.594898000047078],[-81.38388600001953,28.59447399970078],[-81.38362599972854,28.59425200031431],[-81.38353600021516,28.594165999857537],[-81.38316299994626,28.593850999729717],[-81.38284699957877,28.593583999851216],[-81.38267400022471,28.59356400021115],[-81.38252699991162,28.59354800033856],[-81.38270699983667,28.59369900007403],[-81.38293199996757,28.593889000200857],[-81.38339099955188,28.5943369997795],[-81.38421099970955,28.595010000031554],[-81.3849759996156,28.59568799972777],[-81.38505000013377,28.595788999931777],[-81.38515300006593,28.59592799977275],[-81.3853830002197,28.596238000202817],[-81.38554999972595,28.596576999791893],[-81.38568799981823,28.596830000010442],[-81.38569399966602,28.596682999692607],[-81.38569899968887,28.596567000257053],[-81.38570200006194,28.596495000107844]]]},"properties":{"block_id":"120950190001013","school_id":"sch_killarney_elementary","kids_est":0,"class":"green","shortest":{"len_m":654.4,"mean_c":37.6,"peak_c":37.6,"dose":42.1},"coolest":{"len_m":654.4,"mean_c":37.6,"peak_c":37.6,"dose":42.1},"delta_mean_c":0.0,"delta_dose_pct":0,"distance_mi":0.094,"status_now":"walk","status_rec":"walk","reason":"Shortest route already under threshold (dose 42).","safe_until_hour":null}},{"type":"Feature","geometry":{"type":"Polygon","coordinates":[[[-81.38275399969235,28.604012000254738],[-81.38278300000465,28.60398599998916],[-81.38197100024293,28.603995999606706],[-81.38153000020196,28.603999999768956],[-81.38153100002688,28.60398599998916],[-81.38151500013336,28.603435999840617],[-81.38133000018543,28.60343899997831],[-81.38145099966094,28.600345000187758],[-81.3774429998325,28.60039900029788],[-81.37568899971438,28.600396000073395],[-81.3733100003306,28.600391999773937],[-81.3691769999304,28.600386000113268],[-81.36924499970247,28.59675499971302],[-81.36922499961096,28.59550599988044],[-81.36922399978607,28.595419000327425],[-81.36921999958811,28.595203999863116],[-81.36923300000689,28.595209999819694],[-81.36926499979394,28.595221999731756],[-81.36927400001478,28.59516599986738],[-81.36925899994617,28.595159999908347],[-81.36911599983102,28.595159999908347],[-81.3690220001197,28.595176999660026],[-81.3689230003855,28.595209999819694],[-81.36885399989022,28.59525399975357],[-81.36879199996594,28.595324999841065],[-81.36871699962285,28.595324999841065],[-81.36865300004877,28.595290000259347],[-81.36852400017733,28.59522099960767],[-81.36838600008507,28.595170999701566],[-81.36825600038873,28.595149000113935],[-81.36802500041004,28.59516599986738],[-81.36796299958746,28.595193000073344],[-81.36792499995262,28.59523200018332],[-81.3678320000662,28.595271000278814],[-81.36771300024051,28.59529799966899],[-81.3676010000875,28.595336999739995],[-81.36751999989667,28.59537499967391],[-81.3674449995536,28.595425000271735],[-81.36735800041326,28.59551299994103],[-81.36715900022165,28.595804000133406],[-81.36708999972635,28.595904000108394],[-81.36700100003789,28.59602000027563],[-81.36697799957336,28.596052000054517],[-81.3668660003187,28.596178999746186],[-81.3666910004165,28.596454000241888],[-81.36662699994409,28.596587000114468],[-81.36661699989833,28.59660800007899],[-81.36657300041573,28.596877999699462],[-81.36651200031635,28.597053000368387],[-81.36643600014838,28.597274000044095],[-81.36641100003402,28.59751100010428],[-81.36643000030058,28.597906999641253],[-81.36646799993541,28.598005999883927],[-81.36648600037708,28.598099000242005],[-81.366479999631,28.598324999768476],[-81.36649300004977,28.598401999921904],[-81.36652400001194,28.598471000062705],[-81.36656800039286,28.598567000286106],[-81.36663600016492,28.5987820001807],[-81.36668999969328,28.59892400027346],[-81.36672999987624,28.59902900008532],[-81.36683000033368,28.59921599978346],[-81.36695500000714,28.59936499988261],[-81.36701100008364,28.599418999707535],[-81.36708600042671,28.5994910002197],[-81.36722899964353,28.599607000371513],[-81.36765299996605,28.60001399997283],[-81.36795900028781,28.600205999878987],[-81.36823299992419,28.600283000231595],[-81.36849900006297,28.600338999735666],[-81.36862600028458,28.600366000190082],[-81.36883700017177,28.600489999967806],[-81.36886700030901,28.600496999696507],[-81.36887999982949,28.600500999991944],[-81.36891499998958,28.60053500013084],[-81.36902700014258,28.600601000229965],[-81.37055399958166,28.601335999966253],[-81.3717539996809,28.602741000339265],[-81.37085499988054,28.60316899986334],[-81.3724990003938,28.604662000070814],[-81.3726059996256,28.604605999715908],[-81.37271199993081,28.604583999737336],[-81.37285699969577,28.604603999646336],[-81.37302400010036,28.604627999689864],[-81.37319300015474,28.604677999828684],[-81.37342999998121,28.60467199962402],[-81.37367900040154,28.604688000169105],[-81.37380999992281,28.604726999910135],[-81.37386599999931,28.604760000225674],[-81.37401599978713,28.604881000242486],[-81.37412799994011,28.604908000318495],[-81.37433999965222,28.60491899988008],[-81.37500099980122,28.604853000127125],[-81.37579199964655,28.604859000321508],[-81.37585399957085,28.60487600008163],[-81.37594800018049,28.60494699997786],[-81.37604100006692,28.60508000014311],[-81.37605399958737,28.605162000226297],[-81.37604100006692,28.60519000025932],[-81.37597900014262,28.605249999628864],[-81.37594800018049,28.605294000091224],[-81.37594800018049,28.605315999921125],[-81.37602199980033,28.605437000086308],[-81.37612200025775,28.6054869998401],[-81.37644000027507,28.605513999760362],[-81.37658400021512,28.605536000332886],[-81.37661500017725,28.605519999916947],[-81.37665799983496,28.60547600033798],[-81.37667100025375,28.60543199995184],[-81.37666500040598,28.605383000199243],[-81.37665799983496,28.605369999842615],[-81.37662100002504,28.60533299960731],[-81.37660900032948,28.60524500027427],[-81.37657099979631,28.605107000167962],[-81.3765399998342,28.605046999928078],[-81.37650300002426,28.605013999702674],[-81.3763099996804,28.60502500004184],[-81.37624699993121,28.605058000263796],[-81.3762100001213,28.60506299962736],[-81.37616599974037,28.60505200008079],[-81.37610999966388,28.605008000305823],[-81.37586100014184,28.604760000225674],[-81.37581099991313,28.604743999691557],[-81.37574200031615,28.60473800027936],[-81.37499999997631,28.60474899985876],[-81.37482599989904,28.60476699966988],[-81.37464500014907,28.604787000332774],[-81.37449000033838,28.60476999976957],[-81.37436499976658,28.604732000078073],[-81.37422800039755,28.604666000207654],[-81.37417800016884,28.604604999681136],[-81.37398400000008,28.604468000347683],[-81.37388500026587,28.60435800026426],[-81.37378499980846,28.60415999982381],[-81.37374100032584,28.60395600034207],[-81.37374700017361,28.60380799969695],[-81.37374100032584,28.603725000091192],[-81.37363500002061,28.603604000320423],[-81.37352899971542,28.603554999715314],[-81.37347900038502,28.603566000207238],[-81.37346000011846,28.603599000098797],[-81.37346000011846,28.60367000006927],[-81.3734850002328,28.60374700024963],[-81.37350399960106,28.603874000106348],[-81.37347900038502,28.603983999907793],[-81.37341699956242,28.60404500000616],[-81.37332899969887,28.604094000382766],[-81.37322999996466,28.604115999675308],[-81.37299899998598,28.604115999675308],[-81.37289299968077,28.604000999809493],[-81.37273100019738,28.603913000149515],[-81.37265599985432,28.603841000301145],[-81.37261800021948,28.60367100011295],[-81.37253700002863,28.603587999610333],[-81.37237499964692,28.603472999955315],[-81.37234399968479,28.603341000168715],[-81.37229400035439,28.60319200018642],[-81.37221900001131,28.603099000392103],[-81.37209400033785,28.60302199973687],[-81.37197600033707,28.602988999664095],[-81.37191299968956,28.60291699997132],[-81.37196999959097,28.602873000090927],[-81.37197600033707,28.602817999623028],[-81.37206900022349,28.602802000370573],[-81.37236200012644,28.602834999713384],[-81.37257999968634,28.602712999653615],[-81.37284199962716,28.6025259998689],[-81.37295399978015,28.60241600011843],[-81.37304800038979,28.602262000116575],[-81.37310399956796,28.60208600017612],[-81.37312899968232,28.601915000242872],[-81.37315299997178,28.601811000221215],[-81.37315999964449,28.601783000076438],[-81.37321599972097,28.601706000034202],[-81.37329100006403,28.601668000023313],[-81.3734149999126,28.60165099974416],[-81.37356499970043,28.60161800002958],[-81.37367100000563,28.60157400039395],[-81.37394499964202,28.601277000005496],[-81.37408199990936,28.60118899964156],[-81.37420699958284,28.601095000372396],[-81.37428199992591,28.601023000170517],[-81.37431899973583,28.600935000382577],[-81.37437499981235,28.60085300015529],[-81.37452499960015,28.60067099978785],[-81.37463099990538,28.600599000084163],[-81.37470500042353,28.600599000084163],[-81.37484299961748,28.600549000370428],[-81.37500300034935,28.600489999967806],[-81.37512100035013,28.600441000276685],[-81.37518400009932,28.600495000337432],[-81.37509600023579,28.600692999797047],[-81.37515200031227,28.600802999773755],[-81.37505299967975,28.601023000170517],[-81.37522799958195,28.60111600022479],[-81.37555200034537,28.60139099963246],[-81.37570799998097,28.601583000177502],[-81.37577900012607,28.60168500029972],[-81.37593300011187,28.601902000245783],[-81.37627600024355,28.60221399973187],[-81.37668700014729,28.60239499973709],[-81.37689300001159,28.60252699992347],[-81.37730399991534,28.60268599980227],[-81.37746600029705,28.602773999701185],[-81.37775900020002,28.602899999894245],[-81.3778219999492,28.60303699969482],[-81.37815800040819,28.60325700014644],[-81.37868200028981,28.603365999758626],[-81.37908700034578,28.603398999712944],[-81.37947999980784,28.603535999651605],[-81.38033299957746,28.603727000177507],[-81.38073799963341,28.603846999764624],[-81.38090000001512,28.60391899960882],[-81.38101800001589,28.603953000219136],[-81.3812430001468,28.604016999668072],[-81.381526000004,28.60409599967336],[-81.3817439995639,28.604153000339185],[-81.38197000041804,28.60417300033022],[-81.38220899989432,28.6041419999087],[-81.38237700012381,28.604085000025606],[-81.38275399969235,28.604012000254738]]]},"properties":{"block_id":"120950190003029","school_id":"sch_killarney_elementary","kids_est":0,"class":"red","shortest":{"len_m":2792.4,"mean_c":37.45,"peak_c":37.7,"dose":172.2},"coolest":{"len_m":2794.1,"mean_c":37.45,"peak_c":37.7,"dose":172.1},"delta_mean_c":0.0,"delta_dose_pct":0,"distance_mi":0.66,"status_now":"walk","status_rec":"bus_eligible","reason":"Coolest route mean 37.5C exceeds threshold (110 C-min dose, actual 172).","safe_until_hour":"13:00"}},{"type":"Feature","geometry":{"type":"Polygon","coordinates":[[[-81.38567100009979,28.59734899997115],[-81.38568100014552,28.59714900030957],[-81.38538700041767,28.59715199983802],[-81.38450600016064,28.59716200010594],[-81.38421300025767,28.59716599973954],[-81.38394200009603,28.597169000056248],[-81.3831300003343,28.597180999744715],[-81.38285999999755,28.597185000166334],[-81.3828630003706,28.5973859998629],[-81.38287300041635,28.597989999898825],[-81.38287699971599,28.598191999729057],[-81.38342599971199,28.598182999655105],[-81.38507600007303,28.59815799962081],[-81.38562599989395,28.598150999736376],[-81.3856379995895,28.597949999925397],[-81.38566299970385,28.59754599973508],[-81.38567100009979,28.59734899997115]]]},"properties":{"block_id":"120950190003042","school_id":"sch_killarney_elementary","kids_est":3,"class":"green","shortest":{"len_m":338.1,"mean_c":37.6,"peak_c":37.6,"dose":21.7},"coolest":{"len_m":338.1,"mean_c":37.6,"peak_c":37.6,"dose":21.7},"delta_mean_c":0.0,"delta_dose_pct":0,"distance_mi":0.183,"status_now":"walk","status_rec":"walk","reason":"Shortest route already under threshold (dose 22).","safe_until_hour":null}},{"type":"Feature","geometry":{"type":"Polygon","coordinates":[[[-81.3828919997846,28.599208999969495],[-81.38288799958664,28.59900500034041],[-81.38287900026413,28.59839500005373],[-81.38287699971599,28.598191999729057],[-81.38234199996369,28.59819899961082],[-81.38074000018155,28.598223999635305],[-81.38020700007907,28.59823299970581],[-81.3801879998125,28.598412000070844],[-81.3801800003149,28.598440999629855],[-81.38014599997972,28.59859100013104],[-81.38010300032201,28.598715999727887],[-81.38003800002468,28.598861000178214],[-81.37995400035909,28.599009999991964],[-81.37994599996316,28.599024999733892],[-81.3799130003512,28.599092000079843],[-81.37989900010751,28.59915199977659],[-81.37990099975733,28.599192000081246],[-81.3799200000239,28.599221000213696],[-81.3799419997652,28.5992310002847],[-81.3799900003441,28.59924800016663],[-81.38050900020288,28.5992410003548],[-81.38229599993294,28.59921599978346],[-81.3828919997846,28.599208999969495]]]},"properties":{"block_id":"120950190003044","school_id":"sch_killarney_elementary","kids_est":0,"class":"green","shortest":{"len_m":856.5,"mean_c":37.6,"peak_c":37.6,"dose":54.7},"coolest":{"len_m":856.5,"mean_c":37.6,"peak_c":37.6,"dose":54.7},"delta_mean_c":0.0,"delta_dose_pct":0,"distance_mi":0.248,"status_now":"walk","status_rec":"walk","reason":"Shortest route already under threshold (dose 55).","safe_until_hour":null}},{"type":"Feature","geometry":{"type":"Polygon","coordinates":[[[-81.3793080002787,28.594004000089978],[-81.37929999988279,28.593931999762606],[-81.37927399994354,28.593853000003875],[-81.37925200020221,28.59378699961088],[-81.37921000036943,28.593623999908687],[-81.37920600017146,28.593576000311128],[-81.37892300031424,28.593580000081253],[-81.37845600033401,28.593586000130525],[-81.37798799963056,28.593592000179402],[-81.37775500000205,28.59359499980935],[-81.37761400043506,28.593597000088458],[-81.37752099965032,28.59359900036753],[-81.37742699993899,28.59359100003981],[-81.3774350003349,28.593869999966998],[-81.37744000035778,28.5940249997818],[-81.37781299972838,28.594019999893103],[-81.3789340001849,28.59400699970817],[-81.3793080002787,28.594004000089978]]]},"properties":{"block_id":"120950190001007","school_id":"sch_killarney_elementary","kids_est":2,"class":"green","shortest":{"len_m":873.3,"mean_c":37.38,"peak_c":37.6,"dose":53.4},"coolest":{"len_m":873.3,"mean_c":37.38,"peak_c":37.6,"dose":53.4},"delta_mean_c":0.0,"delta_dose_pct":0,"distance_mi":0.292,"status_now":"walk","status_rec":"walk","reason":"Shortest route already under threshold (dose 53).","safe_until_hour":null}},{"type":"Feature","geometry":{"type":"Polygon","coordinates":[[[-81.37744000035778,28.5940249997818],[-81.3774350003349,28.593869999966998],[-81.37742699993899,28.59359100003981],[-81.37719400031048,28.593586000130525],[-81.3765699999714,28.593583999851216],[-81.3759499998303,28.593582999711547],[-81.37544699986506,28.59358200036064],[-81.37536700039743,28.59358200036064],[-81.3753720004203,28.593869999966998],[-81.37537499989503,28.59402200016412],[-81.37578800034692,28.59402200016412],[-81.37702699990591,28.594023999646332],[-81.37744000035778,28.5940249997818]]]},"properties":{"block_id":"120950190001019","school_id":"sch_killarney_elementary","kids_est":0,"class":"green","shortest":{"len_m":1097.1,"mean_c":37.28,"peak_c":37.6,"dose":65.6},"coolest":{"len_m":1099.5,"mean_c":37.26,"peak_c":37.6,"dose":65.4},"delta_mean_c":-0.02,"delta_dose_pct":0,"distance_mi":0.404,"status_now":"walk","status_rec":"walk","reason":"Shortest route already under threshold (dose 66).","safe_until_hour":null}},{"type":"Feature","geometry":{"type":"Polygon","coordinates":[[[-81.37869099961233,28.59596000036833],[-81.37874900023697,28.595780999770806],[-81.37865700017547,28.595772999609178],[-81.37849300014393,28.595773999728006],[-81.37772499986481,28.59578400012698],[-81.37746999959668,28.595787999813073],[-81.37747200014483,28.5959689998439],[-81.37747899981751,28.596511999643663],[-81.37748200019057,28.596694000115182],[-81.37764600022211,28.59668499991294],[-81.37767200016137,28.59668399980279],[-81.37824299989867,28.59667500038838],[-81.378384000364,28.596673000167847],[-81.37843200004455,28.596658000090244],[-81.37845899980873,28.59663900035693],[-81.37848599957292,28.596601000091265],[-81.37851900008319,28.596497000331762],[-81.37869099961233,28.59596000036833]]]},"properties":{"block_id":"120950190001002","school_id":"sch_killarney_elementary","kids_est":0,"class":"green","shortest":{"len_m":1058.8,"mean_c":37.36,"peak_c":37.6,"dose":64.3},"coolest":{"len_m":1058.8,"mean_c":37.36,"peak_c":37.6,"dose":64.3},"delta_mean_c":0.0,"delta_dose_pct":0,"distance_mi":0.297,"status_now":"walk","status_rec":"walk","reason":"Shortest route already under threshold (dose 64).","safe_until_hour":null}},{"type":"Feature","geometry":{"type":"Polygon","coordinates":[[[-81.38460999991771,28.592581000118575],[-81.38460999991771,28.5925209998257],[-81.38460700044298,28.59224399977798],[-81.38460400006991,28.59190800009014],[-81.38459300019926,28.591415999680066],[-81.38458700035149,28.591140000038656],[-81.38458099960539,28.590793999893325],[-81.38456399988695,28.58975900025189],[-81.38455899986408,28.58941399968464],[-81.38435399982467,28.58941600004329],[-81.38374299990441,28.589422999720693],[-81.38353899968989,28.58942600025836],[-81.38353799986497,28.58952499981234],[-81.38354299988785,28.589773000349297],[-81.38356399980425,28.5908160003924],[-81.38357100037527,28.59116400000196],[-81.38357399984999,28.591421999852855],[-81.38358399989573,28.59219699970314],[-81.38358600044387,28.592316999835734],[-81.38358800009368,28.59245600032427],[-81.38366400026167,28.592455000173864],[-81.38410100010469,28.59244900006003],[-81.38410299975452,28.59258700022488],[-81.3845389997726,28.592581000118575],[-81.38460999991771,28.592581000118575]]]},"properties":{"block_id":"120950153002015","school_id":"sch_killarney_elementary","kids_est":6,"class":"green","shortest":{"len_m":1024.3,"mean_c":37.6,"peak_c":37.6,"dose":66.1},"coolest":{"len_m":1024.3,"mean_c":37.6,"peak_c":37.6,"dose":66.1},"delta_mean_c":0.0,"delta_dose_pct":0,"distance_mi":0.309,"status_now":"walk","status_rec":"walk","reason":"Shortest route already under threshold (dose 66).","safe_until_hour":null}},{"type":"Feature","geometry":{"type":"Polygon","coordinates":[[[-81.37841699997594,28.592211999628596],[-81.37840899958003,28.59175800030529],[-81.37790999981274,28.591763999669787],[-81.3779140000107,28.59199500018277],[-81.3774779999926,28.59200100032246],[-81.3773990003499,28.592002999843118],[-81.37740099999971,28.592149000242742],[-81.37740299964953,28.592227000340678],[-81.37758000009985,28.592222999730367],[-81.37779799965975,28.592218999908603],[-81.37811400002725,28.592215000086696],[-81.37829300012739,28.592213999934014],[-81.37836300044759,28.592212999781303],[-81.37841699997594,28.592211999628596]]]},"properties":{"block_id":"120950190001049","school_id":"sch_killarney_elementary","kids_est":0,"class":"green","shortest":{"len_m":838.0,"mean_c":37.46,"peak_c":37.6,"dose":51.8},"coolest":{"len_m":838.4,"mean_c":37.41,"peak_c":37.6,"dose":51.5},"delta_mean_c":-0.05,"delta_dose_pct":-1,"distance_mi":0.371,"status_now":"walk","status_rec":"walk","reason":"Shortest route already under threshold (dose 52).","safe_until_hour":null}},{"type":"Feature","geometry":{"type":"Polygon","coordinates":[[[-81.37117799992072,28.585864999832463],[-81.37113899956266,28.583715000087768],[-81.37114100011081,28.58363599975108],[-81.370141999853,28.58364899964082],[-81.37014500022606,28.583739999612742],[-81.370141999853,28.584388999937577],[-81.37015100007385,28.585038000201024],[-81.3701550002718,28.585861999981947],[-81.37111299962339,28.585864999832463],[-81.37117799992072,28.585864999832463]]]},"properties":{"block_id":"120950190002014","school_id":"sch_killarney_elementary","kids_est":2,"class":"red","shortest":{"len_m":2524.9,"mean_c":37.11,"peak_c":37.6,"dose":144.2},"coolest":{"len_m":2569.5,"mean_c":36.93,"peak_c":37.6,"dose":140.4},"delta_mean_c":-0.18,"delta_dose_pct":-3,"distance_mi":1.036,"status_now":"walk","status_rec":"bus_eligible","reason":"Coolest route mean 36.9C exceeds threshold (110 C-min dose, actual 140).","safe_until_hour":"13:00"}},{"type":"Feature","geometry":{"type":"Polygon","coordinates":[[[-81.36816199977909,28.5845629998737],[-81.36815299955825,28.584049000256005],[-81.36815299955825,28.583634000071292],[-81.36803999958035,28.58360599981741],[-81.36790700040928,28.5835529999925],[-81.36784700013482,28.58352199979975],[-81.3677829996624,28.58347000016841],[-81.36774500002757,28.583503000058776],[-81.36620199979664,28.58483200023287],[-81.36592700033535,28.585077000134234],[-81.36525000029283,28.58565499983537],[-81.36517400012484,28.585709999818835],[-81.36506699999472,28.58581200035736],[-81.36530600036933,28.58581800006115],[-81.3660930000167,28.58581800006115],[-81.36665999955605,28.585838999810516],[-81.36666799995197,28.585782000255655],[-81.36669800008919,28.58569899982444],[-81.36674800031791,28.585624000262307],[-81.36679199980053,28.58558000024188],[-81.3668679999685,28.58551700003716],[-81.36740600009385,28.585041000075048],[-81.36776400029414,28.584734999863006],[-81.36779400043136,28.584711000009825],[-81.36789200034066,28.584636999967806],[-81.36796699978542,28.584600999757964],[-81.36804799997627,28.584576999874137],[-81.36813300036509,28.5845629998737],[-81.36816199977909,28.5845629998737]]]},"properties":{"block_id":"120950190002010","school_id":"sch_killarney_elementary","kids_est":6,"class":"red","shortest":{"len_m":2920.5,"mean_c":37.06,"peak_c":37.6,"dose":164.7},"coolest":{"len_m":2965.1,"mean_c":36.9,"peak_c":37.6,"dose":160.9},"delta_mean_c":-0.16,"delta_dose_pct":-2,"distance_mi":1.207,"status_now":"walk","status_rec":"bus_eligible","reason":"Coolest route mean 36.9C exceeds threshold (110 C-min dose, actual 161).","safe_until_hour":"13:00"}},{"type":"Feature","geometry":{"type":"Polygon","coordinates":[[[-81.3955999998834,28.595438000281266],[-81.39542800035427,28.595315000187107],[-81.39541900013346,28.595309000236533],[-81.39492200001598,28.594938999731244],[-81.39480599966504,28.594852999836576],[-81.39475899980937,28.594807000267537],[-81.39470100008305,28.59475000005349],[-81.39466000007516,28.594709999635814],[-81.39461200039459,28.594655999757542],[-81.39455100029521,28.594587000267175],[-81.39453799987642,28.594569000289788],[-81.39449000019584,28.59450399968846],[-81.39443099974629,28.594424000228035],[-81.39437300001998,28.594328000164133],[-81.39431199992062,28.594226000000223],[-81.39405599982759,28.59378000022405],[-81.39395200007051,28.593597000088458],[-81.39389000014623,28.59350300033893],[-81.39385800035919,28.59347300006549],[-81.39384800031344,28.593463000235406],[-81.39377299997037,28.593413000281746],[-81.39368799958156,28.593374999638538],[-81.39359800006817,28.59335200032191],[-81.39342499981582,28.59332200000543],[-81.39327199965494,28.593296000250024],[-81.39324800026381,28.593358999737237],[-81.39320800008083,28.59341499977555],[-81.39319200018733,28.593428000033697],[-81.3928399998348,28.59374100036411],[-81.39272299965893,28.593845999832734],[-81.39293899956901,28.59402200016412],[-81.39306199959266,28.594146999673764],[-81.39324200041602,28.59432999964052],[-81.39345099975509,28.594569999631318],[-81.3935649995579,28.59472999984652],[-81.39363900007606,28.594855000091727],[-81.3937050001983,28.595006999653236],[-81.3937400003584,28.5951110000983],[-81.39377499962018,28.595271000278814],[-81.39377600034342,28.59528099993689],[-81.39378800003898,28.595378000041748],[-81.39380200028268,28.595734999819147],[-81.39417800002632,28.595731000131032],[-81.39503099979592,28.595721999846337],[-81.39512299985745,28.59571300034955],[-81.39521300026912,28.595693999656728],[-81.39529899958454,28.59566299988875],[-81.39537899995048,28.59562299981844],[-81.3954169995853,28.595599000084505],[-81.3955999998834,28.595438000281266]]]},"properties":{"block_id":"120950153003020","school_id":"sch_killarney_elementary","kids_est":4,"class":"green","shortest":{"len_m":1735.5,"mean_c":37.53,"peak_c":37.6,"dose":109.5},"coolest":{"len_m":1735.5,"mean_c":37.53,"peak_c":37.6,"dose":109.5},"delta_mean_c":0.0,"delta_dose_pct":0,"distance_mi":0.685,"status_now":"walk","status_rec":"walk","reason":"Shortest route already under threshold (dose 110).","safe_until_hour":null}},{"type":"Feature","geometry":{"type":"Polygon","coordinates":[[[-81.37082599956821,28.593155999939786],[-81.37081300004773,28.592356000223994],[-81.37040100031909,28.592353999921272],[-81.3703100000825,28.592353999921272],[-81.37030500005962,28.59207899974149],[-81.37030300040979,28.591945000319654],[-81.37030000003676,28.59180399963103],[-81.37029800038692,28.591666000015852],[-81.3702959998388,28.59152900037873],[-81.37029400018898,28.591390999613836],[-81.37029199964084,28.591297000257896],[-81.37029099981592,28.59123999971811],[-81.37039999959588,28.591240999880068],[-81.37069199967392,28.591240999880068],[-81.37079299995625,28.591242000042023],[-81.37079200013133,28.59121599977217],[-81.3707750004129,28.591114999906754],[-81.37076899966681,28.59109099993227],[-81.37075000029854,28.591017999811882],[-81.37069599987188,28.590811000351074],[-81.37069199967392,28.590769999845545],[-81.37060200016055,28.590768000301452],[-81.370177999838,28.590768000301452],[-81.3701770000131,28.59070399988317],[-81.36974000017011,28.59070100017072],[-81.3696559996062,28.590702000337807],[-81.36966499982704,28.590987000242524],[-81.36966800020008,28.591082000039062],[-81.36966999984989,28.59116400000196],[-81.36967099967482,28.591180999611147],[-81.36970300036018,28.591478000134327],[-81.36971400023083,28.59157800028098],[-81.36971800042879,28.591617000154685],[-81.36972099990354,28.591692000174408],[-81.36972900029946,28.591885999819592],[-81.36972900029946,28.592035000056125],[-81.36972900029946,28.592149999607283],[-81.36973500014723,28.59223200031467],[-81.36975900043667,28.5923469996503],[-81.36985999982072,28.59264799983988],[-81.36988699958489,28.592806000320284],[-81.3698949999808,28.592924000254634],[-81.36989800035386,28.59296100012653],[-81.36990300037672,28.59312299992398],[-81.36999899973787,28.593126999711334],[-81.37023999976229,28.59313799971737],[-81.3702890001661,28.59313899986126],[-81.37032400032619,28.593140000005103],[-81.37032099995315,28.59300900000493],[-81.37031599993027,28.592715999666403],[-81.37031400028046,28.5926359996339],[-81.37039499957301,28.592635000273987],[-81.37046999991607,28.5926359996339],[-81.37047599976385,28.59302399981451],[-81.37047400011403,28.593144999935646],[-81.37082599956821,28.593155999939786]]]},"properties":{"block_id":"120950190001037","school_id":"sch_killarney_elementary","kids_est":0,"class":"green","shortest":{"len_m":1720.9,"mean_c":36.98,"peak_c":37.6,"dose":95.2},"coolest":{"len_m":1722.1,"mean_c":36.95,"peak_c":37.6,"dose":94.6},"delta_mean_c":-0.03,"delta_dose_pct":-1,"distance_mi":0.803,"status_now":"walk","status_rec":"walk","reason":"Shortest route already under threshold (dose 95).","safe_until_hour":null}},{"type":"Feature","geometry":{"type":"Polygon","coordinates":[[[-81.36938699999268,28.593536000235375],[-81.36939500038861,28.593115999704217],[-81.36926099959598,28.593115000348874],[-81.36885899991309,28.59311199991646],[-81.36872599984369,28.59311199991646],[-81.36872199964573,28.593475999698846],[-81.3687119996,28.594568000159498],[-81.36870999995017,28.59485899981318],[-81.3687049999273,28.594887000225235],[-81.36867999981294,28.594924000194926],[-81.36865300004877,28.594940999984768],[-81.36862200008662,28.59494900020973],[-81.36850900010872,28.59494900020973],[-81.36799199989977,28.594951999800966],[-81.3679790003793,28.594952999927603],[-81.36788999979252,28.59496599999553],[-81.36784899978463,28.59497900006185],[-81.3678100003249,28.594996999969023],[-81.36760299973734,28.595105000136087],[-81.367473000041,28.595189000364616],[-81.36729300011595,28.595335000282766],[-81.3668949997327,28.595680999678773],[-81.3668450004023,28.595733000369478],[-81.36679500017357,28.595798000210795],[-81.36676000001347,28.595852000291046],[-81.36674499994486,28.595879999649817],[-81.36649399987469,28.596351999774846],[-81.36643000030058,28.596474000120814],[-81.36640000016337,28.59650099999072],[-81.36634800028484,28.596520999860704],[-81.36614800026828,28.596523000084126],[-81.36538300036221,28.596532000300222],[-81.36512800009409,28.596535999957872],[-81.36513099956882,28.59676199969044],[-81.36514099961458,28.59739800031525],[-81.36513999978966,28.597441000018968],[-81.36513800013984,28.597668000272478],[-81.3651359995917,28.597947999729136],[-81.365128999919,28.598787999933023],[-81.36512800009409,28.59906899964806],[-81.36512700026917,28.59933000006885],[-81.36512499972103,28.60011199973048],[-81.36512499972103,28.600301000019105],[-81.36512499972103,28.600374000002027],[-81.36512499972103,28.6004710001386],[-81.36512499972103,28.600764000153703],[-81.36512600044428,28.60086200000065],[-81.36541400032436,28.600869999774847],[-81.36551999973125,28.600872999985796],[-81.36588499960423,28.600874000056102],[-81.36627799996462,28.600869999774847],[-81.36656699966962,28.60086799963422],[-81.36656800039286,28.600755000299962],[-81.36657300041573,28.600419000214732],[-81.36657500006554,28.6003069996847],[-81.3671500000008,28.600308999836063],[-81.36717599994009,28.600316000365474],[-81.36720899955205,28.60033500022277],[-81.3672250003439,28.600367000265198],[-81.36722399962065,28.600792999852352],[-81.36722100014592,28.600813999765087],[-81.36720199987934,28.600843000238644],[-81.36734599981939,28.600864000141453],[-81.36734599981939,28.60206799990565],[-81.36738600000237,28.602099000150435],[-81.3676220000039,28.602308000366126],[-81.36770099964663,28.602364000368407],[-81.36778600003544,28.602412999951543],[-81.36787700027205,28.602452999803564],[-81.36802600023496,28.602497999914664],[-81.36816400032723,28.60252299970514],[-81.36823700012215,28.60252900003252],[-81.3682479999928,28.602531000141582],[-81.3687340002396,28.602548000278375],[-81.36879000031612,28.602548000278375],[-81.36883399979872,28.60254900033274],[-81.36893500008105,28.602550000387083],[-81.36892500003532,28.601892999700855],[-81.36892199966228,28.60086799963422],[-81.36892699968514,28.600792999852352],[-81.36892500003532,28.600753000157084],[-81.36887099960866,28.60051300008863],[-81.36886700030901,28.600496999696507],[-81.36883700017177,28.600489999967806],[-81.36862600028458,28.600366000190082],[-81.36849900006297,28.600338999735666],[-81.36823299992419,28.600283000231595],[-81.36795900028781,28.600205999878987],[-81.36765299996605,28.60001399997283],[-81.36722899964353,28.599607000371513],[-81.36708600042671,28.5994910002197],[-81.36701100008364,28.599418999707535],[-81.36695500000714,28.59936499988261],[-81.36683000033368,28.59921599978346],[-81.36672999987624,28.59902900008532],[-81.36668999969328,28.59892400027346],[-81.36663600016492,28.5987820001807],[-81.36656800039286,28.598567000286106],[-81.36652400001194,28.598471000062705],[-81.36649300004977,28.598401999921904],[-81.366479999631,28.598324999768476],[-81.36648600037708,28.598099000242005],[-81.36646799993541,28.598005999883927],[-81.36643000030058,28.597906999641253],[-81.36641100003402,28.59751100010428],[-81.36643600014838,28.597274000044095],[-81.36651200031635,28.597053000368387],[-81.36657300041573,28.596877999699462],[-81.36661699989833,28.59660800007899],[-81.36662699994409,28.596587000114468],[-81.3666910004165,28.596454000241888],[-81.3668660003187,28.596178999746186],[-81.36697799957336,28.596052000054517],[-81.36700100003789,28.59602000027563],[-81.36708999972635,28.595904000108394],[-81.36715900022165,28.595804000133406],[-81.36735800041326,28.59551299994103],[-81.3674449995536,28.595425000271735],[-81.36751999989667,28.59537499967391],[-81.3676010000875,28.595336999739995],[-81.36771300024051,28.59529799966899],[-81.3678320000662,28.595271000278814],[-81.36792499995262,28.59523200018332],[-81.36796299958746,28.595193000073344],[-81.36802500041004,28.59516599986738],[-81.36825600038873,28.595149000113935],[-81.36838600008507,28.595170999701566],[-81.36852400017733,28.59522099960767],[-81.36865300004877,28.595290000259347],[-81.36871699962285,28.595324999841065],[-81.36879199996594,28.595324999841065],[-81.36885399989022,28.59525399975357],[-81.3689230003855,28.595209999819694],[-81.3690220001197,28.595176999660026],[-81.36911599983102,28.595159999908347],[-81.36925899994617,28.595159999908347],[-81.36927400001478,28.59516599986738],[-81.36926499979394,28.595221999731756],[-81.36931400019775,28.595233000307285],[-81.36935900040359,28.595233999642517],[-81.36936500025139,28.594795999647477],[-81.36938699999268,28.593536000235375]]]},"properties":{"block_id":"120950190003024","school_id":"sch_killarney_elementary","kids_est":5,"class":"red","shortest":{"len_m":2998.8,"mean_c":36.52,"peak_c":37.6,"dose":146.8},"coolest":{"len_m":2998.8,"mean_c":36.52,"peak_c":37.6,"dose":146.8},"delta_mean_c":0.0,"delta_dose_pct":0,"distance_mi":1.064,"status_now":"walk","status_rec":"bus_eligible","reason":"Coolest route mean 36.5C exceeds threshold (110 C-min dose, actual 147).","safe_until_hour":"13:00"}},{"type":"Feature","geometry":{"type":"Polygon","coordinates":[[[-81.36499900022265,28.58945499993019],[-81.3649950000247,28.58927300033409],[-81.36498499997896,28.588727999841236],[-81.36498199960592,28.58854699996301],[-81.36497800030625,28.588365000372647],[-81.36496700043561,28.58782299970044],[-81.36496400006257,28.58764199984179],[-81.36495999986461,28.58745500006154],[-81.36495599966665,28.587215999803377],[-81.36494999981886,28.586897000123912],[-81.36494899999394,28.586789999616535],[-81.364868999628,28.586793999644843],[-81.36482500014539,28.586805999728846],[-81.3647919996351,28.586814999988096],[-81.36472399986306,28.58685199964365],[-81.36450600030315,28.587037000092483],[-81.36394399988836,28.58751600028793],[-81.36390100023067,28.587560000286985],[-81.36388399961392,28.58758899968478],[-81.36387199991836,28.587620999663724],[-81.36386900044361,28.587680000190925],[-81.36387600011632,28.587945999884163],[-81.36388500033713,28.58821500026538],[-81.36388799981187,28.588344000338978],[-81.36389100018494,28.58856600037016],[-81.36390200005557,28.58923499977192],[-81.36390600025354,28.58945799967819],[-81.3639460004365,28.58945799967819],[-81.3640660000871,28.589458999857104],[-81.36410700009499,28.58946000003602],[-81.36428500037023,28.58946000003602],[-81.36468399968008,28.58946000003602],[-81.36482000012252,28.58945700028806],[-81.36499900022265,28.58945499993019]]]},"properties":{"block_id":"120950159012071","school_id":"sch_killarney_elementary","kids_est":0,"class":"red","shortest":{"len_m":2562.6,"mean_c":37.09,"peak_c":37.6,"dose":145.5},"coolest":{"len_m":2590.5,"mean_c":36.75,"peak_c":37.6,"dose":134.7},"delta_mean_c":-0.34,"delta_dose_pct":-7,"distance_mi":1.216,"status_now":"walk","status_rec":"bus_eligible","reason":"Coolest route mean 36.8C exceeds threshold (110 C-min dose, actual 135).","safe_until_hour":"14:00"}},{"type":"Feature","geometry":{"type":"Polygon","coordinates":[[[-81.38252699991162,28.59354800033856],[-81.38225800029811,28.593320999863266],[-81.38200499967981,28.59310800012852],[-81.38170699975397,28.593105999840112],[-81.38146699955445,28.593109000272705],[-81.38128800035264,28.593110999772286],[-81.3808919996192,28.593116999848338],[-81.38057399960188,28.59312500021206],[-81.38054299963974,28.59346200009458],[-81.3805390003401,28.593567999981733],[-81.3805259999213,28.593631000094625],[-81.3806599998156,28.593627999676993],[-81.38086300020518,28.59362700032651],[-81.38103399990942,28.59362500004797],[-81.38154799974532,28.59361799986159],[-81.3815469999204,28.59350100005804],[-81.38180600038649,28.593497999636632],[-81.38186800031077,28.593486999668343],[-81.38190900031866,28.59347900012088],[-81.38224900007728,28.593516999937727],[-81.38252699991162,28.59354800033856]]]},"properties":{"block_id":"120950190001015","school_id":"sch_killarney_elementary","kids_est":0,"class":"green","shortest":{"len_m":549.5,"mean_c":37.49,"peak_c":37.6,"dose":34.2},"coolest":{"len_m":549.5,"mean_c":37.49,"peak_c":37.6,"dose":34.2},"delta_mean_c":0.0,"delta_dose_pct":0,"distance_mi":0.162,"status_now":"walk","status_rec":"walk","reason":"Shortest route already under threshold (dose 34).","safe_until_hour":null}},{"type":"Feature","geometry":{"type":"Polygon","coordinates":[[[-81.35067900029597,28.594148999942302],[-81.35065199963347,28.593276999908994],[-81.3506530003567,28.593214000372633],[-81.35039700026365,28.59321800015654],[-81.35028000008779,28.593219999654032],[-81.35017899980545,28.59323099965026],[-81.35008000007124,28.593253999782153],[-81.34995100019982,28.593300000030798],[-81.34988500007758,28.593335000275076],[-81.34979700021402,28.59339799973892],[-81.34970500015253,28.593486999668343],[-81.34952199985442,28.59366600022874],[-81.34961399991592,28.5937549999312],[-81.34964700042622,28.59378600026191],[-81.34972100004605,28.593907000294678],[-81.35024499992771,28.593901000263713],[-81.35025400014852,28.59415100021086],[-81.35067900029597,28.594148999942302]]]},"properties":{"block_id":"120950160011051","school_id":"sch_killarney_elementary","kids_est":0,"class":"red","shortest":{"len_m":3646.0,"mean_c":36.61,"peak_c":37.6,"dose":183.2},"coolest":{"len_m":3646.0,"mean_c":36.61,"peak_c":37.6,"dose":183.2},"delta_mean_c":0.0,"delta_dose_pct":0,"distance_mi":1.984,"status_now":"walk","status_rec":"bus_eligible","reason":"Coolest route mean 36.6C exceeds threshold (110 C-min dose, actual 183).","safe_until_hour":"12:00"}},{"type":"Feature","geometry":{"type":"Polygon","coordinates":[[[-81.3491269998442,28.58497599989308],[-81.34912000017151,28.584646999848612],[-81.34910900030086,28.58405799996245],[-81.34910799957764,28.583659999849672],[-81.34910799957764,28.58333099963198],[-81.34910199972984,28.58307900029642],[-81.34910000008003,28.58245899979893],[-81.34909599988207,28.58235400000155],[-81.3483950004484,28.582359999902646],[-81.34828999996812,28.582361000149078],[-81.34797500032387,28.582365999803397],[-81.34787099966846,28.58236800029614],[-81.34788599973709,28.58286600032135],[-81.34789900015588,28.583243000020282],[-81.34790699965347,28.584362000112108],[-81.34791000002652,28.58472699964966],[-81.3478930003081,28.58479899997071],[-81.34786399999577,28.584851999956417],[-81.34796600010303,28.58489699971495],[-81.34810900021817,28.584942999676123],[-81.34820899977727,28.584964000389046],[-81.34836000028832,28.584981999644576],[-81.34877600021494,28.58498299986606],[-81.34886999992626,28.584981000211904],[-81.3491269998442,28.58497599989308]]]},"properties":{"block_id":"120950161002008","school_id":"sch_killarney_elementary","kids_est":0,"class":"red","shortest":{"len_m":4561.9,"mean_c":36.77,"peak_c":37.6,"dose":238.6},"coolest":{"len_m":4583.7,"mean_c":36.71,"peak_c":37.6,"dose":236.3},"delta_mean_c":-0.06,"delta_dose_pct":-1,"distance_mi":2.233,"status_now":"bus","status_rec":"bus_eligible","reason":"Coolest route mean 36.7C exceeds threshold (110 C-min dose, actual 236).","safe_until_hour":"11:00"}},{"type":"Feature","geometry":{"type":"Polygon","coordinates":[[[-81.38388600001953,28.59447399970078],[-81.38438300013699,28.594898000047078],[-81.38338999972699,28.593783999986403],[-81.38327799957398,28.593632000233836],[-81.38323900011424,28.593627999676993],[-81.38284699957877,28.593583999851216],[-81.38316299994626,28.593850999729717],[-81.38353600021516,28.594165999857537],[-81.38362599972854,28.59425200031431],[-81.38388600001953,28.59447399970078]]]},"properties":{"block_id":"120950153001028","school_id":"sch_killarney_elementary","kids_est":0,"class":"green","shortest":{"len_m":866.6,"mean_c":37.6,"peak_c":37.6,"dose":55.8},"coolest":{"len_m":870.2,"mean_c":37.54,"peak_c":37.6,"dose":54.7},"delta_mean_c":-0.06,"delta_dose_pct":-2,"distance_mi":0.097,"status_now":"walk","status_rec":"walk","reason":"Shortest route already under threshold (dose 56).","safe_until_hour":null}},{"type":"Feature","geometry":{"type":"Polygon","coordinates":[[[-81.35891800043389,28.597687999920392],[-81.35890699966492,28.597530999782066],[-81.35889999999222,28.59686499986803],[-81.35887999990074,28.59584400013481],[-81.35859000037082,28.59584400013481],[-81.35772099980937,28.59584400013481],[-81.35743200010437,28.59584500025298],[-81.35731499992852,28.59584500025298],[-81.35696500012415,28.59584500025298],[-81.35684899977319,28.59584600037112],[-81.35684700012337,28.595919999622303],[-81.35684899977319,28.596014999693146],[-81.35686499966671,28.596524000195817],[-81.35687100041281,28.596694000115182],[-81.35688700030634,28.597692999634607],[-81.35891800043389,28.597687999920392]]]},"properties":{"block_id":"120950159012018","school_id":"sch_killarney_elementary","kids_est":0,"class":"red","shortest":{"len_m":3109.3,"mean_c":36.5,"peak_c":37.6,"dose":151.7},"coolest":{"len_m":3109.3,"mean_c":36.5,"peak_c":37.6,"dose":151.7},"delta_mean_c":0.0,"delta_dose_pct":0,"distance_mi":1.518,"status_now":"walk","status_rec":"bus_eligible","reason":"Coolest route mean 36.5C exceeds threshold (110 C-min dose, actual 152).","safe_until_hour":"13:00"}},{"type":"Feature","geometry":{"type":"Polygon","coordinates":[[[-81.3651359995917,28.597947999729136],[-81.36513800013984,28.597668000272478],[-81.3649380001233,28.59766900037328],[-81.36433999972351,28.597672999987644],[-81.36414100043018,28.597675000189135],[-81.36408000033082,28.597675000189135],[-81.36408000033082,28.59808400036791],[-81.36407199993488,28.598209999874722],[-81.36406699991203,28.598691999911512],[-81.36405000019359,28.598785999752717],[-81.36405600004137,28.59900200007613],[-81.36407399958472,28.599039000174642],[-81.36410999956973,28.599062999911784],[-81.36413999970695,28.599069999735544],[-81.36427799979921,28.59906899964806],[-81.36491499965875,28.59906899964806],[-81.36512800009409,28.59906899964806],[-81.365128999919,28.598787999933023],[-81.3651359995917,28.597947999729136]]]},"properties":{"block_id":"120950159012013","school_id":"sch_killarney_elementary","kids_est":0,"class":"red","shortest":{"len_m":2530.5,"mean_c":36.61,"peak_c":37.6,"dose":127.5},"coolest":{"len_m":2530.5,"mean_c":36.61,"peak_c":37.6,"dose":127.5},"delta_mean_c":0.0,"delta_dose_pct":0,"distance_mi":1.126,"status_now":"walk","status_rec":"bus_eligible","reason":"Coolest route mean 36.6C exceeds threshold (110 C-min dose, actual 128).","safe_until_hour":"14:00"}},{"type":"Feature","geometry":{"type":"Polygon","coordinates":[[[-81.36413300003426,28.59081799993559],[-81.36412700018649,28.59054600018728],[-81.36411200011786,28.58973100005143],[-81.36410700009499,28.58946000003602],[-81.3640660000871,28.589458999857104],[-81.3639460004365,28.58945799967819],[-81.36390600025354,28.58945799967819],[-81.36380800034425,28.58945700028806],[-81.36378999990258,28.58945499993019],[-81.36361099980245,28.589444999717895],[-81.36344599994601,28.589444000327653],[-81.36333100031827,28.589444000327653],[-81.36332899977013,28.589528999736597],[-81.36333100031827,28.589718000124837],[-81.36334399983873,28.590541000133115],[-81.36334899986161,28.5908160003924],[-81.36350500039555,28.5908160003924],[-81.3635720003427,28.590816999769615],[-81.36379599975038,28.59081799993559],[-81.36396399997986,28.59081799993559],[-81.36397599967543,28.59081799993559],[-81.36413300003426,28.59081799993559]]]},"properties":{"block_id":"120950159012059","school_id":"sch_killarney_elementary","kids_est":0,"class":"red","shortest":{"len_m":2425.7,"mean_c":36.8,"peak_c":37.6,"dose":128.4},"coolest":{"len_m":2435.5,"mean_c":36.75,"peak_c":37.6,"dose":126.6},"delta_mean_c":-0.05,"delta_dose_pct":-1,"distance_mi":1.213,"status_now":"walk","status_rec":"bus_eligible","reason":"Coolest route mean 36.8C exceeds threshold (110 C-min dose, actual 127).","safe_until_hour":"14:00"}},{"type":"Feature","geometry":{"type":"Polygon","coordinates":[[[-81.36350700004537,28.584042000220837],[-81.3634950003498,28.58402500024619],[-81.36349699999961,28.58392399978349],[-81.36349600017472,28.583896999838636],[-81.36349299980165,28.583450000181973],[-81.36349199997676,28.58330199984878],[-81.36311600023312,28.583304000323643],[-81.36294899982855,28.583300000162637],[-81.36160999981213,28.583273000057524],[-81.36132100010711,28.58327199981974],[-81.36108599993047,28.58327199981974],[-81.36077899978382,28.58327599998189],[-81.36078100033195,28.58342199987907],[-81.36078800000466,28.583858999699903],[-81.3607910003777,28.584005999807314],[-81.36119800008346,28.584007000038085],[-81.36133399962759,28.584008999710775],[-81.36296300007226,28.58403299972418],[-81.36350700004537,28.584042000220837]]]},"properties":{"block_id":"120950161003025","school_id":"sch_killarney_elementary","kids_est":1,"class":"red","shortest":{"len_m":3471.3,"mean_c":37.0,"peak_c":37.6,"dose":193.0},"coolest":{"len_m":3501.8,"mean_c":36.73,"peak_c":37.6,"dose":181.6},"delta_mean_c":-0.27,"delta_dose_pct":-6,"distance_mi":1.49,"status_now":"walk","status_rec":"bus_eligible","reason":"Coolest route mean 36.7C exceeds threshold (110 C-min dose, actual 182).","safe_until_hour":"13:00"}},{"type":"Feature","geometry":{"type":"Polygon","coordinates":[[[-81.36084599973097,28.587805000142424],[-81.36084499990605,28.58777499982055],[-81.36084400008114,28.58768800017967],[-81.36084400008114,28.58765900002044],[-81.36076100024046,28.587696000167796],[-81.36068900027045,28.58774999967725],[-81.36049400027677,28.587976000157237],[-81.36045400009381,28.588023999945307],[-81.36021100041957,28.5882970000981],[-81.35955000027057,28.589061999861883],[-81.35932500013966,28.589324000070647],[-81.35929699965226,28.589388999931074],[-81.35928800032973,28.589452000182103],[-81.35931400026901,28.589451000003123],[-81.35939399973665,28.589451000003123],[-81.35942100039914,28.589451000003123],[-81.35970500008128,28.5891210003693],[-81.360560000399,28.588133999771422],[-81.36084599973097,28.587805000142424]]]},"properties":{"block_id":"120950161003013","school_id":"sch_killarney_elementary","kids_est":0,"class":"red","shortest":{"len_m":3182.4,"mean_c":36.71,"peak_c":37.6,"dose":164.0},"coolest":{"len_m":3185.6,"mean_c":36.7,"peak_c":37.6,"dose":163.1},"delta_mean_c":-0.01,"delta_dose_pct":-1,"distance_mi":1.458,"status_now":"walk","status_rec":"bus_eligible","reason":"Coolest route mean 36.7C exceeds threshold (110 C-min dose, actual 163).","safe_until_hour":"13:00"}},{"type":"Feature","geometry":{"type":"Polygon","coordinates":[[[-81.37815099983717,28.589485999951357],[-81.37815400021022,28.58940599982723],[-81.37814900018735,28.58932299989046],[-81.3781039999815,28.589251000300912],[-81.37799699985138,28.58916199994033],[-81.37777400026863,28.58899500022148],[-81.37744799985539,28.58870199973843],[-81.37739799962667,28.58865199988675],[-81.37737500006045,28.58860700015767],[-81.37735300031915,28.588545000376627],[-81.3773359997024,28.58850100000092],[-81.37733999990034,28.58870699988006],[-81.37733999990034,28.5887250000724],[-81.37734099972526,28.588780000027544],[-81.3773420004485,28.58879900039262],[-81.37736699966453,28.588947000087895],[-81.3773919997789,28.588966999817604],[-81.37750800012984,28.589059000102576],[-81.37802399961556,28.589488000308656],[-81.37815099983717,28.589485999951357]]]},"properties":{"block_id":"120950153002021","school_id":"sch_killarney_elementary","kids_est":0,"class":"green","shortest":{"len_m":1225.9,"mean_c":37.37,"peak_c":37.6,"dose":74.2},"coolest":{"len_m":1226.3,"mean_c":37.34,"peak_c":37.6,"dose":73.9},"delta_mean_c":-0.03,"delta_dose_pct":0,"distance_mi":0.529,"status_now":"walk","status_rec":"walk","reason":"Shortest route already under threshold (dose 74).","safe_until_hour":null}},{"type":"Feature","geometry":{"type":"Polygon","coordinates":[[[-81.37176399972664,28.591060000384424],[-81.37176299990175,28.591016999647866],[-81.37175799987887,28.590708999929525],[-81.3717539996809,28.590399999927744],[-81.37174000033552,28.589787999831817],[-81.37173399958941,28.589482000025473],[-81.37162099961151,28.58948099984677],[-81.37128300040102,28.58947999966807],[-81.37117100024803,28.58947999966807],[-81.37107099979059,28.58947900027815],[-81.37077100021494,28.589478000099437],[-81.37067199958244,28.589478000099437],[-81.37067400013058,28.589700000102503],[-81.37068199962818,28.590369000176086],[-81.37068500000122,28.590592000043358],[-81.37068599982614,28.590705000050242],[-81.37069199967392,28.590769999845545],[-81.37069599987188,28.590811000351074],[-81.37075000029854,28.591017999811882],[-81.37076899966681,28.59109099993227],[-81.3708730003222,28.591089999768876],[-81.37095399961474,28.59108900039427],[-81.371211000431,28.59109099993227],[-81.371211000431,28.591060000384424],[-81.37170299962727,28.591060000384424],[-81.37176399972664,28.591060000384424]]]},"properties":{"block_id":"120950190001046","school_id":"sch_killarney_elementary","kids_est":0,"class":"green","shortest":{"len_m":1638.3,"mean_c":37.16,"peak_c":37.6,"dose":94.6},"coolest":{"len_m":1643.2,"mean_c":37.03,"peak_c":37.6,"dose":92.2},"delta_mean_c":-0.13,"delta_dose_pct":-3,"distance_mi":0.786,"status_now":"walk","status_rec":"walk","reason":"Shortest route already under threshold (dose 95).","safe_until_hour":null}},{"type":"Feature","geometry":{"type":"Polygon","coordinates":[[[-81.36706899980996,28.58946100021491],[-81.36706399978709,28.589280000021024],[-81.3670510002666,28.588736999936014],[-81.36704700006864,28.588556000073233],[-81.36663299979188,28.5885530002995],[-81.36602900044261,28.588549999736937],[-81.36557400015792,28.58854400018902],[-81.36539500005779,28.58854400018902],[-81.36498199960592,28.58854699996301],[-81.36498499997896,28.588727999841236],[-81.3649950000247,28.58927300033409],[-81.36499900022265,28.58945499993019],[-81.36541299960112,28.589456000109145],[-81.36665500043148,28.589458999857104],[-81.36706899980996,28.58946100021491]]]},"properties":{"block_id":"120950190002002","school_id":"sch_killarney_elementary","kids_est":0,"class":"red","shortest":{"len_m":2338.3,"mean_c":36.88,"peak_c":37.6,"dose":125.9},"coolest":{"len_m":2339.5,"mean_c":36.85,"peak_c":37.6,"dose":125.3},"delta_mean_c":-0.03,"delta_dose_pct":0,"distance_mi":1.109,"status_now":"walk","status_rec":"bus_eligible","reason":"Coolest route mean 36.9C exceeds threshold (110 C-min dose, actual 125).","safe_until_hour":"14:00"}},{"type":"Feature","geometry":{"type":"Polygon","coordinates":[[[-81.36702600015224,28.587649999833424],[-81.36702199995429,28.587467000070085],[-81.36701199990854,28.58692100026698],[-81.36700900043381,28.586739000228384],[-81.3668949997327,28.586735999614056],[-81.36659599998194,28.586735999614056],[-81.36654599975323,28.58673699981886],[-81.36617099983451,28.586716999664972],[-81.36535900007279,28.586712999633736],[-81.36494700034412,28.586711000012468],[-81.36494899999394,28.586789999616535],[-81.36494999981886,28.586897000123912],[-81.36495599966665,28.587215999803377],[-81.36495999986461,28.58745500006154],[-81.36496400006257,28.58764199984179],[-81.36537599979121,28.587643000037996],[-81.36661299970037,28.587648000229983],[-81.36702600015224,28.587649999833424]]]},"properties":{"block_id":"120950190002006","school_id":"sch_killarney_elementary","kids_est":0,"class":"red","shortest":{"len_m":2531.6,"mean_c":37.09,"peak_c":37.6,"dose":144.2},"coolest":{"len_m":2558.1,"mean_c":36.84,"peak_c":37.6,"dose":136.7},"delta_mean_c":-0.25,"delta_dose_pct":-5,"distance_mi":1.166,"status_now":"walk","status_rec":"bus_eligible","reason":"Coolest route mean 36.8C exceeds threshold (110 C-min dose, actual 137).","safe_until_hour":"14:00"}},{"type":"Feature","geometry":{"type":"Polygon","coordinates":[[[-81.38563199974172,28.590750999836743],[-81.38563199974172,28.590667000005617],[-81.38561400019837,28.589723999605745],[-81.38561000000043,28.589484999772694],[-81.38561099982532,28.589382000251394],[-81.38552200013689,28.58940300007774],[-81.38540199958797,28.58940400025718],[-81.38476899992638,28.589410999935385],[-81.38455899986408,28.58941399968464],[-81.38456399988695,28.58975900025189],[-81.38458099960539,28.590793999893325],[-81.38458700035149,28.591140000038656],[-81.38478900001786,28.591133999849824],[-81.38539499991525,28.591118999770504],[-81.38551399974095,28.591117000233037],[-81.38555800012189,28.591102000151338],[-81.38558900008402,28.59108099987558],[-81.3856090001755,28.591059000220746],[-81.38562800044207,28.591020000140023],[-81.38563199974172,28.59097800034036],[-81.38563199974172,28.590750999836743]]]},"properties":{"block_id":"120950153002029","school_id":"sch_killarney_elementary","kids_est":0,"class":"green","shortest":{"len_m":1186.8,"mean_c":37.6,"peak_c":37.6,"dose":76.5},"coolest":{"len_m":1186.8,"mean_c":37.6,"peak_c":37.6,"dose":76.5},"delta_mean_c":0.0,"delta_dose_pct":0,"distance_mi":0.374,"status_now":"walk","status_rec":"walk","reason":"Shortest route already under threshold (dose 76).","safe_until_hour":null}},{"type":"Feature","geometry":{"type":"Polygon","coordinates":[[[-81.37114100011081,28.58766700001078],[-81.37112000019441,28.586758000173486],[-81.37023800011247,28.586758000173486],[-81.36962399981914,28.58675400014383],[-81.36932000004555,28.58675199973451],[-81.36912400022695,28.58675100031866],[-81.36913900029556,28.58766099962368],[-81.36953900032866,28.58766099962368],[-81.36992699976786,28.58766099962368],[-81.37074000025281,28.587664999618834],[-81.37114100011081,28.58766700001078]]]},"properties":{"block_id":"120950190001067","school_id":"sch_killarney_elementary","kids_est":4,"class":"red","shortest":{"len_m":2095.7,"mean_c":37.19,"peak_c":37.6,"dose":121.9},"coolest":{"len_m":2140.3,"mean_c":36.97,"peak_c":37.6,"dose":118.1},"delta_mean_c":-0.22,"delta_dose_pct":-3,"distance_mi":0.951,"status_now":"walk","status_rec":"bus_eligible","reason":"Coolest route mean 37.0C exceeds threshold (110 C-min dose, actual 118).","safe_until_hour":"14:00"}},{"type":"Feature","geometry":{"type":"Polygon","coordinates":[[[-81.38485799961484,28.58827899983249],[-81.38488299972917,28.588261999754106],[-81.3847990000636,28.588133000368703],[-81.38466099997133,28.587904999838887],[-81.38413500043987,28.586940000179144],[-81.38370400044464,28.58617900001484],[-81.38360399998723,28.586204999952784],[-81.38174899958676,28.58661200017524],[-81.38168800038572,28.58662499969706],[-81.38164700037784,28.586643000245843],[-81.38167099976896,28.58665999979725],[-81.38325699965759,28.587791999977735],[-81.38332100013001,28.58783199987263],[-81.38340399997067,28.587888999893874],[-81.38348099996358,28.58794199989968],[-81.38388099999666,28.58822999997023],[-81.38426699978604,28.588515000265904],[-81.38430699996901,28.588539000039646],[-81.38435200017484,28.588556000073233],[-81.38439300018274,28.58856600037016],[-81.38444599988618,28.58857300010415],[-81.38448500024424,28.58857099972945],[-81.38454200014566,28.58856399999533],[-81.38458800017641,28.588549999736937],[-81.3846309998341,28.588529999927907],[-81.38466900036725,28.58850600015212],[-81.38470399962904,28.588474999841992],[-81.38472600026867,28.58844800027691],[-81.38473299994136,28.588440999745846],[-81.38478200034515,28.588373000309257],[-81.3847990000636,28.588348000308155],[-81.38483300039879,28.58830299966011],[-81.38485000011723,28.58828500018432],[-81.38485799961484,28.58827899983249]]]},"properties":{"block_id":"120950153002009","school_id":"sch_killarney_elementary","kids_est":6,"class":"green","shortest":{"len_m":1690.8,"mean_c":37.58,"peak_c":37.6,"dose":108.0},"coolest":{"len_m":1690.8,"mean_c":37.58,"peak_c":37.6,"dose":108.0},"delta_mean_c":0.0,"delta_dose_pct":0,"distance_mi":0.555,"status_now":"walk","status_rec":"walk","reason":"Shortest route already under threshold (dose 108).","safe_until_hour":null}},{"type":"Feature","geometry":{"type":"Polygon","coordinates":[[[-81.37742600011407,28.593164000300558],[-81.37742000026628,28.59297599994297],[-81.37740600002259,28.592528000085085],[-81.37740400037276,28.59241400030954],[-81.37740299964953,28.592227000340678],[-81.3773850001062,28.592218999908603],[-81.37727399977811,28.592222000366462],[-81.37677099981288,28.59222000006126],[-81.37649499962833,28.592218999908603],[-81.37623900043361,28.59222000006126],[-81.3760190003256,28.59222100021384],[-81.37530100027519,28.592217000392065],[-81.37487100010487,28.592215000086696],[-81.37445600000318,28.592212999781303],[-81.3742380004433,28.592212999781303],[-81.37406099999296,28.592212999781303],[-81.3739000003345,28.592212999781303],[-81.37353200008846,28.592213999934014],[-81.37335600036137,28.592215000086696],[-81.3733589998361,28.592405999891632],[-81.37336300003406,28.592595999989225],[-81.37337399990471,28.59287500019102],[-81.37337399990471,28.592979000379277],[-81.37337499972963,28.593170999728404],[-81.37377200028797,28.593170999728404],[-81.37496599964112,28.593174000159138],[-81.37536400002438,28.5931750003027],[-81.37577599975305,28.5931750003027],[-81.37680400032313,28.5931750003027],[-81.3770129996622,28.593170999728404],[-81.37742600011407,28.593164000300558]]]},"properties":{"block_id":"120950190001029","school_id":"sch_killarney_elementary","kids_est":0,"class":"green","shortest":{"len_m":1027.7,"mean_c":37.32,"peak_c":37.6,"dose":61.7},"coolest":{"len_m":1027.8,"mean_c":37.3,"peak_c":37.6,"dose":61.6},"delta_mean_c":-0.02,"delta_dose_pct":0,"distance_mi":0.487,"status_now":"walk","status_rec":"walk","reason":"Shortest route already under threshold (dose 62).","safe_until_hour":null}},{"type":"Feature","geometry":{"type":"Polygon","coordinates":[[[-81.37943700015013,28.586339000380182],[-81.37943299995219,28.586165000227695],[-81.37943200012727,28.586094000264065],[-81.37942999957912,28.58603599984708],[-81.3794270001044,28.585861999981947],[-81.37942600027948,28.58580499965073],[-81.37942299990644,28.585639999763227],[-81.37941500040881,28.58514799999574],[-81.37941299986069,28.58498400008756],[-81.37836799957213,28.585003999782238],[-81.37840100008243,28.586513000244793],[-81.37860199992387,28.586509000205798],[-81.37870099965808,28.58650799999888],[-81.37909300019356,28.586509000205798],[-81.37920699999638,28.58650500016671],[-81.3792649997227,28.586503999959692],[-81.37929800023296,28.58649599988086],[-81.37935799960911,28.58646800038905],[-81.37939000029448,28.58643700026686],[-81.37940399963986,28.586423999932965],[-81.3794270001044,28.5863769996227],[-81.37943200012727,28.586369000323025],[-81.37943700015013,28.586339000380182]]]},"properties":{"block_id":"120950153002019","school_id":"sch_killarney_elementary","kids_est":0,"class":"green","shortest":{"len_m":1827.6,"mean_c":37.29,"peak_c":37.6,"dose":108.6},"coolest":{"len_m":1828.0,"mean_c":37.27,"peak_c":37.6,"dose":108.3},"delta_mean_c":-0.02,"delta_dose_pct":0,"distance_mi":0.7,"status_now":"walk","status_rec":"walk","reason":"Shortest route already under threshold (dose 109).","safe_until_hour":null}},{"type":"Feature","geometry":{"type":"Polygon","coordinates":[[[-81.37844799993807,28.58948099984677],[-81.37844600028826,28.589396999789773],[-81.3784420000903,28.589147000368488],[-81.37844100026541,28.589064000227236],[-81.37843200004455,28.5885530002995],[-81.37840799975511,28.58702299963076],[-81.37840100008243,28.586513000244793],[-81.37836799957213,28.585003999782238],[-81.37738400028128,28.585013000195733],[-81.37727799997607,28.58501399962811],[-81.37727899980098,28.58506000032691],[-81.37729399986958,28.585867000258638],[-81.3773080001133,28.586777000115106],[-81.37731099958803,28.586956999682535],[-81.37731999980886,28.58750000028367],[-81.37732300018192,28.58768100038675],[-81.37732599965663,28.587886000101104],[-81.3773359997024,28.58850100000092],[-81.37735300031915,28.588545000376627],[-81.37737500006045,28.58860700015767],[-81.37739799962667,28.58865199988675],[-81.37744799985539,28.58870199973843],[-81.37777400026863,28.58899500022148],[-81.37799699985138,28.58916199994033],[-81.3781039999815,28.589251000300912],[-81.37814900018735,28.58932299989046],[-81.37815400021022,28.58940599982723],[-81.37815099983717,28.589485999951357],[-81.37816699973068,28.589485999951357],[-81.37822299980719,28.589484999772694],[-81.37839100003669,28.58948099984677],[-81.37844799993807,28.58948099984677]]]},"properties":{"block_id":"120950153002020","school_id":"sch_killarney_elementary","kids_est":2,"class":"green","shortest":{"len_m":1528.7,"mean_c":37.31,"peak_c":37.6,"dose":91.4},"coolest":{"len_m":1529.1,"mean_c":37.29,"peak_c":37.6,"dose":91.1},"delta_mean_c":-0.02,"delta_dose_pct":0,"distance_mi":0.642,"status_now":"walk","status_rec":"walk","reason":"Shortest route already under threshold (dose 91).","safe_until_hour":null}},{"type":"Feature","geometry":{"type":"Polygon","coordinates":[[[-81.35102099970442,28.5959460003061],[-81.35100900000884,28.595355999708673],[-81.35099300011532,28.59525600000105],[-81.35096899982587,28.595176999660026],[-81.35088900035825,28.594985000031276],[-81.35065500000651,28.594975999682628],[-81.35020499974473,28.594991000000334],[-81.34992799973529,28.595000000347635],[-81.34982499980313,28.59499800009523],[-81.34982399997821,28.595136000068628],[-81.34982499980313,28.595201000279083],[-81.34983499984887,28.59571700003836],[-81.34983300019904,28.59595399966582],[-81.35047099988351,28.59594799975171],[-81.35090000022889,28.595940999720092],[-81.35102099970442,28.5959460003061]]]},"properties":{"block_id":"120950160011027","school_id":"sch_killarney_elementary","kids_est":1,"class":"red","shortest":{"len_m":3671.7,"mean_c":36.58,"peak_c":37.6,"dose":182.9},"coolest":{"len_m":3671.7,"mean_c":36.58,"peak_c":37.6,"dose":182.9},"delta_mean_c":0.0,"delta_dose_pct":0,"distance_mi":1.969,"status_now":"walk","status_rec":"bus_eligible","reason":"Coolest route mean 36.6C exceeds threshold (110 C-min dose, actual 183).","safe_until_hour":"12:00"}},{"type":"Feature","geometry":{"type":"Polygon","coordinates":[[[-81.37786100030726,28.590195000382643],[-81.3778649996069,28.58993800006123],[-81.37778799961401,28.58987000001529],[-81.37761199988691,28.589716999948376],[-81.3775419995667,28.589656000210237],[-81.37744100018269,28.58956899975945],[-81.37743199996187,28.589617999786437],[-81.37742799976388,28.589889000183323],[-81.37742799976388,28.590186999795925],[-81.37786100030726,28.590195000382643]]]},"properties":{"block_id":"120950190001048","school_id":"sch_killarney_elementary","kids_est":0,"class":"green","shortest":{"len_m":1169.4,"mean_c":37.38,"peak_c":37.6,"dose":71.0},"coolest":{"len_m":1169.8,"mean_c":37.34,"peak_c":37.6,"dose":70.7},"delta_mean_c":-0.04,"delta_dose_pct":0,"distance_mi":0.486,"status_now":"walk","status_rec":"walk","reason":"Shortest route already under threshold (dose 71).","safe_until_hour":null}},{"type":"Feature","geometry":{"type":"Polygon","coordinates":[[[-81.35198900000006,28.593197999658052],[-81.35196499971062,28.592737999763266],[-81.35186000012864,28.592729000010998],[-81.35184199968697,28.592278000221775],[-81.3507660003346,28.5922959998027],[-81.35073000034959,28.592299999621513],[-81.3506969998393,28.592313000017544],[-81.3506600000294,28.59234500013619],[-81.35064999998366,28.59236000004053],[-81.35064099976282,28.59239099999386],[-81.3506530003567,28.593214000372633],[-81.35187799967198,28.59319999994472],[-81.35198900000006,28.593197999658052]]]},"properties":{"block_id":"120950160011040","school_id":"sch_killarney_elementary","kids_est":0,"class":"red","shortest":{"len_m":3456.2,"mean_c":36.63,"peak_c":37.6,"dose":174.5},"coolest":{"len_m":3458.7,"mean_c":36.63,"peak_c":37.6,"dose":174.4},"delta_mean_c":0.0,"delta_dose_pct":0,"distance_mi":1.924,"status_now":"walk","status_rec":"bus_eligible","reason":"Coolest route mean 36.6C exceeds threshold (110 C-min dose, actual 174).","safe_until_hour":"13:00"}},{"type":"Feature","geometry":{"type":"Polygon","coordinates":[[[-81.35025400014852,28.59415100021086],[-81.35024499992771,28.593901000263713],[-81.34972100004605,28.593907000294678],[-81.34981300010756,28.59402100002861],[-81.34984999991748,28.59405700016797],[-81.34991900041277,28.594124999871802],[-81.34994700000186,28.594141999790867],[-81.3499789997889,28.594152000345122],[-81.3501970002471,28.59415100021086],[-81.35025400014852,28.59415100021086]]]},"properties":{"block_id":"120950160011052","school_id":"sch_killarney_elementary","kids_est":0,"class":"red","shortest":{"len_m":3594.9,"mean_c":36.61,"peak_c":37.6,"dose":180.4},"coolest":{"len_m":3596.3,"mean_c":36.61,"peak_c":37.6,"dose":180.3},"delta_mean_c":0.0,"delta_dose_pct":0,"distance_mi":1.994,"status_now":"walk","status_rec":"bus_eligible","reason":"Coolest route mean 36.6C exceeds threshold (110 C-min dose, actual 180).","safe_until_hour":"12:00"}},{"type":"Feature","geometry":{"type":"Polygon","coordinates":[[[-81.35267699991323,28.593185000160187],[-81.3526740004385,28.592736999615546],[-81.35267000024055,28.592259999848995],[-81.3525909996995,28.592262000153497],[-81.35212100024454,28.59227499976547],[-81.3519980002209,28.59227499976547],[-81.35184199968697,28.592278000221775],[-81.35186000012864,28.592729000010998],[-81.35196499971062,28.592737999763266],[-81.35198900000006,28.593197999658052],[-81.35267699991323,28.593185000160187]]]},"properties":{"block_id":"120950160011045","school_id":"sch_killarney_elementary","kids_est":1,"class":"red","shortest":{"len_m":3276.4,"mean_c":36.64,"peak_c":37.6,"dose":165.7},"coolest":{"len_m":3278.9,"mean_c":36.64,"peak_c":37.6,"dose":165.6},"delta_mean_c":0.0,"delta_dose_pct":0,"distance_mi":1.863,"status_now":"walk","status_rec":"bus_eligible","reason":"Coolest route mean 36.6C exceeds threshold (110 C-min dose, actual 166).","safe_until_hour":"13:00"}},{"type":"Feature","geometry":{"type":"Polygon","coordinates":[[[-81.34982399997821,28.595136000068628],[-81.34982499980313,28.59499800009523],[-81.34974600016041,28.594993000252828],[-81.34935799982289,28.59499800009523],[-81.34935799982289,28.595201000279083],[-81.34982499980313,28.595201000279083],[-81.34982399997821,28.595136000068628]]]},"properties":{"block_id":"120950160011032","school_id":"sch_killarney_elementary","kids_est":0,"class":"red","shortest":{"len_m":3593.8,"mean_c":36.6,"peak_c":37.6,"dose":179.6},"coolest":{"len_m":3593.8,"mean_c":36.6,"peak_c":37.6,"dose":179.6},"delta_mean_c":0.0,"delta_dose_pct":0,"distance_mi":2.018,"status_now":"bus","status_rec":"bus_eligible","reason":"Coolest route mean 36.6C exceeds threshold (110 C-min dose, actual 180).","safe_until_hour":"12:00"}},{"type":"Feature","geometry":{"type":"Polygon","coordinates":[[[-81.34983300019904,28.59595399966582],[-81.34983499984887,28.59571700003836],[-81.34982499980313,28.595201000279083],[-81.34935799982289,28.595201000279083],[-81.34935799982289,28.59596000036833],[-81.34960899989306,28.59595700001712],[-81.34970099995458,28.59595599990002],[-81.34979300001608,28.595954999782933],[-81.34983300019904,28.59595399966582]]]},"properties":{"block_id":"120950160011028","school_id":"sch_killarney_elementary","kids_est":0,"class":"red","shortest":{"len_m":3652.9,"mean_c":36.59,"peak_c":37.6,"dose":182.3},"coolest":{"len_m":3652.9,"mean_c":36.59,"peak_c":37.6,"dose":182.3},"delta_mean_c":0.0,"delta_dose_pct":0,"distance_mi":2.018,"status_now":"bus","status_rec":"bus_eligible","reason":"Coolest route mean 36.6C exceeds threshold (110 C-min dose, actual 182).","safe_until_hour":"12:00"}},{"type":"Feature","geometry":{"type":"Polygon","coordinates":[[[-81.34656000013945,28.595037000277557],[-81.34657299965994,28.594732000104027],[-81.34635099990209,28.594648999639872],[-81.3463020003966,28.59469299980854],[-81.34628700032798,28.594707000037673],[-81.34608399993839,28.594913999714123],[-81.3461690003272,28.594976999809052],[-81.34624999961974,28.59501800025121],[-81.34630700041947,28.595035000025863],[-81.34640299978062,28.595039999866273],[-81.34656000013945,28.595037000277557]]]},"properties":{"block_id":"120950160011036","school_id":"sch_killarney_elementary","kids_est":0,"class":"red","shortest":{"len_m":3939.3,"mean_c":36.61,"peak_c":37.6,"dose":197.3},"coolest":{"len_m":3948.7,"mean_c":36.57,"peak_c":37.6,"dose":195.8},"delta_mean_c":-0.04,"delta_dose_pct":-1,"distance_mi":2.214,"status_now":"bus","status_rec":"bus_eligible","reason":"Coolest route mean 36.6C exceeds threshold (110 C-min dose, actual 196).","safe_until_hour":"12:00"}},{"type":"Feature","geometry":{"type":"Polygon","coordinates":[[[-81.37700699981441,28.591767000140674],[-81.37700099996664,28.591441999900454],[-81.37700000014172,28.591308999827945],[-81.37698099987516,28.591308999827945],[-81.37690499970718,28.591308999827945],[-81.37685100017882,28.591309999989253],[-81.3764439995747,28.59131100015055],[-81.37640599993989,28.59131100015055],[-81.37629200013707,28.59131100015055],[-81.37625500032715,28.59131100015055],[-81.37622000016705,28.59131100015055],[-81.37622099999197,28.591380000213785],[-81.37622799966464,28.591764999826758],[-81.37700699981441,28.591767000140674]]]},"properties":{"block_id":"120950190001043","school_id":"sch_killarney_elementary","kids_est":0,"class":"green","shortest":{"len_m":1086.8,"mean_c":37.38,"peak_c":37.6,"dose":66.2},"coolest":{"len_m":1087.2,"mean_c":37.35,"peak_c":37.6,"dose":65.9},"delta_mean_c":-0.03,"delta_dose_pct":0,"distance_mi":0.458,"status_now":"walk","status_rec":"walk","reason":"Shortest route already under threshold (dose 66).","safe_until_hour":null}},{"type":"Feature","geometry":{"type":"Polygon","coordinates":[[[-81.35743200010437,28.59584500025298],[-81.35742899973133,28.59574899990943],[-81.35742399970846,28.595548000237187],[-81.35742200005863,28.595462000052045],[-81.35742100023371,28.5954019998262],[-81.35741700003577,28.595367000270134],[-81.35730300023296,28.595368000392817],[-81.35726200022508,28.595368999726762],[-81.35696099992619,28.595368000392817],[-81.35684799994827,28.595368000392817],[-81.35684899977319,28.595463000173826],[-81.35685600034421,28.595755999953884],[-81.35684899977319,28.59584600037112],[-81.35696500012415,28.59584500025298],[-81.35731499992852,28.59584500025298],[-81.35743200010437,28.59584500025298]]]},"properties":{"block_id":"120950159012031","school_id":"sch_killarney_elementary","kids_est":0,"class":"red","shortest":{"len_m":3045.3,"mean_c":36.61,"peak_c":37.6,"dose":153.2},"coolest":{"len_m":3047.8,"mean_c":36.6,"peak_c":37.6,"dose":152.8},"delta_mean_c":-0.01,"delta_dose_pct":0,"distance_mi":1.56,"status_now":"walk","status_rec":"bus_eligible","reason":"Coolest route mean 36.6C exceeds threshold (110 C-min dose, actual 153).","safe_until_hour":"13:00"}},{"type":"Feature","geometry":{"type":"Polygon","coordinates":[[[-81.35887999990074,28.59584400013481],[-81.358877000426,28.595746999671327],[-81.35887099967991,28.59545800035353],[-81.35886900003008,28.59536199965657],[-81.35857799977695,28.59536399990204],[-81.35812000001754,28.595368999726762],[-81.35770699956568,28.595367000270134],[-81.35748800018087,28.595367000270134],[-81.35741700003577,28.595367000270134],[-81.35742100023371,28.5954019998262],[-81.35742200005863,28.595462000052045],[-81.35742399970846,28.595548000237187],[-81.35742899973133,28.59574899990943],[-81.35743200010437,28.59584500025298],[-81.35772099980937,28.59584400013481],[-81.35859000037082,28.59584400013481],[-81.35887999990074,28.59584400013481]]]},"properties":{"block_id":"120950159012032","school_id":"sch_killarney_elementary","kids_est":3,"class":"red","shortest":{"len_m":3047.6,"mean_c":36.58,"peak_c":37.6,"dose":151.3},"coolest":{"len_m":3061.8,"mean_c":36.52,"peak_c":37.6,"dose":150.4},"delta_mean_c":-0.06,"delta_dose_pct":-1,"distance_mi":1.499,"status_now":"walk","status_rec":"bus_eligible","reason":"Coolest route mean 36.5C exceeds threshold (110 C-min dose, actual 150).","safe_until_hour":"13:00"}},{"type":"Feature","geometry":{"type":"Polygon","coordinates":[[[-81.36107099986188,28.599722000313957],[-81.36105499996833,28.59905399991242],[-81.35894100000012,28.599057000175172],[-81.35893400032742,28.599219000041632],[-81.35895900044177,28.599626999650358],[-81.35895799971856,28.599731000256106],[-81.35998899976339,28.599733999710867],[-81.36107099986188,28.599722000313957]]]},"properties":{"block_id":"120950159011019","school_id":"sch_killarney_elementary","kids_est":3,"class":"red","shortest":{"len_m":3037.1,"mean_c":36.51,"peak_c":37.6,"dose":148.9},"coolest":{"len_m":3037.2,"mean_c":36.51,"peak_c":37.6,"dose":148.7},"delta_mean_c":0.0,"delta_dose_pct":0,"distance_mi":1.414,"status_now":"walk","status_rec":"bus_eligible","reason":"Coolest route mean 36.5C exceeds threshold (110 C-min dose, actual 149).","safe_until_hour":"13:00"}},{"type":"Feature","geometry":{"type":"Polygon","coordinates":[[[-81.35477099978996,28.59772200018071],[-81.35476999996507,28.597581000142963],[-81.35474599967561,28.596832000227977],[-81.35474800022375,28.596732999668188],[-81.3529000003943,28.596762999799854],[-81.35278599969318,28.596762999799854],[-81.35278900006624,28.59694399972911],[-81.35279499991401,28.597589000166927],[-81.35279300026419,28.597750999930042],[-81.35475300024663,28.59772200018071],[-81.35477099978996,28.59772200018071]]]},"properties":{"block_id":"120950159012020","school_id":"sch_killarney_elementary","kids_est":1,"class":"red","shortest":{"len_m":3486.1,"mean_c":36.46,"peak_c":37.6,"dose":168.2},"coolest":{"len_m":3486.1,"mean_c":36.46,"peak_c":37.6,"dose":168.2},"delta_mean_c":0.0,"delta_dose_pct":0,"distance_mi":1.769,"status_now":"walk","status_rec":"bus_eligible","reason":"Coolest route mean 36.5C exceeds threshold (110 C-min dose, actual 168).","safe_until_hour":"13:00"}},{"type":"Feature","geometry":{"type":"Polygon","coordinates":[[[-81.35685600034421,28.595755999953884],[-81.35684899977319,28.595463000173826],[-81.35684799994827,28.595368000392817],[-81.35684499957524,28.59527199961366],[-81.35683899972746,28.594985000031276],[-81.35683700007763,28.594889999818236],[-81.35673300032055,28.594887000225235],[-81.3567159997038,28.59488600009797],[-81.35652099971013,28.59488600009797],[-81.35635500002877,28.594888000352498],[-81.35623500037819,28.594890999945477],[-81.35623899967784,28.595082999745937],[-81.35625399974644,28.59566199976886],[-81.35625899976931,28.595854999856506],[-81.35637699977009,28.595852999620373],[-81.3567299999475,28.595846999700512],[-81.35684899977319,28.59584600037112],[-81.35685600034421,28.595755999953884]]]},"properties":{"block_id":"120950159012030","school_id":"sch_killarney_elementary","kids_est":2,"class":"red","shortest":{"len_m":3180.2,"mean_c":36.62,"peak_c":37.6,"dose":160.2},"coolest":{"len_m":3183.7,"mean_c":36.59,"peak_c":37.6,"dose":159.0},"delta_mean_c":-0.03,"delta_dose_pct":-1,"distance_mi":1.596,"status_now":"walk","status_rec":"bus_eligible","reason":"Coolest route mean 36.6C exceeds threshold (110 C-min dose, actual 159).","safe_until_hour":"13:00"}},{"type":"Feature","geometry":{"type":"Polygon","coordinates":[[[-81.35741700003577,28.595367000270134],[-81.35741799986067,28.595269000031575],[-81.3574120000129,28.594976999809052],[-81.35741100018798,28.594880000122895],[-81.35733300037016,28.594882000377538],[-81.35729599966194,28.594882000377538],[-81.35702000037573,28.59488499997068],[-81.35694199965961,28.59488499997068],[-81.35685299997115,28.59488399984339],[-81.35683700007763,28.594889999818236],[-81.35683899972746,28.594985000031276],[-81.35684499957524,28.59527199961366],[-81.35684799994827,28.595368000392817],[-81.35696099992619,28.595368000392817],[-81.35726200022508,28.595368999726762],[-81.35730300023296,28.595368000392817],[-81.35741700003577,28.595367000270134]]]},"properties":{"block_id":"120950159012038","school_id":"sch_killarney_elementary","kids_est":0,"class":"red","shortest":{"len_m":3003.7,"mean_c":36.62,"peak_c":37.6,"dose":151.3},"coolest":{"len_m":3005.4,"mean_c":36.61,"peak_c":37.6,"dose":151.1},"delta_mean_c":-0.01,"delta_dose_pct":0,"distance_mi":1.561,"status_now":"walk","status_rec":"bus_eligible","reason":"Coolest route mean 36.6C exceeds threshold (110 C-min dose, actual 151).","safe_until_hour":"13:00"}},{"type":"Feature","geometry":{"type":"Polygon","coordinates":[[[-81.36115399970254,28.603994000314206],[-81.36114600020494,28.603572999731036],[-81.36113899963392,28.60319600037929],[-81.3611239995653,28.60268599980227],[-81.36111799971752,28.6023099996907],[-81.36111799971752,28.60228800002004],[-81.36111299969467,28.601890000307733],[-81.3606850000725,28.601892999700855],[-81.35940200013256,28.601905999699063],[-81.3589750003353,28.601909999940865],[-81.35898000035817,28.602051999750362],[-81.35898200000798,28.60208299999979],[-81.35898799985576,28.602480999769796],[-81.35899100022883,28.602623999649982],[-81.3590039997493,28.60331799987819],[-81.3590170001681,28.604022999910136],[-81.35904999978005,28.604021999869804],[-81.35957000036205,28.604017999708443],[-81.36003499979414,28.604008000092946],[-81.36033699991793,28.60400700005246],[-81.36115399970254,28.603994000314206]]]},"properties":{"block_id":"120950159011003","school_id":"sch_killarney_elementary","kids_est":1,"class":"red","shortest":{"len_m":3494.7,"mean_c":36.46,"peak_c":37.6,"dose":168.5},"coolest":{"len_m":3494.7,"mean_c":36.46,"peak_c":37.6,"dose":168.5},"delta_mean_c":0.0,"delta_dose_pct":0,"distance_mi":1.478,"status_now":"walk","status_rec":"bus_eligible","reason":"Coolest route mean 36.5C exceeds threshold (110 C-min dose, actual 168).","safe_until_hour":"13:00"}},{"type":"Feature","geometry":{"type":"Polygon","coordinates":[[[-81.38461300029076,28.592887999727232],[-81.38460999991771,28.592634000125297],[-81.38460999991771,28.592581000118575],[-81.3845389997726,28.592581000118575],[-81.38410299975452,28.59258700022488],[-81.38410100010469,28.59244900006003],[-81.38366400026167,28.592455000173864],[-81.38358800009368,28.59245600032427],[-81.38358800009368,28.5924700000625],[-81.38358800009368,28.592510999904984],[-81.38358899991862,28.592525999785696],[-81.38358999974353,28.59262300006658],[-81.3835939999415,28.59291700002156],[-81.38359599959131,28.59301500008673],[-81.3837069999194,28.593012999796606],[-81.38393899972297,28.593011000295167],[-81.38404099983023,28.593011999651516],[-81.38415299998321,28.593013999941643],[-81.38423800037204,28.593018999878204],[-81.38430500031919,28.59302299966951],[-81.38443400019062,28.593044000346087],[-81.38449000026712,28.59305900015068],[-81.38457300010779,28.59308100017574],[-81.384595999674,28.59301500008673],[-81.38460099969689,28.592972000149867],[-81.38460499989485,28.59294100036793],[-81.38461300029076,28.592887999727232]]]},"properties":{"block_id":"120950153002014","school_id":"sch_killarney_elementary","kids_est":0,"class":"green","shortest":{"len_m":853.5,"mean_c":37.6,"peak_c":37.6,"dose":55.1},"coolest":{"len_m":853.5,"mean_c":37.6,"peak_c":37.6,"dose":55.1},"delta_mean_c":0.0,"delta_dose_pct":0,"distance_mi":0.192,"status_now":"walk","status_rec":"walk","reason":"Shortest route already under threshold (dose 55).","safe_until_hour":null}},{"type":"Feature","geometry":{"type":"Polygon","coordinates":[[[-81.36512700026917,28.59933000006885],[-81.36512800009409,28.59906899964806],[-81.36491499965875,28.59906899964806],[-81.36427799979921,28.59906899964806],[-81.36413999970695,28.599069999735544],[-81.36410999956973,28.599062999911784],[-81.36407399958472,28.599039000174642],[-81.36405600004137,28.59900200007613],[-81.36405000019359,28.598785999752717],[-81.36406699991203,28.598691999911512],[-81.36407199993488,28.598209999874722],[-81.36408000033082,28.59808400036791],[-81.36408000033082,28.597675000189135],[-81.36370700006191,28.597676000289873],[-81.36302599982143,28.597678999803275],[-81.36240499985541,28.597681000004663],[-81.36197200021036,28.597683000205933],[-81.36178200023957,28.597683000205933],[-81.36121300015208,28.597684999618508],[-81.3610240000062,28.597685999719143],[-81.36105499996833,28.59905399991242],[-81.36107099986188,28.599722000313957],[-81.36107300041,28.599852999834464],[-81.36108099990761,28.60024699985867],[-81.36108400028066,28.600379000377174],[-81.3617079997214,28.600376000152107],[-81.36189199984442,28.60037500007708],[-81.36233200006048,28.600372999926975],[-81.3631649997386,28.600374000002027],[-81.36348600012897,28.60037099977688],[-81.36410600027008,28.600374000002027],[-81.36431600033237,28.600374000002027],[-81.36461599990801,28.600374000002027],[-81.36512499972103,28.600374000002027],[-81.36512499972103,28.600301000019105],[-81.36512499972103,28.60011199973048],[-81.36512700026917,28.59933000006885]]]},"properties":{"block_id":"120950159012012","school_id":"sch_killarney_elementary","kids_est":1,"class":"red","shortest":{"len_m":2783.4,"mean_c":36.56,"peak_c":37.6,"dose":138.0},"coolest":{"len_m":2783.4,"mean_c":36.56,"peak_c":37.6,"dose":138.0},"delta_mean_c":0.0,"delta_dose_pct":0,"distance_mi":1.24,"status_now":"walk","status_rec":"bus_eligible","reason":"Coolest route mean 36.6C exceeds threshold (110 C-min dose, actual 138).","safe_until_hour":"13:00"}},{"type":"Feature","geometry":{"type":"Polygon","coordinates":[[[-81.36108400028066,28.600379000377174],[-81.36108099990761,28.60024699985867],[-81.36107300041,28.599852999834464],[-81.36107099986188,28.599722000313957],[-81.35998899976339,28.599733999710867],[-81.35895799971856,28.599731000256106],[-81.35895100004585,28.59993600013257],[-81.35895100004585,28.600274999624002],[-81.35895699989364,28.60039499999855],[-81.35938200004108,28.600390999699066],[-81.36065800030832,28.60038099973845],[-81.36108400028066,28.600379000377174]]]},"properties":{"block_id":"120950159011018","school_id":"sch_killarney_elementary","kids_est":1,"class":"red","shortest":{"len_m":3180.9,"mean_c":36.5,"peak_c":37.6,"dose":155.0},"coolest":{"len_m":3180.9,"mean_c":36.5,"peak_c":37.6,"dose":155.0},"delta_mean_c":0.0,"delta_dose_pct":0,"distance_mi":1.423,"status_now":"walk","status_rec":"bus_eligible","reason":"Coolest route mean 36.5C exceeds threshold (110 C-min dose, actual 155).","safe_until_hour":"13:00"}},{"type":"Feature","geometry":{"type":"Polygon","coordinates":[[[-81.3610240000062,28.597685999719143],[-81.36101599961027,28.597315999694388],[-81.36099399986897,28.59621000015066],[-81.36098700019627,28.595840999780282],[-81.36078700017974,28.595840999780282],[-81.36018999960484,28.595840999780282],[-81.35999100031152,28.595841999898475],[-81.35976799983047,28.595841999898475],[-81.35910199965859,28.595843000016654],[-81.35887999990074,28.59584400013481],[-81.35889999999222,28.59686499986803],[-81.35890699966492,28.597530999782066],[-81.35891800043389,28.597687999920392],[-81.3610240000062,28.597685999719143]]]},"properties":{"block_id":"120950159012017","school_id":"sch_killarney_elementary","kids_est":0,"class":"red","shortest":{"len_m":2909.6,"mean_c":36.59,"peak_c":37.6,"dose":145.3},"coolest":{"len_m":2924.2,"mean_c":36.53,"peak_c":37.6,"dose":144.3},"delta_mean_c":-0.06,"delta_dose_pct":-1,"distance_mi":1.393,"status_now":"walk","status_rec":"bus_eligible","reason":"Coolest route mean 36.5C exceeds threshold (110 C-min dose, actual 144).","safe_until_hour":"13:00"}},{"type":"Feature","geometry":{"type":"Polygon","coordinates":[[[-81.36414100043018,28.597675000189135],[-81.36410399972193,28.595570999862062],[-81.36409899969907,28.59391999970321],[-81.36408199998064,28.59391999970321],[-81.36297999979068,28.593917000082524],[-81.36296899992003,28.593269000345536],[-81.36297099956984,28.593077000386646],[-81.36292100023944,28.59307799974235],[-81.36119499971043,28.593072999808673],[-81.36094100016552,28.593076000242146],[-81.36093899961739,28.593231999793286],[-81.36093899961739,28.59326200013544],[-81.36095000038635,28.59382299983039],[-81.36095200003616,28.593929000142264],[-81.360953999686,28.594010000114988],[-81.36095700005905,28.594177999888792],[-81.36096600027987,28.594685000352918],[-81.36096999957952,28.594853999964158],[-81.36097100030275,28.594952999927603],[-81.36097700015053,28.595252000294767],[-81.36097899980034,28.595352000006137],[-81.36097999962526,28.595449000045466],[-81.36098499964814,28.595742999983678],[-81.36098700019627,28.595840999780282],[-81.36099399986897,28.59621000015066],[-81.36101599961027,28.597315999694388],[-81.3610240000062,28.597685999719143],[-81.36121300015208,28.597684999618508],[-81.36178200023957,28.597683000205933],[-81.36197200021036,28.597683000205933],[-81.36240499985541,28.597681000004663],[-81.36302599982143,28.597678999803275],[-81.36370700006191,28.597676000289873],[-81.36408000033082,28.597675000189135],[-81.36414100043018,28.597675000189135]]]},"properties":{"block_id":"120950159012015","school_id":"sch_killarney_elementary","kids_est":0,"class":"red","shortest":{"len_m":2557.0,"mean_c":36.61,"peak_c":37.6,"dose":128.9},"coolest":{"len_m":2557.0,"mean_c":36.61,"peak_c":37.6,"dose":128.9},"delta_mean_c":0.0,"delta_dose_pct":0,"distance_mi":1.239,"status_now":"walk","status_rec":"bus_eligible","reason":"Coolest route mean 36.6C exceeds threshold (110 C-min dose, actual 129).","safe_until_hour":"14:00"}},{"type":"Feature","geometry":{"type":"Polygon","coordinates":[[[-81.3589750003353,28.601909999940865],[-81.35897299978717,28.601758000109914],[-81.35897000031242,28.601303000152694],[-81.3589689995892,28.60115200030007],[-81.35856199988342,28.60115499971426],[-81.35734400024083,28.601166999736254],[-81.3571319996304,28.601172000073603],[-81.35693900018488,28.601172000073603],[-81.35694199965961,28.60132299989755],[-81.35695099988044,28.60177599964471],[-81.35695500007839,28.601928000238342],[-81.35735900030944,28.601923999997265],[-81.35857000027936,28.601913000122064],[-81.3589750003353,28.601909999940865]]]},"properties":{"block_id":"120950159011009","school_id":"sch_killarney_elementary","kids_est":3,"class":"red","shortest":{"len_m":3570.9,"mean_c":36.46,"peak_c":37.6,"dose":172.1},"coolest":{"len_m":3570.9,"mean_c":36.46,"peak_c":37.6,"dose":172.1},"delta_mean_c":0.0,"delta_dose_pct":0,"distance_mi":1.569,"status_now":"walk","status_rec":"bus_eligible","reason":"Coolest route mean 36.5C exceeds threshold (110 C-min dose, actual 172).","safe_until_hour":"13:00"}},{"type":"Feature","geometry":{"type":"Polygon","coordinates":[[[-81.35487100024741,28.602065999787772],[-81.35487299989722,28.601951000044405],[-81.35484799978288,28.601930999630383],[-81.3548360000873,28.601904000366794],[-81.35483100006444,28.601660000309877],[-81.35481599999582,28.60092699982455],[-81.35480699977498,28.60074599965678],[-81.35479199970636,28.6004420003511],[-81.35439400022143,28.60044699993424],[-81.35320300034303,28.600463999619457],[-81.35291700011274,28.60046799991617],[-81.35280699960957,28.600464999693646],[-81.35272200011909,28.60046599976783],[-81.35262199966165,28.60046799991617],[-81.35246699985095,28.600470000064465],[-81.35243699971373,28.6004710001386],[-81.35238300018537,28.600470000064465],[-81.35246199982808,28.600564999965925],[-81.35253100032337,28.600646999629227],[-81.35271799992113,28.600835999744334],[-81.35274200021055,28.600859999859807],[-81.35281099980755,28.600920000124564],[-81.35294499970185,28.601037000345084],[-81.35304799963401,28.60112099977592],[-81.35321400021365,28.601249999785168],[-81.35445299977266,28.60220700011754],[-81.35486600022453,28.60252699992347],[-81.35486700004945,28.60247800039345],[-81.35486700004945,28.602410999840213],[-81.3548700004225,28.602214999789418],[-81.35487100024741,28.602065999787772]]]},"properties":{"block_id":"120950159011011","school_id":"sch_killarney_elementary","kids_est":0,"class":"red","shortest":{"len_m":3901.1,"mean_c":36.42,"peak_c":37.6,"dose":186.6},"coolest":{"len_m":3901.1,"mean_c":36.42,"peak_c":37.6,"dose":186.6},"delta_mean_c":0.0,"delta_dose_pct":0,"distance_mi":1.797,"status_now":"walk","status_rec":"bus_eligible","reason":"Coolest route mean 36.4C exceeds threshold (110 C-min dose, actual 187).","safe_until_hour":"12:00"}},{"type":"Feature","geometry":{"type":"Polygon","coordinates":[[[-81.35695500007839,28.601928000238342],[-81.35695099988044,28.60177599964471],[-81.35694199965961,28.60132299989755],[-81.35693900018488,28.601172000073603],[-81.35693499998692,28.601019999963846],[-81.3569330003371,28.60090199965437],[-81.35692999996405,28.600566000039148],[-81.35692999996405,28.600414999916225],[-81.35650200034188,28.60042000028936],[-81.35521900040195,28.6004359999045],[-81.35479199970636,28.6004420003511],[-81.35480699977498,28.60074599965678],[-81.35481599999582,28.60092699982455],[-81.35483100006444,28.601660000309877],[-81.3548360000873,28.601904000366794],[-81.35484799978288,28.601930999630383],[-81.35487299989722,28.601951000044405],[-81.35489499963853,28.601956999615755],[-81.35492499977578,28.601956999615755],[-81.35508700015748,28.601958999735707],[-81.35514099968584,28.60195999979567],[-81.35524199996817,28.601948999924314],[-81.35550300008407,28.601944999683976],[-81.35659199985523,28.601931999690603],[-81.35695500007839,28.601928000238342]]]},"properties":{"block_id":"120950159011010","school_id":"sch_killarney_elementary","kids_est":1,"class":"red","shortest":{"len_m":3890.8,"mean_c":36.43,"peak_c":37.6,"dose":185.9},"coolest":{"len_m":3890.8,"mean_c":36.43,"peak_c":37.6,"dose":185.9},"delta_mean_c":0.0,"delta_dose_pct":0,"distance_mi":1.685,"status_now":"walk","status_rec":"bus_eligible","reason":"Coolest route mean 36.4C exceeds threshold (110 C-min dose, actual 186).","safe_until_hour":"12:00"}},{"type":"Feature","geometry":{"type":"Polygon","coordinates":[[[-81.38421300025767,28.59716599973954],[-81.3842080002348,28.596979999656025],[-81.38420400003685,28.596774000214058],[-81.38419599964092,28.59671500005832],[-81.38413999956443,28.596499999878812],[-81.3841370000897,28.596433000246602],[-81.38413100024192,28.596247999768952],[-81.384130000417,28.596156000254336],[-81.38412700004396,28.595883000003226],[-81.38412600021904,28.59579200028778],[-81.3841239996709,28.59568799972777],[-81.38412100019616,28.595376999919143],[-81.38412100019616,28.595309000236533],[-81.3841169999982,28.595273999860783],[-81.38411100015043,28.59525399975357],[-81.38408299966302,28.595203999863116],[-81.38401499989095,28.59513499994373],[-81.38397499970799,28.5951009996353],[-81.38382300027035,28.594973000092143],[-81.38374299990441,28.5949350000129],[-81.38369199985077,28.594924000194926],[-81.38358200024591,28.594918000222037],[-81.38335100026723,28.59491999968719],[-81.38312399958821,28.594921999941082],[-81.38292299974674,28.594924000194926],[-81.38232199987222,28.59493199963242],[-81.38224200040459,28.594932999759262],[-81.38212199985567,28.594944000364986],[-81.38204200038804,28.59496200027815],[-81.38177000040147,28.595065999979056],[-81.38171900034786,28.5950870002474],[-81.38163999980682,28.595123000021733],[-81.38155600014123,28.59515100036345],[-81.38150000006475,28.595163000282266],[-81.38142800009472,28.595170999701566],[-81.38091699973356,28.59517899990902],[-81.38044899992842,28.595182000282378],[-81.38002200013115,28.595185999991386],[-81.37995400035909,28.59539300030203],[-81.37975299961931,28.596015999809676],[-81.3796870003954,28.596224000177674],[-81.37963100031891,28.596399999682163],[-81.37946599956413,28.59692899969012],[-81.37943899979996,28.597018999891667],[-81.37943399977708,28.59704899994168],[-81.37944200017301,28.5970779998768],[-81.37946100043959,28.59710200006176],[-81.37952300036386,28.597144999886577],[-81.3795409999072,28.59715700036647],[-81.3797290002282,28.597241999848592],[-81.3797939996272,28.597283000195894],[-81.37982999961221,28.597256999842852],[-81.37988700041194,28.597236000008003],[-81.37993300044269,28.597230000167134],[-81.38039700004987,28.597222000115806],[-81.3822440000544,28.597194000325803],[-81.38285999999755,28.597185000166334],[-81.3831300003343,28.597180999744715],[-81.38394200009603,28.597169000056248],[-81.38421300025767,28.59716599973954]]]},"properties":{"block_id":"120950190001010","school_id":"sch_killarney_elementary","kids_est":2,"class":"green","shortest":{"len_m":194.1,"mean_c":37.55,"peak_c":37.6,"dose":12.3},"coolest":{"len_m":194.1,"mean_c":37.55,"peak_c":37.6,"dose":12.3},"delta_mean_c":0.0,"delta_dose_pct":0,"distance_mi":0.077,"status_now":"walk","status_rec":"walk","reason":"Shortest route already under threshold (dose 12).","safe_until_hour":null}},{"type":"Feature","geometry":{"type":"Polygon","coordinates":[[[-81.36105499996833,28.59905399991242],[-81.3610240000062,28.597685999719143],[-81.35891800043389,28.597687999920392],[-81.35892900030454,28.598016000070537],[-81.35893400032742,28.598434999857737],[-81.35894600002297,28.598677000122056],[-81.35894699984789,28.598919999917975],[-81.35894299964993,28.599031000261007],[-81.35894100000012,28.599057000175172],[-81.36105499996833,28.59905399991242]]]},"properties":{"block_id":"120950159011020","school_id":"sch_killarney_elementary","kids_est":0,"class":"red","shortest":{"len_m":2971.6,"mean_c":36.52,"peak_c":37.6,"dose":146.0},"coolest":{"len_m":2971.6,"mean_c":36.52,"peak_c":37.6,"dose":146.0},"delta_mean_c":0.0,"delta_dose_pct":0,"distance_mi":1.403,"status_now":"walk","status_rec":"bus_eligible","reason":"Coolest route mean 36.5C exceeds threshold (110 C-min dose, actual 146).","safe_until_hour":"13:00"}},{"type":"Feature","geometry":{"type":"Polygon","coordinates":[[[-81.36097899980034,28.595352000006137],[-81.36097700015053,28.595252000294767],[-81.36097100030275,28.594952999927603],[-81.36096999957952,28.594853999964158],[-81.36077399976095,28.594855000091727],[-81.36018899977992,28.594861000068178],[-81.35999399978627,28.594863000323176],[-81.35999299996135,28.594961000151585],[-81.35999100031152,28.595258000248545],[-81.35999100031152,28.59535699983147],[-81.360187999955,28.595355999708673],[-81.36078100033195,28.595352000006137],[-81.36097899980034,28.595352000006137]]]},"properties":{"block_id":"120950159012035","school_id":"sch_killarney_elementary","kids_est":3,"class":"red","shortest":{"len_m":2686.5,"mean_c":36.66,"peak_c":37.6,"dose":137.2},"coolest":{"len_m":2686.5,"mean_c":36.66,"peak_c":37.6,"dose":137.2},"delta_mean_c":0.0,"delta_dose_pct":0,"distance_mi":1.357,"status_now":"walk","status_rec":"bus_eligible","reason":"Coolest route mean 36.7C exceeds threshold (110 C-min dose, actual 137).","safe_until_hour":"13:00"}},{"type":"Feature","geometry":{"type":"Polygon","coordinates":[[[-81.35999299996135,28.594961000151585],[-81.35999399978627,28.594863000323176],[-81.35976600018064,28.594864999789397],[-81.35946800025481,28.594868000171775],[-81.35908400011525,28.594875999613546],[-81.35885700033452,28.594882000377538],[-81.35885899998435,28.594977999935452],[-81.35886599965704,28.59526599966062],[-81.35886900003008,28.59536199965657],[-81.35909300033607,28.595361000322576],[-81.35976600018064,28.59535699983147],[-81.35999100031152,28.59535699983147],[-81.35999100031152,28.595258000248545],[-81.35999299996135,28.594961000151585]]]},"properties":{"block_id":"120950159012036","school_id":"sch_killarney_elementary","kids_est":2,"class":"red","shortest":{"len_m":2877.5,"mean_c":36.64,"peak_c":37.6,"dose":145.8},"coolest":{"len_m":2880.0,"mean_c":36.63,"peak_c":37.6,"dose":145.4},"delta_mean_c":-0.01,"delta_dose_pct":0,"distance_mi":1.421,"status_now":"walk","status_rec":"bus_eligible","reason":"Coolest route mean 36.6C exceeds threshold (110 C-min dose, actual 145).","safe_until_hour":"13:00"}},{"type":"Feature","geometry":{"type":"Polygon","coordinates":[[[-81.35479199970636,28.6004420003511],[-81.35478699968351,28.600325000256824],[-81.35478699968351,28.60025899998436],[-81.35478800040671,28.59971300037103],[-81.35478900023163,28.599530999606596],[-81.35454700038231,28.59951900018645],[-81.35439099984838,28.5995210003528],[-81.35319900014507,28.599540000353834],[-81.35300800034935,28.599542999814027],[-81.3528019995867,28.599542999814027],[-81.35280300030993,28.599726999931406],[-81.35280599978466,28.600280000003846],[-81.35280699960957,28.600464999693646],[-81.35291700011274,28.60046799991617],[-81.35320300034303,28.600463999619457],[-81.35439400022143,28.60044699993424],[-81.35479199970636,28.6004420003511]]]},"properties":{"block_id":"120950159011013","school_id":"sch_killarney_elementary","kids_est":0,"class":"red","shortest":{"len_m":3714.4,"mean_c":36.44,"peak_c":37.6,"dose":178.4},"coolest":{"len_m":3714.4,"mean_c":36.44,"peak_c":37.6,"dose":178.4},"delta_mean_c":0.0,"delta_dose_pct":0,"distance_mi":1.792,"status_now":"walk","status_rec":"bus_eligible","reason":"Coolest route mean 36.4C exceeds threshold (110 C-min dose, actual 178).","safe_until_hour":"13:00"}},{"type":"Feature","geometry":{"type":"Polygon","coordinates":[[[-81.35690099965173,28.59866699999828],[-81.35688599958311,28.59791499964041],[-81.35688700030634,28.597692999634607],[-81.35618400032456,28.597702999851002],[-81.35576099982694,28.597702999851002],[-81.3553080000904,28.59771400016681],[-81.35477099978996,28.59772200018071],[-81.35476999996507,28.598688000335923],[-81.35690099965173,28.59866699999828]]]},"properties":{"block_id":"120950159011025","school_id":"sch_killarney_elementary","kids_est":0,"class":"red","shortest":{"len_m":3505.5,"mean_c":36.46,"peak_c":37.6,"dose":169.2},"coolest":{"len_m":3505.5,"mean_c":36.46,"peak_c":37.6,"dose":169.2},"delta_mean_c":0.0,"delta_dose_pct":0,"distance_mi":1.651,"status_now":"walk","status_rec":"bus_eligible","reason":"Coolest route mean 36.5C exceeds threshold (110 C-min dose, actual 169).","safe_until_hour":"13:00"}},{"type":"Feature","geometry":{"type":"Polygon","coordinates":[[[-81.348591000267,28.589238999707206],[-81.34848999998466,28.589090000240507],[-81.34833900037192,28.588868999922695],[-81.34783999970634,28.588141000322985],[-81.34673599986655,28.586528000192462],[-81.34597199978539,28.58541200013795],[-81.3451330002595,28.58418699961432],[-81.34510300012225,28.584190999741647],[-81.34472300018066,28.58426799999361],[-81.34447100028558,28.584298999966432],[-81.34427999959158,28.584322999913702],[-81.34383199987789,28.584411000199232],[-81.34365699997572,28.584400000069003],[-81.34351999970838,28.584377999804968],[-81.34336400007275,28.584328999702397],[-81.3432329996532,28.584318000352432],[-81.34300300039773,28.584318000352432],[-81.34257200040251,28.584394999722555],[-81.34248199999084,28.584401999734226],[-81.3423730002109,28.584411000199232],[-81.34217999986704,28.584388999937577],[-81.34197400000272,28.584339999840108],[-81.34183099988758,28.584279000137705],[-81.34154999968018,28.584125000382294],[-81.34141300031115,28.58407000035864],[-81.34123199966287,28.584059000192738],[-81.34103300036955,28.58408099973462],[-81.34082699960692,28.58407600016184],[-81.34066500012354,28.584032000282487],[-81.34044699966532,28.583899999745153],[-81.34034100025842,28.583790000222614],[-81.34022800028052,28.58371299962065],[-81.33984800033892,28.583547999605763],[-81.33969799965277,28.583454000337326],[-81.33966099984285,28.58342099964274],[-81.3396359997285,28.583366000039724],[-81.339579999652,28.58315199961828],[-81.33953600016939,28.58309699987458],[-81.3394740002451,28.58307500012679],[-81.33938700020647,28.58307500012679],[-81.33933699997776,28.58311299975998],[-81.33931299968832,28.58315599978498],[-81.33924300026642,28.5832840003057],[-81.33917499959605,28.583360999644107],[-81.3390869997325,28.58341600003857],[-81.33900600043995,28.583448999945894],[-81.3388759998453,28.583466000013658],[-81.33875100017184,28.583466000013658],[-81.33864499986662,28.583487999679658],[-81.33855100015529,28.583525999952382],[-81.3384950000788,28.583614000116096],[-81.3384950000788,28.583675000204273],[-81.33851400034537,28.58372999964568],[-81.33866400013319,28.583828999829844],[-81.3386569995622,28.583855999792153],[-81.33885099973094,28.58406499999656],[-81.33903200037923,28.584301999861523],[-81.33909400030349,28.584411999637332],[-81.33913100011343,28.584522000086952],[-81.33913100011343,28.584638000192573],[-81.33910599999908,28.584752999946573],[-81.33905699959527,28.58487400012128],[-81.33899399984608,28.58500099990716],[-81.33889500011188,28.585154999957282],[-81.33878899980667,28.585293000230582],[-81.33872600005748,28.58540299975855],[-81.33863900001883,28.58563900033674],[-81.33859600036115,28.585935999950717],[-81.33859600036115,28.58612899975216],[-81.33861399990448,28.586309999848876],[-81.33864599969154,28.58640399971961],[-81.3387200002097,28.586547000175642],[-81.33890799963235,28.586794999849104],[-81.33923200039578,28.587168999847083],[-81.33928199972617,28.5872730001585],[-81.33932500028219,28.58738299998151],[-81.33933799980265,28.58750999989221],[-81.3393260001071,28.587741000286787],[-81.33933799980265,28.587872999946363],[-81.33936299991701,28.587960999627335],[-81.33940700029795,28.58804399985053],[-81.33951299970485,28.588186999653722],[-81.33953799981921,28.5882970000981],[-81.33953799981921,28.58851100030306],[-81.33955000041308,28.588587999757888],[-81.33961900001006,28.58875900007676],[-81.33966900023877,28.588923999802496],[-81.33972500031528,28.589022999829197],[-81.33991199991303,28.589282000382212],[-81.33999899995166,28.589418999792407],[-81.34005500002814,28.589535000017044],[-81.34015499958727,28.58979900018723],[-81.34024300034913,28.58995800039116],[-81.34029900042562,28.590018999954072],[-81.34059800017639,28.590420000169775],[-81.34076300003281,28.59068300031665],[-81.34089699992711,28.590893999901887],[-81.3411410003246,28.591257000103734],[-81.34122199961712,28.591426999865128],[-81.34127199984583,28.591598000298895],[-81.3413399996179,28.591905999778895],[-81.34139599969438,28.592048999850437],[-81.34140900011319,28.59218699975161],[-81.34131500040185,28.592517000015285],[-81.34133399977011,28.592929000195408],[-81.34128400043973,28.593017000376868],[-81.34122800036322,28.593088999753498],[-81.3411349995785,28.59313899986126],[-81.3409229998664,28.593149999865975],[-81.34087299963767,28.59316099986953],[-81.3408530004445,28.593181999729754],[-81.3408609999421,28.593198999801388],[-81.34158499984028,28.593209999799825],[-81.34245500022664,28.592972000149867],[-81.3431349997439,28.592363999856925],[-81.3439099996957,28.591445999751773],[-81.34479199977764,28.59057599971847],[-81.34570999984457,28.589859999842457],[-81.34678299972221,28.589324000070647],[-81.34751099981835,28.589229999655405],[-81.34798700001942,28.58916899963464],[-81.348591000267,28.589238999707206]]]},"properties":{"block_id":"120950161001014","school_id":"sch_killarney_elementary","kids_est":0,"class":"red","shortest":{"len_m":5313.4,"mean_c":36.77,"peak_c":37.6,"dose":277.6},"coolest":{"len_m":5316.6,"mean_c":36.75,"peak_c":37.6,"dose":276.7},"delta_mean_c":-0.02,"delta_dose_pct":0,"distance_mi":2.481,"status_now":"bus","status_rec":"bus_eligible","reason":"Coolest route mean 36.8C exceeds threshold (110 C-min dose, actual 277).","safe_until_hour":"11:00"}},{"type":"Feature","geometry":{"type":"Polygon","coordinates":[[[-81.37322400011688,28.588578000251914],[-81.37322099974385,28.588395999926398],[-81.37321200042133,28.587853000008625],[-81.37320900004828,28.587672999608728],[-81.37279499977149,28.587671000005717],[-81.37155399966436,28.58766800020673],[-81.37114100011081,28.58766700001078],[-81.37114299976062,28.587846999632124],[-81.3711489996084,28.588390000369706],[-81.37115100015654,28.588571999916812],[-81.37156500043332,28.588574999690003],[-81.37182200035127,28.588577000064614],[-81.3728090000152,28.588577000064614],[-81.37322400011688,28.588578000251914]]]},"properties":{"block_id":"120950190001058","school_id":"sch_killarney_elementary","kids_est":1,"class":"green","shortest":{"len_m":1810.2,"mean_c":37.25,"peak_c":37.6,"dose":106.8},"coolest":{"len_m":1846.5,"mean_c":37.07,"peak_c":37.6,"dose":104.4},"delta_mean_c":-0.18,"delta_dose_pct":-2,"distance_mi":0.814,"status_now":"walk","status_rec":"walk","reason":"Shortest route already under threshold (dose 107).","safe_until_hour":null}},{"type":"Feature","geometry":{"type":"Polygon","coordinates":[[[-81.3701550002718,28.585861999981947],[-81.37015100007385,28.585038000201024],[-81.370141999853,28.584388999937577],[-81.37014500022606,28.583739999612742],[-81.370141999853,28.58364899964082],[-81.36914599996827,28.583659999849672],[-81.36916900043279,28.585053999791036],[-81.36917500028058,28.58586099976881],[-81.36946200033574,28.585861999981947],[-81.36961899979627,28.585861999981947],[-81.36969900016221,28.585861999981947],[-81.3701550002718,28.585861999981947]]]},"properties":{"block_id":"120950190002013","school_id":"sch_killarney_elementary","kids_est":2,"class":"red","shortest":{"len_m":2397.2,"mean_c":37.14,"peak_c":37.6,"dose":137.6},"coolest":{"len_m":2441.8,"mean_c":36.95,"peak_c":37.6,"dose":133.8},"delta_mean_c":-0.19,"delta_dose_pct":-3,"distance_mi":1.08,"status_now":"walk","status_rec":"bus_eligible","reason":"Coolest route mean 37.0C exceeds threshold (110 C-min dose, actual 134).","safe_until_hour":"14:00"}},{"type":"Feature","geometry":{"type":"Polygon","coordinates":[[[-81.39380200028268,28.595734999819147],[-81.39378800003898,28.595378000041748],[-81.39377600034342,28.59528099993689],[-81.39377499962018,28.595271000278814],[-81.3937400003584,28.5951110000983],[-81.3937050001983,28.595006999653236],[-81.39363900007606,28.594855000091727],[-81.3935649995579,28.59472999984652],[-81.39345099975509,28.594569999631318],[-81.39324200041602,28.59432999964052],[-81.39306199959266,28.594146999673764],[-81.39293899956901,28.59402200016412],[-81.39272299965893,28.593845999832734],[-81.39256799984824,28.593983999741056],[-81.39210599989089,28.594397999956502],[-81.3919519999051,28.59453700005943],[-81.3924669995659,28.59488399984339],[-81.39261600042715,28.59499499971656],[-81.39265900008485,28.595036000151715],[-81.39269599989476,28.59508199962053],[-81.3927269998569,28.59513000010783],[-81.39275100014635,28.595182000282378],[-81.39276899968971,28.595235999890416],[-81.39277899973546,28.59529100038278],[-81.3927829999334,28.59534600005773],[-81.39277899973546,28.5954019998262],[-81.39269400024493,28.595732000250255],[-81.39278499958323,28.595739000295865],[-81.39380200028268,28.595734999819147]]]},"properties":{"block_id":"120950153003021","school_id":"sch_killarney_elementary","kids_est":1,"class":"green","shortest":{"len_m":1318.8,"mean_c":37.57,"peak_c":37.6,"dose":83.9},"coolest":{"len_m":1318.8,"mean_c":37.57,"peak_c":37.6,"dose":83.9},"delta_mean_c":0.0,"delta_dose_pct":0,"distance_mi":0.619,"status_now":"walk","status_rec":"walk","reason":"Shortest route already under threshold (dose 84).","safe_until_hour":null}},{"type":"Feature","geometry":{"type":"Polygon","coordinates":[[[-81.38568299979535,28.596964999622237],[-81.38568799981823,28.596830000010442],[-81.38554999972595,28.596576999791893],[-81.3853830002197,28.596238000202817],[-81.38515300006593,28.59592799977275],[-81.38505000013377,28.595788999931777],[-81.3849759996156,28.59568799972777],[-81.38421099970955,28.595010000031554],[-81.38339099955188,28.5943369997795],[-81.38293199996757,28.593889000200857],[-81.38270699983667,28.59369900007403],[-81.38252699991162,28.59354800033856],[-81.38224900007728,28.593516999937727],[-81.38190900031866,28.59347900012088],[-81.38186800031077,28.593486999668343],[-81.38180600038649,28.593497999636632],[-81.3815469999204,28.59350100005804],[-81.38154799974532,28.59361799986159],[-81.38103399990942,28.59362500004797],[-81.38086300020518,28.59362700032651],[-81.3806599998156,28.593627999676993],[-81.3805259999213,28.593631000094625],[-81.3805180004237,28.59367200027305],[-81.38048400008852,28.593773000047985],[-81.3804620003472,28.593840999935523],[-81.38045599960111,28.59386000017461],[-81.38043700023285,28.593917000082524],[-81.38038000033144,28.59408799962086],[-81.38036100006487,28.59414500019389],[-81.38029199956956,28.5943530003207],[-81.3800890000783,28.594976999809052],[-81.38002200013115,28.595185999991386],[-81.38044899992842,28.595182000282378],[-81.38091699973356,28.59517899990902],[-81.38142800009472,28.595170999701566],[-81.38150000006475,28.595163000282266],[-81.38155600014123,28.59515100036345],[-81.38163999980682,28.595123000021733],[-81.38171900034786,28.5950870002474],[-81.38177000040147,28.595065999979056],[-81.38204200038804,28.59496200027815],[-81.38212199985567,28.594944000364986],[-81.38210400031232,28.594875999613546],[-81.3821029995891,28.59484099988238],[-81.38209699974132,28.594527999672486],[-81.3820959999164,28.594424000228035],[-81.38228199968924,28.594421999964663],[-81.38278100035484,28.594418000226636],[-81.38284099973097,28.594420999833023],[-81.38289900035562,28.594436000229887],[-81.38301300015844,28.594493999956452],[-81.38306699968679,28.594521000334993],[-81.38308699977827,28.59453700005943],[-81.38310400039502,28.59456100003591],[-81.38311699991552,28.594595999860307],[-81.38312100011348,28.594826000332027],[-81.38312399958821,28.594921999941082],[-81.38335100026723,28.59491999968719],[-81.38358200024591,28.594918000222037],[-81.38369199985077,28.594924000194926],[-81.38374299990441,28.5949350000129],[-81.38382300027035,28.594973000092143],[-81.38397499970799,28.5951009996353],[-81.38401499989095,28.59513499994373],[-81.38408299966302,28.595203999863116],[-81.38411100015043,28.59525399975357],[-81.3841169999982,28.595273999860783],[-81.38412100019616,28.595309000236533],[-81.38412100019616,28.595376999919143],[-81.3841239996709,28.59568799972777],[-81.38412600021904,28.59579200028778],[-81.38412700004396,28.595883000003226],[-81.384130000417,28.596156000254336],[-81.38413100024192,28.596247999768952],[-81.3841370000897,28.596433000246602],[-81.38413999956443,28.596499999878812],[-81.38419599964092,28.59671500005832],[-81.38420400003685,28.596774000214058],[-81.3842080002348,28.596979999656025],[-81.38421300025767,28.59716599973954],[-81.38450600016064,28.59716200010594],[-81.38538700041767,28.59715199983802],[-81.38568100014552,28.59714900030957],[-81.38568199997043,28.59703199970405],[-81.38568299979535,28.596964999622237]]]},"properties":{"block_id":"120950190001011","school_id":"sch_killarney_elementary","kids_est":1,"class":"green","shortest":{"len_m":155.2,"mean_c":37.6,"peak_c":37.6,"dose":9.9},"coolest":{"len_m":155.2,"mean_c":37.6,"peak_c":37.6,"dose":9.9},"delta_mean_c":0.0,"delta_dose_pct":0,"distance_mi":0.106,"status_now":"walk","status_rec":"walk","reason":"Shortest route already under threshold (dose 10).","safe_until_hour":null}},{"type":"Feature","geometry":{"type":"Polygon","coordinates":[[[-81.38351500029876,28.59305900015068],[-81.38359599959131,28.59301500008673],[-81.38346599989497,28.592934000135987],[-81.38302800022704,28.592944000016466],[-81.38273500032409,28.592957999689713],[-81.38264099971445,28.59295299975025],[-81.38255600022394,28.592944000016466],[-81.38248599990375,28.59294699966491],[-81.38209500009148,28.59296100012653],[-81.38231199982647,28.59311199991646],[-81.38248500007883,28.593110999772286],[-81.38273600014901,28.593109999628112],[-81.38321900002275,28.59307500009769],[-81.38351500029876,28.59305900015068]]]},"properties":{"block_id":"120950153001030","school_id":"sch_killarney_elementary","kids_est":0,"class":"green","shortest":{"len_m":901.5,"mean_c":37.54,"peak_c":37.6,"dose":56.6},"coolest":{"len_m":901.5,"mean_c":37.54,"peak_c":37.6,"dose":56.6},"delta_mean_c":0.0,"delta_dose_pct":0,"distance_mi":0.158,"status_now":"walk","status_rec":"walk","reason":"Shortest route already under threshold (dose 57).","safe_until_hour":null}},{"type":"Feature","geometry":{"type":"Polygon","coordinates":[[[-81.35282400022632,28.603034000334354],[-81.35281699965533,28.602819999726595],[-81.35279900011197,28.602180000136173],[-81.35279300026419,28.60196700021515],[-81.35245099995743,28.60197299978557],[-81.35142499993545,28.601993000191616],[-81.35108400035192,28.601999999820144],[-81.35108600000174,28.602211999616777],[-81.35109199984953,28.60275400023255],[-81.3511040004434,28.602826000037002],[-81.3511040004434,28.602848999646532],[-81.35110600009322,28.60306200014577],[-81.3512309997667,28.603063000195235],[-81.3514490002249,28.603058999997312],[-81.35180300022722,28.603054999799237],[-81.35248000026974,28.60304099989353],[-81.35282400022632,28.603034000334354]]]},"properties":{"block_id":"120950160011008","school_id":"sch_killarney_elementary","kids_est":0,"class":"red","shortest":{"len_m":4355.9,"mean_c":36.39,"peak_c":37.6,"dose":206.7},"coolest":{"len_m":4357.5,"mean_c":36.39,"peak_c":37.6,"dose":206.5},"delta_mean_c":0.0,"delta_dose_pct":0,"distance_mi":1.939,"status_now":"walk","status_rec":"bus_eligible","reason":"Coolest route mean 36.4C exceeds threshold (110 C-min dose, actual 206).","safe_until_hour":"12:00"}},{"type":"Feature","geometry":{"type":"Polygon","coordinates":[[[-81.35279300026419,28.597750999930042],[-81.35279499991401,28.597589000166927],[-81.35278900006624,28.59694399972911],[-81.35278599969318,28.596762999799854],[-81.35266600004259,28.59676399990927],[-81.35230799984228,28.596769999776793],[-81.35218900001661,28.59677199999542],[-81.35217899997087,28.596969000052137],[-81.35215300003159,28.59756199978776],[-81.35214399981075,28.597760000041053],[-81.35279300026419,28.597750999930042]]]},"properties":{"block_id":"120950159012021","school_id":"sch_killarney_elementary","kids_est":0,"class":"red","shortest":{"len_m":3635.5,"mean_c":36.59,"peak_c":37.6,"dose":181.2},"coolest":{"len_m":3683.7,"mean_c":36.44,"peak_c":37.6,"dose":176.8},"delta_mean_c":-0.15,"delta_dose_pct":-2,"distance_mi":1.848,"status_now":"walk","status_rec":"bus_eligible","reason":"Coolest route mean 36.4C exceeds threshold (110 C-min dose, actual 177).","safe_until_hour":"13:00"}},{"type":"Feature","geometry":{"type":"Polygon","coordinates":[[[-81.35218900001661,28.59677199999542],[-81.35218599964355,28.59660300031315],[-81.35217999979577,28.59609599963586],[-81.35217800014595,28.595926999655383],[-81.35193700012152,28.595932000242076],[-81.35186299960336,28.595933999687944],[-81.35177899993778,28.59616200015651],[-81.35169699992203,28.596471999896448],[-81.35167099998276,28.596620999942214],[-81.35165099989125,28.596812999737384],[-81.35164300039365,28.59701600035941],[-81.3516540002643,28.59776499975178],[-81.35173200008211,28.59776499975178],[-81.35175200017359,28.597763999651974],[-81.35193799994644,28.59776200024089],[-81.35204500007657,28.597760000041053],[-81.35214399981075,28.597760000041053],[-81.35215300003159,28.59756199978776],[-81.35217899997087,28.596969000052137],[-81.35218900001661,28.59677199999542]]]},"properties":{"block_id":"120950159012022","school_id":"sch_killarney_elementary","kids_est":0,"class":"red","shortest":{"len_m":3595.4,"mean_c":36.59,"peak_c":37.6,"dose":179.4},"coolest":{"len_m":3595.4,"mean_c":36.59,"peak_c":37.6,"dose":179.4},"delta_mean_c":0.0,"delta_dose_pct":0,"distance_mi":1.88,"status_now":"walk","status_rec":"bus_eligible","reason":"Coolest route mean 36.6C exceeds threshold (110 C-min dose, actual 179).","safe_until_hour":"12:00"}},{"type":"Feature","geometry":{"type":"Polygon","coordinates":[[[-81.35273100033992,28.594918000222037],[-81.35272700014195,28.59488499997068],[-81.35272299994398,28.594836000032494],[-81.35272299994398,28.59481200011881],[-81.35272100029417,28.59478700007141],[-81.35269299980676,28.594121000122414],[-81.35067900029597,28.594148999942302],[-81.35069799966422,28.59425499992543],[-81.350711000083,28.59452999993382],[-81.35072500032672,28.594625999813235],[-81.35074700006801,28.594696000195828],[-81.35086000004593,28.594923000068004],[-81.35088900035825,28.594985000031276],[-81.35169899957185,28.59494499970295],[-81.3521670002753,28.59492799991374],[-81.35243099986594,28.594913999714123],[-81.35246400037622,28.594911000121808],[-81.35249600016327,28.594902999893947],[-81.3525270001254,28.594893000199903],[-81.35254399984385,28.59488600009797],[-81.35257700035412,28.594898000047078],[-81.35263199970738,28.594912000248843],[-81.35268699995899,28.5949170000951],[-81.35273100033992,28.594918000222037]]]},"properties":{"block_id":"120950160011047","school_id":"sch_killarney_elementary","kids_est":0,"class":"red","shortest":{"len_m":3440.1,"mean_c":36.61,"peak_c":37.6,"dose":172.7},"coolest":{"len_m":3440.1,"mean_c":36.61,"peak_c":37.6,"dose":172.7},"delta_mean_c":0.0,"delta_dose_pct":0,"distance_mi":1.89,"status_now":"walk","status_rec":"bus_eligible","reason":"Coolest route mean 36.6C exceeds threshold (110 C-min dose, actual 173).","safe_until_hour":"13:00"}},{"type":"Feature","geometry":{"type":"Polygon","coordinates":[[[-81.34735299963461,28.601094000304215],[-81.3473590003807,28.60064799970167],[-81.34734500013701,28.600547000223695],[-81.34733400026634,28.600472000212726],[-81.3472530000755,28.600158000132506],[-81.347196999999,28.600009999658845],[-81.34704700021118,28.599723999687725],[-81.3469790004391,28.599548000228715],[-81.34693500005817,28.59938199974286],[-81.34690400009605,28.599018999995106],[-81.34685999971512,28.598722000272712],[-81.34683499960076,28.598231999610377],[-81.34678500027036,28.59811099982423],[-81.346760000156,28.597978999611847],[-81.34669800023171,28.59788000013249],[-81.34667200029246,28.597827999715353],[-81.34663499958421,28.597754000230058],[-81.34661600021595,28.597627000075374],[-81.34639600010793,28.59752900036658],[-81.3462539998177,28.597465000121044],[-81.34616099993127,28.597423999844743],[-81.345986999854,28.597380000030583],[-81.34585600033276,28.597391000380206],[-81.34580799975386,28.59740300004327],[-81.34565899979094,28.597444000327823],[-81.34556900027758,28.59746799964047],[-81.34542600016245,28.597496000146265],[-81.34539799967504,28.597497000248698],[-81.34526999962853,28.597506999695014],[-81.34508300003077,28.597478999980936],[-81.34461699987546,28.597361999742784],[-81.34446500043781,28.597324999842584],[-81.34435699958446,28.597307999649587],[-81.34392700031245,28.597238000217814],[-81.34382299965706,28.597221000010755],[-81.34356699956402,28.5971439997808],[-81.34341199975333,28.59707200002686],[-81.3431840001477,28.596859000005928],[-81.34309399973601,28.596775000323372],[-81.34295599964376,28.596670999947285],[-81.34282299957437,28.5965929999921],[-81.34281300042694,28.596588000225562],[-81.34269399970295,28.59653900029254],[-81.3426069996643,28.59652199997242],[-81.3425010002574,28.596517000202496],[-81.3424450001809,28.59652799985376],[-81.34240800037098,28.596549999941438],[-81.34276700039618,28.598069999799947],[-81.34312200022343,28.599566000142058],[-81.34383699990077,28.602582999809037],[-81.34385500034243,28.602627999864417],[-81.34413400000169,28.603331999746977],[-81.3444300002777,28.604080999866653],[-81.3444300002777,28.603725000091192],[-81.34440500016335,28.603537999741505],[-81.34436099978241,28.603349999800912],[-81.34426799989599,28.60306999975248],[-81.34426100022331,28.60297599979989],[-81.34428600033766,28.602888000070145],[-81.34432999982027,28.60281700035993],[-81.3444229997067,28.602740000286744],[-81.34467299995194,28.602623999649982],[-81.3448100002193,28.602596999775763],[-81.34504100019798,28.602595999721867],[-81.34540799972079,28.602618000116685],[-81.34566399981382,28.602579999646906],[-81.34609399998412,28.602420000340782],[-81.34623799992417,28.60233799969503],[-81.34685499969223,28.60185299963566],[-81.34712400020406,28.60160099974232],[-81.34717899955733,28.601549999652846],[-81.34726599959596,28.60142400020705],[-81.34731599982469,28.601285999814483],[-81.34735299963461,28.601094000304215]]]},"properties":{"block_id":"120950160011000","school_id":"sch_killarney_elementary","kids_est":0,"class":"red","shortest":{"len_m":4309.8,"mean_c":36.52,"peak_c":37.6,"dose":210.8},"coolest":{"len_m":4337.0,"mean_c":36.39,"peak_c":37.6,"dose":205.7},"delta_mean_c":-0.13,"delta_dose_pct":-2,"distance_mi":2.319,"status_now":"bus","status_rec":"bus_eligible","reason":"Coolest route mean 36.4C exceeds threshold (110 C-min dose, actual 206).","safe_until_hour":"12:00"}},{"type":"Feature","geometry":{"type":"Polygon","coordinates":[[[-81.34935799982289,28.59596000036833],[-81.34935799982289,28.595201000279083],[-81.34860399978749,28.595201000279083],[-81.34861600038136,28.595779000322015],[-81.34862399987897,28.5959689998439],[-81.34911699979847,28.59596299993071],[-81.34935799982289,28.59596000036833]]]},"properties":{"block_id":"120950160011029","school_id":"sch_killarney_elementary","kids_est":0,"class":"red","shortest":{"len_m":3730.3,"mean_c":36.58,"peak_c":37.6,"dose":185.8},"coolest":{"len_m":3730.3,"mean_c":36.58,"peak_c":37.6,"dose":185.8},"delta_mean_c":0.0,"delta_dose_pct":0,"distance_mi":2.055,"status_now":"bus","status_rec":"bus_eligible","reason":"Coolest route mean 36.6C exceeds threshold (110 C-min dose, actual 186).","safe_until_hour":"12:00"}},{"type":"Feature","geometry":{"type":"Polygon","coordinates":[[[-81.35218999984153,28.591872000003512],[-81.35219300021457,28.59177399966156],[-81.35189600011365,28.59145699993369],[-81.3513999998211,28.590916000380037],[-81.35136999968387,28.590858999633603],[-81.35136100036135,28.59078899985094],[-81.35115999962157,28.590466000080976],[-81.35111500031405,28.59048399997221],[-81.3508719997415,28.590538999795868],[-81.3507939999237,28.590538999795868],[-81.35073500037247,28.590538999795868],[-81.35044199957119,28.59046200019242],[-81.35029799963112,28.59043999961925],[-81.35014899966822,28.5904459998477],[-81.35001800014697,28.59046799963082],[-81.34988099987963,28.59046200019242],[-81.34975000035838,28.5904459998477],[-81.34968699971085,28.590427999950016],[-81.34958799997666,28.590402000267638],[-81.34942599959496,28.590351999646852],[-81.3493300002338,28.59031599981622],[-81.349132999692,28.59024199977504],[-81.34902700028509,28.590181999724674],[-81.34883999978904,28.590021999685977],[-81.3487329996589,28.589950999960585],[-81.34864599962029,28.58991799972746],[-81.34855299973385,28.589907000173344],[-81.34841499964159,28.58991799972746],[-81.34828499994526,28.590027999938346],[-81.34813500015741,28.590089000249506],[-81.34800399973787,28.590181999724674],[-81.34799100021738,28.59018400006873],[-81.34780500044455,28.59021499987494],[-81.34778600017798,28.59022600018561],[-81.34758000031366,28.590412999770013],[-81.3472249995881,28.5906659998382],[-81.34705399988385,28.59074800012563],[-81.34646499970489,28.591035000233475],[-81.34627800010713,28.591133999849824],[-81.34614699968759,28.59122300011851],[-81.34600299974753,28.5913439999464],[-81.34583500041637,28.59155800025926],[-81.3455359997673,28.591860999865077],[-81.34551099965294,28.591931999878103],[-81.34550499980516,28.592010000137055],[-81.34552999991952,28.592058999815084],[-81.345585999996,28.592119999736486],[-81.34567899988244,28.592164000175053],[-81.34595400024205,28.592246000082735],[-81.34604700012846,28.592317999987436],[-81.34605999964894,28.59243300001779],[-81.34604100028068,28.592542999963367],[-81.34600399957245,28.59261999962012],[-81.34582899967026,28.592795999637964],[-81.34574800037772,28.592894999962176],[-81.34572999993607,28.592972000149867],[-81.34572999993607,28.592989999612005],[-81.34573599978386,28.593109999628112],[-81.3457049998217,28.59322599972381],[-81.34564899974521,28.593302999669092],[-81.34550499980516,28.59339100032617],[-81.34533699957568,28.59347300006549],[-81.3448880000371,28.59366600022874],[-81.34473200040149,28.593716000061995],[-81.3446200002485,28.593764999733576],[-81.344564000172,28.593809000272344],[-81.34432700034553,28.593990999903014],[-81.34416800033688,28.59408399987006],[-81.34415900011605,28.594089999890517],[-81.34405899965861,28.59416699999167],[-81.3439659997722,28.594265999813402],[-81.34404100011528,28.59450499981936],[-81.3440000001074,28.594618999693505],[-81.34404100011528,28.59472899971782],[-81.344163000314,28.594870999765327],[-81.34427499956868,28.595128999982865],[-81.34430899990387,28.595327000087234],[-81.34448200015623,28.595612000072535],[-81.34464000033998,28.595608999711377],[-81.34487899981627,28.595608000379734],[-81.34504299984779,28.595599000084505],[-81.34508899987856,28.5955969998435],[-81.34516500004655,28.59558800033602],[-81.34522799979574,28.5955740002243],[-81.34527700019953,28.595562999684518],[-81.34533499992585,28.595543999753254],[-81.34538500015456,28.59552800018211],[-81.34551099965294,28.595466999872144],[-81.34561699995815,28.595398000125414],[-81.3456279998288,28.59538799968964],[-81.34571400004253,28.595317999767882],[-81.34608399993839,28.594913999714123],[-81.34628700032798,28.594707000037673],[-81.3463020003966,28.59469299980854],[-81.34635099990209,28.594648999639872],[-81.34625899984057,28.594581000275042],[-81.34620799978696,28.59448400022344],[-81.34581199995182,28.593995999793087],[-81.3457049998217,28.593810999758617],[-81.34568899992817,28.5937609999705],[-81.34567399985956,28.593595999948917],[-81.34568499973021,28.59353899986694],[-81.34570900001968,28.593495000003912],[-81.34597099996049,28.593257000210507],[-81.34602399966393,28.593191000232],[-81.34611099970257,28.593007999859775],[-81.34616400030434,28.59291400037225],[-81.34645100035951,28.592413000158725],[-81.34646700025303,28.59239099999386],[-81.34651599975852,28.592352999769965],[-81.34653800039813,28.59232500026041],[-81.34667200029246,28.59234899995316],[-81.34674799956211,28.592357000375326],[-81.34677199985155,28.59236000004053],[-81.3473869999698,28.592353999921272],[-81.34760100023006,28.592352999769965],[-81.34775100001787,28.5923469996503],[-81.34779100020084,28.59234600028765],[-81.34836399958796,28.59233799986457],[-81.34843899993103,28.59233799986457],[-81.34848999998466,28.592341999681807],[-81.34855100008403,28.592365000008183],[-81.34857299982534,28.59236999997561],[-81.3495279997022,28.592365000008183],[-81.3506600000294,28.59234500013619],[-81.3506969998393,28.592313000017544],[-81.35073000034959,28.592299999621513],[-81.3507660003346,28.5922959998027],[-81.35184199968697,28.592278000221775],[-81.3519980002209,28.59227499976547],[-81.35202099978711,28.59225300036049],[-81.35205799959704,28.5922039999841],[-81.35212500044251,28.592084999876445],[-81.35216999975003,28.591970000254182],[-81.35218999984153,28.591872000003512]]]},"properties":{"block_id":"120950160011037","school_id":"sch_killarney_elementary","kids_est":5,"class":"red","shortest":{"len_m":3826.6,"mean_c":36.63,"peak_c":37.6,"dose":193.2},"coolest":{"len_m":3829.7,"mean_c":36.63,"peak_c":37.6,"dose":193.1},"delta_mean_c":0.0,"delta_dose_pct":0,"distance_mi":2.128,"status_now":"bus","status_rec":"bus_eligible","reason":"Coolest route mean 36.6C exceeds threshold (110 C-min dose, actual 193).","safe_until_hour":"12:00"}},{"type":"Feature","geometry":{"type":"Polygon","coordinates":[[[-81.35625899976931,28.595854999856506],[-81.35625399974644,28.59566199976886],[-81.35623899967784,28.595082999745937],[-81.35623500037819,28.594890999945477],[-81.35471600043671,28.59491599996812],[-81.35470899986571,28.594931000294338],[-81.35472399993432,28.595767999803616],[-81.35472399993432,28.595852000291046],[-81.35473700035311,28.595879999649817],[-81.3548000001023,28.595879999649817],[-81.35484699995796,28.595879000320732],[-81.35504100012672,28.59587499984942],[-81.3559540001708,28.59585900032859],[-81.35625899976931,28.595854999856506]]]},"properties":{"block_id":"120950159012029","school_id":"sch_killarney_elementary","kids_est":1,"class":"red","shortest":{"len_m":3383.9,"mean_c":36.61,"peak_c":37.6,"dose":169.8},"coolest":{"len_m":3399.5,"mean_c":36.56,"peak_c":37.6,"dose":168.6},"delta_mean_c":-0.05,"delta_dose_pct":-1,"distance_mi":1.661,"status_now":"walk","status_rec":"bus_eligible","reason":"Coolest route mean 36.6C exceeds threshold (110 C-min dose, actual 169).","safe_until_hour":"13:00"}},{"type":"Feature","geometry":{"type":"Polygon","coordinates":[[[-81.3739000003345,28.592212999781303],[-81.37389699996145,28.59214400026482],[-81.3738939995884,28.59199000019752],[-81.37389199993858,28.591835999904617],[-81.37389100011366,28.591758999673534],[-81.37388899956552,28.591687000174748],[-81.3738869999157,28.591528000219522],[-81.37388799974063,28.591309999989253],[-81.37352299986763,28.591308999827945],[-81.3733449995924,28.591308999827945],[-81.3733449995924,28.591489999683667],[-81.37334700014054,28.591850999881586],[-81.3733510003385,28.59203299974731],[-81.37335600036137,28.592215000086696],[-81.37353200008846,28.592213999934014],[-81.3739000003345,28.592212999781303]]]},"properties":{"block_id":"120950190001044","school_id":"sch_killarney_elementary","kids_est":0,"class":"green","shortest":{"len_m":1363.9,"mean_c":37.24,"peak_c":37.6,"dose":80.3},"coolest":{"len_m":1373.8,"mean_c":37.14,"peak_c":37.6,"dose":79.2},"delta_mean_c":-0.1,"delta_dose_pct":-1,"distance_mi":0.61,"status_now":"walk","status_rec":"walk","reason":"Shortest route already under threshold (dose 80).","safe_until_hour":null}},{"type":"Feature","geometry":{"type":"Polygon","coordinates":[[[-81.37536700039743,28.59358200036064],[-81.37536400002438,28.593451000122474],[-81.37536400002438,28.593413999634265],[-81.37536400002438,28.593263000278174],[-81.37536400002438,28.593245000074067],[-81.37536400002438,28.59319200037541],[-81.37536400002438,28.5931750003027],[-81.37496599964112,28.593174000159138],[-81.37377200028797,28.593170999728404],[-81.37337499972963,28.593170999728404],[-81.37330500030775,28.593170999728404],[-81.37330600013264,28.59325100014246],[-81.37330699995756,28.593402999657183],[-81.3733089996074,28.593576999662098],[-81.37354399978403,28.593577999801827],[-81.37385599995356,28.593577999801827],[-81.37401199958917,28.59357899994155],[-81.3743229999338,28.59357899994155],[-81.3744789995694,28.593580000081253],[-81.37479099973893,28.593580000081253],[-81.37529100022945,28.593581000220947],[-81.37536700039743,28.59358200036064]]]},"properties":{"block_id":"120950190001025","school_id":"sch_killarney_elementary","kids_est":0,"class":"green","shortest":{"len_m":1092.6,"mean_c":37.26,"peak_c":37.6,"dose":65.0},"coolest":{"len_m":1092.6,"mean_c":37.26,"peak_c":37.6,"dose":65.0},"delta_mean_c":0.0,"delta_dose_pct":0,"distance_mi":0.533,"status_now":"walk","status_rec":"walk","reason":"Shortest route already under threshold (dose 65).","safe_until_hour":null}},{"type":"Feature","geometry":{"type":"Polygon","coordinates":[[[-81.37337499972963,28.593170999728404],[-81.37337399990471,28.592979000379277],[-81.37337399990471,28.59287500019102],[-81.37336300003406,28.592595999989225],[-81.3733589998361,28.592405999891632],[-81.37335600036137,28.592215000086696],[-81.3733510003385,28.59203299974731],[-81.37334700014054,28.591850999881586],[-81.3733449995924,28.591489999683667],[-81.3733449995924,28.591308999827945],[-81.37334299994258,28.591239000344917],[-81.37333999956954,28.59103000020257],[-81.37333899974462,28.59096099990961],[-81.37333700009478,28.590847000012257],[-81.373331000247,28.590505999747382],[-81.37333000042211,28.590393000315387],[-81.37332600022415,28.590209999805026],[-81.37331799982822,28.589809000365914],[-81.37331199998044,28.589661999694616],[-81.3733100003306,28.589599000358227],[-81.37330100010979,28.58947999966807],[-81.37330000028487,28.589470999636944],[-81.37329699991182,28.58943800004195],[-81.37326900032274,28.589447000075957],[-81.37318099956087,28.589465000141598],[-81.37315200014687,28.589471999815732],[-81.37303300032117,28.589484000382836],[-81.37282699955854,28.589484000382836],[-81.37270899955777,28.589484000382836],[-81.3727529999387,28.59196400011266],[-81.37275999961139,28.592362000343122],[-81.37276600035749,28.593168000086344],[-81.37330500030775,28.593170999728404],[-81.37337499972963,28.593170999728404]]]},"properties":{"block_id":"120950190001032","school_id":"sch_killarney_elementary","kids_est":0,"class":"green","shortest":{"len_m":1413.4,"mean_c":37.22,"peak_c":37.6,"dose":82.9},"coolest":{"len_m":1423.3,"mean_c":37.12,"peak_c":37.6,"dose":81.8},"delta_mean_c":-0.1,"delta_dose_pct":-1,"distance_mi":0.655,"status_now":"walk","status_rec":"walk","reason":"Shortest route already under threshold (dose 83).","safe_until_hour":null}},{"type":"Feature","geometry":{"type":"Polygon","coordinates":[[[-81.37529200005437,28.589488999698474],[-81.37529000040455,28.589320000138592],[-81.37528600020657,28.588820999731595],[-81.37528200000861,28.5887829997948],[-81.37527199996288,28.588747000215665],[-81.37525600006936,28.588712000021474],[-81.37521800043453,28.58866499994516],[-81.37520599984065,28.58865199988675],[-81.37517300022867,28.588628000138797],[-81.37513700024365,28.588608000344614],[-81.37509799988561,28.588594000092087],[-81.37505699987773,28.588584999985056],[-81.37501400022,28.588581000024888],[-81.37483699976968,28.588579999837677],[-81.3736269996247,28.588578000251914],[-81.37322400011688,28.588578000251914],[-81.3732259997667,28.58870500029673],[-81.37322800031484,28.588749999983865],[-81.37324000001043,28.589004999687834],[-81.37327400034559,28.589265999857908],[-81.37329699991182,28.58943800004195],[-81.37330000028487,28.589470999636944],[-81.37330100010979,28.58947999966807],[-81.37369899959472,28.58948099984677],[-81.3748929998462,28.589484000382836],[-81.37520400019082,28.589485999951357],[-81.37529200005437,28.589488999698474]]]},"properties":{"block_id":"120950190001060","school_id":"sch_killarney_elementary","kids_est":0,"class":"green","shortest":{"len_m":1592.4,"mean_c":37.29,"peak_c":37.6,"dose":94.7},"coolest":{"len_m":1592.8,"mean_c":37.26,"peak_c":37.6,"dose":94.4},"delta_mean_c":-0.03,"delta_dose_pct":0,"distance_mi":0.676,"status_now":"walk","status_rec":"walk","reason":"Shortest route already under threshold (dose 95).","safe_until_hour":null}},{"type":"Feature","geometry":{"type":"Polygon","coordinates":[[[-81.37317600043632,28.5858600003445],[-81.3731689998653,28.585399999894843],[-81.37316600039057,28.585236000379687],[-81.37315999964449,28.58508800019365],[-81.37315899981957,28.585053000359053],[-81.37315799999465,28.58498299986606],[-81.37315600034484,28.584854999835734],[-81.37315200014687,28.58466200006243],[-81.37314999959872,28.584555999872755],[-81.37314499957586,28.58428099980522],[-81.37314200010113,28.584146999910423],[-81.37313600025334,28.583744999990333],[-81.3731339997052,28.583611999647072],[-81.37213399962249,28.5836240000942],[-81.3721400003686,28.58401400007558],[-81.37215799991193,28.58586300019506],[-81.37302699957507,28.58586300019506],[-81.37317600043632,28.5858600003445]]]},"properties":{"block_id":"120950190002016","school_id":"sch_killarney_elementary","kids_est":4,"class":"red","shortest":{"len_m":2085.7,"mean_c":37.19,"peak_c":37.6,"dose":121.3},"coolest":{"len_m":2122.0,"mean_c":37.03,"peak_c":37.6,"dose":118.9},"delta_mean_c":-0.16,"delta_dose_pct":-2,"distance_mi":0.954,"status_now":"walk","status_rec":"bus_eligible","reason":"Coolest route mean 37.0C exceeds threshold (110 C-min dose, actual 119).","safe_until_hour":"14:00"}},{"type":"Feature","geometry":{"type":"Polygon","coordinates":[[[-81.37215799991193,28.58586300019506],[-81.3721400003686,28.58401400007558],[-81.37213399962249,28.5836240000942],[-81.37114100011081,28.58363599975108],[-81.37113899956266,28.583715000087768],[-81.37117799992072,28.585864999832463],[-81.37215799991193,28.58586300019506]]]},"properties":{"block_id":"120950190002015","school_id":"sch_killarney_elementary","kids_est":2,"class":"red","shortest":{"len_m":2432.8,"mean_c":37.13,"peak_c":37.6,"dose":139.4},"coolest":{"len_m":2487.8,"mean_c":36.93,"peak_c":37.6,"dose":136.1},"delta_mean_c":-0.2,"delta_dose_pct":-2,"distance_mi":0.994,"status_now":"walk","status_rec":"bus_eligible","reason":"Coolest route mean 36.9C exceeds threshold (110 C-min dose, actual 136).","safe_until_hour":"14:00"}},{"type":"Feature","geometry":{"type":"Polygon","coordinates":[[[-81.35478900023163,28.599530999606596],[-81.35476999996507,28.598688000335923],[-81.3534639995606,28.598698999759904],[-81.35294800007489,28.598707999789735],[-81.35279599973893,28.598705000305685],[-81.35279300026419,28.598766999615382],[-81.3527940000891,28.598872000372833],[-81.35279999993689,28.599374999939897],[-81.3528019995867,28.599542999814027],[-81.35300800034935,28.599542999814027],[-81.35319900014507,28.599540000353834],[-81.35439099984838,28.5995210003528],[-81.35454700038231,28.59951900018645],[-81.35478900023163,28.599530999606596]]]},"properties":{"block_id":"120950159011023","school_id":"sch_killarney_elementary","kids_est":0,"class":"red","shortest":{"len_m":3629.8,"mean_c":36.45,"peak_c":37.6,"dose":174.7},"coolest":{"len_m":3629.8,"mean_c":36.45,"peak_c":37.6,"dose":174.7},"delta_mean_c":0.0,"delta_dose_pct":0,"distance_mi":1.783,"status_now":"walk","status_rec":"bus_eligible","reason":"Coolest route mean 36.5C exceeds threshold (110 C-min dose, actual 175).","safe_until_hour":"13:00"}},{"type":"Feature","geometry":{"type":"Polygon","coordinates":[[[-81.38566699990184,28.593435000232738],[-81.38566100005404,28.593044999702105],[-81.3856590004042,28.592924999611796],[-81.38550100022047,28.592928000049554],[-81.38537900002174,28.592929000195408],[-81.38470100015431,28.592940000222143],[-81.38460499989485,28.59294100036793],[-81.38460099969689,28.592972000149867],[-81.384595999674,28.59301500008673],[-81.38457300010779,28.59308100017574],[-81.38462699963614,28.59310200005196],[-81.38474499963694,28.593149999865975],[-81.38478800019296,28.593173000015565],[-81.38484000007149,28.593202000231283],[-81.38488100007936,28.59322400022642],[-81.38492299991215,28.593253999782153],[-81.38501499997366,28.593318000225494],[-81.38513700017239,28.593424999610264],[-81.38515300006593,28.59344100029029],[-81.385220999838,28.59351400030554],[-81.38529500035615,28.593496000144405],[-81.38551999958874,28.593442999783548],[-81.38554700025122,28.59343699972611],[-81.38566699990184,28.593435000232738]]]},"properties":{"block_id":"120950153002003","school_id":"sch_killarney_elementary","kids_est":0,"class":"green","shortest":{"len_m":785.2,"mean_c":37.6,"peak_c":37.6,"dose":50.6},"coolest":{"len_m":785.2,"mean_c":37.6,"peak_c":37.6,"dose":50.6},"delta_mean_c":0.0,"delta_dose_pct":0,"distance_mi":0.206,"status_now":"walk","status_rec":"walk","reason":"Shortest route already under threshold (dose 51).","safe_until_hour":null}},{"type":"Feature","geometry":{"type":"Polygon","coordinates":[[[-81.3673049998115,28.583172999900047],[-81.36723899968928,28.58309699987458],[-81.36721299975,28.58306900026648],[-81.36716099987146,28.583010999758738],[-81.36713099973424,28.582978999954467],[-81.36710899999294,28.582950000074185],[-81.36709800012227,28.582974999781037],[-81.36705899976423,28.583023999725686],[-81.36699299964198,28.583076000366415],[-81.36661900044648,28.58329499976388],[-81.36633400004112,28.583456000020526],[-81.36607299992522,28.583604000137047],[-81.36593499983294,28.583682999708877],[-81.36586100021312,28.583708000030363],[-81.36578199967208,28.583717999999525],[-81.3651980004143,28.583706999796743],[-81.36489799994033,28.583702000206173],[-81.36489899976523,28.58377300020723],[-81.36490200013829,28.583988999826836],[-81.36490399978811,28.584060999864437],[-81.36490399978811,28.58412599982309],[-81.36490600033625,28.584322999913702],[-81.36490700016115,28.584388999937577],[-81.36490700016115,28.584433999894244],[-81.36490700016115,28.584466000044543],[-81.36498800035201,28.584464999818124],[-81.36507600021557,28.584443000356593],[-81.36511700022344,28.584421000101553],[-81.36638599991966,28.583696999826536],[-81.36667899982262,28.583528999869547],[-81.36704000039596,28.583321999863294],[-81.36722000032101,28.58322000006478],[-81.3673049998115,28.583172999900047]]]},"properties":{"block_id":"120950190002020","school_id":"sch_killarney_elementary","kids_est":0,"class":"red","shortest":{"len_m":3011.3,"mean_c":37.04,"peak_c":37.6,"dose":169.4},"coolest":{"len_m":3050.2,"mean_c":36.74,"peak_c":37.6,"dose":158.5},"delta_mean_c":-0.3,"delta_dose_pct":-6,"distance_mi":1.302,"status_now":"walk","status_rec":"bus_eligible","reason":"Coolest route mean 36.7C exceeds threshold (110 C-min dose, actual 158).","safe_until_hour":"13:00"}},{"type":"Feature","geometry":{"type":"Polygon","coordinates":[[[-81.36085199957876,28.588189000035715],[-81.36084999992893,28.588027999926673],[-81.36084699955587,28.587867000359825],[-81.36084599973097,28.587805000142424],[-81.360560000399,28.588133999771422],[-81.35970500008128,28.5891210003693],[-81.35942100039914,28.589451000003123],[-81.35946999990463,28.589451000003123],[-81.35968199961674,28.589448000254922],[-81.36045599974364,28.589439999611365],[-81.36046699961427,28.589440999790444],[-81.36053899958429,28.589448999645203],[-81.36061800012534,28.589470000246944],[-81.36071500020971,28.589516999963386],[-81.36082599963947,28.589422000330188],[-81.36085199957876,28.588189000035715]]]},"properties":{"block_id":"120950159012065","school_id":"sch_killarney_elementary","kids_est":0,"class":"red","shortest":{"len_m":2958.5,"mean_c":36.78,"peak_c":37.6,"dose":155.3},"coolest":{"len_m":2963.0,"mean_c":36.69,"peak_c":37.6,"dose":151.6},"delta_mean_c":-0.09,"delta_dose_pct":-2,"distance_mi":1.434,"status_now":"walk","status_rec":"bus_eligible","reason":"Coolest route mean 36.7C exceeds threshold (110 C-min dose, actual 152).","safe_until_hour":"13:00"}},{"type":"Feature","geometry":{"type":"Polygon","coordinates":[[[-81.35942100039914,28.589451000003123],[-81.35939399973665,28.589451000003123],[-81.35931400026901,28.589451000003123],[-81.35928800032973,28.589452000182103],[-81.35916600013101,28.589453000361072],[-81.35880399973276,28.58945799967819],[-81.35868300025726,28.58946000003602],[-81.3585119996547,28.58946299978388],[-81.35800299984169,28.589471999815732],[-81.35783299996237,28.58947599974201],[-81.35761299985434,28.58947999966807],[-81.35738799972344,28.589485999951357],[-81.35695300042858,28.589488999698474],[-81.35673300032055,28.58949200023431],[-81.35673199959733,28.589682000077115],[-81.35673199959733,28.589872999751456],[-81.35673800034343,28.590251999911523],[-81.35674199964308,28.59044199995834],[-81.35674199964308,28.590519000365262],[-81.3567440001912,28.590753000169947],[-81.35674500001612,28.590830999726123],[-81.35695300042858,28.590829000183174],[-81.3575800002424,28.59082500030838],[-81.35770800028891,28.59082500030838],[-81.35778699993162,28.590811000351074],[-81.35787300014533,28.59081400006038],[-81.3581309998882,28.59082299997659],[-81.35821799992684,28.59082699985146],[-81.35846399997413,28.590547999735627],[-81.3591800003747,28.5897259999585],[-81.35942100039914,28.589451000003123]]]},"properties":{"block_id":"120950161003005","school_id":"sch_killarney_elementary","kids_est":1,"class":"red","shortest":{"len_m":3260.9,"mean_c":36.69,"peak_c":37.6,"dose":166.8},"coolest":{"len_m":3261.4,"mean_c":36.66,"peak_c":37.6,"dose":165.7},"delta_mean_c":-0.03,"delta_dose_pct":-1,"distance_mi":1.561,"status_now":"walk","status_rec":"bus_eligible","reason":"Coolest route mean 36.7C exceeds threshold (110 C-min dose, actual 166).","safe_until_hour":"13:00"}},{"type":"Feature","geometry":{"type":"Polygon","coordinates":[[[-81.37746999959668,28.595787999813073],[-81.37746600029705,28.59560999983177],[-81.37745700007622,28.59508000015843],[-81.37745399970316,28.594902999893947],[-81.37743600015982,28.594907999740652],[-81.37736699966453,28.594909999994762],[-81.3770410001496,28.594907999740652],[-81.37580000004247,28.59490400002106],[-81.3753869995906,28.594902999893947],[-81.37538999996366,28.595079000032996],[-81.37540000000939,28.595607000259328],[-81.37540400020735,28.595783000008314],[-81.37581699976091,28.59578400012698],[-81.37705600021822,28.595786999694383],[-81.37746999959668,28.595787999813073]]]},"properties":{"block_id":"120950190001021","school_id":"sch_killarney_elementary","kids_est":5,"class":"green","shortest":{"len_m":1259.9,"mean_c":37.29,"peak_c":37.6,"dose":75.1},"coolest":{"len_m":1259.9,"mean_c":37.29,"peak_c":37.6,"dose":75.1},"delta_mean_c":0.0,"delta_dose_pct":0,"distance_mi":0.389,"status_now":"walk","status_rec":"walk","reason":"Shortest route already under threshold (dose 75).","safe_until_hour":null}},{"type":"Feature","geometry":{"type":"Polygon","coordinates":[[[-81.35519799958723,28.59319200037541],[-81.3552650004327,28.593148000367133],[-81.3551940002876,28.593155999939786],[-81.35517599984591,28.593149999865975],[-81.35515599975444,28.593171999871988],[-81.35506600024108,28.59323099965026],[-81.3550119998144,28.593265999917513],[-81.3537940001718,28.594037999964495],[-81.35307000027362,28.594600000380368],[-81.35297800021212,28.594677000107858],[-81.35291899976257,28.594732000104027],[-81.35283199972395,28.594814000374736],[-81.35278499986828,28.594862000195683],[-81.35276599960169,28.594880000122895],[-81.35274700023344,28.594900000301326],[-81.35273100033992,28.594918000222037],[-81.35276200030205,28.59493000016748],[-81.35281199963245,28.594944000364986],[-81.35286199986116,28.59495099967431],[-81.35289700002127,28.594952999927603],[-81.35471600043671,28.59491599996812],[-81.35471399988859,28.594894999665552],[-81.35471200023875,28.594851999708983],[-81.35470899986571,28.5948079996068],[-81.35468299992642,28.594093999641075],[-81.35453599961333,28.594095999910678],[-81.35411700021199,28.594101999930498],[-81.3540970001205,28.594099999661008],[-81.35403199982319,28.594094999775884],[-81.35395499983028,28.594070999692992],[-81.35429299993909,28.593850999729717],[-81.35513200036331,28.593292999822776],[-81.35515499992952,28.593270999842076],[-81.35516800034833,28.59325100014246],[-81.35517500002102,28.593230000296007],[-81.35517500002102,28.59320600001563],[-81.35519799958723,28.59319200037541]]]},"properties":{"block_id":"120950159012044","school_id":"sch_killarney_elementary","kids_est":0,"class":"red","shortest":{"len_m":3142.8,"mean_c":36.64,"peak_c":37.6,"dose":159.1},"coolest":{"len_m":3142.8,"mean_c":36.64,"peak_c":37.6,"dose":159.1},"delta_mean_c":0.0,"delta_dose_pct":0,"distance_mi":1.753,"status_now":"walk","status_rec":"bus_eligible","reason":"Coolest route mean 36.6C exceeds threshold (110 C-min dose, actual 159).","safe_until_hour":"13:00"}},{"type":"Feature","geometry":{"type":"Polygon","coordinates":[[[-81.37505699987773,28.588584999985056],[-81.37509799988561,28.588594000092087],[-81.37496599964112,28.58846699991318],[-81.37488399962535,28.58842799965974],[-81.37453200017117,28.588434000003073],[-81.37421900017672,28.588449999865137],[-81.37404900029742,28.588384000023865],[-81.3738950003116,28.588302000259006],[-81.37374600034869,28.58818600025151],[-81.37364199969332,28.588082000054413],[-81.37356499970043,28.587916999796086],[-81.37351600019494,28.587780000006262],[-81.3735210002178,28.587620999663724],[-81.37360900008137,28.587428000234517],[-81.37374600034869,28.587340000107446],[-81.37409299978002,28.587196999941032],[-81.37423000004739,28.58715399999091],[-81.37441099979733,28.587070999853896],[-81.37455399991248,28.5869010001481],[-81.37463099990538,28.586659000380518],[-81.37470299987538,28.586499999920353],[-81.37479599976182,28.586350999727287],[-81.37486199988403,28.586196999851204],[-81.37488399962535,28.586087999787186],[-81.37487799977758,28.585993999634034],[-81.37488399962535,28.585967000220624],[-81.37488399962535,28.585934000314676],[-81.37489500039433,28.585883999935497],[-81.37419900008524,28.585867000258638],[-81.37347299963892,28.58586099976881],[-81.37323199961449,28.5858600003445],[-81.37317600043632,28.5858600003445],[-81.37317800008613,28.58599199999909],[-81.37317800008613,28.58603599984708],[-81.37319200032985,28.58676399982332],[-81.37320900004828,28.587672999608728],[-81.37321200042133,28.587853000008625],[-81.37322099974385,28.588395999926398],[-81.37322400011688,28.588578000251914],[-81.3736269996247,28.588578000251914],[-81.37483699976968,28.588579999837677],[-81.37501400022,28.588581000024888],[-81.37505699987773,28.588584999985056]]]},"properties":{"block_id":"120950190001059","school_id":"sch_killarney_elementary","kids_est":0,"class":"green","shortest":{"len_m":1851.2,"mean_c":37.25,"peak_c":37.6,"dose":109.0},"coolest":{"len_m":1851.8,"mean_c":37.23,"peak_c":37.6,"dose":108.6},"delta_mean_c":-0.02,"delta_dose_pct":0,"distance_mi":0.792,"status_now":"walk","status_rec":"walk","reason":"Shortest route already under threshold (dose 109).","safe_until_hour":null}},{"type":"Feature","geometry":{"type":"Polygon","coordinates":[[[-81.34864800016841,28.597806999994614],[-81.34866900008481,28.597806999994614],[-81.34864200032064,28.596819999710988],[-81.3486330000998,28.59671199972865],[-81.34863099955166,28.59612900029574],[-81.34862399987897,28.5959689998439],[-81.34848400013688,28.595972000194767],[-81.34840899979382,28.5959660002817],[-81.3478089997442,28.5959689998439],[-81.3477450001701,28.595984000019847],[-81.34730400012911,28.595992000165406],[-81.34701700007395,28.595992000165406],[-81.34691800033974,28.595993000282164],[-81.34617799964973,28.59601100001568],[-81.34616000010638,28.59601100001568],[-81.34596799958743,28.596012000132255],[-81.34587499970101,28.595999000193704],[-81.34586899985322,28.595913000377518],[-81.3458660003785,28.595864000129826],[-81.34584600028701,28.595673999629373],[-81.3458449995638,28.595658000077957],[-81.34584000043922,28.595573000103563],[-81.34582500037062,28.59551699963744],[-81.34582299982247,28.59550800012318],[-81.34580100008118,28.595460999930236],[-81.34574300035484,28.595366000147425],[-81.34571400004253,28.595317999767882],[-81.3456279998288,28.59538799968964],[-81.34561699995815,28.595398000125414],[-81.34551099965294,28.595466999872144],[-81.34538500015456,28.59552800018211],[-81.34533499992585,28.595543999753254],[-81.34527700019953,28.595562999684518],[-81.34522799979574,28.5955740002243],[-81.34516500004655,28.59558800033602],[-81.34508899987856,28.5955969998435],[-81.34504299984779,28.595599000084505],[-81.34487899981627,28.595608000379734],[-81.34464000033998,28.595608999711377],[-81.34448200015623,28.595612000072535],[-81.3442960003834,28.5956169998855],[-81.34398500003877,28.59562500005896],[-81.34390399984792,28.595626000179188],[-81.34272800003812,28.595640999615387],[-81.34257300022742,28.595643999975564],[-81.34242599991433,28.595654999718185],[-81.34233800005077,28.595667999699295],[-81.3423389998757,28.595697000015377],[-81.34236599963988,28.59584500025298],[-81.34236999983784,28.59586199989386],[-81.34239499995219,28.59591700005869],[-81.34240800037098,28.596015999809676],[-81.34239199957914,28.59614200021821],[-81.34236999983784,28.59631899997373],[-81.34236999983784,28.59637399989938],[-81.34236999983784,28.59639600001935],[-81.34240800037098,28.596549999941438],[-81.3424450001809,28.59652799985376],[-81.3425010002574,28.596517000202496],[-81.3426069996643,28.59652199997242],[-81.34269399970295,28.59653900029254],[-81.34281300042694,28.596588000225562],[-81.34282299957437,28.5965929999921],[-81.34295599964376,28.596670999947285],[-81.34309399973601,28.596775000323372],[-81.3431840001477,28.596859000005928],[-81.34341199975333,28.59707200002686],[-81.34356699956402,28.5971439997808],[-81.34382299965706,28.597221000010755],[-81.34392700031245,28.597238000217814],[-81.34435699958446,28.597307999649587],[-81.34446500043781,28.597324999842584],[-81.34461699987546,28.597361999742784],[-81.34508300003077,28.597478999980936],[-81.34526999962853,28.597506999695014],[-81.34539799967504,28.597497000248698],[-81.34542600016245,28.597496000146265],[-81.34556900027758,28.59746799964047],[-81.34565899979094,28.597444000327823],[-81.34580799975386,28.59740300004327],[-81.34585600033276,28.597391000380206],[-81.345986999854,28.597380000030583],[-81.34616099993127,28.597423999844743],[-81.3462539998177,28.597465000121044],[-81.34639600010793,28.59752900036658],[-81.34661600021595,28.597627000075374],[-81.34663499958421,28.597754000230058],[-81.34667200029246,28.597827999715353],[-81.34694199973087,28.597823000007562],[-81.34710400011258,28.597816000100764],[-81.34732699969533,28.59781299980258],[-81.34758199996347,28.597817000200155],[-81.34864800016841,28.597806999994614]]]},"properties":{"block_id":"120950160011020","school_id":"sch_killarney_elementary","kids_est":4,"class":"red","shortest":{"len_m":4113.1,"mean_c":36.54,"peak_c":37.6,"dose":202.4},"coolest":{"len_m":4113.1,"mean_c":36.54,"peak_c":37.6,"dose":202.4},"delta_mean_c":0.0,"delta_dose_pct":0,"distance_mi":2.254,"status_now":"bus","status_rec":"bus_eligible","reason":"Coolest route mean 36.5C exceeds threshold (110 C-min dose, actual 202).","safe_until_hour":"11:00"}},{"type":"Feature","geometry":{"type":"Polygon","coordinates":[[[-81.35112000033693,28.58602700030997],[-81.35114700010111,28.585959000100992],[-81.35096600035114,28.585963000160866],[-81.35092399962004,28.585964999796346],[-81.35042599967765,28.58596799964392],[-81.3502459997526,28.585970000068137],[-81.35024099972973,28.585997999692623],[-81.3501339995996,28.58614300033293],[-81.35009199976682,28.586195000220126],[-81.34971100000031,28.586674000307312],[-81.34964700042622,28.586746000084016],[-81.34957499955786,28.586808000137072],[-81.34955500036469,28.586819000015453],[-81.34951500018173,28.58684400038012],[-81.34944800023457,28.58686799974652],[-81.34936200002085,28.58688299964349],[-81.34929300042387,28.586879999822024],[-81.34926800030951,28.586832000300507],[-81.34924400002008,28.58675400014383],[-81.3492389999972,28.58670800018609],[-81.34920399983712,28.58633000008018],[-81.34917799989783,28.586165999649104],[-81.34917399969987,28.5861359996484],[-81.34916500037735,28.585985000093284],[-81.3491479997606,28.58588500014841],[-81.34914500028587,28.58578399989458],[-81.34913100004218,28.58517800027833],[-81.3491269998442,28.58497599989308],[-81.34886999992626,28.584981000211904],[-81.34877600021494,28.58498299986606],[-81.34836000028832,28.584981999644576],[-81.34820899977727,28.584964000389046],[-81.34810900021817,28.584942999676123],[-81.34796600010303,28.58489699971495],[-81.34786399999577,28.584851999956417],[-81.34775900041379,28.584801999851564],[-81.34769999996425,28.58478099989504],[-81.34747800020638,28.58470500024286],[-81.34722399976317,28.584639999853266],[-81.34718799977817,28.584632999857437],[-81.3470139997009,28.58460000032168],[-81.34689900007315,28.584578000099476],[-81.34688499982946,28.5845629998737],[-81.34688200035473,28.584538999981195],[-81.34687599960863,28.584457999810652],[-81.34687200030899,28.584055000060385],[-81.34687099958578,28.583893999931966],[-81.34686700028612,28.583591999687627],[-81.34685700024036,28.582687000305008],[-81.34685399986732,28.582385999996003],[-81.34674400026246,28.582384000292446],[-81.34641700002432,28.582380000096396],[-81.34630800024438,28.58237899985013],[-81.34599600007485,28.582381999800013],[-81.34506100028946,28.582393000141394],[-81.34474999994484,28.582397999794185],[-81.34475800034076,28.582654999613364],[-81.3447750000592,28.583171000211465],[-81.34478500010493,28.5834270002718],[-81.34479699980051,28.583685000176565],[-81.34486399974766,28.58378499984715],[-81.3450649995891,28.584086000096004],[-81.3451330002595,28.58418699961432],[-81.34527200017666,28.584169000222726],[-81.34542799981226,28.584179000148048],[-81.34559000019397,28.58420700024938],[-81.34572699956301,28.584262000201377],[-81.34586999967814,28.584349999749183],[-81.34619500026648,28.584622999975295],[-81.34652499997937,28.584900000381833],[-81.34687999980659,28.58514799999574],[-81.34727300016698,28.585285000059613],[-81.34748499987909,28.585334999934865],[-81.3476470002608,28.58539000008564],[-81.34775900041379,28.585443999990613],[-81.34807099968502,28.58555999986797],[-81.34822700021893,28.58558700017466],[-81.34831400025757,28.585620000189497],[-81.34840200012113,28.58570299989425],[-81.34843899993103,28.58576899984077],[-81.3484449997788,28.58585699970508],[-81.34841999966446,28.58592799982873],[-81.34838299985454,28.585978000186994],[-81.34837700000676,28.58607200035446],[-81.3484079999689,28.58615999996516],[-81.3484220002126,28.586214999684422],[-81.3484699998932,28.586407000343403],[-81.34848300031197,28.586506000373657],[-81.34848300031197,28.586648999902227],[-81.34843899993103,28.586762999618767],[-81.34843300008326,28.58678100014391],[-81.34841399981667,28.586879999822024],[-81.34844599960373,28.587034999688555],[-81.34845200034982,28.587188999914986],[-81.34847699956586,28.58726600033796],[-81.34855199990893,28.587397999805063],[-81.3486890001763,28.587545999894907],[-81.34879499958319,28.58764499964153],[-81.34885700040579,28.587684000185366],[-81.34897200003351,28.587705999757695],[-81.34905700042233,28.587721999730558],[-81.3492380001723,28.587717000330887],[-81.34935600017306,28.58766700001078],[-81.349428999968,28.587616999666874],[-81.34948099984655,28.587584000278774],[-81.34975500038124,28.58727599996876],[-81.34987300038202,28.587128000287617],[-81.35002300016983,28.586972999769365],[-81.35019100039933,28.586824999661786],[-81.3503219999206,28.586725999931893],[-81.35045900018794,28.586654000141486],[-81.35048900032515,28.586643999662773],[-81.35061499982355,28.586605000310755],[-81.35070199986218,28.586598999863035],[-81.350963999803,28.586643000245843],[-81.35100800018392,28.586506000373657],[-81.35108900037478,28.586339999800003],[-81.35109500022257,28.58625200033993],[-81.35108900037478,28.586174999963134],[-81.35110500026832,28.58609599989706],[-81.35112000033693,28.58602700030997]]]},"properties":{"block_id":"120950161003011","school_id":"sch_killarney_elementary","kids_est":8,"class":"red","shortest":{"len_m":4500.4,"mean_c":36.77,"peak_c":37.6,"dose":235.3},"coolest":{"len_m":4520.3,"mean_c":36.7,"peak_c":37.6,"dose":233.1},"delta_mean_c":-0.07,"delta_dose_pct":-1,"distance_mi":2.268,"status_now":"bus","status_rec":"bus_eligible","reason":"Coolest route mean 36.7C exceeds threshold (110 C-min dose, actual 233).","safe_until_hour":"11:00"}},{"type":"Feature","geometry":{"type":"Polygon","coordinates":[[[-81.37729399986958,28.585867000258638],[-81.37727899980098,28.58506000032691],[-81.37727799997607,28.58501399962811],[-81.37727200012829,28.584681999818358],[-81.3771950001354,28.584681000382826],[-81.3770699995636,28.584681999818358],[-81.37703799977655,28.584681999818358],[-81.37678900025452,28.584681999818358],[-81.37678400023165,28.58435699976384],[-81.37678099985861,28.584283000261486],[-81.3769070002553,28.584283000261486],[-81.3771259996401,28.584283000261486],[-81.37713900005889,28.584283000261486],[-81.37726499955728,28.584283999700833],[-81.37726399973238,28.58424299980526],[-81.37726100025763,28.58412100025246],[-81.37726100025763,28.58408099973462],[-81.37725899970948,28.583960000225094],[-81.37725299986171,28.58359899975274],[-81.37725200003679,28.583478999924424],[-81.37722400044771,28.583483000078672],[-81.37714300025685,28.583495999987274],[-81.37711599959437,28.58349799966967],[-81.37704399962433,28.583501999823206],[-81.37673499982786,28.583501999823206],[-81.37621699979401,28.583503000058776],[-81.37620799957317,28.58282300017776],[-81.37613399995331,28.58282300017776],[-81.37562000011742,28.582830999747184],[-81.37562199976723,28.582967999674448],[-81.37562500014029,28.5831059996625],[-81.37562699979011,28.583250000108627],[-81.37563000016316,28.583380999647467],[-81.37561599991946,28.583585999856822],[-81.37559900020102,28.583895000163757],[-81.37558099975936,28.58421899983977],[-81.37557800028463,28.584269000221887],[-81.37557400008667,28.58435699976384],[-81.37555599964502,28.58468400026704],[-81.37553700027675,28.58501600007047],[-81.37553999975147,28.58504299972807],[-81.37558599978222,28.585468999893376],[-81.3756259999652,28.585823999764553],[-81.3756400002089,28.585868999895947],[-81.37597400011977,28.585868999895947],[-81.37687700011809,28.58587000010901],[-81.37690399988226,28.58587000010901],[-81.37715300030261,28.58587100032206],[-81.37717800041696,28.58587000010901],[-81.37729399986958,28.585867000258638]]]},"properties":{"block_id":"120950153002025","school_id":"sch_killarney_elementary","kids_est":3,"class":"red","shortest":{"len_m":1960.9,"mean_c":37.19,"peak_c":37.6,"dose":113.8},"coolest":{"len_m":1961.3,"mean_c":37.17,"peak_c":37.6,"dose":113.5},"delta_mean_c":-0.02,"delta_dose_pct":0,"distance_mi":0.838,"status_now":"walk","status_rec":"bus_eligible","reason":"Coolest route mean 37.2C exceeds threshold (110 C-min dose, actual 114).","safe_until_hour":"14:00"}},{"type":"Feature","geometry":{"type":"Polygon","coordinates":[[[-81.36513999978966,28.60284200007452],[-81.36514099961458,28.60243400032922],[-81.36513800013984,28.602253000391187],[-81.36513300011697,28.601836000175144],[-81.36513099956882,28.601640999903452],[-81.36512700026917,28.60105600007196],[-81.36512600044428,28.60086200000065],[-81.36512499972103,28.600764000153703],[-81.36512499972103,28.6004710001386],[-81.36512499972103,28.600374000002027],[-81.36461599990801,28.600374000002027],[-81.36431600033237,28.600374000002027],[-81.36410600027008,28.600374000002027],[-81.36348600012897,28.60037099977688],[-81.3631649997386,28.600374000002027],[-81.36233200006048,28.600372999926975],[-81.36189199984442,28.60037500007708],[-81.3617079997214,28.600376000152107],[-81.36108400028066,28.600379000377174],[-81.36108799958029,28.600680999720872],[-81.36109000012844,28.60079399992341],[-81.36109599997621,28.60120900019681],[-81.36110500019704,28.601549999652846],[-81.36110500019704,28.601586999642905],[-81.36111299969467,28.601890000307733],[-81.36111799971752,28.60228800002004],[-81.36111799971752,28.6023099996907],[-81.3611239995653,28.60268599980227],[-81.36113899963392,28.60319600037929],[-81.36114600020494,28.603572999731036],[-81.36115399970254,28.603994000314206],[-81.3620319995865,28.603980999785673],[-81.36284699972128,28.603963999880783],[-81.3629320001101,28.603961999798983],[-81.36411600031582,28.603938999644456],[-81.36513700031493,28.60392499985653],[-81.36513700031493,28.603506999921276],[-81.36513800013984,28.60338399980666],[-81.36513999978966,28.60284200007452]]]},"properties":{"block_id":"120950159012011","school_id":"sch_killarney_elementary","kids_est":0,"class":"red","shortest":{"len_m":3158.2,"mean_c":36.49,"peak_c":37.6,"dose":153.8},"coolest":{"len_m":3158.2,"mean_c":36.49,"peak_c":37.6,"dose":153.8},"delta_mean_c":0.0,"delta_dose_pct":0,"distance_mi":1.286,"status_now":"walk","status_rec":"bus_eligible","reason":"Coolest route mean 36.5C exceeds threshold (110 C-min dose, actual 154).","safe_until_hour":"13:00"}},{"type":"Feature","geometry":{"type":"Polygon","coordinates":[[[-81.36111299969467,28.601890000307733],[-81.36110500019704,28.601586999642905],[-81.36110500019704,28.601549999652846],[-81.36109599997621,28.60120900019681],[-81.36109000012844,28.60079399992341],[-81.36108799958029,28.600680999720872],[-81.36108400028066,28.600379000377174],[-81.36065800030832,28.60038099973845],[-81.35938200004108,28.600390999699066],[-81.35895699989364,28.60039499999855],[-81.35895900044177,28.600546000150285],[-81.35896600011448,28.601000000161317],[-81.3589689995892,28.60115200030007],[-81.35897000031242,28.601303000152694],[-81.35897299978717,28.601758000109914],[-81.3589750003353,28.601909999940865],[-81.35940200013256,28.601905999699063],[-81.3606850000725,28.601892999700855],[-81.36111299969467,28.601890000307733]]]},"properties":{"block_id":"120950159011017","school_id":"sch_killarney_elementary","kids_est":3,"class":"red","shortest":{"len_m":3386.4,"mean_c":36.47,"peak_c":37.6,"dose":163.9},"coolest":{"len_m":3386.4,"mean_c":36.47,"peak_c":37.6,"dose":163.9},"delta_mean_c":0.0,"delta_dose_pct":0,"distance_mi":1.441,"status_now":"walk","status_rec":"bus_eligible","reason":"Coolest route mean 36.5C exceeds threshold (110 C-min dose, actual 164).","safe_until_hour":"13:00"}},{"type":"Feature","geometry":{"type":"Polygon","coordinates":[[[-81.3678100003249,28.594996999969023],[-81.36779199988322,28.594963999742475],[-81.3677759999897,28.594906000275245],[-81.36778199983748,28.593930000278586],[-81.36641900042994,28.59392099983967],[-81.36631499977454,28.593931999762606],[-81.3662129996673,28.5939580001494],[-81.36611700030615,28.593995999793087],[-81.3661569995908,28.594030999805618],[-81.3673950002232,28.59511200022344],[-81.367473000041,28.595189000364616],[-81.36760299973734,28.595105000136087],[-81.3678100003249,28.594996999969023]]]},"properties":{"block_id":"120950190003025","school_id":"sch_killarney_elementary","kids_est":0,"class":"green","shortest":{"len_m":1834.6,"mean_c":36.88,"peak_c":37.6,"dose":99.2},"coolest":{"len_m":1834.6,"mean_c":36.88,"peak_c":37.6,"dose":99.2},"delta_mean_c":0.0,"delta_dose_pct":0,"distance_mi":0.952,"status_now":"walk","status_rec":"walk","reason":"Shortest route already under threshold (dose 99).","safe_until_hour":null}},{"type":"Feature","geometry":{"type":"Polygon","coordinates":[[[-81.36290899964557,28.59235000010457],[-81.36290299979777,28.591960000281052],[-81.36290199997288,28.591889999654015],[-81.36290000032305,28.591736000003344],[-81.36288899955407,28.591702000173026],[-81.36287799968343,28.591686000017088],[-81.36286799963767,28.59167100001652],[-81.36283599985062,28.591648999696353],[-81.36282499997999,28.591644999852758],[-81.36279900004071,28.59163600000698],[-81.36277800012431,28.59163300032113],[-81.36258999980335,28.5916320001629],[-81.3618829996236,28.591629999846415],[-81.36164800034527,28.591629999846415],[-81.36177999969144,28.591728999691213],[-81.36183099974505,28.59176800029763],[-81.36188099997378,28.591822000081887],[-81.36192100015676,28.591883000140864],[-81.3619549995936,28.591960000281052],[-81.36196899983732,28.592017999796308],[-81.36197300003528,28.59207700022228],[-81.3619670001875,28.592135999826368],[-81.36195999961649,28.59216000035105],[-81.36195100029397,28.592192999880396],[-81.36192500035472,28.592248000387503],[-81.3618829996236,28.59230599974386],[-81.3619539997687,28.592332999895632],[-81.36201400004316,28.592342999833267],[-81.36290899964557,28.59235000010457]]]},"properties":{"block_id":"120950159012057","school_id":"sch_killarney_elementary","kids_est":0,"class":"red","shortest":{"len_m":2419.9,"mean_c":36.76,"peak_c":37.6,"dose":126.3},"coolest":{"len_m":2421.9,"mean_c":36.73,"peak_c":37.6,"dose":125.5},"delta_mean_c":-0.03,"delta_dose_pct":-1,"distance_mi":1.262,"status_now":"walk","status_rec":"bus_eligible","reason":"Coolest route mean 36.7C exceeds threshold (110 C-min dose, actual 126).","safe_until_hour":"14:00"}},{"type":"Feature","geometry":{"type":"Polygon","coordinates":[[[-81.35688700030634,28.597692999634607],[-81.35687100041281,28.596694000115182],[-81.35675199968881,28.596696000335296],[-81.35639799968648,28.596705999857807],[-81.35627999968571,28.59671000029758],[-81.35474800022375,28.596732999668188],[-81.35474599967561,28.596832000227977],[-81.35476999996507,28.597581000142963],[-81.35477099978996,28.59772200018071],[-81.3553080000904,28.59771400016681],[-81.35576099982694,28.597702999851002],[-81.35618400032456,28.597702999851002],[-81.35688700030634,28.597692999634607]]]},"properties":{"block_id":"120950159012019","school_id":"sch_killarney_elementary","kids_est":0,"class":"red","shortest":{"len_m":3346.8,"mean_c":36.48,"peak_c":37.6,"dose":162.1},"coolest":{"len_m":3346.8,"mean_c":36.48,"peak_c":37.6,"dose":162.1},"delta_mean_c":0.0,"delta_dose_pct":0,"distance_mi":1.645,"status_now":"walk","status_rec":"bus_eligible","reason":"Coolest route mean 36.5C exceeds threshold (110 C-min dose, actual 162).","safe_until_hour":"13:00"}},{"type":"Feature","geometry":{"type":"Polygon","coordinates":[[[-81.35627999968571,28.59671000029758],[-81.3562720001881,28.596531000188605],[-81.35626200014237,28.59602600018563],[-81.35625899976931,28.595854999856506],[-81.3559540001708,28.59585900032859],[-81.35504100012672,28.59587499984942],[-81.35484699995796,28.595879000320732],[-81.3548000001023,28.595879999649817],[-81.35473700035311,28.595879999649817],[-81.35473800017802,28.596008999782523],[-81.35474800022375,28.596732999668188],[-81.35627999968571,28.59671000029758]]]},"properties":{"block_id":"120950159012024","school_id":"sch_killarney_elementary","kids_est":0,"class":"red","shortest":{"len_m":3338.8,"mean_c":36.54,"peak_c":37.6,"dose":164.1},"coolest":{"len_m":3353.0,"mean_c":36.49,"peak_c":37.6,"dose":163.2},"delta_mean_c":-0.05,"delta_dose_pct":-1,"distance_mi":1.661,"status_now":"walk","status_rec":"bus_eligible","reason":"Coolest route mean 36.5C exceeds threshold (110 C-min dose, actual 163).","safe_until_hour":"13:00"}},{"type":"Feature","geometry":{"type":"Polygon","coordinates":[[[-81.36913900029556,28.58766099962368],[-81.36912400022695,28.58675100031866],[-81.36700900043381,28.586739000228384],[-81.36701199990854,28.58692100026698],[-81.36702199995429,28.587467000070085],[-81.36702600015224,28.587649999833424],[-81.36744799992664,28.587652000225596],[-81.36871599979796,28.587657999824398],[-81.36913900029556,28.58766099962368]]]},"properties":{"block_id":"120950190002005","school_id":"sch_killarney_elementary","kids_est":1,"class":"red","shortest":{"len_m":2226.8,"mean_c":37.17,"peak_c":37.6,"dose":128.7},"coolest":{"len_m":2271.4,"mean_c":36.96,"peak_c":37.6,"dose":124.9},"delta_mean_c":-0.21,"delta_dose_pct":-3,"distance_mi":1.056,"status_now":"walk","status_rec":"bus_eligible","reason":"Coolest route mean 37.0C exceeds threshold (110 C-min dose, actual 125).","safe_until_hour":"14:00"}},{"type":"Feature","geometry":{"type":"Polygon","coordinates":[[[-81.36774500002757,28.583503000058776],[-81.3677829996624,28.58347000016841],[-81.36742199998737,28.583285999992118],[-81.3673049998115,28.583172999900047],[-81.36722000032101,28.58322000006478],[-81.36704000039596,28.583321999863294],[-81.36667899982262,28.583528999869547],[-81.36638599991966,28.583696999826536],[-81.36511700022344,28.584421000101553],[-81.36507600021557,28.584443000356593],[-81.36498800035201,28.584464999818124],[-81.36490700016115,28.584466000044543],[-81.36490899981096,28.584547999645707],[-81.3649110003591,28.58463100019663],[-81.36491999968163,28.584942999676123],[-81.36493399992533,28.585794999880033],[-81.36493399992533,28.585808999716505],[-81.36493399992533,28.58585500006753],[-81.36493499975025,28.58593099967731],[-81.36506699999472,28.58581200035736],[-81.36517400012484,28.585709999818835],[-81.36525000029283,28.58565499983537],[-81.36592700033535,28.585077000134234],[-81.36620199979664,28.58483200023287],[-81.36774500002757,28.583503000058776]]]},"properties":{"block_id":"120950190002009","school_id":"sch_killarney_elementary","kids_est":0,"class":"red","shortest":{"len_m":2997.5,"mean_c":37.05,"peak_c":37.6,"dose":168.7},"coolest":{"len_m":3044.0,"mean_c":36.74,"peak_c":37.6,"dose":158.2},"delta_mean_c":-0.31,"delta_dose_pct":-6,"distance_mi":1.264,"status_now":"walk","status_rec":"bus_eligible","reason":"Coolest route mean 36.7C exceeds threshold (110 C-min dose, actual 158).","safe_until_hour":"13:00"}},{"type":"Feature","geometry":{"type":"Polygon","coordinates":[[[-81.36778199983748,28.593930000278586],[-81.3677900002334,28.593106999984325],[-81.36734599981939,28.593106999984325],[-81.36731900005522,28.59310800012852],[-81.36611099956005,28.59310200005196],[-81.36595199955138,28.59313299978647],[-81.36562299966342,28.593133999930426],[-81.3655230001043,28.593153000297306],[-81.36548399974623,28.593214000372633],[-81.36546799985273,28.593273000127343],[-81.36546899967762,28.59333299999098],[-81.3654800004466,28.593372000002304],[-81.36553499979988,28.59345200026339],[-81.3656989998314,28.593609000184674],[-81.36596300032036,28.593861999659914],[-81.36611700030615,28.593995999793087],[-81.3662129996673,28.5939580001494],[-81.36631499977454,28.593931999762606],[-81.36641900042994,28.59392099983967],[-81.36778199983748,28.593930000278586]]]},"properties":{"block_id":"120950190003036","school_id":"sch_killarney_elementary","kids_est":0,"class":"green","shortest":{"len_m":1856.6,"mean_c":36.88,"peak_c":37.6,"dose":100.2},"coolest":{"len_m":1856.6,"mean_c":36.88,"peak_c":37.6,"dose":100.2},"delta_mean_c":0.0,"delta_dose_pct":0,"distance_mi":0.986,"status_now":"walk","status_rec":"walk","reason":"Shortest route already under threshold (dose 100).","safe_until_hour":null}},{"type":"Feature","geometry":{"type":"Polygon","coordinates":[[[-81.35291200008987,28.587648000229983],[-81.35290100021922,28.587567000087947],[-81.35288899962534,28.587523000091835],[-81.35278099967032,28.587309000242342],[-81.35252200010252,28.586819000015453],[-81.35244400028475,28.586642000040147],[-81.35241599979733,28.586551000213188],[-81.3523999999038,28.586426000348506],[-81.35240400010177,28.586312999686616],[-81.35240900012462,28.58628799998451],[-81.35241999999528,28.586238999983223],[-81.35244799958438,28.586168000069556],[-81.35252899977523,28.586031999790006],[-81.35258400002682,28.585970000068137],[-81.3525549997145,28.585949999768424],[-81.35248899959227,28.585933000102237],[-81.35241199959937,28.585934000314676],[-81.35210899965065,28.585938000375545],[-81.35187400037233,28.585949000344954],[-81.35169500027219,28.585959000100992],[-81.35168699987626,28.586346999682135],[-81.35168600005136,28.586423999932965],[-81.35169100007423,28.586514999869827],[-81.35170699996776,28.58658799996164],[-81.35182199959549,28.58685999969538],[-81.35194600034237,28.587124999684384],[-81.35208600008444,28.587396000196822],[-81.35210299980288,28.58742099963549],[-81.35215800005447,28.58750000028367],[-81.35225900033682,28.58761399986635],[-81.35232499956072,28.587664999618834],[-81.3523649997437,28.587705999757695],[-81.35239400005602,28.587685999788135],[-81.35244400028475,28.587665999814813],[-81.35246600002604,28.587663000015684],[-81.35250600020902,28.58765900002044],[-81.35262300038488,28.587652999632937],[-81.35279999993689,28.58764899963731],[-81.35291200008987,28.587648000229983]]]},"properties":{"block_id":"120950161003018","school_id":"sch_killarney_elementary","kids_est":0,"class":"red","shortest":{"len_m":3954.0,"mean_c":36.75,"peak_c":37.6,"dose":205.5},"coolest":{"len_m":3957.8,"mean_c":36.73,"peak_c":37.6,"dose":204.4},"delta_mean_c":-0.02,"delta_dose_pct":-1,"distance_mi":1.949,"status_now":"walk","status_rec":"bus_eligible","reason":"Coolest route mean 36.7C exceeds threshold (110 C-min dose, actual 204).","safe_until_hour":"11:00"}},{"type":"Feature","geometry":{"type":"Polygon","coordinates":[[[-81.37115100015654,28.588571999916812],[-81.3711489996084,28.588390000369706],[-81.37114299976062,28.587846999632124],[-81.37114100011081,28.58766700001078],[-81.37074000025281,28.587664999618834],[-81.36992699976786,28.58766099962368],[-81.36953900032866,28.58766099962368],[-81.36913900029556,28.58766099962368],[-81.36910099976242,28.587769999634645],[-81.3691069996102,28.58813499996292],[-81.36911300035631,28.588510000115136],[-81.3691190002041,28.58856399999533],[-81.36917199990752,28.58856399999533],[-81.36956699991775,28.588565000182744],[-81.37075500032142,28.58857000033089],[-81.37115100015654,28.588571999916812]]]},"properties":{"block_id":"120950190001057","school_id":"sch_killarney_elementary","kids_est":0,"class":"red","shortest":{"len_m":2192.8,"mean_c":37.17,"peak_c":37.6,"dose":126.9},"coolest":{"len_m":2237.4,"mean_c":36.96,"peak_c":37.6,"dose":123.1},"delta_mean_c":-0.21,"delta_dose_pct":-3,"distance_mi":0.917,"status_now":"walk","status_rec":"bus_eligible","reason":"Coolest route mean 37.0C exceeds threshold (110 C-min dose, actual 123).","safe_until_hour":"14:00"}},{"type":"Feature","geometry":{"type":"Polygon","coordinates":[[[-81.37489500039433,28.585883999935497],[-81.37484799964034,28.585545999998345],[-81.37478499989115,28.58499999968584],[-81.37477099964745,28.584650999958445],[-81.3747599997768,28.58433200038549],[-81.37470500042353,28.58393399973212],[-81.37463400027842,28.583699999738815],[-81.37452799997321,28.58346199985875],[-81.37449600018616,28.58348199984291],[-81.37453200017117,28.58356899980851],[-81.37453800001894,28.583893999931966],[-81.37422699967432,28.583893999931966],[-81.37423300042043,28.584276000241953],[-81.37414800003162,28.584276000241953],[-81.37412700011522,28.584276000241953],[-81.37406699984075,28.584276000241953],[-81.37404699974927,28.58427699968133],[-81.37392100025089,28.58427699968133],[-81.37392399972563,28.58435799999128],[-81.37392600027377,28.58447599994162],[-81.3739279999236,28.584575000212258],[-81.3739289997485,28.584687000151153],[-81.3737739999378,28.584687000151153],[-81.37364500006638,28.584687000151153],[-81.37364800043942,28.584853999613028],[-81.3734230003085,28.584854999835734],[-81.37326199975172,28.584854999835734],[-81.37315600034484,28.584854999835734],[-81.37315799999465,28.58498299986606],[-81.37315899981957,28.585053000359053],[-81.37328299966812,28.58505500001185],[-81.3733589998361,28.585056000232647],[-81.37346099994335,28.58505500001185],[-81.37360300023357,28.58505500001185],[-81.37365099991416,28.58505500001185],[-81.37373299992991,28.585053999791036],[-81.37386599999931,28.58505200013822],[-81.37396300008368,28.585053000359053],[-81.37396999975638,28.585475999833545],[-81.37365799958684,28.585477000050346],[-81.37365699976193,28.585398000248617],[-81.37344099985187,28.58539899967733],[-81.37325199970599,28.58539899967733],[-81.3731689998653,28.585399999894843],[-81.37317600043632,28.5858600003445],[-81.37323199961449,28.5858600003445],[-81.37347299963892,28.58586099976881],[-81.37419900008524,28.585867000258638],[-81.37489500039433,28.585883999935497]]]},"properties":{"block_id":"120950190001061","school_id":"sch_killarney_elementary","kids_est":0,"class":"red","shortest":{"len_m":2163.1,"mean_c":37.18,"peak_c":37.6,"dose":125.3},"coolest":{"len_m":2199.4,"mean_c":37.02,"peak_c":37.6,"dose":122.9},"delta_mean_c":-0.16,"delta_dose_pct":-2,"distance_mi":0.88,"status_now":"walk","status_rec":"bus_eligible","reason":"Coolest route mean 37.0C exceeds threshold (110 C-min dose, actual 123).","safe_until_hour":"14:00"}},{"type":"Feature","geometry":{"type":"Polygon","coordinates":[[[-81.3739289997485,28.584687000151153],[-81.3739279999236,28.584575000212258],[-81.37392600027377,28.58447599994162],[-81.37392399972563,28.58435799999128],[-81.37392100025089,28.58427699968133],[-81.3739070000072,28.58427699968133],[-81.37349000025566,28.584279000137705],[-81.37335200016341,28.584280000365833],[-81.3733100003306,28.584280000365833],[-81.37318599958373,28.584280000365833],[-81.37314499957586,28.58428099980522],[-81.37314999959872,28.584555999872755],[-81.37315200014687,28.58466200006243],[-81.37315600034484,28.584854999835734],[-81.37326199975172,28.584854999835734],[-81.3734230003085,28.584854999835734],[-81.37364800043942,28.584853999613028],[-81.37364500006638,28.584687000151153],[-81.3737739999378,28.584687000151153],[-81.3739289997485,28.584687000151153]]]},"properties":{"block_id":"120950190001071","school_id":"sch_killarney_elementary","kids_est":4,"class":"red","shortest":{"len_m":2171.9,"mean_c":37.18,"peak_c":37.6,"dose":125.7},"coolest":{"len_m":2208.2,"mean_c":37.02,"peak_c":37.6,"dose":123.3},"delta_mean_c":-0.16,"delta_dose_pct":-2,"distance_mi":0.932,"status_now":"walk","status_rec":"bus_eligible","reason":"Coolest route mean 37.0C exceeds threshold (110 C-min dose, actual 123).","safe_until_hour":"14:00"}},{"type":"Feature","geometry":{"type":"Polygon","coordinates":[[[-81.36490399978811,28.584060999864437],[-81.36490200013829,28.583988999826836],[-81.36489899976523,28.58377300020723],[-81.36489799994033,28.583702000206173],[-81.36489499956727,28.58357800034489],[-81.3648889997195,28.583205999883678],[-81.36488700006967,28.58308299967704],[-81.36460699968718,28.58308299967704],[-81.36448100018879,28.58308299967704],[-81.36394700026143,28.58307500012679],[-81.36376800016127,28.58306900026648],[-81.36359499990893,28.583065000096546],[-81.36348899960369,28.583065000096546],[-81.36348899960369,28.583112000309473],[-81.36349100015184,28.5832540002716],[-81.36349199997676,28.58330199984878],[-81.36349299980165,28.583450000181973],[-81.36349600017472,28.583896999838636],[-81.36349699999961,28.58392399978349],[-81.3634950003498,28.58402500024619],[-81.36350700004537,28.584042000220837],[-81.36378599970463,28.584046000353688],[-81.36462500012885,28.584062000094686],[-81.36490399978811,28.584060999864437]]]},"properties":{"block_id":"120950161003026","school_id":"sch_killarney_elementary","kids_est":1,"class":"red","shortest":{"len_m":3146.7,"mean_c":37.03,"peak_c":37.6,"dose":176.3},"coolest":{"len_m":3177.2,"mean_c":36.74,"peak_c":37.6,"dose":164.9},"delta_mean_c":-0.29,"delta_dose_pct":-6,"distance_mi":1.39,"status_now":"walk","status_rec":"bus_eligible","reason":"Coolest route mean 36.7C exceeds threshold (110 C-min dose, actual 165).","safe_until_hour":"13:00"}},{"type":"Feature","geometry":{"type":"Polygon","coordinates":[[[-81.38200499967981,28.59310800012852],[-81.38182300010493,28.59295500004157],[-81.3814549998589,28.592948999956345],[-81.38118899972012,28.592972000149867],[-81.38099700009948,28.593005000213072],[-81.38071500006718,28.593013999941643],[-81.38043999970758,28.593070000163817],[-81.38057399960188,28.59312500021206],[-81.3808919996192,28.593116999848338],[-81.38128800035264,28.593110999772286],[-81.38146699955445,28.593109000272705],[-81.38170699975397,28.593105999840112],[-81.38200499967981,28.59310800012852]]]},"properties":{"block_id":"120950190001031","school_id":"sch_killarney_elementary","kids_est":0,"class":"green","shortest":{"len_m":549.5,"mean_c":37.49,"peak_c":37.6,"dose":34.2},"coolest":{"len_m":549.5,"mean_c":37.49,"peak_c":37.6,"dose":34.2},"delta_mean_c":0.0,"delta_dose_pct":0,"distance_mi":0.182,"status_now":"walk","status_rec":"walk","reason":"Shortest route already under threshold (dose 34).","safe_until_hour":null}},{"type":"Feature","geometry":{"type":"Polygon","coordinates":[[[-81.36595199955138,28.59313299978647],[-81.36611099956005,28.59310200005196],[-81.36587200008375,28.593028000394405],[-81.36509600030703,28.593017999733153],[-81.36507000036778,28.593017000376868],[-81.36507100019269,28.59313299978647],[-81.36562299966342,28.593133999930426],[-81.36595199955138,28.59313299978647]]]},"properties":{"block_id":"120950190003041","school_id":"sch_killarney_elementary","kids_est":0,"class":"green","shortest":{"len_m":1984.0,"mean_c":36.87,"peak_c":37.6,"dose":106.5},"coolest":{"len_m":1984.8,"mean_c":36.84,"peak_c":37.6,"dose":105.8},"delta_mean_c":-0.03,"delta_dose_pct":-1,"distance_mi":1.062,"status_now":"walk","status_rec":"walk","reason":"Shortest route already under threshold (dose 106).","safe_until_hour":null}},{"type":"Feature","geometry":{"type":"Polygon","coordinates":[[[-81.36507100019269,28.59313299978647],[-81.36507000036778,28.593017000376868],[-81.36342699967943,28.593028999750587],[-81.36333999964079,28.593077000386646],[-81.36342000000673,28.593103000196198],[-81.36385799967465,28.59311300006059],[-81.36408000033082,28.59312299992398],[-81.36507100019269,28.59313299978647]]]},"properties":{"block_id":"120950159012048","school_id":"sch_killarney_elementary","kids_est":0,"class":"red","shortest":{"len_m":2106.4,"mean_c":36.83,"peak_c":37.6,"dose":111.7},"coolest":{"len_m":2107.2,"mean_c":36.8,"peak_c":37.6,"dose":111.0},"delta_mean_c":-0.03,"delta_dose_pct":-1,"distance_mi":1.136,"status_now":"walk","status_rec":"bus_eligible","reason":"Coolest route mean 36.8C exceeds threshold (110 C-min dose, actual 111).","safe_until_hour":"14:00"}},{"type":"Feature","geometry":{"type":"Polygon","coordinates":[[[-81.35064999998366,28.59236000004053],[-81.3506600000294,28.59234500013619],[-81.3495279997022,28.592365000008183],[-81.34857299982534,28.59236999997561],[-81.34855100008403,28.592365000008183],[-81.34855600010691,28.592576000161202],[-81.34857299982534,28.593155999939786],[-81.34856600015264,28.593208999656596],[-81.34854900043422,28.59323500022228],[-81.34852400031986,28.593247999713924],[-81.34848199958874,28.593253999782153],[-81.34837199998388,28.593256000067736],[-81.34762499962117,28.593269000345536],[-81.34761799994848,28.59336599994082],[-81.34761399975052,28.593430000315973],[-81.34758799981125,28.59355700002071],[-81.347569000443,28.593614000092916],[-81.34754699980336,28.593680999944585],[-81.3475280004351,28.59371899968841],[-81.34749099972687,28.593800999960617],[-81.3474220001299,28.593913999672996],[-81.34738299977184,28.593993000174578],[-81.34738100012203,28.59402200016412],[-81.34738100012203,28.59404899987519],[-81.34739700001553,28.59413400029325],[-81.34750300032076,28.594126000006316],[-81.34763499966692,28.59412300039151],[-81.34835100006748,28.59411199969981],[-81.34859200009191,28.59411299983444],[-81.34872699981113,28.59411299983444],[-81.34896799983555,28.59408500000497],[-81.34910400027799,28.594041000370485],[-81.34952199985442,28.59366600022874],[-81.34970500015253,28.593486999668343],[-81.34979700021402,28.59339799973892],[-81.34988500007758,28.593335000275076],[-81.34995100019982,28.593300000030798],[-81.35008000007124,28.593253999782153],[-81.35017899980545,28.59323099965026],[-81.35028000008779,28.593219999654032],[-81.35039700026365,28.59321800015654],[-81.3506530003567,28.593214000372633],[-81.35064099976282,28.59239099999386],[-81.35064999998366,28.59236000004053]]]},"properties":{"block_id":"120950160011041","school_id":"sch_killarney_elementary","kids_est":0,"class":"red","shortest":{"len_m":3744.5,"mean_c":36.63,"peak_c":37.6,"dose":188.7},"coolest":{"len_m":3747.0,"mean_c":36.63,"peak_c":37.6,"dose":188.6},"delta_mean_c":0.0,"delta_dose_pct":0,"distance_mi":2.054,"status_now":"bus","status_rec":"bus_eligible","reason":"Coolest route mean 36.6C exceeds threshold (110 C-min dose, actual 189).","safe_until_hour":"12:00"}},{"type":"Feature","geometry":{"type":"Polygon","coordinates":[[[-81.34862399987897,28.5959689998439],[-81.34861600038136,28.595779000322015],[-81.34860399978749,28.595201000279083],[-81.34860200013766,28.595162000157607],[-81.34860200013766,28.595124000146697],[-81.34860100031274,28.59504499970645],[-81.34860100031274,28.595006999653236],[-81.34809099977649,28.59501599999915],[-81.3480349997,28.59501800025121],[-81.34656000013945,28.595037000277557],[-81.34640299978062,28.595039999866273],[-81.34630700041947,28.595035000025863],[-81.34624999961974,28.59501800025121],[-81.3461690003272,28.594976999809052],[-81.34608399993839,28.594913999714123],[-81.34571400004253,28.595317999767882],[-81.34574300035484,28.595366000147425],[-81.34580100008118,28.595460999930236],[-81.34582299982247,28.59550800012318],[-81.34582500037062,28.59551699963744],[-81.34584000043922,28.595573000103563],[-81.3458449995638,28.595658000077957],[-81.34584600028701,28.595673999629373],[-81.3458660003785,28.595864000129826],[-81.34586899985322,28.595913000377518],[-81.34587499970101,28.595999000193704],[-81.34596799958743,28.596012000132255],[-81.34616000010638,28.59601100001568],[-81.34617799964973,28.59601100001568],[-81.34691800033974,28.595993000282164],[-81.34701700007395,28.595992000165406],[-81.34730400012911,28.595992000165406],[-81.3477450001701,28.595984000019847],[-81.3478089997442,28.5959689998439],[-81.34840899979382,28.5959660002817],[-81.34848400013688,28.595972000194767],[-81.34862399987897,28.5959689998439]]]},"properties":{"block_id":"120950160011030","school_id":"sch_killarney_elementary","kids_est":0,"class":"red","shortest":{"len_m":3953.2,"mean_c":36.57,"peak_c":37.6,"dose":196.0},"coolest":{"len_m":3953.2,"mean_c":36.57,"peak_c":37.6,"dose":196.0},"delta_mean_c":0.0,"delta_dose_pct":0,"distance_mi":2.163,"status_now":"bus","status_rec":"bus_eligible","reason":"Coolest route mean 36.6C exceeds threshold (110 C-min dose, actual 196).","safe_until_hour":"12:00"}},{"type":"Feature","geometry":{"type":"Polygon","coordinates":[[[-81.35886900003008,28.59536199965657],[-81.35886599965704,28.59526599966062],[-81.35885899998435,28.594977999935452],[-81.35885700033452,28.594882000377538],[-81.3585669999063,28.59488100025021],[-81.35769999989297,28.594880000122895],[-81.35741100018798,28.594880000122895],[-81.3574120000129,28.594976999809052],[-81.35741799986067,28.595269000031575],[-81.35741700003577,28.595367000270134],[-81.35748800018087,28.595367000270134],[-81.35770699956568,28.595367000270134],[-81.35812000001754,28.595368999726762],[-81.35857799977695,28.59536399990204],[-81.35886900003008,28.59536199965657]]]},"properties":{"block_id":"120950159012037","school_id":"sch_killarney_elementary","kids_est":10,"class":"red","shortest":{"len_m":3018.8,"mean_c":36.62,"peak_c":37.6,"dose":152.0},"coolest":{"len_m":3021.3,"mean_c":36.61,"peak_c":37.6,"dose":151.6},"delta_mean_c":-0.01,"delta_dose_pct":0,"distance_mi":1.5,"status_now":"walk","status_rec":"bus_eligible","reason":"Coolest route mean 36.6C exceeds threshold (110 C-min dose, actual 152).","safe_until_hour":"13:00"}},{"type":"Feature","geometry":{"type":"Polygon","coordinates":[[[-81.35177899993778,28.59616200015651],[-81.35186299960336,28.595933999687944],[-81.35126299955374,28.595939000274342],[-81.35114200007823,28.5959460003061],[-81.35102099970442,28.5959460003061],[-81.35102900010033,28.596027999629715],[-81.35103800032117,28.59663499991447],[-81.35102999992523,28.596703000316648],[-81.35102699955219,28.59678900027511],[-81.35102900010033,28.596867000084888],[-81.3510409997959,28.59691900018882],[-81.3510409997959,28.596985000192667],[-81.35104900019182,28.597577999838027],[-81.35105199966655,28.597776000061167],[-81.35117200021547,28.5977729997618],[-81.3515329998905,28.59776599985167],[-81.3516540002643,28.59776499975178],[-81.35164300039365,28.59701600035941],[-81.35165099989125,28.596812999737384],[-81.35167099998276,28.596620999942214],[-81.35169699992203,28.596471999896448],[-81.35177899993778,28.59616200015651]]]},"properties":{"block_id":"120950160011025","school_id":"sch_killarney_elementary","kids_est":0,"class":"red","shortest":{"len_m":3621.1,"mean_c":36.59,"peak_c":37.6,"dose":180.7},"coolest":{"len_m":3621.1,"mean_c":36.59,"peak_c":37.6,"dose":180.7},"delta_mean_c":0.0,"delta_dose_pct":0,"distance_mi":1.913,"status_now":"walk","status_rec":"bus_eligible","reason":"Coolest route mean 36.6C exceeds threshold (110 C-min dose, actual 181).","safe_until_hour":"12:00"}},{"type":"Feature","geometry":{"type":"Polygon","coordinates":[[[-81.34870300042,28.60245900013499],[-81.34870599989472,28.602039999829373],[-81.34870099987185,28.601738999721213],[-81.3486890001763,28.600837999885634],[-81.34868499997833,28.600538000351353],[-81.34867199955954,28.598704000214756],[-81.34866599971176,28.59797700020487],[-81.34866900008481,28.597806999994614],[-81.34864800016841,28.597806999994614],[-81.34758199996347,28.597817000200155],[-81.34732699969533,28.59781299980258],[-81.34710400011258,28.597816000100764],[-81.34694199973087,28.597823000007562],[-81.34667200029246,28.597827999715353],[-81.34669800023171,28.59788000013249],[-81.346760000156,28.597978999611847],[-81.34678500027036,28.59811099982423],[-81.34683499960076,28.598231999610377],[-81.34685999971512,28.598722000272712],[-81.34690400009605,28.599018999995106],[-81.34693500005817,28.59938199974286],[-81.3469790004391,28.599548000228715],[-81.34704700021118,28.599723999687725],[-81.347196999999,28.600009999658845],[-81.3472530000755,28.600158000132506],[-81.34733400026634,28.600472000212726],[-81.34734500013701,28.600547000223695],[-81.3473590003807,28.60064799970167],[-81.34735299963461,28.601094000304215],[-81.34731599982469,28.601285999814483],[-81.34726599959596,28.60142400020705],[-81.34717899955733,28.601549999652846],[-81.34712400020406,28.60160099974232],[-81.34685499969223,28.60185299963566],[-81.34623799992417,28.60233799969503],[-81.34609399998412,28.602420000340782],[-81.34566399981382,28.602579999646906],[-81.34540799972079,28.602618000116685],[-81.34504100019798,28.602595999721867],[-81.3448100002193,28.602596999775763],[-81.34467299995194,28.602623999649982],[-81.3444229997067,28.602740000286744],[-81.34432999982027,28.60281700035993],[-81.34428600033766,28.602888000070145],[-81.34426100022331,28.60297599979989],[-81.34426799989599,28.60306999975248],[-81.34436099978241,28.603349999800912],[-81.34440500016335,28.603537999741505],[-81.3444300002777,28.603725000091192],[-81.3444300002777,28.604080999866653],[-81.34459199976109,28.6040979997526],[-81.34507800000789,28.604151000260988],[-81.34524000038961,28.60416900017461],[-81.34526700015378,28.604186000046322],[-81.34531499983436,28.604196999683566],[-81.34561600013325,28.6041930003175],[-81.3458169999747,28.604216999666228],[-81.34623399972621,28.604209000146792],[-81.34646100040524,28.604196999683566],[-81.34692199963938,28.604160999862835],[-81.34702499957154,28.604160999862835],[-81.34709400006683,28.60416299994083],[-81.34711400015833,28.604163999979814],[-81.34712900022694,28.6041650000188],[-81.34716299966381,28.60416600005777],[-81.3472320001591,28.604171000252403],[-81.34731400017488,28.604175999658178],[-81.34764399988774,28.604177999735896],[-81.3476909997434,28.604175999658178],[-81.34788400008726,28.604170000213543],[-81.34787900006438,28.604138999791083],[-81.34787800023948,28.604091000263843],[-81.34787800023948,28.60385400005833],[-81.34786300017086,28.60381399995096],[-81.34783700023159,28.60378899967894],[-81.34800499956276,28.60367100011295],[-81.34815900044687,28.6035450000558],[-81.34817000031752,28.60353400035035],[-81.34826200037904,28.6034480003908],[-81.34841800001463,28.603282999803714],[-81.34854900043422,28.603122999990724],[-81.34862399987897,28.60300499967678],[-81.348667000435,28.60291699997132],[-81.34868800035139,28.6028460002807],[-81.34870099987185,28.602748999970416],[-81.34870300042,28.60245900013499]]]},"properties":{"block_id":"120950160011001","school_id":"sch_killarney_elementary","kids_est":4,"class":"red","shortest":{"len_m":4351.9,"mean_c":36.51,"peak_c":37.6,"dose":212.4},"coolest":{"len_m":4362.0,"mean_c":36.39,"peak_c":37.6,"dose":206.7},"delta_mean_c":-0.12,"delta_dose_pct":-3,"distance_mi":2.207,"status_now":"bus","status_rec":"bus_eligible","reason":"Coolest route mean 36.4C exceeds threshold (110 C-min dose, actual 207).","safe_until_hour":"12:00"}},{"type":"Feature","geometry":{"type":"Polygon","coordinates":[[[-81.3504840003023,28.597787999680275],[-81.35047500008146,28.596878999807796],[-81.35047000005859,28.596796000250315],[-81.34984700044274,28.59680400033408],[-81.34979600038913,28.59680300022505],[-81.34980600043487,28.597803999696126],[-81.34983499984887,28.59779799988762],[-81.3504840003023,28.597787999680275]]]},"properties":{"block_id":"120950160011018","school_id":"sch_killarney_elementary","kids_est":1,"class":"red","shortest":{"len_m":3810.8,"mean_c":36.57,"peak_c":37.6,"dose":189.0},"coolest":{"len_m":3810.8,"mean_c":36.57,"peak_c":37.6,"dose":189.0},"delta_mean_c":0.0,"delta_dose_pct":0,"distance_mi":1.99,"status_now":"walk","status_rec":"bus_eligible","reason":"Coolest route mean 36.6C exceeds threshold (110 C-min dose, actual 189).","safe_until_hour":"12:00"}}]}