{"type":"FeatureCollection","features":[{"type":"Feature","geometry":{"type":"Polygon","coordinates":[[[-81.38491000039168,28.57805000038159],[-81.38490700001864,28.57786199982125],[-81.3848979997978,28.57729999986885],[-81.38489500032307,28.577112999842065],[-81.38468899956044,28.577114000138394],[-81.38407400034052,28.5771209998458],[-81.3838690003011,28.577123999945655],[-81.38387199977582,28.577310999952818],[-81.38388099999666,28.57787299984651],[-81.38388400036969,28.578061000387194],[-81.38408900040912,28.578058000314055],[-81.38470399962904,28.578050999880137],[-81.38491000039168,28.57805000038159]]]},"properties":{"block_id":"120950127012004","school_id":"sch_princeton_elementary","kids_est":0,"class":"green","shortest":{"len_m":708.9,"mean_c":36.86,"peak_c":37.0,"dose":38.1},"coolest":{"len_m":709.8,"mean_c":36.86,"peak_c":37.0,"dose":37.9},"delta_mean_c":0.0,"delta_dose_pct":-1,"distance_mi":0.368,"status_now":"walk","status_rec":"walk","reason":"Shortest route already under threshold (dose 38).","safe_until_hour":null}},{"type":"Feature","geometry":{"type":"Polygon","coordinates":[[[-81.39357499960364,28.572006999767463],[-81.39356299990807,28.571096999919153],[-81.390017000037,28.571142000040307],[-81.38944100027683,28.571143999957595],[-81.38945399979733,28.571999000163768],[-81.38945499962222,28.572059000332562],[-81.38984799998262,28.57205600008827],[-81.39138399964253,28.572033000053256],[-81.39357499960364,28.572006999767463]]]},"properties":{"block_id":"120950126002000","school_id":"sch_princeton_elementary","kids_est":0,"class":"green","shortest":{"len_m":774.5,"mean_c":37.21,"peak_c":37.4,"dose":45.5},"coolest":{"len_m":774.5,"mean_c":37.21,"peak_c":37.4,"dose":45.5},"delta_mean_c":0.0,"delta_dose_pct":0,"distance_mi":0.449,"status_now":"walk","status_rec":"walk","reason":"Shortest route already under threshold (dose 46).","safe_until_hour":null}},{"type":"Feature","geometry":{"type":"Polygon","coordinates":[[[-81.3731339997052,28.583611999647072],[-81.3731329998803,28.583588999772267],[-81.37313200005539,28.583520000117822],[-81.37313200005539,28.583497000222895],[-81.37311899963659,28.582726000321294],[-81.37113400043809,28.582754000020714],[-81.37113799973774,28.58286200014368],[-81.37114100011081,28.58363599975108],[-81.37213399962249,28.5836240000942],[-81.3731339997052,28.583611999647072]]]},"properties":{"block_id":"120950190002017","school_id":"sch_princeton_elementary","kids_est":1,"class":"red","shortest":{"len_m":2446.5,"mean_c":36.7,"peak_c":37.0,"dose":126.0},"coolest":{"len_m":2447.8,"mean_c":36.66,"peak_c":37.0,"dose":124.1},"delta_mean_c":-0.04,"delta_dose_pct":-2,"distance_mi":1.049,"status_now":"walk","status_rec":"bus_eligible","reason":"Coolest route mean 36.7C exceeds threshold (110 C-min dose, actual 124).","safe_until_hour":"14:00"}},{"type":"Feature","geometry":{"type":"Polygon","coordinates":[[[-81.38086900005298,28.579414999676708],[-81.38086599967994,28.579231000294435],[-81.38085900000722,28.578680999990247],[-81.38085700035741,28.578497999607105],[-81.38073099996072,28.578498999890268],[-81.38035500021707,28.57850600029439],[-81.3802299996453,28.578508000071658],[-81.38001799993319,28.5785099998489],[-81.37938299972348,28.578517999746392],[-81.37917199983626,28.5785209998064],[-81.37917400038441,28.578702999868312],[-81.37918299970691,28.57925199978148],[-81.37918600007998,28.579434999641624],[-81.37952199964063,28.579431000122266],[-81.38053199976909,28.579417999711122],[-81.38086900005298,28.579414999676708]]]},"properties":{"block_id":"120950127011013","school_id":"sch_princeton_elementary","kids_est":2,"class":"green","shortest":{"len_m":1104.4,"mean_c":36.79,"peak_c":37.0,"dose":58.4},"coolest":{"len_m":1108.3,"mean_c":36.71,"peak_c":37.0,"dose":57.1},"delta_mean_c":-0.08,"delta_dose_pct":-2,"distance_mi":0.527,"status_now":"walk","status_rec":"walk","reason":"Shortest route already under threshold (dose 58).","safe_until_hour":null}},{"type":"Feature","geometry":{"type":"Polygon","coordinates":[[[-81.39351500022751,28.567918999932502],[-81.39350799965649,28.567445000002024],[-81.39309699975276,28.567448999977067],[-81.39186499986646,28.56746499987576],[-81.39145499978764,28.567470999837134],[-81.39104100040916,28.567476000199164],[-81.39006700026573,28.567490000107124],[-81.38980000030205,28.56749200009381],[-81.38938699985017,28.567496000067074],[-81.38938799967507,28.56759000018412],[-81.38939199987303,28.56787499960607],[-81.38939400042116,28.567969999767836],[-81.38962100020188,28.56796599981259],[-81.39074599995807,28.567955999923807],[-81.39220999964796,28.56793099980314],[-81.39351500022751,28.567918999932502]]]},"properties":{"block_id":"120950126002013","school_id":"sch_princeton_elementary","kids_est":0,"class":"green","shortest":{"len_m":1229.8,"mean_c":37.41,"peak_c":37.7,"dose":75.5},"coolest":{"len_m":1244.7,"mean_c":37.31,"peak_c":37.5,"dose":74.4},"delta_mean_c":-0.1,"delta_dose_pct":-1,"distance_mi":0.541,"status_now":"walk","status_rec":"walk","reason":"Shortest route already under threshold (dose 76).","safe_until_hour":null}},{"type":"Feature","geometry":{"type":"Polygon","coordinates":[[[-81.39348599991519,28.565636000038484],[-81.39348400026537,28.5654540002508],[-81.39347800041759,28.564909000200554],[-81.39347699969436,28.564728000358688],[-81.39306499996572,28.564735999726196],[-81.39270900031354,28.564743000257135],[-81.39183100042959,28.564750999623563],[-81.39141999962754,28.564756000114837],[-81.3914160003279,28.56484800027558],[-81.3914160003279,28.564875999999757],[-81.39142100035076,28.565124000275205],[-81.39142300000059,28.56521699973465],[-81.39142300000059,28.565305000224992],[-81.39142600037364,28.565568999676387],[-81.39142700019853,28.565656999872377],[-81.39183800010228,28.56565400023444],[-81.39249199968027,28.56565000019117],[-81.39307400018654,28.565640999698733],[-81.39348599991519,28.565636000038484]]]},"properties":{"block_id":"120950126003012","school_id":"sch_princeton_elementary","kids_est":0,"class":"green","shortest":{"len_m":1480.3,"mean_c":37.42,"peak_c":37.7,"dose":91.1},"coolest":{"len_m":1496.8,"mean_c":37.33,"peak_c":37.5,"dose":89.8},"delta_mean_c":-0.09,"delta_dose_pct":-1,"distance_mi":0.698,"status_now":"walk","status_rec":"walk","reason":"Shortest route already under threshold (dose 91).","safe_until_hour":null}},{"type":"Feature","geometry":{"type":"Polygon","coordinates":[[[-81.39350000015888,28.56653700015143],[-81.39349699978584,28.56635599995374],[-81.39348799956501,28.565816000281885],[-81.39348599991519,28.565636000038484],[-81.39307400018654,28.565640999698733],[-81.39249199968027,28.56565000019117],[-81.39183800010228,28.56565400023444],[-81.39142700019853,28.565656999872377],[-81.39142999967329,28.56583799969437],[-81.3914389998941,28.566384000065664],[-81.39144300009208,28.566549000179737],[-81.39143499969614,28.566563999818623],[-81.39184800014803,28.566557999805536],[-81.39308599988209,28.566541999768894],[-81.39350000015888,28.56653700015143]]]},"properties":{"block_id":"120950126003001","school_id":"sch_princeton_elementary","kids_est":2,"class":"green","shortest":{"len_m":1428.6,"mean_c":37.42,"peak_c":37.7,"dose":87.9},"coolest":{"len_m":1445.1,"mean_c":37.33,"peak_c":37.5,"dose":86.6},"delta_mean_c":-0.09,"delta_dose_pct":-1,"distance_mi":0.657,"status_now":"walk","status_rec":"walk","reason":"Shortest route already under threshold (dose 88).","safe_until_hour":null}},{"type":"Feature","geometry":{"type":"Polygon","coordinates":[[[-81.37913800039941,28.57132400024622],[-81.37913500002635,28.571203000261455],[-81.3787240001226,28.57121600011],[-81.37706100024108,28.571232999788144],[-81.37704600017248,28.571358000353797],[-81.3770899996551,28.57134400017161],[-81.37821399958636,28.57131900006705],[-81.37913800039941,28.57132400024622]]]},"properties":{"block_id":"120950127013015","school_id":"sch_princeton_elementary","kids_est":0,"class":"green","shortest":{"len_m":836.0,"mean_c":37.02,"peak_c":37.2,"dose":46.6},"coolest":{"len_m":836.0,"mean_c":37.02,"peak_c":37.2,"dose":46.6},"delta_mean_c":0.0,"delta_dose_pct":0,"distance_mi":0.374,"status_now":"walk","status_rec":"walk","reason":"Shortest route already under threshold (dose 47).","safe_until_hour":null}},{"type":"Feature","geometry":{"type":"Polygon","coordinates":[[[-81.37912199960756,28.57046100035655],[-81.37910999991199,28.56953599975772],[-81.3786959996352,28.569541000021623],[-81.37789700029228,28.569550999759777],[-81.37745700007622,28.569554000075513],[-81.37704399962433,28.569557000391164],[-81.37706000041618,28.570456999707048],[-81.37912199960756,28.57046100035655]]]},"properties":{"block_id":"120950127013026","school_id":"sch_princeton_elementary","kids_est":6,"class":"green","shortest":{"len_m":1031.2,"mean_c":37.03,"peak_c":37.2,"dose":57.5},"coolest":{"len_m":1032.8,"mean_c":37.0,"peak_c":37.2,"dose":57.3},"delta_mean_c":-0.03,"delta_dose_pct":0,"distance_mi":0.399,"status_now":"walk","status_rec":"walk","reason":"Shortest route already under threshold (dose 58).","safe_until_hour":null}},{"type":"Feature","geometry":{"type":"Polygon","coordinates":[[[-81.38386199973009,28.576673000277626],[-81.38383300031609,28.57488300012666],[-81.38323599974119,28.57488999998252],[-81.3832499999849,28.575782000117822],[-81.38326199968047,28.57668199982638],[-81.38338100040447,28.57668000001438],[-81.38374100025457,28.57667399978925],[-81.38386199973009,28.576673000277626]]]},"properties":{"block_id":"120950127011020","school_id":"sch_princeton_elementary","kids_est":3,"class":"green","shortest":{"len_m":513.5,"mean_c":36.87,"peak_c":37.0,"dose":27.2},"coolest":{"len_m":513.5,"mean_c":36.87,"peak_c":37.0,"dose":27.2},"delta_mean_c":0.0,"delta_dose_pct":0,"distance_mi":0.247,"status_now":"walk","status_rec":"walk","reason":"Shortest route already under threshold (dose 27).","safe_until_hour":null}},{"type":"Feature","geometry":{"type":"Polygon","coordinates":[[[-81.37578900017184,28.57496699994401],[-81.37571200017894,28.57496699994401],[-81.37556599969075,28.57496699994401],[-81.37544600004014,28.57569800016236],[-81.37544500021524,28.575780999808824],[-81.37535499980356,28.576181000370767],[-81.37531999964345,28.576341000169677],[-81.37526500029017,28.576620999626577],[-81.37508100016716,28.57758999969145],[-81.37498400008279,28.578572000024533],[-81.37498300025787,28.578780000194143],[-81.37498300025787,28.57968399979349],[-81.37497499986196,28.579948999722635],[-81.37500099980122,28.580263999692647],[-81.37499599977836,28.58033899992211],[-81.37501699969476,28.582247999851912],[-81.37507500031938,28.582247999851912],[-81.37514100044164,28.582247000393252],[-81.37522799958195,28.582246000145748],[-81.3752030003659,28.581678000013433],[-81.37522299955907,28.580424999856447],[-81.37522900030518,28.580304000084663],[-81.37524600002361,28.57992299981572],[-81.37519400014506,28.578828999726717],[-81.37520400019082,28.578682000271666],[-81.37525400041953,28.578009999921232],[-81.37530399974993,28.57758999969145],[-81.37567399964577,28.57588000037548],[-81.37569100026252,28.575680000106825],[-81.37578900017184,28.57496699994401]]]},"properties":{"block_id":"120950127011000","school_id":"sch_princeton_elementary","kids_est":0,"class":"green","shortest":{"len_m":1796.2,"mean_c":36.72,"peak_c":37.0,"dose":93.4},"coolest":{"len_m":1797.5,"mean_c":36.66,"peak_c":37.0,"dose":91.5},"delta_mean_c":-0.06,"delta_dose_pct":-2,"distance_mi":0.784,"status_now":"walk","status_rec":"walk","reason":"Shortest route already under threshold (dose 93).","safe_until_hour":null}},{"type":"Feature","geometry":{"type":"Polygon","coordinates":[[[-81.37921000036943,28.581261999681402],[-81.37920699999638,28.58107899984476],[-81.37919799977554,28.580533000004618],[-81.37919600012572,28.58035099995386],[-81.3787940004428,28.580355999703738],[-81.37758799959747,28.580373000271493],[-81.37718699973946,28.58037900028559],[-81.3771879995644,28.58049500022806],[-81.3771879995644,28.580560000024278],[-81.3771890002876,28.580612000305695],[-81.37719400031048,28.580947999804955],[-81.3771959999603,28.58110299973805],[-81.37719900033335,28.581285000065133],[-81.37760100001627,28.581280000359417],[-81.37880699996329,28.58126599992],[-81.37921000036943,28.581261999681402]]]},"properties":{"block_id":"120950127011016","school_id":"sch_princeton_elementary","kids_est":0,"class":"green","shortest":{"len_m":1668.2,"mean_c":36.73,"peak_c":37.0,"dose":86.9},"coolest":{"len_m":1669.5,"mean_c":36.67,"peak_c":37.0,"dose":85.0},"delta_mean_c":-0.06,"delta_dose_pct":-2,"distance_mi":0.692,"status_now":"walk","status_rec":"walk","reason":"Shortest route already under threshold (dose 87).","safe_until_hour":null}},{"type":"Feature","geometry":{"type":"Polygon","coordinates":[[[-81.3802299996453,28.578508000071658],[-81.38022799999547,28.578317000264192],[-81.38022399979752,28.57792300009026],[-81.38021999959956,28.577746000130347],[-81.38021600029991,28.577556000020184],[-81.38000399968949,28.577557000312318],[-81.37937100002789,28.577563999990243],[-81.3791609999656,28.577567000077455],[-81.37916299961545,28.577757000167743],[-81.37916900036154,28.578330000022532],[-81.37917199983626,28.5785209998064],[-81.37938299972348,28.578517999746392],[-81.38001799993319,28.5785099998489],[-81.3802299996453,28.578508000071658]]]},"properties":{"block_id":"120950127011025","school_id":"sch_princeton_elementary","kids_est":3,"class":"green","shortest":{"len_m":1104.9,"mean_c":36.71,"peak_c":37.0,"dose":56.9},"coolest":{"len_m":1104.9,"mean_c":36.71,"peak_c":37.0,"dose":56.9},"delta_mean_c":0.0,"delta_dose_pct":0,"distance_mi":0.482,"status_now":"walk","status_rec":"walk","reason":"Shortest route already under threshold (dose 57).","safe_until_hour":null}},{"type":"Feature","geometry":{"type":"Polygon","coordinates":[[[-81.38021600029991,28.577556000020184],[-81.3802029998811,28.576594000173465],[-81.37950999994507,28.576604000030162],[-81.379145999897,28.576602999728973],[-81.37914900027005,28.576794999792668],[-81.37915799959258,28.577374000340217],[-81.3791609999656,28.577567000077455],[-81.37937100002789,28.577563999990243],[-81.38000399968949,28.577557000312318],[-81.38021600029991,28.577556000020184]]]},"properties":{"block_id":"120950127011024","school_id":"sch_princeton_elementary","kids_est":4,"class":"green","shortest":{"len_m":1104.9,"mean_c":36.71,"peak_c":37.0,"dose":56.9},"coolest":{"len_m":1104.9,"mean_c":36.71,"peak_c":37.0,"dose":56.9},"delta_mean_c":0.0,"delta_dose_pct":0,"distance_mi":0.43,"status_now":"walk","status_rec":"walk","reason":"Shortest route already under threshold (dose 57).","safe_until_hour":null}},{"type":"Feature","geometry":{"type":"Polygon","coordinates":[[[-81.38129300037549,28.576665000239824],[-81.38129900022328,28.576576000271263],[-81.38128499997958,28.575805000122113],[-81.38126700043624,28.575741000063413],[-81.38030900018632,28.57575400014013],[-81.38020000040638,28.575754999660482],[-81.3802029998811,28.576594000173465],[-81.38095000024384,28.576586000129655],[-81.3810540000009,28.57659499968585],[-81.38115399956003,28.576618000301263],[-81.38129300037549,28.576665000239824]]]},"properties":{"block_id":"120950127011022","school_id":"sch_princeton_elementary","kids_est":11,"class":"green","shortest":{"len_m":790.6,"mean_c":36.75,"peak_c":37.0,"dose":41.1},"coolest":{"len_m":790.6,"mean_c":36.75,"peak_c":37.0,"dose":41.1},"delta_mean_c":0.0,"delta_dose_pct":0,"distance_mi":0.341,"status_now":"walk","status_rec":"walk","reason":"Shortest route already under threshold (dose 41).","safe_until_hour":null}},{"type":"Feature","geometry":{"type":"Polygon","coordinates":[[[-81.3802029998811,28.576594000173465],[-81.38020000040638,28.575754999660482],[-81.37913699967616,28.57576700021523],[-81.379145999897,28.576602999728973],[-81.37950999994507,28.576604000030162],[-81.3802029998811,28.576594000173465]]]},"properties":{"block_id":"120950127011023","school_id":"sch_princeton_elementary","kids_est":2,"class":"green","shortest":{"len_m":801.0,"mean_c":36.74,"peak_c":37.0,"dose":41.6},"coolest":{"len_m":801.0,"mean_c":36.74,"peak_c":37.0,"dose":41.6},"delta_mean_c":0.0,"delta_dose_pct":0,"distance_mi":0.385,"status_now":"walk","status_rec":"walk","reason":"Shortest route already under threshold (dose 42).","safe_until_hour":null}},{"type":"Feature","geometry":{"type":"Polygon","coordinates":[[[-81.3791609999656,28.577567000077455],[-81.37915799959258,28.577374000340217],[-81.37914900027005,28.576794999792668],[-81.379145999897,28.576602999728973],[-81.37898900043649,28.576604000030162],[-81.37851999990811,28.576608999958147],[-81.3783640002725,28.576612000072608],[-81.37836799957213,28.576804000119868],[-81.37838000016603,28.577382999828988],[-81.37838500018889,28.5775760003386],[-81.37853999999959,28.577573000251633],[-81.37900500033001,28.57756800036947],[-81.3791609999656,28.577567000077455]]]},"properties":{"block_id":"120950127011029","school_id":"sch_princeton_elementary","kids_est":1,"class":"green","shortest":{"len_m":1133.9,"mean_c":36.7,"peak_c":37.0,"dose":58.2},"coolest":{"len_m":1134.1,"mean_c":36.7,"peak_c":37.0,"dose":58.1},"delta_mean_c":0.0,"delta_dose_pct":0,"distance_mi":0.468,"status_now":"walk","status_rec":"walk","reason":"Shortest route already under threshold (dose 58).","safe_until_hour":null}},{"type":"Feature","geometry":{"type":"Polygon","coordinates":[[[-81.38030900018632,28.57575400014013],[-81.38029499994262,28.57492000003569],[-81.37990499995529,28.574931000368597],[-81.37926899992065,28.57494000006638],[-81.37834800037898,28.57495000008031],[-81.37834699965573,28.57504700000823],[-81.37835099985371,28.575127000011598],[-81.3783569997015,28.575774000012263],[-81.37913699967616,28.57576700021523],[-81.38020000040638,28.575754999660482],[-81.38030900018632,28.57575400014013]]]},"properties":{"block_id":"120950127011033","school_id":"sch_princeton_elementary","kids_est":1,"class":"green","shortest":{"len_m":799.7,"mean_c":36.74,"peak_c":37.0,"dose":41.5},"coolest":{"len_m":799.7,"mean_c":36.74,"peak_c":37.0,"dose":41.5},"delta_mean_c":0.0,"delta_dose_pct":0,"distance_mi":0.363,"status_now":"walk","status_rec":"walk","reason":"Shortest route already under threshold (dose 42).","safe_until_hour":null}},{"type":"Feature","geometry":{"type":"Polygon","coordinates":[[[-81.37838500018889,28.5775760003386],[-81.37838000016603,28.577382999828988],[-81.37836799957213,28.576804000119868],[-81.3783640002725,28.576612000072608],[-81.37812099969993,28.576613999885893],[-81.37739099995397,28.57662300022859],[-81.37714900010462,28.576626000342642],[-81.3771540001275,28.576747999912186],[-81.3771540001275,28.576817000065137],[-81.37715999997529,28.577392999610662],[-81.37716199962512,28.57758600010194],[-81.37740600002259,28.577583000015256],[-81.37813999996652,28.577578000133578],[-81.37838500018889,28.5775760003386]]]},"properties":{"block_id":"120950127011028","school_id":"sch_princeton_elementary","kids_est":0,"class":"green","shortest":{"len_m":1133.9,"mean_c":36.7,"peak_c":37.0,"dose":58.2},"coolest":{"len_m":1134.1,"mean_c":36.7,"peak_c":37.0,"dose":58.1},"delta_mean_c":0.0,"delta_dose_pct":0,"distance_mi":0.513,"status_now":"walk","status_rec":"walk","reason":"Shortest route already under threshold (dose 58).","safe_until_hour":null}},{"type":"Feature","geometry":{"type":"Polygon","coordinates":[[[-81.3783640002725,28.576612000072608],[-81.3783569997015,28.575774000012263],[-81.37713999988381,28.57578700008488],[-81.37714099970871,28.575954000268066],[-81.3771469995565,28.576458000134835],[-81.37714900010462,28.576626000342642],[-81.37739099995397,28.57662300022859],[-81.37812099969993,28.576613999885893],[-81.3783640002725,28.576612000072608]]]},"properties":{"block_id":"120950127011031","school_id":"sch_princeton_elementary","kids_est":3,"class":"green","shortest":{"len_m":1073.3,"mean_c":36.71,"peak_c":37.0,"dose":55.2},"coolest":{"len_m":1073.5,"mean_c":36.71,"peak_c":37.0,"dose":55.1},"delta_mean_c":0.0,"delta_dose_pct":0,"distance_mi":0.475,"status_now":"walk","status_rec":"walk","reason":"Shortest route already under threshold (dose 55).","safe_until_hour":null}},{"type":"Feature","geometry":{"type":"Polygon","coordinates":[[[-81.3783569997015,28.575774000012263],[-81.37835099985371,28.575127000011598],[-81.37834699965573,28.57504700000823],[-81.37834800037898,28.57495000008031],[-81.37827700023387,28.57495000008031],[-81.37713300021112,28.574961999937972],[-81.37714200043196,28.575711000244382],[-81.37713999988381,28.57578700008488],[-81.3783569997015,28.575774000012263]]]},"properties":{"block_id":"120950127011032","school_id":"sch_princeton_elementary","kids_est":3,"class":"green","shortest":{"len_m":895.8,"mean_c":36.73,"peak_c":37.0,"dose":46.3},"coolest":{"len_m":895.8,"mean_c":36.73,"peak_c":37.0,"dose":46.3},"delta_mean_c":0.0,"delta_dose_pct":0,"distance_mi":0.445,"status_now":"walk","status_rec":"walk","reason":"Shortest route already under threshold (dose 46).","safe_until_hour":null}},{"type":"Feature","geometry":{"type":"Polygon","coordinates":[[[-81.37926899992065,28.57494000006638],[-81.37923899978341,28.573131000368505],[-81.37824200007377,28.573142999644798],[-81.37827700023387,28.57495000008031],[-81.37834800037898,28.57495000008031],[-81.37926899992065,28.57494000006638]]]},"properties":{"block_id":"120950127013005","school_id":"sch_princeton_elementary","kids_est":1,"class":"green","shortest":{"len_m":850.9,"mean_c":36.78,"peak_c":37.0,"dose":44.4},"coolest":{"len_m":850.9,"mean_c":36.78,"peak_c":37.0,"dose":44.4},"delta_mean_c":0.0,"delta_dose_pct":0,"distance_mi":0.351,"status_now":"walk","status_rec":"walk","reason":"Shortest route already under threshold (dose 44).","safe_until_hour":null}},{"type":"Feature","geometry":{"type":"Polygon","coordinates":[[[-81.37923899978341,28.573131000368505],[-81.3792089996462,28.57131099962208],[-81.37913800039941,28.57132400024622],[-81.37821399958636,28.57131900006705],[-81.37824200007377,28.573142999644798],[-81.37923899978341,28.573131000368505]]]},"properties":{"block_id":"120950127013013","school_id":"sch_princeton_elementary","kids_est":6,"class":"green","shortest":{"len_m":832.0,"mean_c":36.8,"peak_c":37.0,"dose":43.7},"coolest":{"len_m":832.0,"mean_c":36.8,"peak_c":37.0,"dose":43.7},"delta_mean_c":0.0,"delta_dose_pct":0,"distance_mi":0.33,"status_now":"walk","status_rec":"walk","reason":"Shortest route already under threshold (dose 44).","safe_until_hour":null}},{"type":"Feature","geometry":{"type":"Polygon","coordinates":[[[-81.377286000372,28.564113999944656],[-81.37704399962433,28.5640170001941],[-81.37678900025452,28.564426999945425],[-81.37636900012996,28.56515399995713],[-81.37618199963389,28.565539000112768],[-81.37597300029485,28.565968999615514],[-81.37577599975305,28.566647999966154],[-81.37562199976723,28.56767899986504],[-81.3757520003619,28.56767699988189],[-81.37585299974593,28.567674999898728],[-81.3758589995937,28.567490999705996],[-81.37595499985318,28.566800000062667],[-81.37609999961813,28.5662529998722],[-81.37620799957317,28.565916999985514],[-81.3762310000377,28.565847000170002],[-81.37650600039731,28.565297000111734],[-81.37687999959282,28.564701000220442],[-81.377286000372,28.564113999944656]]]},"properties":{"block_id":"120950127013036","school_id":"sch_princeton_elementary","kids_est":0,"class":"green","shortest":{"len_m":1520.3,"mean_c":37.16,"peak_c":37.4,"dose":87.7},"coolest":{"len_m":1535.7,"mean_c":36.97,"peak_c":37.2,"dose":84.6},"delta_mean_c":-0.19,"delta_dose_pct":-4,"distance_mi":0.612,"status_now":"walk","status_rec":"walk","reason":"Shortest route already under threshold (dose 88).","safe_until_hour":null}},{"type":"Feature","geometry":{"type":"Polygon","coordinates":[[[-81.3872550003386,28.56258399961222],[-81.38725100014064,28.56212100020529],[-81.38724799976758,28.561690999971475],[-81.3872340004222,28.560734999799635],[-81.3872279996761,28.560272999816764],[-81.38709899980466,28.560274000273203],[-81.38671200019037,28.56027999985553],[-81.38658400014387,28.560282999646567],[-81.38659099981655,28.560743999922604],[-81.38661199973295,28.562130999859594],[-81.38662000012886,28.562593000366086],[-81.38674599962725,28.562591000286297],[-81.38712700029208,28.56258500004669],[-81.3872550003386,28.56258399961222]]]},"properties":{"block_id":"120950189011009","school_id":"sch_princeton_elementary","kids_est":8,"class":"green","shortest":{"len_m":1698.6,"mean_c":37.54,"peak_c":37.8,"dose":107.1},"coolest":{"len_m":1698.6,"mean_c":37.54,"peak_c":37.8,"dose":107.1},"delta_mean_c":0.0,"delta_dose_pct":0,"distance_mi":0.76,"status_now":"walk","status_rec":"walk","reason":"Shortest route already under threshold (dose 107).","safe_until_hour":null}},{"type":"Feature","geometry":{"type":"Polygon","coordinates":[[[-81.39154699984915,28.57394500023954],[-81.3915440003744,28.573743000368697],[-81.39153500015358,28.573140000220313],[-81.39153199978053,28.572940000264722],[-81.39111900022698,28.57294400003088],[-81.38987999976968,28.572959000336017],[-81.38946800004102,28.572963999648376],[-81.38946899986593,28.573081999759513],[-81.38947499971373,28.5734369996303],[-81.38947700026185,28.573556000329994],[-81.38947800008677,28.57363900008869],[-81.38948200028472,28.57388799976069],[-81.38948399993454,28.573971000046313],[-81.38972599978389,28.57396599999295],[-81.38989599966318,28.573964000129312],[-81.39056600003302,28.573959000075604],[-81.3911340002956,28.57395000029391],[-81.39154699984915,28.57394500023954]]]},"properties":{"block_id":"120950126001012","school_id":"sch_princeton_elementary","kids_est":0,"class":"green","shortest":{"len_m":662.6,"mean_c":37.14,"peak_c":37.4,"dose":38.0},"coolest":{"len_m":662.6,"mean_c":37.14,"peak_c":37.4,"dose":38.0},"delta_mean_c":0.0,"delta_dose_pct":0,"distance_mi":0.395,"status_now":"walk","status_rec":"walk","reason":"Shortest route already under threshold (dose 38).","safe_until_hour":null}},{"type":"Feature","geometry":{"type":"Polygon","coordinates":[[[-81.39353500031899,28.569460000135102],[-81.39353299977084,28.569264000190586],[-81.39352600009816,28.56874400008216],[-81.3926840001992,28.56875700023452],[-81.38940600011674,28.56879599989307],[-81.38941699998739,28.569511000012497],[-81.39353500031899,28.569460000135102]]]},"properties":{"block_id":"120950126002011","school_id":"sch_princeton_elementary","kids_est":1,"class":"green","shortest":{"len_m":962.1,"mean_c":37.28,"peak_c":37.4,"dose":57.0},"coolest":{"len_m":962.1,"mean_c":37.28,"peak_c":37.4,"dose":57.0},"delta_mean_c":0.0,"delta_dose_pct":0,"distance_mi":0.493,"status_now":"walk","status_rec":"walk","reason":"Shortest route already under threshold (dose 57).","safe_until_hour":null}},{"type":"Feature","geometry":{"type":"Polygon","coordinates":[[[-81.38950599967586,28.575304999958693],[-81.38950400002602,28.57520300027403],[-81.38949999982808,28.57489800015532],[-81.38949900000316,28.57479700039444],[-81.38949700035333,28.574713999971596],[-81.38949200033048,28.574466999742025],[-81.38949099960723,28.57438500017002],[-81.38896500007577,28.574385999703388],[-81.38883799985416,28.574387000025656],[-81.38829999972883,28.574395999769962],[-81.38765399964844,28.574400000269684],[-81.38738699968475,28.574403999980344],[-81.38686199997821,28.574412999723187],[-81.38485400031519,28.574437000348592],[-81.38486000016296,28.574876000270343],[-81.38486099998788,28.574971999949806],[-81.38486600001075,28.57526000004042],[-81.38486799966057,28.57535600015835],[-81.38579499994835,28.575344999869884],[-81.38857799956317,28.575313999624463],[-81.38950599967586,28.575304999958693]]]},"properties":{"block_id":"120950127012008","school_id":"sch_princeton_elementary","kids_est":6,"class":"green","shortest":{"len_m":387.4,"mean_c":37.02,"peak_c":37.1,"dose":21.6},"coolest":{"len_m":387.4,"mean_c":37.02,"peak_c":37.1,"dose":21.6},"delta_mean_c":0.0,"delta_dose_pct":0,"distance_mi":0.258,"status_now":"walk","status_rec":"walk","reason":"Shortest route already under threshold (dose 22).","safe_until_hour":null}},{"type":"Feature","geometry":{"type":"Polygon","coordinates":[[[-81.38489500032307,28.577112999842065],[-81.38489199995001,28.576926000271797],[-81.38488299972917,28.57636799968771],[-81.38488100007936,28.57618199988706],[-81.38487799970632,28.576016000372544],[-81.3848700002087,28.575520999613996],[-81.38486799966057,28.57535600015835],[-81.38486600001075,28.57526000004042],[-81.38486099998788,28.574971999949806],[-81.38486000016296,28.574876000270343],[-81.38383300031609,28.57488300012666],[-81.38386199973009,28.576673000277626],[-81.38386299955498,28.576762999674898],[-81.38386699975294,28.577032999771333],[-81.3838690003011,28.577123999945655],[-81.38407400034052,28.5771209998458],[-81.38468899956044,28.577114000138394],[-81.38489500032307,28.577112999842065]]]},"properties":{"block_id":"120950127012005","school_id":"sch_princeton_elementary","kids_est":2,"class":"green","shortest":{"len_m":1252.3,"mean_c":37.08,"peak_c":37.3,"dose":70.9},"coolest":{"len_m":1252.3,"mean_c":37.08,"peak_c":37.3,"dose":70.9},"delta_mean_c":0.0,"delta_dose_pct":0,"distance_mi":0.259,"status_now":"walk","status_rec":"walk","reason":"Shortest route already under threshold (dose 71).","safe_until_hour":null}},{"type":"Feature","geometry":{"type":"Polygon","coordinates":[[[-81.37713300021112,28.574961999937972],[-81.37714499990668,28.57494699991845],[-81.37712800018824,28.57405400026647],[-81.37712200034045,28.573873000376945],[-81.37711999979233,28.57379599961471],[-81.3771170003176,28.573330999960987],[-81.37711599959437,28.573150999950442],[-81.37710300007387,28.57221900008941],[-81.3770899996551,28.57134400017161],[-81.37704600017248,28.571358000353797],[-81.37622500018992,28.571351000262933],[-81.37619000002982,28.57135399973847],[-81.37583400037767,28.571362999742245],[-81.37583400037767,28.571382999660216],[-81.37582799963157,28.572489000014922],[-81.37586799981455,28.57337700024737],[-81.37586100014184,28.574056999664936],[-81.37586100014184,28.574151999767295],[-81.3758090002633,28.57481400028287],[-81.37578900017184,28.57496699994401],[-81.37647600026008,28.57496699994401],[-81.37713300021112,28.574961999937972]]]},"properties":{"block_id":"120950127013003","school_id":"sch_princeton_elementary","kids_est":6,"class":"green","shortest":{"len_m":958.3,"mean_c":36.76,"peak_c":37.0,"dose":49.8},"coolest":{"len_m":958.3,"mean_c":36.76,"peak_c":37.0,"dose":49.8},"delta_mean_c":0.0,"delta_dose_pct":0,"distance_mi":0.471,"status_now":"walk","status_rec":"walk","reason":"Shortest route already under threshold (dose 50).","safe_until_hour":null}},{"type":"Feature","geometry":{"type":"Polygon","coordinates":[[[-81.3806589999907,28.57118999962237],[-81.38065300014291,28.57109199972919],[-81.38064399992209,28.570606000327224],[-81.38064200027226,28.57044399976473],[-81.37912199960756,28.57046100035655],[-81.37913500002635,28.571203000261455],[-81.37947399996006,28.571194000244002],[-81.3804620003472,28.57119099997502],[-81.3806589999907,28.57118999962237]]]},"properties":{"block_id":"120950127013022","school_id":"sch_princeton_elementary","kids_est":0,"class":"green","shortest":{"len_m":638.8,"mean_c":37.06,"peak_c":37.2,"dose":35.9},"coolest":{"len_m":638.8,"mean_c":37.06,"peak_c":37.2,"dose":35.9},"delta_mean_c":0.0,"delta_dose_pct":0,"distance_mi":0.277,"status_now":"walk","status_rec":"walk","reason":"Shortest route already under threshold (dose 36).","safe_until_hour":null}},{"type":"Feature","geometry":{"type":"Polygon","coordinates":[[[-81.37913500002635,28.571203000261455],[-81.37912199960756,28.57046100035655],[-81.37706000041618,28.570456999707048],[-81.37707200011174,28.571152999979322],[-81.37706100024108,28.571232999788144],[-81.3787240001226,28.57121600011],[-81.37913500002635,28.571203000261455]]]},"properties":{"block_id":"120950127013023","school_id":"sch_princeton_elementary","kids_est":0,"class":"green","shortest":{"len_m":836.0,"mean_c":37.02,"peak_c":37.2,"dose":46.6},"coolest":{"len_m":836.0,"mean_c":37.02,"peak_c":37.2,"dose":46.6},"delta_mean_c":0.0,"delta_dose_pct":0,"distance_mi":0.381,"status_now":"walk","status_rec":"walk","reason":"Shortest route already under threshold (dose 47).","safe_until_hour":null}},{"type":"Feature","geometry":{"type":"Polygon","coordinates":[[[-81.38168800038572,28.569512999960775],[-81.3816809998147,28.569130000098927],[-81.3816599998983,28.56798399961001],[-81.38165400005052,28.567602000092275],[-81.38108199959,28.567613999999068],[-81.38059500041659,28.567619000354316],[-81.38061200013502,28.568577999876624],[-81.38061499960976,28.568765000084724],[-81.38062399983059,28.56932899982626],[-81.38062800002855,28.56951699985722],[-81.38083899991575,28.5695160002776],[-81.38147499995038,28.569512999960775],[-81.38168800038572,28.569512999960775]]]},"properties":{"block_id":"120950127013029","school_id":"sch_princeton_elementary","kids_est":6,"class":"green","shortest":{"len_m":889.0,"mean_c":37.27,"peak_c":37.5,"dose":52.9},"coolest":{"len_m":890.9,"mean_c":37.11,"peak_c":37.5,"dose":51.0},"delta_mean_c":-0.16,"delta_dose_pct":-4,"distance_mi":0.311,"status_now":"walk","status_rec":"walk","reason":"Shortest route already under threshold (dose 53).","safe_until_hour":null}},{"type":"Feature","geometry":{"type":"Polygon","coordinates":[[[-81.38062800002855,28.56951699985722],[-81.38062399983059,28.56932899982626],[-81.38061499960976,28.568765000084724],[-81.38061200013502,28.568577999876624],[-81.37909499984337,28.568594999980988],[-81.37910999991199,28.56953599975772],[-81.37941299986069,28.569533000230415],[-81.37969900009095,28.569531000282517],[-81.38032400025493,28.5695209997535],[-81.38062800002855,28.56951699985722]]]},"properties":{"block_id":"120950127013028","school_id":"sch_princeton_elementary","kids_est":3,"class":"green","shortest":{"len_m":889.0,"mean_c":37.27,"peak_c":37.5,"dose":52.9},"coolest":{"len_m":890.9,"mean_c":37.11,"peak_c":37.5,"dose":51.0},"delta_mean_c":-0.16,"delta_dose_pct":-4,"distance_mi":0.34,"status_now":"walk","status_rec":"walk","reason":"Shortest route already under threshold (dose 53).","safe_until_hour":null}},{"type":"Feature","geometry":{"type":"Polygon","coordinates":[[[-81.37824200007377,28.573142999644798],[-81.37821399958636,28.57131900006705],[-81.3770899996551,28.57134400017161],[-81.37710300007387,28.57221900008941],[-81.37711599959437,28.573150999950442],[-81.37824200007377,28.573142999644798]]]},"properties":{"block_id":"120950127013014","school_id":"sch_princeton_elementary","kids_est":2,"class":"green","shortest":{"len_m":995.0,"mean_c":36.76,"peak_c":37.0,"dose":51.8},"coolest":{"len_m":995.0,"mean_c":36.76,"peak_c":37.0,"dose":51.8},"delta_mean_c":0.0,"delta_dose_pct":0,"distance_mi":0.394,"status_now":"walk","status_rec":"walk","reason":"Shortest route already under threshold (dose 52).","safe_until_hour":null}},{"type":"Feature","geometry":{"type":"Polygon","coordinates":[[[-81.3730559998874,28.580372000006143],[-81.37304800038979,28.580115000129943],[-81.37302599975018,28.579346999925363],[-81.37301900007748,28.579091000188704],[-81.37301800025256,28.57908099977958],[-81.37301800025256,28.579043000267305],[-81.37297800006958,28.579043000267305],[-81.37286000006883,28.57904500003437],[-81.37282099971075,28.579046999801406],[-81.37276700018239,28.579126999918117],[-81.37268699981645,28.579219999622325],[-81.37231000024791,28.57956799974543],[-81.3699300001409,28.58161300011933],[-81.37003300007305,28.58169800033687],[-81.37019999957931,28.581813000150603],[-81.37026700042479,28.581845999772145],[-81.37034000021974,28.581867000314702],[-81.37041600038772,28.581877999921108],[-81.37074100007773,28.581879000172123],[-81.37110299957764,28.581871999992508],[-81.37129900029456,28.581870000279196],[-81.3713029995942,28.581804000252024],[-81.37132400040892,28.581733999962815],[-81.37136399969357,28.58165799968625],[-81.37141700029534,28.581588000088697],[-81.37145900012811,28.581546999930932],[-81.37162999983234,28.581400000330465],[-81.37271199993081,28.580469999931687],[-81.37277700022814,28.58042900012686],[-81.37285599987086,28.580396000060766],[-81.37292000034329,28.58038200029252],[-81.3730559998874,28.580372000006143]]]},"properties":{"block_id":"120950188001003","school_id":"sch_princeton_elementary","kids_est":4,"class":"red","shortest":{"len_m":2261.4,"mean_c":36.69,"peak_c":37.0,"dose":115.4},"coolest":{"len_m":2261.9,"mean_c":36.69,"peak_c":37.0,"dose":115.2},"delta_mean_c":0.0,"delta_dose_pct":0,"distance_mi":0.953,"status_now":"walk","status_rec":"bus_eligible","reason":"Coolest route mean 36.7C exceeds threshold (110 C-min dose, actual 115).","safe_until_hour":"14:00"}},{"type":"Feature","geometry":{"type":"Polygon","coordinates":[[[-81.37435999974373,28.57909900004201],[-81.37435600044408,28.578992999767134],[-81.37434399985018,28.578674000386666],[-81.37434399985018,28.57857000024846],[-81.37407699988651,28.57857000024846],[-81.37327699982035,28.578572000024533],[-81.37301099968155,28.578573999800554],[-81.37293399968866,28.57887000015525],[-81.37286300044187,28.57898699967396],[-81.37282099971075,28.579046999801406],[-81.37286000006883,28.57904500003437],[-81.37297800006958,28.579043000267305],[-81.37301800025256,28.579043000267305],[-81.37301800025256,28.57908099977958],[-81.37301900007748,28.579091000188704],[-81.37328699986608,28.579091999677352],[-81.3740910001302,28.5790970002759],[-81.37435999974373,28.57909900004201]]]},"properties":{"block_id":"120950188001008","school_id":"sch_princeton_elementary","kids_est":0,"class":"green","shortest":{"len_m":1764.5,"mean_c":36.68,"peak_c":37.0,"dose":90.0},"coolest":{"len_m":1764.5,"mean_c":36.68,"peak_c":37.0,"dose":90.0},"delta_mean_c":0.0,"delta_dose_pct":0,"distance_mi":0.783,"status_now":"walk","status_rec":"walk","reason":"Shortest route already under threshold (dose 90).","safe_until_hour":null}},{"type":"Feature","geometry":{"type":"Polygon","coordinates":[[[-81.37310899959084,28.58226500011383],[-81.3730969998953,28.581848999737232],[-81.37174100016043,28.581864999812435],[-81.37129900029456,28.581870000279196],[-81.37110299957764,28.581871999992508],[-81.37111299962339,28.582176999610112],[-81.37111699982134,28.582311999895524],[-81.37310899959084,28.58226500011383]]]},"properties":{"block_id":"120950188001002","school_id":"sch_princeton_elementary","kids_est":0,"class":"red","shortest":{"len_m":2292.6,"mean_c":36.69,"peak_c":37.0,"dose":117.0},"coolest":{"len_m":2293.1,"mean_c":36.69,"peak_c":37.0,"dose":116.8},"delta_mean_c":0.0,"delta_dose_pct":0,"distance_mi":0.997,"status_now":"walk","status_rec":"bus_eligible","reason":"Coolest route mean 36.7C exceeds threshold (110 C-min dose, actual 117).","safe_until_hour":"14:00"}},{"type":"Feature","geometry":{"type":"Polygon","coordinates":[[[-81.37434399985018,28.57857000024846],[-81.3743449996751,28.5784830000918],[-81.37433999965222,28.578372999636546],[-81.37431700008601,28.577784000111212],[-81.37431000041333,28.577587999896714],[-81.37404400027454,28.577589000188528],[-81.37324900023124,28.577592000275025],[-81.3729839999174,28.5775940000697],[-81.3729859995672,28.577649000324627],[-81.3729920003133,28.57781400012792],[-81.37299499978802,28.577869000267764],[-81.37299800016109,28.578009999921232],[-81.37300700038192,28.57843300011425],[-81.37301099968155,28.578573999800554],[-81.37327699982035,28.578572000024533],[-81.37407699988651,28.57857000024846],[-81.37434399985018,28.57857000024846]]]},"properties":{"block_id":"120950188001013","school_id":"sch_princeton_elementary","kids_est":0,"class":"green","shortest":{"len_m":1833.5,"mean_c":36.68,"peak_c":37.0,"dose":93.5},"coolest":{"len_m":1833.5,"mean_c":36.68,"peak_c":37.0,"dose":93.5},"delta_mean_c":0.0,"delta_dose_pct":0,"distance_mi":0.754,"status_now":"walk","status_rec":"walk","reason":"Shortest route already under threshold (dose 94).","safe_until_hour":null}},{"type":"Feature","geometry":{"type":"Polygon","coordinates":[[[-81.37429600016962,28.57579599970943],[-81.37427799972795,28.57569300019107],[-81.37427400042831,28.57563099989623],[-81.37424500011599,28.57513300032497],[-81.37423599989516,28.574968000260746],[-81.37353000043863,28.57496699994401],[-81.37289900042687,28.574971999949806],[-81.37292600019106,28.575798999847073],[-81.37429600016962,28.57579599970943]]]},"properties":{"block_id":"120950188001024","school_id":"sch_princeton_elementary","kids_est":0,"class":"green","shortest":{"len_m":1471.0,"mean_c":36.69,"peak_c":37.0,"dose":75.2},"coolest":{"len_m":1471.0,"mean_c":36.69,"peak_c":37.0,"dose":75.2},"delta_mean_c":0.0,"delta_dose_pct":0,"distance_mi":0.678,"status_now":"walk","status_rec":"walk","reason":"Shortest route already under threshold (dose 75).","safe_until_hour":null}},{"type":"Feature","geometry":{"type":"Polygon","coordinates":[[[-81.37423599989516,28.574968000260746],[-81.37420900013099,28.574061999713987],[-81.37287299958929,28.574063000039324],[-81.37287799961217,28.574227999945183],[-81.37289900042687,28.574971999949806],[-81.37353000043863,28.57496699994401],[-81.37423599989516,28.574968000260746]]]},"properties":{"block_id":"120950188001023","school_id":"sch_princeton_elementary","kids_est":0,"class":"green","shortest":{"len_m":1580.0,"mean_c":36.69,"peak_c":37.0,"dose":80.6},"coolest":{"len_m":1580.1,"mean_c":36.69,"peak_c":37.0,"dose":80.5},"delta_mean_c":0.0,"delta_dose_pct":0,"distance_mi":0.663,"status_now":"walk","status_rec":"walk","reason":"Shortest route already under threshold (dose 81).","safe_until_hour":null}},{"type":"Feature","geometry":{"type":"Polygon","coordinates":[[[-81.37293399968866,28.57887000015525],[-81.37301099968155,28.578573999800554],[-81.37284599982512,28.578573000306985],[-81.37235200008071,28.578573000306985],[-81.37218800004918,28.578573000306985],[-81.37210900040645,28.578578000141373],[-81.3720919997897,28.57857999991729],[-81.37175899970376,28.5785629998486],[-81.37156100023537,28.578561000072362],[-81.37137799993725,28.5785599997898],[-81.37133699992938,28.57877299980831],[-81.37132199986077,28.578902999911268],[-81.37132000021096,28.579055999935917],[-81.37146699962572,28.579054000169055],[-81.37248199977705,28.579048000079354],[-81.37254299987642,28.579048000079354],[-81.37270699990795,28.57904999984633],[-81.37282099971075,28.579046999801406],[-81.37286300044187,28.57898699967396],[-81.37293399968866,28.57887000015525]]]},"properties":{"block_id":"120950188001009","school_id":"sch_princeton_elementary","kids_est":0,"class":"green","shortest":{"len_m":1949.7,"mean_c":36.69,"peak_c":37.0,"dose":99.5},"coolest":{"len_m":1949.7,"mean_c":36.69,"peak_c":37.0,"dose":99.5},"delta_mean_c":0.0,"delta_dose_pct":0,"distance_mi":0.859,"status_now":"walk","status_rec":"walk","reason":"Shortest route already under threshold (dose 100).","safe_until_hour":null}},{"type":"Feature","geometry":{"type":"Polygon","coordinates":[[[-81.3722320004301,28.57788800023769],[-81.37222900005705,28.577790000273012],[-81.37221999983623,28.57749899992027],[-81.37221700036149,28.577401999886707],[-81.37207000004838,28.577401999886707],[-81.37162900000742,28.577403000180286],[-81.37148300041757,28.57740399968498],[-81.37148300041757,28.57749799962759],[-81.37148300041757,28.577532000106423],[-81.37146999999877,28.577782999821242],[-81.37146099977794,28.57787799971418],[-81.37161499976372,28.577880000292286],[-81.3720769997211,28.57788599965972],[-81.3722320004301,28.57788800023769]]]},"properties":{"block_id":"120950188001015","school_id":"sch_princeton_elementary","kids_est":0,"class":"green","shortest":{"len_m":1836.5,"mean_c":36.69,"peak_c":37.0,"dose":94.1},"coolest":{"len_m":1836.5,"mean_c":36.69,"peak_c":37.0,"dose":94.1},"delta_mean_c":0.0,"delta_dose_pct":0,"distance_mi":0.835,"status_now":"walk","status_rec":"walk","reason":"Shortest route already under threshold (dose 94).","safe_until_hour":null}},{"type":"Feature","geometry":{"type":"Polygon","coordinates":[[[-81.38949099960723,28.57438500017002],[-81.38948899995742,28.574302000210977],[-81.38948499975946,28.574052999941095],[-81.38948399993454,28.573971000046313],[-81.38948200028472,28.57388799976069],[-81.38947800008677,28.57363900008869],[-81.38947700026185,28.573556000329994],[-81.38796699964288,28.573575999831082],[-81.38685199993246,28.57358499964479],[-81.38686199997821,28.574412999723187],[-81.38738699968475,28.574403999980344],[-81.38765399964844,28.574400000269684],[-81.38829999972883,28.574395999769962],[-81.38883799985416,28.574387000025656],[-81.38896500007577,28.574385999703388],[-81.38949099960723,28.57438500017002]]]},"properties":{"block_id":"120950127012013","school_id":"sch_princeton_elementary","kids_est":2,"class":"green","shortest":{"len_m":496.8,"mean_c":37.08,"peak_c":37.2,"dose":28.0},"coolest":{"len_m":496.8,"mean_c":37.08,"peak_c":37.2,"dose":28.0},"delta_mean_c":0.0,"delta_dose_pct":0,"distance_mi":0.272,"status_now":"walk","status_rec":"walk","reason":"Shortest route already under threshold (dose 28).","safe_until_hour":null}},{"type":"Feature","geometry":{"type":"Polygon","coordinates":[[[-81.38571200010767,28.56955499965477],[-81.38570200006194,28.568839999834378],[-81.38569100019127,28.568159999834055],[-81.38549700002253,28.56819000022836],[-81.38535399990738,28.56819899971387],[-81.38520900014242,28.568194000175083],[-81.3850889995935,28.56817700000594],[-81.38497300014087,28.568147999989463],[-81.3849260002852,28.568132000194634],[-81.3848979997978,28.5682040000413],[-81.38484099989638,28.568331000231463],[-81.38480900010936,28.568433999856897],[-81.38479599969055,28.56851400015519],[-81.38478300017007,28.569475999728006],[-81.38525099997521,28.569462000084336],[-81.38534800005961,28.569471000249965],[-81.38544199977093,28.569490999738623],[-81.3855959997567,28.569539000073867],[-81.38564199978745,28.56954899981222],[-81.38571200010767,28.56955499965477]]]},"properties":{"block_id":"120950127012026","school_id":"sch_princeton_elementary","kids_est":0,"class":"green","shortest":{"len_m":546.3,"mean_c":37.25,"peak_c":37.5,"dose":32.1},"coolest":{"len_m":546.3,"mean_c":37.25,"peak_c":37.5,"dose":32.1},"delta_mean_c":0.0,"delta_dose_pct":0,"distance_mi":0.242,"status_now":"walk","status_rec":"walk","reason":"Shortest route already under threshold (dose 32).","safe_until_hour":null}},{"type":"Feature","geometry":{"type":"Polygon","coordinates":[[[-81.38397100040835,28.56742300013645],[-81.38411899964802,28.567320999910862],[-81.38392200000455,28.56715600021833],[-81.38373100020883,28.56703100018341],[-81.38371699996513,28.56702300020138],[-81.38363800032242,28.566997999859055],[-81.38356399980425,28.566983000282022],[-81.38347900031374,28.566975999900112],[-81.38338100040447,28.56696799991388],[-81.38267199967657,28.566931000364168],[-81.38267000002675,28.56701399982637],[-81.38267699969947,28.56744399961375],[-81.38270299963871,28.568986000045737],[-81.38271199985955,28.56949999990177],[-81.38377200021671,28.569490999738623],[-81.38374499955422,28.56789599978206],[-81.38375200012523,28.567821999744314],[-81.38377800006451,28.56771399995823],[-81.38382900011813,28.567586999812377],[-81.38391500033185,28.567474000212172],[-81.38397100040835,28.56742300013645]]]},"properties":{"block_id":"120950127012030","school_id":"sch_princeton_elementary","kids_est":8,"class":"green","shortest":{"len_m":658.3,"mean_c":37.36,"peak_c":37.7,"dose":39.9},"coolest":{"len_m":658.3,"mean_c":37.36,"peak_c":37.7,"dose":39.9},"delta_mean_c":0.0,"delta_dose_pct":0,"distance_mi":0.283,"status_now":"walk","status_rec":"walk","reason":"Shortest route already under threshold (dose 40).","safe_until_hour":null}},{"type":"Feature","geometry":{"type":"Polygon","coordinates":[[[-81.37225199962327,28.578497999607105],[-81.3722469996004,28.57837599970069],[-81.37223599972974,28.578093000110066],[-81.37223400007993,28.578009999921232],[-81.3722320004301,28.57788800023769],[-81.3720769997211,28.57788599965972],[-81.37161499976372,28.577880000292286],[-81.37146099977794,28.57787799971418],[-81.37144599970932,28.578014000283503],[-81.37142599961784,28.57821799962451],[-81.37139700020384,28.57842299964261],[-81.37137799993725,28.5785599997898],[-81.37156100023537,28.578561000072362],[-81.37175899970376,28.5785629998486],[-81.3720919997897,28.57857999991729],[-81.37210900040645,28.578578000141373],[-81.37218800004918,28.578573000306985],[-81.372225999684,28.578551999895502],[-81.37224499995058,28.578526999926165],[-81.37225199962327,28.578497999607105]]]},"properties":{"block_id":"120950188001011","school_id":"sch_princeton_elementary","kids_est":0,"class":"green","shortest":{"len_m":1941.3,"mean_c":36.69,"peak_c":37.0,"dose":99.1},"coolest":{"len_m":1941.3,"mean_c":36.69,"peak_c":37.0,"dose":99.1},"delta_mean_c":0.0,"delta_dose_pct":0,"distance_mi":0.855,"status_now":"walk","status_rec":"walk","reason":"Shortest route already under threshold (dose 99).","safe_until_hour":null}},{"type":"Feature","geometry":{"type":"Polygon","coordinates":[[[-81.39141100030503,28.5629790000643],[-81.39140399973401,28.56287100004199],[-81.3914020000842,28.562789999755346],[-81.39139299986336,28.562224000385857],[-81.39139100021353,28.56203599994976],[-81.39107999986892,28.562038999690824],[-81.39034099990211,28.56204700005171],[-81.3901500001064,28.562049999792393],[-81.38984100030991,28.562056000062494],[-81.38973500000472,28.562056999712983],[-81.38942000036045,28.56206299998268],[-81.38931499988014,28.56206500007252],[-81.38931599970505,28.56216299969362],[-81.38931800025318,28.562457000376412],[-81.389319999903,28.562554999632486],[-81.38932099972793,28.56263800017898],[-81.38932400010097,28.56288699984776],[-81.38932599975081,28.562970000132456],[-81.38974300040064,28.56296100019976],[-81.38979299973103,28.56296100019976],[-81.38986999972393,28.562965999987153],[-81.39000399961822,28.56299099970931],[-81.3901009997026,28.562994999853657],[-81.39089800029403,28.56298199977842],[-81.39099299983027,28.562981000136723],[-81.39141100030503,28.5629790000643]]]},"properties":{"block_id":"120950126003027","school_id":"sch_princeton_elementary","kids_est":6,"class":"green","shortest":{"len_m":1689.6,"mean_c":37.46,"peak_c":37.7,"dose":104.9},"coolest":{"len_m":1689.6,"mean_c":37.46,"peak_c":37.7,"dose":104.9},"delta_mean_c":0.0,"delta_dose_pct":0,"distance_mi":0.766,"status_now":"walk","status_rec":"walk","reason":"Shortest route already under threshold (dose 105).","safe_until_hour":null}},{"type":"Feature","geometry":{"type":"Polygon","coordinates":[[[-81.37431000041333,28.577587999896714],[-81.37428500029897,28.576689000351415],[-81.37428899959862,28.57662699985471],[-81.37295200013034,28.576629999968663],[-81.37295299995523,28.576644999748197],[-81.37297800006958,28.577398000290035],[-81.3729839999174,28.5775940000697],[-81.37324900023124,28.577592000275025],[-81.37404400027454,28.577589000188528],[-81.37431000041333,28.577587999896714]]]},"properties":{"block_id":"120950188001018","school_id":"sch_princeton_elementary","kids_est":0,"class":"green","shortest":{"len_m":1581.2,"mean_c":36.68,"peak_c":37.0,"dose":80.7},"coolest":{"len_m":1581.2,"mean_c":36.68,"peak_c":37.0,"dose":80.7},"delta_mean_c":0.0,"delta_dose_pct":0,"distance_mi":0.722,"status_now":"walk","status_rec":"walk","reason":"Shortest route already under threshold (dose 81).","safe_until_hour":null}},{"type":"Feature","geometry":{"type":"Polygon","coordinates":[[[-81.37586100014184,28.574056999664936],[-81.37586799981455,28.57337700024737],[-81.37582799963157,28.572489000014922],[-81.37583400037767,28.571382999660216],[-81.37583400037767,28.571362999742245],[-81.37563699983586,28.571360000266974],[-81.37563699983586,28.571375000009052],[-81.37565000025465,28.573429999677764],[-81.37563600001096,28.573668000169526],[-81.37562900033825,28.574056999664936],[-81.37563600001096,28.574491999887464],[-81.37556599969075,28.57496699994401],[-81.37571200017894,28.57496699994401],[-81.37578900017184,28.57496699994401],[-81.3758090002633,28.57481400028287],[-81.37586100014184,28.574151999767295],[-81.37586100014184,28.574056999664936]]]},"properties":{"block_id":"120950127013000","school_id":"sch_princeton_elementary","kids_est":0,"class":"green","shortest":{"len_m":958.3,"mean_c":36.76,"peak_c":37.0,"dose":49.8},"coolest":{"len_m":958.3,"mean_c":36.76,"peak_c":37.0,"dose":49.8},"delta_mean_c":0.0,"delta_dose_pct":0,"distance_mi":0.516,"status_now":"walk","status_rec":"walk","reason":"Shortest route already under threshold (dose 50).","safe_until_hour":null}},{"type":"Feature","geometry":{"type":"Polygon","coordinates":[[[-81.39141999962754,28.564756000114837],[-81.3914160003279,28.564570999925497],[-81.39141299995485,28.564422999855502],[-81.39141100030503,28.5640170001941],[-81.39141100030503,28.563914000190294],[-81.39141499960466,28.563832999917352],[-81.39099899967806,28.563837000029704],[-81.3897540002713,28.563852999688557],[-81.38933900016958,28.563858000222503],[-81.38935199969005,28.56478300023897],[-81.39141999962754,28.564756000114837]]]},"properties":{"block_id":"120950126003015","school_id":"sch_princeton_elementary","kids_est":10,"class":"green","shortest":{"len_m":1377.0,"mean_c":37.47,"peak_c":37.7,"dose":85.8},"coolest":{"len_m":1411.6,"mean_c":37.35,"peak_c":37.5,"dose":85.1},"delta_mean_c":-0.12,"delta_dose_pct":-1,"distance_mi":0.662,"status_now":"walk","status_rec":"walk","reason":"Shortest route already under threshold (dose 86).","safe_until_hour":null}},{"type":"Feature","geometry":{"type":"Polygon","coordinates":[[[-81.38543500009823,28.578791999614882],[-81.38543300044842,28.57868899987472],[-81.38542400022757,28.578206000138273],[-81.38542199967944,28.578044999733212],[-81.38540099976305,28.578044999733212],[-81.3853410003869,28.578044999733212],[-81.38532100029543,28.578046000020684],[-81.38523799955642,28.578046000020684],[-81.38499200040744,28.57804900009417],[-81.38491000039168,28.57805000038159],[-81.38470399962904,28.578050999880137],[-81.38408900040912,28.578058000314055],[-81.38388400036969,28.578061000387194],[-81.38388400036969,28.578132000252225],[-81.38388699984445,28.578347999624604],[-81.38388799966934,28.57842000036864],[-81.38388799966934,28.578470999846914],[-81.3838900002175,28.57862499999304],[-81.38389100004241,28.578676999653347],[-81.38389100004241,28.578721000195422],[-81.38389299969222,28.578856000183883],[-81.38389400041547,28.578901000141492],[-81.38419900001396,28.57889600032246],[-81.3851150004311,28.57888400012468],[-81.38532399977015,28.578882000354554],[-81.38535899993025,28.578876000255093],[-81.3853909997173,28.578861000004824],[-81.38540999998388,28.57884399998155],[-81.38542500005249,28.57882299962419],[-81.38543500009823,28.578791999614882]]]},"properties":{"block_id":"120950127012003","school_id":"sch_princeton_elementary","kids_est":1,"class":"green","shortest":{"len_m":808.6,"mean_c":36.87,"peak_c":37.0,"dose":43.5},"coolest":{"len_m":809.5,"mean_c":36.86,"peak_c":37.0,"dose":43.3},"delta_mean_c":-0.01,"delta_dose_pct":0,"distance_mi":0.43,"status_now":"walk","status_rec":"walk","reason":"Shortest route already under threshold (dose 44).","safe_until_hour":null}},{"type":"Feature","geometry":{"type":"Polygon","coordinates":[[[-81.37544600004014,28.57569800016236],[-81.37556599969075,28.57496699994401],[-81.37541599990291,28.57496699994401],[-81.37453100034625,28.57496699994401],[-81.37423599989516,28.574968000260746],[-81.37424500011599,28.57513300032497],[-81.37427400042831,28.57563099989623],[-81.37427799972795,28.57569300019107],[-81.37429600016962,28.57579599970943],[-81.3743020000174,28.575867999833683],[-81.3743020000174,28.576105000026025],[-81.37428899959862,28.57662699985471],[-81.37428500029897,28.576689000351415],[-81.37431000041333,28.577587999896714],[-81.37431700008601,28.577784000111212],[-81.37433999965222,28.578372999636546],[-81.3743449996751,28.5784830000918],[-81.37434399985018,28.57857000024846],[-81.37434399985018,28.578674000386666],[-81.37435600044408,28.578992999767134],[-81.37435999974373,28.57909900004201],[-81.37436300011676,28.579225999702206],[-81.37437499981235,28.57961000015843],[-81.3743790000103,28.579738000261923],[-81.37438599968297,28.579975999892277],[-81.37440699959937,28.580690000285138],[-81.37441400017039,28.580929000387787],[-81.37414499965857,28.580929000387787],[-81.37333999956954,28.580929000387787],[-81.37307199978093,28.580929999858977],[-81.37307699980379,28.581112999954865],[-81.37309199987241,28.5816649998801],[-81.3730969998953,28.581848999737232],[-81.37310899959084,28.58226500011383],[-81.37352899971542,28.5822569997125],[-81.37381499994568,28.582256000253928],[-81.37396999975638,28.5822550000065],[-81.37410299982577,28.58225399975905],[-81.37419200041255,28.582253000300454],[-81.37446100002606,28.582250999805527],[-81.37455100043775,28.582250999805527],[-81.37458499987463,28.582250999805527],[-81.37469000035492,28.582250999805527],[-81.3747249996167,28.582250999805527],[-81.37479400011199,28.582250000346903],[-81.37493200020425,28.582249000099413],[-81.37501699969476,28.582247999851912],[-81.37499599977836,28.58033899992211],[-81.37500099980122,28.580263999692647],[-81.37497499986196,28.579948999722635],[-81.37498300025787,28.57968399979349],[-81.37498300025787,28.578780000194143],[-81.37498400008279,28.578572000024533],[-81.37508100016716,28.57758999969145],[-81.37526500029017,28.576620999626577],[-81.37531999964345,28.576341000169677],[-81.37535499980356,28.576181000370767],[-81.37544500021524,28.575780999808824],[-81.37544600004014,28.57569800016236]]]},"properties":{"block_id":"120950188001006","school_id":"sch_princeton_elementary","kids_est":1,"class":"green","shortest":{"len_m":1747.2,"mean_c":36.68,"peak_c":37.0,"dose":89.0},"coolest":{"len_m":1747.2,"mean_c":36.68,"peak_c":37.0,"dose":89.0},"delta_mean_c":0.0,"delta_dose_pct":0,"distance_mi":0.743,"status_now":"walk","status_rec":"walk","reason":"Shortest route already under threshold (dose 89).","safe_until_hour":null}},{"type":"Feature","geometry":{"type":"Polygon","coordinates":[[[-81.37919600012572,28.58035099995386],[-81.37919399957758,28.580166999842525],[-81.3791879997298,28.579617999972246],[-81.37918600007998,28.579434999641624],[-81.37878299967385,28.579440000223915],[-81.37757500007699,28.579455000391615],[-81.3771730003941,28.57946099966922],[-81.37717400021901,28.579538000228997],[-81.37717699969373,28.579768999992336],[-81.37717900024187,28.579846000326622],[-81.37718000006679,28.57995199974182],[-81.37718500008964,28.580272000245586],[-81.37718699973946,28.58037900028559],[-81.37758799959747,28.580373000271493],[-81.3787940004428,28.580355999703738],[-81.37919600012572,28.58035099995386]]]},"properties":{"block_id":"120950127011017","school_id":"sch_princeton_elementary","kids_est":2,"class":"green","shortest":{"len_m":1548.1,"mean_c":36.74,"peak_c":37.0,"dose":80.9},"coolest":{"len_m":1549.4,"mean_c":36.67,"peak_c":37.0,"dose":79.0},"delta_mean_c":-0.07,"delta_dose_pct":-2,"distance_mi":0.64,"status_now":"walk","status_rec":"walk","reason":"Shortest route already under threshold (dose 81).","safe_until_hour":null}},{"type":"Feature","geometry":{"type":"Polygon","coordinates":[[[-81.38181700025714,28.57844500036346],[-81.3818139998841,28.578262999855124],[-81.38180499966326,28.57771999967881],[-81.38180300001343,28.577538999786004],[-81.38179999964039,28.57737100024749],[-81.3817920001428,28.576868999830413],[-81.38178999959464,28.57670200031096],[-81.38150900028556,28.57670599993409],[-81.38142899991963,28.576701000010722],[-81.38129300037549,28.576665000239824],[-81.38115399956003,28.576618000301263],[-81.3810540000009,28.57659499968585],[-81.38095000024384,28.576586000129655],[-81.3802029998811,28.576594000173465],[-81.38021600029991,28.577556000020184],[-81.38021999959956,28.577746000130347],[-81.38022399979752,28.57792300009026],[-81.38022799999547,28.578317000264192],[-81.3802299996453,28.578508000071658],[-81.38035500021707,28.57850600029439],[-81.38073099996072,28.578498999890268],[-81.38085700035741,28.578497999607105],[-81.38104899997805,28.578490999991327],[-81.38109599983369,28.5784899997081],[-81.3816239999133,28.578450999698685],[-81.38168699966249,28.57844700014191],[-81.38181700025714,28.57844500036346]]]},"properties":{"block_id":"120950127011012","school_id":"sch_princeton_elementary","kids_est":1,"class":"green","shortest":{"len_m":1103.6,"mean_c":36.71,"peak_c":37.0,"dose":56.9},"coolest":{"len_m":1103.6,"mean_c":36.71,"peak_c":37.0,"dose":56.9},"delta_mean_c":0.0,"delta_dose_pct":0,"distance_mi":0.413,"status_now":"walk","status_rec":"walk","reason":"Shortest route already under threshold (dose 57).","safe_until_hour":null}},{"type":"Feature","geometry":{"type":"Polygon","coordinates":[[[-81.37725200003679,28.583478999924424],[-81.3772510002119,28.583454000337326],[-81.37725000038698,28.583378999962832],[-81.37725000038698,28.58335499980017],[-81.37724600018902,28.58321800037709],[-81.37716900019613,28.583221999752432],[-81.37711599959437,28.58322299999066],[-81.37673400000294,28.583227000154665],[-81.37672599960702,28.582814000365683],[-81.37709300002814,28.582807999701636],[-81.3772379997931,28.582801999826103],[-81.37723199994532,28.582445000305295],[-81.3772300002955,28.582326999653606],[-81.37722899957227,28.58221800031113],[-81.37620599992334,28.582231999834967],[-81.37620400027352,28.582384000292446],[-81.37620400027352,28.582422999632268],[-81.37620500009842,28.582516000366162],[-81.37620500009842,28.58258900007885],[-81.37620799957317,28.58282300017776],[-81.37621699979401,28.583503000058776],[-81.37673499982786,28.583501999823206],[-81.37704399962433,28.583501999823206],[-81.37711599959437,28.58349799966967],[-81.37714300025685,28.583495999987274],[-81.37722400044771,28.583483000078672],[-81.37725200003679,28.583478999924424]]]},"properties":{"block_id":"120950153002034","school_id":"sch_princeton_elementary","kids_est":2,"class":"green","shortest":{"len_m":1952.2,"mean_c":36.73,"peak_c":37.0,"dose":100.9},"coolest":{"len_m":1955.1,"mean_c":36.66,"peak_c":37.0,"dose":99.2},"delta_mean_c":-0.07,"delta_dose_pct":-2,"distance_mi":0.859,"status_now":"walk","status_rec":"walk","reason":"Shortest route already under threshold (dose 101).","safe_until_hour":null}},{"type":"Feature","geometry":{"type":"Polygon","coordinates":[[[-81.37706100024108,28.571232999788144],[-81.37707200011174,28.571152999979322],[-81.37706000041618,28.570456999707048],[-81.37704399962433,28.569557000391164],[-81.37704299979943,28.569368000061687],[-81.37704199997451,28.56909099977522],[-81.3770329997537,28.568803999740307],[-81.37703100010387,28.568698999724358],[-81.3770329997537,28.568617000390475],[-81.37702899955573,28.568425999981542],[-81.37701799968508,28.5678529998304],[-81.37701699986016,28.567772999818594],[-81.37701900040828,28.567662999998827],[-81.37693499984438,28.567664000385015],[-81.37668600032237,28.567666000368394],[-81.37660299958337,28.567668000351738],[-81.37585299974593,28.567674999898728],[-81.3758369998524,28.568291999611674],[-81.37584500024832,28.569362999789565],[-81.37583400037767,28.571218000025876],[-81.3761110003871,28.57121900037826],[-81.37618199963389,28.57122100029407],[-81.376224000365,28.571221999857485],[-81.37671999975925,28.57123699961921],[-81.37706100024108,28.571232999788144]]]},"properties":{"block_id":"120950127013024","school_id":"sch_princeton_elementary","kids_est":4,"class":"green","shortest":{"len_m":1193.4,"mean_c":37.07,"peak_c":37.2,"dose":67.3},"coolest":{"len_m":1193.4,"mean_c":37.07,"peak_c":37.2,"dose":67.3},"delta_mean_c":0.0,"delta_dose_pct":0,"distance_mi":0.505,"status_now":"walk","status_rec":"walk","reason":"Shortest route already under threshold (dose 67).","safe_until_hour":null}},{"type":"Feature","geometry":{"type":"Polygon","coordinates":[[[-81.3730969998953,28.581848999737232],[-81.37309199987241,28.5816649998801],[-81.37307699980379,28.581112999954865],[-81.37307199978093,28.580929999858977],[-81.37306799958297,28.580817999863065],[-81.37305900026044,28.580483000212734],[-81.3730559998874,28.580372000006143],[-81.37292000034329,28.58038200029252],[-81.37285599987086,28.580396000060766],[-81.37277700022814,28.58042900012686],[-81.37271199993081,28.580469999931687],[-81.37162999983234,28.581400000330465],[-81.37174100016043,28.581864999812435],[-81.3730969998953,28.581848999737232]]]},"properties":{"block_id":"120950188001005","school_id":"sch_princeton_elementary","kids_est":3,"class":"green","shortest":{"len_m":2078.0,"mean_c":36.69,"peak_c":37.0,"dose":106.0},"coolest":{"len_m":2082.5,"mean_c":36.67,"peak_c":37.0,"dose":105.8},"delta_mean_c":-0.02,"delta_dose_pct":0,"distance_mi":0.942,"status_now":"walk","status_rec":"walk","reason":"Shortest route already under threshold (dose 106).","safe_until_hour":null}},{"type":"Feature","geometry":{"type":"Polygon","coordinates":[[[-81.37563600001096,28.571216999673464],[-81.37562900033825,28.56933699963298],[-81.37561500009456,28.56900199971071],[-81.37562199976723,28.56767899986504],[-81.37526299974203,28.567684000217188],[-81.37526600011509,28.567874000010846],[-81.3752739996127,28.568331999822334],[-81.37527799981066,28.56844399970026],[-81.37528200000861,28.568550999937226],[-81.37529100022945,28.568633999699575],[-81.37529899972705,28.568684999977325],[-81.37530100027519,28.568814000337454],[-81.37531100032093,28.569356000354926],[-81.37531399979567,28.569496000004676],[-81.37530100027519,28.569535000178274],[-81.37527199996288,28.56956700012779],[-81.37524199982565,28.569578000231534],[-81.37479999995978,28.569582999704497],[-81.37325099988107,28.569604000328567],[-81.37273500039534,28.569612000114383],[-81.37276399980935,28.57045499977672],[-81.3750700002965,28.570450999915924],[-81.37537099969707,28.57049300002451],[-81.3753360004353,28.57068399983704],[-81.37527699998576,28.571163000353216],[-81.37527600016084,28.571216999673464],[-81.37563600001096,28.571216999673464]]]},"properties":{"block_id":"120950188001035","school_id":"sch_princeton_elementary","kids_est":2,"class":"green","shortest":{"len_m":1397.3,"mean_c":36.95,"peak_c":37.2,"dose":76.6},"coolest":{"len_m":1397.3,"mean_c":36.95,"peak_c":37.2,"dose":76.6},"delta_mean_c":0.0,"delta_dose_pct":0,"distance_mi":0.608,"status_now":"walk","status_rec":"walk","reason":"Shortest route already under threshold (dose 77).","safe_until_hour":null}},{"type":"Feature","geometry":{"type":"Polygon","coordinates":[[[-81.37565000025465,28.573429999677764],[-81.37563699983586,28.571375000009052],[-81.37563699983586,28.571360000266974],[-81.37527699998576,28.571358000353797],[-81.37414700020669,28.571385999923717],[-81.37416499975005,28.572212999609835],[-81.37416800012309,28.57239999966897],[-81.37417899999375,28.572961999765692],[-81.3741830001917,28.573149999616415],[-81.37420900013099,28.574061999713987],[-81.37423599989516,28.574968000260746],[-81.37453100034625,28.57496699994401],[-81.37541599990291,28.57496699994401],[-81.37556599969075,28.57496699994401],[-81.37563600001096,28.574491999887464],[-81.37562900033825,28.574056999664936],[-81.37563600001096,28.573668000169526],[-81.37565000025465,28.573429999677764]]]},"properties":{"block_id":"120950188001028","school_id":"sch_princeton_elementary","kids_est":0,"class":"green","shortest":{"len_m":1424.7,"mean_c":36.92,"peak_c":37.2,"dose":77.4},"coolest":{"len_m":1424.8,"mean_c":36.92,"peak_c":37.2,"dose":77.3},"delta_mean_c":0.0,"delta_dose_pct":0,"distance_mi":0.565,"status_now":"walk","status_rec":"walk","reason":"Shortest route already under threshold (dose 77).","safe_until_hour":null}},{"type":"Feature","geometry":{"type":"Polygon","coordinates":[[[-81.3753360004353,28.57068399983704],[-81.37537099969707,28.57049300002451],[-81.3750700002965,28.570450999915924],[-81.37276399980935,28.57045499977672],[-81.37278600044898,28.57123699961921],[-81.37330199993468,28.57123000030923],[-81.37346900033927,28.571239999886856],[-81.37483199974683,28.57121600011],[-81.37527600016084,28.571216999673464],[-81.37527699998576,28.571163000353216],[-81.3753360004353,28.57068399983704]]]},"properties":{"block_id":"120950188001034","school_id":"sch_princeton_elementary","kids_est":0,"class":"green","shortest":{"len_m":1263.2,"mean_c":36.95,"peak_c":37.2,"dose":69.1},"coolest":{"len_m":1263.2,"mean_c":36.95,"peak_c":37.2,"dose":69.1},"delta_mean_c":0.0,"delta_dose_pct":0,"distance_mi":0.622,"status_now":"walk","status_rec":"walk","reason":"Shortest route already under threshold (dose 69).","safe_until_hour":null}},{"type":"Feature","geometry":{"type":"Polygon","coordinates":[[[-81.38942700003312,28.57033600030304],[-81.38942600020822,28.570233999745454],[-81.38941699998739,28.569511000012497],[-81.38571200010767,28.56955499965477],[-81.38571299993258,28.569578000231534],[-81.38572499962815,28.57037599973674],[-81.38645400044753,28.570373000233392],[-81.38942700003312,28.57033600030304]]]},"properties":{"block_id":"120950127012024","school_id":"sch_princeton_elementary","kids_est":9,"class":"green","shortest":{"len_m":668.3,"mean_c":37.27,"peak_c":37.4,"dose":39.4},"coolest":{"len_m":668.3,"mean_c":37.27,"peak_c":37.4,"dose":39.4},"delta_mean_c":0.0,"delta_dose_pct":0,"distance_mi":0.26,"status_now":"walk","status_rec":"walk","reason":"Shortest route already under threshold (dose 39).","safe_until_hour":null}},{"type":"Feature","geometry":{"type":"Polygon","coordinates":[[[-81.38388799966934,28.57842000036864],[-81.38388699984445,28.578347999624604],[-81.38388400036969,28.578132000252225],[-81.38388400036969,28.578061000387194],[-81.38388099999666,28.57787299984651],[-81.38387199977582,28.577310999952818],[-81.3838690003011,28.577123999945655],[-81.38386699975294,28.577032999771333],[-81.38386299955498,28.576762999674898],[-81.38386199973009,28.576673000277626],[-81.38374100025457,28.57667399978925],[-81.38338100040447,28.57668000001438],[-81.38326199968047,28.57668199982638],[-81.38317399981692,28.576683000126806],[-81.38291400042424,28.57668800005104],[-81.38282700038559,28.576689999862886],[-81.38283099968524,28.577037999678925],[-81.38284499992895,28.578085000180263],[-81.3828499999518,28.578433999609143],[-81.38305699964106,28.57843100033554],[-81.38368000015521,28.57842200014755],[-81.38388799966934,28.57842000036864]]]},"properties":{"block_id":"120950127011010","school_id":"sch_princeton_elementary","kids_est":1,"class":"green","shortest":{"len_m":604.3,"mean_c":36.86,"peak_c":37.0,"dose":32.5},"coolest":{"len_m":605.2,"mean_c":36.85,"peak_c":37.0,"dose":32.3},"delta_mean_c":-0.01,"delta_dose_pct":-1,"distance_mi":0.369,"status_now":"walk","status_rec":"walk","reason":"Shortest route already under threshold (dose 32).","safe_until_hour":null}},{"type":"Feature","geometry":{"type":"Polygon","coordinates":[[[-81.38323400009138,28.57314799973728],[-81.38323800028932,28.573064000045285],[-81.38283599970812,28.573071000022185],[-81.38162999976109,28.57309500016482],[-81.3812289999031,28.57310299968526],[-81.38123099955291,28.573284000110682],[-81.38123899994883,28.573827999846124],[-81.38124200032189,28.57401000013891],[-81.38322499987054,28.573972999909827],[-81.38321999984767,28.57361100032946],[-81.38323200044154,28.573489000277455],[-81.38323599974119,28.57342500038754],[-81.38323499991628,28.573403999737227],[-81.38323400009138,28.573166000226053],[-81.38323400009138,28.57314799973728]]]},"properties":{"block_id":"120950127013009","school_id":"sch_princeton_elementary","kids_est":6,"class":"green","shortest":{"len_m":257.7,"mean_c":36.93,"peak_c":37.0,"dose":13.9},"coolest":{"len_m":257.7,"mean_c":36.93,"peak_c":37.0,"dose":13.9},"delta_mean_c":0.0,"delta_dose_pct":0,"distance_mi":0.147,"status_now":"walk","status_rec":"walk","reason":"Shortest route already under threshold (dose 14).","safe_until_hour":null}},{"type":"Feature","geometry":{"type":"Polygon","coordinates":[[[-81.38323699956611,28.572135999999418],[-81.38323400009138,28.571956000311047],[-81.38322700041869,28.571418000099232],[-81.38322499987054,28.571284000384036],[-81.38274700001965,28.571288000213155],[-81.38213600009938,28.571284000384036],[-81.3817169997997,28.57129700022258],[-81.38119999959078,28.57131099962208],[-81.38120100031401,28.571430999921212],[-81.3812079999867,28.57197900036288],[-81.38121100035974,28.572162000253265],[-81.38161600041569,28.572159000011897],[-81.38253799978229,28.572155000215897],[-81.38283099968524,28.572146999834505],[-81.38323699956611,28.572135999999418]]]},"properties":{"block_id":"120950127013018","school_id":"sch_princeton_elementary","kids_est":0,"class":"green","shortest":{"len_m":504.3,"mean_c":37.08,"peak_c":37.2,"dose":28.5},"coolest":{"len_m":504.3,"mean_c":37.08,"peak_c":37.2,"dose":28.5},"delta_mean_c":0.0,"delta_dose_pct":0,"distance_mi":0.123,"status_now":"walk","status_rec":"walk","reason":"Shortest route already under threshold (dose 28).","safe_until_hour":null}},{"type":"Feature","geometry":{"type":"Polygon","coordinates":[[[-81.38274299982169,28.571181000392677],[-81.38273299977595,28.57088600005877],[-81.38271699988243,28.56984599989207],[-81.38271199985955,28.56949999990177],[-81.38250699982015,28.56950100027049],[-81.3822509997271,28.56950300021896],[-81.3818919997019,28.56950900006419],[-81.38168800038572,28.569512999960775],[-81.38169199968536,28.569858999908277],[-81.38170400027923,28.570789999806493],[-81.38170599992905,28.57089700002454],[-81.38171299960176,28.57118500022571],[-81.38274299982169,28.571181000392677]]]},"properties":{"block_id":"120950127013020","school_id":"sch_princeton_elementary","kids_est":4,"class":"green","shortest":{"len_m":500.2,"mean_c":37.08,"peak_c":37.2,"dose":28.5},"coolest":{"len_m":500.4,"mean_c":37.08,"peak_c":37.2,"dose":28.2},"delta_mean_c":0.0,"delta_dose_pct":-1,"distance_mi":0.175,"status_now":"walk","status_rec":"walk","reason":"Shortest route already under threshold (dose 28).","safe_until_hour":null}},{"type":"Feature","geometry":{"type":"Polygon","coordinates":[[[-81.3895159997216,28.576129999782175],[-81.38951400007178,28.575964999704034],[-81.38950800022398,28.575470000283225],[-81.38950599967586,28.575304999958693],[-81.38857799956317,28.575313999624463],[-81.38579499994835,28.575344999869884],[-81.38486799966057,28.57535600015835],[-81.3848700002087,28.575520999613996],[-81.38487799970632,28.576016000372544],[-81.38488100007936,28.57618199988706],[-81.38580800036712,28.576170999684976],[-81.3885879996089,28.576139999682983],[-81.3895159997216,28.576129999782175]]]},"properties":{"block_id":"120950127012007","school_id":"sch_princeton_elementary","kids_est":10,"class":"green","shortest":{"len_m":387.4,"mean_c":37.02,"peak_c":37.1,"dose":21.6},"coolest":{"len_m":387.4,"mean_c":37.02,"peak_c":37.1,"dose":21.6},"delta_mean_c":0.0,"delta_dose_pct":0,"distance_mi":0.304,"status_now":"walk","status_rec":"walk","reason":"Shortest route already under threshold (dose 22).","safe_until_hour":null}},{"type":"Feature","geometry":{"type":"Polygon","coordinates":[[[-81.39343800023461,28.56115199969279],[-81.39345699960288,28.560977999694135],[-81.39339399985369,28.561012999648945],[-81.39332799973144,28.561035999725636],[-81.39308000003432,28.561069000341433],[-81.39288199966761,28.561090999957234],[-81.39276399966683,28.5610959998334],[-81.39260399983326,28.561088000189223],[-81.39231199975521,28.5610239998578],[-81.39212299960931,28.560995000237188],[-81.39199700011095,28.56098699979633],[-81.39188999998083,28.560990000356224],[-81.39146700038151,28.56103099984662],[-81.39125899996905,28.561037999834966],[-81.39109199956448,28.56102599996737],[-81.39030300026728,28.560946000288812],[-81.39025300003857,28.560937000183106],[-81.39020299980987,28.560923000192453],[-81.3899879997247,28.560839000209523],[-81.38988599961745,28.560806000310624],[-81.38968700032414,28.560753999707714],[-81.38955500007965,28.560736999914702],[-81.38940600011674,28.560732999684543],[-81.38925799997874,28.56073999969271],[-81.38928499974291,28.560848000323602],[-81.38930200035966,28.56098699979633],[-81.38930200035966,28.561000999778475],[-81.38930499983441,28.561266999874064],[-81.38931099968218,28.561798999626646],[-81.38931499988014,28.56206500007252],[-81.38942000036045,28.56206299998268],[-81.38973500000472,28.562056999712983],[-81.38984100030991,28.562056000062494],[-81.3901500001064,28.562049999792393],[-81.39034099990211,28.56204700005171],[-81.39107999986892,28.562038999690824],[-81.39139100021353,28.56203599994976],[-81.39228400016613,28.56202900002777],[-81.39343999988444,28.56204499996154],[-81.39342999983869,28.561262999664056],[-81.39343800023461,28.56115199969279]]]},"properties":{"block_id":"120950126003029","school_id":"sch_princeton_elementary","kids_est":2,"class":"red","shortest":{"len_m":1813.0,"mean_c":37.46,"peak_c":37.7,"dose":112.4},"coolest":{"len_m":1849.0,"mean_c":37.34,"peak_c":37.5,"dose":111.2},"delta_mean_c":-0.12,"delta_dose_pct":-1,"distance_mi":0.854,"status_now":"walk","status_rec":"bus_eligible","reason":"Coolest route mean 37.3C exceeds threshold (110 C-min dose, actual 111).","safe_until_hour":"14:00"}},{"type":"Feature","geometry":{"type":"Polygon","coordinates":[[[-81.39156100009285,28.574769999684282],[-81.39155799971981,28.574604999839554],[-81.39154900039728,28.574109000005627],[-81.39154699984915,28.57394500023954],[-81.3911340002956,28.57395000029391],[-81.39056600003302,28.573959000075604],[-81.38989599966318,28.573964000129312],[-81.38972599978389,28.57396599999295],[-81.38948399993454,28.573971000046313],[-81.38948499975946,28.574052999941095],[-81.38948899995742,28.574302000210977],[-81.38949099960723,28.57438500017002],[-81.38949200033048,28.574466999742025],[-81.38949700035333,28.574713999971596],[-81.38949900000316,28.57479700039444],[-81.38991099973181,28.57479100006191],[-81.39114799964098,28.574774999699443],[-81.39156100009285,28.574769999684282]]]},"properties":{"block_id":"120950126001008","school_id":"sch_princeton_elementary","kids_est":0,"class":"green","shortest":{"len_m":703.9,"mean_c":37.15,"peak_c":37.4,"dose":40.6},"coolest":{"len_m":703.9,"mean_c":37.15,"peak_c":37.4,"dose":40.6},"delta_mean_c":0.0,"delta_dose_pct":0,"distance_mi":0.414,"status_now":"walk","status_rec":"walk","reason":"Shortest route already under threshold (dose 41).","safe_until_hour":null}},{"type":"Feature","geometry":{"type":"Polygon","coordinates":[[[-81.38686199997821,28.574412999723187],[-81.38685199993246,28.57358499964479],[-81.38674800017537,28.573584000103814],[-81.38638800032527,28.57355800020138],[-81.38605500023935,28.573527000218295],[-81.3854829997788,28.573482999870333],[-81.38484699974417,28.573458999816207],[-81.38484599991926,28.57348799994666],[-81.38484599991926,28.573983000015662],[-81.38485400031519,28.574437000348592],[-81.38686199997821,28.574412999723187]]]},"properties":{"block_id":"120950127012012","school_id":"sch_princeton_elementary","kids_est":7,"class":"green","shortest":{"len_m":296.5,"mean_c":37.0,"peak_c":37.1,"dose":16.4},"coolest":{"len_m":296.5,"mean_c":37.0,"peak_c":37.1,"dose":16.4},"delta_mean_c":0.0,"delta_dose_pct":0,"distance_mi":0.157,"status_now":"walk","status_rec":"walk","reason":"Shortest route already under threshold (dose 16).","safe_until_hour":null}},{"type":"Feature","geometry":{"type":"Polygon","coordinates":[[[-81.39356299990807,28.571096999919153],[-81.39354799983947,28.57018399979177],[-81.38942600020822,28.570233999745454],[-81.38942700003312,28.57033600030304],[-81.38944100027683,28.571143999957595],[-81.390017000037,28.571142000040307],[-81.39356299990807,28.571096999919153]]]},"properties":{"block_id":"120950126002005","school_id":"sch_princeton_elementary","kids_est":6,"class":"green","shortest":{"len_m":728.3,"mean_c":37.24,"peak_c":37.4,"dose":42.8},"coolest":{"len_m":728.3,"mean_c":37.24,"peak_c":37.4,"dose":42.8},"delta_mean_c":0.0,"delta_dose_pct":0,"distance_mi":0.458,"status_now":"walk","status_rec":"walk","reason":"Shortest route already under threshold (dose 43).","safe_until_hour":null}},{"type":"Feature","geometry":{"type":"Polygon","coordinates":[[[-81.39358999967226,28.572919999853806],[-81.39357499960364,28.572006999767463],[-81.39138399964253,28.572033000053256],[-81.38984799998262,28.57205600008827],[-81.38945499962222,28.572059000332562],[-81.38946499966796,28.572739000379993],[-81.38946800004102,28.572963999648376],[-81.38987999976968,28.572959000336017],[-81.39111900022698,28.57294400003088],[-81.39153199978053,28.572940000264722],[-81.39174100001792,28.572937000045545],[-81.39237000037984,28.57292800017641],[-81.39258000044214,28.57292600029305],[-81.3927820001085,28.57292300007348],[-81.3933880000059,28.572916999634057],[-81.39348099989232,28.572916999634057],[-81.39358999967226,28.572919999853806]]]},"properties":{"block_id":"120950126001013","school_id":"sch_princeton_elementary","kids_est":7,"class":"green","shortest":{"len_m":789.5,"mean_c":37.17,"peak_c":37.4,"dose":45.8},"coolest":{"len_m":789.5,"mean_c":37.17,"peak_c":37.4,"dose":45.8},"delta_mean_c":0.0,"delta_dose_pct":0,"distance_mi":0.448,"status_now":"walk","status_rec":"walk","reason":"Shortest route already under threshold (dose 46).","safe_until_hour":null}},{"type":"Feature","geometry":{"type":"Polygon","coordinates":[[[-81.38468500026079,28.56513300002287],[-81.38468299971265,28.564834999640254],[-81.38467100001706,28.56409099975166],[-81.38465699977338,28.563752000371025],[-81.38448000022137,28.563724000347758],[-81.38436399987043,28.56369699995194],[-81.38297100032564,28.563279999884937],[-81.38274799984455,28.563213000389908],[-81.38267699969947,28.56317900001751],[-81.38261700032331,28.563133999646926],[-81.38257700014034,28.563078000053114],[-81.38255799987375,28.56302799985525],[-81.38255700004886,28.562970999774254],[-81.38257299994238,28.562917000167335],[-81.38258700018609,28.562890999996053],[-81.38284400010403,28.562567999760446],[-81.38290100000545,28.562487999675948],[-81.38299200024204,28.56235900024005],[-81.38303400007483,28.562285000253727],[-81.3831029996718,28.562128000121213],[-81.38312899961106,28.56204700005171],[-81.38315000042577,28.56196500026853],[-81.38316600031932,28.561881999980308],[-81.38317600036505,28.561798999626646],[-81.38317999966469,28.561715000342755],[-81.38317100034217,28.56154799965129],[-81.38314600022782,28.56141699975022],[-81.38310199984689,28.561289000237498],[-81.38305400016633,28.561190999802633],[-81.38301599963316,28.561127999982137],[-81.38293799981535,28.561014999758708],[-81.38245800031464,28.560457000005133],[-81.38237499957566,28.560381999804193],[-81.38231799967426,28.560340000394287],[-81.38195699999923,28.56015800012747],[-81.38185599971689,28.560117999965943],[-81.38165499987544,28.560053999833748],[-81.38157899970746,28.560032999670923],[-81.38152900037706,28.560020000018863],[-81.3811460000624,28.559989999662598],[-81.38101299999303,28.559969000276006],[-81.38079600025803,28.559958999627362],[-81.38048800028648,28.559953000026674],[-81.38008200040562,28.559964000346312],[-81.3799760001004,28.560129999937125],[-81.38002200013115,28.560127000141723],[-81.38049199958611,28.56008799963759],[-81.3806730002344,28.56008799963759],[-81.38084700031168,28.56009899994312],[-81.38122100040549,28.56013200006368],[-81.3814330001176,28.560165000173882],[-81.3815889997532,28.56020899977875],[-81.38181300005918,28.560303000092382],[-81.38188800040226,28.560357999917986],[-81.38204400003787,28.560440000164142],[-81.38233000026814,28.56062800029482],[-81.38254799982802,28.560797999855403],[-81.38272899957799,28.561062000355147],[-81.38277299995892,28.561155999907022],[-81.38279700024837,28.56133199971518],[-81.38279100040057,28.56143699998057],[-81.38276600028622,28.561563000003005],[-81.38273500032409,28.561668000037972],[-81.38267300039982,28.56178899994081],[-81.38232900044322,28.562332999930923],[-81.38224800025236,28.56240999961391],[-81.38208000002288,28.562498000084318],[-81.38170599992905,28.562558999793385],[-81.38151900033132,28.56260799977988],[-81.38136299979739,28.562662999979047],[-81.3811450002375,28.56277899973105],[-81.38101399981794,28.562860999669063],[-81.380540000165,28.563279000246066],[-81.38042800001202,28.563388999914373],[-81.38037799978329,28.563477000355228],[-81.3803719999355,28.563532000100288],[-81.38038399963108,28.5635869998166],[-81.38043999970758,28.563636999748898],[-81.38053400031723,28.563670000338195],[-81.38076399957266,28.5636640001601],[-81.38089499999224,28.563625999813176],[-81.3812570003905,28.56348299975498],[-81.38144999983602,28.563395000108144],[-81.38158700010337,28.563351000257164],[-81.38198600031154,28.563290999856864],[-81.38240399988798,28.56331299979717],[-81.38258499963793,28.563345999699123],[-81.3835320000172,28.563566000358648],[-81.38372500036104,28.563638000173352],[-81.38388699984445,28.563670999973336],[-81.38401800026402,28.563681999904414],[-81.38413600026477,28.56372099986579],[-81.3842299999761,28.563770000100227],[-81.38431700001476,28.5638470003099],[-81.3843980002056,28.563957000173495],[-81.38442900016774,28.56401799982596],[-81.38442900016774,28.564143999914496],[-81.38446000012988,28.564293000006128],[-81.38447199982545,28.564651000004655],[-81.38445299955887,28.565057999998107],[-81.38442199959674,28.56523400038205],[-81.38432200003764,28.565574999745873],[-81.38426000011334,28.565691000233148],[-81.38413500043987,28.565855999855835],[-81.38400999986808,28.566065000321405],[-81.3839610003626,28.566114000253524],[-81.38392299982947,28.56616900019837],[-81.38388600001953,28.566400000126336],[-81.38384199963859,28.56648300000737],[-81.38364900019306,28.5667629996649],[-81.38343699958264,28.56680200006247],[-81.38328699979482,28.566796000062944],[-81.38314399967969,28.566780000062487],[-81.38290699985322,28.56680699966734],[-81.38239600039037,28.56680099966809],[-81.38192199983915,28.56676800006058],[-81.38162300008838,28.566734999653757],[-81.38148599982104,28.56670200002556],[-81.38126800026114,28.566669000386998],[-81.38108099976509,28.566629999940204],[-81.38088800031954,28.566563999818623],[-81.38078799986212,28.56649300003612],[-81.38070099982347,28.566392999705624],[-81.38038299980616,28.566173000221912],[-81.38005899994106,28.565722000158097],[-81.3799409999403,28.56530900028138],[-81.37987200034333,28.56519900025293],[-81.37981000041904,28.565062000063886],[-81.37977299971081,28.564917999966667],[-81.37976000019033,28.564825000242916],[-81.3797789995586,28.564737000140205],[-81.37992900024473,28.56441800013738],[-81.37993500009252,28.564286000234247],[-81.37992300039694,28.564186999803766],[-81.37987300016823,28.56396699965335],[-81.37985399990166,28.56392300004143],[-81.37982299993952,28.5638889998984],[-81.37978000028181,28.563873000245003],[-81.37964200018955,28.56389999980668],[-81.3794620002645,28.563921999619684],[-81.37920000032366,28.56389500006366],[-81.37907499975188,28.56389999980668],[-81.37891900011628,28.56393899968728],[-81.37881299981106,28.563983000081425],[-81.37844600028826,28.564169999776247],[-81.37834599983084,28.56417500029513],[-81.3782520001195,28.56415800026571],[-81.37810300015659,28.56418600017352],[-81.37794699962267,28.56418600017352],[-81.37781600010142,28.564197000050708],[-81.37749200023632,28.564152999746014],[-81.377286000372,28.564113999944656],[-81.37687999959282,28.564701000220442],[-81.37650600039731,28.565297000111734],[-81.3762310000377,28.565847000170002],[-81.37620799957317,28.565916999985514],[-81.37609999961813,28.5662529998722],[-81.37595499985318,28.566800000062667],[-81.3758589995937,28.567490999705996],[-81.37585299974593,28.567674999898728],[-81.37660299958337,28.567668000351738],[-81.37660000010864,28.56730100000969],[-81.37659199971272,28.56623299976812],[-81.37659099988781,28.566199999982498],[-81.37658400021512,28.56595799992354],[-81.37659099988781,28.565833999658086],[-81.37660900032948,28.565736999914932],[-81.37663000024588,28.565664999958244],[-81.37665799983496,28.565594000358182],[-81.37669200017015,28.56552699996934],[-81.37673300017804,28.565462000352113],[-81.37677900020878,28.56540000033992],[-81.37683100008732,28.565340999938137],[-81.37688700016382,28.56528600034947],[-81.37716400017325,28.565049999866083],[-81.37735499996896,28.564888000217454],[-81.37752200037355,28.564747000334947],[-81.3777580003751,28.56454999987496],[-81.37782600014717,28.564509999804613],[-81.37793800030015,28.564454000153948],[-81.37804999955482,28.56442000018245],[-81.37807399984429,28.564416000092272],[-81.37812800027095,28.564407999911445],[-81.37829200030248,28.564405999866096],[-81.3784909995958,28.56442400027249],[-81.37855099987024,28.5644339997079],[-81.37864299993174,28.564450000065055],[-81.37879199989467,28.564486999698076],[-81.37893800038286,28.56453299990606],[-81.37907899994985,28.56458700026181],[-81.37928800018723,28.564688000355996],[-81.37935900033233,28.564735000101166],[-81.37941600023373,28.564779999787206],[-81.37948800020376,28.56485500001008],[-81.37958500028813,28.564976000193845],[-81.37960600020453,28.565012999642],[-81.37967800017456,28.56519799984331],[-81.3799419997652,28.565876999645774],[-81.37997799975021,28.565953999891757],[-81.38003999967451,28.566069000348914],[-81.38013099991109,28.56619399994866],[-81.38019200001045,28.566262000312285],[-81.38023399984326,28.566309999753628],[-81.38030300033854,28.566374000026556],[-81.38048999993629,28.56652399972482],[-81.38057500032511,28.56658700026014],[-81.38069699962551,28.566651999971498],[-81.38077500034164,28.56669299962311],[-81.38095100006873,28.56676400005965],[-81.38102700023673,28.566788000063],[-81.38120299996382,28.566832000054955],[-81.38133100001033,28.566850999651354],[-81.38139700013258,28.56685600004286],[-81.38164099963173,28.566878999631633],[-81.38184700039436,28.56688800001818],[-81.3821029995891,28.566900000006395],[-81.38246499998735,28.566919000379425],[-81.38267199967657,28.566931000364168],[-81.38338100040447,28.56696799991388],[-81.38347900031374,28.566975999900112],[-81.38356399980425,28.566983000282022],[-81.38363800032242,28.566997999859055],[-81.38371699996513,28.56702300020138],[-81.38388799966934,28.566740000050775],[-81.38418800014334,28.566244000220337],[-81.3842430003949,28.56615700012679],[-81.38430799979392,28.566053999850485],[-81.38451899968112,28.56570100033723],[-81.38458200032863,28.565566999653146],[-81.38463199965902,28.565427999917272],[-81.38467100001706,28.565268000090565],[-81.38468500026079,28.56513300002287]]]},"properties":{"block_id":"120950127013031","school_id":"sch_princeton_elementary","kids_est":0,"class":"green","shortest":{"len_m":1250.3,"mean_c":37.57,"peak_c":37.8,"dose":79.4},"coolest":{"len_m":1250.3,"mean_c":37.57,"peak_c":37.8,"dose":79.4},"delta_mean_c":0.0,"delta_dose_pct":0,"distance_mi":0.608,"status_now":"walk","status_rec":"walk","reason":"Shortest route already under threshold (dose 79).","safe_until_hour":null}},{"type":"Feature","geometry":{"type":"Polygon","coordinates":[[[-81.37293700006171,28.56419799968085],[-81.37293500041189,28.56405800008335],[-81.37283499995446,28.56405800008335],[-81.37270799973285,28.564060000135264],[-81.37253700002863,28.564062000187143],[-81.37248099995213,28.56406299981857],[-81.37243800029442,28.564062000187143],[-81.3725629999679,28.566744000052623],[-81.37256499961771,28.566977000292823],[-81.3725560002952,28.56716200019734],[-81.37255499957197,28.567192999688952],[-81.37253100018086,28.567413999795676],[-81.37251500028731,28.567568000348874],[-81.37248099995213,28.56776400029665],[-81.371760000427,28.57129799978527],[-81.37180499973454,28.57129700022258],[-81.37199700025346,28.571293000393805],[-81.37278600044898,28.57123699961921],[-81.37276399980935,28.57045499977672],[-81.37273500039534,28.569612000114383],[-81.37272899964925,28.569422000303177],[-81.37271100010591,28.56885200038895],[-81.37270500025814,28.568661999994383],[-81.37270100006016,28.568470999667124],[-81.37269199983933,28.56795999987942],[-81.37269199983933,28.567897999761037],[-81.3726960000373,28.56770800001071],[-81.37270899955777,28.56721599999299],[-81.37272199997655,28.5667629996649],[-81.3727189996035,28.566553999796614],[-81.37269000018951,28.565998999845537],[-81.37269400038747,28.565740999954894],[-81.3726960000373,28.565654999850743],[-81.37272000032672,28.565475000120948],[-81.37276100033462,28.56525500029609],[-81.3728090000152,28.56501699970951],[-81.37289299968077,28.564610999972704],[-81.37292500036615,28.56436799978708],[-81.37292899966579,28.56429999977755],[-81.37293700006171,28.56419799968085]]]},"properties":{"block_id":"120950188001033","school_id":"sch_princeton_elementary","kids_est":0,"class":"green","shortest":{"len_m":1646.8,"mean_c":36.91,"peak_c":37.2,"dose":89.3},"coolest":{"len_m":1646.8,"mean_c":36.91,"peak_c":37.2,"dose":89.3},"delta_mean_c":0.0,"delta_dose_pct":0,"distance_mi":0.753,"status_now":"walk","status_rec":"walk","reason":"Shortest route already under threshold (dose 89).","safe_until_hour":null}},{"type":"Feature","geometry":{"type":"Polygon","coordinates":[[[-81.37256499961771,28.566977000292823],[-81.3725629999679,28.566744000052623],[-81.37243800029442,28.564062000187143],[-81.37237700019506,28.564060000135264],[-81.37219399989695,28.564053999979418],[-81.37213299979759,28.564053000347837],[-81.37213100014776,28.56431299968997],[-81.37212600012491,28.56509500020635],[-81.37212500029999,28.56535599974922],[-81.37212299975184,28.565654999850743],[-81.3721200002771,28.566555000193333],[-81.3721200002771,28.566854999648992],[-81.37211899955389,28.56699300026327],[-81.3721060000334,28.56706399970844],[-81.37206300037572,28.567194000079617],[-81.37193500032919,28.567570999932183],[-81.3718730004049,28.5677849997059],[-81.37143300018886,28.569925000329977],[-81.37139200018096,28.57006100013599],[-81.37133500027957,28.57016399964588],[-81.37128500005085,28.57022700036875],[-81.37120399986,28.570342000100716],[-81.37116000037737,28.570423999668257],[-81.37112100001931,28.570584000333664],[-81.37101200023938,28.571116999887746],[-81.37099700017077,28.57124100023905],[-81.37099899982059,28.57128699986142],[-81.37100999969122,28.571360000266974],[-81.37102700030798,28.571391999661525],[-81.37109199970699,28.571515999688707],[-81.37122999979927,28.57147500033851],[-81.37159200019751,28.571420000011265],[-81.37173799978736,28.571409000100164],[-81.37175100020616,28.571344999733867],[-81.371760000427,28.57129799978527],[-81.37248099995213,28.56776400029665],[-81.37251500028731,28.567568000348874],[-81.37253100018086,28.567413999795676],[-81.37255499957197,28.567192999688952],[-81.3725560002952,28.56716200019734],[-81.37256499961771,28.566977000292823]]]},"properties":{"block_id":"120950188002010","school_id":"sch_princeton_elementary","kids_est":0,"class":"green","shortest":{"len_m":1646.8,"mean_c":36.91,"peak_c":37.2,"dose":89.3},"coolest":{"len_m":1646.8,"mean_c":36.91,"peak_c":37.2,"dose":89.3},"delta_mean_c":0.0,"delta_dose_pct":0,"distance_mi":0.788,"status_now":"walk","status_rec":"walk","reason":"Shortest route already under threshold (dose 89).","safe_until_hour":null}},{"type":"Feature","geometry":{"type":"Polygon","coordinates":[[[-81.38088099974854,28.580328999631696],[-81.38087800027381,28.580145999749302],[-81.3808709997028,28.57959699976941],[-81.38086900005298,28.579414999676708],[-81.38053199976909,28.579417999711122],[-81.37952199964063,28.579431000122266],[-81.37918600007998,28.579434999641624],[-81.3791879997298,28.579617999972246],[-81.37919399957758,28.580166999842525],[-81.37919600012572,28.58035099995386],[-81.37953300040961,28.580346000203743],[-81.38054299963974,28.58033299990571],[-81.38088099974854,28.580328999631696]]]},"properties":{"block_id":"120950127011014","school_id":"sch_princeton_elementary","kids_est":2,"class":"green","shortest":{"len_m":1309.3,"mean_c":36.78,"peak_c":37.0,"dose":68.8},"coolest":{"len_m":1312.9,"mean_c":36.7,"peak_c":37.0,"dose":67.5},"delta_mean_c":-0.08,"delta_dose_pct":-2,"distance_mi":0.582,"status_now":"walk","status_rec":"walk","reason":"Shortest route already under threshold (dose 69).","safe_until_hour":null}},{"type":"Feature","geometry":{"type":"Polygon","coordinates":[[[-81.37716199962512,28.57758600010194],[-81.37715999997529,28.577392999610662],[-81.3771540001275,28.576817000065137],[-81.3771540001275,28.576747999912186],[-81.37714900010462,28.576626000342642],[-81.37702199988304,28.57662899966773],[-81.37688700016382,28.576628000155672],[-81.37610200016627,28.576628000155672],[-81.37589100027907,28.576628000155672],[-81.37585500029405,28.576646000048978],[-81.37584799972306,28.576652999787527],[-81.37583400037767,28.576676999901867],[-81.37583100000462,28.576836000225093],[-81.37582699980666,28.577165000249906],[-81.37583199982953,28.577349000090827],[-81.37583600002748,28.577398000290035],[-81.37584799972306,28.57753299960988],[-81.3758500002712,28.577584999810092],[-81.37611200021202,28.577584999810092],[-81.37689899985939,28.577584999810092],[-81.37716199962512,28.57758600010194]]]},"properties":{"block_id":"120950127011003","school_id":"sch_princeton_elementary","kids_est":0,"class":"green","shortest":{"len_m":1190.2,"mean_c":36.7,"peak_c":37.0,"dose":61.0},"coolest":{"len_m":1190.4,"mean_c":36.7,"peak_c":37.0,"dose":60.9},"delta_mean_c":0.0,"delta_dose_pct":0,"distance_mi":0.573,"status_now":"walk","status_rec":"walk","reason":"Shortest route already under threshold (dose 61).","safe_until_hour":null}},{"type":"Feature","geometry":{"type":"Polygon","coordinates":[[[-81.37827700023387,28.57495000008031],[-81.37824200007377,28.573142999644798],[-81.37711599959437,28.573150999950442],[-81.3771170003176,28.573330999960987],[-81.37711999979233,28.57379599961471],[-81.37712200034045,28.573873000376945],[-81.37712800018824,28.57405400026647],[-81.37714499990668,28.57494699991845],[-81.37713300021112,28.574961999937972],[-81.37827700023387,28.57495000008031]]]},"properties":{"block_id":"120950127013004","school_id":"sch_princeton_elementary","kids_est":9,"class":"green","shortest":{"len_m":895.6,"mean_c":36.77,"peak_c":37.0,"dose":46.6},"coolest":{"len_m":895.6,"mean_c":36.77,"peak_c":37.0,"dose":46.6},"delta_mean_c":0.0,"delta_dose_pct":0,"distance_mi":0.412,"status_now":"walk","status_rec":"walk","reason":"Shortest route already under threshold (dose 47).","safe_until_hour":null}},{"type":"Feature","geometry":{"type":"Polygon","coordinates":[[[-81.37311899963659,28.582726000321294],[-81.37311000031409,28.58231799979901],[-81.37310899959084,28.58226500011383],[-81.37111699982134,28.582311999895524],[-81.371127999692,28.582662999984414],[-81.37113400043809,28.582754000020714],[-81.37311899963659,28.582726000321294]]]},"properties":{"block_id":"120950190002021","school_id":"sch_princeton_elementary","kids_est":1,"class":"red","shortest":{"len_m":2255.7,"mean_c":36.7,"peak_c":37.0,"dose":116.5},"coolest":{"len_m":2257.0,"mean_c":36.65,"peak_c":37.0,"dose":114.6},"delta_mean_c":-0.05,"delta_dose_pct":-2,"distance_mi":1.016,"status_now":"walk","status_rec":"bus_eligible","reason":"Coolest route mean 36.6C exceeds threshold (110 C-min dose, actual 115).","safe_until_hour":"14:00"}},{"type":"Feature","geometry":{"type":"Polygon","coordinates":[[[-81.38952900014039,28.577064000298982],[-81.38952599976733,28.57687699985271],[-81.38951800026973,28.576315999674787],[-81.3895159997216,28.576129999782175],[-81.3885879996089,28.576139999682983],[-81.38580800036712,28.576170999684976],[-81.38488100007936,28.57618199988706],[-81.38488299972917,28.57636799968771],[-81.38489199995001,28.576926000271797],[-81.38489500032307,28.577112999842065],[-81.38582099988761,28.57710199973733],[-81.38823600015472,28.577074000110986],[-81.38860199985263,28.577071000009756],[-81.38952900014039,28.577064000298982]]]},"properties":{"block_id":"120950127012006","school_id":"sch_princeton_elementary","kids_est":19,"class":"green","shortest":{"len_m":846.6,"mean_c":37.15,"peak_c":37.3,"dose":48.5},"coolest":{"len_m":846.6,"mean_c":37.15,"peak_c":37.3,"dose":48.5},"delta_mean_c":0.0,"delta_dose_pct":0,"distance_mi":0.354,"status_now":"walk","status_rec":"walk","reason":"Shortest route already under threshold (dose 48).","safe_until_hour":null}},{"type":"Feature","geometry":{"type":"Polygon","coordinates":[[[-81.37941399968561,28.55946600000316],[-81.37934799956336,28.559359999673568],[-81.37931699960122,28.559292000373528],[-81.37929900005788,28.559178000079346],[-81.37928200033944,28.558201999913344],[-81.37927599959335,28.558047000169157],[-81.37906700025428,28.558227999664865],[-81.37868999978743,28.558517999977898],[-81.37850599966441,28.558632999880874],[-81.3771730003941,28.559400999798786],[-81.37692999982153,28.55954600001751],[-81.37693900004236,28.559787999828778],[-81.37696699963143,28.55991900017922],[-81.377286000372,28.55985200012275],[-81.37941399968561,28.55946600000316]]]},"properties":{"block_id":"120950188001047","school_id":"sch_princeton_elementary","kids_est":1,"class":"red","shortest":{"len_m":2090.9,"mean_c":37.61,"peak_c":37.8,"dose":133.9},"coolest":{"len_m":2091.2,"mean_c":37.61,"peak_c":37.8,"dose":133.8},"delta_mean_c":0.0,"delta_dose_pct":0,"distance_mi":0.963,"status_now":"walk","status_rec":"bus_eligible","reason":"Coolest route mean 37.6C exceeds threshold (110 C-min dose, actual 134).","safe_until_hour":"14:00"}},{"type":"Feature","geometry":{"type":"Polygon","coordinates":[[[-81.37517099968053,28.566368000002626],[-81.37520500001573,28.565978000079888],[-81.37508199999208,28.565959000325872],[-81.37500300034935,28.56594199979567],[-81.37492399980833,28.565919999615943],[-81.37472299996688,28.565843999748566],[-81.37470700007334,28.565835999676246],[-81.37462500005758,28.56579699970964],[-81.37448199994246,28.565710999651326],[-81.37426900040543,28.56555100025487],[-81.37422800039755,28.565524000327777],[-81.37412899976503,28.565471999688967],[-81.37401900016017,28.565427999917272],[-81.3738869999157,28.565394999879228],[-81.37327500017051,28.565318999632716],[-81.37276100033462,28.56525500029609],[-81.37272000032672,28.565475000120948],[-81.3726960000373,28.565654999850743],[-81.37269400038747,28.565740999954894],[-81.37269000018951,28.565998999845537],[-81.3727189996035,28.566553999796614],[-81.37272199997655,28.5667629996649],[-81.37270899955777,28.56721599999299],[-81.3726960000373,28.56770800001071],[-81.37306500010824,28.567702999659698],[-81.37417200032105,28.567690999763045],[-81.3745420002169,28.567688000183146],[-81.37453700019402,28.567306999980424],[-81.37453700019402,28.56729599963935],[-81.37454600041487,28.567198000064202],[-81.37455700028553,28.567164999792222],[-81.37457300017904,28.567134000292363],[-81.37461099981388,28.567081999660143],[-81.37507500031938,28.566659999981734],[-81.37512100035013,28.56659700027908],[-81.37514499974127,28.56654799978295],[-81.3751609996348,28.56649300003612],[-81.37517099968053,28.566368000002626]]]},"properties":{"block_id":"120950188001042","school_id":"sch_princeton_elementary","kids_est":0,"class":"green","shortest":{"len_m":1833.3,"mean_c":37.14,"peak_c":37.4,"dose":105.4},"coolest":{"len_m":1848.7,"mean_c":36.98,"peak_c":37.2,"dose":102.3},"delta_mean_c":-0.16,"delta_dose_pct":-3,"distance_mi":0.744,"status_now":"walk","status_rec":"walk","reason":"Shortest route already under threshold (dose 105).","safe_until_hour":null}},{"type":"Feature","geometry":{"type":"Polygon","coordinates":[[[-81.37910999991199,28.56953599975772],[-81.37909499984337,28.568594999980988],[-81.37793400010219,28.56861000011725],[-81.3770329997537,28.568617000390475],[-81.37703100010387,28.568698999724358],[-81.3770329997537,28.568803999740307],[-81.37704199997451,28.56909099977522],[-81.37704299979943,28.569368000061687],[-81.37704399962433,28.569557000391164],[-81.37745700007622,28.569554000075513],[-81.37789700029228,28.569550999759777],[-81.3786959996352,28.569541000021623],[-81.37910999991199,28.56953599975772]]]},"properties":{"block_id":"120950127013025","school_id":"sch_princeton_elementary","kids_est":1,"class":"green","shortest":{"len_m":1117.0,"mean_c":37.02,"peak_c":37.2,"dose":62.3},"coolest":{"len_m":1118.6,"mean_c":37.0,"peak_c":37.2,"dose":62.1},"delta_mean_c":-0.02,"delta_dose_pct":0,"distance_mi":0.428,"status_now":"walk","status_rec":"walk","reason":"Shortest route already under threshold (dose 62).","safe_until_hour":null}},{"type":"Feature","geometry":{"type":"Polygon","coordinates":[[[-81.38487600005651,28.573048000209084],[-81.3848690003838,28.57125200016771],[-81.38476999975128,28.571259000265165],[-81.3845019999627,28.571266000362133],[-81.38394100027111,28.571279000202967],[-81.38380499982868,28.571281000117636],[-81.38322499987054,28.571284000384036],[-81.38322700041869,28.571418000099232],[-81.38323400009138,28.571956000311047],[-81.38323699956611,28.572135999999418],[-81.38323800028932,28.57232100030048],[-81.38324199958896,28.572877999925215],[-81.3832430003122,28.572930999606935],[-81.38323800028932,28.573064000045285],[-81.38323400009138,28.57314799973728],[-81.38323400009138,28.573166000226053],[-81.38323499991628,28.573403999737227],[-81.38323599974119,28.57342500038754],[-81.38323200044154,28.573489000277455],[-81.38381900007238,28.573484999743105],[-81.38484599991926,28.57348799994666],[-81.38484699974417,28.573458999816207],[-81.38487600005651,28.573048000209084]]]},"properties":{"block_id":"120950127012011","school_id":"sch_princeton_elementary","kids_est":0,"class":"green","shortest":{"len_m":367.6,"mean_c":36.92,"peak_c":37.0,"dose":19.9},"coolest":{"len_m":367.6,"mean_c":36.92,"peak_c":37.0,"dose":19.9},"delta_mean_c":0.0,"delta_dose_pct":0,"distance_mi":0.012,"status_now":"walk","status_rec":"walk","reason":"Shortest route already under threshold (dose 20).","safe_until_hour":null}},{"type":"Feature","geometry":{"type":"Polygon","coordinates":[[[-81.38152900037706,28.560020000018863],[-81.38135000027691,28.559960999757163],[-81.3813140002919,28.559945999966164],[-81.3812780003069,28.559931999843762],[-81.3811870000703,28.559900000120432],[-81.3811319998187,28.559883000189483],[-81.38107599974221,28.559868000387446],[-81.38101999966571,28.559854000254585],[-81.3809059998629,28.559832000380254],[-81.38073299961053,28.559809999712304],[-81.38055799970836,28.559804000103195],[-81.38044499973044,28.55980299964229],[-81.38021999959956,28.559801999970393],[-81.38018600016268,28.559801999970393],[-81.38008200040562,28.559964000346312],[-81.38048800028648,28.559953000026674],[-81.38079600025803,28.559958999627362],[-81.38101299999303,28.559969000276006],[-81.3811460000624,28.559989999662598],[-81.38152900037706,28.560020000018863]]]},"properties":{"block_id":"120950127013042","school_id":"sch_princeton_elementary","kids_est":0,"class":"red","shortest":{"len_m":1780.9,"mean_c":37.59,"peak_c":37.8,"dose":113.6},"coolest":{"len_m":1781.2,"mean_c":37.59,"peak_c":37.8,"dose":113.5},"delta_mean_c":0.0,"delta_dose_pct":0,"distance_mi":0.873,"status_now":"walk","status_rec":"bus_eligible","reason":"Coolest route mean 37.6C exceeds threshold (110 C-min dose, actual 114).","safe_until_hour":"14:00"}},{"type":"Feature","geometry":{"type":"Polygon","coordinates":[[[-81.38323599974119,28.57488999998252],[-81.38323599974119,28.574876000270343],[-81.38322499987054,28.573972999909827],[-81.38124200032189,28.57401000013891],[-81.38125099964438,28.574579999720974],[-81.38124999981949,28.574906999855912],[-81.38141300002611,28.574911000336193],[-81.38323599974119,28.57488999998252]]]},"properties":{"block_id":"120950127013008","school_id":"sch_princeton_elementary","kids_est":3,"class":"green","shortest":{"len_m":505.7,"mean_c":36.83,"peak_c":37.0,"dose":26.7},"coolest":{"len_m":505.7,"mean_c":36.83,"peak_c":37.0,"dose":26.7},"delta_mean_c":0.0,"delta_dose_pct":0,"distance_mi":0.192,"status_now":"walk","status_rec":"walk","reason":"Shortest route already under threshold (dose 27).","safe_until_hour":null}},{"type":"Feature","geometry":{"type":"Polygon","coordinates":[[[-81.38124999981949,28.574906999855912],[-81.38125099964438,28.574579999720974],[-81.38124200032189,28.57401000013891],[-81.38123899994883,28.573827999846124],[-81.38123099955291,28.573284000110682],[-81.3812289999031,28.57310299968526],[-81.38111900029823,28.573102000139645],[-81.38103499973433,28.57310299968526],[-81.38045599960111,28.573110999993883],[-81.38026300015557,28.57311400020811],[-81.38027599967604,28.573131000368505],[-81.38029499994262,28.57492000003569],[-81.38124999981949,28.574906999855912]]]},"properties":{"block_id":"120950127013007","school_id":"sch_princeton_elementary","kids_est":5,"class":"green","shortest":{"len_m":505.7,"mean_c":36.83,"peak_c":37.0,"dose":26.7},"coolest":{"len_m":505.7,"mean_c":36.83,"peak_c":37.0,"dose":26.7},"delta_mean_c":0.0,"delta_dose_pct":0,"distance_mi":0.24,"status_now":"walk","status_rec":"walk","reason":"Shortest route already under threshold (dose 27).","safe_until_hour":null}},{"type":"Feature","geometry":{"type":"Polygon","coordinates":[[[-81.38126700043624,28.575741000063413],[-81.38126099969016,28.575699999993027],[-81.38124999981949,28.574906999855912],[-81.38029499994262,28.57492000003569],[-81.38030900018632,28.57575400014013],[-81.38126700043624,28.575741000063413]]]},"properties":{"block_id":"120950127011034","school_id":"sch_princeton_elementary","kids_est":1,"class":"green","shortest":{"len_m":698.5,"mean_c":36.77,"peak_c":37.0,"dose":36.5},"coolest":{"len_m":698.5,"mean_c":36.77,"peak_c":37.0,"dose":36.5},"delta_mean_c":0.0,"delta_dose_pct":0,"distance_mi":0.296,"status_now":"walk","status_rec":"walk","reason":"Shortest route already under threshold (dose 36).","safe_until_hour":null}},{"type":"Feature","geometry":{"type":"Polygon","coordinates":[[[-81.3832430003122,28.572930999606935],[-81.38324199958896,28.572877999925215],[-81.38323800028932,28.57232100030048],[-81.38323699956611,28.572135999999418],[-81.38283099968524,28.572146999834505],[-81.38253799978229,28.572155000215897],[-81.38161600041569,28.572159000011897],[-81.38121100035974,28.572162000253265],[-81.38121399983447,28.572349999955748],[-81.38122499970514,28.57291400020315],[-81.3812289999031,28.57310299968526],[-81.38162999976109,28.57309500016482],[-81.38283599970812,28.573071000022185],[-81.38323800028932,28.573064000045285],[-81.3832430003122,28.572930999606935]]]},"properties":{"block_id":"120950127013010","school_id":"sch_princeton_elementary","kids_est":1,"class":"green","shortest":{"len_m":303.0,"mean_c":36.91,"peak_c":37.0,"dose":16.4},"coolest":{"len_m":303.0,"mean_c":36.91,"peak_c":37.0,"dose":16.4},"delta_mean_c":0.0,"delta_dose_pct":0,"distance_mi":0.12,"status_now":"walk","status_rec":"walk","reason":"Shortest route already under threshold (dose 16).","safe_until_hour":null}},{"type":"Feature","geometry":{"type":"Polygon","coordinates":[[[-81.38380200035395,28.571169999667656],[-81.38377200021671,28.569490999738623],[-81.38271199985955,28.56949999990177],[-81.38271699988243,28.56984599989207],[-81.38273299977595,28.57088600005877],[-81.38274299982169,28.571181000392677],[-81.38306099983902,28.571180000039924],[-81.38380200035395,28.571169999667656]]]},"properties":{"block_id":"120950127012029","school_id":"sch_princeton_elementary","kids_est":3,"class":"green","shortest":{"len_m":347.7,"mean_c":37.1,"peak_c":37.2,"dose":19.7},"coolest":{"len_m":347.7,"mean_c":37.1,"peak_c":37.2,"dose":19.7},"delta_mean_c":0.0,"delta_dose_pct":0,"distance_mi":0.141,"status_now":"walk","status_rec":"walk","reason":"Shortest route already under threshold (dose 20).","safe_until_hour":null}},{"type":"Feature","geometry":{"type":"Polygon","coordinates":[[[-81.3848979997978,28.5682040000413],[-81.3849260002852,28.568132000194634],[-81.38484500009434,28.568093000289984],[-81.3847639999035,28.568037999772802],[-81.38469399958329,28.567971999745403],[-81.38411899964802,28.567320999910862],[-81.38397100040835,28.56742300013645],[-81.38391500033185,28.567474000212172],[-81.38382900011813,28.567586999812377],[-81.38377800006451,28.56771399995823],[-81.38375200012523,28.567821999744314],[-81.38374499955422,28.56789599978206],[-81.38377200021671,28.569490999738623],[-81.38478300017007,28.569475999728006],[-81.38479599969055,28.56851400015519],[-81.38480900010936,28.568433999856897],[-81.38484099989638,28.568331000231463],[-81.3848979997978,28.5682040000413]]]},"properties":{"block_id":"120950127012027","school_id":"sch_princeton_elementary","kids_est":0,"class":"green","shortest":{"len_m":526.9,"mean_c":37.28,"peak_c":37.7,"dose":31.3},"coolest":{"len_m":526.9,"mean_c":37.28,"peak_c":37.7,"dose":31.3},"delta_mean_c":0.0,"delta_dose_pct":0,"distance_mi":0.254,"status_now":"walk","status_rec":"walk","reason":"Shortest route already under threshold (dose 31).","safe_until_hour":null}},{"type":"Feature","geometry":{"type":"Polygon","coordinates":[[[-81.38171299960176,28.57118500022571],[-81.38170599992905,28.57089700002454],[-81.38170400027923,28.570789999806493],[-81.38169199968536,28.569858999908277],[-81.38168800038572,28.569512999960775],[-81.38147499995038,28.569512999960775],[-81.38083899991575,28.5695160002776],[-81.38062800002855,28.56951699985722],[-81.38062999967836,28.569702000029803],[-81.3806389998992,28.5702579997463],[-81.38064200027226,28.57044399976473],[-81.38064399992209,28.570606000327224],[-81.38065300014291,28.57109199972919],[-81.3806589999907,28.57118999962237],[-81.38143599959233,28.57118700014216],[-81.38171299960176,28.57118500022571]]]},"properties":{"block_id":"120950127013021","school_id":"sch_princeton_elementary","kids_est":3,"class":"green","shortest":{"len_m":683.1,"mean_c":37.06,"peak_c":37.2,"dose":38.5},"coolest":{"len_m":683.1,"mean_c":37.06,"peak_c":37.2,"dose":38.5},"delta_mean_c":0.0,"delta_dose_pct":0,"distance_mi":0.223,"status_now":"walk","status_rec":"walk","reason":"Shortest route already under threshold (dose 38).","safe_until_hour":null}},{"type":"Feature","geometry":{"type":"Polygon","coordinates":[[[-81.38271199985955,28.56949999990177],[-81.38270299963871,28.568986000045737],[-81.38267699969947,28.56744399961375],[-81.38267000002675,28.56701399982637],[-81.38267199967657,28.566931000364168],[-81.38246499998735,28.566919000379425],[-81.3821029995891,28.566900000006395],[-81.38184700039436,28.56688800001818],[-81.38164099963173,28.566878999631633],[-81.38164300017989,28.56702300020138],[-81.38165099967748,28.56745699992672],[-81.38165400005052,28.567602000092275],[-81.3816599998983,28.56798399961001],[-81.3816809998147,28.569130000098927],[-81.38168800038572,28.569512999960775],[-81.3818919997019,28.56950900006419],[-81.3822509997271,28.56950300021896],[-81.38250699982015,28.56950100027049],[-81.38271199985955,28.56949999990177]]]},"properties":{"block_id":"120950127013030","school_id":"sch_princeton_elementary","kids_est":5,"class":"green","shortest":{"len_m":893.8,"mean_c":37.31,"peak_c":37.7,"dose":53.6},"coolest":{"len_m":894.6,"mean_c":37.2,"peak_c":37.7,"dose":52.2},"delta_mean_c":-0.11,"delta_dose_pct":-3,"distance_mi":0.301,"status_now":"walk","status_rec":"walk","reason":"Shortest route already under threshold (dose 54).","safe_until_hour":null}},{"type":"Feature","geometry":{"type":"Polygon","coordinates":[[[-81.38939400042116,28.567969999767836],[-81.38939199987303,28.56787499960607],[-81.38938799967507,28.56759000018412],[-81.38938699985017,28.567496000067074],[-81.38938400037543,28.56731499994093],[-81.38937799962933,28.56677299966705],[-81.38937599997952,28.566593000271638],[-81.38937299960646,28.5664120001702],[-81.38936699975868,28.56586999997926],[-81.38936500010885,28.56568999982821],[-81.38936299956072,28.56559799961462],[-81.38935900026107,28.565322000069113],[-81.38935800043616,28.5652300003228],[-81.38935199969005,28.56478300023897],[-81.38851300016415,28.564789999977787],[-81.38825200004825,28.564792000015796],[-81.3876019997699,28.564798999754014],[-81.38665299974083,28.56481200039374],[-81.38665399956574,28.564920999625507],[-81.38661900030397,28.56544200009769],[-81.38662000012886,28.565473999714012],[-81.3866290003497,28.565675000064733],[-81.38666399961147,28.565882999697756],[-81.38678300033548,28.56634900031902],[-81.38682699981811,28.566549000179737],[-81.38687700004682,28.56683699965845],[-81.38690200016119,28.567065000100317],[-81.38689899978812,28.567160000204378],[-81.38687700004682,28.56727599973348],[-81.38683400038911,28.567385999957747],[-81.38681400029762,28.56742300013645],[-81.38678599981021,28.567476000199164],[-81.38673399993168,28.56754900009303],[-81.38666299978657,28.567627999888668],[-81.38650499960282,28.567772999818594],[-81.38635200034025,28.567891999824003],[-81.38638699960204,28.56791400038047],[-81.38646299977003,28.567951000373466],[-81.38654300013597,28.567979000061055],[-81.38662699980155,28.567996999856263],[-81.38671300001528,28.56800600014723],[-81.38694300016905,28.568002999787357],[-81.38878099995276,28.567979999655286],[-81.3891779996128,28.56797599970041],[-81.3893750001546,28.56797599970041],[-81.38939400042116,28.567969999767836]]]},"properties":{"block_id":"120950189011001","school_id":"sch_princeton_elementary","kids_est":16,"class":"green","shortest":{"len_m":1413.8,"mean_c":37.48,"peak_c":37.7,"dose":88.2},"coolest":{"len_m":1413.8,"mean_c":37.48,"peak_c":37.7,"dose":88.2},"delta_mean_c":0.0,"delta_dose_pct":0,"distance_mi":0.465,"status_now":"walk","status_rec":"walk","reason":"Shortest route already under threshold (dose 88).","safe_until_hour":null}},{"type":"Feature","geometry":{"type":"Polygon","coordinates":[[[-81.38803600013817,28.571983999721752],[-81.38805299985661,28.57192199960778],[-81.38780400033458,28.571924000299102],[-81.38771700029596,28.571915999900202],[-81.38760299959482,28.571892999834542],[-81.38748999961692,28.57185199984232],[-81.38744500030938,28.571878000166354],[-81.38737099979123,28.57190800028951],[-81.3872910003236,28.571924999855902],[-81.38682699981811,28.571935999713062],[-81.38682900036623,28.572100999799197],[-81.38683699986385,28.57259600008295],[-81.3868400002369,28.57276200026065],[-81.38797199966575,28.572752000038747],[-81.38798300043473,28.57268399992459],[-81.38797900023677,28.57263499989634],[-81.38797099984085,28.572583999955402],[-81.38797800041186,28.572531000098824],[-81.38797599986371,28.572478999767064],[-81.3879740002139,28.57242200007173],[-81.38798300043473,28.57234400027252],[-81.3879809998866,28.572293999743763],[-81.38798799955929,28.572240000187403],[-81.38799699978011,28.572187999711755],[-81.38801000019892,28.5721329997573],[-81.38801600004669,28.57208100001771],[-81.3880229997194,28.572029999808215],[-81.38803600013817,28.571983999721752]]]},"properties":{"block_id":"120950127012016","school_id":"sch_princeton_elementary","kids_est":1,"class":"green","shortest":{"len_m":466.9,"mean_c":37.16,"peak_c":37.3,"dose":26.9},"coolest":{"len_m":466.9,"mean_c":37.16,"peak_c":37.3,"dose":26.9},"delta_mean_c":0.0,"delta_dose_pct":0,"distance_mi":0.198,"status_now":"walk","status_rec":"walk","reason":"Shortest route already under threshold (dose 27).","safe_until_hour":null}},{"type":"Feature","geometry":{"type":"Polygon","coordinates":[[[-81.37722899957227,28.58221800031113],[-81.37721500022688,28.582201000041618],[-81.37721199985383,28.58203499977144],[-81.3772019998081,28.581471999774063],[-81.37719900033335,28.581285000065133],[-81.3771959999603,28.58110299973805],[-81.37719400031048,28.580947999804955],[-81.3771890002876,28.580612000305695],[-81.3771879995644,28.580560000024278],[-81.3771879995644,28.58049500022806],[-81.37718699973946,28.58037900028559],[-81.37718500008964,28.580272000245586],[-81.37718000006679,28.57995199974182],[-81.37717900024187,28.579846000326622],[-81.37548500039821,28.579872999733848],[-81.37549799991868,28.580364000249677],[-81.37550799996444,28.58062900004315],[-81.37554300012454,28.58154099998345],[-81.3755339999037,28.581848999737232],[-81.37554700032248,28.582241999944493],[-81.37620599992334,28.582231999834967],[-81.37722899957227,28.58221800031113]]]},"properties":{"block_id":"120950127011004","school_id":"sch_princeton_elementary","kids_est":5,"class":"green","shortest":{"len_m":1736.5,"mean_c":36.73,"peak_c":37.0,"dose":90.3},"coolest":{"len_m":1737.8,"mean_c":36.67,"peak_c":37.0,"dose":88.4},"delta_mean_c":-0.06,"delta_dose_pct":-2,"distance_mi":0.769,"status_now":"walk","status_rec":"walk","reason":"Shortest route already under threshold (dose 90).","safe_until_hour":null}},{"type":"Feature","geometry":{"type":"Polygon","coordinates":[[[-81.379145999897,28.576602999728973],[-81.37913699967616,28.57576700021523],[-81.3783569997015,28.575774000012263],[-81.3783640002725,28.576612000072608],[-81.37851999990811,28.576608999958147],[-81.37898900043649,28.576604000030162],[-81.379145999897,28.576602999728973]]]},"properties":{"block_id":"120950127011030","school_id":"sch_princeton_elementary","kids_est":2,"class":"green","shortest":{"len_m":905.3,"mean_c":36.73,"peak_c":37.0,"dose":46.8},"coolest":{"len_m":905.3,"mean_c":36.73,"peak_c":37.0,"dose":46.8},"delta_mean_c":0.0,"delta_dose_pct":0,"distance_mi":0.426,"status_now":"walk","status_rec":"walk","reason":"Shortest route already under threshold (dose 47).","safe_until_hour":null}},{"type":"Feature","geometry":{"type":"Polygon","coordinates":[[[-81.38029499994262,28.57492000003569],[-81.38027599967604,28.573131000368505],[-81.38026300015557,28.57311400020811],[-81.37923899978341,28.573131000368505],[-81.37926899992065,28.57494000006638],[-81.37990499995529,28.574931000368597],[-81.38029499994262,28.57492000003569]]]},"properties":{"block_id":"120950127013006","school_id":"sch_princeton_elementary","kids_est":3,"class":"green","shortest":{"len_m":684.4,"mean_c":36.82,"peak_c":37.0,"dose":36.1},"coolest":{"len_m":684.4,"mean_c":36.82,"peak_c":37.0,"dose":36.1},"delta_mean_c":0.0,"delta_dose_pct":0,"distance_mi":0.294,"status_now":"walk","status_rec":"walk","reason":"Shortest route already under threshold (dose 36).","safe_until_hour":null}},{"type":"Feature","geometry":{"type":"Polygon","coordinates":[[[-81.37441400017039,28.580929000387787],[-81.37440699959937,28.580690000285138],[-81.37438599968297,28.579975999892277],[-81.3743790000103,28.579738000261923],[-81.37437499981235,28.57961000015843],[-81.37436300011676,28.579225999702206],[-81.37435999974373,28.57909900004201],[-81.3740910001302,28.5790970002759],[-81.37328699986608,28.579091999677352],[-81.37301900007748,28.579091000188704],[-81.37302599975018,28.579346999925363],[-81.37304800038979,28.580115000129943],[-81.3730559998874,28.580372000006143],[-81.37305900026044,28.580483000212734],[-81.37306799958297,28.580817999863065],[-81.37307199978093,28.580929999858977],[-81.37333999956954,28.580929000387787],[-81.37414499965857,28.580929000387787],[-81.37441400017039,28.580929000387787]]]},"properties":{"block_id":"120950188001007","school_id":"sch_princeton_elementary","kids_est":0,"class":"green","shortest":{"len_m":2049.3,"mean_c":36.68,"peak_c":37.0,"dose":104.5},"coolest":{"len_m":2051.8,"mean_c":36.67,"peak_c":37.0,"dose":104.4},"delta_mean_c":-0.01,"delta_dose_pct":0,"distance_mi":0.83,"status_now":"walk","status_rec":"walk","reason":"Shortest route already under threshold (dose 104).","safe_until_hour":null}},{"type":"Feature","geometry":{"type":"Polygon","coordinates":[[[-81.37696699963143,28.55991900017922],[-81.37693900004236,28.559787999828778],[-81.37692999982153,28.55954600001751],[-81.37692499979865,28.55928000030688],[-81.3769199997758,28.55901500039248],[-81.37691899995087,28.55897400011686],[-81.37655699955262,28.55916199970983],[-81.3754710001545,28.559727999764444],[-81.37510999958116,28.55991700004863],[-81.37484799964034,28.560053999833748],[-81.37481599985328,28.560072000195373],[-81.3745759996538,28.560210000235802],[-81.37434200020037,28.560355999795718],[-81.37415300005448,28.560492000133152],[-81.3739859996499,28.560622999607418],[-81.37393100029662,28.56066800026255],[-81.37373799995278,28.560844000097664],[-81.37373799995278,28.560898999640646],[-81.37373700012787,28.560965999819643],[-81.37373700012787,28.561259999900944],[-81.37374899982345,28.561321999984965],[-81.37377700031085,28.561379999826954],[-81.37382099979348,28.5614300000187],[-81.37539599981143,28.56044599973702],[-81.37587799986028,28.56016200037949],[-81.37614200034923,28.560005999906302],[-81.37628200009132,28.560003999777344],[-81.37650999969696,28.559986999863202],[-81.37696699963143,28.55991900017922]]]},"properties":{"block_id":"120950188001048","school_id":"sch_princeton_elementary","kids_est":0,"class":"red","shortest":{"len_m":2266.9,"mean_c":37.63,"peak_c":37.8,"dose":145.7},"coolest":{"len_m":2267.2,"mean_c":37.63,"peak_c":37.8,"dose":145.6},"delta_mean_c":0.0,"delta_dose_pct":0,"distance_mi":0.985,"status_now":"walk","status_rec":"bus_eligible","reason":"Coolest route mean 37.6C exceeds threshold (110 C-min dose, actual 146).","safe_until_hour":"14:00"}},{"type":"Feature","geometry":{"type":"Polygon","coordinates":[[[-81.37529100022945,28.568633999699575],[-81.37528200000861,28.568550999937226],[-81.37527799981066,28.56844399970026],[-81.3752739996127,28.568331999822334],[-81.37526600011509,28.567874000010846],[-81.37526299974203,28.567684000217188],[-81.37517099968053,28.567684000217188],[-81.37511799997708,28.567684000217188],[-81.37485600003626,28.567686000200187],[-81.37468600015694,28.5676869997972],[-81.3745420002169,28.567688000183146],[-81.37417200032105,28.567690999763045],[-81.37306500010824,28.567702999659698],[-81.3726960000373,28.56770800001071],[-81.37269199983933,28.567897999761037],[-81.37269199983933,28.56795999987942],[-81.37270100006016,28.568470999667124],[-81.37270500025814,28.568661999994383],[-81.37322199956874,28.5686589996532],[-81.37462300040775,28.568650999794894],[-81.3747730001956,28.568646999865525],[-81.37529100022945,28.568633999699575]]]},"properties":{"block_id":"120950188001038","school_id":"sch_princeton_elementary","kids_est":0,"class":"green","shortest":{"len_m":1729.5,"mean_c":37.14,"peak_c":37.4,"dose":99.4},"coolest":{"len_m":1744.9,"mean_c":36.98,"peak_c":37.2,"dose":96.3},"delta_mean_c":-0.16,"delta_dose_pct":-3,"distance_mi":0.678,"status_now":"walk","status_rec":"walk","reason":"Shortest route already under threshold (dose 99).","safe_until_hour":null}},{"type":"Feature","geometry":{"type":"Polygon","coordinates":[[[-81.37382099979348,28.5614300000187],[-81.37377700031085,28.561379999826954],[-81.37374899982345,28.561321999984965],[-81.37373700012787,28.561259999900944],[-81.37373700012787,28.560965999819643],[-81.37373799995278,28.560898999640646],[-81.37373799995278,28.560844000097664],[-81.37367500020359,28.560902000203043],[-81.37359300018782,28.560988999906602],[-81.37342499995833,28.56116999986663],[-81.37324300038345,28.561400000064292],[-81.37319900000253,28.561460999620756],[-81.37308100000175,28.561629000104812],[-81.37314299992605,28.561611000009403],[-81.3731680000404,28.561606999812447],[-81.3732469996831,28.561595999664583],[-81.3733379999197,28.561592999910964],[-81.37341900011054,28.56160499971393],[-81.37343599982898,28.561611000009403],[-81.3735210002178,28.561645000099382],[-81.37357800011922,28.561597999763276],[-81.37367000018072,28.561524999686476],[-81.37375800004428,28.561469000025596],[-81.37382099979348,28.5614300000187]]]},"properties":{"block_id":"120950188001041","school_id":"sch_princeton_elementary","kids_est":0,"class":"red","shortest":{"len_m":2446.6,"mean_c":37.28,"peak_c":37.8,"dose":145.1},"coolest":{"len_m":2478.6,"mean_c":37.06,"peak_c":37.8,"dose":139.4},"delta_mean_c":-0.22,"delta_dose_pct":-4,"distance_mi":0.989,"status_now":"walk","status_rec":"bus_eligible","reason":"Coolest route mean 37.1C exceeds threshold (110 C-min dose, actual 139).","safe_until_hour":"14:00"}},{"type":"Feature","geometry":{"type":"Polygon","coordinates":[[[-81.37213100014776,28.56431299968997],[-81.37213299979759,28.564053000347837],[-81.37206699967535,28.564049000243703],[-81.37204800030709,28.564049000243703],[-81.37186900020694,28.564049000243703],[-81.37180399990962,28.56404999987526],[-81.37172000024404,28.56404999987526],[-81.37146999999877,28.564051000295795],[-81.3713870001581,28.564051999927326],[-81.37138499960997,28.564310000013737],[-81.37138100031032,28.565085000044753],[-81.37138100031032,28.56534400037391],[-81.37152900044832,28.565345999612404],[-81.37197600033707,28.565353000102757],[-81.37212500029999,28.56535599974922],[-81.37212600012491,28.56509500020635],[-81.37213100014776,28.56431299968997]]]},"properties":{"block_id":"120950188002012","school_id":"sch_princeton_elementary","kids_est":0,"class":"red","shortest":{"len_m":2334.7,"mean_c":37.23,"peak_c":37.5,"dose":137.0},"coolest":{"len_m":2366.7,"mean_c":37.0,"peak_c":37.5,"dose":131.3},"delta_mean_c":-0.23,"delta_dose_pct":-4,"distance_mi":0.914,"status_now":"walk","status_rec":"bus_eligible","reason":"Coolest route mean 37.0C exceeds threshold (110 C-min dose, actual 131).","safe_until_hour":"14:00"}},{"type":"Feature","geometry":{"type":"Polygon","coordinates":[[[-81.37308100000175,28.561629000104812],[-81.37302199955221,28.561654000144543],[-81.37221399998845,28.56212100020529],[-81.37217200015566,28.562157000218615],[-81.37214200001841,28.562202999867015],[-81.37207000004838,28.562382000022616],[-81.3719789998118,28.562629000217964],[-81.37190900038992,28.56287799990803],[-81.37184400009258,28.563198000273353],[-81.37181099958232,28.563460999850157],[-81.37180399990962,28.563571999753336],[-81.37179999971166,28.563935000367803],[-81.37180399990962,28.56404999987526],[-81.37186900020694,28.564049000243703],[-81.37204800030709,28.564049000243703],[-81.37206699967535,28.564049000243703],[-81.37213299979759,28.564053000347837],[-81.37219399989695,28.564053999979418],[-81.37237700019506,28.564060000135264],[-81.37243800029442,28.564062000187143],[-81.37243400009646,28.56397099976059],[-81.3724359997463,28.563627999873297],[-81.37244099976915,28.563549999867114],[-81.37245699966269,28.563349000191764],[-81.37248900034807,28.563128999867573],[-81.37253100018086,28.562913999662364],[-81.37260300015086,28.56265300037534],[-81.3726759999458,28.562433999821238],[-81.37275999961139,28.562227000121478],[-81.37283199958142,28.562074999732125],[-81.37286400026679,28.562008999909924],[-81.37297399987162,28.561800999721488],[-81.37308100000175,28.561629000104812]]]},"properties":{"block_id":"120950188003004","school_id":"sch_princeton_elementary","kids_est":0,"class":"red","shortest":{"len_m":2345.4,"mean_c":37.24,"peak_c":37.6,"dose":137.9},"coolest":{"len_m":2377.4,"mean_c":37.01,"peak_c":37.6,"dose":132.2},"delta_mean_c":-0.23,"delta_dose_pct":-4,"distance_mi":0.962,"status_now":"walk","status_rec":"bus_eligible","reason":"Coolest route mean 37.0C exceeds threshold (110 C-min dose, actual 132).","safe_until_hour":"14:00"}},{"type":"Feature","geometry":{"type":"Polygon","coordinates":[[[-81.37373799995278,28.560844000097664],[-81.37373700012787,28.560790000188515],[-81.37373700012787,28.560629999622964],[-81.37373700012787,28.56057700005754],[-81.37364400024146,28.560558000117563],[-81.37336800005694,28.56050299960745],[-81.37327599999543,28.560485000108507],[-81.37313600025334,28.560612999809926],[-81.37303800034405,28.560683999614184],[-81.37293100021394,28.560746999700473],[-81.37161300011391,28.561469000025596],[-81.37154699999168,28.561501000060872],[-81.37147300037184,28.56153000033103],[-81.37138999963283,28.561556999704745],[-81.37130099994437,28.56157999966256],[-81.37114500030876,28.561606999812447],[-81.37106199956978,28.561613999762553],[-81.37102099956189,28.561613999762553],[-81.37090199973619,28.561615000206242],[-81.3707610001692,28.56160499971393],[-81.37058700009193,28.56156999995597],[-81.36996299975286,28.56139899961855],[-81.36977100013225,28.561361999688962],[-81.36964599956046,28.56134499999414],[-81.36947499985624,28.561335000265235],[-81.36847099957558,28.561328999954025],[-81.36834400025228,28.56132800029658],[-81.36834000005432,28.561681999929494],[-81.36834699972701,28.562098000365754],[-81.36835500012293,28.562596999736616],[-81.36836599999359,28.563179999657336],[-81.37170699982524,28.563192999708047],[-81.37184400009258,28.563198000273353],[-81.37190900038992,28.56287799990803],[-81.3719789998118,28.562629000217964],[-81.37207000004838,28.562382000022616],[-81.37214200001841,28.562202999867015],[-81.37217200015566,28.562157000218615],[-81.37221399998845,28.56212100020529],[-81.37302199955221,28.561654000144543],[-81.37308100000175,28.561629000104812],[-81.37319900000253,28.561460999620756],[-81.37324300038345,28.561400000064292],[-81.37342499995833,28.56116999986663],[-81.37359300018782,28.560988999906602],[-81.37367500020359,28.560902000203043],[-81.37373799995278,28.560844000097664]]]},"properties":{"block_id":"120950188003005","school_id":"sch_princeton_elementary","kids_est":0,"class":"red","shortest":{"len_m":2505.6,"mean_c":37.26,"peak_c":37.7,"dose":148.3},"coolest":{"len_m":2537.6,"mean_c":37.05,"peak_c":37.7,"dose":142.6},"delta_mean_c":-0.21,"delta_dose_pct":-4,"distance_mi":1.076,"status_now":"walk","status_rec":"bus_eligible","reason":"Coolest route mean 37.0C exceeds threshold (110 C-min dose, actual 143).","safe_until_hour":"14:00"}},{"type":"Feature","geometry":{"type":"Polygon","coordinates":[[[-81.37297800006958,28.577398000290035],[-81.37295299995523,28.576644999748197],[-81.37243999994426,28.57665200027571],[-81.37220200029287,28.576639999821925],[-81.37220399994268,28.5768230002821],[-81.37221399998845,28.577106000134126],[-81.37221300016353,28.577291000372917],[-81.37221700036149,28.577401999886707],[-81.37297800006958,28.577398000290035]]]},"properties":{"block_id":"120950188001019","school_id":"sch_princeton_elementary","kids_est":0,"class":"green","shortest":{"len_m":1706.4,"mean_c":36.69,"peak_c":37.0,"dose":87.2},"coolest":{"len_m":1706.4,"mean_c":36.69,"peak_c":37.0,"dose":87.2},"delta_mean_c":0.0,"delta_dose_pct":0,"distance_mi":0.776,"status_now":"walk","status_rec":"walk","reason":"Shortest route already under threshold (dose 87).","safe_until_hour":null}},{"type":"Feature","geometry":{"type":"Polygon","coordinates":[[[-81.37295299995523,28.576644999748197],[-81.37295200013034,28.576629999968663],[-81.37292600019106,28.575798999847073],[-81.37289900042687,28.574971999949806],[-81.37287799961217,28.574227999945183],[-81.37274100024312,28.574226000086533],[-81.37223300025502,28.574187999609272],[-81.37144400005951,28.57412400014464],[-81.3714080000745,28.57488800013645],[-81.37141499974719,28.57521099963417],[-81.37146199960286,28.576657999713184],[-81.37165699959652,28.57665900001385],[-81.37191799971244,28.576639999821925],[-81.37220200029287,28.576639999821925],[-81.37243999994426,28.57665200027571],[-81.37295299995523,28.576644999748197]]]},"properties":{"block_id":"120950188001017","school_id":"sch_princeton_elementary","kids_est":0,"class":"green","shortest":{"len_m":1529.6,"mean_c":36.69,"peak_c":37.0,"dose":78.3},"coolest":{"len_m":1529.6,"mean_c":36.69,"peak_c":37.0,"dose":78.3},"delta_mean_c":0.0,"delta_dose_pct":0,"distance_mi":0.761,"status_now":"walk","status_rec":"walk","reason":"Shortest route already under threshold (dose 78).","safe_until_hour":null}},{"type":"Feature","geometry":{"type":"Polygon","coordinates":[[[-81.37301099968155,28.578573999800554],[-81.37300700038192,28.57843300011425],[-81.37299800016109,28.578009999921232],[-81.37299499978802,28.577869000267764],[-81.37284199962716,28.57787200034627],[-81.37238399986776,28.577883000370488],[-81.3722320004301,28.57788800023769],[-81.37223400007993,28.578009999921232],[-81.37223599972974,28.578093000110066],[-81.3722469996004,28.57837599970069],[-81.37225199962327,28.578497999607105],[-81.37224499995058,28.578526999926165],[-81.372225999684,28.578551999895502],[-81.37218800004918,28.578573000306985],[-81.37235200008071,28.578573000306985],[-81.37284599982512,28.578573000306985],[-81.37301099968155,28.578573999800554]]]},"properties":{"block_id":"120950188001012","school_id":"sch_princeton_elementary","kids_est":0,"class":"green","shortest":{"len_m":1813.5,"mean_c":36.69,"peak_c":37.0,"dose":92.5},"coolest":{"len_m":1813.5,"mean_c":36.69,"peak_c":37.0,"dose":92.5},"delta_mean_c":0.0,"delta_dose_pct":0,"distance_mi":0.813,"status_now":"walk","status_rec":"walk","reason":"Shortest route already under threshold (dose 92).","safe_until_hour":null}},{"type":"Feature","geometry":{"type":"Polygon","coordinates":[[[-81.37455200026265,28.583424000351737],[-81.37455700028553,28.58339300012097],[-81.37454600041487,28.583244000258304],[-81.3745420002169,28.58318599984702],[-81.3745260003234,28.582570999624878],[-81.37452399977525,28.582473000079474],[-81.37453600036913,28.582346999853613],[-81.37453700019402,28.582326999653606],[-81.37454700023979,28.582269999772713],[-81.37455100043775,28.582250999805527],[-81.37446100002606,28.582250999805527],[-81.37419200041255,28.582253000300454],[-81.37410299982577,28.58225399975905],[-81.37396999975638,28.5822550000065],[-81.37397099958129,28.582330999851692],[-81.37397399995434,28.5825150001212],[-81.37397599960417,28.582641000145824],[-81.37375200019649,28.582644000088226],[-81.37375300002141,28.582715000014797],[-81.37375600039445,28.58290400003006],[-81.37375700021936,28.582957999633962],[-81.373844000258,28.582957000182045],[-81.37384599990781,28.5831059996625],[-81.37384699973273,28.583154000096073],[-81.37384799955765,28.58319800034279],[-81.37385199975562,28.583410999645334],[-81.37385199975562,28.58343000019178],[-81.3738529995805,28.583497000222895],[-81.37396800010656,28.583497000222895],[-81.37405199977215,28.583497000222895],[-81.37430600021537,28.583497000222895],[-81.37439099970585,28.583497000222895],[-81.37442000001818,28.583497000222895],[-81.37448100011754,28.58349000015105],[-81.37449600018616,28.58348199984291],[-81.37452799997321,28.58346199985875],[-81.37455200026265,28.583424000351737]]]},"properties":{"block_id":"120950190001054","school_id":"sch_princeton_elementary","kids_est":0,"class":"yellow","shortest":{"len_m":2168.2,"mean_c":36.7,"peak_c":37.0,"dose":111.8},"coolest":{"len_m":2169.5,"mean_c":36.65,"peak_c":37.0,"dose":109.9},"delta_mean_c":-0.05,"delta_dose_pct":-2,"distance_mi":0.95,"status_now":"walk","status_rec":"reroute","reason":"Shortest route exceeds threshold, but coolest route mean 36.6C stays under it (dose 110).","safe_until_hour":null}},{"type":"Feature","geometry":{"type":"Polygon","coordinates":[[[-81.37206300037572,28.567194000079617],[-81.3719860003828,28.567168999777927],[-81.37189900034417,28.567122000330826],[-81.37180200025979,28.56704999974387],[-81.37133500027957,28.566667000384687],[-81.37126199958631,28.566623999930815],[-81.37118200011868,28.566595999882743],[-81.37083899998701,28.566519000106517],[-81.37075699997123,28.566505999677663],[-81.37071599996337,28.566505000069373],[-81.37066099971179,28.566511000085555],[-81.37057100019841,28.566535999754535],[-81.37014500022606,28.56665799997923],[-81.37009599982225,28.566673000391557],[-81.37000600030888,28.566708000030445],[-81.36991000004942,28.566766999665884],[-81.36987400006441,28.566790999668598],[-81.3694869995518,28.56705500012591],[-81.36935900040359,28.56714400025931],[-81.36930199960386,28.56718899970418],[-81.36905499973167,28.567439999638506],[-81.36894699977664,28.567584999827496],[-81.3688329999738,28.567766999874436],[-81.36879899963863,28.567801999938364],[-81.36875400033111,28.56782700008968],[-81.36870300027748,28.567838000375247],[-81.36865100039894,28.56783599960618],[-81.36860100017023,28.567819000168154],[-81.36842999956768,28.567698000097398],[-81.36836299962054,28.567629000275172],[-81.36833800040449,28.567615999983413],[-81.36827800013005,28.567602000092275],[-81.36806800006775,28.567531000221138],[-81.36798199985404,28.567515999931125],[-81.36792699960245,28.567515000332495],[-81.36785800000547,28.567523999875675],[-81.36761600015613,28.567584999827496],[-81.36750900002602,28.56760499967463],[-81.36740400044403,28.56761299961241],[-81.36726700017667,28.56761200001471],[-81.36706499961201,28.567608999643603],[-81.36646000043783,28.567602000092275],[-81.36636599982818,28.5676009997055],[-81.36631700032268,28.567606999659127],[-81.36629300003324,28.5676179999677],[-81.36626799991889,28.56763599982471],[-81.36625100020045,28.567604000076837],[-81.36623899960655,28.56755900002049],[-81.36623799978166,28.566814000060496],[-81.36621500021543,28.564060999766717],[-81.36565500034878,28.56405699966289],[-81.36563000023443,28.56405699966289],[-81.365537000348,28.56405499961091],[-81.36518800036855,28.564051999927326],[-81.36507000036778,28.564045000139416],[-81.36445299970141,28.564038999982706],[-81.36445299970141,28.56480499986739],[-81.36445299970141,28.56495799988193],[-81.36445299970141,28.56541999981339],[-81.36445299970141,28.56557400012881],[-81.36445299970141,28.566772000061373],[-81.36445500024955,28.570000999616724],[-81.36445500024955,28.57013700011344],[-81.36455900000661,28.570209999739124],[-81.36469500044905,28.5702579997463],[-81.36503400038276,28.570266000271324],[-81.36562699986138,28.570248999648012],[-81.36608200014604,28.570349999830476],[-81.36659199978398,28.57062399967303],[-81.36757699979808,28.57118799970597],[-81.36838500026016,28.571536999927027],[-81.36893699973088,28.571685000247598],[-81.36916500023483,28.571715999984523],[-81.36941700012991,28.570450999915924],[-81.36942999965038,28.570414000013002],[-81.36945399993984,28.57038200032107],[-81.36956500026791,28.570482000016426],[-81.36965999980416,28.570546000118735],[-81.36979100022373,28.57061499960605],[-81.36988300028524,28.570652999796053],[-81.37004899996658,28.570696999749714],[-81.37019499955646,28.570718999719688],[-81.3703100000825,28.570723999927385],[-81.3703450002426,28.57072200000213],[-81.37048099978674,28.5707120003752],[-81.37060399981037,28.57068999961487],[-81.37078899975829,28.57063200017023],[-81.37093400042157,28.570599999755668],[-81.37112100001931,28.570584000333664],[-81.37116000037737,28.570423999668257],[-81.37120399986,28.570342000100716],[-81.37128500005085,28.57022700036875],[-81.37133500027957,28.57016399964588],[-81.37139200018096,28.57006100013599],[-81.37143300018886,28.569925000329977],[-81.3718730004049,28.5677849997059],[-81.37193500032919,28.567570999932183],[-81.37206300037572,28.567194000079617]]]},"properties":{"block_id":"120950188002002","school_id":"sch_princeton_elementary","kids_est":1,"class":"red","shortest":{"len_m":2676.3,"mean_c":36.77,"peak_c":37.2,"dose":140.0},"coolest":{"len_m":2676.3,"mean_c":36.77,"peak_c":37.2,"dose":140.0},"delta_mean_c":0.0,"delta_dose_pct":0,"distance_mi":1.196,"status_now":"walk","status_rec":"bus_eligible","reason":"Coolest route mean 36.8C exceeds threshold (110 C-min dose, actual 140).","safe_until_hour":"14:00"}},{"type":"Feature","geometry":{"type":"Polygon","coordinates":[[[-81.38064200027226,28.57044399976473],[-81.3806389998992,28.5702579997463],[-81.38062999967836,28.569702000029803],[-81.38062800002855,28.56951699985722],[-81.38032400025493,28.5695209997535],[-81.37969900009095,28.569531000282517],[-81.37941299986069,28.569533000230415],[-81.37910999991199,28.56953599975772],[-81.37912199960756,28.57046100035655],[-81.38064200027226,28.57044399976473]]]},"properties":{"block_id":"120950127013027","school_id":"sch_princeton_elementary","kids_est":6,"class":"green","shortest":{"len_m":783.5,"mean_c":37.25,"peak_c":37.4,"dose":46.4},"coolest":{"len_m":785.4,"mean_c":37.08,"peak_c":37.3,"dose":44.5},"delta_mean_c":-0.17,"delta_dose_pct":-4,"distance_mi":0.302,"status_now":"walk","status_rec":"walk","reason":"Shortest route already under threshold (dose 46).","safe_until_hour":null}},{"type":"Feature","geometry":{"type":"Polygon","coordinates":[[[-81.37221700036149,28.577401999886707],[-81.37221300016353,28.577291000372917],[-81.37221399998845,28.577106000134126],[-81.37220399994268,28.5768230002821],[-81.37220200029287,28.576639999821925],[-81.37191799971244,28.576639999821925],[-81.37165699959652,28.57665900001385],[-81.37146199960286,28.576657999713184],[-81.37148300041757,28.57740399968498],[-81.37162900000742,28.577403000180286],[-81.37207000004838,28.577401999886707],[-81.37221700036149,28.577401999886707]]]},"properties":{"block_id":"120950188001014","school_id":"sch_princeton_elementary","kids_est":0,"class":"green","shortest":{"len_m":1715.7,"mean_c":36.69,"peak_c":37.0,"dose":87.7},"coolest":{"len_m":1715.7,"mean_c":36.69,"peak_c":37.0,"dose":87.7},"delta_mean_c":0.0,"delta_dose_pct":0,"distance_mi":0.817,"status_now":"walk","status_rec":"walk","reason":"Shortest route already under threshold (dose 88).","safe_until_hour":null}},{"type":"Feature","geometry":{"type":"Polygon","coordinates":[[[-81.37724600018902,28.58321800037709],[-81.37724500036411,28.583126999953464],[-81.3772379997931,28.582801999826103],[-81.37709300002814,28.582807999701636],[-81.37672599960702,28.582814000365683],[-81.37673400000294,28.583227000154665],[-81.37711599959437,28.58322299999066],[-81.37716900019613,28.583221999752432],[-81.37724600018902,28.58321800037709]]]},"properties":{"block_id":"120950153002035","school_id":"sch_princeton_elementary","kids_est":0,"class":"green","shortest":{"len_m":1925.7,"mean_c":36.73,"peak_c":37.0,"dose":99.6},"coolest":{"len_m":1928.6,"mean_c":36.66,"peak_c":37.0,"dose":97.9},"delta_mean_c":-0.07,"delta_dose_pct":-2,"distance_mi":0.86,"status_now":"walk","status_rec":"walk","reason":"Shortest route already under threshold (dose 100).","safe_until_hour":null}},{"type":"Feature","geometry":{"type":"Polygon","coordinates":[[[-81.37918600007998,28.579434999641624],[-81.37918299970691,28.57925199978148],[-81.37917400038441,28.578702999868312],[-81.37917199983626,28.5785209998064],[-81.37901600020066,28.578522000089347],[-81.3785469996723,28.57852800020906],[-81.37839199986159,28.578531000268764],[-81.3781459998143,28.578533000045574],[-81.37741100004546,28.578539000164604],[-81.37716599982308,28.578542000224015],[-81.37716499999817,28.57862999982496],[-81.37716499999817,28.578724999741777],[-81.37717099984594,28.579277000367423],[-81.3771730003941,28.57946099966922],[-81.37757500007699,28.579455000391615],[-81.37878299967385,28.579440000223915],[-81.37918600007998,28.579434999641624]]]},"properties":{"block_id":"120950127011018","school_id":"sch_princeton_elementary","kids_est":0,"class":"green","shortest":{"len_m":1320.7,"mean_c":36.77,"peak_c":37.0,"dose":69.4},"coolest":{"len_m":1324.3,"mean_c":36.7,"peak_c":37.0,"dose":68.1},"delta_mean_c":-0.07,"delta_dose_pct":-2,"distance_mi":0.59,"status_now":"walk","status_rec":"walk","reason":"Shortest route already under threshold (dose 69).","safe_until_hour":null}},{"type":"Feature","geometry":{"type":"Polygon","coordinates":[[[-81.37917199983626,28.5785209998064],[-81.37916900036154,28.578330000022532],[-81.37916299961545,28.577757000167743],[-81.3791609999656,28.577567000077455],[-81.37900500033001,28.57756800036947],[-81.37853999999959,28.577573000251633],[-81.37838500018889,28.5775760003386],[-81.3783860000138,28.577766999913873],[-81.37839000021177,28.578339999714185],[-81.37839199986159,28.578531000268764],[-81.3785469996723,28.57852800020906],[-81.37901600020066,28.578522000089347],[-81.37917199983626,28.5785209998064]]]},"properties":{"block_id":"120950127011026","school_id":"sch_princeton_elementary","kids_est":1,"class":"green","shortest":{"len_m":1352.7,"mean_c":36.69,"peak_c":37.0,"dose":69.4},"coolest":{"len_m":1352.7,"mean_c":36.69,"peak_c":37.0,"dose":69.4},"delta_mean_c":0.0,"delta_dose_pct":0,"distance_mi":0.516,"status_now":"walk","status_rec":"walk","reason":"Shortest route already under threshold (dose 69).","safe_until_hour":null}},{"type":"Feature","geometry":{"type":"Polygon","coordinates":[[[-81.37717800041696,28.57852500014924],[-81.37717599986883,28.578464999723955],[-81.3771750000439,28.57835300025856],[-81.3771750000439,28.57826400014054],[-81.37716499999817,28.577776999659047],[-81.37716199962512,28.57758600010194],[-81.37689899985939,28.577584999810092],[-81.37611200021202,28.577584999810092],[-81.3758500002712,28.577584999810092],[-81.37584600007324,28.577600000242338],[-81.3758500002712,28.577777999949067],[-81.3758650003398,28.578361999663574],[-81.37587000036268,28.578556999730896],[-81.37612899993046,28.578553000178157],[-81.37682199986648,28.57854400000061],[-81.37690600043038,28.57854299971794],[-81.37716599982308,28.578542000224015],[-81.37717800041696,28.57852500014924]]]},"properties":{"block_id":"120950127011002","school_id":"sch_princeton_elementary","kids_est":2,"class":"green","shortest":{"len_m":1527.2,"mean_c":36.68,"peak_c":37.0,"dose":78.0},"coolest":{"len_m":1527.4,"mean_c":36.68,"peak_c":37.0,"dose":77.9},"delta_mean_c":0.0,"delta_dose_pct":0,"distance_mi":0.614,"status_now":"walk","status_rec":"walk","reason":"Shortest route already under threshold (dose 78).","safe_until_hour":null}},{"type":"Feature","geometry":{"type":"Polygon","coordinates":[[[-81.38026300015557,28.57311400020811],[-81.38025599958458,28.572427999750452],[-81.38024499971392,28.57196000011462],[-81.38023600039139,28.571301999613866],[-81.3792089996462,28.57131099962208],[-81.37923899978341,28.573131000368505],[-81.38026300015557,28.57311400020811]]]},"properties":{"block_id":"120950127013012","school_id":"sch_princeton_elementary","kids_est":7,"class":"green","shortest":{"len_m":789.5,"mean_c":36.8,"peak_c":37.0,"dose":41.5},"coolest":{"len_m":789.5,"mean_c":36.8,"peak_c":37.0,"dose":41.5},"delta_mean_c":0.0,"delta_dose_pct":0,"distance_mi":0.268,"status_now":"walk","status_rec":"walk","reason":"Shortest route already under threshold (dose 42).","safe_until_hour":null}},{"type":"Feature","geometry":{"type":"Polygon","coordinates":[[[-81.3758369998524,28.568291999611674],[-81.37585299974593,28.567674999898728],[-81.3757520003619,28.56767699988189],[-81.37562199976723,28.56767899986504],[-81.37561500009456,28.56900199971071],[-81.37562900033825,28.56933699963298],[-81.37563600001096,28.571216999673464],[-81.37563699983586,28.571360000266974],[-81.37583400037767,28.571362999742245],[-81.37583400037767,28.571218000025876],[-81.37584500024832,28.569362999789565],[-81.3758369998524,28.568291999611674]]]},"properties":{"block_id":"120950127013001","school_id":"sch_princeton_elementary","kids_est":0,"class":"green","shortest":{"len_m":1319.9,"mean_c":36.96,"peak_c":37.2,"dose":72.4},"coolest":{"len_m":1319.9,"mean_c":36.96,"peak_c":37.2,"dose":72.4},"delta_mean_c":0.0,"delta_dose_pct":0,"distance_mi":0.545,"status_now":"walk","status_rec":"walk","reason":"Shortest route already under threshold (dose 72).","safe_until_hour":null}},{"type":"Feature","geometry":{"type":"Polygon","coordinates":[[[-81.3743020000174,28.576105000026025],[-81.3743020000174,28.575867999833683],[-81.37429600016962,28.57579599970943],[-81.37292600019106,28.575798999847073],[-81.37295200013034,28.576629999968663],[-81.37428899959862,28.57662699985471],[-81.3743020000174,28.576105000026025]]]},"properties":{"block_id":"120950188001025","school_id":"sch_princeton_elementary","kids_est":1,"class":"green","shortest":{"len_m":1615.5,"mean_c":36.68,"peak_c":37.0,"dose":82.5},"coolest":{"len_m":1615.5,"mean_c":36.68,"peak_c":37.0,"dose":82.5},"delta_mean_c":0.0,"delta_dose_pct":0,"distance_mi":0.696,"status_now":"walk","status_rec":"walk","reason":"Shortest route already under threshold (dose 82).","safe_until_hour":null}},{"type":"Feature","geometry":{"type":"Polygon","coordinates":[[[-81.39354799983947,28.57018399979177],[-81.39353500031899,28.569460000135102],[-81.38941699998739,28.569511000012497],[-81.38942600020822,28.570233999745454],[-81.39354799983947,28.57018399979177]]]},"properties":{"block_id":"120950126002006","school_id":"sch_princeton_elementary","kids_est":3,"class":"green","shortest":{"len_m":900.0,"mean_c":37.27,"peak_c":37.4,"dose":53.2},"coolest":{"len_m":900.0,"mean_c":37.27,"peak_c":37.4,"dose":53.2},"delta_mean_c":0.0,"delta_dose_pct":0,"distance_mi":0.474,"status_now":"walk","status_rec":"walk","reason":"Shortest route already under threshold (dose 53).","safe_until_hour":null}},{"type":"Feature","geometry":{"type":"Polygon","coordinates":[[[-81.38940600011674,28.56879599989307],[-81.38939400042116,28.56798499999313],[-81.38939400042116,28.567969999767836],[-81.3893750001546,28.56797599970041],[-81.3891779996128,28.56797599970041],[-81.38878099995276,28.567979999655286],[-81.38694300016905,28.568002999787357],[-81.38671300001528,28.56800600014723],[-81.38662699980155,28.567996999856263],[-81.38654300013597,28.567979000061055],[-81.38646299977003,28.567951000373466],[-81.38638699960204,28.56791400038047],[-81.38635200034025,28.567891999824003],[-81.38623199979133,28.567971000151097],[-81.38613300005714,28.568025999914337],[-81.38599099976693,28.56808500038869],[-81.38587899961392,28.568120000346898],[-81.38583199975827,28.568130999812887],[-81.38576499981112,28.568147999989463],[-81.38569100019127,28.568159999834055],[-81.38570200006194,28.568839999834378],[-81.3858049999941,28.56884100020937],[-81.38683500021403,28.568822999769605],[-81.38940600011674,28.56879599989307]]]},"properties":{"block_id":"120950127012031","school_id":"sch_princeton_elementary","kids_est":1,"class":"green","shortest":{"len_m":707.2,"mean_c":37.36,"peak_c":37.7,"dose":42.9},"coolest":{"len_m":707.2,"mean_c":37.36,"peak_c":37.7,"dose":42.9},"delta_mean_c":0.0,"delta_dose_pct":0,"distance_mi":0.334,"status_now":"walk","status_rec":"walk","reason":"Shortest route already under threshold (dose 43).","safe_until_hour":null}},{"type":"Feature","geometry":{"type":"Polygon","coordinates":[[[-81.39350799965649,28.567445000002024],[-81.39350600000667,28.56726300018706],[-81.3935009999838,28.566718000037877],[-81.39350000015888,28.56653700015143],[-81.39308599988209,28.566541999768894],[-81.39184800014803,28.566557999805536],[-81.39143499969614,28.566563999818623],[-81.3914380000692,28.56674499965858],[-81.39144999976476,28.56728900006721],[-81.39145499978764,28.567470999837134],[-81.39186499986646,28.56746499987576],[-81.39309699975276,28.567448999977067],[-81.39350799965649,28.567445000002024]]]},"properties":{"block_id":"120950126002018","school_id":"sch_princeton_elementary","kids_est":5,"class":"green","shortest":{"len_m":1329.9,"mean_c":37.4,"peak_c":37.7,"dose":81.6},"coolest":{"len_m":1344.8,"mean_c":37.32,"peak_c":37.5,"dose":80.5},"delta_mean_c":-0.08,"delta_dose_pct":-1,"distance_mi":0.62,"status_now":"walk","status_rec":"walk","reason":"Shortest route already under threshold (dose 82).","safe_until_hour":null}},{"type":"Feature","geometry":{"type":"Polygon","coordinates":[[[-81.37745299987827,28.56765500006484],[-81.37744500038065,28.567215000391496],[-81.3774429998325,28.567097000012087],[-81.37742600011407,28.565425999891374],[-81.37742199991611,28.56501899974319],[-81.3774069998475,28.564966000020938],[-81.37738000008332,28.564917000343353],[-81.37735499996896,28.564888000217454],[-81.37716400017325,28.565049999866083],[-81.37688700016382,28.56528600034947],[-81.37683100008732,28.565340999938137],[-81.37677900020878,28.56540000033992],[-81.37673300017804,28.565462000352113],[-81.37669200017015,28.56552699996934],[-81.37665799983496,28.565594000358182],[-81.37663000024588,28.565664999958244],[-81.37660900032948,28.565736999914932],[-81.37659099988781,28.565833999658086],[-81.37658400021512,28.56595799992354],[-81.37659099988781,28.566199999982498],[-81.37659199971272,28.56623299976812],[-81.37660000010864,28.56730100000969],[-81.37660299958337,28.567668000351738],[-81.37668600032237,28.567666000368394],[-81.37693499984438,28.567664000385015],[-81.37701900040828,28.567662999998827],[-81.3771049997237,28.567661000015384],[-81.37736599983961,28.567655999662133],[-81.37745299987827,28.56765500006484]]]},"properties":{"block_id":"120950127013034","school_id":"sch_princeton_elementary","kids_est":2,"class":"green","shortest":{"len_m":1542.9,"mean_c":37.17,"peak_c":37.5,"dose":89.3},"coolest":{"len_m":1543.1,"mean_c":37.14,"peak_c":37.5,"dose":88.6},"delta_mean_c":-0.03,"delta_dose_pct":-1,"distance_mi":0.588,"status_now":"walk","status_rec":"walk","reason":"Shortest route already under threshold (dose 89).","safe_until_hour":null}},{"type":"Feature","geometry":{"type":"Polygon","coordinates":[[[-81.37346299959317,28.5616970002621],[-81.3735210002178,28.561645000099382],[-81.37343599982898,28.561611000009403],[-81.37341900011054,28.56160499971393],[-81.3733379999197,28.561592999910964],[-81.3732469996831,28.561595999664583],[-81.3731680000404,28.561606999812447],[-81.37314299992605,28.561611000009403],[-81.37308100000175,28.561629000104812],[-81.37297399987162,28.561800999721488],[-81.37286400026679,28.562008999909924],[-81.37283199958142,28.562074999732125],[-81.37275999961139,28.562227000121478],[-81.3726759999458,28.562433999821238],[-81.37260300015086,28.56265300037534],[-81.37253100018086,28.562913999662364],[-81.37248900034807,28.563128999867573],[-81.37245699966269,28.563349000191764],[-81.37244099976915,28.563549999867114],[-81.3724359997463,28.563627999873297],[-81.37243400009646,28.56397099976059],[-81.37243800029442,28.564062000187143],[-81.37248099995213,28.56406299981857],[-81.37253700002863,28.564062000187143],[-81.37270799973285,28.564060000135264],[-81.37283499995446,28.56405800008335],[-81.37293500041189,28.56405800008335],[-81.37290500027466,28.56354599974387],[-81.3729010000767,28.56346299991342],[-81.37290600009958,28.56326400013896],[-81.37293000038902,28.563058000134635],[-81.37295600032829,28.562921000314496],[-81.37298999976517,28.562780999807266],[-81.37321499989605,28.56206900025211],[-81.37322099974385,28.562053999972502],[-81.37324400020839,28.56200199998614],[-81.37332200002619,28.56187099986111],[-81.37336499968389,28.56180900010049],[-81.37341699956242,28.56174500020739],[-81.37346299959317,28.5616970002621]]]},"properties":{"block_id":"120950188001039","school_id":"sch_princeton_elementary","kids_est":0,"class":"red","shortest":{"len_m":2192.4,"mean_c":37.22,"peak_c":37.5,"dose":128.4},"coolest":{"len_m":2224.4,"mean_c":36.98,"peak_c":37.5,"dose":122.7},"delta_mean_c":-0.24,"delta_dose_pct":-4,"distance_mi":0.941,"status_now":"walk","status_rec":"bus_eligible","reason":"Coolest route mean 37.0C exceeds threshold (110 C-min dose, actual 123).","safe_until_hour":"14:00"}},{"type":"Feature","geometry":{"type":"Polygon","coordinates":[[[-81.39345300030324,28.562910000303955],[-81.39345099975509,28.56255600006722],[-81.39343999988444,28.56204499996154],[-81.39228400016613,28.56202900002777],[-81.39139100021353,28.56203599994976],[-81.39139299986336,28.562224000385857],[-81.3914020000842,28.562789999755346],[-81.39140399973401,28.56287100004199],[-81.39141100030503,28.5629790000643],[-81.39181999966061,28.562972999846817],[-81.39226099970158,28.562966999628987],[-81.39243700032699,28.562946999689377],[-81.39250699974887,28.562928999819352],[-81.392577999894,28.56291900024094],[-81.39304300022441,28.562913999662364],[-81.39345300030324,28.562910000303955]]]},"properties":{"block_id":"120950126003028","school_id":"sch_princeton_elementary","kids_est":4,"class":"red","shortest":{"len_m":1934.6,"mean_c":37.45,"peak_c":37.7,"dose":119.8},"coolest":{"len_m":1968.1,"mean_c":37.31,"peak_c":37.4,"dose":117.7},"delta_mean_c":-0.14,"delta_dose_pct":-2,"distance_mi":0.836,"status_now":"walk","status_rec":"bus_eligible","reason":"Coolest route mean 37.3C exceeds threshold (110 C-min dose, actual 118).","safe_until_hour":"14:00"}},{"type":"Feature","geometry":{"type":"Polygon","coordinates":[[[-81.39258999958956,28.573832999906053],[-81.39258799993974,28.573707999914248],[-81.39258200009195,28.573121000181676],[-81.39258000044214,28.57292600029305],[-81.39237000037984,28.57292800017641],[-81.39174100001792,28.572937000045545],[-81.39153199978053,28.572940000264722],[-81.39153500015358,28.573140000220313],[-81.3915440003744,28.573743000368697],[-81.39154699984915,28.57394500023954],[-81.39175100006365,28.573942000049012],[-81.39236299980882,28.57393500013009],[-81.39248300035774,28.57393399980352],[-81.39252199981749,28.573921000290817],[-81.3925579998025,28.573896000009697],[-81.39257899971889,28.573868000318914],[-81.39258999958956,28.573832999906053]]]},"properties":{"block_id":"120950126001011","school_id":"sch_princeton_elementary","kids_est":0,"class":"green","shortest":{"len_m":861.2,"mean_c":37.19,"peak_c":37.4,"dose":50.1},"coolest":{"len_m":861.2,"mean_c":37.19,"peak_c":37.4,"dose":50.1},"delta_mean_c":0.0,"delta_dose_pct":0,"distance_mi":0.487,"status_now":"walk","status_rec":"walk","reason":"Shortest route already under threshold (dose 50).","safe_until_hour":null}},{"type":"Feature","geometry":{"type":"Polygon","coordinates":[[[-81.38947700026185,28.573556000329994],[-81.38947499971373,28.5734369996303],[-81.38946899986593,28.573081999759513],[-81.38946800004102,28.572963999648376],[-81.38946499966796,28.572739000379993],[-81.38797199966575,28.572752000038747],[-81.3868400002369,28.57276200026065],[-81.38685199993246,28.57358499964479],[-81.38796699964288,28.573575999831082],[-81.38947700026185,28.573556000329994]]]},"properties":{"block_id":"120950127012014","school_id":"sch_princeton_elementary","kids_est":2,"class":"green","shortest":{"len_m":504.8,"mean_c":37.06,"peak_c":37.2,"dose":28.4},"coolest":{"len_m":504.8,"mean_c":37.06,"peak_c":37.2,"dose":28.4},"delta_mean_c":0.0,"delta_dose_pct":0,"distance_mi":0.251,"status_now":"walk","status_rec":"walk","reason":"Shortest route already under threshold (dose 28).","safe_until_hour":null}},{"type":"Feature","geometry":{"type":"Polygon","coordinates":[[[-81.38744500030938,28.571878000166354],[-81.38748999961692,28.57185199984232],[-81.38739300043085,28.571801000310703],[-81.38735099969973,28.571773999620543],[-81.3872629998362,28.571705999663198],[-81.38689399976526,28.57139600027545],[-81.38671399984021,28.571335000166204],[-81.3864179995642,28.57126300009522],[-81.3860800003537,28.571212999841663],[-81.38573999969677,28.571239000323608],[-81.3848690003838,28.57125200016771],[-81.38487600005651,28.573048000209084],[-81.38484699974417,28.573458999816207],[-81.3854829997788,28.573482999870333],[-81.38605500023935,28.573527000218295],[-81.38638800032527,28.57355800020138],[-81.38674800017537,28.573584000103814],[-81.38685199993246,28.57358499964479],[-81.3868400002369,28.57276200026065],[-81.38683699986385,28.57259600008295],[-81.38682900036623,28.572100999799197],[-81.38682699981811,28.571935999713062],[-81.3872910003236,28.571924999855902],[-81.38737099979123,28.57190800028951],[-81.38744500030938,28.571878000166354]]]},"properties":{"block_id":"120950127012015","school_id":"sch_princeton_elementary","kids_est":4,"class":"green","shortest":{"len_m":446.4,"mean_c":37.12,"peak_c":37.2,"dose":25.5},"coolest":{"len_m":446.4,"mean_c":37.12,"peak_c":37.2,"dose":25.5},"delta_mean_c":0.0,"delta_dose_pct":0,"distance_mi":0.107,"status_now":"walk","status_rec":"walk","reason":"Shortest route already under threshold (dose 26).","safe_until_hour":null}},{"type":"Feature","geometry":{"type":"Polygon","coordinates":[[[-81.38945499962222,28.572059000332562],[-81.38945399979733,28.571999000163768],[-81.38944100027683,28.571143999957595],[-81.38942299983516,28.571151000062223],[-81.38822899958372,28.57116099964737],[-81.38730100036933,28.571174000290032],[-81.38706700001761,28.571174000290032],[-81.38689100029052,28.571176999770557],[-81.38658900016672,28.571120000158828],[-81.38594499973618,28.571143000393427],[-81.38573600039712,28.571143000393427],[-81.38573700022202,28.571194000244002],[-81.38573999969677,28.571239000323608],[-81.3860800003537,28.571212999841663],[-81.3864179995642,28.57126300009522],[-81.38671399984021,28.571335000166204],[-81.38689399976526,28.57139600027545],[-81.3872629998362,28.571705999663198],[-81.38735099969973,28.571773999620543],[-81.38739300043085,28.571801000310703],[-81.38748999961692,28.57185199984232],[-81.38760299959482,28.571892999834542],[-81.38771700029596,28.571915999900202],[-81.38780400033458,28.571924000299102],[-81.38805299985661,28.57192199960778],[-81.38878599997564,28.571917000245907],[-81.38896599990069,28.571921000051006],[-81.38906899983284,28.571930000006287],[-81.38923799988726,28.571953000063804],[-81.3893059996593,28.57196700016495],[-81.38936000008597,28.572008999668366],[-81.38945499962222,28.572059000332562]]]},"properties":{"block_id":"120950127012018","school_id":"sch_princeton_elementary","kids_est":6,"class":"green","shortest":{"len_m":520.2,"mean_c":37.19,"peak_c":37.3,"dose":30.1},"coolest":{"len_m":520.2,"mean_c":37.19,"peak_c":37.3,"dose":30.1},"delta_mean_c":0.0,"delta_dose_pct":0,"distance_mi":0.248,"status_now":"walk","status_rec":"walk","reason":"Shortest route already under threshold (dose 30).","safe_until_hour":null}},{"type":"Feature","geometry":{"type":"Polygon","coordinates":[[[-81.38944100027683,28.571143999957595],[-81.38942700003312,28.57033600030304],[-81.38645400044753,28.570373000233392],[-81.38572499962815,28.57037599973674],[-81.38573600039712,28.571143000393427],[-81.38594499973618,28.571143000393427],[-81.38658900016672,28.571120000158828],[-81.38689100029052,28.571176999770557],[-81.38706700001761,28.571174000290032],[-81.38730100036933,28.571174000290032],[-81.38822899958372,28.57116099964737],[-81.38942299983516,28.571151000062223],[-81.38944100027683,28.571143999957595]]]},"properties":{"block_id":"120950127012023","school_id":"sch_princeton_elementary","kids_est":5,"class":"green","shortest":{"len_m":609.8,"mean_c":37.21,"peak_c":37.3,"dose":35.6},"coolest":{"len_m":609.8,"mean_c":37.21,"peak_c":37.3,"dose":35.6},"delta_mean_c":0.0,"delta_dose_pct":0,"distance_mi":0.233,"status_now":"walk","status_rec":"walk","reason":"Shortest route already under threshold (dose 36).","safe_until_hour":null}},{"type":"Feature","geometry":{"type":"Polygon","coordinates":[[[-81.38476999975128,28.571151000062223],[-81.38478300017007,28.569475999728006],[-81.38377200021671,28.569490999738623],[-81.38380200035395,28.571169999667656],[-81.38469299975839,28.57115899973041],[-81.38476999975128,28.571151000062223]]]},"properties":{"block_id":"120950127012028","school_id":"sch_princeton_elementary","kids_est":10,"class":"green","shortest":{"len_m":463.6,"mean_c":37.18,"peak_c":37.4,"dose":26.8},"coolest":{"len_m":463.6,"mean_c":37.18,"peak_c":37.4,"dose":26.8},"delta_mean_c":0.0,"delta_dose_pct":0,"distance_mi":0.131,"status_now":"walk","status_rec":"walk","reason":"Shortest route already under threshold (dose 27).","safe_until_hour":null}},{"type":"Feature","geometry":{"type":"Polygon","coordinates":[[[-81.38573600039712,28.571143000393427],[-81.38572499962815,28.57037599973674],[-81.38571299993258,28.569578000231534],[-81.38571200010767,28.56955499965477],[-81.38564199978745,28.56954899981222],[-81.3855959997567,28.569539000073867],[-81.38544199977093,28.569490999738623],[-81.38534800005961,28.569471000249965],[-81.38525099997521,28.569462000084336],[-81.38478300017007,28.569475999728006],[-81.38476999975128,28.571151000062223],[-81.38486199981278,28.571143000393427],[-81.38573600039712,28.571143000393427]]]},"properties":{"block_id":"120950127012022","school_id":"sch_princeton_elementary","kids_est":3,"class":"green","shortest":{"len_m":375.0,"mean_c":37.17,"peak_c":37.4,"dose":21.6},"coolest":{"len_m":375.0,"mean_c":37.17,"peak_c":37.4,"dose":21.6},"delta_mean_c":0.0,"delta_dose_pct":0,"distance_mi":0.147,"status_now":"walk","status_rec":"walk","reason":"Shortest route already under threshold (dose 22).","safe_until_hour":null}},{"type":"Feature","geometry":{"type":"Polygon","coordinates":[[[-81.38941699998739,28.569511000012497],[-81.38940600011674,28.56879599989307],[-81.38683500021403,28.568822999769605],[-81.3858049999941,28.56884100020937],[-81.38570200006194,28.568839999834378],[-81.38571200010767,28.56955499965477],[-81.38941699998739,28.569511000012497]]]},"properties":{"block_id":"120950127012025","school_id":"sch_princeton_elementary","kids_est":11,"class":"green","shortest":{"len_m":687.4,"mean_c":37.27,"peak_c":37.4,"dose":40.7},"coolest":{"len_m":687.4,"mean_c":37.27,"peak_c":37.4,"dose":40.7},"delta_mean_c":0.0,"delta_dose_pct":0,"distance_mi":0.294,"status_now":"walk","status_rec":"walk","reason":"Shortest route already under threshold (dose 41).","safe_until_hour":null}},{"type":"Feature","geometry":{"type":"Polygon","coordinates":[[[-81.38187199961041,28.58214899975707],[-81.38186099973977,28.58140800000813],[-81.3818280001278,28.579185000201377],[-81.38181700025714,28.57844500036346],[-81.38168699966249,28.57844700014191],[-81.3816239999133,28.578450999698685],[-81.38109599983369,28.5784899997081],[-81.38104899997805,28.578490999991327],[-81.38085700035741,28.578497999607105],[-81.38085900000722,28.578680999990247],[-81.38086599967994,28.579231000294435],[-81.38086900005298,28.579414999676708],[-81.3808709997028,28.57959699976941],[-81.38087800027381,28.580145999749302],[-81.38088099974854,28.580328999631696],[-81.38088300029669,28.580510999720456],[-81.38088900014446,28.581057999933655],[-81.38089099979429,28.5812409998069],[-81.38089300034243,28.581424999616974],[-81.38090099984004,28.581977999732285],[-81.38090400021308,28.58216300007896],[-81.38109699965861,28.582160000122816],[-81.38167800033997,28.582151000253933],[-81.38187199961041,28.58214899975707]]]},"properties":{"block_id":"120950127011007","school_id":"sch_princeton_elementary","kids_est":5,"class":"green","shortest":{"len_m":1248.0,"mean_c":36.78,"peak_c":37.0,"dose":65.7},"coolest":{"len_m":1248.2,"mean_c":36.78,"peak_c":37.0,"dose":65.2},"delta_mean_c":0.0,"delta_dose_pct":-1,"distance_mi":0.581,"status_now":"walk","status_rec":"walk","reason":"Shortest route already under threshold (dose 66).","safe_until_hour":null}},{"type":"Feature","geometry":{"type":"Polygon","coordinates":[[[-81.38326199968047,28.57668199982638],[-81.3832499999849,28.575782000117822],[-81.38273199995103,28.575785000255873],[-81.38128499997958,28.575805000122113],[-81.38129900022328,28.576576000271263],[-81.38129300037549,28.576665000239824],[-81.38142899991963,28.576701000010722],[-81.38150900028556,28.57670599993409],[-81.38178999959464,28.57670200031096],[-81.38199700018221,28.576699000199067],[-81.38261899997313,28.576691999674694],[-81.38282700038559,28.576689999862886],[-81.38291400042424,28.57668800005104],[-81.38317399981692,28.576683000126806],[-81.38326199968047,28.57668199982638]]]},"properties":{"block_id":"120950127011019","school_id":"sch_princeton_elementary","kids_est":3,"class":"green","shortest":{"len_m":756.6,"mean_c":36.83,"peak_c":37.0,"dose":40.4},"coolest":{"len_m":756.8,"mean_c":36.83,"peak_c":37.0,"dose":39.9},"delta_mean_c":0.0,"delta_dose_pct":-1,"distance_mi":0.299,"status_now":"walk","status_rec":"walk","reason":"Shortest route already under threshold (dose 40).","safe_until_hour":null}},{"type":"Feature","geometry":{"type":"Polygon","coordinates":[[[-81.38383300031609,28.57488300012666],[-81.38383800033894,28.574774999699443],[-81.38381700042255,28.57357200008896],[-81.38381900007238,28.573484999743105],[-81.38323200044154,28.573489000277455],[-81.38321999984767,28.57361100032946],[-81.38322499987054,28.573972999909827],[-81.38323599974119,28.574876000270343],[-81.38323599974119,28.57488999998252],[-81.38383300031609,28.57488300012666]]]},"properties":{"block_id":"120950127012010","school_id":"sch_princeton_elementary","kids_est":5,"class":"green","shortest":{"len_m":312.7,"mean_c":36.91,"peak_c":37.0,"dose":16.8},"coolest":{"len_m":312.7,"mean_c":36.91,"peak_c":37.0,"dose":16.8},"delta_mean_c":0.0,"delta_dose_pct":0,"distance_mi":0.14,"status_now":"walk","status_rec":"walk","reason":"Shortest route already under threshold (dose 17).","safe_until_hour":null}},{"type":"Feature","geometry":{"type":"Polygon","coordinates":[[[-81.38486000016296,28.574876000270343],[-81.38485400031519,28.574437000348592],[-81.38484599991926,28.573983000015662],[-81.38484599991926,28.57348799994666],[-81.38381900007238,28.573484999743105],[-81.38381700042255,28.57357200008896],[-81.38383800033894,28.574774999699443],[-81.38383300031609,28.57488300012666],[-81.38486000016296,28.574876000270343]]]},"properties":{"block_id":"120950127012009","school_id":"sch_princeton_elementary","kids_est":2,"class":"green","shortest":{"len_m":205.5,"mean_c":36.95,"peak_c":37.0,"dose":11.3},"coolest":{"len_m":205.5,"mean_c":36.95,"peak_c":37.0,"dose":11.3},"delta_mean_c":0.0,"delta_dose_pct":0,"distance_mi":0.135,"status_now":"walk","status_rec":"walk","reason":"Shortest route already under threshold (dose 11).","safe_until_hour":null}},{"type":"Feature","geometry":{"type":"Polygon","coordinates":[[[-81.3832499999849,28.575782000117822],[-81.38323599974119,28.57488999998252],[-81.38141300002611,28.574911000336193],[-81.38124999981949,28.574906999855912],[-81.38126099969016,28.575699999993027],[-81.38126700043624,28.575741000063413],[-81.38128499997958,28.575805000122113],[-81.38273199995103,28.575785000255873],[-81.3832499999849,28.575782000117822]]]},"properties":{"block_id":"120950127011021","school_id":"sch_princeton_elementary","kids_est":4,"class":"green","shortest":{"len_m":701.7,"mean_c":36.76,"peak_c":37.0,"dose":36.7},"coolest":{"len_m":701.7,"mean_c":36.76,"peak_c":37.0,"dose":36.7},"delta_mean_c":0.0,"delta_dose_pct":0,"distance_mi":0.244,"status_now":"walk","status_rec":"walk","reason":"Shortest route already under threshold (dose 37).","safe_until_hour":null}},{"type":"Feature","geometry":{"type":"Polygon","coordinates":[[[-81.37299499978802,28.577869000267764],[-81.3729920003133,28.57781400012792],[-81.3729859995672,28.577649000324627],[-81.3729839999174,28.5775940000697],[-81.37297800006958,28.577398000290035],[-81.37221700036149,28.577401999886707],[-81.37221999983623,28.57749899992027],[-81.37222900005705,28.577790000273012],[-81.3722320004301,28.57788800023769],[-81.37238399986776,28.577883000370488],[-81.37284199962716,28.57787200034627],[-81.37299499978802,28.577869000267764]]]},"properties":{"block_id":"120950188001016","school_id":"sch_princeton_elementary","kids_est":0,"class":"green","shortest":{"len_m":1797.9,"mean_c":36.69,"peak_c":37.0,"dose":91.7},"coolest":{"len_m":1797.9,"mean_c":36.69,"peak_c":37.0,"dose":91.7},"delta_mean_c":0.0,"delta_dose_pct":0,"distance_mi":0.794,"status_now":"walk","status_rec":"walk","reason":"Shortest route already under threshold (dose 92).","safe_until_hour":null}},{"type":"Feature","geometry":{"type":"Polygon","coordinates":[[[-81.37397599960417,28.582641000145824],[-81.37397399995434,28.5825150001212],[-81.37397099958129,28.582330999851692],[-81.37396999975638,28.5822550000065],[-81.37381499994568,28.582256000253928],[-81.37352899971542,28.5822569997125],[-81.37310899959084,28.58226500011383],[-81.37311000031409,28.58231799979901],[-81.37311899963659,28.582726000321294],[-81.37313200005539,28.583497000222895],[-81.37314700012399,28.583497000222895],[-81.37319300015474,28.583497000222895],[-81.37320900004828,28.583497000222895],[-81.373359999661,28.583497000222895],[-81.3738159997706,28.583497000222895],[-81.3738529995805,28.583497000222895],[-81.37385199975562,28.58343000019178],[-81.37385199975562,28.583410999645334],[-81.37384799955765,28.58319800034279],[-81.37384699973273,28.583154000096073],[-81.37384599990781,28.5831059996625],[-81.373844000258,28.582957000182045],[-81.37375700021936,28.582957999633962],[-81.37375600039445,28.58290400003006],[-81.37375300002141,28.582715000014797],[-81.37375200019649,28.582644000088226],[-81.37397599960417,28.582641000145824]]]},"properties":{"block_id":"120950190001073","school_id":"sch_princeton_elementary","kids_est":0,"class":"red","shortest":{"len_m":2255.8,"mean_c":36.7,"peak_c":37.0,"dose":116.4},"coolest":{"len_m":2257.1,"mean_c":36.65,"peak_c":37.0,"dose":114.5},"delta_mean_c":-0.05,"delta_dose_pct":-2,"distance_mi":0.976,"status_now":"walk","status_rec":"bus_eligible","reason":"Coolest route mean 36.6C exceeds threshold (110 C-min dose, actual 114).","safe_until_hour":"14:00"}},{"type":"Feature","geometry":{"type":"Polygon","coordinates":[[[-81.38089099979429,28.5812409998069],[-81.38088900014446,28.581057999933655],[-81.38088300029669,28.580510999720456],[-81.38088099974854,28.580328999631696],[-81.38054299963974,28.58033299990571],[-81.37953300040961,28.580346000203743],[-81.37919600012572,28.58035099995386],[-81.37919799977554,28.580533000004618],[-81.37920699999638,28.58107899984476],[-81.37921000036943,28.581261999681402],[-81.37954599993009,28.581256999974606],[-81.38055400040872,28.581243999789166],[-81.38089099979429,28.5812409998069]]]},"properties":{"block_id":"120950127011015","school_id":"sch_princeton_elementary","kids_est":4,"class":"green","shortest":{"len_m":1511.9,"mean_c":36.75,"peak_c":37.0,"dose":79.0},"coolest":{"len_m":1515.5,"mean_c":36.68,"peak_c":37.0,"dose":77.7},"delta_mean_c":-0.07,"delta_dose_pct":-2,"distance_mi":0.639,"status_now":"walk","status_rec":"walk","reason":"Shortest route already under threshold (dose 79).","safe_until_hour":null}},{"type":"Feature","geometry":{"type":"Polygon","coordinates":[[[-81.37839199986159,28.578531000268764],[-81.37839000021177,28.578339999714185],[-81.3783860000138,28.577766999913873],[-81.37838500018889,28.5775760003386],[-81.37813999996652,28.577578000133578],[-81.37740600002259,28.577583000015256],[-81.37716199962512,28.57758600010194],[-81.37716499999817,28.577776999659047],[-81.3771750000439,28.57826400014054],[-81.3771750000439,28.57835300025856],[-81.37717599986883,28.578464999723955],[-81.37717800041696,28.57852500014924],[-81.37716599982308,28.578542000224015],[-81.37741100004546,28.578539000164604],[-81.3781459998143,28.578533000045574],[-81.37839199986159,28.578531000268764]]]},"properties":{"block_id":"120950127011027","school_id":"sch_princeton_elementary","kids_est":1,"class":"green","shortest":{"len_m":1353.0,"mean_c":36.69,"peak_c":37.0,"dose":69.5},"coolest":{"len_m":1353.0,"mean_c":36.69,"peak_c":37.0,"dose":69.5},"delta_mean_c":0.0,"delta_dose_pct":0,"distance_mi":0.557,"status_now":"walk","status_rec":"walk","reason":"Shortest route already under threshold (dose 70).","safe_until_hour":null}},{"type":"Feature","geometry":{"type":"Polygon","coordinates":[[[-81.37212299975184,28.565654999850743],[-81.37212500029999,28.56535599974922],[-81.37197600033707,28.565353000102757],[-81.37152900044832,28.565345999612404],[-81.37138100031032,28.56534400037391],[-81.37136700006661,28.56654999978754],[-81.371351999998,28.566623999930815],[-81.37133500027957,28.566667000384687],[-81.37180200025979,28.56704999974387],[-81.37189900034417,28.567122000330826],[-81.3719860003828,28.567168999777927],[-81.37206300037572,28.567194000079617],[-81.3721060000334,28.56706399970844],[-81.37211899955389,28.56699300026327],[-81.3721200002771,28.566854999648992],[-81.3721200002771,28.566555000193333],[-81.37212299975184,28.565654999850743]]]},"properties":{"block_id":"120950188002011","school_id":"sch_princeton_elementary","kids_est":1,"class":"red","shortest":{"len_m":2513.0,"mean_c":37.22,"peak_c":37.5,"dose":147.1},"coolest":{"len_m":2545.0,"mean_c":37.01,"peak_c":37.5,"dose":141.4},"delta_mean_c":-0.21,"delta_dose_pct":-4,"distance_mi":0.86,"status_now":"walk","status_rec":"bus_eligible","reason":"Coolest route mean 37.0C exceeds threshold (110 C-min dose, actual 141).","safe_until_hour":"14:00"}},{"type":"Feature","geometry":{"type":"Polygon","coordinates":[[[-81.38165400005052,28.567602000092275],[-81.38165099967748,28.56745699992672],[-81.38164300017989,28.56702300020138],[-81.38164099963173,28.566878999631633],[-81.38139700013258,28.56685600004286],[-81.38133100001033,28.566850999651354],[-81.38120299996382,28.566832000054955],[-81.38102700023673,28.566788000063],[-81.38095100006873,28.56676400005965],[-81.38077500034164,28.56669299962311],[-81.38069699962551,28.566651999971498],[-81.38057500032511,28.56658700026014],[-81.38048999993629,28.56652399972482],[-81.38037399958533,28.566637000345143],[-81.38031300038428,28.566682000006807],[-81.38025800013271,28.56671400003505],[-81.38019500038352,28.56674499965858],[-81.38013599993396,28.566766999665884],[-81.38002799997894,28.566794000063023],[-81.37989300025973,28.566808999667003],[-81.37922399971481,28.566814000060496],[-81.37922799991277,28.56715600021833],[-81.37922200006497,28.567310000360145],[-81.37921200001924,28.56737099964705],[-81.37916799963831,28.567494000080462],[-81.37915199974479,28.567564999976508],[-81.37915099991986,28.56763700021115],[-81.38059500041659,28.567619000354316],[-81.38108199959,28.567613999999068],[-81.38165400005052,28.567602000092275]]]},"properties":{"block_id":"120950127013033","school_id":"sch_princeton_elementary","kids_est":4,"class":"green","shortest":{"len_m":996.5,"mean_c":37.3,"peak_c":37.7,"dose":59.8},"coolest":{"len_m":998.4,"mean_c":37.17,"peak_c":37.7,"dose":57.9},"delta_mean_c":-0.13,"delta_dose_pct":-3,"distance_mi":0.414,"status_now":"walk","status_rec":"walk","reason":"Shortest route already under threshold (dose 60).","safe_until_hour":null}},{"type":"Feature","geometry":{"type":"Polygon","coordinates":[[[-81.38061200013502,28.568577999876624],[-81.38059500041659,28.567619000354316],[-81.37915099991986,28.56763700021115],[-81.37915199974479,28.567564999976508],[-81.37916799963831,28.567494000080462],[-81.37921200001924,28.56737099964705],[-81.37922200006497,28.567310000360145],[-81.37922799991277,28.56715600021833],[-81.37922399971481,28.566814000060496],[-81.37921299984416,28.566214000060157],[-81.37920600017146,28.565128000338476],[-81.37922200006497,28.565064000096715],[-81.37925300002713,28.565012999642],[-81.37930599973056,28.564959999916745],[-81.37937000020298,28.564917999966667],[-81.37948800020376,28.56485500001008],[-81.37941600023373,28.564779999787206],[-81.37935900033233,28.564735000101166],[-81.37928800018723,28.564688000355996],[-81.37907899994985,28.56458700026181],[-81.37893800038286,28.56453299990606],[-81.37879199989467,28.564486999698076],[-81.37864299993174,28.564450000065055],[-81.37855099987024,28.5644339997079],[-81.3784909995958,28.56442400027249],[-81.37829200030248,28.564405999866096],[-81.37830599964786,28.56605700026593],[-81.37831499986869,28.56660100028636],[-81.37832300026461,28.5676459997439],[-81.37907999977476,28.56763799980862],[-81.37909499984337,28.568594999980988],[-81.38061200013502,28.568577999876624]]]},"properties":{"block_id":"120950127013039","school_id":"sch_princeton_elementary","kids_est":4,"class":"green","shortest":{"len_m":1164.8,"mean_c":37.54,"peak_c":37.8,"dose":73.6},"coolest":{"len_m":1238.4,"mean_c":37.15,"peak_c":37.7,"dose":71.3},"delta_mean_c":-0.39,"delta_dose_pct":-3,"distance_mi":0.486,"status_now":"walk","status_rec":"walk","reason":"Shortest route already under threshold (dose 74).","safe_until_hour":null}},{"type":"Feature","geometry":{"type":"Polygon","coordinates":[[[-81.37909499984337,28.568594999980988],[-81.37907999977476,28.56763799980862],[-81.37832300026461,28.5676459997439],[-81.37745299987827,28.56765500006484],[-81.37736599983961,28.567655999662133],[-81.3771049997237,28.567661000015384],[-81.37701900040828,28.567662999998827],[-81.37701699986016,28.567772999818594],[-81.37701799968508,28.5678529998304],[-81.37702899955573,28.568425999981542],[-81.3770329997537,28.568617000390475],[-81.37793400010219,28.56861000011725],[-81.37909499984337,28.568594999980988]]]},"properties":{"block_id":"120950127013041","school_id":"sch_princeton_elementary","kids_est":2,"class":"green","shortest":{"len_m":1218.0,"mean_c":37.37,"peak_c":37.7,"dose":74.0},"coolest":{"len_m":1221.3,"mean_c":37.14,"peak_c":37.6,"dose":70.1},"delta_mean_c":-0.23,"delta_dose_pct":-5,"distance_mi":0.465,"status_now":"walk","status_rec":"walk","reason":"Shortest route already under threshold (dose 74).","safe_until_hour":null}},{"type":"Feature","geometry":{"type":"Polygon","coordinates":[[[-81.37832300026461,28.5676459997439],[-81.37831499986869,28.56660100028636],[-81.37830599964786,28.56605700026593],[-81.37829200030248,28.564405999866096],[-81.37812800027095,28.564407999911445],[-81.37807399984429,28.564416000092272],[-81.37804999955482,28.56442000018245],[-81.37793800030015,28.564454000153948],[-81.37782600014717,28.564509999804613],[-81.3777580003751,28.56454999987496],[-81.37752200037355,28.564747000334947],[-81.37735499996896,28.564888000217454],[-81.37738000008332,28.564917000343353],[-81.3774069998475,28.564966000020938],[-81.37742199991611,28.56501899974319],[-81.37742600011407,28.565425999891374],[-81.3774429998325,28.567097000012087],[-81.37744500038065,28.567215000391496],[-81.37745299987827,28.56765500006484],[-81.37832300026461,28.5676459997439]]]},"properties":{"block_id":"120950127013032","school_id":"sch_princeton_elementary","kids_est":3,"class":"green","shortest":{"len_m":1542.9,"mean_c":37.17,"peak_c":37.5,"dose":89.3},"coolest":{"len_m":1543.1,"mean_c":37.14,"peak_c":37.5,"dose":88.6},"delta_mean_c":-0.03,"delta_dose_pct":-1,"distance_mi":0.568,"status_now":"walk","status_rec":"walk","reason":"Shortest route already under threshold (dose 89).","safe_until_hour":null}},{"type":"Feature","geometry":{"type":"Polygon","coordinates":[[[-81.37970699958856,28.56015399987531],[-81.37982299993952,28.559998000179228],[-81.3795259998386,28.560079999916812],[-81.37946100043959,28.560093000350424],[-81.3794200004317,28.56010100007026],[-81.37920000032366,28.560141999906868],[-81.37893800038286,28.56019199989778],[-81.37839500023465,28.560281999979235],[-81.37779199981196,28.560393999745273],[-81.37766200011562,28.560402000231203],[-81.37758699977256,28.560398999654545],[-81.37751099960457,28.560388000169446],[-81.37745299987827,28.560369999861802],[-81.3773990003499,28.560343999850378],[-81.37731099958803,28.560300999969083],[-81.37718500008964,28.560215000153814],[-81.3771049997237,28.560149999623],[-81.37701400038543,28.560051999705717],[-81.37696699963143,28.55991900017922],[-81.37650999969696,28.559986999863202],[-81.37628200009132,28.560003999777344],[-81.37614200034923,28.560005999906302],[-81.37587799986028,28.56016200037949],[-81.37539599981143,28.56044599973702],[-81.37382099979348,28.5614300000187],[-81.37375800004428,28.561469000025596],[-81.37367000018072,28.561524999686476],[-81.37357800011922,28.561597999763276],[-81.3735210002178,28.561645000099382],[-81.37346299959317,28.5616970002621],[-81.37341699956242,28.56174500020739],[-81.37336499968389,28.56180900010049],[-81.37332200002619,28.56187099986111],[-81.37324400020839,28.56200199998614],[-81.37322099974385,28.562053999972502],[-81.37321499989605,28.56206900025211],[-81.37298999976517,28.562780999807266],[-81.37295600032829,28.562921000314496],[-81.37293000038902,28.563058000134635],[-81.37290600009958,28.56326400013896],[-81.3729010000767,28.56346299991342],[-81.37290500027466,28.56354599974387],[-81.37293500041189,28.56405800008335],[-81.37293700006171,28.56419799968085],[-81.37292899966579,28.56429999977755],[-81.37292500036615,28.56436799978708],[-81.37289299968077,28.564610999972704],[-81.3728090000152,28.56501699970951],[-81.37276100033462,28.56525500029609],[-81.37327500017051,28.565318999632716],[-81.3738869999157,28.565394999879228],[-81.37401900016017,28.565427999917272],[-81.37412899976503,28.565471999688967],[-81.37422800039755,28.565524000327777],[-81.37426900040543,28.56555100025487],[-81.37448199994246,28.565710999651326],[-81.37462500005758,28.56579699970964],[-81.37470700007334,28.565835999676246],[-81.37472299996688,28.565843999748566],[-81.37492399980833,28.565919999615943],[-81.37500300034935,28.56594199979567],[-81.37508199999208,28.565959000325872],[-81.37520500001573,28.565978000079888],[-81.37517099968053,28.566368000002626],[-81.3751609996348,28.56649300003612],[-81.37514499974127,28.56654799978295],[-81.37512100035013,28.56659700027908],[-81.37507500031938,28.566659999981734],[-81.37461099981388,28.567081999660143],[-81.37457300017904,28.567134000292363],[-81.37455700028553,28.567164999792222],[-81.37454600041487,28.567198000064202],[-81.37453700019402,28.56729599963935],[-81.37453700019402,28.567306999980424],[-81.3745420002169,28.567688000183146],[-81.37468600015694,28.5676869997972],[-81.37485600003626,28.567686000200187],[-81.37511799997708,28.567684000217188],[-81.37517099968053,28.567684000217188],[-81.37526299974203,28.567684000217188],[-81.37562199976723,28.56767899986504],[-81.37577599975305,28.566647999966154],[-81.37597300029485,28.565968999615514],[-81.37618199963389,28.565539000112768],[-81.37636900012996,28.56515399995713],[-81.37678900025452,28.564426999945425],[-81.37704399962433,28.5640170001941],[-81.37741100004546,28.563571999753336],[-81.3781039999815,28.562569999840694],[-81.37900000030713,28.561208000311336],[-81.3794699997621,28.56049700003778],[-81.37970699958856,28.56015399987531]]]},"properties":{"block_id":"120950188001040","school_id":"sch_princeton_elementary","kids_est":1,"class":"red","shortest":{"len_m":2501.4,"mean_c":37.29,"peak_c":37.8,"dose":148.7},"coolest":{"len_m":2533.4,"mean_c":37.08,"peak_c":37.8,"dose":143.0},"delta_mean_c":-0.21,"delta_dose_pct":-4,"distance_mi":0.937,"status_now":"walk","status_rec":"bus_eligible","reason":"Coolest route mean 37.1C exceeds threshold (110 C-min dose, actual 143).","safe_until_hour":"14:00"}},{"type":"Feature","geometry":{"type":"Polygon","coordinates":[[[-81.38008200040562,28.559964000346312],[-81.38018600016268,28.559801999970393],[-81.3798630001225,28.559976000334988],[-81.37982299993952,28.559998000179228],[-81.37970699958856,28.56015399987531],[-81.3794699997621,28.56049700003778],[-81.37900000030713,28.561208000311336],[-81.3781039999815,28.562569999840694],[-81.37741100004546,28.563571999753336],[-81.37704399962433,28.5640170001941],[-81.377286000372,28.564113999944656],[-81.3774760003428,28.56383799966327],[-81.37754099974181,28.563744000139714],[-81.37837299959502,28.562538999776297],[-81.37913500002635,28.561425999814873],[-81.37934300043881,28.56112399976685],[-81.37961100022741,28.560703000320483],[-81.3799760001004,28.560129999937125],[-81.38008200040562,28.559964000346312]]]},"properties":{"block_id":"120950127013037","school_id":"sch_princeton_elementary","kids_est":0,"class":"green","shortest":{"len_m":1375.7,"mean_c":37.59,"peak_c":37.8,"dose":87.7},"coolest":{"len_m":1375.7,"mean_c":37.59,"peak_c":37.8,"dose":87.7},"delta_mean_c":0.0,"delta_dose_pct":0,"distance_mi":0.754,"status_now":"walk","status_rec":"walk","reason":"Shortest route already under threshold (dose 88).","safe_until_hour":null}},{"type":"Feature","geometry":{"type":"Polygon","coordinates":[[[-81.37996000020686,28.559789000289808],[-81.37994500013825,28.55978500002363],[-81.37991599982594,28.55978500002363],[-81.37988200038906,28.559780000085187],[-81.37985499972658,28.559775000146526],[-81.37982899978729,28.55977000020756],[-81.37977799973368,28.559753999928027],[-81.37967800017456,28.559708999671166],[-81.3796160002503,28.559667999665866],[-81.37952900021165,28.559592000017958],[-81.37951699961778,28.559580999659442],[-81.37944600037098,28.55950499994871],[-81.37941399968561,28.55946600000316],[-81.377286000372,28.55985200012275],[-81.37696699963143,28.55991900017922],[-81.37701400038543,28.560051999705717],[-81.3771049997237,28.560149999623],[-81.37718500008964,28.560215000153814],[-81.37731099958803,28.560300999969083],[-81.3773990003499,28.560343999850378],[-81.37745299987827,28.560369999861802],[-81.37751099960457,28.560388000169446],[-81.37758699977256,28.560398999654545],[-81.37766200011562,28.560402000231203],[-81.37779199981196,28.560393999745273],[-81.37839500023465,28.560281999979235],[-81.37893800038286,28.56019199989778],[-81.37920000032366,28.560141999906868],[-81.3794200004317,28.56010100007026],[-81.37946100043959,28.560093000350424],[-81.3795259998386,28.560079999916812],[-81.37982299993952,28.559998000179228],[-81.37996000020686,28.559789000289808]]]},"properties":{"block_id":"120950188001043","school_id":"sch_princeton_elementary","kids_est":0,"class":"red","shortest":{"len_m":2037.5,"mean_c":37.6,"peak_c":37.8,"dose":130.4},"coolest":{"len_m":2037.8,"mean_c":37.6,"peak_c":37.8,"dose":130.3},"delta_mean_c":0.0,"delta_dose_pct":0,"distance_mi":0.911,"status_now":"walk","status_rec":"bus_eligible","reason":"Coolest route mean 37.6C exceeds threshold (110 C-min dose, actual 130).","safe_until_hour":"14:00"}},{"type":"Feature","geometry":{"type":"Polygon","coordinates":[[[-81.39142300000059,28.56521699973465],[-81.39142100035076,28.565124000275205],[-81.3914160003279,28.564875999999757],[-81.3914160003279,28.56484800027558],[-81.39141999962754,28.564756000114837],[-81.38935199969005,28.56478300023897],[-81.38935800043616,28.5652300003228],[-81.38977099998974,28.56522699988378],[-81.3910089997238,28.565218999764543],[-81.39142300000059,28.56521699973465]]]},"properties":{"block_id":"120950126003014","school_id":"sch_princeton_elementary","kids_est":0,"class":"green","shortest":{"len_m":1377.0,"mean_c":37.47,"peak_c":37.7,"dose":85.8},"coolest":{"len_m":1411.6,"mean_c":37.35,"peak_c":37.5,"dose":85.1},"delta_mean_c":-0.12,"delta_dose_pct":-1,"distance_mi":0.625,"status_now":"walk","status_rec":"walk","reason":"Shortest route already under threshold (dose 86).","safe_until_hour":null}},{"type":"Feature","geometry":{"type":"Polygon","coordinates":[[[-81.39142200017568,28.563662000100663],[-81.3914239998255,28.563540000347704],[-81.39141999962754,28.563203000049487],[-81.3914170001528,28.563148999772615],[-81.39141100030503,28.5629790000643],[-81.39099299983027,28.562981000136723],[-81.39089800029403,28.56298199977842],[-81.3901009997026,28.562994999853657],[-81.39000399961822,28.56299099970931],[-81.38986999972393,28.562965999987153],[-81.38979299973103,28.56296100019976],[-81.38974300040064,28.56296100019976],[-81.38932599975081,28.562970000132456],[-81.38932800029893,28.563146999703388],[-81.38933599979654,28.563679999845323],[-81.38933900016958,28.563858000222503],[-81.3897540002713,28.563852999688557],[-81.39099899967806,28.563837000029704],[-81.39141499960466,28.563832999917352],[-81.39142200017568,28.563714999690607],[-81.39142200017568,28.563662000100663]]]},"properties":{"block_id":"120950126003026","school_id":"sch_princeton_elementary","kids_est":1,"class":"green","shortest":{"len_m":1553.0,"mean_c":37.47,"peak_c":37.7,"dose":96.6},"coolest":{"len_m":1553.0,"mean_c":37.47,"peak_c":37.7,"dose":96.6},"delta_mean_c":0.0,"delta_dose_pct":0,"distance_mi":0.713,"status_now":"walk","status_rec":"walk","reason":"Shortest route already under threshold (dose 97).","safe_until_hour":null}},{"type":"Feature","geometry":{"type":"Polygon","coordinates":[[[-81.38689899978812,28.567160000204378],[-81.38690200016119,28.567065000100317],[-81.38687700004682,28.56683699965845],[-81.38682699981811,28.566549000179737],[-81.38678300033548,28.56634900031902],[-81.38666399961147,28.565882999697756],[-81.3866290003497,28.565675000064733],[-81.38662000012886,28.565473999714012],[-81.38661900030397,28.56544200009769],[-81.38665399956574,28.564920999625507],[-81.38665299974083,28.56481200039374],[-81.3864600002953,28.564813000018095],[-81.38588199998698,28.564819999754924],[-81.38569000036637,28.564823000205543],[-81.38548799980168,28.564825000242916],[-81.38488399955409,28.564831999978946],[-81.38468299971265,28.564834999640254],[-81.38468500026079,28.56513300002287],[-81.38467100001706,28.565268000090565],[-81.38463199965902,28.565427999917272],[-81.38458200032863,28.565566999653146],[-81.38451899968112,28.56570100033723],[-81.38430799979392,28.566053999850485],[-81.3842430003949,28.56615700012679],[-81.38418800014334,28.566244000220337],[-81.38388799966934,28.566740000050775],[-81.38371699996513,28.56702300020138],[-81.38373100020883,28.56703100018341],[-81.38392200000455,28.56715600021833],[-81.38411899964802,28.567320999910862],[-81.38469399958329,28.567971999745403],[-81.3847639999035,28.568037999772802],[-81.38484500009434,28.568093000289984],[-81.3849260002852,28.568132000194634],[-81.38497300014087,28.568147999989463],[-81.3850889995935,28.56817700000594],[-81.38520900014242,28.568194000175083],[-81.38535399990738,28.56819899971387],[-81.38549700002253,28.56819000022836],[-81.38569100019127,28.568159999834055],[-81.38576499981112,28.568147999989463],[-81.38583199975827,28.568130999812887],[-81.38587899961392,28.568120000346898],[-81.38599099976693,28.56808500038869],[-81.38613300005714,28.568025999914337],[-81.38623199979133,28.567971000151097],[-81.38635200034025,28.567891999824003],[-81.38650499960282,28.567772999818594],[-81.38666299978657,28.567627999888668],[-81.38673399993168,28.56754900009303],[-81.38678599981021,28.567476000199164],[-81.38681400029762,28.56742300013645],[-81.38683400038911,28.567385999957747],[-81.38687700004682,28.56727599973348],[-81.38689899978812,28.567160000204378]]]},"properties":{"block_id":"120950189011000","school_id":"sch_princeton_elementary","kids_est":2,"class":"green","shortest":{"len_m":1057.4,"mean_c":37.52,"peak_c":37.8,"dose":66.4},"coolest":{"len_m":1057.4,"mean_c":37.52,"peak_c":37.8,"dose":66.4},"delta_mean_c":0.0,"delta_dose_pct":0,"distance_mi":0.489,"status_now":"walk","status_rec":"walk","reason":"Shortest route already under threshold (dose 66).","safe_until_hour":null}},{"type":"Feature","geometry":{"type":"Polygon","coordinates":[[[-81.389319999903,28.562554999632486],[-81.38931800025318,28.562457000376412],[-81.38931599970505,28.56216299969362],[-81.38931499988014,28.56206500007252],[-81.38931099968218,28.561798999626646],[-81.38930499983441,28.561266999874064],[-81.38930200035966,28.561000999778475],[-81.38930200035966,28.56098699979633],[-81.38928499974291,28.560848000323602],[-81.38925799997874,28.56073999969271],[-81.3892129997729,28.560626999841816],[-81.38915900024453,28.56053700005528],[-81.38909899997007,28.560454999884684],[-81.38889300010574,28.56021200036083],[-81.38878000012785,28.560231000363324],[-81.38876599988416,28.560232000031124],[-81.38858900033215,28.560250000362366],[-81.3883829995695,28.560253999821867],[-81.3882550004213,28.56025800007022],[-81.38826499956872,28.560720000118927],[-81.3882839998353,28.56150199971664],[-81.38828499966021,28.56173499972747],[-81.38829200023122,28.56210899967216],[-81.38829999972883,28.562484999947745],[-81.3883049997517,28.562571999920863],[-81.3885080001413,28.562567999760446],[-81.38911599968851,28.562558000147686],[-81.389319999903,28.562554999632486]]]},"properties":{"block_id":"120950189011011","school_id":"sch_princeton_elementary","kids_est":4,"class":"green","shortest":{"len_m":1719.0,"mean_c":37.46,"peak_c":37.7,"dose":106.6},"coolest":{"len_m":1719.0,"mean_c":37.46,"peak_c":37.7,"dose":106.6},"delta_mean_c":0.0,"delta_dose_pct":0,"distance_mi":0.792,"status_now":"walk","status_rec":"walk","reason":"Shortest route already under threshold (dose 107).","safe_until_hour":null}},{"type":"Feature","geometry":{"type":"Polygon","coordinates":[[[-81.3883049997517,28.562571999920863],[-81.38829999972883,28.562484999947745],[-81.38829200023122,28.56210899967216],[-81.38828499966021,28.56173499972747],[-81.3882839998353,28.56150199971664],[-81.38826499956872,28.560720000118927],[-81.3882550004213,28.56025800007022],[-81.38804899965866,28.560260000194358],[-81.38743299971551,28.560270000025447],[-81.3872279996761,28.560272999816764],[-81.3872340004222,28.560734999799635],[-81.38724799976758,28.561690999971475],[-81.38725100014064,28.56212100020529],[-81.3872550003386,28.56258399961222],[-81.38746399967764,28.562580999886766],[-81.38809399986451,28.56257400000102],[-81.3883049997517,28.562571999920863]]]},"properties":{"block_id":"120950189011010","school_id":"sch_princeton_elementary","kids_est":6,"class":"green","shortest":{"len_m":1710.8,"mean_c":37.54,"peak_c":37.8,"dose":107.9},"coolest":{"len_m":1710.8,"mean_c":37.54,"peak_c":37.8,"dose":107.9},"delta_mean_c":0.0,"delta_dose_pct":0,"distance_mi":0.774,"status_now":"walk","status_rec":"walk","reason":"Shortest route already under threshold (dose 108).","safe_until_hour":null}},{"type":"Feature","geometry":{"type":"Polygon","coordinates":[[[-81.38829399988103,28.564494000245563],[-81.38826100026907,28.56445600019834],[-81.38819199977378,28.564405999866096],[-81.38812400000172,28.564373000296573],[-81.38805399968153,28.56435800034538],[-81.38799099993234,28.564354000252834],[-81.3866939997487,28.56437100025059],[-81.38609000039945,28.564375000342483],[-81.3859670003758,28.5643820001085],[-81.38593300004061,28.564386999828336],[-81.38589299985763,28.564397999684516],[-81.38584299962893,28.56442000018245],[-81.3858049999941,28.56444500034823],[-81.38575300011556,28.564494999872895],[-81.38573100037424,28.564522999691043],[-81.38570200006194,28.56458799988825],[-81.38569500038922,28.56462700030287],[-81.38569000036637,28.564823000205543],[-81.38588199998698,28.564819999754924],[-81.3864600002953,28.564813000018095],[-81.38665299974083,28.56481200039374],[-81.3876019997699,28.564798999754014],[-81.38825200004825,28.564792000015796],[-81.38829399988103,28.564494000245563]]]},"properties":{"block_id":"120950189011002","school_id":"sch_princeton_elementary","kids_est":0,"class":"green","shortest":{"len_m":1047.6,"mean_c":37.44,"peak_c":37.7,"dose":64.9},"coolest":{"len_m":1047.6,"mean_c":37.44,"peak_c":37.7,"dose":64.9},"delta_mean_c":0.0,"delta_dose_pct":0,"distance_mi":0.552,"status_now":"walk","status_rec":"walk","reason":"Shortest route already under threshold (dose 65).","safe_until_hour":null}},{"type":"Feature","geometry":{"type":"Polygon","coordinates":[[[-81.38832099964523,28.563438999940793],[-81.38831700034558,28.563264999777974],[-81.38830800012474,28.562745000007435],[-81.3883049997517,28.562571999920863],[-81.38809399986451,28.56257400000102],[-81.38746399967764,28.562580999886766],[-81.3872550003386,28.56258399961222],[-81.38712700029208,28.56258500004669],[-81.38674599962725,28.562591000286297],[-81.38662000012886,28.562593000366086],[-81.38576300016129,28.562603999620823],[-81.38567500029775,28.56260799977988],[-81.38564900035847,28.562609000214117],[-81.38566100005404,28.56262399962562],[-81.38566100005404,28.56270999983958],[-81.38567000027487,28.56336999969296],[-81.38566699990184,28.563475000292247],[-81.38611999963835,28.563465999613797],[-81.38619699963125,28.563464999976645],[-81.38779000009089,28.563445000131715],[-81.38832099964523,28.563438999940793]]]},"properties":{"block_id":"120950189011004","school_id":"sch_princeton_elementary","kids_est":4,"class":"green","shortest":{"len_m":1434.4,"mean_c":37.54,"peak_c":37.8,"dose":90.6},"coolest":{"len_m":1434.4,"mean_c":37.54,"peak_c":37.8,"dose":90.6},"delta_mean_c":0.0,"delta_dose_pct":0,"distance_mi":0.655,"status_now":"walk","status_rec":"walk","reason":"Shortest route already under threshold (dose 91).","safe_until_hour":null}},{"type":"Feature","geometry":{"type":"Polygon","coordinates":[[[-81.3857000004121,28.56206500007252],[-81.38569899968887,28.56158599995946],[-81.3856719999247,28.560296999722357],[-81.38459999987197,28.5603129999194],[-81.38461499994058,28.561028999737147],[-81.38464199970477,28.562884000130932],[-81.3850869999437,28.56270999983958],[-81.3852429995793,28.56266599970216],[-81.38545600001463,28.56262299998053],[-81.38554200022836,28.56261300037297],[-81.38558599971097,28.56261100029356],[-81.3856080003506,28.56261100029356],[-81.38564900035847,28.562609000214117],[-81.38565699985608,28.56252400035268],[-81.38569700003906,28.56214400003988],[-81.3857000004121,28.56206500007252]]]},"properties":{"block_id":"120950189011007","school_id":"sch_princeton_elementary","kids_est":4,"class":"green","shortest":{"len_m":1397.3,"mean_c":37.55,"peak_c":37.8,"dose":88.4},"coolest":{"len_m":1397.3,"mean_c":37.55,"peak_c":37.8,"dose":88.4},"delta_mean_c":0.0,"delta_dose_pct":0,"distance_mi":0.739,"status_now":"walk","status_rec":"walk","reason":"Shortest route already under threshold (dose 88).","safe_until_hour":null}},{"type":"Feature","geometry":{"type":"Polygon","coordinates":[[[-81.38662000012886,28.562593000366086],[-81.38661199973295,28.562130999859594],[-81.38659099981655,28.560743999922604],[-81.38658400014387,28.560282999646567],[-81.38640099984576,28.56028499977022],[-81.38585400039788,28.560293999931716],[-81.3856719999247,28.560296999722357],[-81.38569899968887,28.56158599995946],[-81.3857000004121,28.56206500007252],[-81.38569700003906,28.56214400003988],[-81.38565699985608,28.56252400035268],[-81.38564900035847,28.562609000214117],[-81.38567500029775,28.56260799977988],[-81.38576300016129,28.562603999620823],[-81.38662000012886,28.562593000366086]]]},"properties":{"block_id":"120950189011008","school_id":"sch_princeton_elementary","kids_est":1,"class":"green","shortest":{"len_m":1397.3,"mean_c":37.55,"peak_c":37.8,"dose":88.4},"coolest":{"len_m":1397.3,"mean_c":37.55,"peak_c":37.8,"dose":88.4},"delta_mean_c":0.0,"delta_dose_pct":0,"distance_mi":0.75,"status_now":"walk","status_rec":"walk","reason":"Shortest route already under threshold (dose 88).","safe_until_hour":null}},{"type":"Feature","geometry":{"type":"Polygon","coordinates":[[[-81.38465699977338,28.563752000371025],[-81.384643000428,28.56290499972496],[-81.38464199970477,28.562884000130932],[-81.38460700044298,28.56287799990803],[-81.38455600038935,28.562862999743725],[-81.3844960001149,28.562831000122518],[-81.38438099958886,28.562733000334386],[-81.38428799970244,28.56266399962377],[-81.384194999816,28.56260999985935],[-81.38403900018042,28.56253800013039],[-81.38389900043832,28.56249300027475],[-81.38373299985865,28.56245899966975],[-81.38367099993438,28.562453999858338],[-81.38350299970489,28.56245100012912],[-81.38338899990207,28.562457000376412],[-81.38308599995338,28.562513999946777],[-81.3830049997625,28.56251199986549],[-81.38290100000545,28.562487999675948],[-81.38284400010403,28.562567999760446],[-81.38258700018609,28.562890999996053],[-81.38257299994238,28.562917000167335],[-81.38255700004886,28.562970999774254],[-81.38255799987375,28.56302799985525],[-81.38257700014034,28.563078000053114],[-81.38261700032331,28.563133999646926],[-81.38267699969947,28.56317900001751],[-81.38274799984455,28.563213000389908],[-81.38297100032564,28.563279999884937],[-81.38436399987043,28.56369699995194],[-81.38448000022137,28.563724000347758],[-81.38465699977338,28.563752000371025]]]},"properties":{"block_id":"120950189011005","school_id":"sch_princeton_elementary","kids_est":4,"class":"green","shortest":{"len_m":1173.4,"mean_c":37.54,"peak_c":37.8,"dose":74.0},"coolest":{"len_m":1173.4,"mean_c":37.54,"peak_c":37.8,"dose":74.0},"delta_mean_c":0.0,"delta_dose_pct":0,"distance_mi":0.632,"status_now":"walk","status_rec":"walk","reason":"Shortest route already under threshold (dose 74).","safe_until_hour":null}},{"type":"Feature","geometry":{"type":"Polygon","coordinates":[[[-81.38464199970477,28.562884000130932],[-81.38461499994058,28.561028999737147],[-81.38451299983333,28.561051000150314],[-81.38444699971109,28.56107200010999],[-81.38423499999898,28.561150000374564],[-81.38409100005894,28.561188000037475],[-81.38394299992093,28.561213000181944],[-81.38379300013311,28.561224000369833],[-81.38364199962206,28.561222000264024],[-81.38327000007638,28.56118599993097],[-81.38315299990053,28.56118399982445],[-81.38305400016633,28.561190999802633],[-81.38310199984689,28.561289000237498],[-81.38314600022782,28.56141699975022],[-81.38317100034217,28.56154799965129],[-81.38317999966469,28.561715000342755],[-81.38317600036505,28.561798999626646],[-81.38316600031932,28.561881999980308],[-81.38315000042577,28.56196500026853],[-81.38312899961106,28.56204700005171],[-81.3831029996718,28.562128000121213],[-81.38303400007483,28.562285000253727],[-81.38299200024204,28.56235900024005],[-81.38290100000545,28.562487999675948],[-81.3830049997625,28.56251199986549],[-81.38308599995338,28.562513999946777],[-81.38338899990207,28.562457000376412],[-81.38350299970489,28.56245100012912],[-81.38367099993438,28.562453999858338],[-81.38373299985865,28.56245899966975],[-81.38389900043832,28.56249300027475],[-81.38403900018042,28.56253800013039],[-81.384194999816,28.56260999985935],[-81.38428799970244,28.56266399962377],[-81.38438099958886,28.562733000334386],[-81.3844960001149,28.562831000122518],[-81.38455600038935,28.562862999743725],[-81.38460700044298,28.56287799990803],[-81.38464199970477,28.562884000130932]]]},"properties":{"block_id":"120950189011006","school_id":"sch_princeton_elementary","kids_est":6,"class":"green","shortest":{"len_m":1335.9,"mean_c":37.54,"peak_c":37.8,"dose":84.4},"coolest":{"len_m":1335.9,"mean_c":37.54,"peak_c":37.8,"dose":84.4},"delta_mean_c":0.0,"delta_dose_pct":0,"distance_mi":0.71,"status_now":"walk","status_rec":"walk","reason":"Shortest route already under threshold (dose 84).","safe_until_hour":null}},{"type":"Feature","geometry":{"type":"Polygon","coordinates":[[[-81.38461499994058,28.561028999737147],[-81.38459999987197,28.5603129999194],[-81.3828340000583,28.560340000394287],[-81.38231799967426,28.560340000394287],[-81.38237499957566,28.560381999804193],[-81.38245800031464,28.560457000005133],[-81.38293799981535,28.561014999758708],[-81.38301599963316,28.561127999982137],[-81.38305400016633,28.561190999802633],[-81.38315299990053,28.56118399982445],[-81.38327000007638,28.56118599993097],[-81.38364199962206,28.561222000264024],[-81.38379300013311,28.561224000369833],[-81.38394299992093,28.561213000181944],[-81.38409100005894,28.561188000037475],[-81.38423499999898,28.561150000374564],[-81.38444699971109,28.56107200010999],[-81.38451299983333,28.561051000150314],[-81.38461499994058,28.561028999737147]]]},"properties":{"block_id":"120950189011014","school_id":"sch_princeton_elementary","kids_est":3,"class":"green","shortest":{"len_m":1549.9,"mean_c":37.55,"peak_c":37.8,"dose":98.1},"coolest":{"len_m":1549.9,"mean_c":37.55,"peak_c":37.8,"dose":98.1},"delta_mean_c":0.0,"delta_dose_pct":0,"distance_mi":0.791,"status_now":"walk","status_rec":"walk","reason":"Shortest route already under threshold (dose 98).","safe_until_hour":null}},{"type":"Feature","geometry":{"type":"Polygon","coordinates":[[[-81.37717900024187,28.579846000326622],[-81.37717699969373,28.579768999992336],[-81.37717400021901,28.579538000228997],[-81.3771730003941,28.57946099966922],[-81.37717099984594,28.579277000367423],[-81.37716499999817,28.578724999741777],[-81.37716499999817,28.57862999982496],[-81.37716599982308,28.578542000224015],[-81.37690600043038,28.57854299971794],[-81.37682199986648,28.57854400000061],[-81.37612899993046,28.578553000178157],[-81.37587000036268,28.578556999730896],[-81.3758650003398,28.578361999663574],[-81.3758500002712,28.577777999949067],[-81.37584600007324,28.577600000242338],[-81.3758500002712,28.577584999810092],[-81.37584799972306,28.57753299960988],[-81.37583600002748,28.577398000290035],[-81.37583199982953,28.577349000090827],[-81.37582699980666,28.577165000249906],[-81.37583100000462,28.576836000225093],[-81.37583400037767,28.576676999901867],[-81.37584799972306,28.576652999787527],[-81.37585500029405,28.576646000048978],[-81.37589100027907,28.576628000155672],[-81.37610200016627,28.576628000155672],[-81.37688700016382,28.576628000155672],[-81.37702199988304,28.57662899966773],[-81.37714900010462,28.576626000342642],[-81.3771469995565,28.576458000134835],[-81.37714099970871,28.575954000268066],[-81.37713999988381,28.57578700008488],[-81.37714200043196,28.575711000244382],[-81.37713300021112,28.574961999937972],[-81.37647600026008,28.57496699994401],[-81.37578900017184,28.57496699994401],[-81.37569100026252,28.575680000106825],[-81.37567399964577,28.57588000037548],[-81.37530399974993,28.57758999969145],[-81.37525400041953,28.578009999921232],[-81.37520400019082,28.578682000271666],[-81.37519400014506,28.578828999726717],[-81.37524600002361,28.57992299981572],[-81.37522900030518,28.580304000084663],[-81.37522299955907,28.580424999856447],[-81.3752030003659,28.581678000013433],[-81.37522799958195,28.582246000145748],[-81.37554700032248,28.582241999944493],[-81.3755339999037,28.581848999737232],[-81.37554300012454,28.58154099998345],[-81.37550799996444,28.58062900004315],[-81.37549799991868,28.580364000249677],[-81.37548500039821,28.579872999733848],[-81.37717900024187,28.579846000326622]]]},"properties":{"block_id":"120950127011001","school_id":"sch_princeton_elementary","kids_est":2,"class":"green","shortest":{"len_m":1527.2,"mean_c":36.68,"peak_c":37.0,"dose":78.0},"coolest":{"len_m":1527.4,"mean_c":36.68,"peak_c":37.0,"dose":77.9},"delta_mean_c":0.0,"delta_dose_pct":0,"distance_mi":0.653,"status_now":"walk","status_rec":"walk","reason":"Shortest route already under threshold (dose 78).","safe_until_hour":null}},{"type":"Feature","geometry":{"type":"Polygon","coordinates":[[[-81.38018600016268,28.559801999970393],[-81.38059500041659,28.559193999657452],[-81.38012300041349,28.55954100006773],[-81.37996000020686,28.559789000289808],[-81.37982299993952,28.559998000179228],[-81.3798630001225,28.559976000334988],[-81.38018600016268,28.559801999970393]]]},"properties":{"block_id":"120950188001044","school_id":"sch_princeton_elementary","kids_est":0,"class":"red","shortest":{"len_m":1970.5,"mean_c":37.6,"peak_c":37.8,"dose":125.9},"coolest":{"len_m":1970.8,"mean_c":37.6,"peak_c":37.8,"dose":125.8},"delta_mean_c":0.0,"delta_dose_pct":0,"distance_mi":0.898,"status_now":"walk","status_rec":"bus_eligible","reason":"Coolest route mean 37.6C exceeds threshold (110 C-min dose, actual 126).","safe_until_hour":"14:00"}},{"type":"Feature","geometry":{"type":"Polygon","coordinates":[[[-81.39346499999878,28.563822000002077],[-81.39346199962574,28.563638999808802],[-81.39345499995305,28.563091999757148],[-81.39345300030324,28.562910000303955],[-81.39304300022441,28.562913999662364],[-81.392577999894,28.56291900024094],[-81.39250699974887,28.562928999819352],[-81.39243700032699,28.562946999689377],[-81.39226099970158,28.562966999628987],[-81.39181999966061,28.562972999846817],[-81.39141100030503,28.5629790000643],[-81.3914170001528,28.563148999772615],[-81.39141999962754,28.563203000049487],[-81.3914239998255,28.563540000347704],[-81.39142200017568,28.563662000100663],[-81.39142200017568,28.563714999690607],[-81.39141499960466,28.563832999917352],[-81.39182499968348,28.56382899980481],[-81.39305499991995,28.563817000255405],[-81.39335000037107,28.563815000198876],[-81.39346499999878,28.563822000002077]]]},"properties":{"block_id":"120950126003025","school_id":"sch_princeton_elementary","kids_est":0,"class":"red","shortest":{"len_m":1805.8,"mean_c":37.45,"peak_c":37.7,"dose":111.9},"coolest":{"len_m":1848.4,"mean_c":37.31,"peak_c":37.4,"dose":110.5},"delta_mean_c":-0.14,"delta_dose_pct":-1,"distance_mi":0.789,"status_now":"walk","status_rec":"bus_eligible","reason":"Coolest route mean 37.3C exceeds threshold (110 C-min dose, actual 110).","safe_until_hour":"14:00"}},{"type":"Feature","geometry":{"type":"Polygon","coordinates":[[[-81.3797500001446,28.561314000357974],[-81.37970599976366,28.56114400005281],[-81.37955900034888,28.56094499983876],[-81.3795740004175,28.560921999742234],[-81.37960000035675,28.56076900017253],[-81.37961100022741,28.560703000320483],[-81.37934300043881,28.56112399976685],[-81.37913500002635,28.561425999814873],[-81.37837299959502,28.562538999776297],[-81.37754099974181,28.563744000139714],[-81.3774760003428,28.56383799966327],[-81.37752999987116,28.56385600016676],[-81.37772900006277,28.563877999989014],[-81.37782899962188,28.563822999635782],[-81.37787200017792,28.563828000171153],[-81.3782029997157,28.56377299979185],[-81.3783209997165,28.563729000098828],[-81.37845799998384,28.56358600018059],[-81.37853900017468,28.563460000213016],[-81.37877000015337,28.563174000240295],[-81.37898199986547,28.56288200005668],[-81.37908800017068,28.562580000241255],[-81.3793500001115,28.562134000386877],[-81.37955000012803,28.56184799996688],[-81.37965600043326,28.56148999990193],[-81.3797500001446,28.561314000357974]]]},"properties":{"block_id":"120950127013038","school_id":"sch_princeton_elementary","kids_est":0,"class":"green","shortest":{"len_m":1375.7,"mean_c":37.59,"peak_c":37.8,"dose":87.7},"coolest":{"len_m":1375.7,"mean_c":37.59,"peak_c":37.8,"dose":87.7},"delta_mean_c":0.0,"delta_dose_pct":0,"distance_mi":0.743,"status_now":"walk","status_rec":"walk","reason":"Shortest route already under threshold (dose 88).","safe_until_hour":null}},{"type":"Feature","geometry":{"type":"Polygon","coordinates":[[[-81.38037399958533,28.566637000345143],[-81.38048999993629,28.56652399972482],[-81.38030300033854,28.566374000026556],[-81.38023399984326,28.566309999753628],[-81.38019200001045,28.566262000312285],[-81.38013099991109,28.56619399994866],[-81.38003999967451,28.566069000348914],[-81.37997799975021,28.565953999891757],[-81.3799419997652,28.565876999645774],[-81.37967800017456,28.56519799984331],[-81.37960600020453,28.565012999642],[-81.37958500028813,28.564976000193845],[-81.37948800020376,28.56485500001008],[-81.37937000020298,28.564917999966667],[-81.37930599973056,28.564959999916745],[-81.37925300002713,28.565012999642],[-81.37922200006497,28.565064000096715],[-81.37920600017146,28.565128000338476],[-81.37921299984416,28.566214000060157],[-81.37922399971481,28.566814000060496],[-81.37989300025973,28.566808999667003],[-81.38002799997894,28.566794000063023],[-81.38013599993396,28.566766999665884],[-81.38019500038352,28.56674499965858],[-81.38025800013271,28.56671400003505],[-81.38031300038428,28.566682000006807],[-81.38037399958533,28.566637000345143]]]},"properties":{"block_id":"120950127013040","school_id":"sch_princeton_elementary","kids_est":1,"class":"green","shortest":{"len_m":1164.8,"mean_c":37.54,"peak_c":37.8,"dose":73.6},"coolest":{"len_m":1238.4,"mean_c":37.15,"peak_c":37.7,"dose":71.3},"delta_mean_c":-0.39,"delta_dose_pct":-3,"distance_mi":0.505,"status_now":"walk","status_rec":"walk","reason":"Shortest route already under threshold (dose 74).","safe_until_hour":null}},{"type":"Feature","geometry":{"type":"Polygon","coordinates":[[[-81.37922000041516,28.58218699972487],[-81.37921799986701,28.58200200020926],[-81.37921200001924,28.581446999709883],[-81.37921000036943,28.581261999681402],[-81.37880699996329,28.58126599992],[-81.37760100001627,28.581280000359417],[-81.37719900033335,28.581285000065133],[-81.3772019998081,28.581471999774063],[-81.37721199985383,28.58203499977144],[-81.37721500022688,28.582201000041618],[-81.37722899957227,28.58221800031113],[-81.37727799997607,28.58221800031113],[-81.37754499993976,28.582212999860932],[-81.37849499979374,28.582198000086578],[-81.37881199998616,28.58219299963548],[-81.378893000177,28.582190999928198],[-81.37913800039941,28.58218799997293],[-81.37922000041516,28.58218699972487]]]},"properties":{"block_id":"120950127011005","school_id":"sch_princeton_elementary","kids_est":4,"class":"green","shortest":{"len_m":1725.8,"mean_c":36.74,"peak_c":37.0,"dose":89.6},"coolest":{"len_m":1730.8,"mean_c":36.67,"peak_c":37.0,"dose":88.4},"delta_mean_c":-0.07,"delta_dose_pct":-1,"distance_mi":0.746,"status_now":"walk","status_rec":"walk","reason":"Shortest route already under threshold (dose 90).","safe_until_hour":null}},{"type":"Feature","geometry":{"type":"Polygon","coordinates":[[[-81.3828499999518,28.578433999609143],[-81.38284499992895,28.578085000180263],[-81.38283099968524,28.577037999678925],[-81.38282700038559,28.576689999862886],[-81.38261899997313,28.576691999674694],[-81.38199700018221,28.576699000199067],[-81.38178999959464,28.57670200031096],[-81.3817920001428,28.576868999830413],[-81.38179999964039,28.57737100024749],[-81.38180300001343,28.577538999786004],[-81.38180499966326,28.57771999967881],[-81.3818139998841,28.578262999855124],[-81.38181700025714,28.57844500036346],[-81.38202300012146,28.5784420003013],[-81.38264300026258,28.578434999892917],[-81.3828499999518,28.578433999609143]]]},"properties":{"block_id":"120950127011011","school_id":"sch_princeton_elementary","kids_est":0,"class":"green","shortest":{"len_m":1103.6,"mean_c":36.71,"peak_c":37.0,"dose":56.9},"coolest":{"len_m":1103.6,"mean_c":36.71,"peak_c":37.0,"dose":56.9},"delta_mean_c":0.0,"delta_dose_pct":0,"distance_mi":0.383,"status_now":"walk","status_rec":"walk","reason":"Shortest route already under threshold (dose 57).","safe_until_hour":null}},{"type":"Feature","geometry":{"type":"Polygon","coordinates":[[[-81.3812289999031,28.57310299968526],[-81.38122499970514,28.57291400020315],[-81.38121399983447,28.572349999955748],[-81.38121100035974,28.572162000253265],[-81.3812079999867,28.57197900036288],[-81.38120100031401,28.571430999921212],[-81.38119999959078,28.57131099962208],[-81.38066599966338,28.571301999613866],[-81.38023600039139,28.571301999613866],[-81.38024499971392,28.57196000011462],[-81.38025599958458,28.572427999750452],[-81.38026300015557,28.57311400020811],[-81.38045599960111,28.573110999993883],[-81.38103499973433,28.57310299968526],[-81.38111900029823,28.573102000139645],[-81.3812289999031,28.57310299968526]]]},"properties":{"block_id":"120950127013011","school_id":"sch_princeton_elementary","kids_est":0,"class":"green","shortest":{"len_m":592.1,"mean_c":36.91,"peak_c":37.0,"dose":31.9},"coolest":{"len_m":592.8,"mean_c":36.86,"peak_c":37.0,"dose":31.5},"delta_mean_c":-0.05,"delta_dose_pct":-1,"distance_mi":0.208,"status_now":"walk","status_rec":"walk","reason":"Shortest route already under threshold (dose 32).","safe_until_hour":null}},{"type":"Feature","geometry":{"type":"Polygon","coordinates":[[[-81.3772799996259,28.5888780000054],[-81.37726499955728,28.58864500015801],[-81.37725899970948,28.58833500021055],[-81.37710100042406,28.588181000085147],[-81.3769420004154,28.588026000330416],[-81.37667399972848,28.587765000237265],[-81.37653200033658,28.587625999856716],[-81.37630800003059,28.58738599978863],[-81.37617199958815,28.587239999873635],[-81.37604799973958,28.587003999733533],[-81.37596800027197,28.586854000051048],[-81.37592399989104,28.58677099967727],[-81.37589499957872,28.58671600024879],[-81.37582599998174,28.586484999968686],[-81.37577999995099,28.586331000288855],[-81.3756610001253,28.585934000314676],[-81.3756400002089,28.585868999895947],[-81.3756259999652,28.585823999764553],[-81.37558599978222,28.585468999893376],[-81.37553999975147,28.58504299972807],[-81.37553700027675,28.58501600007047],[-81.37555599964502,28.58468400026704],[-81.37557400008667,28.58435699976384],[-81.37557800028463,28.584269000221887],[-81.37558099975936,28.58421899983977],[-81.37559900020102,28.583895000163757],[-81.37561599991946,28.583585999856822],[-81.37563000016316,28.583380999647467],[-81.37562699979011,28.583250000108627],[-81.37562500014029,28.5831059996625],[-81.37562199976723,28.582967999674448],[-81.37562000011742,28.582830999747184],[-81.37613399995331,28.58282300017776],[-81.37620799957317,28.58282300017776],[-81.37620500009842,28.58258900007885],[-81.37620500009842,28.582516000366162],[-81.37620400027352,28.582422999632268],[-81.37620400027352,28.582384000292446],[-81.37620599992334,28.582231999834967],[-81.37554700032248,28.582241999944493],[-81.37522799958195,28.582246000145748],[-81.37523299960483,28.582390999649125],[-81.37523799962769,28.58250900022895],[-81.37522099990925,28.582719000198075],[-81.37523199977991,28.58302699965716],[-81.37524699984851,28.58339199988435],[-81.37526000026732,28.583726999734253],[-81.37526799976493,28.584298999966432],[-81.37527600016084,28.584773999908602],[-81.37529100022945,28.585023000040792],[-81.37533100041243,28.585672000335332],[-81.37539099978856,28.585898999972844],[-81.375563000216,28.58654300013793],[-81.375675000369,28.586794999849104],[-81.37586600016472,28.58722600022769],[-81.37612300008266,28.58764700003384],[-81.37630300000772,28.58785699999648],[-81.37681199982075,28.588452000242143],[-81.37684500033103,28.588490000298563],[-81.37706000041618,28.588702999924546],[-81.3772799996259,28.5888780000054]]]},"properties":{"block_id":"120950153002023","school_id":"sch_princeton_elementary","kids_est":0,"class":"green","shortest":{"len_m":2097.6,"mean_c":36.71,"peak_c":37.0,"dose":108.3},"coolest":{"len_m":2098.9,"mean_c":36.66,"peak_c":37.0,"dose":106.4},"delta_mean_c":-0.05,"delta_dose_pct":-2,"distance_mi":0.912,"status_now":"walk","status_rec":"walk","reason":"Shortest route already under threshold (dose 108).","safe_until_hour":null}},{"type":"Feature","geometry":{"type":"Polygon","coordinates":[[[-81.39352600009816,28.56874400008216],[-81.39352100007528,28.56835600025707],[-81.39351500022751,28.567918999932502],[-81.39220999964796,28.56793099980314],[-81.39074599995807,28.567955999923807],[-81.38962100020188,28.56796599981259],[-81.38939400042116,28.567969999767836],[-81.38939400042116,28.56798499999313],[-81.38940600011674,28.56879599989307],[-81.3926840001992,28.56875700023452],[-81.39352600009816,28.56874400008216]]]},"properties":{"block_id":"120950126002012","school_id":"sch_princeton_elementary","kids_est":4,"class":"green","shortest":{"len_m":1229.8,"mean_c":37.41,"peak_c":37.7,"dose":75.5},"coolest":{"len_m":1244.7,"mean_c":37.31,"peak_c":37.5,"dose":74.4},"delta_mean_c":-0.1,"delta_dose_pct":-1,"distance_mi":0.517,"status_now":"walk","status_rec":"walk","reason":"Shortest route already under threshold (dose 76).","safe_until_hour":null}},{"type":"Feature","geometry":{"type":"Polygon","coordinates":[[[-81.39145499978764,28.567470999837134],[-81.39144999976476,28.56728900006721],[-81.3914380000692,28.56674499965858],[-81.39143499969614,28.566563999818623],[-81.3910229999675,28.56656900022377],[-81.38978699988324,28.56658700026014],[-81.38937599997952,28.566593000271638],[-81.38937799962933,28.56677299966705],[-81.38938400037543,28.56731499994093],[-81.38938699985017,28.567496000067074],[-81.38980000030205,28.56749200009381],[-81.39006700026573,28.567490000107124],[-81.39104100040916,28.567476000199164],[-81.39145499978764,28.567470999837134]]]},"properties":{"block_id":"120950126002019","school_id":"sch_princeton_elementary","kids_est":3,"class":"green","shortest":{"len_m":1184.8,"mean_c":37.42,"peak_c":37.7,"dose":72.9},"coolest":{"len_m":1199.7,"mean_c":37.32,"peak_c":37.5,"dose":71.8},"delta_mean_c":-0.1,"delta_dose_pct":-2,"distance_mi":0.521,"status_now":"walk","status_rec":"walk","reason":"Shortest route already under threshold (dose 73).","safe_until_hour":null}},{"type":"Feature","geometry":{"type":"Polygon","coordinates":[[[-81.39144300009208,28.566549000179737],[-81.3914389998941,28.566384000065664],[-81.39142999967329,28.56583799969437],[-81.39142700019853,28.565656999872377],[-81.39101399974668,28.565660999915394],[-81.3901009997026,28.565673000043518],[-81.38977699983751,28.565679999723134],[-81.38936500010885,28.56568999982821],[-81.38936699975868,28.56586999997926],[-81.38937299960646,28.5664120001702],[-81.38937599997952,28.566593000271638],[-81.38978699988324,28.56658700026014],[-81.3910229999675,28.56656900022377],[-81.39143499969614,28.566563999818623],[-81.39144300009208,28.566549000179737]]]},"properties":{"block_id":"120950126003000","school_id":"sch_princeton_elementary","kids_est":0,"class":"green","shortest":{"len_m":1252.3,"mean_c":37.42,"peak_c":37.7,"dose":77.1},"coolest":{"len_m":1267.2,"mean_c":37.33,"peak_c":37.5,"dose":76.0},"delta_mean_c":-0.09,"delta_dose_pct":-1,"distance_mi":0.565,"status_now":"walk","status_rec":"walk","reason":"Shortest route already under threshold (dose 77).","safe_until_hour":null}},{"type":"Feature","geometry":{"type":"Polygon","coordinates":[[[-81.38935199969005,28.56478300023897],[-81.38933900016958,28.563858000222503],[-81.38933599979654,28.563679999845323],[-81.38932800029893,28.563146999703388],[-81.38932599975081,28.562970000132456],[-81.38932400010097,28.56288699984776],[-81.38932099972793,28.56263800017898],[-81.389319999903,28.562554999632486],[-81.38911599968851,28.562558000147686],[-81.3885080001413,28.562567999760446],[-81.3883049997517,28.562571999920863],[-81.38830800012474,28.562745000007435],[-81.38831700034558,28.563264999777974],[-81.38832099964523,28.563438999940793],[-81.38779000009089,28.563445000131715],[-81.38619699963125,28.563464999976645],[-81.38611999963835,28.563465999613797],[-81.38566699990184,28.563475000292247],[-81.38567000027487,28.56336999969296],[-81.38566100005404,28.56270999983958],[-81.38566100005404,28.56262399962562],[-81.38564900035847,28.562609000214117],[-81.3856080003506,28.56261100029356],[-81.38558599971097,28.56261100029356],[-81.38554200022836,28.56261300037297],[-81.38545600001463,28.56262299998053],[-81.3852429995793,28.56266599970216],[-81.3850869999437,28.56270999983958],[-81.38464199970477,28.562884000130932],[-81.384643000428,28.56290499972496],[-81.38465699977338,28.563752000371025],[-81.38467100001706,28.56409099975166],[-81.38468299971265,28.564834999640254],[-81.38488399955409,28.564831999978946],[-81.38548799980168,28.564825000242916],[-81.38569000036637,28.564823000205543],[-81.38569500038922,28.56462700030287],[-81.38570200006194,28.56458799988825],[-81.38573100037424,28.564522999691043],[-81.38575300011556,28.564494999872895],[-81.3858049999941,28.56444500034823],[-81.38584299962893,28.56442000018245],[-81.38589299985763,28.564397999684516],[-81.38593300004061,28.564386999828336],[-81.3859670003758,28.5643820001085],[-81.38609000039945,28.564375000342483],[-81.3866939997487,28.56437100025059],[-81.38799099993234,28.564354000252834],[-81.38805399968153,28.56435800034538],[-81.38812400000172,28.564373000296573],[-81.38819199977378,28.564405999866096],[-81.38826100026907,28.56445600019834],[-81.38829399988103,28.564494000245563],[-81.38825200004825,28.564792000015796],[-81.38851300016415,28.564789999977787],[-81.38935199969005,28.56478300023897]]]},"properties":{"block_id":"120950189011003","school_id":"sch_princeton_elementary","kids_est":12,"class":"green","shortest":{"len_m":1047.6,"mean_c":37.44,"peak_c":37.7,"dose":64.9},"coolest":{"len_m":1047.6,"mean_c":37.44,"peak_c":37.7,"dose":64.9},"delta_mean_c":0.0,"delta_dose_pct":0,"distance_mi":0.605,"status_now":"walk","status_rec":"walk","reason":"Shortest route already under threshold (dose 65).","safe_until_hour":null}},{"type":"Feature","geometry":{"type":"Polygon","coordinates":[[[-81.39347699969436,28.564728000358688],[-81.39347400021963,28.564545999789704],[-81.39346699964862,28.564002999824183],[-81.39346499999878,28.563822000002077],[-81.39335000037107,28.563815000198876],[-81.39305499991995,28.563817000255405],[-81.39182499968348,28.56382899980481],[-81.39141499960466,28.563832999917352],[-81.39141100030503,28.563914000190294],[-81.39141100030503,28.5640170001941],[-81.39141299995485,28.564422999855502],[-81.3914160003279,28.564570999925497],[-81.39141999962754,28.564756000114837],[-81.39183100042959,28.564750999623563],[-81.39270900031354,28.564743000257135],[-81.39306499996572,28.564735999726196],[-81.39347699969436,28.564728000358688]]]},"properties":{"block_id":"120950126003016","school_id":"sch_princeton_elementary","kids_est":2,"class":"red","shortest":{"len_m":1805.8,"mean_c":37.45,"peak_c":37.7,"dose":111.9},"coolest":{"len_m":1848.4,"mean_c":37.31,"peak_c":37.4,"dose":110.5},"delta_mean_c":-0.14,"delta_dose_pct":-1,"distance_mi":0.742,"status_now":"walk","status_rec":"bus_eligible","reason":"Coolest route mean 37.3C exceeds threshold (110 C-min dose, actual 110).","safe_until_hour":"14:00"}},{"type":"Feature","geometry":{"type":"Polygon","coordinates":[[[-81.37276700018239,28.579126999918117],[-81.37282099971075,28.579046999801406],[-81.37270699990795,28.57904999984633],[-81.37254299987642,28.579048000079354],[-81.37248199977705,28.579048000079354],[-81.37146699962572,28.579054000169055],[-81.37132000021096,28.579055999935917],[-81.3712199997535,28.579057000213762],[-81.37117200007295,28.579057000213762],[-81.37112900041524,28.579057000213762],[-81.37100200019363,28.57949099999649],[-81.37090900030721,28.57975300038707],[-81.37090599993415,28.57976499969687],[-81.37079200013133,28.580045000294295],[-81.37069300039715,28.580260000204817],[-81.37059600031277,28.58044899989896],[-81.37048300033486,28.580644000041275],[-81.37036100013613,28.580826999846014],[-81.37023300008961,28.58099699990517],[-81.3700709997079,28.581188000367742],[-81.36994299966138,28.581323000345044],[-81.36972000007862,28.5815330003159],[-81.36969800033731,28.581551000158623],[-81.36955500022218,28.58167099982051],[-81.36939700003843,28.58178899963055],[-81.36926300014413,28.581882000136257],[-81.36851199958345,28.582320999750614],[-81.36909599973956,28.582336999754087],[-81.36956699991775,28.581927000376886],[-81.36962600036729,28.581873999705795],[-81.36976799975919,28.581751999771175],[-81.36983600042957,28.581694000114712],[-81.3699300001409,28.58161300011933],[-81.37231000024791,28.57956799974543],[-81.37268699981645,28.579219999622325],[-81.37276700018239,28.579126999918117]]]},"properties":{"block_id":"120950188001000","school_id":"sch_princeton_elementary","kids_est":4,"class":"green","shortest":{"len_m":2030.2,"mean_c":36.69,"peak_c":37.0,"dose":103.6},"coolest":{"len_m":2030.2,"mean_c":36.69,"peak_c":37.0,"dose":103.6},"delta_mean_c":0.0,"delta_dose_pct":0,"distance_mi":0.966,"status_now":"walk","status_rec":"walk","reason":"Shortest route already under threshold (dose 104).","safe_until_hour":null}},{"type":"Feature","geometry":{"type":"Polygon","coordinates":[[[-81.37284500000021,28.573145999858095],[-81.37281499986297,28.572212999609835],[-81.37279099957354,28.571396999837212],[-81.37229099998133,28.57139400036297],[-81.37225599982125,28.573159999800495],[-81.37284500000021,28.573145999858095]]]},"properties":{"block_id":"120950188001026","school_id":"sch_princeton_elementary","kids_est":0,"class":"green","shortest":{"len_m":1439.9,"mean_c":36.92,"peak_c":37.2,"dose":78.3},"coolest":{"len_m":1441.6,"mean_c":36.92,"peak_c":37.2,"dose":78.2},"delta_mean_c":0.0,"delta_dose_pct":0,"distance_mi":0.705,"status_now":"walk","status_rec":"walk","reason":"Shortest route already under threshold (dose 78).","safe_until_hour":null}},{"type":"Feature","geometry":{"type":"Polygon","coordinates":[[[-81.38946499966796,28.572739000379993],[-81.38945499962222,28.572059000332562],[-81.38936000008597,28.572008999668366],[-81.3893059996593,28.57196700016495],[-81.38923799988726,28.571953000063804],[-81.38906899983284,28.571930000006287],[-81.38896599990069,28.571921000051006],[-81.38878599997564,28.571917000245907],[-81.38805299985661,28.57192199960778],[-81.38803600013817,28.571983999721752],[-81.3880229997194,28.572029999808215],[-81.38801600004669,28.57208100001771],[-81.38801000019892,28.5721329997573],[-81.38799699978011,28.572187999711755],[-81.38798799955929,28.572240000187403],[-81.3879809998866,28.572293999743763],[-81.38798300043473,28.57234400027252],[-81.3879740002139,28.57242200007173],[-81.38797599986371,28.572478999767064],[-81.38797800041186,28.572531000098824],[-81.38797099984085,28.572583999955402],[-81.38797900023677,28.57263499989634],[-81.38798300043473,28.57268399992459],[-81.38797199966575,28.572752000038747],[-81.38946499966796,28.572739000379993]]]},"properties":{"block_id":"120950127012017","school_id":"sch_princeton_elementary","kids_est":2,"class":"green","shortest":{"len_m":588.5,"mean_c":37.18,"peak_c":37.3,"dose":34.1},"coolest":{"len_m":588.5,"mean_c":37.18,"peak_c":37.3,"dose":34.1},"delta_mean_c":0.0,"delta_dose_pct":0,"distance_mi":0.277,"status_now":"walk","status_rec":"walk","reason":"Shortest route already under threshold (dose 34).","safe_until_hour":null}},{"type":"Feature","geometry":{"type":"Polygon","coordinates":[[[-81.38573999969677,28.571239000323608],[-81.38573700022202,28.571194000244002],[-81.38573600039712,28.571143000393427],[-81.38486199981278,28.571143000393427],[-81.38476999975128,28.571151000062223],[-81.38476999975128,28.571259000265165],[-81.3848690003838,28.57125200016771],[-81.38573999969677,28.571239000323608]]]},"properties":{"block_id":"120950127012021","school_id":"sch_princeton_elementary","kids_est":0,"class":"green","shortest":{"len_m":182.8,"mean_c":37.09,"peak_c":37.2,"dose":10.3},"coolest":{"len_m":182.8,"mean_c":37.09,"peak_c":37.2,"dose":10.3},"delta_mean_c":0.0,"delta_dose_pct":0,"distance_mi":0.097,"status_now":"walk","status_rec":"walk","reason":"Shortest route already under threshold (dose 10).","safe_until_hour":null}},{"type":"Feature","geometry":{"type":"Polygon","coordinates":[[[-81.38476999975128,28.571259000265165],[-81.38476999975128,28.571151000062223],[-81.38469299975839,28.57115899973041],[-81.38380200035395,28.571169999667656],[-81.38380499982868,28.571281000117636],[-81.38394100027111,28.571279000202967],[-81.3845019999627,28.571266000362133],[-81.38476999975128,28.571259000265165]]]},"properties":{"block_id":"120950127012020","school_id":"sch_princeton_elementary","kids_est":0,"class":"green","shortest":{"len_m":289.3,"mean_c":37.1,"peak_c":37.2,"dose":16.5},"coolest":{"len_m":289.3,"mean_c":37.1,"peak_c":37.2,"dose":16.5},"delta_mean_c":0.0,"delta_dose_pct":0,"distance_mi":0.07,"status_now":"walk","status_rec":"walk","reason":"Shortest route already under threshold (dose 16).","safe_until_hour":null}},{"type":"Feature","geometry":{"type":"Polygon","coordinates":[[[-81.38380499982868,28.571281000117636],[-81.38380200035395,28.571169999667656],[-81.38306099983902,28.571180000039924],[-81.38274299982169,28.571181000392677],[-81.38274700001965,28.571288000213155],[-81.38322499987054,28.571284000384036],[-81.38380499982868,28.571281000117636]]]},"properties":{"block_id":"120950127012019","school_id":"sch_princeton_elementary","kids_est":0,"class":"green","shortest":{"len_m":357.7,"mean_c":37.1,"peak_c":37.2,"dose":20.3},"coolest":{"len_m":357.7,"mean_c":37.1,"peak_c":37.2,"dose":20.3},"delta_mean_c":0.0,"delta_dose_pct":0,"distance_mi":0.087,"status_now":"walk","status_rec":"walk","reason":"Shortest route already under threshold (dose 20).","safe_until_hour":null}},{"type":"Feature","geometry":{"type":"Polygon","coordinates":[[[-81.38274700001965,28.571288000213155],[-81.38274299982169,28.571181000392677],[-81.38171299960176,28.57118500022571],[-81.3817169997997,28.57129700022258],[-81.38213600009938,28.571284000384036],[-81.38274700001965,28.571288000213155]]]},"properties":{"block_id":"120950127013019","school_id":"sch_princeton_elementary","kids_est":0,"class":"green","shortest":{"len_m":494.3,"mean_c":37.08,"peak_c":37.2,"dose":27.9},"coolest":{"len_m":494.3,"mean_c":37.08,"peak_c":37.2,"dose":27.9},"delta_mean_c":0.0,"delta_dose_pct":0,"distance_mi":0.136,"status_now":"walk","status_rec":"walk","reason":"Shortest route already under threshold (dose 28).","safe_until_hour":null}},{"type":"Feature","geometry":{"type":"Polygon","coordinates":[[[-81.38066599966338,28.571301999613866],[-81.3806589999907,28.57118999962237],[-81.3804620003472,28.57119099997502],[-81.37947399996006,28.571194000244002],[-81.37913500002635,28.571203000261455],[-81.37913800039941,28.57132400024622],[-81.3792089996462,28.57131099962208],[-81.38023600039139,28.571301999613866],[-81.38066599966338,28.571301999613866]]]},"properties":{"block_id":"120950127013016","school_id":"sch_princeton_elementary","kids_est":0,"class":"green","shortest":{"len_m":638.8,"mean_c":37.06,"peak_c":37.2,"dose":35.9},"coolest":{"len_m":638.8,"mean_c":37.06,"peak_c":37.2,"dose":35.9},"delta_mean_c":0.0,"delta_dose_pct":0,"distance_mi":0.267,"status_now":"walk","status_rec":"walk","reason":"Shortest route already under threshold (dose 36).","safe_until_hour":null}},{"type":"Feature","geometry":{"type":"Polygon","coordinates":[[[-81.37704600017248,28.571358000353797],[-81.37706100024108,28.571232999788144],[-81.37671999975925,28.57123699961921],[-81.376224000365,28.571221999857485],[-81.37618199963389,28.57122100029407],[-81.3761110003871,28.57121900037826],[-81.37583400037767,28.571218000025876],[-81.37583400037767,28.571362999742245],[-81.37619000002982,28.57135399973847],[-81.37622500018992,28.571351000262933],[-81.37704600017248,28.571358000353797]]]},"properties":{"block_id":"120950127013002","school_id":"sch_princeton_elementary","kids_est":0,"class":"green","shortest":{"len_m":1010.6,"mean_c":37.0,"peak_c":37.2,"dose":55.8},"coolest":{"len_m":1010.6,"mean_c":37.0,"peak_c":37.2,"dose":55.8},"delta_mean_c":0.0,"delta_dose_pct":0,"distance_mi":0.474,"status_now":"walk","status_rec":"walk","reason":"Shortest route already under threshold (dose 56).","safe_until_hour":null}},{"type":"Feature","geometry":{"type":"Polygon","coordinates":[[[-81.37563699983586,28.571360000266974],[-81.37563600001096,28.571216999673464],[-81.37527600016084,28.571216999673464],[-81.37527699998576,28.571358000353797],[-81.37563699983586,28.571360000266974]]]},"properties":{"block_id":"120950188001036","school_id":"sch_princeton_elementary","kids_est":0,"class":"green","shortest":{"len_m":1119.5,"mean_c":36.98,"peak_c":37.2,"dose":61.5},"coolest":{"len_m":1119.5,"mean_c":36.98,"peak_c":37.2,"dose":61.5},"delta_mean_c":0.0,"delta_dose_pct":0,"distance_mi":0.532,"status_now":"walk","status_rec":"walk","reason":"Shortest route already under threshold (dose 62).","safe_until_hour":null}},{"type":"Feature","geometry":{"type":"Polygon","coordinates":[[[-81.37416499975005,28.572212999609835],[-81.37414700020669,28.571385999923717],[-81.37345500009556,28.571389999748956],[-81.37279099957354,28.571396999837212],[-81.37281499986297,28.572212999609835],[-81.37416499975005,28.572212999609835]]]},"properties":{"block_id":"120950188001030","school_id":"sch_princeton_elementary","kids_est":0,"class":"green","shortest":{"len_m":1330.3,"mean_c":36.93,"peak_c":37.2,"dose":72.5},"coolest":{"len_m":1330.3,"mean_c":36.93,"peak_c":37.2,"dose":72.5},"delta_mean_c":0.0,"delta_dose_pct":0,"distance_mi":0.649,"status_now":"walk","status_rec":"walk","reason":"Shortest route already under threshold (dose 72).","safe_until_hour":null}},{"type":"Feature","geometry":{"type":"Polygon","coordinates":[[[-81.37279099957354,28.571396999837212],[-81.37278899992371,28.571315999801637],[-81.37278600044898,28.57123699961921],[-81.37199700025346,28.571293000393805],[-81.37180499973454,28.57129700022258],[-81.371760000427,28.57129799978527],[-81.37175100020616,28.571344999733867],[-81.37173799978736,28.571409000100164],[-81.37178299999321,28.571407999749574],[-81.37229099998133,28.57139400036297],[-81.37279099957354,28.571396999837212]]]},"properties":{"block_id":"120950188001032","school_id":"sch_princeton_elementary","kids_est":0,"class":"green","shortest":{"len_m":1425.7,"mean_c":36.92,"peak_c":37.2,"dose":77.6},"coolest":{"len_m":1425.7,"mean_c":36.92,"peak_c":37.2,"dose":77.6},"delta_mean_c":0.0,"delta_dose_pct":0,"distance_mi":0.722,"status_now":"walk","status_rec":"walk","reason":"Shortest route already under threshold (dose 78).","safe_until_hour":null}},{"type":"Feature","geometry":{"type":"Polygon","coordinates":[[[-81.37420900013099,28.574061999713987],[-81.3741830001917,28.573149999616415],[-81.37284500000021,28.573145999858095],[-81.37287299958929,28.574063000039324],[-81.37420900013099,28.574061999713987]]]},"properties":{"block_id":"120950188001029","school_id":"sch_princeton_elementary","kids_est":0,"class":"green","shortest":{"len_m":1500.2,"mean_c":36.68,"peak_c":37.0,"dose":76.5},"coolest":{"len_m":1500.2,"mean_c":36.68,"peak_c":37.0,"dose":76.5},"delta_mean_c":0.0,"delta_dose_pct":0,"distance_mi":0.653,"status_now":"walk","status_rec":"walk","reason":"Shortest route already under threshold (dose 76).","safe_until_hour":null}},{"type":"Feature","geometry":{"type":"Polygon","coordinates":[[[-81.3741830001917,28.573149999616415],[-81.37417899999375,28.572961999765692],[-81.37416800012309,28.57239999966897],[-81.37416499975005,28.572212999609835],[-81.37281499986297,28.572212999609835],[-81.37284500000021,28.573145999858095],[-81.3741830001917,28.573149999616415]]]},"properties":{"block_id":"120950188001027","school_id":"sch_princeton_elementary","kids_est":0,"class":"green","shortest":{"len_m":1546.0,"mean_c":36.9,"peak_c":37.2,"dose":83.6},"coolest":{"len_m":1547.7,"mean_c":36.9,"peak_c":37.2,"dose":83.5},"delta_mean_c":0.0,"delta_dose_pct":0,"distance_mi":0.648,"status_now":"walk","status_rec":"walk","reason":"Shortest route already under threshold (dose 84).","safe_until_hour":null}},{"type":"Feature","geometry":{"type":"Polygon","coordinates":[[[-81.37225599982125,28.573159999800495],[-81.37229099998133,28.57139400036297],[-81.37178299999321,28.571407999749574],[-81.37173799978736,28.571409000100164],[-81.37139200018096,28.573105000354126],[-81.3713450003253,28.573332999836662],[-81.37129699974642,28.573616999940427],[-81.37127099980715,28.573817000186718],[-81.37125099971567,28.57411000033053],[-81.37129400027167,28.574112999727344],[-81.37144400005951,28.57412400014464],[-81.37223300025502,28.574187999609272],[-81.37225599982125,28.573159999800495]]]},"properties":{"block_id":"120950188001021","school_id":"sch_princeton_elementary","kids_est":0,"class":"green","shortest":{"len_m":1717.3,"mean_c":36.69,"peak_c":37.0,"dose":87.6},"coolest":{"len_m":1717.4,"mean_c":36.69,"peak_c":37.0,"dose":87.5},"delta_mean_c":0.0,"delta_dose_pct":0,"distance_mi":0.749,"status_now":"walk","status_rec":"walk","reason":"Shortest route already under threshold (dose 88).","safe_until_hour":null}},{"type":"Feature","geometry":{"type":"Polygon","coordinates":[[[-81.37527699998576,28.571358000353797],[-81.37527600016084,28.571216999673464],[-81.37483199974683,28.57121600011],[-81.37346900033927,28.571239999886856],[-81.37330199993468,28.57123000030923],[-81.37278600044898,28.57123699961921],[-81.37278899992371,28.571315999801637],[-81.37279099957354,28.571396999837212],[-81.37345500009556,28.571389999748956],[-81.37414700020669,28.571385999923717],[-81.37527699998576,28.571358000353797]]]},"properties":{"block_id":"120950188001031","school_id":"sch_princeton_elementary","kids_est":0,"class":"green","shortest":{"len_m":1254.7,"mean_c":36.95,"peak_c":37.2,"dose":68.6},"coolest":{"len_m":1254.7,"mean_c":36.95,"peak_c":37.2,"dose":68.6},"delta_mean_c":0.0,"delta_dose_pct":0,"distance_mi":0.619,"status_now":"walk","status_rec":"walk","reason":"Shortest route already under threshold (dose 69).","safe_until_hour":null}},{"type":"Feature","geometry":{"type":"Polygon","coordinates":[[[-81.37531399979567,28.569496000004676],[-81.37531100032093,28.569356000354926],[-81.37530100027519,28.568814000337454],[-81.37529899972705,28.568684999977325],[-81.37529100022945,28.568633999699575],[-81.3747730001956,28.568646999865525],[-81.37462300040775,28.568650999794894],[-81.37322199956874,28.5686589996532],[-81.37270500025814,28.568661999994383],[-81.37271100010591,28.56885200038895],[-81.37272899964925,28.569422000303177],[-81.37273500039534,28.569612000114383],[-81.37325099988107,28.569604000328567],[-81.37479999995978,28.569582999704497],[-81.37524199982565,28.569578000231534],[-81.37527199996288,28.56956700012779],[-81.37530100027519,28.569535000178274],[-81.37531399979567,28.569496000004676]]]},"properties":{"block_id":"120950188001037","school_id":"sch_princeton_elementary","kids_est":2,"class":"green","shortest":{"len_m":1433.5,"mean_c":36.95,"peak_c":37.2,"dose":78.5},"coolest":{"len_m":1433.5,"mean_c":36.95,"peak_c":37.2,"dose":78.5},"delta_mean_c":0.0,"delta_dose_pct":0,"distance_mi":0.652,"status_now":"walk","status_rec":"walk","reason":"Shortest route already under threshold (dose 78).","safe_until_hour":null}},{"type":"Feature","geometry":{"type":"Polygon","coordinates":[[[-81.38447199982545,28.564651000004655],[-81.38446000012988,28.564293000006128],[-81.38442900016774,28.564143999914496],[-81.38442900016774,28.56401799982596],[-81.3843980002056,28.563957000173495],[-81.38431700001476,28.5638470003099],[-81.3842299999761,28.563770000100227],[-81.38413600026477,28.56372099986579],[-81.38401800026402,28.563681999904414],[-81.38388699984445,28.563670999973336],[-81.38372500036104,28.563638000173352],[-81.3835320000172,28.563566000358648],[-81.38258499963793,28.563345999699123],[-81.38240399988798,28.56331299979717],[-81.38198600031154,28.563290999856864],[-81.38158700010337,28.563351000257164],[-81.38144999983602,28.563395000108144],[-81.3812570003905,28.56348299975498],[-81.38089499999224,28.563625999813176],[-81.38076399957266,28.5636640001601],[-81.38053400031723,28.563670000338195],[-81.38043999970758,28.563636999748898],[-81.38038399963108,28.5635869998166],[-81.3803719999355,28.563532000100288],[-81.38037799978329,28.563477000355228],[-81.38042800001202,28.563388999914373],[-81.380540000165,28.563279000246066],[-81.38101399981794,28.562860999669063],[-81.3811450002375,28.56277899973105],[-81.38136299979739,28.562662999979047],[-81.38151900033132,28.56260799977988],[-81.38170599992905,28.562558999793385],[-81.38208000002288,28.562498000084318],[-81.38224800025236,28.56240999961391],[-81.38232900044322,28.562332999930923],[-81.38267300039982,28.56178899994081],[-81.38273500032409,28.561668000037972],[-81.38276600028622,28.561563000003005],[-81.38279100040057,28.56143699998057],[-81.38279700024837,28.56133199971518],[-81.38277299995892,28.561155999907022],[-81.38272899957799,28.561062000355147],[-81.38254799982802,28.560797999855403],[-81.38233000026814,28.56062800029482],[-81.38204400003787,28.560440000164142],[-81.38188800040226,28.560357999917986],[-81.38181300005918,28.560303000092382],[-81.3815889997532,28.56020899977875],[-81.3814330001176,28.560165000173882],[-81.38122100040549,28.56013200006368],[-81.38084700031168,28.56009899994312],[-81.3806730002344,28.56008799963759],[-81.38049199958611,28.56008799963759],[-81.38002200013115,28.560127000141723],[-81.3799760001004,28.560129999937125],[-81.37961100022741,28.560703000320483],[-81.37960000035675,28.56076900017253],[-81.3795740004175,28.560921999742234],[-81.37955900034888,28.56094499983876],[-81.37970599976366,28.56114400005281],[-81.3797500001446,28.561314000357974],[-81.37965600043326,28.56148999990193],[-81.37955000012803,28.56184799996688],[-81.3793500001115,28.562134000386877],[-81.37908800017068,28.562580000241255],[-81.37898199986547,28.56288200005668],[-81.37877000015337,28.563174000240295],[-81.37853900017468,28.563460000213016],[-81.37845799998384,28.56358600018059],[-81.3783209997165,28.563729000098828],[-81.3782029997157,28.56377299979185],[-81.37787200017792,28.563828000171153],[-81.37782899962188,28.563822999635782],[-81.37772900006277,28.563877999989014],[-81.37752999987116,28.56385600016676],[-81.3774760003428,28.56383799966327],[-81.377286000372,28.564113999944656],[-81.37749200023632,28.564152999746014],[-81.37781600010142,28.564197000050708],[-81.37794699962267,28.56418600017352],[-81.37810300015659,28.56418600017352],[-81.3782520001195,28.56415800026571],[-81.37834599983084,28.56417500029513],[-81.37844600028826,28.564169999776247],[-81.37881299981106,28.563983000081425],[-81.37891900011628,28.56393899968728],[-81.37907499975188,28.56389999980668],[-81.37920000032366,28.56389500006366],[-81.3794620002645,28.563921999619684],[-81.37964200018955,28.56389999980668],[-81.37978000028181,28.563873000245003],[-81.37982299993952,28.5638889998984],[-81.37985399990166,28.56392300004143],[-81.37987300016823,28.56396699965335],[-81.37992300039694,28.564186999803766],[-81.37993500009252,28.564286000234247],[-81.37992900024473,28.56441800013738],[-81.3797789995586,28.564737000140205],[-81.37976000019033,28.564825000242916],[-81.37977299971081,28.564917999966667],[-81.37981000041904,28.565062000063886],[-81.37987200034333,28.56519900025293],[-81.3799409999403,28.56530900028138],[-81.38005899994106,28.565722000158097],[-81.38038299980616,28.566173000221912],[-81.38070099982347,28.566392999705624],[-81.38078799986212,28.56649300003612],[-81.38088800031954,28.566563999818623],[-81.38108099976509,28.566629999940204],[-81.38126800026114,28.566669000386998],[-81.38148599982104,28.56670200002556],[-81.38162300008838,28.566734999653757],[-81.38192199983915,28.56676800006058],[-81.38239600039037,28.56680099966809],[-81.38290699985322,28.56680699966734],[-81.38314399967969,28.566780000062487],[-81.38328699979482,28.566796000062944],[-81.38343699958264,28.56680200006247],[-81.38364900019306,28.5667629996649],[-81.38384199963859,28.56648300000737],[-81.38388600001953,28.566400000126336],[-81.38392299982947,28.56616900019837],[-81.3839610003626,28.566114000253524],[-81.38400999986808,28.566065000321405],[-81.38413500043987,28.565855999855835],[-81.38426000011334,28.565691000233148],[-81.38432200003764,28.565574999745873],[-81.38442199959674,28.56523400038205],[-81.38445299955887,28.565057999998107],[-81.38447199982545,28.564651000004655]]]},"properties":{"block_id":"120950127013035","school_id":"sch_princeton_elementary","kids_est":0,"class":"green","shortest":{"len_m":1363.6,"mean_c":37.56,"peak_c":37.8,"dose":86.5},"coolest":{"len_m":1363.9,"mean_c":37.56,"peak_c":37.8,"dose":86.4},"delta_mean_c":0.0,"delta_dose_pct":0,"distance_mi":0.605,"status_now":"walk","status_rec":"walk","reason":"Shortest route already under threshold (dose 86).","safe_until_hour":null}},{"type":"Feature","geometry":{"type":"Polygon","coordinates":[[[-81.3817169997997,28.57129700022258],[-81.38171299960176,28.57118500022571],[-81.38143599959233,28.57118700014216],[-81.3806589999907,28.57118999962237],[-81.38066599966338,28.571301999613866],[-81.38119999959078,28.57131099962208],[-81.3817169997997,28.57129700022258]]]},"properties":{"block_id":"120950127013017","school_id":"sch_princeton_elementary","kids_est":0,"class":"green","shortest":{"len_m":544.6,"mean_c":37.07,"peak_c":37.2,"dose":30.7},"coolest":{"len_m":544.6,"mean_c":37.07,"peak_c":37.2,"dose":30.7},"delta_mean_c":0.0,"delta_dose_pct":0,"distance_mi":0.192,"status_now":"walk","status_rec":"walk","reason":"Shortest route already under threshold (dose 31).","safe_until_hour":null}},{"type":"Feature","geometry":{"type":"Polygon","coordinates":[[[-81.39142700019853,28.565656999872377],[-81.39142600037364,28.565568999676387],[-81.39142300000059,28.565305000224992],[-81.39142300000059,28.56521699973465],[-81.3910089997238,28.565218999764543],[-81.38977099998974,28.56522699988378],[-81.38935800043616,28.5652300003228],[-81.38935900026107,28.565322000069113],[-81.38936299956072,28.56559799961462],[-81.38936500010885,28.56568999982821],[-81.38977699983751,28.565679999723134],[-81.3901009997026,28.565673000043518],[-81.39101399974668,28.565660999915394],[-81.39142700019853,28.565656999872377]]]},"properties":{"block_id":"120950126003013","school_id":"sch_princeton_elementary","kids_est":0,"class":"green","shortest":{"len_m":1286.3,"mean_c":37.42,"peak_c":37.7,"dose":79.2},"coolest":{"len_m":1301.2,"mean_c":37.34,"peak_c":37.5,"dose":78.1},"delta_mean_c":-0.08,"delta_dose_pct":-1,"distance_mi":0.6,"status_now":"walk","status_rec":"walk","reason":"Shortest route already under threshold (dose 79).","safe_until_hour":null}},{"type":"Feature","geometry":{"type":"Polygon","coordinates":[[[-81.37287799961217,28.574227999945183],[-81.37287299958929,28.574063000039324],[-81.37284500000021,28.573145999858095],[-81.37225599982125,28.573159999800495],[-81.37223300025502,28.574187999609272],[-81.37274100024312,28.574226000086533],[-81.37287799961217,28.574227999945183]]]},"properties":{"block_id":"120950188001022","school_id":"sch_princeton_elementary","kids_est":0,"class":"green","shortest":{"len_m":1540.3,"mean_c":36.69,"peak_c":37.0,"dose":78.6},"coolest":{"len_m":1540.4,"mean_c":36.69,"peak_c":37.0,"dose":78.5},"delta_mean_c":0.0,"delta_dose_pct":0,"distance_mi":0.712,"status_now":"walk","status_rec":"walk","reason":"Shortest route already under threshold (dose 79).","safe_until_hour":null}}]}