{"type":"FeatureCollection","features":[{"type":"Feature","geometry":{"type":"Polygon","coordinates":[[[-81.41511400039239,28.638233000135795],[-81.41509400030093,28.637939000077775],[-81.41508500008008,28.63780400030614],[-81.41503099965341,28.63716799993878],[-81.41494899963764,28.636354999861748],[-81.41484300023076,28.636354999861748],[-81.41434799976311,28.63637100030999],[-81.41388800035388,28.636372999774533],[-81.41292900027906,28.636354000129305],[-81.41087399986206,28.636381999729736],[-81.4108329998542,28.636381999729736],[-81.41083799987705,28.636427000282822],[-81.41087999970983,28.636766000254518],[-81.41089200030373,28.637290000181668],[-81.41089300012864,28.63756000008549],[-81.41089399995356,28.638006999756833],[-81.41089399995356,28.638197000156847],[-81.41096500009866,28.638199000375028],[-81.4129379996016,28.638211999821092],[-81.41471299963611,28.63822400033929],[-81.41511400039239,28.638233000135795]],[[-81.4143329996945,28.63654299984982],[-81.41433600006754,28.636641000213327],[-81.41433199986959,28.637270999914033],[-81.41426499992244,28.637271999637736],[-81.4141920001275,28.637270000190316],[-81.4140799999745,28.63724400027474],[-81.41406499990589,28.63726700023075],[-81.41403099957071,28.637362999683933],[-81.41401800005023,28.637418999915763],[-81.41399899978366,28.63747299988575],[-81.41399600030891,28.637528000337554],[-81.41399600030891,28.637599000233156],[-81.4139949995857,28.637686000328422],[-81.41399399976078,28.63773299976089],[-81.41399299993587,28.637766999672642],[-81.41399299993587,28.63779000030238],[-81.41399700013383,28.638087999641623],[-81.41397100019456,28.638114000136444],[-81.41392799963855,28.63812000000713],[-81.41381499966064,28.63812299994239],[-81.41331900026641,28.638134999682382],[-81.41223100032016,28.638161999880776],[-81.41123000041253,28.638186999853918],[-81.41114500002371,28.638189000072238],[-81.41108399992434,28.63816100016556],[-81.41112300028242,28.638117000071865],[-81.41111700043463,28.63806700008627],[-81.41110700038888,28.638016000360324],[-81.41110300019092,28.637945999675757],[-81.41110099964278,28.637897999832596],[-81.41109899999296,28.63785099968567],[-81.41109700034315,28.637802999799117],[-81.41109700034315,28.637751000225652],[-81.41110099964278,28.637704000012892],[-81.41110099964278,28.637644999984378],[-81.41109999981788,28.63759600028298],[-81.4110959996199,28.63753100028973],[-81.41109899999296,28.63748300025673],[-81.41109099959705,28.637458000115846],[-81.41109099959705,28.637399999671512],[-81.41109200032027,28.637344000218025],[-81.41108999977213,28.63728700022261],[-81.41108999977213,28.637227999959624],[-81.41109300014519,28.637164999976285],[-81.41109200032027,28.637107999883682],[-81.4110880001223,28.637056999691527],[-81.41108599957417,28.637004000022173],[-81.4110870002974,28.636946000115298],[-81.41108599957417,28.636912999664574],[-81.41110099964278,28.63689499984442],[-81.4111290001302,28.636856000223514],[-81.4111719997879,28.636813999827076],[-81.41120899959783,28.636778999878118],[-81.41126300002449,28.636729000043374],[-81.41132800032183,28.636670000255066],[-81.41140600013964,28.636591000312833],[-81.41145899984306,28.63654599983015],[-81.41151400009466,28.636537999619645],[-81.4116010001333,28.636536999888943],[-81.41165300001184,28.636536999888943],[-81.4117070004385,28.63653600015831],[-81.41188099961747,28.636533000177685],[-81.411940000067,28.636533000177685],[-81.4119950003186,28.636533000177685],[-81.4120949998777,28.63653399990841],[-81.41214799958115,28.63653399990841],[-81.41220600020579,28.636534999639135],[-81.41226599958193,28.63653600015831],[-81.41238899960558,28.636536999888943],[-81.41244800005512,28.636536999888943],[-81.41250699960636,28.636536999888943],[-81.4126220001324,28.63653399990841],[-81.4127429996079,28.63653399990841],[-81.41280600025542,28.63653399990841],[-81.41286800017969,28.63653399990841],[-81.41292900027906,28.63653399990841],[-81.41299000037844,28.63653399990841],[-81.4130509995795,28.636533000177685],[-81.41311099985393,28.636533000177685],[-81.41316699993044,28.636533000177685],[-81.413262000365,28.636530999927736],[-81.4133400001828,28.636530999927736],[-81.41343100041941,28.636531999658487],[-81.41352799960545,28.636530999927736],[-81.41362399986492,28.636530999927736],[-81.41376199995719,28.636530999927736],[-81.41385800021666,28.636530999927736],[-81.41399399976078,28.636530999927736],[-81.41411099993664,28.636536999888943],[-81.41418799992954,28.63654100038856],[-81.4142680002955,28.636551000059935],[-81.4143329996945,28.63654299984982]]]},"properties":{"block_id":"120950152041000","school_id":"sch_riverside_elementary","kids_est":2,"class":"red","shortest":{"len_m":2753.5,"mean_c":37.13,"peak_c":37.2,"dose":157.8},"coolest":{"len_m":2753.5,"mean_c":37.13,"peak_c":37.2,"dose":157.8},"delta_mean_c":0.0,"delta_dose_pct":0,"distance_mi":0.532,"status_now":"walk","status_rec":"bus_eligible","reason":"Coolest route mean 37.1C exceeds threshold (110 C-min dose, actual 158).","safe_until_hour":"13:00"}},{"type":"Feature","geometry":{"type":"Polygon","coordinates":[[[-81.42681599966241,28.63234099974948],[-81.42681099963953,28.631959999701106],[-81.42680999981462,28.631849000252558],[-81.42681099963953,28.631051999649056],[-81.4267959995709,28.630973000208293],[-81.42677600037774,28.630923999756778],[-81.42673000034699,28.63085499964534],[-81.4267169999282,28.630842000076356],[-81.42669099998894,28.630815000359878],[-81.42648199975156,28.63069699961927],[-81.42638999969006,28.6306509999762],[-81.42631199987225,28.630758999757692],[-81.42627400023741,28.630798999852974],[-81.42622900003157,28.630849999932625],[-81.42607199967274,28.630970000068693],[-81.42583800021931,28.631130999818843],[-81.42582499980053,28.631138999653064],[-81.42566800034001,28.631242999807924],[-81.42575299983051,28.631353999897417],[-81.42579800003635,28.631428000154713],[-81.42582700034866,28.63150799982009],[-81.42584499989202,28.631638999909157],[-81.42584499989202,28.63210899987024],[-81.42584599971693,28.632337999648925],[-81.42603999988569,28.632337999648925],[-81.42662200039196,28.632339999978797],[-81.42681599966241,28.63234099974948]]]},"properties":{"block_id":"120950151042018","school_id":"sch_riverside_elementary","kids_est":2,"class":"green","shortest":{"len_m":659.2,"mean_c":37.24,"peak_c":37.3,"dose":38.8},"coolest":{"len_m":659.2,"mean_c":37.24,"peak_c":37.3,"dose":38.8},"delta_mean_c":0.0,"delta_dose_pct":0,"distance_mi":0.332,"status_now":"walk","status_rec":"walk","reason":"Shortest route already under threshold (dose 39).","safe_until_hour":null}},{"type":"Feature","geometry":{"type":"Polygon","coordinates":[[[-81.42010999970965,28.638778999747316],[-81.42011200025779,28.63863499971844],[-81.41921000008438,28.638631000087088],[-81.41842099988887,28.638628000166428],[-81.41650600011228,28.63861200006236],[-81.41560499976376,28.638595999955797],[-81.41560200028904,28.63933299966904],[-81.41650299973921,28.639337999766017],[-81.41920699971134,28.639353999759425],[-81.42010899988475,28.639360000347573],[-81.42010800005983,28.63921400012896],[-81.42010700023494,28.639016999679292],[-81.42010999970965,28.638778999747316]]]},"properties":{"block_id":"120950151042003","school_id":"sch_riverside_elementary","kids_est":4,"class":"red","shortest":{"len_m":2897.2,"mean_c":37.12,"peak_c":37.2,"dose":166.1},"coolest":{"len_m":2897.2,"mean_c":37.12,"peak_c":37.2,"dose":166.1},"delta_mean_c":0.0,"delta_dose_pct":0,"distance_mi":0.438,"status_now":"walk","status_rec":"bus_eligible","reason":"Coolest route mean 37.1C exceeds threshold (110 C-min dose, actual 166).","safe_until_hour":"12:00"}},{"type":"Feature","geometry":{"type":"Polygon","coordinates":[[[-81.41292900027906,28.63547100008237],[-81.41292599990601,28.635288999783057],[-81.41292000005824,28.634865999800112],[-81.41292000005824,28.63474300014492],[-81.41292099988314,28.63456199990935],[-81.41250699960636,28.634561000159824],[-81.41248300021522,28.634561000159824],[-81.4119889995725,28.634567000233673],[-81.41126800004737,28.634561000159824],[-81.41085499959549,28.634558999872343],[-81.41085299994566,28.635474000093346],[-81.41292900027906,28.63547100008237]]]},"properties":{"block_id":"120950152041006","school_id":"sch_riverside_elementary","kids_est":2,"class":"red","shortest":{"len_m":2953.6,"mean_c":37.14,"peak_c":37.2,"dose":169.4},"coolest":{"len_m":2953.6,"mean_c":37.14,"peak_c":37.2,"dose":169.4},"delta_mean_c":0.0,"delta_dose_pct":0,"distance_mi":0.579,"status_now":"walk","status_rec":"bus_eligible","reason":"Coolest route mean 37.1C exceeds threshold (110 C-min dose, actual 169).","safe_until_hour":"12:00"}},{"type":"Feature","geometry":{"type":"Polygon","coordinates":[[[-81.40505699966394,28.62955900006075],[-81.40498499969392,28.62953200001422],[-81.40488500013481,28.629508000142287],[-81.40481700036274,28.62950000018373],[-81.40478100037772,28.629496000204245],[-81.4040759998478,28.629496000204245],[-81.4038289999756,28.62949700000197],[-81.40383099962543,28.62972699975614],[-81.4038359996483,28.630184999747037],[-81.4038359996483,28.63042000009247],[-81.4038359996483,28.6306509999762],[-81.40399700020508,28.630648999614145],[-81.40448400027681,28.630644999678452],[-81.4046459997602,28.63064399989162],[-81.40464699958511,28.630402999736155],[-81.40464800030834,28.630305999645014],[-81.404659000179,28.630229999803575],[-81.40469000014113,28.630119000102297],[-81.40472199992817,28.630047999876655],[-81.40479800009615,28.629918999754626],[-81.40491199989899,28.629749999782707],[-81.40492199994472,28.629736000281376],[-81.40505699966394,28.62955900006075]]]},"properties":{"block_id":"120950152042005","school_id":"sch_riverside_elementary","kids_est":4,"class":"red","shortest":{"len_m":4140.5,"mean_c":37.25,"peak_c":37.7,"dose":244.2},"coolest":{"len_m":4169.0,"mean_c":37.04,"peak_c":37.2,"dose":234.0},"delta_mean_c":-0.21,"delta_dose_pct":-4,"distance_mi":1.053,"status_now":"walk","status_rec":"bus_eligible","reason":"Coolest route mean 37.0C exceeds threshold (110 C-min dose, actual 234).","safe_until_hour":"11:00"}},{"type":"Feature","geometry":{"type":"Polygon","coordinates":[[[-81.42011200025779,28.63863499971844],[-81.42011300008271,28.63850500019057],[-81.42010100038713,28.637942000018196],[-81.42011100043288,28.637807999969016],[-81.41912600041879,28.63779999985474],[-81.41847299976739,28.63779600019161],[-81.41617399985125,28.637785999850383],[-81.41561099961153,28.637783999624393],[-81.41560999978664,28.63831800027792],[-81.41560499976376,28.638595999955797],[-81.41650600011228,28.63861200006236],[-81.41842099988887,28.638628000166428],[-81.41921000008438,28.638631000087088],[-81.42011200025779,28.63863499971844]]]},"properties":{"block_id":"120950151042007","school_id":"sch_riverside_elementary","kids_est":7,"class":"red","shortest":{"len_m":2897.2,"mean_c":37.12,"peak_c":37.2,"dose":166.1},"coolest":{"len_m":2897.2,"mean_c":37.12,"peak_c":37.2,"dose":166.1},"delta_mean_c":0.0,"delta_dose_pct":0,"distance_mi":0.391,"status_now":"walk","status_rec":"bus_eligible","reason":"Coolest route mean 37.1C exceeds threshold (110 C-min dose, actual 166).","safe_until_hour":"12:00"}},{"type":"Feature","geometry":{"type":"Polygon","coordinates":[[[-81.41493699994209,28.635076999738228],[-81.41493500029226,28.63497399997462],[-81.41493000026938,28.634669999608313],[-81.41492799972124,28.634568999732593],[-81.41452600003835,28.634567000233673],[-81.41332199974114,28.634562999658854],[-81.41292099988314,28.63456199990935],[-81.41292000005824,28.63474300014492],[-81.41292000005824,28.634865999800112],[-81.41292599990601,28.635288999783057],[-81.41292900027906,28.63547100008237],[-81.41322499965676,28.63546700033046],[-81.41333099996196,28.635468000071352],[-81.4137839996985,28.635474000093346],[-81.41402800009597,28.63549800017788],[-81.41417299986094,28.6355169999781],[-81.41447099978676,28.635567000390306],[-81.41452799968816,28.635572999618194],[-81.41474799979619,28.635601000215537],[-81.41482300013925,28.635607000229925],[-81.41492900044447,28.635607000229925],[-81.41493000026938,28.635499999658997],[-81.41493000026938,28.63530200037809],[-81.41493399956903,28.635183000208375],[-81.41493699994209,28.635076999738228]]]},"properties":{"block_id":"120950152041007","school_id":"sch_riverside_elementary","kids_est":2,"class":"red","shortest":{"len_m":2532.8,"mean_c":37.13,"peak_c":37.2,"dose":145.1},"coolest":{"len_m":2532.8,"mean_c":37.13,"peak_c":37.2,"dose":145.1},"delta_mean_c":0.0,"delta_dose_pct":0,"distance_mi":0.457,"status_now":"walk","status_rec":"bus_eligible","reason":"Coolest route mean 37.1C exceeds threshold (110 C-min dose, actual 145).","safe_until_hour":"13:00"}},{"type":"Feature","geometry":{"type":"Polygon","coordinates":[[[-81.42154800035858,28.635438999697342],[-81.42155000000841,28.635245000061857],[-81.42112200038623,28.635229999973518],[-81.42092700039257,28.635226000212388],[-81.42016400013631,28.635211000121327],[-81.41911200017508,28.635183000208375],[-81.41906000029655,28.63517400015034],[-81.41901000006783,28.635167000367428],[-81.41891399980835,28.635134999889722],[-81.41881699972399,28.635088000082074],[-81.41872700021061,28.6350320001831],[-81.4185289998439,28.63486800008179],[-81.41822900026825,28.634617000310154],[-81.41792499959632,28.634375000065543],[-81.41785299962629,28.634315999742125],[-81.41767400042447,28.634167000341172],[-81.41758900003565,28.634107000146958],[-81.41751000039292,28.634071000329293],[-81.41740999993551,28.634046999918382],[-81.41731200002621,28.63404099981479],[-81.41649000021874,28.634092999649884],[-81.41642499992142,28.63409700024263],[-81.41628000015646,28.634106000393107],[-81.41601900004055,28.63411900034624],[-81.41569699982527,28.634123000149515],[-81.4155439996644,28.634123999903217],[-81.4151210000651,28.634124999656894],[-81.4151210000651,28.634574999806],[-81.4151210000651,28.635076999738228],[-81.41545599980084,28.635075999993607],[-81.4155579999081,28.6350739997159],[-81.41589099999403,28.63506799967103],[-81.4161770002243,28.635076999738228],[-81.4164170004238,28.6350940001258],[-81.41710000031411,28.635130000380908],[-81.41717499975886,28.63514600022749],[-81.41728699991187,28.635195000284604],[-81.41734800001123,28.635236999752216],[-81.41738099962319,28.63526399990789],[-81.41771899973199,28.63555099981946],[-81.41783799955768,28.6356340002904],[-81.4178679996949,28.63564799979341],[-81.41786000019731,28.63571499964177],[-81.41785900037239,28.635723999653486],[-81.41785799964917,28.635917999980247],[-81.41785799964917,28.635986000180623],[-81.41856999985178,28.635987999652492],[-81.41890200011281,28.635989999912734],[-81.41986500038558,28.635993999644757],[-81.4199449998532,28.635993999644757],[-81.42070899993436,28.63599599990487],[-81.42100100001241,28.63599800016502],[-81.42108999970087,28.636007999888186],[-81.4211759999146,28.636031999850598],[-81.42125399973241,28.636070999777754],[-81.42131900002973,28.63611499994105],[-81.4213800001291,28.63616200007715],[-81.42143500038068,28.63610899995571],[-81.4215009996046,28.63602599986051],[-81.42150499980256,28.63601499961493],[-81.4215349999398,28.635948999694424],[-81.42154599981046,28.635908999985237],[-81.42154800035858,28.635438999697342]]]},"properties":{"block_id":"120950151042011","school_id":"sch_riverside_elementary","kids_est":3,"class":"red","shortest":{"len_m":2190.4,"mean_c":37.13,"peak_c":37.2,"dose":125.5},"coolest":{"len_m":2190.4,"mean_c":37.13,"peak_c":37.2,"dose":125.5},"delta_mean_c":0.0,"delta_dose_pct":0,"distance_mi":0.223,"status_now":"walk","status_rec":"bus_eligible","reason":"Coolest route mean 37.1C exceeds threshold (110 C-min dose, actual 126).","safe_until_hour":"13:00"}},{"type":"Feature","geometry":{"type":"Polygon","coordinates":[[[-81.42377199993167,28.636577999877552],[-81.42377799977946,28.63632599973295],[-81.42354299960282,28.636354999861748],[-81.42288700037501,28.63643999994843],[-81.42283999962102,28.63644399966324],[-81.42269800022913,28.636460000097905],[-81.4226050003427,28.636463000080617],[-81.4226050003427,28.636743999917485],[-81.42260600016762,28.636902000300474],[-81.42261299984031,28.63697100037811],[-81.42262299988604,28.637032000237593],[-81.42263600030483,28.637090999822345],[-81.42264499962737,28.637136000071358],[-81.42265600039633,28.637179000063423],[-81.42267099956663,28.63722499999885],[-81.42268700035848,28.637268999678167],[-81.42269999987894,28.63730899965741],[-81.4227040000769,28.6373279999181],[-81.42271400012265,28.637385999613862],[-81.42272099979535,28.637443000343872],[-81.4227259998182,28.637500999976023],[-81.4227259998182,28.637572999610722],[-81.42272699964312,28.637855000135204],[-81.42293699970541,28.637853999628614],[-81.42356699989226,28.637853999628614],[-81.42377799977946,28.637853999628614],[-81.42377500030472,28.637548000279722],[-81.42377199993167,28.6371980003477],[-81.42377199993167,28.637170000176578],[-81.42377299975658,28.637058000205712],[-81.42377600012964,28.636699000288793],[-81.42377299975658,28.636630999762104],[-81.42377199993167,28.636577999877552]]]},"properties":{"block_id":"120950151042006","school_id":"sch_riverside_elementary","kids_est":0,"class":"green","shortest":{"len_m":1687.5,"mean_c":37.14,"peak_c":37.2,"dose":96.8},"coolest":{"len_m":1687.5,"mean_c":37.14,"peak_c":37.2,"dose":96.8},"delta_mean_c":0.0,"delta_dose_pct":0,"distance_mi":0.284,"status_now":"walk","status_rec":"walk","reason":"Shortest route already under threshold (dose 97).","safe_until_hour":null}},{"type":"Feature","geometry":{"type":"Polygon","coordinates":[[[-81.41786000019731,28.63571499964177],[-81.4178679996949,28.63564799979341],[-81.41783799955768,28.6356340002904],[-81.41771899973199,28.63555099981946],[-81.41738099962319,28.63526399990789],[-81.41734800001123,28.635236999752216],[-81.41728699991187,28.635195000284604],[-81.41717499975886,28.63514600022749],[-81.41710000031411,28.635130000380908],[-81.4164170004238,28.6350940001258],[-81.4161770002243,28.635076999738228],[-81.41589099999403,28.63506799967103],[-81.4155579999081,28.6350739997159],[-81.41545599980084,28.635075999993607],[-81.4151210000651,28.635076999738228],[-81.41512199989002,28.63560899970897],[-81.41512299971492,28.635945999697082],[-81.41526099980717,28.63594499996075],[-81.41551299970226,28.635948999694424],[-81.41727199984325,28.63597700019144],[-81.41785799964917,28.635986000180623],[-81.41785799964917,28.635917999980247],[-81.41785900037239,28.635723999653486],[-81.41786000019731,28.63571499964177]]]},"properties":{"block_id":"120950151042010","school_id":"sch_riverside_elementary","kids_est":2,"class":"red","shortest":{"len_m":2353.2,"mean_c":37.13,"peak_c":37.2,"dose":134.7},"coolest":{"len_m":2353.2,"mean_c":37.13,"peak_c":37.2,"dose":134.7},"delta_mean_c":0.0,"delta_dose_pct":0,"distance_mi":0.331,"status_now":"walk","status_rec":"bus_eligible","reason":"Coolest route mean 37.1C exceeds threshold (110 C-min dose, actual 135).","safe_until_hour":"13:00"}},{"type":"Feature","geometry":{"type":"Polygon","coordinates":[[[-81.43038499999801,28.632759999805323],[-81.43037999997513,28.632401000164922],[-81.43037999997513,28.63235099982108],[-81.43038199962496,28.631846000137994],[-81.43037499995226,28.631485000178753],[-81.43037599977717,28.63112399976627],[-81.43037699960209,28.631065999763333],[-81.43036200043178,28.63095500015774],[-81.43029100028667,28.630727000301235],[-81.43000099985845,28.63078600027707],[-81.42985299972042,28.630805999927222],[-81.42982400030644,28.630805999927222],[-81.42970399975752,28.630808000286226],[-81.42960099982537,28.630798999852974],[-81.42943500014401,28.630768999980027],[-81.42932600036407,28.63073800031264],[-81.42920499999023,28.630687999964934],[-81.42911299992873,28.63064099974262],[-81.42899199955492,28.630561000204857],[-81.4288560000108,28.630491000066456],[-81.4287589999264,28.630451999642474],[-81.42865799964406,28.63042099988144],[-81.42850100018356,28.63039300026742],[-81.42848799976476,28.630390999900442],[-81.42836700028924,28.630380999642092],[-81.42801499993674,28.630379999852742],[-81.42789899958579,28.630378000274003],[-81.42781099972224,28.630378000274003],[-81.42755100032956,28.630379999852742],[-81.42743499997862,28.630380999642092],[-81.42743199960555,28.63077200012544],[-81.42742999995572,28.63125900024721],[-81.42742999995572,28.631948000043426],[-81.42743099978065,28.63234099974948],[-81.42743099978065,28.632429000031703],[-81.42743099978065,28.63269299964721],[-81.42743099978065,28.632782000189227],[-81.42802099978454,28.632776000013315],[-81.42824900028847,28.632773999691754],[-81.4292300001046,28.632769999837052],[-81.42979400016921,28.63276500021557],[-81.43038499999801,28.632759999805323]],[[-81.42938099971732,28.631690000369087],[-81.42938400009038,28.632170000190623],[-81.42937499986955,28.632205999871946],[-81.42935599960298,28.632239000226008],[-81.4293280000139,28.632267000135958],[-81.42929200002888,28.632287000292365],[-81.42925199984592,28.632298000140203],[-81.42873899983492,28.63229899991128],[-81.42817300012048,28.632302000012956],[-81.42812399971669,28.632292999707754],[-81.42808100005897,28.632271999781217],[-81.42806500016546,28.632259000387698],[-81.42803400020331,28.63222200016434],[-81.42801800030978,28.632180000278584],[-81.42801300028691,28.632065000392657],[-81.4280119995637,28.632049000076268],[-81.4280119995637,28.63137899991557],[-81.4280119995637,28.631155999890122],[-81.42824900028847,28.6311550001082],[-81.42839900007628,28.631166000074696],[-81.42853899981839,28.631188000004265],[-81.42866500021508,28.63122600037346],[-81.42868600013148,28.631235999762833],[-81.42878200039094,28.631282999718746],[-81.42892200013301,28.631367000191453],[-81.4290200000423,28.63141599964771],[-81.42920599981515,28.631475999803566],[-81.42926000024183,28.63150399991707],[-81.42930600027258,28.63154100039356],[-81.42934300008251,28.631585999868758],[-81.42936800019687,28.63163599978859],[-81.42938099971732,28.631690000369087]]]},"properties":{"block_id":"120950151032000","school_id":"sch_riverside_elementary","kids_est":3,"class":"green","shortest":{"len_m":1060.3,"mean_c":37.17,"peak_c":37.2,"dose":61.4},"coolest":{"len_m":1060.3,"mean_c":37.17,"peak_c":37.2,"dose":61.4},"delta_mean_c":0.0,"delta_dose_pct":0,"distance_mi":0.516,"status_now":"walk","status_rec":"walk","reason":"Shortest route already under threshold (dose 61).","safe_until_hour":null}},{"type":"Feature","geometry":{"type":"Polygon","coordinates":[[[-81.42584599971693,28.632337999648925],[-81.42584499989202,28.63210899987024],[-81.42584499989202,28.631638999909157],[-81.42582700034866,28.63150799982009],[-81.42579800003635,28.631428000154713],[-81.42575299983051,28.631353999897417],[-81.42566800034001,28.631242999807924],[-81.4255059999583,28.631346000079567],[-81.42543499981319,28.631379999695415],[-81.42536500039131,28.631403000148225],[-81.42527599980453,28.631421999901377],[-81.42517000039764,28.631427000375325],[-81.42514299973514,28.63142599980745],[-81.42343899984576,28.6314229996808],[-81.4228720003064,28.631421999901377],[-81.42286800010844,28.631603999811094],[-81.42286499973538,28.631836000018215],[-81.42286399991049,28.632152000345368],[-81.42286399991049,28.63233500033683],[-81.42345999976212,28.632336000107554],[-81.42524900004035,28.63234099974948],[-81.42552199985184,28.632342000308626],[-81.42584599971693,28.632337999648925]]]},"properties":{"block_id":"120950151042017","school_id":"sch_riverside_elementary","kids_est":5,"class":"green","shortest":{"len_m":659.2,"mean_c":37.24,"peak_c":37.3,"dose":38.8},"coolest":{"len_m":659.2,"mean_c":37.24,"peak_c":37.3,"dose":38.8},"delta_mean_c":0.0,"delta_dose_pct":0,"distance_mi":0.216,"status_now":"walk","status_rec":"walk","reason":"Shortest route already under threshold (dose 39).","safe_until_hour":null}},{"type":"Feature","geometry":{"type":"Polygon","coordinates":[[[-81.41494899963764,28.636354999861748],[-81.41494699998782,28.636271999961124],[-81.41494399961476,28.636185000270274],[-81.41493299974412,28.636028000120014],[-81.41492799972124,28.635947000221865],[-81.41492799972124,28.63587800025924],[-81.41492799972124,28.635674999843385],[-81.41492900044447,28.635607000229925],[-81.41482300013925,28.635607000229925],[-81.41474799979619,28.635601000215537],[-81.41452799968816,28.635572999618194],[-81.41447099978676,28.635567000390306],[-81.41417299986094,28.6355169999781],[-81.41402800009597,28.63549800017788],[-81.4137839996985,28.635474000093346],[-81.41333099996196,28.635468000071352],[-81.41322499965676,28.63546700033046],[-81.41292900027906,28.63547100008237],[-81.41292900027906,28.636354000129305],[-81.41388800035388,28.636372999774533],[-81.41434799976311,28.63637100030999],[-81.41484300023076,28.636354999861748],[-81.41494899963764,28.636354999861748]]]},"properties":{"block_id":"120950152041003","school_id":"sch_riverside_elementary","kids_est":3,"class":"red","shortest":{"len_m":2516.1,"mean_c":37.13,"peak_c":37.2,"dose":144.1},"coolest":{"len_m":2516.1,"mean_c":37.13,"peak_c":37.2,"dose":144.1},"delta_mean_c":0.0,"delta_dose_pct":0,"distance_mi":0.48,"status_now":"walk","status_rec":"bus_eligible","reason":"Coolest route mean 37.1C exceeds threshold (110 C-min dose, actual 144).","safe_until_hour":"13:00"}},{"type":"Feature","geometry":{"type":"Polygon","coordinates":[[[-81.41491400037587,28.632857999759555],[-81.41491699985059,28.632769000070464],[-81.41451400034278,28.632769999837052],[-81.41434299974024,28.632771000392115],[-81.41330400019778,28.632768000303862],[-81.41290099979166,28.632766999748775],[-81.41291199966231,28.632944000078407],[-81.4129250000811,28.633134999947792],[-81.41292400025618,28.633478999892475],[-81.41292400025618,28.633658000114398],[-81.41331900026641,28.633658999872512],[-81.41449900027416,28.633664000239875],[-81.41490099995707,28.63365999963064],[-81.41490199978197,28.633570999833236],[-81.41490099995707,28.633303999988218],[-81.41490199978197,28.633215999651238],[-81.41490400033013,28.6331259997141],[-81.41491400037587,28.632857999759555]]]},"properties":{"block_id":"120950152041011","school_id":"sch_riverside_elementary","kids_est":2,"class":"red","shortest":{"len_m":2816.0,"mean_c":37.13,"peak_c":37.2,"dose":161.5},"coolest":{"len_m":2816.0,"mean_c":37.13,"peak_c":37.2,"dose":161.5},"delta_mean_c":0.0,"delta_dose_pct":0,"distance_mi":0.445,"status_now":"walk","status_rec":"bus_eligible","reason":"Coolest route mean 37.1C exceeds threshold (110 C-min dose, actual 162).","safe_until_hour":"12:00"}},{"type":"Feature","geometry":{"type":"Polygon","coordinates":[[[-81.41292400025618,28.633478999892475],[-81.4129250000811,28.633134999947792],[-81.41291199966231,28.632944000078407],[-81.41290099979166,28.632766999748775],[-81.41286300015682,28.632765999982148],[-81.41275100000384,28.632762999893803],[-81.4127140001939,28.63276200012715],[-81.41236199984141,28.632752999861413],[-81.41183700013484,28.63274100029439],[-81.4113059996822,28.632742999828118],[-81.410954000228,28.632745000150262],[-81.41093199958839,28.632745000150262],[-81.4108699996641,28.63274599991708],[-81.4108489997477,28.632746999683835],[-81.41084799992281,28.63292899966117],[-81.41084700009789,28.633474000304783],[-81.41084700009789,28.63365700035627],[-81.41126200019957,28.63365599980972],[-81.41163999959304,28.63365599980972],[-81.41210999994632,28.63365999963064],[-81.41250800032958,28.633658999872512],[-81.41292400025618,28.633658000114398],[-81.41292400025618,28.633478999892475]]]},"properties":{"block_id":"120950152041010","school_id":"sch_riverside_elementary","kids_est":3,"class":"red","shortest":{"len_m":3034.7,"mean_c":37.12,"peak_c":37.2,"dose":174.1},"coolest":{"len_m":3034.7,"mean_c":37.12,"peak_c":37.2,"dose":174.1},"delta_mean_c":0.0,"delta_dose_pct":0,"distance_mi":0.569,"status_now":"walk","status_rec":"bus_eligible","reason":"Coolest route mean 37.1C exceeds threshold (110 C-min dose, actual 174).","safe_until_hour":"11:00"}},{"type":"Feature","geometry":{"type":"Polygon","coordinates":[[[-81.41292300043129,28.633837999787474],[-81.41292400025618,28.633658000114398],[-81.41250800032958,28.633658999872512],[-81.41210999994632,28.63365999963064],[-81.41163999959304,28.63365599980972],[-81.41126200019957,28.63365599980972],[-81.41084700009789,28.63365700035627],[-81.41084700009789,28.633837000031036],[-81.4108489997477,28.634318999786117],[-81.41084999957262,28.634378000107855],[-81.41085499959549,28.634558999872343],[-81.41126800004737,28.634561000159824],[-81.4119889995725,28.634567000233673],[-81.41248300021522,28.634561000159824],[-81.41250699960636,28.634561000159824],[-81.41292099988314,28.63456199990935],[-81.4129169996852,28.634473999838892],[-81.41291900023333,28.63438100015003],[-81.41292199970805,28.63427600019886],[-81.41292300043129,28.633837999787474]]]},"properties":{"block_id":"120950152041009","school_id":"sch_riverside_elementary","kids_est":0,"class":"red","shortest":{"len_m":2953.6,"mean_c":37.14,"peak_c":37.2,"dose":169.4},"coolest":{"len_m":2953.6,"mean_c":37.14,"peak_c":37.2,"dose":169.4},"delta_mean_c":0.0,"delta_dose_pct":0,"distance_mi":0.571,"status_now":"walk","status_rec":"bus_eligible","reason":"Coolest route mean 37.1C exceeds threshold (110 C-min dose, actual 169).","safe_until_hour":"12:00"}},{"type":"Feature","geometry":{"type":"Polygon","coordinates":[[[-81.41084799992281,28.63292899966117],[-81.4108489997477,28.632746999683835],[-81.41043799984398,28.632749999772688],[-81.410221000109,28.632752999861413],[-81.40975400012876,28.632752000094708],[-81.40928600032362,28.6327559999501],[-81.4092069997826,28.632756999716815],[-81.40879699970377,28.63276100036047],[-81.40879500005393,28.632832000327728],[-81.40879000003108,28.633047000257573],[-81.40879000003108,28.633060000341896],[-81.40878900020616,28.63311899979459],[-81.40878699965802,28.633204999899572],[-81.40878199963514,28.63345800020321],[-81.40878300035838,28.633488000095902],[-81.40880400027477,28.633547999855626],[-81.40881900034339,28.63357200038065],[-81.40884100008469,28.633595000353008],[-81.40886700002396,28.633615000256334],[-81.40889600033628,28.633631000333978],[-81.40896099973529,28.63364899992555],[-81.40899500007049,28.633651000230383],[-81.40918300039145,28.633651000230383],[-81.40994900012242,28.63365500005155],[-81.41006899977303,28.63365500005155],[-81.41043100017127,28.63365500005155],[-81.41084700009789,28.63365700035627],[-81.41084700009789,28.633474000304783],[-81.41084799992281,28.63292899966117]]]},"properties":{"block_id":"120950152041015","school_id":"sch_riverside_elementary","kids_est":1,"class":"red","shortest":{"len_m":3321.3,"mean_c":37.14,"peak_c":37.3,"dose":191.1},"coolest":{"len_m":3325.7,"mean_c":37.13,"peak_c":37.2,"dose":190.9},"delta_mean_c":-0.01,"delta_dose_pct":0,"distance_mi":0.693,"status_now":"walk","status_rec":"bus_eligible","reason":"Coolest route mean 37.1C exceeds threshold (110 C-min dose, actual 191).","safe_until_hour":"11:00"}},{"type":"Feature","geometry":{"type":"Polygon","coordinates":[[[-81.41032599969097,28.62935100025306],[-81.41032599969097,28.62928199989598],[-81.41032499986608,28.62889999997821],[-81.41032400004116,28.627755000371238],[-81.41032400004116,28.627374000233615],[-81.41032300021624,28.626985999961594],[-81.41032300021624,28.626866000001666],[-81.41031399999541,28.626812000093242],[-81.41029100042918,28.626763000064614],[-81.41027399981243,28.62674000017209],[-81.40995999999308,28.626457999742595],[-81.40969100037957,28.62620900001703],[-81.4096029996177,28.626131999744853],[-81.40942900043876,28.625978999650766],[-81.40935499992058,28.62593699963233],[-81.40928899979835,28.625915000179198],[-81.40928799997343,28.62665800037695],[-81.40928799997343,28.62703899995939],[-81.40929200017139,28.62888799997067],[-81.40929499964614,28.629632000210165],[-81.40950100040878,28.629630999625245],[-81.41011900000174,28.629629000032235],[-81.41032599969097,28.629629000032235],[-81.41032599969097,28.62955900006075],[-81.41032599969097,28.62935100025306]]]},"properties":{"block_id":"120950152041022","school_id":"sch_riverside_elementary","kids_est":3,"class":"red","shortest":{"len_m":3739.2,"mean_c":37.33,"peak_c":37.7,"dose":224.3},"coolest":{"len_m":3767.7,"mean_c":37.09,"peak_c":37.2,"dose":214.1},"delta_mean_c":-0.24,"delta_dose_pct":-5,"distance_mi":0.788,"status_now":"walk","status_rec":"bus_eligible","reason":"Coolest route mean 37.1C exceeds threshold (110 C-min dose, actual 214).","safe_until_hour":"11:00"}},{"type":"Feature","geometry":{"type":"Polygon","coordinates":[[[-81.41493399956903,28.629792999647425],[-81.41493799976699,28.62961300013297],[-81.4148399998577,28.629609999954504],[-81.41401600040041,28.629620000286312],[-81.41392799963855,28.62962199987949],[-81.41124799995588,28.629628000235723],[-81.41109099959705,28.629629999828747],[-81.41032599969097,28.629629000032235],[-81.41032599969097,28.629818999832114],[-81.41032900006404,28.630391999689703],[-81.41032999988896,28.630431000135985],[-81.41033499991181,28.63044900027641],[-81.41036500004904,28.63049000027816],[-81.41041100007979,28.6305160002902],[-81.4104400003921,28.63052199980688],[-81.41133499999452,28.630521000018867],[-81.41402100042326,28.63051700007824],[-81.41457899974179,28.63051700007824],[-81.4148189999413,28.6305090001966],[-81.41491699985059,28.630509999984714],[-81.41492100004855,28.63032900033315],[-81.41493399956903,28.629792999647425]]]},"properties":{"block_id":"120950152041021","school_id":"sch_riverside_elementary","kids_est":3,"class":"red","shortest":{"len_m":3292.2,"mean_c":37.12,"peak_c":37.2,"dose":188.5},"coolest":{"len_m":3292.2,"mean_c":37.12,"peak_c":37.2,"dose":188.5},"delta_mean_c":0.0,"delta_dose_pct":0,"distance_mi":0.569,"status_now":"walk","status_rec":"bus_eligible","reason":"Coolest route mean 37.1C exceeds threshold (110 C-min dose, actual 188).","safe_until_hour":"11:00"}},{"type":"Feature","geometry":{"type":"Polygon","coordinates":[[[-81.43204100020684,28.63326799989509],[-81.43204000038192,28.63316299961873],[-81.43203799983377,28.632849000290516],[-81.43203799983377,28.632745000150262],[-81.431891000419,28.63274599991708],[-81.43145299985277,28.63275100032794],[-81.43130700026289,28.632752999861413],[-81.43112200031499,28.632753999628154],[-81.43056900012103,28.63275800027199],[-81.43038499999801,28.632759999805323],[-81.42979400016921,28.63276500021557],[-81.4292300001046,28.632769999837052],[-81.42824900028847,28.632773999691754],[-81.42802099978454,28.632776000013315],[-81.42743099978065,28.632782000189227],[-81.42742999995572,28.632871999632908],[-81.42742900013081,28.63314299962927],[-81.42742900013081,28.63323400010248],[-81.4274280003059,28.633339000307785],[-81.42742699958269,28.63365700035627],[-81.42742699958269,28.63376299989552],[-81.42755800000225,28.633759000078474],[-81.42795200018756,28.633746000080727],[-81.42808400043204,28.6337430000204],[-81.42808100005897,28.63346200003174],[-81.42809500030268,28.633412000193356],[-81.4281250004399,28.6333679996852],[-81.42816899992253,28.63333399992494],[-81.42822199962598,28.63331300020664],[-81.42828000025061,28.63330700006109],[-81.42858599967404,28.633303999988218],[-81.43117699966824,28.633278999640154],[-81.43191399998523,28.63327199973086],[-81.43204100020684,28.63326799989509]]]},"properties":{"block_id":"120950151031005","school_id":"sch_riverside_elementary","kids_est":1,"class":"green","shortest":{"len_m":1060.3,"mean_c":37.17,"peak_c":37.2,"dose":61.4},"coolest":{"len_m":1060.3,"mean_c":37.17,"peak_c":37.2,"dose":61.4},"delta_mean_c":0.0,"delta_dose_pct":0,"distance_mi":0.502,"status_now":"walk","status_rec":"walk","reason":"Shortest route already under threshold (dose 61).","safe_until_hour":null}},{"type":"Feature","geometry":{"type":"Polygon","coordinates":[[[-81.40483699955593,28.63528100026516],[-81.40482900005831,28.63520100032221],[-81.40480700031699,28.635122000062438],[-81.40477100033198,28.635048000044616],[-81.40472199992817,28.634979000279372],[-81.40466000000391,28.63491899976092],[-81.40448400027681,28.634793999884838],[-81.40427699968926,28.634655000226186],[-81.40418899982572,28.634758000302863],[-81.4039760002887,28.63499800017351],[-81.40391600001425,28.635057999858336],[-81.40382099957968,28.635155000287995],[-81.40417100028236,28.635480000114985],[-81.4042519995749,28.63556100037363],[-81.40432799974289,28.635619999997107],[-81.40435299985724,28.635644000048256],[-81.40437399977364,28.63567400010447],[-81.4043789997965,28.635722000176564],[-81.40427500003945,28.635927999711043],[-81.40448199972867,28.63602299986532],[-81.40455200004888,28.635909999721928],[-81.4047860004006,28.635489999887476],[-81.40480399994395,28.635450000003317],[-81.4048280002334,28.63536700017525],[-81.40483699955593,28.63528100026516]]]},"properties":{"block_id":"120950152031018","school_id":"sch_riverside_elementary","kids_est":0,"class":"red","shortest":{"len_m":4053.5,"mean_c":37.16,"peak_c":37.3,"dose":234.3},"coolest":{"len_m":4057.9,"mean_c":37.15,"peak_c":37.3,"dose":234.1},"delta_mean_c":-0.01,"delta_dose_pct":0,"distance_mi":1.031,"status_now":"walk","status_rec":"bus_eligible","reason":"Coolest route mean 37.1C exceeds threshold (110 C-min dose, actual 234).","safe_until_hour":"11:00"}},{"type":"Feature","geometry":{"type":"Polygon","coordinates":[[[-81.40931200026289,28.639807999933872],[-81.40930899988984,28.639158999772523],[-81.40903400042853,28.639161999678006],[-81.40901299961382,28.639165000371825],[-81.40898599984965,28.639160999972294],[-81.40896499993325,28.639145999655362],[-81.4089540000626,28.639125000311783],[-81.4089470003899,28.63889499986776],[-81.40895700043565,28.63883200009688],[-81.40900199974318,28.63873100028525],[-81.4090179996367,28.638661999788162],[-81.40901500016196,28.638450000250835],[-81.40900299956807,28.63841299984514],[-81.40897300032917,28.63838599971135],[-81.4089470003899,28.63837600021479],[-81.40873700032763,28.638357999857188],[-81.40851499967147,28.63831300013233],[-81.4084679998158,28.63830299984046],[-81.40842099996011,28.638294999763925],[-81.40836999990651,28.63828599997279],[-81.40832600042388,28.63827899960907],[-81.408277999845,28.638272000033304],[-81.40823099998933,28.638266000171306],[-81.40818800033162,28.63826100002325],[-81.40813499972985,28.638255000160612],[-81.40774599956742,28.63821799968617],[-81.40757200038847,28.638200000089903],[-81.40749799987032,28.63818300020549],[-81.40733100036405,28.638120999722755],[-81.40730600024969,28.638114999852117],[-81.40725299964792,28.638112999632384],[-81.40720199959429,28.638125000161917],[-81.40716200030965,28.638147000209447],[-81.4071389998451,28.638167000033565],[-81.40711100025602,28.638206999670402],[-81.40705799965426,28.638326000352695],[-81.40699999992795,28.638489000067736],[-81.40696399994293,28.638630000376338],[-81.40695999974497,28.638709000360226],[-81.40698700040745,28.638897999780788],[-81.40698700040745,28.63897599985537],[-81.40697499981358,28.63905199967014],[-81.4070180003696,28.639114000391153],[-81.4070879997915,28.63917699999265],[-81.40715300008881,28.6392190002316],[-81.40741599985455,28.639337999766017],[-81.40747600012901,28.639376000337624],[-81.40752100033484,28.63940600011515],[-81.40759999997756,28.63943599988417],[-81.40774800011557,28.639473999631864],[-81.40783199978115,28.63948600000573],[-81.40785400042078,28.6394910000954],[-81.40826100012657,28.63963199984588],[-81.40832800007371,28.639655000066774],[-81.40850600034894,28.639707000273322],[-81.40879599987885,28.639778000271225],[-81.40894999986463,28.63979900027248],[-81.40914300020847,28.639810999820796],[-81.40931200026289,28.639807999933872]]]},"properties":{"block_id":"120950152031026","school_id":"sch_riverside_elementary","kids_est":16,"class":"red","shortest":{"len_m":3916.8,"mean_c":37.15,"peak_c":37.2,"dose":225.3},"coolest":{"len_m":3916.8,"mean_c":37.15,"peak_c":37.2,"dose":225.3},"delta_mean_c":0.0,"delta_dose_pct":0,"distance_mi":0.884,"status_now":"walk","status_rec":"bus_eligible","reason":"Coolest route mean 37.1C exceeds threshold (110 C-min dose, actual 225).","safe_until_hour":"11:00"}},{"type":"Feature","geometry":{"type":"Polygon","coordinates":[[[-81.40879500005393,28.632832000327728],[-81.40879699970377,28.63276100036047],[-81.40876800028975,28.63276100036047],[-81.40868100025114,28.63276200012715],[-81.40865299976373,28.632762999893803],[-81.4083630002338,28.632765999982148],[-81.40836400005871,28.633060000341896],[-81.40865299976373,28.633060000341896],[-81.40879000003108,28.633060000341896],[-81.40879000003108,28.633047000257573],[-81.40879500005393,28.632832000327728]]]},"properties":{"block_id":"120950152041014","school_id":"sch_riverside_elementary","kids_est":0,"class":"red","shortest":{"len_m":3321.3,"mean_c":37.14,"peak_c":37.3,"dose":191.1},"coolest":{"len_m":3325.7,"mean_c":37.13,"peak_c":37.2,"dose":190.9},"delta_mean_c":-0.01,"delta_dose_pct":0,"distance_mi":0.77,"status_now":"walk","status_rec":"bus_eligible","reason":"Coolest route mean 37.1C exceeds threshold (110 C-min dose, actual 191).","safe_until_hour":"11:00"}},{"type":"Feature","geometry":{"type":"Polygon","coordinates":[[[-81.42489699968786,28.625864000067182],[-81.42491299958137,28.625618999848495],[-81.42370300033471,28.6256199996832],[-81.42314199974483,28.62562999960669],[-81.42228599960215,28.62562499964509],[-81.42227599955642,28.626018999990634],[-81.42227999975438,28.6260939998969],[-81.422294999823,28.626167999920106],[-81.4224570002047,28.626631000372722],[-81.42253599984741,28.626782999692875],[-81.42257100000751,28.626879999885784],[-81.42259600012186,28.626980000242835],[-81.4226120000154,28.627114999745814],[-81.42261700003826,28.627315999735465],[-81.42260600016762,28.627448000142994],[-81.42259500029697,28.627492999795948],[-81.42255299956585,28.627582000016595],[-81.42249700038768,28.62764500023344],[-81.42244899980876,28.627680999889815],[-81.42239600010534,28.62770799962398],[-81.422338000379,28.627727000046022],[-81.42225899983798,28.627739000186295],[-81.42165899978836,28.627743000232773],[-81.42130499978603,28.627739000186295],[-81.42107600035548,28.627736999768796],[-81.42095900017962,28.627739000186295],[-81.4208450003768,28.627753999768352],[-81.42073400004872,28.627782999900447],[-81.42062899956842,28.627824999968805],[-81.42049600039734,28.62789799974718],[-81.42032999981767,28.628040999716905],[-81.4200639996789,28.628273999724353],[-81.41997599981535,28.628351000002308],[-81.41983000022549,28.628491999740216],[-81.41981500015687,28.628511000020346],[-81.4197819996466,28.628555000199395],[-81.41974599966159,28.628625000051915],[-81.41972100044555,28.62872500032355],[-81.41971700024759,28.629078000323418],[-81.4197199997223,28.629520000078927],[-81.41972100044555,28.629564999632134],[-81.41971600042267,28.62986400004557],[-81.41971399987453,28.63000199994908],[-81.4197120002247,28.630240999867063],[-81.41971600042267,28.63027599963122],[-81.41973499979093,28.63034400033356],[-81.41976800030119,28.630408000258704],[-81.41981500015687,28.630465000048236],[-81.41986200001253,28.630505000255575],[-81.41995599972387,28.630559999628726],[-81.42003299971677,28.63058199968534],[-81.42012399995336,28.630588999774],[-81.42039199974197,28.630585999623424],[-81.42057199966702,28.630584000048604],[-81.42073099967567,28.63060900025017],[-81.42203700008014,28.63061099982451],[-81.42228300012744,28.630611999611656],[-81.42236400031828,28.63060900025017],[-81.42246300005249,28.630594000287683],[-81.42251699958084,28.630577999747025],[-81.4225769998553,28.630550999962637],[-81.42261000036557,28.630532000051797],[-81.42266499971883,28.630491000066456],[-81.42269400003117,28.630458999739865],[-81.42272300034348,28.630427999980903],[-81.42277100002406,28.63034999986004],[-81.42287800015417,28.630052999627576],[-81.42293000003272,28.629913000203516],[-81.42298199991124,28.62977900015183],[-81.4230060002007,28.629732000310902],[-81.42306399992701,28.629620000286312],[-81.42318100010289,28.6294450002551],[-81.42333699973848,28.629242000011047],[-81.42340200003582,28.62916399979735],[-81.42346700033315,28.629099000100606],[-81.42358500033392,28.628992999793148],[-81.42365999977868,28.628935000189536],[-81.42369199956573,28.628911999984425],[-81.42393299959015,28.62874799978119],[-81.42406599965955,28.62864199990771],[-81.4241679997668,28.628523000070977],[-81.42420999959958,28.628456000361986],[-81.42424300010987,28.628383999991474],[-81.42426499985118,28.628309999953522],[-81.42426900004912,28.628284999992836],[-81.42427800026996,28.62823199983566],[-81.42427999991979,28.62799399988622],[-81.42427900009488,28.62779000017585],[-81.42427800026996,28.627356000354368],[-81.42429099979043,28.62723400039027],[-81.4243019996611,28.627182000310754],[-81.42431799955463,28.627113999925346],[-81.42436199993556,28.626989000215122],[-81.42442800005779,28.626857000018845],[-81.42443599955539,28.62684300013166],[-81.4244780002865,28.62677600013885],[-81.42470800044028,28.62643499978319],[-81.42475100009798,28.62637199962863],[-81.42479299993077,28.626296000092793],[-81.42484099961133,28.62618400034444],[-81.4248580002281,28.626103999775175],[-81.42489699968786,28.625864000067182]]]},"properties":{"block_id":"120950151042015","school_id":"sch_riverside_elementary","kids_est":10,"class":"red","shortest":{"len_m":2138.1,"mean_c":37.4,"peak_c":37.6,"dose":130.3},"coolest":{"len_m":2138.1,"mean_c":37.4,"peak_c":37.6,"dose":130.3},"delta_mean_c":0.0,"delta_dose_pct":0,"distance_mi":0.351,"status_now":"walk","status_rec":"bus_eligible","reason":"Coolest route mean 37.4C exceeds threshold (110 C-min dose, actual 130).","safe_until_hour":"14:00"}},{"type":"Feature","geometry":{"type":"Polygon","coordinates":[[[-81.40718900007383,28.63351100008673],[-81.4071940000967,28.633471000236618],[-81.40717900002808,28.633412000193356],[-81.40692899978283,28.633040000332798],[-81.4069120000644,28.633021000084106],[-81.40687899955411,28.633001000067562],[-81.4068409999193,28.632991000057892],[-81.40647799969614,28.632998999750352],[-81.40576600039182,28.63302499992928],[-81.40550299972777,28.633045999705146],[-81.4054619997199,28.63305000033785],[-81.40543499995572,28.633061000105712],[-81.40540099962053,28.633087000269285],[-81.40537999970414,28.633122999635987],[-81.4053210001529,28.6335319997654],[-81.40531299975699,28.633612999950827],[-81.40531799977984,28.633677000247776],[-81.40533799987134,28.633746000080727],[-81.40536800000856,28.633801000120815],[-81.40541499986422,28.633846000203764],[-81.40545400022229,28.63386800035999],[-81.40562400010161,28.633923000336072],[-81.40571799981294,28.633953999851162],[-81.40613399973952,28.634078999939412],[-81.40625900031132,28.63411700005027],[-81.40632000041069,28.634145000247628],[-81.40637300011414,28.63418300033458],[-81.40650899965827,28.634325999625542],[-81.40655499968902,28.634365000186808],[-81.40661400013856,28.634413999820158],[-81.40669899962906,28.634469000298527],[-81.40678999986565,28.634504000229594],[-81.40686500020873,28.634520999921545],[-81.40688500030022,28.634308999902004],[-81.40689100014801,28.63411700005027],[-81.40690100019374,28.633774000377123],[-81.40691600026236,28.633739000202578],[-81.40692200011014,28.63372699995985],[-81.40694800004941,28.63370199971255],[-81.40709600018741,28.633625000206592],[-81.40714700024104,28.633583000093807],[-81.40717300018031,28.633548999614796],[-81.40718900007383,28.63351100008673]]]},"properties":{"block_id":"120950152031025","school_id":"sch_riverside_elementary","kids_est":7,"class":"red","shortest":{"len_m":3663.8,"mean_c":37.14,"peak_c":37.3,"dose":211.0},"coolest":{"len_m":3668.2,"mean_c":37.14,"peak_c":37.2,"dose":210.8},"delta_mean_c":0.0,"delta_dose_pct":0,"distance_mi":0.909,"status_now":"walk","status_rec":"bus_eligible","reason":"Coolest route mean 37.1C exceeds threshold (110 C-min dose, actual 211).","safe_until_hour":"11:00"}},{"type":"Feature","geometry":{"type":"Polygon","coordinates":[[[-81.43204700005461,28.63414399970572],[-81.43204500040478,28.63396800036677],[-81.43204200003173,28.633442999859447],[-81.43204100020684,28.63326799989509],[-81.43191399998523,28.63327199973086],[-81.43117699966824,28.633278999640154],[-81.42858599967404,28.633303999988218],[-81.42828000025061,28.63330700006109],[-81.42822199962598,28.63331300020664],[-81.42816899992253,28.63333399992494],[-81.4281250004399,28.6333679996852],[-81.42809500030268,28.633412000193356],[-81.42808100005897,28.63346200003174],[-81.42808400043204,28.6337430000204],[-81.42809299975454,28.634018999694884],[-81.42810500034844,28.634074000380295],[-81.42811799986889,28.634098999750503],[-81.42813600031057,28.634121999607355],[-81.42818300016621,28.634158999949285],[-81.42824099989255,28.634181000039916],[-81.42827299967959,28.634184999840826],[-81.42836899993907,28.634184999840826],[-81.42856599958256,28.634186000382392],[-81.43029100028667,28.634164000292817],[-81.43093200034419,28.63415699965416],[-81.43115499992695,28.63415400039398],[-81.43182299974862,28.634146000001103],[-81.43204700005461,28.63414399970572]]]},"properties":{"block_id":"120950151031001","school_id":"sch_riverside_elementary","kids_est":3,"class":"green","shortest":{"len_m":1060.3,"mean_c":37.17,"peak_c":37.2,"dose":61.4},"coolest":{"len_m":1060.3,"mean_c":37.17,"peak_c":37.2,"dose":61.4},"delta_mean_c":0.0,"delta_dose_pct":0,"distance_mi":0.536,"status_now":"walk","status_rec":"walk","reason":"Shortest route already under threshold (dose 61).","safe_until_hour":null}},{"type":"Feature","geometry":{"type":"Polygon","coordinates":[[[-81.42938400009038,28.632170000190623],[-81.42938099971732,28.631690000369087],[-81.42936800019687,28.63163599978859],[-81.42934300008251,28.631585999868758],[-81.42930600027258,28.63154100039356],[-81.42926000024183,28.63150399991707],[-81.42920599981515,28.631475999803566],[-81.4290200000423,28.63141599964771],[-81.42892200013301,28.631367000191453],[-81.42878200039094,28.631282999718746],[-81.42868600013148,28.631235999762833],[-81.42866500021508,28.63122600037346],[-81.42853899981839,28.631188000004265],[-81.42839900007628,28.631166000074696],[-81.42824900028847,28.6311550001082],[-81.4280119995637,28.631155999890122],[-81.4280119995637,28.63137899991557],[-81.4280119995637,28.632049000076268],[-81.42801300028691,28.632065000392657],[-81.42801800030978,28.632180000278584],[-81.42803400020331,28.63222200016434],[-81.42806500016546,28.632259000387698],[-81.42808100005897,28.632271999781217],[-81.42812399971669,28.632292999707754],[-81.42817300012048,28.632302000012956],[-81.42873899983492,28.63229899991128],[-81.42925199984592,28.632298000140203],[-81.42929200002888,28.632287000292365],[-81.4293280000139,28.632267000135958],[-81.42935599960298,28.632239000226008],[-81.42937499986955,28.632205999871946],[-81.42938400009038,28.632170000190623]]]},"properties":{"block_id":"120950151032001","school_id":"sch_riverside_elementary","kids_est":1,"class":"green","shortest":{"len_m":1084.5,"mean_c":37.2,"peak_c":37.2,"dose":63.3},"coolest":{"len_m":1084.5,"mean_c":37.2,"peak_c":37.2,"dose":63.3},"delta_mean_c":0.0,"delta_dose_pct":0,"distance_mi":0.462,"status_now":"walk","status_rec":"walk","reason":"Shortest route already under threshold (dose 63).","safe_until_hour":null}},{"type":"Feature","geometry":{"type":"Polygon","coordinates":[[[-81.41865600006551,28.63330700006109],[-81.41865900043857,28.63322700019017],[-81.41793299999223,28.63322499987722],[-81.41699900003177,28.633224000114957],[-81.41656999968636,28.63321899972663],[-81.41642800029446,28.633220000277404],[-81.41607000009418,28.633223000352682],[-81.41575899974954,28.633221000039708],[-81.41511100001935,28.63321899972663],[-81.41511500021731,28.633658000114398],[-81.4151210000651,28.634124999656894],[-81.4155439996644,28.634123999903217],[-81.41569699982527,28.634123000149515],[-81.41601900004055,28.63411900034624],[-81.41628000015646,28.634106000393107],[-81.41642499992142,28.63409700024263],[-81.41649000021874,28.634092999649884],[-81.41731200002621,28.63404099981479],[-81.41740999993551,28.634046999918382],[-81.41751000039292,28.634071000329293],[-81.41758900003565,28.634107000146958],[-81.41767400042447,28.634167000341172],[-81.41785299962629,28.634315999742125],[-81.41792499959632,28.634375000065543],[-81.41822900026825,28.634617000310154],[-81.4185289998439,28.63486800008179],[-81.41858800029345,28.634793000137535],[-81.41863199977607,28.63471400035907],[-81.41865000021772,28.634643000088204],[-81.41865299969247,28.634567000233673],[-81.4186550002406,28.63356099987789],[-81.41865600006551,28.63330700006109]]]},"properties":{"block_id":"120950151042022","school_id":"sch_riverside_elementary","kids_est":0,"class":"red","shortest":{"len_m":2403.5,"mean_c":37.13,"peak_c":37.2,"dose":137.7},"coolest":{"len_m":2403.5,"mean_c":37.13,"peak_c":37.2,"dose":137.7},"delta_mean_c":0.0,"delta_dose_pct":0,"distance_mi":0.256,"status_now":"walk","status_rec":"bus_eligible","reason":"Coolest route mean 37.1C exceeds threshold (110 C-min dose, actual 138).","safe_until_hour":"13:00"}},{"type":"Feature","geometry":{"type":"Polygon","coordinates":[[[-81.4153040003632,28.63779199973984],[-81.41520899992864,28.636974000346214],[-81.41520100043103,28.63687499977784],[-81.41515600022518,28.63633999993203],[-81.41512299971492,28.635945999697082],[-81.41492799972124,28.635947000221865],[-81.41493299974412,28.636028000120014],[-81.41494399961476,28.636185000270274],[-81.41494699998782,28.636271999961124],[-81.41494899963764,28.636354999861748],[-81.41503099965341,28.63716799993878],[-81.41508500008008,28.63780400030614],[-81.41519100038529,28.637801000361826],[-81.4153040003632,28.63779199973984]]]},"properties":{"block_id":"120950151042008","school_id":"sch_riverside_elementary","kids_est":0,"class":"red","shortest":{"len_m":2532.0,"mean_c":37.13,"peak_c":37.2,"dose":145.0},"coolest":{"len_m":2532.0,"mean_c":37.13,"peak_c":37.2,"dose":145.0},"delta_mean_c":0.0,"delta_dose_pct":0,"distance_mi":0.445,"status_now":"walk","status_rec":"bus_eligible","reason":"Coolest route mean 37.1C exceeds threshold (110 C-min dose, actual 145).","safe_until_hour":"13:00"}},{"type":"Feature","geometry":{"type":"Polygon","coordinates":[[[-81.41512299971492,28.635945999697082],[-81.41512199989002,28.63560899970897],[-81.4151210000651,28.635076999738228],[-81.41493699994209,28.635076999738228],[-81.41493399956903,28.635183000208375],[-81.41493000026938,28.63530200037809],[-81.41493000026938,28.635499999658997],[-81.41492900044447,28.635607000229925],[-81.41492799972124,28.635674999843385],[-81.41492799972124,28.63587800025924],[-81.41492799972124,28.635947000221865],[-81.41512299971492,28.635945999697082]]]},"properties":{"block_id":"120950151042009","school_id":"sch_riverside_elementary","kids_est":0,"class":"red","shortest":{"len_m":2487.8,"mean_c":37.13,"peak_c":37.2,"dose":142.5},"coolest":{"len_m":2487.8,"mean_c":37.13,"peak_c":37.2,"dose":142.5},"delta_mean_c":0.0,"delta_dose_pct":0,"distance_mi":0.406,"status_now":"walk","status_rec":"bus_eligible","reason":"Coolest route mean 37.1C exceeds threshold (110 C-min dose, actual 142).","safe_until_hour":"13:00"}},{"type":"Feature","geometry":{"type":"Polygon","coordinates":[[[-81.4151210000651,28.634574999806],[-81.4151210000651,28.634124999656894],[-81.41511500021731,28.633658000114398],[-81.41490099995707,28.63365999963064],[-81.41490500015503,28.633752999958404],[-81.41491500020076,28.634031999658806],[-81.41491900039873,28.634124999656894],[-81.41492100004855,28.63421300002008],[-81.41492600007142,28.634479999917716],[-81.41492799972124,28.634568999732593],[-81.4151210000651,28.634574999806]]]},"properties":{"block_id":"120950151042021","school_id":"sch_riverside_elementary","kids_est":0,"class":"red","shortest":{"len_m":2583.1,"mean_c":37.13,"peak_c":37.2,"dose":148.1},"coolest":{"len_m":2583.1,"mean_c":37.13,"peak_c":37.2,"dose":148.1},"delta_mean_c":0.0,"delta_dose_pct":0,"distance_mi":0.381,"status_now":"walk","status_rec":"bus_eligible","reason":"Coolest route mean 37.1C exceeds threshold (110 C-min dose, actual 148).","safe_until_hour":"13:00"}},{"type":"Feature","geometry":{"type":"Polygon","coordinates":[[[-81.41511500021731,28.633658000114398],[-81.41511100001935,28.63321899972663],[-81.41511100001935,28.63276500021557],[-81.41491699985059,28.632769000070464],[-81.41491400037587,28.632857999759555],[-81.41490400033013,28.6331259997141],[-81.41490199978197,28.633215999651238],[-81.41490099995707,28.633303999988218],[-81.41490199978197,28.633570999833236],[-81.41490099995707,28.63365999963064],[-81.41511500021731,28.633658000114398]]]},"properties":{"block_id":"120950151042023","school_id":"sch_riverside_elementary","kids_est":0,"class":"red","shortest":{"len_m":2665.4,"mean_c":37.13,"peak_c":37.2,"dose":152.8},"coolest":{"len_m":2665.4,"mean_c":37.13,"peak_c":37.2,"dose":152.8},"delta_mean_c":0.0,"delta_dose_pct":0,"distance_mi":0.379,"status_now":"walk","status_rec":"bus_eligible","reason":"Coolest route mean 37.1C exceeds threshold (110 C-min dose, actual 153).","safe_until_hour":"13:00"}},{"type":"Feature","geometry":{"type":"Polygon","coordinates":[[[-81.41518899983716,28.640692999919473],[-81.41521499977641,28.64054100024717],[-81.41454299975679,28.64053900007363],[-81.41392099996585,28.640562999788035],[-81.41300799992177,28.640557000057047],[-81.4118610004243,28.640570999691633],[-81.41123200006236,28.640569000307085],[-81.40999799962793,28.640505000271745],[-81.4095320003709,28.640459999890933],[-81.40903400042853,28.640398999659247],[-81.40864199989306,28.640309000364198],[-81.40804199984345,28.640108999727133],[-81.4079909997898,28.640087000091054],[-81.40774499974253,28.640097999909663],[-81.40763299958952,28.6401039996669],[-81.40758900010691,28.6401039996669],[-81.40732200014321,28.640098999606433],[-81.40757599968812,28.640188999870052],[-81.40767100012268,28.640221000383164],[-81.4078700003143,28.64034699979563],[-81.40823600001221,28.64048200023719],[-81.4088350002369,28.64061000029688],[-81.40938199968477,28.640679000301173],[-81.40988800002306,28.640718000077875],[-81.41077400030296,28.64068599971636],[-81.41170400006546,28.64075499967072],[-81.41301100029483,28.640746000090566],[-81.4140869996472,28.640738999891028],[-81.4143810002734,28.640799999925008],[-81.41504599972203,28.64080299978355],[-81.41518700018733,28.640800999615074],[-81.41518899983716,28.640692999919473]]]},"properties":{"block_id":"121170217061033","school_id":"sch_riverside_elementary","kids_est":0,"class":"red","shortest":{"len_m":3771.2,"mean_c":37.14,"peak_c":37.2,"dose":217.1},"coolest":{"len_m":3772.0,"mean_c":37.14,"peak_c":37.2,"dose":217.0},"delta_mean_c":0.0,"delta_dose_pct":0,"distance_mi":0.697,"status_now":"walk","status_rec":"bus_eligible","reason":"Coolest route mean 37.1C exceeds threshold (110 C-min dose, actual 217).","safe_until_hour":"11:00"}},{"type":"Feature","geometry":{"type":"Polygon","coordinates":[[[-81.42741999990999,28.640317999981857],[-81.42732700002357,28.640199999677964],[-81.42527800035266,28.64012999966213],[-81.42419500042928,28.640133000328248],[-81.42419399970606,28.640105000151962],[-81.423985000367,28.640098999606433],[-81.42348900007445,28.640097000212894],[-81.42299399960683,28.64009599972769],[-81.42137500010622,28.640100000091536],[-81.42099599998954,28.640102000273448],[-81.42067100029954,28.6400940003341],[-81.42056800036737,28.640087000091054],[-81.42012300012844,28.640082999726634],[-81.41946100015456,28.64007799966518],[-81.41913399991638,28.64008100033279],[-81.41847899961519,28.64007900015055],[-81.41793100034242,28.64007799966518],[-81.41761400015001,28.640076999968205],[-81.41744199972257,28.64007400008889],[-81.41626300043804,28.640058000205336],[-81.41597600038286,28.640058000205336],[-81.41571000024406,28.640058999902486],[-81.41563700044912,28.640061000085122],[-81.41536799993729,28.640058000205336],[-81.41520399990578,28.640056999719764],[-81.41520399990578,28.640076999968205],[-81.4152130001266,28.640307999881017],[-81.41521499977641,28.64054100024717],[-81.41536899976222,28.640541999939714],[-81.41553399961865,28.64054299963225],[-81.4169730000925,28.64054299963225],[-81.41788399958843,28.64054100024717],[-81.41960099989663,28.64054100024717],[-81.42117400026477,28.640456000329195],[-81.42137099990826,28.64043999971549],[-81.42177799961404,28.64042600006344],[-81.42333099989071,28.640353000327046],[-81.42491199975645,28.640268999951918],[-81.42546499995042,28.640268999951918],[-81.42741999990999,28.640317999981857]]]},"properties":{"block_id":"121170217073024","school_id":"sch_riverside_elementary","kids_est":0,"class":"red","shortest":{"len_m":2517.2,"mean_c":37.13,"peak_c":37.2,"dose":144.3},"coolest":{"len_m":2517.2,"mean_c":37.13,"peak_c":37.2,"dose":144.3},"delta_mean_c":0.0,"delta_dose_pct":0,"distance_mi":0.483,"status_now":"walk","status_rec":"bus_eligible","reason":"Coolest route mean 37.1C exceeds threshold (110 C-min dose, actual 144).","safe_until_hour":"13:00"}},{"type":"Feature","geometry":{"type":"Polygon","coordinates":[[[-81.42745800044314,28.64113499963446],[-81.42743300032878,28.641206000242725],[-81.42728299964263,28.641366000371278],[-81.42694000040929,28.641497999662906],[-81.42677800002757,28.641553000369946],[-81.42654700004888,28.641623999906894],[-81.4264290000481,28.641734000371603],[-81.42637200014671,28.641838999955034],[-81.42634799985726,28.64192700015567],[-81.42633500033678,28.642032000334332],[-81.4262790002603,28.64217999992712],[-81.42589799959546,28.642861999699495],[-81.42581300010497,28.64297300011217],[-81.42580499970904,28.64298299995896],[-81.42577399974691,28.643092999786994],[-81.42577399974691,28.64315400002897],[-81.4258299998234,28.643357999830855],[-81.42581700030293,28.643484000205955],[-81.42552600004979,28.64373799982621],[-81.42531400033768,28.643795999920165],[-81.42471299956483,28.643784999700916],[-81.42430000001127,28.643749000050395],[-81.42398199999396,28.643832000342965],[-81.42350900016594,28.644182999875856],[-81.42339700001295,28.64404499970099],[-81.42324100037735,28.6439079997934],[-81.42316600003427,28.64384200010786],[-81.42313400024722,28.643786000150943],[-81.42308700039155,28.64370499993512],[-81.42324600040021,28.643700999708727],[-81.42326399994356,28.643051000310628],[-81.42326999979133,28.642863999828734],[-81.42327200033948,28.641892000335613],[-81.42233699965578,28.641907000259923],[-81.4223240001353,28.643032000297932],[-81.42246100040266,28.643369999760484],[-81.4225979997717,28.643707000048295],[-81.42260000031982,28.643791999697257],[-81.42259899959662,28.64381400013314],[-81.42257400038056,28.643891000045638],[-81.42255199974093,28.643930999865205],[-81.42241199999886,28.644182999875856],[-81.42234199967865,28.64426399972257],[-81.42223700009666,28.64438600038579],[-81.42220899960927,28.644393999997845],[-81.42203700008014,28.644446999875857],[-81.42188800011722,28.644512999969105],[-81.42176300044373,28.644611999637014],[-81.421753000398,28.64467799962645],[-81.42172499991058,28.644865999679418],[-81.42171300021502,28.64494699978701],[-81.42168200025289,28.64502999992002],[-81.42160100006204,28.645139999966595],[-81.42148800008412,28.645348999658463],[-81.42079000012522,28.645563999955588],[-81.42067100029954,28.64565200018476],[-81.42052099961339,28.64578400039011],[-81.42048399980347,28.645976000177235],[-81.42043399957475,28.646190999977446],[-81.42043899959761,28.64630699978567],[-81.42045299984133,28.646564999782594],[-81.42050899991783,28.64716999961167],[-81.42048399980347,28.647290999631753],[-81.42007200007481,28.647351999797436],[-81.4198040002862,28.647340999951115],[-81.41939800040535,28.647627000310568],[-81.41894899996848,28.647627000310568],[-81.418599999989,28.647697999678044],[-81.41836300016256,28.647858000152823],[-81.41811999958999,28.648127000041256],[-81.41813800003165,28.64839100036281],[-81.41823799959076,28.64863899986844],[-81.4183749998581,28.6488320003494],[-81.41849399968379,28.64897999980773],[-81.41878099973897,28.649085000021213],[-81.41896099966404,28.649277000072136],[-81.41924199987143,28.64933300025074],[-81.41941400029889,28.64960499990441],[-81.41949200011669,28.649728999871794],[-81.41949200011669,28.64978400020452],[-81.4197039998288,28.64986600005944],[-81.41987299988318,28.650084999751744],[-81.41989100032487,28.650108000045652],[-81.42011499973252,28.65038400002592],[-81.42021500018996,28.650681000255787],[-81.42010300003697,28.650905999750446],[-81.42011499973252,28.651191999847846],[-81.4200779999226,28.651235999975523],[-81.41995300024912,28.651451000029258],[-81.41988399975385,28.651626999994523],[-81.41976599975307,28.651720999747397],[-81.41973499979093,28.651813999830967],[-81.4196910003083,28.651891000176732],[-81.41968499956222,28.651978999827055],[-81.41954700036827,28.652078000330736],[-81.4193599998722,28.652139000076964],[-81.41912200022082,28.65219399993407],[-81.41907899966482,28.652205000059656],[-81.41879199960962,28.652314999675742],[-81.41861199968457,28.652419000123963],[-81.41851799997325,28.652524000047382],[-81.41845600004896,28.652727000179276],[-81.4184369997824,28.652803999854665],[-81.41838099970589,28.652898000129113],[-81.41834899991885,28.65293700009245],[-81.41829299984234,28.65295300037637],[-81.41825000018464,28.65294200032927],[-81.41807500028246,28.652842999852975],[-81.41799999993938,28.65282099973447],[-81.41794999971069,28.65282099973447],[-81.41788199993861,28.65281499991631],[-81.41786299967202,28.65282099973447],[-81.41781300034162,28.65283199979427],[-81.41771399970911,28.65287499965881],[-81.41762599984557,28.65291399963072],[-81.41753899980694,28.652946999777512],[-81.41746400036217,28.65296100012332],[-81.41742599982902,28.65291399963072],[-81.41721400011693,28.652671000236506],[-81.41677800009883,28.652171000097688],[-81.41708299969736,28.651961999810805],[-81.41740099971467,28.65193500001112],[-81.41753899980694,28.65190699983201],[-81.41760099973122,28.651891000176732],[-81.41776300011293,28.651792000284836],[-81.41785799964917,28.651718000201033],[-81.41800699961209,28.651604999620822],[-81.4182250000703,28.65146699975166],[-81.41841199966802,28.651412000301566],[-81.41873600043145,28.651412000301566],[-81.4189239998541,28.6512910003062],[-81.41893600044799,28.651000000149686],[-81.41883000014278,28.65087899967893],[-81.41858099972244,28.65087899967893],[-81.41796599960419,28.650862999866824],[-81.41790700005296,28.650862000272635],[-81.41745799961608,28.650878000084905],[-81.41724599990397,28.650905999750446],[-81.41714600034486,28.65095500032968],[-81.41707199982669,28.650874999726152],[-81.41685099989377,28.65063800027984],[-81.41677800009883,28.650558999819875],[-81.41680599968792,28.650460999845095],[-81.41680999988588,28.65036400016601],[-81.41679900001523,28.65027300036108],[-81.41677200025104,28.65020099998303],[-81.41717700030699,28.650202000371852],[-81.41718300015478,28.650360999792554],[-81.41725799959954,28.650360999792554],[-81.41741999998125,28.650350000261806],[-81.41766400037872,28.65028399989989],[-81.41773100032587,28.650260000044664],[-81.41786299967202,28.650212999918107],[-81.4180569998408,28.650437999628615],[-81.41806900043467,28.650646999799637],[-81.41868700002765,28.650646999799637],[-81.41911700019796,28.650642000241728],[-81.41923600002364,28.65083999973851],[-81.41947100020029,28.65083999973851],[-81.41970999967657,28.65083999973851],[-81.41972200027044,28.650542999958954],[-81.41962299963794,28.650386999610383],[-81.41950999966004,28.650206999950743],[-81.41913899993926,28.65017999969927],[-81.41904199985488,28.650173999730008],[-81.41889899973975,28.650202000371852],[-81.41863099995115,28.650356000220942],[-81.41849299985888,28.650444000371056],[-81.4183749998581,28.65047099976627],[-81.41830600026114,28.65043300006074],[-81.41817599966649,28.650283000300192],[-81.41793200016733,28.650003999670485],[-81.41775399989208,28.649778999817173],[-81.41751399969257,28.649474999781138],[-81.41736499972967,28.649261000015663],[-81.4172769998661,28.649107000135242],[-81.41726799964529,28.649078000378132],[-81.41722699963739,28.648942000350267],[-81.41720099969814,28.64880099971196],[-81.41719599967526,28.648771000256172],[-81.41717399993396,28.64875100008866],[-81.41713999959876,28.64872099983023],[-81.41700599970447,28.648712999759866],[-81.41694700015324,28.648710000127476],[-81.41720200042136,28.64862499973396],[-81.41719099965239,28.648278999758112],[-81.41722900018553,28.647856999741713],[-81.41748199990553,28.647429999892946],[-81.41765099995992,28.647266999879907],[-81.41780099974775,28.647190000080677],[-81.41783000006008,28.647162000211377],[-81.41798900006873,28.647045000141528],[-81.41934700035173,28.646622999890045],[-81.41935200037462,28.646477999955398],[-81.41784699977852,28.645645000312552],[-81.41795999975642,28.645461999884272],[-81.41778800022728,28.645363000230294],[-81.41791299990075,28.645155000214853],[-81.41807500028246,28.644865000028066],[-81.4180989996736,28.64482200003268],[-81.41862699975319,28.64479999980821],[-81.41928399970422,28.64463599999632],[-81.41962500018606,28.644496999974194],[-81.42010499968679,28.64413100031112],[-81.42040799963547,28.643777000042466],[-81.42061400039812,28.643388000046485],[-81.42104100019537,28.643564000140294],[-81.42107600035548,28.643569000035612],[-81.42111999983811,28.64355799979256],[-81.42115199962517,28.643527999625476],[-81.42127600037202,28.64324499970363],[-81.42135599983965,28.643101000286055],[-81.42146399979468,28.64293999998048],[-81.42162600017639,28.64276399962813],[-81.42183299986563,28.64258000001916],[-81.42212599976858,28.642389999672883],[-81.42221299980723,28.642286000316876],[-81.42222799987584,28.64221300029795],[-81.42221600018027,28.64214200037123],[-81.42203500043031,28.64188800004002],[-81.42261700003826,28.641643000174607],[-81.42299000030718,28.641446000344025],[-81.42323600035446,28.641209000089663],[-81.42331599982208,28.640837999967005],[-81.42336400040098,28.640662000030098],[-81.42346099958704,28.64053900007363],[-81.42473799967918,28.640483999623402],[-81.42741700043527,28.640482999930295],[-81.4274140000622,28.640749999641272],[-81.42743900017656,28.640860000234014],[-81.42745800044314,28.64097499994195],[-81.42745800044314,28.64113499963446]],[[-81.41795999975642,28.645461999884272],[-81.41928799990218,28.646164999907686],[-81.41951100038325,28.645455999645097],[-81.41957400013246,28.645247000166442],[-81.41956800028467,28.64513000032549],[-81.41954700036827,28.645031000358163],[-81.41942000014666,28.64480499964461],[-81.41883299961752,28.64496699989155],[-81.41826699990308,28.64502300000636],[-81.41815099955213,28.64517399984302],[-81.41795999975642,28.645461999884272]]]},"properties":{"block_id":"121170217073002","school_id":"sch_riverside_elementary","kids_est":24,"class":"red","shortest":{"len_m":2083.4,"mean_c":37.13,"peak_c":37.2,"dose":119.7},"coolest":{"len_m":2083.4,"mean_c":37.13,"peak_c":37.2,"dose":119.7},"delta_mean_c":0.0,"delta_dose_pct":0,"distance_mi":0.736,"status_now":"walk","status_rec":"bus_eligible","reason":"Coolest route mean 37.1C exceeds threshold (110 C-min dose, actual 120).","safe_until_hour":"14:00"}},{"type":"Feature","geometry":{"type":"Polygon","coordinates":[[[-81.40697900001155,28.63960200013291],[-81.40697700036172,28.63934299986275],[-81.40697499981358,28.63905199967014],[-81.4068700002316,28.63899799972447],[-81.40679700043667,28.639018999881838],[-81.40671600024581,28.639050000256653],[-81.40665599997136,28.639034999923844],[-81.40660599974265,28.639018999881838],[-81.40651200003131,28.638959999804378],[-81.40640699955101,28.638815000314935],[-81.40619900003688,28.638617999904575],[-81.40574299992728,28.63827700018084],[-81.40531699995495,28.637908000163133],[-81.404835999731,28.637449999974944],[-81.40444400009385,28.637073000032725],[-81.40441300013171,28.637033999689542],[-81.40438100034466,28.63699299987917],[-81.40432699991797,28.636908000240474],[-81.40428300043536,28.6368190000441],[-81.40425999997083,28.636723000093145],[-81.40424999992507,28.63662400007639],[-81.40425499994795,28.636525999696996],[-81.40427500003945,28.636428000014565],[-81.40430799965141,28.636333999959565],[-81.40435299985724,28.636248000053634],[-81.40448199972867,28.63602299986532],[-81.40427500003945,28.635927999711043],[-81.4043789997965,28.635722000176564],[-81.40437399977364,28.63567400010447],[-81.40435299985724,28.635644000048256],[-81.40432799974289,28.635619999997107],[-81.4042519995749,28.63556100037363],[-81.40417100028236,28.635480000114985],[-81.40382099957968,28.635155000287995],[-81.40376399967828,28.63520700035947],[-81.4036039998447,28.635339000303965],[-81.40310300042759,28.635756999689658],[-81.40294400041894,28.635878999996223],[-81.40283599956558,28.63596299994386],[-81.40423999987934,28.637310000169126],[-81.40542900010794,28.638374000000045],[-81.40593799992097,28.638870999771804],[-81.406594999872,28.639385999738813],[-81.40697900001155,28.63960200013291]]]},"properties":{"block_id":"120950152031011","school_id":"sch_riverside_elementary","kids_est":2,"class":"red","shortest":{"len_m":4129.8,"mean_c":37.16,"peak_c":37.3,"dose":239.0},"coolest":{"len_m":4134.2,"mean_c":37.16,"peak_c":37.3,"dose":238.8},"delta_mean_c":0.0,"delta_dose_pct":0,"distance_mi":1.073,"status_now":"walk","status_rec":"bus_eligible","reason":"Coolest route mean 37.2C exceeds threshold (110 C-min dose, actual 239).","safe_until_hour":"11:00"}},{"type":"Feature","geometry":{"type":"Polygon","coordinates":[[[-81.41412000015748,28.63673799996811],[-81.41412199980729,28.636683999619866],[-81.41412000015748,28.636630999762104],[-81.41412000015748,28.63657700014725],[-81.41411099993664,28.636536999888943],[-81.41399399976078,28.636530999927736],[-81.41385800021666,28.636530999927736],[-81.41376199995719,28.636530999927736],[-81.41362399986492,28.636530999927736],[-81.41352799960545,28.636530999927736],[-81.41343100041941,28.636531999658487],[-81.4133400001828,28.636530999927736],[-81.413262000365,28.636530999927736],[-81.41316699993044,28.636533000177685],[-81.41311099985393,28.636533000177685],[-81.4130509995795,28.636533000177685],[-81.41299000037844,28.63653399990841],[-81.41292900027906,28.63653399990841],[-81.41286800017969,28.63653399990841],[-81.41280600025542,28.63653399990841],[-81.4127429996079,28.63653399990841],[-81.4126220001324,28.63653399990841],[-81.41250699960636,28.636536999888943],[-81.41244800005512,28.636536999888943],[-81.41238899960558,28.636536999888943],[-81.41226599958193,28.63653600015831],[-81.41220600020579,28.636534999639135],[-81.41214799958115,28.63653399990841],[-81.4120949998777,28.63653399990841],[-81.4119950003186,28.636533000177685],[-81.411940000067,28.636533000177685],[-81.41188099961747,28.636533000177685],[-81.4117070004385,28.63653600015831],[-81.41165300001184,28.636536999888943],[-81.4116010001333,28.636536999888943],[-81.41151400009466,28.636537999619645],[-81.41145899984306,28.63654599983015],[-81.41140600013964,28.636591000312833],[-81.41132800032183,28.636670000255066],[-81.41126300002449,28.636729000043374],[-81.41120899959783,28.636778999878118],[-81.4111719997879,28.636813999827076],[-81.4111290001302,28.636856000223514],[-81.41110099964278,28.63689499984442],[-81.41108599957417,28.636912999664574],[-81.4110870002974,28.636946000115298],[-81.41108599957417,28.637004000022173],[-81.4110880001223,28.637056999691527],[-81.41109200032027,28.637107999883682],[-81.41109300014519,28.637164999976285],[-81.41108999977213,28.637227999959624],[-81.41108999977213,28.63728700022261],[-81.41109200032027,28.637344000218025],[-81.41109099959705,28.637399999671512],[-81.41109099959705,28.637458000115846],[-81.41109899999296,28.63748300025673],[-81.4110959996199,28.63753100028973],[-81.41109999981788,28.63759600028298],[-81.41110099964278,28.637644999984378],[-81.41110099964278,28.637704000012892],[-81.41109700034315,28.637751000225652],[-81.41109700034315,28.637802999799117],[-81.41109899999296,28.63785099968567],[-81.41110099964278,28.637897999832596],[-81.41110300019092,28.637945999675757],[-81.41110700038888,28.638016000360324],[-81.41111700043463,28.63806700008627],[-81.41112300028242,28.638117000071865],[-81.41108399992434,28.63816100016556],[-81.41114500002371,28.638189000072238],[-81.41123000041253,28.638186999853918],[-81.41223100032016,28.638161999880776],[-81.41331900026641,28.638134999682382],[-81.41381499966064,28.63812299994239],[-81.41392799963855,28.63812000000713],[-81.41397100019456,28.638114000136444],[-81.41399700013383,28.638087999641623],[-81.41399299993587,28.63779000030238],[-81.41399299993587,28.637766999672642],[-81.41399399976078,28.63773299976089],[-81.4139949995857,28.637686000328422],[-81.41399600030891,28.637599000233156],[-81.41399600030891,28.637528000337554],[-81.41399899978366,28.63747299988575],[-81.41401800005023,28.637418999915763],[-81.41403099957071,28.637362999683933],[-81.41406499990589,28.63726700023075],[-81.4140799999745,28.63724400027474],[-81.41411000011173,28.637187999949557],[-81.4141079995636,28.637127999905836],[-81.41411500013461,28.637056999691527],[-81.41411900033258,28.636986999944043],[-81.4141140003097,28.636931999997014],[-81.4141140003097,28.63688200023517],[-81.41411900033258,28.636793999745016],[-81.41412000015748,28.63673799996811]]]},"properties":{"block_id":"120950152041002","school_id":"sch_riverside_elementary","kids_est":30,"class":"red","shortest":{"len_m":2694.9,"mean_c":37.13,"peak_c":37.2,"dose":154.5},"coolest":{"len_m":2694.9,"mean_c":37.13,"peak_c":37.2,"dose":154.5},"delta_mean_c":0.0,"delta_dose_pct":0,"distance_mi":0.593,"status_now":"walk","status_rec":"bus_eligible","reason":"Coolest route mean 37.1C exceeds threshold (110 C-min dose, actual 154).","safe_until_hour":"13:00"}},{"type":"Feature","geometry":{"type":"Polygon","coordinates":[[[-81.43556899963623,28.640250999919086],[-81.43557200000929,28.64006499966195],[-81.43547199955185,28.640061000085122],[-81.43019599985212,28.640151000381334],[-81.42927899961009,28.64016599976621],[-81.42858800022218,28.640279000056392],[-81.4279839999746,28.64031399962624],[-81.42741999990999,28.640317999981857],[-81.42741700043527,28.640482999930295],[-81.42869700000212,28.64046400024096],[-81.42991299999491,28.640330999953715],[-81.4305540000524,28.640294000211398],[-81.43194699959717,28.640256999667617],[-81.43556899963623,28.640250999919086]]]},"properties":{"block_id":"121170217074010","school_id":"sch_riverside_elementary","kids_est":0,"class":"red","shortest":{"len_m":2501.8,"mean_c":37.07,"peak_c":37.2,"dose":141.2},"coolest":{"len_m":2501.8,"mean_c":37.07,"peak_c":37.2,"dose":141.2},"delta_mean_c":0.0,"delta_dose_pct":0,"distance_mi":0.778,"status_now":"walk","status_rec":"bus_eligible","reason":"Coolest route mean 37.1C exceeds threshold (110 C-min dose, actual 141).","safe_until_hour":"13:00"}},{"type":"Feature","geometry":{"type":"Polygon","coordinates":[[[-81.4355600003137,28.641531000248257],[-81.43556899963623,28.640250999919086],[-81.43194699959717,28.640256999667617],[-81.4305540000524,28.640294000211398],[-81.42991299999491,28.640330999953715],[-81.42869700000212,28.64046400024096],[-81.42741700043527,28.640482999930295],[-81.4274140000622,28.640749999641272],[-81.42743900017656,28.640860000234014],[-81.42745800044314,28.64097499994195],[-81.42745800044314,28.64113499963446],[-81.42743300032878,28.641206000242725],[-81.42728299964263,28.641366000371278],[-81.42694000040929,28.641497999662906],[-81.42677800002757,28.641553000369946],[-81.42654700004888,28.641623999906894],[-81.4264290000481,28.641734000371603],[-81.42637200014671,28.641838999955034],[-81.42634799985726,28.64192700015567],[-81.42633500033678,28.642032000334332],[-81.4262790002603,28.64217999992712],[-81.42589799959546,28.642861999699495],[-81.42581300010497,28.64297300011217],[-81.42580499970904,28.64298299995896],[-81.42577399974691,28.643092999786994],[-81.42577399974691,28.64315400002897],[-81.4258299998234,28.643357999830855],[-81.42581700030293,28.643484000205955],[-81.42552600004979,28.64373799982621],[-81.42531400033768,28.643795999920165],[-81.42471299956483,28.643784999700916],[-81.42430000001127,28.643749000050395],[-81.42398199999396,28.643832000342965],[-81.42350900016594,28.644182999875856],[-81.42351599983864,28.64432000021262],[-81.42340299986074,28.644556999745458],[-81.4232599997456,28.64489299972219],[-81.42319100014863,28.64499199981982],[-81.42313500007212,28.645106999728267],[-81.42304800003349,28.645370999767785],[-81.42304100036078,28.645481000245137],[-81.42301600024643,28.64556899975558],[-81.42302299991913,28.645707000290532],[-81.42303899981266,28.64583300020901],[-81.4230699997748,28.646068000197015],[-81.42312900022434,28.646516000305603],[-81.42324700022512,28.646796000387162],[-81.42328400003503,28.64712099962901],[-81.42334099993644,28.647292000048285],[-81.42351500001372,28.647501000182146],[-81.42356500024243,28.64754500028172],[-81.42362100031893,28.647571999634927],[-81.42370800035756,28.64758900036288],[-81.42378299980233,28.647583000245394],[-81.42385200029763,28.647566999930433],[-81.42392099989459,28.6475059998898],[-81.42403300004757,28.647440000103128],[-81.42406999985751,28.647423999766346],[-81.42452599996707,28.64741799963947],[-81.42482499971783,28.647528000335047],[-81.4248940002131,28.647539000161764],[-81.42495600013739,28.647539000161764],[-81.42502499973436,28.647528000335047],[-81.42507499996309,28.64749500005962],[-81.4251620000017,28.64741799963947],[-81.42521800007822,28.6474020000877],[-81.42526800030693,28.6474020000877],[-81.42534899959945,28.64741299992757],[-81.42543599963811,28.647450999939068],[-81.4256110004386,28.647467999898286],[-81.42576100022643,28.6474729996075],[-81.4258230001507,28.647467999898286],[-81.4259849996341,28.647467999898286],[-81.4261040003581,28.6474729996075],[-81.42635899972791,28.64750700030433],[-81.42642800022321,28.647501000182146],[-81.42650299966796,28.64750700030433],[-81.42656499959224,28.64752299984008],[-81.42660300012538,28.647528000335047],[-81.42665300035411,28.64753999978757],[-81.42675899976099,28.64757799975305],[-81.4267959995709,28.647600000183136],[-81.42681499983749,28.647617000118206],[-81.42687699976177,28.64765500005579],[-81.42698899991476,28.647737999622542],[-81.42707099993052,28.647814999807803],[-81.42715799996917,28.64788599983639],[-81.42727000012216,28.647985000262327],[-81.42732600019865,28.64800699981875],[-81.42737600042737,28.64803500025082],[-81.42746299956771,28.64805699979675],[-81.42750699994863,28.64807900012642],[-81.42752600021521,28.648068000356343],[-81.42760700040606,28.648068000356343],[-81.42766900033033,28.648062000266258],[-81.42771899966074,28.648046000024358],[-81.42781900011816,28.648023999687833],[-81.42784699970726,28.648014000321613],[-81.42790600015678,28.647996000041108],[-81.42799400002035,28.647991000356825],[-81.42804400024906,28.647991000356825],[-81.42810600017333,28.647996000041108],[-81.4281250004399,28.64801299991198],[-81.42816200024981,28.648023999687833],[-81.4281870003642,28.648039999933015],[-81.42821800032634,28.648068000356343],[-81.42825599996117,28.648089999895287],[-81.42827400040282,28.64811200021805],[-81.42835499969536,28.64818300004556],[-81.42838700038072,28.648216000104455],[-81.42839900007628,28.64824399969243],[-81.42843000003845,28.648292999938786],[-81.4284550001528,28.64836999971658],[-81.42846799967327,28.648470000090995],[-81.42846100000058,28.64851399978403],[-81.42846100000058,28.648552000184914],[-81.4284550001528,28.648585000127756],[-81.42846100000058,28.64861299961716],[-81.42846100000058,28.648667999746877],[-81.42848000026714,28.648706000091966],[-81.42848000026714,28.648724000250656],[-81.42846799967327,28.648738999986335],[-81.42843000003845,28.648755999736718],[-81.42839300022851,28.648794000049975],[-81.42837999980974,28.648810999791422],[-81.42836800011415,28.648837999607096],[-81.42834899984757,28.648855000129767],[-81.42833700015201,28.648877000292035],[-81.42831799988544,28.648898999661345],[-81.42829899961887,28.648932000283285],[-81.42827400040282,28.64900900038023],[-81.42827400040282,28.64903099972185],[-81.42821199958024,28.64909700008401],[-81.4281739999454,28.64912999985529],[-81.42814899983104,28.6491459999318],[-81.42809299975454,28.649196000155147],[-81.42808100005897,28.649218000245828],[-81.42805599994463,28.64925099997911],[-81.42805000009683,28.649289000112947],[-81.42803699967804,28.649327999841827],[-81.42798099960156,28.649454000140278],[-81.42792500042336,28.64950400021676],[-81.42816700027271,28.649784999808965],[-81.42823699969459,28.64986699966311],[-81.42849899963541,28.650119999991364],[-81.42887399955413,28.650640999857107],[-81.42909100018743,28.650942999691242],[-81.42949700006828,28.650714000316984],[-81.42975200033642,28.650572000099228],[-81.43009799994283,28.650399999911127],[-81.43017199956266,28.650362999778732],[-81.4303509996628,28.650273999960866],[-81.43089399981102,28.650042999921826],[-81.4312369999427,28.649888999613033],[-81.4314489996548,28.64973499986646],[-81.43170499974785,28.649454999747864],[-81.43176699967212,28.64937799997839],[-81.43183600016742,28.64927799968143],[-81.43188100037327,28.648995999907125],[-81.43187499962717,28.648749999686046],[-81.43184700003808,28.64850900012443],[-81.43171099959564,28.648280000165215],[-81.43146600027157,28.64800200013498],[-81.43100699978892,28.647697000053704],[-81.43057900016676,28.647509000344947],[-81.43036400008161,28.64750700030433],[-81.43018900017941,28.64734200036716],[-81.4301590000422,28.647321000299193],[-81.4300329996455,28.647232000264857],[-81.42982799960609,28.64707199962346],[-81.42961500006908,28.646846000154177],[-81.4295539999697,28.646762999881464],[-81.42950299991608,28.646691999881032],[-81.42942199972522,28.64652199969577],[-81.429146000439,28.64657000032323],[-81.42881099980495,28.64665900013093],[-81.42837300013703,28.64688299995064],[-81.4281250004399,28.64701100008323],[-81.42788100004243,28.647137999641696],[-81.42777499973722,28.647171000029395],[-81.4276259997743,28.647198000267256],[-81.42748799968206,28.647181999893554],[-81.42738200027514,28.647154000022052],[-81.42727099994707,28.647073000042063],[-81.42716999966473,28.64700000020121],[-81.42702099970181,28.646818999825708],[-81.42694000040929,28.64665900013093],[-81.42692699999049,28.646560000030085],[-81.42695799995262,28.646378000046717],[-81.42701400002913,28.646295999829746],[-81.4271889999313,28.64614200032579],[-81.42743900017656,28.645932999848934],[-81.42766299958423,28.64571800030817],[-81.42784400023253,28.6454819998906],[-81.42804400024906,28.645289000340302],[-81.42830000034209,28.645139999966595],[-81.42840199955103,28.645113999636315],[-81.42860499994062,28.64506399983209],[-81.42887299972922,28.644930999858307],[-81.42921000001311,28.64468899975205],[-81.42935800015111,28.64459700009943],[-81.42954099955091,28.644485999828518],[-81.42974700031354,28.644430999870885],[-81.42984100002488,28.644439999923232],[-81.43001500010214,28.644458000025693],[-81.43013300010293,28.64454099975725],[-81.4301950000272,28.644572999731206],[-81.43024600008083,28.64460100029172],[-81.43042000015811,28.644772000089198],[-81.43053899998378,28.645020000268428],[-81.43056499992306,28.645081000178177],[-81.43065100013678,28.645278000277614],[-81.43083199988675,28.64523400001534],[-81.4308710002448,28.645227000115295],[-81.43098800042068,28.64520700006028],[-81.43108399978183,28.645175000279792],[-81.4312369999427,28.64512400006733],[-81.43143100011146,28.645020000268428],[-81.43149899988353,28.644977999986846],[-81.43169300005228,28.644860000194527],[-81.43202699996311,28.644501000170283],[-81.43204200003173,28.644485999828518],[-81.43210399995603,28.644297000226118],[-81.43212300022259,28.643898999695388],[-81.43216199968234,28.643192000006678],[-81.43219699984243,28.643051999979267],[-81.43231900004118,28.642577999884498],[-81.43228499970597,28.642587999768892],[-81.4321879996216,28.642573999615127],[-81.4317929996114,28.642517999769684],[-81.43166200009014,28.64250000012278],[-81.431815000251,28.642174000288612],[-81.43186700012956,28.642064999963306],[-81.43217299955299,28.641668999788426],[-81.43241000027777,28.641421000359106],[-81.43250999983688,28.64136299974041],[-81.43282200000641,28.641184000048266],[-81.4328760004331,28.641272000009952],[-81.43304100028953,28.641536000240492],[-81.43309599964282,28.64162500037752],[-81.4332079997958,28.64157499969859],[-81.43325200017672,28.64156999970824],[-81.43329599965934,28.641553000369946],[-81.43335199973585,28.64154199991549],[-81.43346399988883,28.641531000248257],[-81.43411900019004,28.64154800037854],[-81.4355600003137,28.641531000248257]]]},"properties":{"block_id":"121170217074001","school_id":"sch_riverside_elementary","kids_est":26,"class":"red","shortest":{"len_m":2083.4,"mean_c":37.13,"peak_c":37.2,"dose":119.7},"coolest":{"len_m":2083.4,"mean_c":37.13,"peak_c":37.2,"dose":119.7},"delta_mean_c":0.0,"delta_dose_pct":0,"distance_mi":0.894,"status_now":"walk","status_rec":"bus_eligible","reason":"Coolest route mean 37.1C exceeds threshold (110 C-min dose, actual 120).","safe_until_hour":"14:00"}},{"type":"Feature","geometry":{"type":"Polygon","coordinates":[[[-81.41491500020076,28.630960999649258],[-81.41491699985059,28.630509999984714],[-81.4148189999413,28.6305090001966],[-81.41457899974179,28.63051700007824],[-81.41402100042326,28.63051700007824],[-81.41133499999452,28.630521000018867],[-81.4104400003921,28.63052199980688],[-81.41041100007979,28.6305160002902],[-81.41036500004904,28.63049000027816],[-81.41033499991181,28.63044900027641],[-81.41032999988896,28.630431000135985],[-81.41032900006404,28.630391999689703],[-81.41032599969097,28.629818999832114],[-81.41032599969097,28.629629000032235],[-81.41011900000174,28.629629000032235],[-81.40950100040878,28.629630999625245],[-81.40929499964614,28.629632000210165],[-81.40910300002551,28.62963300000664],[-81.4089120002298,28.629636000184522],[-81.40879400022904,28.62963500038806],[-81.40856599972507,28.629633999803115],[-81.40852899991516,28.62963300000664],[-81.40833800011946,28.629632000210165],[-81.40828100021804,28.629632000210165],[-81.40818400013366,28.62963300000664],[-81.40811299998855,28.62963900036225],[-81.40805699991205,28.62964400013271],[-81.40800199966047,28.629648999902866],[-81.40795300015499,28.629660999823397],[-81.40793800008638,28.62973799987235],[-81.40794099956109,28.62975100036656],[-81.4080329996226,28.63002199974871],[-81.40793200023859,28.630084000285795],[-81.40783299960607,28.63014500020624],[-81.40784000017707,28.630977999915142],[-81.40747799977882,28.630981000054565],[-81.40747899960374,28.631300999713055],[-81.40748399962662,28.63200000012714],[-81.40748699999966,28.63277900010129],[-81.40807700000353,28.632769999837052],[-81.40831600037815,28.632766999748775],[-81.4083630002338,28.632765999982148],[-81.40865299976373,28.632762999893803],[-81.40868100025114,28.63276200012715],[-81.40876800028975,28.63276100036047],[-81.40879699970377,28.63276100036047],[-81.4092069997826,28.632756999716815],[-81.40928600032362,28.6327559999501],[-81.40975400012876,28.632752000094708],[-81.410221000109,28.632752999861413],[-81.41043799984398,28.632749999772688],[-81.4108489997477,28.632746999683835],[-81.4108699996641,28.63274599991708],[-81.41093199958839,28.632745000150262],[-81.410954000228,28.632745000150262],[-81.4113059996822,28.632742999828118],[-81.41183700013484,28.63274100029439],[-81.41236199984141,28.632752999861413],[-81.4127140001939,28.63276200012715],[-81.41275100000384,28.632762999893803],[-81.41286300015682,28.632765999982148],[-81.41290099979166,28.632766999748775],[-81.41330400019778,28.632768000303862],[-81.41434299974024,28.632771000392115],[-81.41451400034278,28.632769999837052],[-81.41491699985059,28.632769000070464],[-81.41491500020076,28.632316999731383],[-81.41491400037587,28.632115000084287],[-81.41491500020076,28.630960999649258]],[[-81.41261399973648,28.631539999826845],[-81.41261399973648,28.631560999899865],[-81.41261399973648,28.631780999736833],[-81.41261399973648,28.632440999634397],[-81.41261399973648,28.632508999722525],[-81.41261100026173,28.632532999696693],[-81.41259700001804,28.632555000128125],[-81.41257199990368,28.63256699971647],[-81.41249699956063,28.63256699971647],[-81.41240799987216,28.63256699971647],[-81.41214299955828,28.63256699971647],[-81.41205499969473,28.6325680002734],[-81.41205600041796,28.632394999967218],[-81.4120659995654,28.632246000204205],[-81.4120659995654,28.63216000010177],[-81.4120659995654,28.63210800009734],[-81.41206300009067,28.631354999677495],[-81.41206899993846,28.631329999653616],[-81.4120870003801,28.631309000322812],[-81.41211300031938,28.631298000371316],[-81.41244899988004,28.631299000151927],[-81.41258899962212,28.63129999993247],[-81.41260700006377,28.631317999923915],[-81.41261399973648,28.631539999826845]]]},"properties":{"block_id":"120950152041012","school_id":"sch_riverside_elementary","kids_est":8,"class":"red","shortest":{"len_m":3351.0,"mean_c":37.12,"peak_c":37.2,"dose":191.8},"coolest":{"len_m":3351.0,"mean_c":37.12,"peak_c":37.2,"dose":191.8},"delta_mean_c":0.0,"delta_dose_pct":0,"distance_mi":0.639,"status_now":"walk","status_rec":"bus_eligible","reason":"Coolest route mean 37.1C exceeds threshold (110 C-min dose, actual 192).","safe_until_hour":"11:00"}},{"type":"Feature","geometry":{"type":"Polygon","coordinates":[[[-81.3985470004281,28.636510999791795],[-81.39854099968197,28.63617400004142],[-81.39854099968197,28.636143000393705],[-81.39854300023013,28.635267999667533],[-81.39853800020725,28.63504100025332],[-81.39852999981133,28.63467400017906],[-81.39795999989893,28.63468099999483],[-81.39761199974438,28.634686000313494],[-81.39709200006071,28.63470299997595],[-81.39695399996845,28.634697999658105],[-81.39662400025556,28.634694999625],[-81.39644900035339,28.634684000028404],[-81.39625600000954,28.634656999723436],[-81.39623300044332,28.6346539996891],[-81.39604500012233,28.634615999772763],[-81.39570299981557,28.634524999709505],[-81.39557899996701,28.63495500007608],[-81.3955649997233,28.63500700024671],[-81.39550600017208,28.635244000318842],[-81.395471000012,28.63536199988903],[-81.39544800044577,28.635483000125646],[-81.39543800040002,28.63560499996233],[-81.3954369996768,28.635770999964716],[-81.39544800044577,28.63589600025385],[-81.395471000012,28.636019000134457],[-81.39558900001278,28.636459000366468],[-81.39559200038582,28.636480000243644],[-81.39561599977695,28.63662700005437],[-81.39562800037082,28.636828999689047],[-81.39562499999776,28.636980000282094],[-81.39595700025879,28.63697100037811],[-81.39600499993936,28.63696999986316],[-81.39638499988096,28.63694500038849],[-81.39659199957019,28.63691100021037],[-81.3967959997847,28.63686500013729],[-81.39693899989983,28.636821000288553],[-81.39704100000708,28.636790999771822],[-81.39725400044242,28.6367149998962],[-81.39747500037535,28.636630000032294],[-81.39750100031462,28.636621999828186],[-81.39763400038402,28.636585000354714],[-81.39779599986741,28.63655499977052],[-81.3980340004171,28.636533000177685],[-81.39828299993911,28.636519000004302],[-81.39835400008424,28.636516000023246],[-81.3985470004281,28.636510999791795]]]},"properties":{"block_id":"120950152031002","school_id":"sch_riverside_elementary","kids_est":0,"class":"red","shortest":{"len_m":4942.4,"mean_c":37.12,"peak_c":37.3,"dose":283.1},"coolest":{"len_m":4946.8,"mean_c":37.12,"peak_c":37.3,"dose":282.9},"delta_mean_c":0.0,"delta_dose_pct":0,"distance_mi":1.484,"status_now":"walk","status_rec":"bus_eligible","reason":"Coolest route mean 37.1C exceeds threshold (110 C-min dose, actual 283).","safe_until_hour":"11:00"}},{"type":"Feature","geometry":{"type":"Polygon","coordinates":[[[-81.41512299971492,28.62961700010805],[-81.41509900032379,28.62908399992226],[-81.41509699977566,28.628404999907513],[-81.41510699982139,28.627362999869717],[-81.41492500024653,28.627346999625033],[-81.41491600002568,28.627701000131616],[-81.41490099995707,28.628308000335345],[-81.41490900035298,28.628568000051626],[-81.4149310000943,28.629352999851353],[-81.41493799976699,28.62961300013297],[-81.41512299971492,28.62961700010805]]]},"properties":{"block_id":"120950151042027","school_id":"sch_riverside_elementary","kids_est":0,"class":"red","shortest":{"len_m":2894.8,"mean_c":37.43,"peak_c":37.7,"dose":177.7},"coolest":{"len_m":2894.8,"mean_c":37.43,"peak_c":37.7,"dose":177.7},"delta_mean_c":0.0,"delta_dose_pct":0,"distance_mi":0.506,"status_now":"walk","status_rec":"bus_eligible","reason":"Coolest route mean 37.4C exceeds threshold (110 C-min dose, actual 178).","safe_until_hour":"12:00"}},{"type":"Feature","geometry":{"type":"Polygon","coordinates":[[[-81.41511100001935,28.63276500021557],[-81.41512699991287,28.632429000031703],[-81.41508900027804,28.6305010003144],[-81.41491699985059,28.630509999984714],[-81.41491500020076,28.630960999649258],[-81.41491400037587,28.632115000084287],[-81.41491500020076,28.632316999731383],[-81.41491699985059,28.632769000070464],[-81.41511100001935,28.63276500021557]]]},"properties":{"block_id":"120950151042024","school_id":"sch_riverside_elementary","kids_est":0,"class":"red","shortest":{"len_m":2979.2,"mean_c":37.12,"peak_c":37.2,"dose":170.8},"coolest":{"len_m":2979.2,"mean_c":37.12,"peak_c":37.2,"dose":170.8},"delta_mean_c":0.0,"delta_dose_pct":0,"distance_mi":0.396,"status_now":"walk","status_rec":"bus_eligible","reason":"Coolest route mean 37.1C exceeds threshold (110 C-min dose, actual 171).","safe_until_hour":"11:00"}},{"type":"Feature","geometry":{"type":"Polygon","coordinates":[[[-81.41509000010296,28.630292000217853],[-81.41512299971492,28.62961700010805],[-81.41493799976699,28.62961300013297],[-81.41493399956903,28.629792999647425],[-81.41492100004855,28.63032900033315],[-81.41491699985059,28.630509999984714],[-81.41508900027804,28.6305010003144],[-81.41509000010296,28.630292000217853]]]},"properties":{"block_id":"120950151042026","school_id":"sch_riverside_elementary","kids_est":0,"class":"red","shortest":{"len_m":3068.3,"mean_c":37.41,"peak_c":37.7,"dose":187.9},"coolest":{"len_m":3107.4,"mean_c":37.13,"peak_c":37.2,"dose":178.2},"delta_mean_c":-0.28,"delta_dose_pct":-5,"distance_mi":0.441,"status_now":"walk","status_rec":"bus_eligible","reason":"Coolest route mean 37.1C exceeds threshold (110 C-min dose, actual 178).","safe_until_hour":"11:00"}},{"type":"Feature","geometry":{"type":"Polygon","coordinates":[[[-81.40245499979908,28.6362429998094],[-81.40263999974701,28.63611499994105],[-81.40166999980153,28.635229999973518],[-81.40087300010842,28.634504000229594],[-81.39882299971428,28.632623000142402],[-81.3985209995905,28.632336999878213],[-81.39852200031373,28.633147000258212],[-81.39852999981133,28.63467400017906],[-81.39853800020725,28.63504100025332],[-81.39854300023013,28.635267999667533],[-81.39854099968197,28.636143000393705],[-81.39854099968197,28.63617400004142],[-81.3985470004281,28.636510999791795],[-81.39880599999584,28.63651699975415],[-81.39903899962435,28.636536999888943],[-81.39907100030972,28.63654100038856],[-81.39926899977813,28.63657100018832],[-81.39946299994689,28.636613999623545],[-81.39958900034358,28.636652000393237],[-81.40036099992234,28.636928000300806],[-81.40046800005246,28.636960999958326],[-81.40058199985528,28.636981999735035],[-81.40089700039788,28.637004000022173],[-81.40110800028506,28.6370030002959],[-81.4012870003852,28.63699299987917],[-81.4013860001194,28.636974000346214],[-81.40148300020378,28.636943000146406],[-81.40153000005944,28.636929000027777],[-81.40166499977866,28.63686500013729],[-81.40174799961935,28.63681300009902],[-81.4019150000239,28.63668800011382],[-81.4021040001698,28.636527000216248],[-81.40240600029358,28.636286999900513],[-81.40241299996629,28.63628000019186],[-81.40245499979908,28.6362429998094]]]},"properties":{"block_id":"120950152031005","school_id":"sch_riverside_elementary","kids_est":0,"class":"red","shortest":{"len_m":4625.6,"mean_c":37.15,"peak_c":37.3,"dose":267.3},"coolest":{"len_m":4630.0,"mean_c":37.15,"peak_c":37.3,"dose":267.1},"delta_mean_c":0.0,"delta_dose_pct":0,"distance_mi":1.292,"status_now":"walk","status_rec":"bus_eligible","reason":"Coolest route mean 37.1C exceeds threshold (110 C-min dose, actual 267).","safe_until_hour":"11:00"}},{"type":"Feature","geometry":{"type":"Polygon","coordinates":[[[-81.43487099967732,28.63412099985364],[-81.43486700037768,28.633691999769695],[-81.43486599965443,28.633504999952486],[-81.43485099958583,28.633435000200826],[-81.43481499960082,28.633370999756238],[-81.43476299972228,28.633317000040698],[-81.43471900023967,28.633290000172494],[-81.4346449997215,28.63326000022319],[-81.4345650002539,28.63324300032691],[-81.43389999990694,28.6332359996268],[-81.43387399996766,28.6332359996268],[-81.43373900024844,28.63323899970162],[-81.43367899997399,28.633248999687655],[-81.43362200007259,28.633270000207222],[-81.43356099997321,28.63330700006109],[-81.43350800026977,28.63335900025989],[-81.43346700026189,28.633429000062257],[-81.43344700017039,28.63349100016358],[-81.43344799999531,28.633756999775702],[-81.43344899982021,28.6338669998154],[-81.43346600043697,28.633926000391323],[-81.43349599967588,28.633981000337002],[-81.4335390002319,28.634028999606592],[-81.43356500017117,28.634049000215672],[-81.43362200007259,28.634082999744283],[-81.43372300035492,28.634114000000505],[-81.43382700011199,28.63411900034624],[-81.43445800012377,28.634120000099912],[-81.43487099967732,28.63412099985364]]]},"properties":{"block_id":"120950151031004","school_id":"sch_riverside_elementary","kids_est":1,"class":"green","shortest":{"len_m":1778.8,"mean_c":37.1,"peak_c":37.2,"dose":101.3},"coolest":{"len_m":1778.8,"mean_c":37.1,"peak_c":37.2,"dose":101.3},"delta_mean_c":0.0,"delta_dose_pct":0,"distance_mi":0.785,"status_now":"walk","status_rec":"walk","reason":"Shortest route already under threshold (dose 101).","safe_until_hour":null}},{"type":"Feature","geometry":{"type":"Polygon","coordinates":[[[-81.42743199960555,28.63077200012544],[-81.42743499997862,28.630380999642092],[-81.42742900013081,28.630043000125447],[-81.42742900013081,28.629031999970778],[-81.42742900013081,28.628694999857796],[-81.42731600015291,28.628694000052377],[-81.42699499976256,28.628694000052377],[-81.42697800004412,28.628694000052377],[-81.42686599989112,28.62869700025709],[-81.42687000008907,28.629114000276818],[-81.42687699976177,28.62969499998509],[-81.42686800043926,28.629784999710598],[-81.42684999999759,28.62987400035319],[-81.4268089999897,28.630004000323478],[-81.42675000043846,28.630129000385622],[-81.42662999988957,28.63030899980366],[-81.42660200030046,28.630352000227795],[-81.42638999969006,28.6306509999762],[-81.42648199975156,28.63069699961927],[-81.42669099998894,28.630815000359878],[-81.4267169999282,28.630842000076356],[-81.42673000034699,28.63085499964534],[-81.42677600037774,28.630923999756778],[-81.4267959995709,28.630973000208293],[-81.42681099963953,28.631051999649056],[-81.42680999981462,28.631849000252558],[-81.42681099963953,28.631959999701106],[-81.42681599966241,28.63234099974948],[-81.42693899968604,28.63234099974948],[-81.42730799975698,28.63234099974948],[-81.42743099978065,28.63234099974948],[-81.42742999995572,28.631948000043426],[-81.42742999995572,28.63125900024721],[-81.42743199960555,28.63077200012544]]]},"properties":{"block_id":"120950151042013","school_id":"sch_riverside_elementary","kids_est":1,"class":"green","shortest":{"len_m":940.6,"mean_c":37.2,"peak_c":37.2,"dose":54.9},"coolest":{"len_m":940.6,"mean_c":37.2,"peak_c":37.2,"dose":54.9},"delta_mean_c":0.0,"delta_dose_pct":0,"distance_mi":0.404,"status_now":"walk","status_rec":"walk","reason":"Shortest route already under threshold (dose 55).","safe_until_hour":null}},{"type":"Feature","geometry":{"type":"Polygon","coordinates":[[[-81.43034599963994,28.62993399981365],[-81.43037400012734,28.629872999770573],[-81.43030299998225,28.62984299963294],[-81.43009899976774,28.629769999630273],[-81.43002199977485,28.62974299963803],[-81.42964100000832,28.629618999701275],[-81.42956099964239,28.629602999800472],[-81.42943099994606,28.62959000007644],[-81.42924500017321,28.62959000007644],[-81.42895200027026,28.62959000007644],[-81.42877399999502,28.62959099987331],[-81.42860300029079,28.629593000255483],[-81.42824099989255,28.62959099987331],[-81.42815499967884,28.62959099987331],[-81.42810600017333,28.629602999800472],[-81.42807100001323,28.629622999676066],[-81.42804599989887,28.62964599972543],[-81.4280330003784,28.629664999796645],[-81.42801599976166,28.629707999696134],[-81.42801499993674,28.629759000305985],[-81.42801499993674,28.63022400027024],[-81.42801499993674,28.630379999852742],[-81.42836700028924,28.630380999642092],[-81.42848799976476,28.630390999900442],[-81.42850100018356,28.63039300026742],[-81.42865799964406,28.63042099988144],[-81.4287589999264,28.630451999642474],[-81.4288560000108,28.630491000066456],[-81.42899199955492,28.630561000204857],[-81.42911299992873,28.63064099974262],[-81.42920499999023,28.630687999964934],[-81.42932600036407,28.63073800031264],[-81.42943500014401,28.630768999980027],[-81.42960099982537,28.630798999852974],[-81.42970399975752,28.630808000286226],[-81.42982400030644,28.630805999927222],[-81.42985299972042,28.630805999927222],[-81.43000099985845,28.63078600027707],[-81.43029100028667,28.630727000301235],[-81.43026600017232,28.63056599993134],[-81.4302650003474,28.630554000114273],[-81.43025799977639,28.630421999670407],[-81.43026299979927,28.63027899979065],[-81.43029799995935,28.630104999861704],[-81.43031600040104,28.630036999792953],[-81.43034599963994,28.62993399981365]]]},"properties":{"block_id":"120950151032005","school_id":"sch_riverside_elementary","kids_est":1,"class":"green","shortest":{"len_m":1159.9,"mean_c":37.2,"peak_c":37.2,"dose":67.7},"coolest":{"len_m":1159.9,"mean_c":37.2,"peak_c":37.2,"dose":67.7},"delta_mean_c":0.0,"delta_dose_pct":0,"distance_mi":0.533,"status_now":"walk","status_rec":"walk","reason":"Shortest route already under threshold (dose 68).","safe_until_hour":null}},{"type":"Feature","geometry":{"type":"Polygon","coordinates":[[[-81.41492799972124,28.634568999732593],[-81.41492600007142,28.634479999917716],[-81.41492100004855,28.63421300002008],[-81.41491900039873,28.634124999656894],[-81.41491500020076,28.634031999658806],[-81.41490500015503,28.633752999958404],[-81.41490099995707,28.63365999963064],[-81.41449900027416,28.633664000239875],[-81.41331900026641,28.633658999872512],[-81.41292400025618,28.633658000114398],[-81.41292300043129,28.633837999787474],[-81.41292199970805,28.63427600019886],[-81.41291900023333,28.63438100015003],[-81.4129169996852,28.634473999838892],[-81.41292099988314,28.63456199990935],[-81.41332199974114,28.634562999658854],[-81.41452600003835,28.634567000233673],[-81.41492799972124,28.634568999732593]]]},"properties":{"block_id":"120950152041008","school_id":"sch_riverside_elementary","kids_est":3,"class":"red","shortest":{"len_m":2587.9,"mean_c":37.13,"peak_c":37.2,"dose":148.1},"coolest":{"len_m":2587.9,"mean_c":37.13,"peak_c":37.2,"dose":148.1},"delta_mean_c":0.0,"delta_dose_pct":0,"distance_mi":0.448,"status_now":"walk","status_rec":"bus_eligible","reason":"Coolest route mean 37.1C exceeds threshold (110 C-min dose, actual 148).","safe_until_hour":"13:00"}},{"type":"Feature","geometry":{"type":"Polygon","coordinates":[[[-81.41085299994566,28.635474000093346],[-81.41085499959549,28.634558999872343],[-81.41084999957262,28.634378000107855],[-81.4108489997477,28.634318999786117],[-81.41084700009789,28.633837000031036],[-81.41084700009789,28.63365700035627],[-81.41043100017127,28.63365500005155],[-81.41006899977303,28.63365500005155],[-81.40994900012242,28.63365500005155],[-81.40918300039145,28.633651000230383],[-81.40899500007049,28.633651000230383],[-81.40896099973529,28.63364899992555],[-81.40889600033628,28.633631000333978],[-81.40886700002396,28.633615000256334],[-81.40884100008469,28.633595000353008],[-81.40881900034339,28.63357200038065],[-81.40880400027477,28.633547999855626],[-81.40878300035838,28.633488000095902],[-81.4087640000918,28.633762000138383],[-81.40872499973375,28.634436999608017],[-81.40871600041123,28.634586000202464],[-81.40880900029765,28.634586000202464],[-81.40881199977237,28.63521499988299],[-81.40881400032052,28.635589999925465],[-81.40881699979525,28.63614700011985],[-81.40881799962015,28.636340999664615],[-81.40881799962015,28.636407999858932],[-81.40930700024,28.636401999890342],[-81.40966500044031,28.63639699965345],[-81.40979500013665,28.636395000189363],[-81.4107709999299,28.63638099999756],[-81.4108329998542,28.636381999729736],[-81.41082799983131,28.636331999705888],[-81.41082799983131,28.636271000227907],[-81.41082799983131,28.63621999962892],[-81.41082899965623,28.636156999828817],[-81.41082899965623,28.636087000269303],[-81.41082799983131,28.636011999619473],[-81.41082600018149,28.63578800023985],[-81.41082299980845,28.63571999991117],[-81.41082199998353,28.635658000338328],[-81.41082100015862,28.63559999968747],[-81.41081899961047,28.635547999810683],[-81.41085299994566,28.635474000093346]]]},"properties":{"block_id":"120950152041005","school_id":"sch_riverside_elementary","kids_est":1,"class":"red","shortest":{"len_m":3067.7,"mean_c":37.14,"peak_c":37.3,"dose":176.1},"coolest":{"len_m":3067.7,"mean_c":37.14,"peak_c":37.3,"dose":176.1},"delta_mean_c":0.0,"delta_dose_pct":0,"distance_mi":0.703,"status_now":"walk","status_rec":"bus_eligible","reason":"Coolest route mean 37.1C exceeds threshold (110 C-min dose, actual 176).","safe_until_hour":"11:00"}},{"type":"Feature","geometry":{"type":"Polygon","coordinates":[[[-81.40418899982572,28.634758000302863],[-81.40427699968926,28.634655000226186],[-81.40392199986202,28.634412000318274],[-81.40379800001347,28.634324000122042],[-81.40347999999614,28.634098999750503],[-81.40333900042916,28.63403799976291],[-81.40322599955292,28.63400899978217],[-81.40301100036609,28.63397999979348],[-81.40291599993154,28.633954999606466],[-81.40282499969494,28.633921000036395],[-81.40273199980852,28.63387399968501],[-81.40264399994497,28.633813000355076],[-81.40259299989134,28.633765000198174],[-81.40252599994419,28.63368599964581],[-81.40247400006565,28.633573000139606],[-81.40245099960113,28.633484000268425],[-81.40244300010352,28.633413999714286],[-81.40244099955538,28.633392000251394],[-81.40243399988267,28.63283300009372],[-81.40219100020843,28.632837999711956],[-81.40178000030471,28.632832000327728],[-81.40122899976056,28.632825000388614],[-81.40065499965021,28.632825000388614],[-81.4005269996037,28.632813000041363],[-81.40040199993022,28.6327890001312],[-81.40031999991446,28.632765999982148],[-81.40020799976146,28.63271599981221],[-81.40010200035458,28.632657999900616],[-81.40000199989713,28.632589999909086],[-81.39990900001071,28.6325149999137],[-81.39990200033803,28.632507999953443],[-81.39942600013697,28.632060999722395],[-81.39898900029395,28.631657999619634],[-81.39872099960704,28.631388000299143],[-81.39870700026165,28.63137000031977],[-81.39864899963702,28.631296000021585],[-81.39859099991071,28.631195999834098],[-81.39854800025299,28.631090999850095],[-81.3985199997656,28.630970000068693],[-81.3985209995905,28.631979000141918],[-81.3988310001102,28.63221100030853],[-81.39904100017249,28.63240299970511],[-81.40123200013362,28.634406000235558],[-81.40224999975968,28.635401000065272],[-81.40283599956558,28.63596299994386],[-81.40294400041894,28.635878999996223],[-81.40310300042759,28.635756999689658],[-81.4036039998447,28.635339000303965],[-81.40376399967828,28.63520700035947],[-81.40382099957968,28.635155000287995],[-81.40391600001425,28.635057999858336],[-81.4039760002887,28.63499800017351],[-81.40418899982572,28.634758000302863]]]},"properties":{"block_id":"120950152031010","school_id":"sch_riverside_elementary","kids_est":0,"class":"red","shortest":{"len_m":4150.0,"mean_c":37.14,"peak_c":37.3,"dose":239.0},"coolest":{"len_m":4154.4,"mean_c":37.14,"peak_c":37.2,"dose":238.8},"delta_mean_c":0.0,"delta_dose_pct":0,"distance_mi":1.187,"status_now":"walk","status_rec":"bus_eligible","reason":"Coolest route mean 37.1C exceeds threshold (110 C-min dose, actual 239).","safe_until_hour":"11:00"}},{"type":"Feature","geometry":{"type":"Polygon","coordinates":[[[-81.43558500042806,28.639276999670397],[-81.4356010003216,28.639109000283515],[-81.43558299987993,28.63818600013893],[-81.43556100013862,28.638017000076925],[-81.43553699984918,28.637908999880718],[-81.43547300027508,28.637723000202097],[-81.4353550002743,28.63741200028263],[-81.43534400040365,28.637369000385995],[-81.4353200001142,28.63727300014987],[-81.43530199967253,28.637130000144396],[-81.43530300039576,28.637001999781205],[-81.43532400031216,28.63687999999195],[-81.43543300009212,28.63654899981033],[-81.43549400019147,28.6363079998121],[-81.43551299955973,28.63618000002305],[-81.43552199978055,28.63592900023593],[-81.4355179995826,28.635629999756265],[-81.43551099990992,28.63554700007062],[-81.43549900021434,28.63543100019096],[-81.43549800038943,28.635261999633745],[-81.4354969996662,28.635035000206567],[-81.435510000085,28.634920000295487],[-81.43550300041231,28.634552999798036],[-81.43550199968908,28.63440699998656],[-81.43550099986416,28.634121999607355],[-81.43549900021434,28.633837000031036],[-81.43549400019147,28.632981999811847],[-81.43549300036655,28.632697000293327],[-81.43505499980033,28.632701000150853],[-81.43415500017505,28.632711000188156],[-81.43374099989826,28.63271599981221],[-81.43330400005527,28.6327229997586],[-81.43304999961205,28.632725999848137],[-81.43247999969965,28.632735000116128],[-81.43229099955377,28.63273899997223],[-81.43203799983377,28.632745000150262],[-81.43203799983377,28.632849000290516],[-81.43204000038192,28.63316299961873],[-81.43204100020684,28.63326799989509],[-81.43204200003173,28.633442999859447],[-81.43204500040478,28.63396800036677],[-81.43204700005461,28.63414399970572],[-81.43182299974862,28.634146000001103],[-81.43115499992695,28.63415400039398],[-81.43093200034419,28.63415699965416],[-81.43029100028667,28.634164000292817],[-81.42856599958256,28.634186000382392],[-81.42836899993907,28.634184999840826],[-81.42827299967959,28.634184999840826],[-81.42824099989255,28.634181000039916],[-81.42818300016621,28.634158999949285],[-81.42813600031057,28.634121999607355],[-81.42811799986889,28.634098999750503],[-81.42810500034844,28.634074000380295],[-81.42809299975454,28.634018999694884],[-81.42808400043204,28.6337430000204],[-81.42795200018756,28.633746000080727],[-81.42755800000225,28.633759000078474],[-81.42742699958269,28.63376299989552],[-81.42742599975777,28.633966999823123],[-81.42742499993285,28.63458199962837],[-81.42742499993285,28.63478700007661],[-81.42742400010795,28.63493399989375],[-81.42742199955981,28.635032999928136],[-81.42742199955981,28.635079999760414],[-81.42741999990999,28.63555099981946],[-81.42741900008508,28.635773999967057],[-81.42741800026016,28.6360220001297],[-81.42741800026016,28.636147999854252],[-81.42741800026016,28.636527000216248],[-81.42741800026016,28.636653999852424],[-81.42741599971203,28.63688800017639],[-81.42741200041239,28.63758899987322],[-81.42741099968914,28.63782400019569],[-81.42740999986425,28.63799700022417],[-81.42740999986425,28.638516999886875],[-81.42740999986425,28.63856899986909],[-81.42740599966629,28.638691000059744],[-81.42740599966629,28.63875399991524],[-81.42740599966629,28.63894500024713],[-81.42740700038951,28.639008999657264],[-81.42740700038951,28.639145999655362],[-81.42739200032088,28.63926799996352],[-81.42739099959768,28.63962899995379],[-81.42732700002357,28.640199999677964],[-81.42927899961009,28.64016599976621],[-81.42985400044367,28.640108999727133],[-81.43073800017542,28.64005500032542],[-81.43252099970755,28.64000100010757],[-81.43475799969941,28.6399930001605],[-81.43557200000929,28.639962999762407],[-81.43557200000929,28.63987300009327],[-81.43557299983419,28.639760999854147],[-81.43558399970485,28.63929900026475],[-81.43558500042806,28.639276999670397]],[[-81.43500100027198,28.63555399982811],[-81.43500100027198,28.635965999940716],[-81.43498799985319,28.636004999892474],[-81.43496199991391,28.636040000099616],[-81.434925000104,28.63606600031354],[-81.4348820004463,28.63608100028237],[-81.43485899998174,28.63608500001092],[-81.43483700024044,28.636084000275904],[-81.43461799995731,28.636084000275904],[-81.4345650002539,28.63607200030134],[-81.43455400038323,28.63606700004872],[-81.43451699967498,28.636049000083446],[-81.4344749998422,28.63601799961036],[-81.43444300005514,28.635978999663436],[-81.43440000039743,28.63589399999178],[-81.43435299964347,28.63583900026028],[-81.43404700022002,28.635589000185732],[-81.43356799964592,28.63519600002809],[-81.43352699963803,28.635162000071695],[-81.43349700039911,28.635122999806626],[-81.43348099960727,28.63507900001582],[-81.43348099960727,28.6350320001831],[-81.43349200037623,28.635002999688673],[-81.43352300033838,28.634967000178374],[-81.43356599999609,28.634942000226555],[-81.43361500039988,28.634933000147782],[-81.43408400002996,28.63492900037538],[-81.43473699978303,28.63492900037538],[-81.43485499978378,28.634930000121397],[-81.43491500005824,28.634948000278627],[-81.43496299973883,28.63498500032932],[-81.43498399965523,28.635017000064263],[-81.4349960002491,28.635053000345795],[-81.43500000044706,28.63544199970925],[-81.43500100027198,28.63555399982811]],[[-81.43486700037768,28.633691999769695],[-81.43487099967732,28.63412099985364],[-81.43445800012377,28.634120000099912],[-81.43382700011199,28.63411900034624],[-81.43372300035492,28.634114000000505],[-81.43362200007259,28.634082999744283],[-81.43356500017117,28.634049000215672],[-81.4335390002319,28.634028999606592],[-81.43349599967588,28.633981000337002],[-81.43346600043697,28.633926000391323],[-81.43344899982021,28.6338669998154],[-81.43344799999531,28.633756999775702],[-81.43344700017039,28.63349100016358],[-81.43346700026189,28.633429000062257],[-81.43350800026977,28.63335900025989],[-81.43356099997321,28.63330700006109],[-81.43362200007259,28.633270000207222],[-81.43367899997399,28.633248999687655],[-81.43373900024844,28.63323899970162],[-81.43387399996766,28.6332359996268],[-81.43389999990694,28.6332359996268],[-81.4345650002539,28.63324300032691],[-81.4346449997215,28.63326000022319],[-81.43471900023967,28.633290000172494],[-81.43476299972228,28.633317000040698],[-81.43481499960082,28.633370999756238],[-81.43485099958583,28.633435000200826],[-81.43486599965443,28.633504999952486],[-81.43486700037768,28.633691999769695]]]},"properties":{"block_id":"120950151031000","school_id":"sch_riverside_elementary","kids_est":18,"class":"green","shortest":{"len_m":1579.0,"mean_c":37.14,"peak_c":37.2,"dose":90.6},"coolest":{"len_m":1579.0,"mean_c":37.14,"peak_c":37.2,"dose":90.6},"delta_mean_c":0.0,"delta_dose_pct":0,"distance_mi":0.651,"status_now":"walk","status_rec":"walk","reason":"Shortest route already under threshold (dose 91).","safe_until_hour":null}},{"type":"Feature","geometry":{"type":"Polygon","coordinates":[[[-81.41433600006754,28.636641000213327],[-81.4143329996945,28.63654299984982],[-81.4142680002955,28.636551000059935],[-81.41418799992954,28.63654100038856],[-81.41411099993664,28.636536999888943],[-81.41412000015748,28.63657700014725],[-81.41412000015748,28.636630999762104],[-81.41412199980729,28.636683999619866],[-81.41412000015748,28.63673799996811],[-81.41411900033258,28.636793999745016],[-81.4141140003097,28.63688200023517],[-81.4141140003097,28.636931999997014],[-81.41411900033258,28.636986999944043],[-81.41411500013461,28.637056999691527],[-81.4141079995636,28.637127999905836],[-81.41411000011173,28.637187999949557],[-81.4140799999745,28.63724400027474],[-81.4141920001275,28.637270000190316],[-81.41426499992244,28.637271999637736],[-81.41433199986959,28.637270999914033],[-81.41433600006754,28.636641000213327]]]},"properties":{"block_id":"120950152041001","school_id":"sch_riverside_elementary","kids_est":0,"class":"red","shortest":{"len_m":2504.3,"mean_c":37.13,"peak_c":37.2,"dose":143.5},"coolest":{"len_m":2504.3,"mean_c":37.13,"peak_c":37.2,"dose":143.5},"delta_mean_c":0.0,"delta_dose_pct":0,"distance_mi":0.491,"status_now":"walk","status_rec":"bus_eligible","reason":"Coolest route mean 37.1C exceeds threshold (110 C-min dose, actual 144).","safe_until_hour":"13:00"}},{"type":"Feature","geometry":{"type":"Polygon","coordinates":[[[-81.40719300027179,28.63588499999471],[-81.40719300027179,28.63583499973396],[-81.40719200044687,28.635786999713552],[-81.40719200044687,28.635707999894965],[-81.40718800024891,28.635652000326854],[-81.40718999989873,28.635601999955167],[-81.40711700010381,28.635586999917805],[-81.40699300025526,28.635722999915025],[-81.40692499958486,28.635752999948654],[-81.40694399985144,28.635818000254893],[-81.4069620002931,28.63589099999286],[-81.40697800018663,28.63596899993756],[-81.40699499990507,28.63604399982973],[-81.40702300039247,28.636111000213646],[-81.40708000029389,28.636150999845878],[-81.4071389998451,28.63614700011985],[-81.40718099967789,28.636103999704872],[-81.40719300027179,28.636027000384466],[-81.40719300027179,28.635935000231626],[-81.40719300027179,28.63588499999471]]]},"properties":{"block_id":"120950152031022","school_id":"sch_riverside_elementary","kids_est":3,"class":"red","shortest":{"len_m":3835.5,"mean_c":37.15,"peak_c":37.3,"dose":220.6},"coolest":{"len_m":3835.5,"mean_c":37.15,"peak_c":37.3,"dose":220.6},"delta_mean_c":0.0,"delta_dose_pct":0,"distance_mi":0.877,"status_now":"walk","status_rec":"bus_eligible","reason":"Coolest route mean 37.1C exceeds threshold (110 C-min dose, actual 221).","safe_until_hour":"11:00"}},{"type":"Feature","geometry":{"type":"Polygon","coordinates":[[[-81.41493799976699,28.62961300013297],[-81.4149310000943,28.629352999851353],[-81.41490900035298,28.628568000051626],[-81.41490099995707,28.628308000335345],[-81.41491600002568,28.627701000131616],[-81.41492500024653,28.627346999625033],[-81.41491699985059,28.62611100016253],[-81.41491400037587,28.625598999998527],[-81.41492299969836,28.62490899968656],[-81.41489500010928,28.623763999915408],[-81.41463200034354,28.623763999915408],[-81.41421800006677,28.623764999767783],[-81.41401899987513,28.623762000210643],[-81.41353799965121,28.623752000109274],[-81.41317399960313,28.623745000353143],[-81.41329800035,28.623358999785363],[-81.4132919996039,28.623121999685537],[-81.41319200004479,28.622879999746917],[-81.41317399960313,28.622836000343277],[-81.41305499977744,28.622649000109504],[-81.41297399958658,28.622578000350945],[-81.41289300029405,28.622528000059003],[-81.41282499962367,28.622472999631587],[-81.41268099968363,28.622445000263095],[-81.41263700020102,28.622400999888658],[-81.41263700020102,28.622323999977535],[-81.41256900042895,28.622323999977535],[-81.41256900042895,28.622384999676225],[-81.41245700027596,28.622434000171182],[-81.41239399962846,28.622429000057377],[-81.41233199970416,28.622406999869103],[-81.41223200014505,28.622280000340886],[-81.41200100016638,28.62225800012139],[-81.41173900022555,28.62229699964711],[-81.41172699963168,28.62239599977322],[-81.41170800026342,28.622445000263095],[-81.411615000377,28.622528000059003],[-81.41159000026263,28.622626999967334],[-81.41143399972871,28.62283000038735],[-81.41131499990303,28.622851999698476],[-81.41128999978866,28.622862999746534],[-81.41127499972006,28.62290199983606],[-81.41127200024533,28.62291299987894],[-81.4111719997879,28.622934999961174],[-81.41105299996222,28.6228909997921],[-81.410954000228,28.622973000164066],[-81.41089099958049,28.623071999652733],[-81.41087899988494,28.623264999853067],[-81.41087899988494,28.623488999938964],[-81.41087899988494,28.623506999692797],[-81.41090999984708,28.62367799996009],[-81.41096099990071,28.62374399971204],[-81.41099100003794,28.623781999622103],[-81.41102799984786,28.623891999865215],[-81.41103200004581,28.623932000211827],[-81.41104100026665,28.62400199999314],[-81.41099699988573,28.624063000293894],[-81.41098400036523,28.624195000060848],[-81.41094699965699,28.62421699987444],[-81.41081500031083,28.624221999903085],[-81.41081899961047,28.624580000075742],[-81.41082100015862,28.624740000322067],[-81.410770000105,28.62476299986431],[-81.41008499966655,28.624620000160196],[-81.40968499963347,28.62453800028613],[-81.40953999986851,28.624555000015274],[-81.40948600034015,28.6245619997174],[-81.40922000020139,28.624406000161972],[-81.40902199983466,28.624670000244297],[-81.40882099999321,28.624670000244297],[-81.40882099999321,28.62460199980865],[-81.4084469998994,28.62460199980865],[-81.408349999815,28.62460199980865],[-81.40835099963992,28.624802999878984],[-81.40835400001296,28.625392999902576],[-81.4083559996628,28.62558999990707],[-81.40854200033395,28.625589000072086],[-81.40910100037568,28.625586999613606],[-81.40928799997343,28.625586999613606],[-81.40928799997343,28.625651999908076],[-81.40928799997343,28.625698000164906],[-81.40928899979835,28.625807999977457],[-81.40928899979835,28.625849000215066],[-81.40928899979835,28.625915000179198],[-81.40935499992058,28.62593699963233],[-81.40942900043876,28.625978999650766],[-81.4096029996177,28.626131999744853],[-81.40969100037957,28.62620900001703],[-81.40995999999308,28.626457999742595],[-81.41027399981243,28.62674000017209],[-81.41029100042918,28.626763000064614],[-81.41031399999541,28.626812000093242],[-81.41032300021624,28.626866000001666],[-81.41032300021624,28.626985999961594],[-81.41032400004116,28.627374000233615],[-81.41032400004116,28.627755000371238],[-81.41032499986608,28.62889999997821],[-81.41032599969097,28.62928199989598],[-81.41032599969097,28.62935100025306],[-81.41032599969097,28.62955900006075],[-81.41032599969097,28.629629000032235],[-81.41109099959705,28.629629999828747],[-81.41124799995588,28.629628000235723],[-81.41392799963855,28.62962199987949],[-81.41401600040041,28.629620000286312],[-81.4148399998577,28.629609999954504],[-81.41493799976699,28.62961300013297]]]},"properties":{"block_id":"120950152041020","school_id":"sch_riverside_elementary","kids_est":4,"class":"red","shortest":{"len_m":3786.8,"mean_c":37.32,"peak_c":37.7,"dose":226.8},"coolest":{"len_m":3815.3,"mean_c":37.08,"peak_c":37.2,"dose":216.6},"delta_mean_c":-0.24,"delta_dose_pct":-4,"distance_mi":0.717,"status_now":"walk","status_rec":"bus_eligible","reason":"Coolest route mean 37.1C exceeds threshold (110 C-min dose, actual 217).","safe_until_hour":"11:00"}},{"type":"Feature","geometry":{"type":"Polygon","coordinates":[[[-81.40721199964005,28.63538399972738],[-81.40721300036327,28.635370000189205],[-81.40721099981513,28.635352999846337],[-81.40720599979228,28.635282999750476],[-81.40719300027179,28.635239999769823],[-81.40716999980727,28.635189000246655],[-81.40712100030176,28.63511900004146],[-81.40708000029389,28.63507800027123],[-81.40703300043822,28.63504199999827],[-81.40678099964482,28.634899000106174],[-81.40651799987909,28.63506099988106],[-81.40672200009358,28.635846999735623],[-81.40692499958486,28.635752999948654],[-81.40699300025526,28.635722999915025],[-81.40711700010381,28.635586999917805],[-81.40712999962429,28.63556400038205],[-81.40714100039327,28.635559000105236],[-81.40715800011168,28.635535999774824],[-81.407179999853,28.635496999648822],[-81.40719699957144,28.63545600002633],[-81.40720300031752,28.63543100019096],[-81.4072080003404,28.63541300011658],[-81.40721199964005,28.63538399972738]]]},"properties":{"block_id":"120950152031024","school_id":"sch_riverside_elementary","kids_est":2,"class":"red","shortest":{"len_m":4053.5,"mean_c":37.16,"peak_c":37.3,"dose":234.3},"coolest":{"len_m":4057.9,"mean_c":37.15,"peak_c":37.3,"dose":234.1},"delta_mean_c":-0.01,"delta_dose_pct":0,"distance_mi":0.884,"status_now":"walk","status_rec":"bus_eligible","reason":"Coolest route mean 37.1C exceeds threshold (110 C-min dose, actual 234).","safe_until_hour":"11:00"}},{"type":"Feature","geometry":{"type":"Polygon","coordinates":[[[-81.41783000006008,28.647162000211377],[-81.41798900006873,28.647045000141528],[-81.4177899998771,28.646810999610288],[-81.41749100012635,28.64677100010056],[-81.41730799982827,28.64665799970837],[-81.41730899965316,28.646510999762395],[-81.41784699977852,28.645645000312552],[-81.41795999975642,28.645461999884272],[-81.41778800022728,28.645363000230294],[-81.41763300041657,28.645597999694562],[-81.41730600017844,28.646110999681603],[-81.41710299978882,28.64649900019209],[-81.41702499997105,28.646609999909547],[-81.4169870003362,28.64679200027864],[-81.41698899998603,28.647190000080677],[-81.41697399991742,28.64724900025957],[-81.41718900000257,28.647273999643875],[-81.41748199990553,28.647429999892946],[-81.41765099995992,28.647266999879907],[-81.41780099974775,28.647190000080677],[-81.41783000006008,28.647162000211377]]]},"properties":{"block_id":"121170217073021","school_id":"sch_riverside_elementary","kids_est":0,"class":"red","shortest":{"len_m":3074.9,"mean_c":37.13,"peak_c":37.2,"dose":176.9},"coolest":{"len_m":3075.7,"mean_c":37.13,"peak_c":37.2,"dose":176.8},"delta_mean_c":0.0,"delta_dose_pct":0,"distance_mi":0.963,"status_now":"walk","status_rec":"bus_eligible","reason":"Coolest route mean 37.1C exceeds threshold (110 C-min dose, actual 177).","safe_until_hour":"11:00"}},{"type":"Feature","geometry":{"type":"Polygon","coordinates":[[[-81.41516399972281,28.64485300026946],[-81.41516600027094,28.644822999684425],[-81.41490199978197,28.644835999886414],[-81.41453600008408,28.6448159997569],[-81.41420800002102,28.64479499997157],[-81.41398299989011,28.64476599981062],[-81.41361600036731,28.644695000035103],[-81.41340499958181,28.644626999960778],[-81.41308800028771,28.64450199982511],[-81.4128549997609,28.644405000153238],[-81.4126790000338,28.644299000327994],[-81.41248999988791,28.64418099977177],[-81.41226800013007,28.64403900016916],[-81.41211999999206,28.64394799960654],[-81.4119889995725,28.643858000202677],[-81.41188499981543,28.643809999910893],[-81.41176400033991,28.643751000162727],[-81.4115810000418,28.643686000040947],[-81.41128999978866,28.643625999771483],[-81.41127899991801,28.6436010003061],[-81.41107100040387,28.643571999814995],[-81.41088800010577,28.643571000151315],[-81.4107490001886,28.643571999814995],[-81.41006899977303,28.643451000234972],[-81.40992400000808,28.64342399982096],[-81.40977199967212,28.643366999975274],[-81.40942199986773,28.64309700003657],[-81.40914599968322,28.6428600003586],[-81.40893800016907,28.642724999823656],[-81.40853200028822,28.642543999955034],[-81.40807000033085,28.64234700023973],[-81.40647000019851,28.641713999650655],[-81.40463499988955,28.640896000087547],[-81.40438800001735,28.640726999660444],[-81.40412899955125,28.64055100032573],[-81.40386900015858,28.640428000239112],[-81.40370199975399,28.640374999907337],[-81.40343800016336,28.640353000327046],[-81.40282899989289,28.640353000327046],[-81.40072499997042,28.64036600029464],[-81.3986050001544,28.64035199984435],[-81.39861500020014,28.640408000057604],[-81.39865299983497,28.641922000182095],[-81.39865799985785,28.64216200022218],[-81.39867299992648,28.642884000330426],[-81.39867899977425,28.64312500020268],[-81.3986810003224,28.64323499988185],[-81.39868799999506,28.64356600025609],[-81.39869100036813,28.64367699992389],[-81.3994910004343,28.643662000252615],[-81.40031200041685,28.64364800024219],[-81.40036299957217,28.643644999676585],[-81.4004139996258,28.643646000127898],[-81.4016969995657,28.64362299999365],[-81.40189099973448,28.643627000223024],[-81.40244599957825,28.643639999784895],[-81.40260200011218,28.64366700014326],[-81.40266999988425,28.643721999713097],[-81.4028010003038,28.64365599991053],[-81.40292000012948,28.64362900033762],[-81.40341899989677,28.643590000066393],[-81.40391199981629,28.64359099972988],[-81.40398700015935,28.643625999771483],[-81.40411500020586,28.643625999771483],[-81.40503300027281,28.64362900033762],[-81.40575399979795,28.643634000229895],[-81.4067930002387,28.643641000236247],[-81.40703699973785,28.643639999784895],[-81.40756399999256,28.643637999670453],[-81.40799499998778,28.64363700000741],[-81.4079959998127,28.644403000053387],[-81.40801300042945,28.644414999863454],[-81.40803500017073,28.644435999724877],[-81.4080529997141,28.644460999779643],[-81.40806699995778,28.64448700027179],[-81.4080750003537,28.64451500006687],[-81.40807799982845,28.64454499995161],[-81.40881099994748,28.64454200020005],[-81.40881099994748,28.64458899971453],[-81.4088059999246,28.645472999927648],[-81.40880500009968,28.645818999699976],[-81.40880500009968,28.646323999930235],[-81.40880500009968,28.646451999956785],[-81.4088059999246,28.646810999610288],[-81.40881299959729,28.647289000375295],[-81.40909499962959,28.647292999676495],[-81.41070599963257,28.647315000166426],[-81.41085899979343,28.64731700021069],[-81.41090599964912,28.647317999838673],[-81.41090499982423,28.647281999823978],[-81.41090200034947,28.647128000191003],[-81.4108980001515,28.64699299963059],[-81.41111999990936,28.64699199999953],[-81.41122500038966,28.64699199999953],[-81.41136699978156,28.646991000368445],[-81.41152300031548,28.64697200028112],[-81.41152300031548,28.64693600014766],[-81.41199199994554,28.646936999779268],[-81.41242799996364,28.64693800019922],[-81.41286499980664,28.64693800019922],[-81.41308499991467,28.64693800019922],[-81.4135229995826,28.6469389998308],[-81.4137410000408,28.6469389998308],[-81.4139600003239,28.646940000250677],[-81.41403399994375,28.646940000250677],[-81.41416100016536,28.646940000250677],[-81.41439600034201,28.646940000250677],[-81.41454199993187,28.646940000250677],[-81.4146139999019,28.646940000250677],[-81.4150790002323,28.646940000250677],[-81.41507599985925,28.64664499973215],[-81.41507000001145,28.645947999983772],[-81.41512500026305,28.64529999961345],[-81.41516399972281,28.64485300026946]]]},"properties":{"block_id":"121170217061027","school_id":"sch_riverside_elementary","kids_est":11,"class":"red","shortest":{"len_m":4074.0,"mean_c":37.14,"peak_c":37.2,"dose":234.9},"coolest":{"len_m":4076.1,"mean_c":37.14,"peak_c":37.2,"dose":234.7},"delta_mean_c":0.0,"delta_dose_pct":0,"distance_mi":1.134,"status_now":"walk","status_rec":"bus_eligible","reason":"Coolest route mean 37.1C exceeds threshold (110 C-min dose, actual 235).","safe_until_hour":"11:00"}},{"type":"Feature","geometry":{"type":"Polygon","coordinates":[[[-81.4080329996226,28.63002199974871],[-81.40794099956109,28.62975100036656],[-81.40793800008638,28.62973799987235],[-81.40795300015499,28.629660999823397],[-81.40791799999488,28.629668999769677],[-81.40788700003273,28.62967699971536],[-81.4078140002378,28.629706000104598],[-81.40771200013056,28.62976099989645],[-81.40759900015264,28.629856999908498],[-81.40754800009904,28.629880999700696],[-81.40747399958087,28.62989999972937],[-81.40741599985455,28.629902999899567],[-81.40741599985455,28.630523000383313],[-81.40739900013612,28.630559999628726],[-81.40736999982379,28.63059000034984],[-81.40733200018897,28.63061099982451],[-81.40728899963294,28.630621000061016],[-81.40512399961109,28.63064399989162],[-81.40512199996127,28.630995999961815],[-81.40512199996127,28.631086999931245],[-81.40510799971756,28.631249999852567],[-81.4050259997018,28.6317279997681],[-81.40502200040216,28.6317629998248],[-81.40500700033354,28.63189800027219],[-81.40500700033354,28.631930000160093],[-81.40500800015845,28.63217400006825],[-81.40500899998337,28.632346000179627],[-81.40501200035641,28.63282399983406],[-81.40568900039894,28.632806000100963],[-81.40635300002265,28.632799999926444],[-81.40697300016376,28.632788000364805],[-81.40724500015033,28.6327829999557],[-81.40730799989952,28.632782000189227],[-81.40748699999966,28.63277900010129],[-81.40748399962662,28.63200000012714],[-81.40747899960374,28.631300999713055],[-81.40747799977882,28.630981000054565],[-81.40784000017707,28.630977999915142],[-81.40783299960607,28.63014500020624],[-81.40793200023859,28.630084000285795],[-81.4080329996226,28.63002199974871]],[[-81.40735200028044,28.631217999757382],[-81.40735499975519,28.631567000145225],[-81.40735099955721,28.632132000163235],[-81.40733800003675,28.632166000312907],[-81.4073139997473,28.632195000014466],[-81.40728100013534,28.63221599995641],[-81.40724199977727,28.632226000039985],[-81.40684799959197,28.632233000019045],[-81.40677700034519,28.63224900030733],[-81.4067289997663,28.632274000112282],[-81.40660200044299,28.632388999769173],[-81.40644199971112,28.63255400035954],[-81.4064199999698,28.6325680002734],[-81.40636899991617,28.632588000372447],[-81.4063279999083,28.632595000327374],[-81.4060469997009,28.632596999863875],[-81.4056869998508,28.632600999725152],[-81.40561900007873,28.63259099967738],[-81.40556899985002,28.632572000135852],[-81.40539300012293,28.632456999891016],[-81.40536200016078,28.632429999801538],[-81.40534100024438,28.632397000296006],[-81.40533100019863,28.632359000350792],[-81.40533500039659,28.63189999982197],[-81.40533000037374,28.631755000038186],[-81.40533100019863,28.631403000148225],[-81.40534000041947,28.63135900037461],[-81.40536200016078,28.631317000143486],[-81.40539399994783,28.631281999937986],[-81.40564400019309,28.631136000306658],[-81.40569500024671,28.63111900006637],[-81.40576600039182,28.631107000312536],[-81.40598499977662,28.631111000230618],[-81.40643199966537,28.631120999630998],[-81.40667600006283,28.63110999965973],[-81.40719900011956,28.631101999823347],[-81.40724299960219,28.631105999741607],[-81.40728399961006,28.631120999630998],[-81.40731700012036,28.631147000275188],[-81.40734100040979,28.631180000173757],[-81.40735200028044,28.631217999757382]]]},"properties":{"block_id":"120950152042002","school_id":"sch_riverside_elementary","kids_est":9,"class":"red","shortest":{"len_m":3779.2,"mean_c":37.31,"peak_c":37.7,"dose":226.2},"coolest":{"len_m":3807.7,"mean_c":37.08,"peak_c":37.2,"dose":216.0},"delta_mean_c":-0.23,"delta_dose_pct":-5,"distance_mi":0.888,"status_now":"walk","status_rec":"bus_eligible","reason":"Coolest route mean 37.1C exceeds threshold (110 C-min dose, actual 216).","safe_until_hour":"11:00"}},{"type":"Feature","geometry":{"type":"Polygon","coordinates":[[[-81.40686500020873,28.636521000254465],[-81.40686100001076,28.636449999629424],[-81.40685000014011,28.636372000042268],[-81.40683599989642,28.63630300035912],[-81.4068219996527,28.63623200037501],[-81.40680499993428,28.63617000031632],[-81.40678999986565,28.636105999962872],[-81.40677300014723,28.636042000358916],[-81.40676200027656,28.63599699964072],[-81.40674999968269,28.635951999691738],[-81.40673799998713,28.635906999723403],[-81.40672700011646,28.63586199973582],[-81.40672200009358,28.635846999735623],[-81.40651799987909,28.63506099988106],[-81.40646500017564,28.635063999903767],[-81.40582199957,28.635103000190707],[-81.40540200034374,28.635085000060055],[-81.40531799977984,28.6351120002549],[-81.40522400006851,28.635143000207187],[-81.4051880000835,28.63519600002809],[-81.40514799990052,28.635294000072737],[-81.40512199996127,28.635428000178745],[-81.40503800029569,28.635689999868102],[-81.40638700035784,28.63653900013878],[-81.4067010001772,28.636737000239314],[-81.40672200009358,28.63676400000901],[-81.40677499979705,28.6367149998962],[-81.4068219996527,28.636656999829523],[-81.40685599998788,28.636586999815172],[-81.40686500020873,28.636521000254465]]]},"properties":{"block_id":"120950152031020","school_id":"sch_riverside_elementary","kids_est":1,"class":"red","shortest":{"len_m":4070.2,"mean_c":37.16,"peak_c":37.3,"dose":235.4},"coolest":{"len_m":4074.6,"mean_c":37.15,"peak_c":37.3,"dose":235.2},"delta_mean_c":-0.01,"delta_dose_pct":0,"distance_mi":0.937,"status_now":"walk","status_rec":"bus_eligible","reason":"Coolest route mean 37.1C exceeds threshold (110 C-min dose, actual 235).","safe_until_hour":"11:00"}},{"type":"Feature","geometry":{"type":"Polygon","coordinates":[[[-81.43557200000929,28.64006499966195],[-81.43557200000929,28.639962999762407],[-81.43475799969941,28.6399930001605],[-81.43252099970755,28.64000100010757],[-81.43073800017542,28.64005500032542],[-81.42985400044367,28.640108999727133],[-81.42927899961009,28.64016599976621],[-81.43019599985212,28.640151000381334],[-81.43547199955185,28.640061000085122],[-81.43557200000929,28.64006499966195]]]},"properties":{"block_id":"120950151031002","school_id":"sch_riverside_elementary","kids_est":0,"class":"red","shortest":{"len_m":2501.8,"mean_c":37.07,"peak_c":37.2,"dose":141.2},"coolest":{"len_m":2501.8,"mean_c":37.07,"peak_c":37.2,"dose":141.2},"delta_mean_c":0.0,"delta_dose_pct":0,"distance_mi":0.834,"status_now":"walk","status_rec":"bus_eligible","reason":"Coolest route mean 37.1C exceeds threshold (110 C-min dose, actual 141).","safe_until_hour":"13:00"}},{"type":"Feature","geometry":{"type":"Polygon","coordinates":[[[-81.40709799983723,28.640100000091536],[-81.40732200014321,28.640098999606433],[-81.40690399966847,28.639905999613013],[-81.4064979997876,28.639665999930678],[-81.40638399998478,28.639586000177378],[-81.40578899995805,28.63912300011131],[-81.40518300006065,28.638546000198545],[-81.40307900013816,28.63657899960786],[-81.40263999974701,28.63611499994105],[-81.40245499979908,28.6362429998094],[-81.40241299996629,28.63628000019186],[-81.40240600029358,28.636286999900513],[-81.4021040001698,28.636527000216248],[-81.4019150000239,28.63668800011382],[-81.40174799961935,28.63681300009902],[-81.40166499977866,28.63686500013729],[-81.40153000005944,28.636929000027777],[-81.40148300020378,28.636943000146406],[-81.4013860001194,28.636974000346214],[-81.4012870003852,28.63699299987917],[-81.40110800028506,28.6370030002959],[-81.40089700039788,28.637004000022173],[-81.40058199985528,28.636981999735035],[-81.40046800005246,28.636960999958326],[-81.40036099992234,28.636928000300806],[-81.39958900034358,28.636652000393237],[-81.39946299994689,28.636613999623545],[-81.39926899977813,28.63657100018832],[-81.39907100030972,28.63654100038856],[-81.39903899962435,28.636536999888943],[-81.39880599999584,28.63651699975415],[-81.3985470004281,28.636510999791795],[-81.39855199955264,28.63676300028047],[-81.39855099972773,28.63694399987324],[-81.39854999990281,28.637350999855638],[-81.39855800029872,28.63824600036608],[-81.39856199959837,28.6386809998039],[-81.39856400014654,28.638975000147965],[-81.39857099981921,28.63985700017907],[-81.39857400019227,28.640152000077595],[-81.40289099981717,28.64012600008782],[-81.40377700009707,28.640120000331848],[-81.40643500003841,28.6401039996669],[-81.40709799983723,28.640100000091536]]]},"properties":{"block_id":"120950152031003","school_id":"sch_riverside_elementary","kids_est":5,"class":"red","shortest":{"len_m":4542.0,"mean_c":37.15,"peak_c":37.3,"dose":262.3},"coolest":{"len_m":4546.4,"mean_c":37.15,"peak_c":37.3,"dose":262.1},"delta_mean_c":0.0,"delta_dose_pct":0,"distance_mi":1.227,"status_now":"walk","status_rec":"bus_eligible","reason":"Coolest route mean 37.1C exceeds threshold (110 C-min dose, actual 262).","safe_until_hour":"11:00"}},{"type":"Feature","geometry":{"type":"Polygon","coordinates":[[[-81.40529000019076,28.62901599998051],[-81.40528299961974,28.628411000333312],[-81.40528099996993,28.628110999912252],[-81.40527900032009,28.62796400000004],[-81.40527400029723,28.627522999816737],[-81.40527299957401,28.627375999869578],[-81.40498600041714,28.627375000051604],[-81.40484499995183,28.627369000355092],[-81.40475100024051,28.62736699993048],[-81.4046109996001,28.627370999991143],[-81.40460099955435,28.627372999627106],[-81.40450900039116,28.627396000169508],[-81.40401399992354,28.627391000292015],[-81.40398200013648,28.627391000292015],[-81.40375000033288,28.627392999927658],[-81.40351699980607,28.627395000351722],[-81.402715999915,28.627400000229],[-81.40258700004355,28.627400000229],[-81.4019150000239,28.62740400028843],[-81.40149999992222,28.62740999998294],[-81.39948899988616,28.62742399979449],[-81.39847499955975,28.627431999911273],[-81.39847600028298,28.627504000146285],[-81.39848200013076,28.628428000223778],[-81.39848499960549,28.628694000052377],[-81.39849600037446,28.629222000062864],[-81.39850800007001,28.630169999723886],[-81.39850800007001,28.63043900002358],[-81.39851200026797,28.630870000359078],[-81.3985199997656,28.630970000068693],[-81.39945499955097,28.630955999941605],[-81.39944500040355,28.631056000357777],[-81.40288800034244,28.63102000028199],[-81.40512199996127,28.630995999961815],[-81.40512399961109,28.63064399989162],[-81.4046459997602,28.63064399989162],[-81.40448400027681,28.630644999678452],[-81.40399700020508,28.630648999614145],[-81.4038359996483,28.6306509999762],[-81.40330900029191,28.63065300033823],[-81.40317000037474,28.630654000124974],[-81.403124000344,28.630642000317923],[-81.40308400016102,28.630618999698385],[-81.4030540000238,28.630585999623424],[-81.40303700030537,28.630547000023217],[-81.40303300010741,28.630525999747253],[-81.40302300006165,28.630180000002415],[-81.40302800008453,28.629613999929635],[-81.403040999605,28.629575999765276],[-81.40306599971936,28.62954300015086],[-81.40310199970438,28.629517999695317],[-81.4031450002604,28.62950499996074],[-81.4033019997209,28.62950300036535],[-81.4038289999756,28.62949700000197],[-81.4040759998478,28.629496000204245],[-81.40478100037772,28.629496000204245],[-81.40481700036274,28.62950000018373],[-81.40488500013481,28.629508000142287],[-81.40498499969392,28.62953200001422],[-81.40505699966394,28.62955900006075],[-81.40520999982482,28.629300000233457],[-81.40522800026648,28.62927200032047],[-81.40526099987845,28.629189000337163],[-81.40528199979485,28.629103000095267],[-81.40529000019076,28.62901599998051]],[[-81.40449900034542,28.628144999787533],[-81.40450099999525,28.62883299972135],[-81.4042449999022,28.628834000313955],[-81.4029629997872,28.62883699972616],[-81.40296000031246,28.62814899981849],[-81.40295899958925,28.627816000068208],[-81.40351900035421,28.627815000254405],[-81.4044979996222,28.62781200002454],[-81.40449900034542,28.628144999787533]]]},"properties":{"block_id":"120950152042006","school_id":"sch_riverside_elementary","kids_est":5,"class":"red","shortest":{"len_m":5246.0,"mean_c":37.08,"peak_c":37.3,"dose":297.7},"coolest":{"len_m":5464.0,"mean_c":36.86,"peak_c":37.2,"dose":293.0},"delta_mean_c":-0.22,"delta_dose_pct":-2,"distance_mi":1.236,"status_now":"walk","status_rec":"bus_eligible","reason":"Coolest route mean 36.9C exceeds threshold (110 C-min dose, actual 293).","safe_until_hour":"11:00"}},{"type":"Feature","geometry":{"type":"Polygon","coordinates":[[[-81.40795300015499,28.629660999823397],[-81.40796999987342,28.629575999765276],[-81.4078700003143,28.62929899964537],[-81.40782599993338,28.6292979998457],[-81.40781500006271,28.628143000166215],[-81.40788500038292,28.628143000166215],[-81.40788299983478,28.62784900022556],[-81.40791600034505,28.627769000136773],[-81.40784699984977,28.627768000322536],[-81.407624000267,28.627753999768352],[-81.40753499968024,28.627749999722333],[-81.40740800035694,28.62774599967611],[-81.40740699963372,28.627892000080568],[-81.40740400015898,28.62833000007548],[-81.40740400015898,28.62847700026361],[-81.40740400015898,28.62862000023297],[-81.4074049999839,28.62905100015315],[-81.4074059998088,28.629194999929645],[-81.40740900018186,28.629336000110715],[-81.40741599985455,28.629648999902866],[-81.40741599985455,28.62976099989645],[-81.40741599985455,28.629902999899567],[-81.40747399958087,28.62989999972937],[-81.40754800009904,28.629880999700696],[-81.40759900015264,28.629856999908498],[-81.40771200013056,28.62976099989645],[-81.4078140002378,28.629706000104598],[-81.40788700003273,28.62967699971536],[-81.40791799999488,28.629668999769677],[-81.40795300015499,28.629660999823397]]]},"properties":{"block_id":"120950152042012","school_id":"sch_riverside_elementary","kids_est":2,"class":"red","shortest":{"len_m":3938.3,"mean_c":37.29,"peak_c":37.7,"dose":234.2},"coolest":{"len_m":3966.8,"mean_c":37.06,"peak_c":37.2,"dose":224.0},"delta_mean_c":-0.23,"delta_dose_pct":-4,"distance_mi":0.884,"status_now":"walk","status_rec":"bus_eligible","reason":"Coolest route mean 37.1C exceeds threshold (110 C-min dose, actual 224).","safe_until_hour":"11:00"}},{"type":"Feature","geometry":{"type":"Polygon","coordinates":[[[-81.41525099976143,28.643230999637545],[-81.41525099976143,28.643020999998623],[-81.41524200043892,28.642892000056978],[-81.41523499986792,28.64277900021616],[-81.41522999984504,28.642714999952315],[-81.41521800014948,28.642522999714846],[-81.41521399995152,28.642459999757495],[-81.4152120003017,28.642427000252766],[-81.4152059995556,28.64233000023895],[-81.41520399990578,28.642298000369085],[-81.4151920002102,28.642130000301123],[-81.41518299998938,28.641981000170563],[-81.4151779999665,28.64162600005975],[-81.41517700014158,28.641457999703956],[-81.41517999961631,28.641272000009952],[-81.41518100033956,28.641176999877914],[-81.41518700018733,28.640800999615074],[-81.41504599972203,28.64080299978355],[-81.4143810002734,28.640799999925008],[-81.4140869996472,28.640738999891028],[-81.41301100029483,28.640746000090566],[-81.41170400006546,28.64075499967072],[-81.41077400030296,28.64068599971636],[-81.40988800002306,28.640718000077875],[-81.40938199968477,28.640679000301173],[-81.4088350002369,28.64061000029688],[-81.40823600001221,28.64048200023719],[-81.4078700003143,28.64034699979563],[-81.40767100012268,28.640221000383164],[-81.40757599968812,28.640188999870052],[-81.40732200014321,28.640098999606433],[-81.40709799983723,28.640100000091536],[-81.40643500003841,28.6401039996669],[-81.40377700009707,28.640120000331848],[-81.40289099981717,28.64012600008782],[-81.39857400019227,28.640152000077595],[-81.39858699971275,28.640238999632725],[-81.39943799983253,28.6402300000083],[-81.40099500030715,28.64025599997236],[-81.40166099958068,28.640251999614392],[-81.40263300007432,28.640242999991138],[-81.40350799958523,28.640238999632725],[-81.40371500017278,28.64025599997236],[-81.40390000012071,28.64029999995742],[-81.40408500006865,28.640392999918898],[-81.40422099961276,28.640459000197595],[-81.40432199989509,28.640528999993922],[-81.40448500010172,28.640651999962106],[-81.40469400033909,28.64080299978355],[-81.40493500036352,28.640916999865066],[-81.40573500042969,28.64126499984545],[-81.40629699994616,28.641479000157393],[-81.40656599955967,28.641583000313435],[-81.40751700013688,28.64200300019786],[-81.40862699982445,28.64245900008323],[-81.4089599999104,28.64260600018914],[-81.40922500022424,28.64276399962813],[-81.40939400027867,28.642899000112894],[-81.4096589996942,28.643123999746408],[-81.4098620000838,28.64325399985773],[-81.41007600034403,28.643355999711027],[-81.41038599996544,28.643411999897513],[-81.4107490001886,28.64343500007807],[-81.41088800010577,28.64344099964447],[-81.41114900022167,28.643460000371416],[-81.41128899996377,28.64348099963562],[-81.41138000020035,28.6434949996684],[-81.41160199995821,28.643561000360634],[-81.41171199956307,28.643587000287482],[-81.41190599973181,28.643685000378348],[-81.41198000024998,28.64371499971214],[-81.41217000022078,28.643800999804437],[-81.41249200043606,28.644027999975393],[-81.41285700030903,28.64425300034071],[-81.41314699983894,28.644371000027547],[-81.41321999963388,28.644292000365496],[-81.413262000365,28.644187000083868],[-81.41326499983974,28.644074999720154],[-81.4132559996189,28.643779999815894],[-81.41324999977111,28.64367699992389],[-81.41375399956128,28.64367499981015],[-81.41391699976789,28.643679999700183],[-81.41422300008963,28.64368899981697],[-81.41430299955726,28.643692000381353],[-81.4145929999855,28.64378300037769],[-81.41465499990977,28.64380200025431],[-81.41469000006988,28.643812999683384],[-81.41484900007853,28.64381900001654],[-81.41491500020076,28.643821999788834],[-81.41495799985847,28.643823999899702],[-81.4150159995848,28.643830999893435],[-81.4151920002102,28.64385399998206],[-81.41525099976143,28.64386199963471],[-81.41525099976143,28.643758000161267],[-81.41525099976143,28.643447999663696],[-81.41525099976143,28.64334500023402],[-81.41525099976143,28.643230999637545]]]},"properties":{"block_id":"121170217061029","school_id":"sch_riverside_elementary","kids_est":5,"class":"red","shortest":{"len_m":3739.8,"mean_c":37.14,"peak_c":37.2,"dose":215.2},"coolest":{"len_m":3740.6,"mean_c":37.14,"peak_c":37.2,"dose":215.1},"delta_mean_c":0.0,"delta_dose_pct":0,"distance_mi":0.87,"status_now":"walk","status_rec":"bus_eligible","reason":"Coolest route mean 37.1C exceeds threshold (110 C-min dose, actual 215).","safe_until_hour":"11:00"}},{"type":"Feature","geometry":{"type":"Polygon","coordinates":[[[-81.41292900027906,28.636354000129305],[-81.41292900027906,28.63547100008237],[-81.41085299994566,28.635474000093346],[-81.41081899961047,28.635547999810683],[-81.41082100015862,28.63559999968747],[-81.41082199998353,28.635658000338328],[-81.41082299980845,28.63571999991117],[-81.41082600018149,28.63578800023985],[-81.41082799983131,28.636011999619473],[-81.41082899965623,28.636087000269303],[-81.41082899965623,28.636156999828817],[-81.41082799983131,28.63621999962892],[-81.41082799983131,28.636271000227907],[-81.41082799983131,28.636331999705888],[-81.4108329998542,28.636381999729736],[-81.41087399986206,28.636381999729736],[-81.41292900027906,28.636354000129305]]]},"properties":{"block_id":"120950152041004","school_id":"sch_riverside_elementary","kids_est":4,"class":"red","shortest":{"len_m":2907.9,"mean_c":37.14,"peak_c":37.2,"dose":166.9},"coolest":{"len_m":2907.9,"mean_c":37.14,"peak_c":37.2,"dose":166.9},"delta_mean_c":0.0,"delta_dose_pct":0,"distance_mi":0.596,"status_now":"walk","status_rec":"bus_eligible","reason":"Coolest route mean 37.1C exceeds threshold (110 C-min dose, actual 167).","safe_until_hour":"12:00"}},{"type":"Feature","geometry":{"type":"Polygon","coordinates":[[[-81.43309599964282,28.64162500037752],[-81.43304100028953,28.641536000240492],[-81.4328760004331,28.641272000009952],[-81.43282200000641,28.641184000048266],[-81.43250999983688,28.64136299974041],[-81.43241000027777,28.641421000359106],[-81.43217299955299,28.641668999788426],[-81.43186700012956,28.642064999963306],[-81.431815000251,28.642174000288612],[-81.43166200009014,28.64250000012278],[-81.4317929996114,28.642517999769684],[-81.4321879996216,28.642573999615127],[-81.43228499970597,28.642587999768892],[-81.43231900004118,28.642577999884498],[-81.4323349999347,28.64256599986427],[-81.43244600026279,28.64236499991288],[-81.43251599968467,28.64224099991161],[-81.43267800006637,28.64197699987843],[-81.43287200023514,28.64178999984716],[-81.43289399997644,28.641772999756103],[-81.43309599964282,28.64162500037752]]]},"properties":{"block_id":"121170217074002","school_id":"sch_riverside_elementary","kids_est":1,"class":"red","shortest":{"len_m":2501.8,"mean_c":37.07,"peak_c":37.2,"dose":141.2},"coolest":{"len_m":2501.8,"mean_c":37.07,"peak_c":37.2,"dose":141.2},"delta_mean_c":0.0,"delta_dose_pct":0,"distance_mi":0.897,"status_now":"walk","status_rec":"bus_eligible","reason":"Coolest route mean 37.1C exceeds threshold (110 C-min dose, actual 141).","safe_until_hour":"13:00"}},{"type":"Feature","geometry":{"type":"Polygon","coordinates":[[[-81.4268299999061,28.63478499979338],[-81.42683400010407,28.634225000207245],[-81.42681999986037,28.63418799988856],[-81.42678499970027,28.63413099975568],[-81.42674000039273,28.63408800009144],[-81.42667599992033,28.634056000073148],[-81.42662200039196,28.634044999621107],[-81.42658899988167,28.634044999621107],[-81.42608799956626,28.634046000163945],[-81.42392400026763,28.634033999956323],[-81.42383600040408,28.634033999956323],[-81.42379399967298,28.63404099981479],[-81.42375600003814,28.634056999827486],[-81.4237240002511,28.6340819999902],[-81.42370099978656,28.634113000246764],[-81.42368900009099,28.63414900004998],[-81.42368499989303,28.63420399987878],[-81.42369400011387,28.63428600008613],[-81.42372000005314,28.634365000186808],[-81.4237669999088,28.634447000268352],[-81.4237879998252,28.63449899990227],[-81.42379899969586,28.634554000336035],[-81.42379899969586,28.634724999952514],[-81.42437199998129,28.634727999984776],[-81.42453600001284,28.634730000269077],[-81.42550199976034,28.634731000016988],[-81.4258990003187,28.63473600033327],[-81.42594399962623,28.634743999892706],[-81.42598600035733,28.63476299982945],[-81.42601800014437,28.63479200039022],[-81.42603900006077,28.63482899970745],[-81.42604099971058,28.634843999853167],[-81.42604499990854,28.634870000363378],[-81.42604699955838,28.635417999611906],[-81.42631000022241,28.635417999611906],[-81.42660599960011,28.635419000141717],[-81.42667199972237,28.635407000091096],[-81.42673199999682,28.635379000230433],[-81.4267799996774,28.635337000031267],[-81.42679800011906,28.635312000167538],[-81.42682200040849,28.635257000131],[-81.42682700043137,28.635226999955567],[-81.42682800025628,28.635048000044616],[-81.4268299999061,28.63478499979338]]]},"properties":{"block_id":"120950151042016","school_id":"sch_riverside_elementary","kids_est":2,"class":"green","shortest":{"len_m":1188.2,"mean_c":37.16,"peak_c":37.2,"dose":68.6},"coolest":{"len_m":1188.2,"mean_c":37.16,"peak_c":37.2,"dose":68.6},"delta_mean_c":0.0,"delta_dose_pct":0,"distance_mi":0.271,"status_now":"walk","status_rec":"walk","reason":"Shortest route already under threshold (dose 69).","safe_until_hour":null}},{"type":"Feature","geometry":{"type":"Polygon","coordinates":[[[-81.40929499964614,28.629632000210165],[-81.40929200017139,28.62888799997067],[-81.40928799997343,28.62703899995939],[-81.40928799997343,28.62665800037695],[-81.40928899979835,28.625915000179198],[-81.40928899979835,28.625849000215066],[-81.40928899979835,28.625807999977457],[-81.40928799997343,28.625698000164906],[-81.40928799997343,28.625651999908076],[-81.40928799997343,28.625586999613606],[-81.40910100037568,28.625586999613606],[-81.40854200033395,28.625589000072086],[-81.4083559996628,28.62558999990707],[-81.40817400008791,28.625592000365547],[-81.4080240003001,28.625594000035452],[-81.40765500022916,28.625589000072086],[-81.40762900028989,28.625589000072086],[-81.4074479996416,28.62559099974205],[-81.4073480000825,28.62559099974205],[-81.40705000015666,28.625594999870398],[-81.40701499999656,28.625594999870398],[-81.40695100042245,28.625595999705332],[-81.40692299993503,28.625595999705332],[-81.40684000009438,28.62559700032871],[-81.4068130003302,28.62559800016363],[-81.40677499979705,28.62559800016363],[-81.40666400036727,28.625598999998527],[-81.40662800038226,28.625599999833423],[-81.40662900020719,28.62601999982152],[-81.40663500005496,28.627253999928737],[-81.4066319996819,28.627279999953902],[-81.4066300000321,28.6272989996649],[-81.4066099999406,28.62735700017252],[-81.40658900002421,28.627389999685683],[-81.40671799989563,28.627389999685683],[-81.40744900036484,28.627392999927658],[-81.40794800013211,28.627385999625798],[-81.40794599958397,28.627431000093832],[-81.40795099960684,28.627688999986944],[-81.40791600034505,28.627769000136773],[-81.4079609996526,28.627769999951006],[-81.40804400039157,28.627769000136773],[-81.40809799991993,28.627768000322536],[-81.40826100012657,28.627765000091273],[-81.40831600037815,28.627765000091273],[-81.40832399987575,28.62813800032432],[-81.40832600042388,28.628205000236292],[-81.4083339999215,28.629257999966875],[-81.40833800011946,28.629632000210165],[-81.40852899991516,28.62963300000664],[-81.40856599972507,28.629633999803115],[-81.40879400022904,28.62963500038806],[-81.4089120002298,28.629636000184522],[-81.40910300002551,28.62963300000664],[-81.40929499964614,28.629632000210165]]]},"properties":{"block_id":"120950152041016","school_id":"sch_riverside_elementary","kids_est":4,"class":"red","shortest":{"len_m":3888.5,"mean_c":37.3,"peak_c":37.7,"dose":231.8},"coolest":{"len_m":3917.0,"mean_c":37.07,"peak_c":37.2,"dose":221.6},"delta_mean_c":-0.23,"delta_dose_pct":-4,"distance_mi":0.899,"status_now":"walk","status_rec":"bus_eligible","reason":"Coolest route mean 37.1C exceeds threshold (110 C-min dose, actual 222).","safe_until_hour":"11:00"}},{"type":"Feature","geometry":{"type":"Polygon","coordinates":[[[-81.40512199996127,28.631086999931245],[-81.40512199996127,28.630995999961815],[-81.40288800034244,28.63102000028199],[-81.39944500040355,28.631056000357777],[-81.39945499955097,28.630955999941605],[-81.3985199997656,28.630970000068693],[-81.39854800025299,28.631090999850095],[-81.39859099991071,28.631195999834098],[-81.39864899963702,28.631296000021585],[-81.39870700026165,28.63137000031977],[-81.39872099960704,28.631388000299143],[-81.39898900029395,28.631657999619634],[-81.39942600013697,28.632060999722395],[-81.39990200033803,28.632507999953443],[-81.39990900001071,28.6325149999137],[-81.40000199989713,28.632589999909086],[-81.40010200035458,28.632657999900616],[-81.40020799976146,28.63271599981221],[-81.40031999991446,28.632765999982148],[-81.40040199993022,28.6327890001312],[-81.4005269996037,28.632813000041363],[-81.40065499965021,28.632825000388614],[-81.40122899976056,28.632825000388614],[-81.40178000030471,28.632832000327728],[-81.40219100020843,28.632837999711956],[-81.40243399988267,28.63283300009372],[-81.40315500030613,28.632825000388614],[-81.40361200024063,28.632826999920724],[-81.40418499962774,28.632836999946015],[-81.40473299979884,28.632832000327728],[-81.40501200035641,28.63282399983406],[-81.40500899998337,28.632346000179627],[-81.40500800015845,28.63217400006825],[-81.40500700033354,28.631930000160093],[-81.40500700033354,28.63189800027219],[-81.40502200040216,28.6317629998248],[-81.4050259997018,28.6317279997681],[-81.40510799971756,28.631249999852567],[-81.40512199996127,28.631086999931245]],[[-81.40475600026336,28.631388000299143],[-81.40475500043847,28.631450000029293],[-81.4046800000954,28.63175299969716],[-81.40466099982883,28.631920999822995],[-81.40466400020186,28.632128000284066],[-81.40466000000391,28.632359000350792],[-81.40463800026261,28.63243200012965],[-81.40460599957723,28.632473000145144],[-81.40448199972867,28.63256699971647],[-81.40438800001735,28.63260500037484],[-81.40417600030524,28.63262000004991],[-81.40403200036518,28.632623000142402],[-81.40383999984626,28.63262399991039],[-81.40378899979262,28.632619000281885],[-81.40369599990622,28.632582000185444],[-81.40364099965464,28.632531000158984],[-81.40353600007265,28.632424000393975],[-81.40343999981317,28.63232399970439],[-81.40335399959945,28.632267000135958],[-81.40329199967516,28.63225099985042],[-81.40324900001748,28.63224900030733],[-81.4030320002825,28.63225000007887],[-81.40293400037321,28.63222699981175],[-81.40287999994652,28.632178999717887],[-81.40285300018233,28.632083000252845],[-81.40284499978642,28.631944000157198],[-81.40284599961134,28.631507000041466],[-81.4028420003117,28.63126300015948],[-81.4028570003803,28.63120299988187],[-81.40290199968783,28.6311550001082],[-81.40298999955138,28.63112799968376],[-81.4031390004126,28.63112699990152],[-81.40354000027061,28.63113399995389],[-81.40383999984626,28.631136000306658],[-81.40422900000868,28.631122999983994],[-81.40447699970579,28.63112399976627],[-81.4045679999424,28.631141999787907],[-81.40459999972946,28.631162999940553],[-81.40470400038484,28.63127400011465],[-81.40474600021763,28.631347999639857],[-81.40475600026336,28.631388000299143]]]},"properties":{"block_id":"120950152042000","school_id":"sch_riverside_elementary","kids_est":6,"class":"red","shortest":{"len_m":4215.0,"mean_c":37.13,"peak_c":37.2,"dose":241.4},"coolest":{"len_m":4215.0,"mean_c":37.13,"peak_c":37.2,"dose":241.4},"delta_mean_c":0.0,"delta_dose_pct":0,"distance_mi":1.195,"status_now":"walk","status_rec":"bus_eligible","reason":"Coolest route mean 37.1C exceeds threshold (110 C-min dose, actual 241).","safe_until_hour":"11:00"}},{"type":"Feature","geometry":{"type":"Polygon","coordinates":[[[-81.41761999999778,28.626494999632413],[-81.41760599975409,28.62602899987611],[-81.41761099977695,28.6256070002544],[-81.4175150004158,28.6256070002544],[-81.41723099983535,28.62560800008921],[-81.41713600029912,28.625608999924026],[-81.41671100015168,28.6256070002544],[-81.41581400000115,28.62560200029171],[-81.4154380002575,28.625600999668304],[-81.41515000037741,28.625599999833423],[-81.41511299966918,28.625599999833423],[-81.41510699982139,28.627362999869717],[-81.41509699977566,28.628404999907513],[-81.41509900032379,28.62908399992226],[-81.41512299971492,28.62961700010805],[-81.41509000010296,28.630292000217853],[-81.41508900027804,28.6305010003144],[-81.41512699991287,28.632429000031703],[-81.41511100001935,28.63276500021557],[-81.41511100001935,28.63321899972663],[-81.41575899974954,28.633221000039708],[-81.41607000009418,28.633223000352682],[-81.41642800029446,28.633220000277404],[-81.41641400005076,28.632759999805323],[-81.4165150003331,28.632469000278977],[-81.41656300001368,28.63225600028485],[-81.41659499980074,28.632119999736737],[-81.41669699990798,28.63153200002318],[-81.41676200020531,28.630898999630247],[-81.41679900001523,28.630325000385255],[-81.41682099975654,28.629815999659474],[-81.41690100012248,28.62961300013297],[-81.41702400014613,28.629395000079985],[-81.41707500019976,28.628943999994195],[-81.41708199987244,28.628783999847716],[-81.41713100027626,28.628666999783338],[-81.41715499966739,28.62860999980587],[-81.41719200037561,28.628557999619513],[-81.41727100001833,28.628449999938745],[-81.41737300012558,28.628283000374203],[-81.41745299959322,28.627998999734984],[-81.41754700020286,28.627693999850287],[-81.41756200027147,28.627323000041933],[-81.41757700034009,28.626909000259346],[-81.41761999999778,28.626494999632413]]]},"properties":{"block_id":"120950151042025","school_id":"sch_riverside_elementary","kids_est":42,"class":"red","shortest":{"len_m":3103.9,"mean_c":37.41,"peak_c":37.7,"dose":190.1},"coolest":{"len_m":3103.9,"mean_c":37.41,"peak_c":37.7,"dose":190.1},"delta_mean_c":0.0,"delta_dose_pct":0,"distance_mi":0.436,"status_now":"walk","status_rec":"bus_eligible","reason":"Coolest route mean 37.4C exceeds threshold (110 C-min dose, actual 190).","safe_until_hour":"11:00"}},{"type":"Feature","geometry":{"type":"Polygon","coordinates":[[[-81.4079909997898,28.640087000091054],[-81.40783699980403,28.6400190001833],[-81.40730399970157,28.639786000234693],[-81.40697900001155,28.63960200013291],[-81.406594999872,28.639385999738813],[-81.40593799992097,28.638870999771804],[-81.40542900010794,28.638374000000045],[-81.40423999987934,28.637310000169126],[-81.40283599956558,28.63596299994386],[-81.40281100034954,28.635983000184325],[-81.40272299958768,28.636057000331178],[-81.40263999974701,28.63611499994105],[-81.40307900013816,28.63657899960786],[-81.40518300006065,28.638546000198545],[-81.40578899995805,28.63912300011131],[-81.40638399998478,28.639586000177378],[-81.4064979997876,28.639665999930678],[-81.40690399966847,28.639905999613013],[-81.40732200014321,28.640098999606433],[-81.40758900010691,28.6401039996669],[-81.40763299958952,28.6401039996669],[-81.40774499974253,28.640097999909663],[-81.4079909997898,28.640087000091054]]]},"properties":{"block_id":"120950152031007","school_id":"sch_riverside_elementary","kids_est":0,"class":"red","shortest":{"len_m":4925.1,"mean_c":37.15,"peak_c":37.3,"dose":284.5},"coolest":{"len_m":4929.5,"mean_c":37.15,"peak_c":37.3,"dose":284.3},"delta_mean_c":0.0,"delta_dose_pct":0,"distance_mi":1.033,"status_now":"walk","status_rec":"bus_eligible","reason":"Coolest route mean 37.1C exceeds threshold (110 C-min dose, actual 284).","safe_until_hour":"11:00"}},{"type":"Feature","geometry":{"type":"Polygon","coordinates":[[[-81.40450099999525,28.62883299972135],[-81.40449900034542,28.628144999787533],[-81.40313500021465,28.62814899981849],[-81.40296000031246,28.62814899981849],[-81.4029629997872,28.62883699972616],[-81.4042449999022,28.628834000313955],[-81.40450099999525,28.62883299972135]]]},"properties":{"block_id":"120950152042008","school_id":"sch_riverside_elementary","kids_est":4,"class":"red","shortest":{"len_m":4421.1,"mean_c":37.2,"peak_c":37.7,"dose":257.2},"coolest":{"len_m":4449.6,"mean_c":37.0,"peak_c":37.2,"dose":247.0},"delta_mean_c":-0.2,"delta_dose_pct":-4,"distance_mi":1.115,"status_now":"walk","status_rec":"bus_eligible","reason":"Coolest route mean 37.0C exceeds threshold (110 C-min dose, actual 247).","safe_until_hour":"11:00"}},{"type":"Feature","geometry":{"type":"Polygon","coordinates":[[[-81.4202679998934,28.643587000287482],[-81.4202679998934,28.643477000189083],[-81.42019099990051,28.643402999756947],[-81.42017500000698,28.64333399996747],[-81.42017199963394,28.64324499970363],[-81.42017099980902,28.643224000392173],[-81.42016400013631,28.643113000245023],[-81.42015800028854,28.64299799972728],[-81.4201559997404,28.642958000340286],[-81.42013200034927,28.64286500028749],[-81.42012399995336,28.64281599987045],[-81.420098999839,28.64278900008138],[-81.42008600031853,28.642774999954458],[-81.42006500040212,28.64275300008905],[-81.41993999983033,28.642741999760418],[-81.4197330001411,28.642746999694918],[-81.41952100042899,28.642741999760418],[-81.4192479997192,28.642729999758945],[-81.41914200031232,28.642729999758945],[-81.4190569999235,28.642758999694443],[-81.41906500031942,28.64285600009999],[-81.41906500031942,28.642937999852702],[-81.41909499955833,28.643118000161902],[-81.41909499955833,28.643790000374082],[-81.41917300027445,28.643753999936894],[-81.41925000026734,28.64372899971362],[-81.41938499998656,28.643721000050842],[-81.4195430001703,28.64372500027654],[-81.41967799988952,28.64372500027654],[-81.4197549998824,28.64371699982506],[-81.41984100009613,28.643721000050842],[-81.42003199989185,28.64374999971237],[-81.42008899979325,28.64374999971237],[-81.42021500018996,28.64371699982506],[-81.4202479998019,28.643688000154413],[-81.42026399969544,28.64364400001362],[-81.4202679998934,28.643587000287482]]]},"properties":{"block_id":"121170217073016","school_id":"sch_riverside_elementary","kids_est":2,"class":"red","shortest":{"len_m":2471.4,"mean_c":37.14,"peak_c":37.2,"dose":142.2},"coolest":{"len_m":2472.2,"mean_c":37.14,"peak_c":37.2,"dose":142.1},"delta_mean_c":0.0,"delta_dose_pct":0,"distance_mi":0.686,"status_now":"walk","status_rec":"bus_eligible","reason":"Coolest route mean 37.1C exceeds threshold (110 C-min dose, actual 142).","safe_until_hour":"13:00"}},{"type":"Feature","geometry":{"type":"Polygon","coordinates":[[[-81.40449900034542,28.628144999787533],[-81.4044979996222,28.62781200002454],[-81.40351900035421,28.627815000254405],[-81.40295899958925,28.627816000068208],[-81.40296000031246,28.62814899981849],[-81.40313500021465,28.62814899981849],[-81.40449900034542,28.628144999787533]]]},"properties":{"block_id":"120950152042009","school_id":"sch_riverside_elementary","kids_est":0,"class":"red","shortest":{"len_m":4421.1,"mean_c":37.2,"peak_c":37.7,"dose":257.2},"coolest":{"len_m":4449.6,"mean_c":37.0,"peak_c":37.2,"dose":247.0},"delta_mean_c":-0.2,"delta_dose_pct":-4,"distance_mi":1.126,"status_now":"walk","status_rec":"bus_eligible","reason":"Coolest route mean 37.0C exceeds threshold (110 C-min dose, actual 247).","safe_until_hour":"11:00"}},{"type":"Feature","geometry":{"type":"Polygon","coordinates":[[[-81.4038359996483,28.63042000009247],[-81.4038359996483,28.630184999747037],[-81.40383099962543,28.62972699975614],[-81.4038289999756,28.62949700000197],[-81.4033019997209,28.62950300036535],[-81.4031450002604,28.62950499996074],[-81.40310199970438,28.629517999695317],[-81.40306599971936,28.62954300015086],[-81.403040999605,28.629575999765276],[-81.40302800008453,28.629613999929635],[-81.40302300006165,28.630180000002415],[-81.40303300010741,28.630525999747253],[-81.40303700030537,28.630547000023217],[-81.4030540000238,28.630585999623424],[-81.40308400016102,28.630618999698385],[-81.403124000344,28.630642000317923],[-81.40317000037474,28.630654000124974],[-81.40330900029191,28.63065300033823],[-81.4038359996483,28.6306509999762],[-81.4038359996483,28.63042000009247]]]},"properties":{"block_id":"120950152042007","school_id":"sch_riverside_elementary","kids_est":1,"class":"red","shortest":{"len_m":4140.5,"mean_c":37.25,"peak_c":37.7,"dose":244.2},"coolest":{"len_m":4169.0,"mean_c":37.04,"peak_c":37.2,"dose":234.0},"delta_mean_c":-0.21,"delta_dose_pct":-4,"distance_mi":1.104,"status_now":"walk","status_rec":"bus_eligible","reason":"Coolest route mean 37.0C exceeds threshold (110 C-min dose, actual 234).","safe_until_hour":"11:00"}},{"type":"Feature","geometry":{"type":"Polygon","coordinates":[[[-81.40741599985455,28.630523000383313],[-81.40741599985455,28.629902999899567],[-81.40715499973864,28.629907999657448],[-81.407039000286,28.629910999827402],[-81.40649100011491,28.629916000373345],[-81.40637200028922,28.62991499979106],[-81.40611100017331,28.62991399999733],[-81.406053000447,28.62991399999733],[-81.40593200007318,28.629906999863582],[-81.40588500021751,28.62989999972937],[-81.40581099969934,28.629890000212676],[-81.4056940004218,28.62986199966851],[-81.40557999972067,28.62982500017709],[-81.40547000011581,28.62977699977316],[-81.40525599985557,28.629664000000478],[-81.40505699966394,28.62955900006075],[-81.40492199994472,28.629736000281376],[-81.40491199989899,28.629749999782707],[-81.40479800009615,28.629918999754626],[-81.40472199992817,28.630047999876655],[-81.40469000014113,28.630119000102297],[-81.404659000179,28.630229999803575],[-81.40464800030834,28.630305999645014],[-81.40464699958511,28.630402999736155],[-81.4046459997602,28.63064399989162],[-81.40512399961109,28.63064399989162],[-81.40728899963294,28.630621000061016],[-81.40733200018897,28.63061099982451],[-81.40736999982379,28.63059000034984],[-81.40739900013612,28.630559999628726],[-81.40741599985455,28.630523000383313]]]},"properties":{"block_id":"120950152042004","school_id":"sch_riverside_elementary","kids_est":5,"class":"red","shortest":{"len_m":3908.2,"mean_c":37.29,"peak_c":37.7,"dose":232.8},"coolest":{"len_m":3936.7,"mean_c":37.07,"peak_c":37.2,"dose":222.6},"delta_mean_c":-0.22,"delta_dose_pct":-4,"distance_mi":0.952,"status_now":"walk","status_rec":"bus_eligible","reason":"Coolest route mean 37.1C exceeds threshold (110 C-min dose, actual 223).","safe_until_hour":"11:00"}},{"type":"Feature","geometry":{"type":"Polygon","coordinates":[[[-81.40612700006685,28.628507999810303],[-81.40620800025769,28.62835400021683],[-81.40603199963229,28.628267000269755],[-81.40584099983657,28.628173999811615],[-81.40575799999591,28.628140999756422],[-81.40567099995725,28.62811899997667],[-81.4055810004439,28.628107999690787],[-81.40547599996358,28.628109000290298],[-81.40528099996993,28.628110999912252],[-81.40528299961974,28.628411000333312],[-81.40529000019076,28.62901599998051],[-81.40528199979485,28.629103000095267],[-81.40526099987845,28.629189000337163],[-81.40522800026648,28.62927200032047],[-81.40520999982482,28.629300000233457],[-81.40505699966394,28.62955900006075],[-81.40525599985557,28.629664000000478],[-81.40547000011581,28.62977699977316],[-81.40557999972067,28.62982500017709],[-81.4056940004218,28.62986199966851],[-81.40581099969934,28.629890000212676],[-81.40588500021751,28.62989999972937],[-81.40593200007318,28.629906999863582],[-81.406053000447,28.62991399999733],[-81.40611100017331,28.62991399999733],[-81.40610799980028,28.629771000213946],[-81.40610199995248,28.62934499988099],[-81.40610000030267,28.629202999911445],[-81.40609899957944,28.629027999973474],[-81.40609699992962,28.6286469997256],[-81.40610100012756,28.62858700031799],[-81.40611700002111,28.62852799989459],[-81.40612700006685,28.628507999810303]]]},"properties":{"block_id":"120950152042010","school_id":"sch_riverside_elementary","kids_est":6,"class":"red","shortest":{"len_m":3987.0,"mean_c":37.28,"peak_c":37.7,"dose":236.8},"coolest":{"len_m":4015.5,"mean_c":37.06,"peak_c":37.2,"dose":226.6},"delta_mean_c":-0.22,"delta_dose_pct":-4,"distance_mi":0.991,"status_now":"walk","status_rec":"bus_eligible","reason":"Coolest route mean 37.1C exceeds threshold (110 C-min dose, actual 227).","safe_until_hour":"11:00"}},{"type":"Feature","geometry":{"type":"Polygon","coordinates":[[[-81.40741599985455,28.62976099989645],[-81.40741599985455,28.629648999902866],[-81.40740900018186,28.629336000110715],[-81.4074059998088,28.629194999929645],[-81.40714399986798,28.62919599973029],[-81.40636100041857,28.62920100031029],[-81.40610000030267,28.629202999911445],[-81.40610199995248,28.62934499988099],[-81.40610799980028,28.629771000213946],[-81.40611100017331,28.62991399999733],[-81.40637200028922,28.62991499979106],[-81.40649100011491,28.629916000373345],[-81.407039000286,28.629910999827402],[-81.40715499973864,28.629907999657448],[-81.40741599985455,28.629902999899567],[-81.40741599985455,28.62976099989645]]]},"properties":{"block_id":"120950152042011","school_id":"sch_riverside_elementary","kids_est":2,"class":"red","shortest":{"len_m":3908.2,"mean_c":37.29,"peak_c":37.7,"dose":232.8},"coolest":{"len_m":3936.7,"mean_c":37.07,"peak_c":37.2,"dose":222.6},"delta_mean_c":-0.22,"delta_dose_pct":-4,"distance_mi":0.917,"status_now":"walk","status_rec":"bus_eligible","reason":"Coolest route mean 37.1C exceeds threshold (110 C-min dose, actual 223).","safe_until_hour":"11:00"}},{"type":"Feature","geometry":{"type":"Polygon","coordinates":[[[-81.4074059998088,28.629194999929645],[-81.4074049999839,28.62905100015315],[-81.40740400015898,28.62862000023297],[-81.40740400015898,28.62847700026361],[-81.4071599997615,28.62847899987857],[-81.40671000039804,28.628485000300145],[-81.40657300013068,28.62847099984158],[-81.40648299971899,28.628453999958086],[-81.40643400021351,28.6284400002839],[-81.40635200019774,28.62841699997033],[-81.40620800025769,28.62835400021683],[-81.40612700006685,28.628507999810303],[-81.40611700002111,28.62852799989459],[-81.40610100012756,28.62858700031799],[-81.40609699992962,28.6286469997256],[-81.40609899957944,28.629027999973474],[-81.40610000030267,28.629202999911445],[-81.40636100041857,28.62920100031029],[-81.40714399986798,28.62919599973029],[-81.4074059998088,28.629194999929645]]]},"properties":{"block_id":"120950152042013","school_id":"sch_riverside_elementary","kids_est":2,"class":"red","shortest":{"len_m":4055.7,"mean_c":37.26,"peak_c":37.7,"dose":239.9},"coolest":{"len_m":4084.2,"mean_c":37.05,"peak_c":37.2,"dose":229.7},"delta_mean_c":-0.21,"delta_dose_pct":-4,"distance_mi":0.934,"status_now":"walk","status_rec":"bus_eligible","reason":"Coolest route mean 37.0C exceeds threshold (110 C-min dose, actual 230).","safe_until_hour":"11:00"}},{"type":"Feature","geometry":{"type":"Polygon","coordinates":[[[-81.40475500043847,28.631450000029293],[-81.40475600026336,28.631388000299143],[-81.40474600021763,28.631347999639857],[-81.40470400038484,28.63127400011465],[-81.40459999972946,28.631162999940553],[-81.4045679999424,28.631141999787907],[-81.40447699970579,28.63112399976627],[-81.40422900000868,28.631122999983994],[-81.40383999984626,28.631136000306658],[-81.40354000027061,28.63113399995389],[-81.4031390004126,28.63112699990152],[-81.40298999955138,28.63112799968376],[-81.40290199968783,28.6311550001082],[-81.4028570003803,28.63120299988187],[-81.4028420003117,28.63126300015948],[-81.40284599961134,28.631507000041466],[-81.40284499978642,28.631944000157198],[-81.40285300018233,28.632083000252845],[-81.40287999994652,28.632178999717887],[-81.40293400037321,28.63222699981175],[-81.4030320002825,28.63225000007887],[-81.40324900001748,28.63224900030733],[-81.40329199967516,28.63225099985042],[-81.40335399959945,28.632267000135958],[-81.40343999981317,28.63232399970439],[-81.40353600007265,28.632424000393975],[-81.40364099965464,28.632531000158984],[-81.40369599990622,28.632582000185444],[-81.40378899979262,28.632619000281885],[-81.40383999984626,28.63262399991039],[-81.40403200036518,28.632623000142402],[-81.40417600030524,28.63262000004991],[-81.40438800001735,28.63260500037484],[-81.40448199972867,28.63256699971647],[-81.40460599957723,28.632473000145144],[-81.40463800026261,28.63243200012965],[-81.40466000000391,28.632359000350792],[-81.40466400020186,28.632128000284066],[-81.40466099982883,28.631920999822995],[-81.4046800000954,28.63175299969716],[-81.40475500043847,28.631450000029293]]]},"properties":{"block_id":"120950152042001","school_id":"sch_riverside_elementary","kids_est":11,"class":"red","shortest":{"len_m":3831.7,"mean_c":37.14,"peak_c":37.2,"dose":219.9},"coolest":{"len_m":3831.7,"mean_c":37.14,"peak_c":37.2,"dose":219.9},"delta_mean_c":0.0,"delta_dose_pct":0,"distance_mi":1.063,"status_now":"walk","status_rec":"bus_eligible","reason":"Coolest route mean 37.1C exceeds threshold (110 C-min dose, actual 220).","safe_until_hour":"11:00"}},{"type":"Feature","geometry":{"type":"Polygon","coordinates":[[[-81.40735499975519,28.631567000145225],[-81.40735200028044,28.631217999757382],[-81.40734100040979,28.631180000173757],[-81.40731700012036,28.631147000275188],[-81.40728399961006,28.631120999630998],[-81.40724299960219,28.631105999741607],[-81.40719900011956,28.631101999823347],[-81.40667600006283,28.63110999965973],[-81.40643199966537,28.631120999630998],[-81.40598499977662,28.631111000230618],[-81.40576600039182,28.631107000312536],[-81.40569500024671,28.63111900006637],[-81.40564400019309,28.631136000306658],[-81.40539399994783,28.631281999937986],[-81.40536200016078,28.631317000143486],[-81.40534000041947,28.63135900037461],[-81.40533100019863,28.631403000148225],[-81.40533000037374,28.631755000038186],[-81.40533500039659,28.63189999982197],[-81.40533100019863,28.632359000350792],[-81.40534100024438,28.632397000296006],[-81.40536200016078,28.632429999801538],[-81.40539300012293,28.632456999891016],[-81.40556899985002,28.632572000135852],[-81.40561900007873,28.63259099967738],[-81.4056869998508,28.632600999725152],[-81.4060469997009,28.632596999863875],[-81.4063279999083,28.632595000327374],[-81.40636899991617,28.632588000372447],[-81.4064199999698,28.6325680002734],[-81.40644199971112,28.63255400035954],[-81.40660200044299,28.632388999769173],[-81.4067289997663,28.632274000112282],[-81.40677700034519,28.63224900030733],[-81.40684799959197,28.632233000019045],[-81.40724199977727,28.632226000039985],[-81.40728100013534,28.63221599995641],[-81.4073139997473,28.632195000014466],[-81.40733800003675,28.632166000312907],[-81.40735099955721,28.632132000163235],[-81.40735499975519,28.631567000145225]]]},"properties":{"block_id":"120950152042003","school_id":"sch_riverside_elementary","kids_est":26,"class":"red","shortest":{"len_m":3827.6,"mean_c":37.14,"peak_c":37.2,"dose":219.7},"coolest":{"len_m":3827.6,"mean_c":37.14,"peak_c":37.2,"dose":219.7},"delta_mean_c":0.0,"delta_dose_pct":0,"distance_mi":0.914,"status_now":"walk","status_rec":"bus_eligible","reason":"Coolest route mean 37.1C exceeds threshold (110 C-min dose, actual 220).","safe_until_hour":"11:00"}},{"type":"Feature","geometry":{"type":"Polygon","coordinates":[[[-81.41516600027094,28.644822999684425],[-81.41517600031668,28.644702999623583],[-81.41490900035298,28.644694000382135],[-81.41397299984438,28.64459700009943],[-81.41382999972924,28.64458500031023],[-81.41361800001714,28.644551999897224],[-81.41322499965676,28.644403000053387],[-81.41314699983894,28.644371000027547],[-81.41285700030903,28.64425300034071],[-81.41249200043606,28.644027999975393],[-81.41217000022078,28.643800999804437],[-81.41198000024998,28.64371499971214],[-81.41190599973181,28.643685000378348],[-81.41171199956307,28.643587000287482],[-81.41160199995821,28.643561000360634],[-81.41138000020035,28.6434949996684],[-81.41128899996377,28.64348099963562],[-81.41114900022167,28.643460000371416],[-81.41088800010577,28.64344099964447],[-81.41088800010577,28.643571000151315],[-81.41107100040387,28.643571999814995],[-81.41127899991801,28.6436010003061],[-81.41128999978866,28.643625999771483],[-81.4115810000418,28.643686000040947],[-81.41176400033991,28.643751000162727],[-81.41188499981543,28.643809999910893],[-81.4119889995725,28.643858000202677],[-81.41211999999206,28.64394799960654],[-81.41226800013007,28.64403900016916],[-81.41248999988791,28.64418099977177],[-81.4126790000338,28.644299000327994],[-81.4128549997609,28.644405000153238],[-81.41308800028771,28.64450199982511],[-81.41340499958181,28.644626999960778],[-81.41361600036731,28.644695000035103],[-81.41398299989011,28.64476599981062],[-81.41420800002102,28.64479499997157],[-81.41453600008408,28.6448159997569],[-81.41490199978197,28.644835999886414],[-81.41516600027094,28.644822999684425]]]},"properties":{"block_id":"121170217061032","school_id":"sch_riverside_elementary","kids_est":0,"class":"red","shortest":{"len_m":3170.0,"mean_c":37.13,"peak_c":37.2,"dose":182.4},"coolest":{"len_m":3170.8,"mean_c":37.13,"peak_c":37.2,"dose":182.3},"delta_mean_c":0.0,"delta_dose_pct":0,"distance_mi":0.887,"status_now":"walk","status_rec":"bus_eligible","reason":"Coolest route mean 37.1C exceeds threshold (110 C-min dose, actual 182).","safe_until_hour":"11:00"}},{"type":"Feature","geometry":{"type":"Polygon","coordinates":[[[-81.41261399973648,28.631560999899865],[-81.41261399973648,28.631539999826845],[-81.41260700006377,28.631317999923915],[-81.41258899962212,28.63129999993247],[-81.41244899988004,28.631299000151927],[-81.41211300031938,28.631298000371316],[-81.4120870003801,28.631309000322812],[-81.41206899993846,28.631329999653616],[-81.41206300009067,28.631354999677495],[-81.4120659995654,28.63210800009734],[-81.4120659995654,28.63216000010177],[-81.4120659995654,28.632246000204205],[-81.41205600041796,28.632394999967218],[-81.41205499969473,28.6325680002734],[-81.41214299955828,28.63256699971647],[-81.41240799987216,28.63256699971647],[-81.41249699956063,28.63256699971647],[-81.41257199990368,28.63256699971647],[-81.41259700001804,28.632555000128125],[-81.41261100026173,28.632532999696693],[-81.41261399973648,28.632508999722525],[-81.41261399973648,28.632440999634397],[-81.41261399973648,28.631780999736833],[-81.41261399973648,28.631560999899865]]]},"properties":{"block_id":"120950152041013","school_id":"sch_riverside_elementary","kids_est":3,"class":"red","shortest":{"len_m":3068.6,"mean_c":37.12,"peak_c":37.2,"dose":176.1},"coolest":{"len_m":3068.6,"mean_c":37.12,"peak_c":37.2,"dose":176.1},"delta_mean_c":0.0,"delta_dose_pct":0,"distance_mi":0.549,"status_now":"walk","status_rec":"bus_eligible","reason":"Coolest route mean 37.1C exceeds threshold (110 C-min dose, actual 176).","safe_until_hour":"11:00"}},{"type":"Feature","geometry":{"type":"Polygon","coordinates":[[[-81.40740699963372,28.627892000080568],[-81.40740800035694,28.62774599967611],[-81.4072080003404,28.62774599967611],[-81.40673299996425,28.62774599967611],[-81.40664799957543,28.627734000325137],[-81.4066109997655,28.627722000184306],[-81.40656700028289,28.62770900022723],[-81.40642800036572,28.627643999629512],[-81.4062099999075,28.627536999613227],[-81.4059689998831,28.627419999735903],[-81.40586299957789,28.627389999685683],[-81.40575299997303,28.627378000294023],[-81.40551500032167,28.627376999687552],[-81.40527299957401,28.627375999869578],[-81.40527400029723,28.627522999816737],[-81.40527900032009,28.62796400000004],[-81.40528099996993,28.628110999912252],[-81.40547599996358,28.628109000290298],[-81.4055810004439,28.628107999690787],[-81.40567099995725,28.62811899997667],[-81.40575799999591,28.628140999756422],[-81.40584099983657,28.628173999811615],[-81.40603199963229,28.628267000269755],[-81.40620800025769,28.62835400021683],[-81.40635200019774,28.62841699997033],[-81.40643400021351,28.6284400002839],[-81.40648299971899,28.628453999958086],[-81.40657300013068,28.62847099984158],[-81.40671000039804,28.628485000300145],[-81.4071599997615,28.62847899987857],[-81.40740400015898,28.62847700026361],[-81.40740400015898,28.62833000007548],[-81.40740699963372,28.627892000080568]]]},"properties":{"block_id":"120950152042014","school_id":"sch_riverside_elementary","kids_est":3,"class":"red","shortest":{"len_m":4286.3,"mean_c":37.22,"peak_c":37.7,"dose":251.1},"coolest":{"len_m":4314.8,"mean_c":37.02,"peak_c":37.2,"dose":240.9},"delta_mean_c":-0.2,"delta_dose_pct":-4,"distance_mi":0.978,"status_now":"walk","status_rec":"bus_eligible","reason":"Coolest route mean 37.0C exceeds threshold (110 C-min dose, actual 241).","safe_until_hour":"11:00"}},{"type":"Feature","geometry":{"type":"Polygon","coordinates":[[[-81.42316600003427,28.64332999972694],[-81.4231540003387,28.643246999825553],[-81.42308499984341,28.643165000314387],[-81.42297299969043,28.643132000243064],[-81.42294199972827,28.643213999780006],[-81.42294199972827,28.64331900024721],[-81.42295400032216,28.64342300015588],[-81.4228730001313,28.643444999880764],[-81.42279199994046,28.643390000165702],[-81.42267999978746,28.643340999993896],[-81.42250499988528,28.643428999722943],[-81.42258699990104,28.643527999625476],[-81.4225979997717,28.643707000048295],[-81.42308700039155,28.64370499993512],[-81.42305399988128,28.643648999905132],[-81.42307899999564,28.643505999918],[-81.4231190001786,28.643442000097703],[-81.42314099991991,28.643406999994706],[-81.42316600003427,28.64332999972694]]]},"properties":{"block_id":"121170217073025","school_id":"sch_riverside_elementary","kids_est":0,"class":"red","shortest":{"len_m":2255.5,"mean_c":37.14,"peak_c":37.2,"dose":129.8},"coolest":{"len_m":2256.3,"mean_c":37.14,"peak_c":37.2,"dose":129.7},"delta_mean_c":0.0,"delta_dose_pct":0,"distance_mi":0.702,"status_now":"walk","status_rec":"bus_eligible","reason":"Coolest route mean 37.1C exceeds threshold (110 C-min dose, actual 130).","safe_until_hour":"13:00"}},{"type":"Feature","geometry":{"type":"Polygon","coordinates":[[[-81.42222799987584,28.64221300029795],[-81.42221600018027,28.64214200037123],[-81.42203500043031,28.64188800004002],[-81.42183399969053,28.641971999907227],[-81.42135500001474,28.642338000007744],[-81.4210140004312,28.642690999941838],[-81.42074900011734,28.6431329999109],[-81.42061400039812,28.643388000046485],[-81.42104100019537,28.643564000140294],[-81.42107600035548,28.643569000035612],[-81.42111999983811,28.64355799979256],[-81.42115199962517,28.643527999625476],[-81.42127600037202,28.64324499970363],[-81.42135599983965,28.643101000286055],[-81.42146399979468,28.64293999998048],[-81.42162600017639,28.64276399962813],[-81.42183299986563,28.64258000001916],[-81.42212599976858,28.642389999672883],[-81.42221299980723,28.642286000316876],[-81.42222799987584,28.64221300029795]]]},"properties":{"block_id":"121170217073012","school_id":"sch_riverside_elementary","kids_est":1,"class":"red","shortest":{"len_m":2479.0,"mean_c":37.14,"peak_c":37.2,"dose":142.7},"coolest":{"len_m":2479.8,"mean_c":37.14,"peak_c":37.2,"dose":142.6},"delta_mean_c":0.0,"delta_dose_pct":0,"distance_mi":0.643,"status_now":"walk","status_rec":"bus_eligible","reason":"Coolest route mean 37.1C exceeds threshold (110 C-min dose, actual 143).","safe_until_hour":"13:00"}},{"type":"Feature","geometry":{"type":"Polygon","coordinates":[[[-81.42326999979133,28.642863999828734],[-81.42327200033948,28.641892000335613],[-81.42233699965578,28.641907000259923],[-81.4223240001353,28.643032000297932],[-81.42246100040266,28.643369999760484],[-81.4225979997717,28.643707000048295],[-81.42258699990104,28.643527999625476],[-81.42250499988528,28.643428999722943],[-81.42267999978746,28.643340999993896],[-81.42279199994046,28.643390000165702],[-81.4228730001313,28.643444999880764],[-81.42295400032216,28.64342300015588],[-81.42294199972827,28.64331900024721],[-81.42294199972827,28.643213999780006],[-81.42297299969043,28.643132000243064],[-81.42308499984341,28.643165000314387],[-81.4231540003387,28.643246999825553],[-81.42316600003427,28.64332999972694],[-81.42314099991991,28.643406999994706],[-81.4231190001786,28.643442000097703],[-81.42307899999564,28.643505999918],[-81.42305399988128,28.643648999905132],[-81.42308700039155,28.64370499993512],[-81.42324600040021,28.643700999708727],[-81.42326399994356,28.643051000310628],[-81.42326999979133,28.642863999828734]]]},"properties":{"block_id":"121170217073006","school_id":"sch_riverside_elementary","kids_est":0,"class":"red","shortest":{"len_m":2255.5,"mean_c":37.14,"peak_c":37.2,"dose":129.8},"coolest":{"len_m":2256.3,"mean_c":37.14,"peak_c":37.2,"dose":129.7},"delta_mean_c":0.0,"delta_dose_pct":0,"distance_mi":0.646,"status_now":"walk","status_rec":"bus_eligible","reason":"Coolest route mean 37.1C exceeds threshold (110 C-min dose, actual 130).","safe_until_hour":"13:00"}},{"type":"Feature","geometry":{"type":"Polygon","coordinates":[[[-81.42741700043527,28.640482999930295],[-81.42741999990999,28.640317999981857],[-81.42546499995042,28.640268999951918],[-81.42491199975645,28.640268999951918],[-81.42333099989071,28.640353000327046],[-81.42177799961404,28.64042600006344],[-81.42137099990826,28.64043999971549],[-81.42117400026477,28.640456000329195],[-81.41960099989663,28.64054100024717],[-81.41788399958843,28.64054100024717],[-81.4169730000925,28.64054299963225],[-81.41553399961865,28.64054299963225],[-81.41536899976222,28.640541999939714],[-81.41521499977641,28.64054100024717],[-81.41518899983716,28.640692999919473],[-81.41518700018733,28.640800999615074],[-81.41536999958711,28.640792999729022],[-81.4158600000319,28.640772999617088],[-81.41802300040392,28.640769000067237],[-81.41970100035404,28.640769000067237],[-81.42117099989171,28.640730000309503],[-81.42332500004292,28.64054499980565],[-81.42346099958704,28.64053900007363],[-81.42473799967918,28.640483999623402],[-81.42741700043527,28.640482999930295]]]},"properties":{"block_id":"121170217073023","school_id":"sch_riverside_elementary","kids_est":0,"class":"red","shortest":{"len_m":2517.2,"mean_c":37.13,"peak_c":37.2,"dose":144.3},"coolest":{"len_m":2517.2,"mean_c":37.13,"peak_c":37.2,"dose":144.3},"delta_mean_c":0.0,"delta_dose_pct":0,"distance_mi":0.494,"status_now":"walk","status_rec":"bus_eligible","reason":"Coolest route mean 37.1C exceeds threshold (110 C-min dose, actual 144).","safe_until_hour":"13:00"}},{"type":"Feature","geometry":{"type":"Polygon","coordinates":[[[-81.41524699956346,28.64390099980486],[-81.41525099976143,28.64386199963471],[-81.4151920002102,28.64385399998206],[-81.4150159995848,28.643830999893435],[-81.41495799985847,28.643823999899702],[-81.41491500020076,28.643821999788834],[-81.41484900007853,28.64381900001654],[-81.41469000006988,28.643812999683384],[-81.41465499990977,28.64380200025431],[-81.4145929999855,28.64378300037769],[-81.41430299955726,28.643692000381353],[-81.41422300008963,28.64368899981697],[-81.41391699976789,28.643679999700183],[-81.41375399956128,28.64367499981015],[-81.41324999977111,28.64367699992389],[-81.4132559996189,28.643779999815894],[-81.41326499983974,28.644074999720154],[-81.413262000365,28.644187000083868],[-81.41321999963388,28.644292000365496],[-81.41314699983894,28.644371000027547],[-81.41322499965676,28.644403000053387],[-81.41361800001714,28.644551999897224],[-81.41382999972924,28.64458500031023],[-81.41397299984438,28.64459700009943],[-81.41490900035298,28.644694000382135],[-81.41517600031668,28.644702999623583],[-81.41517700014158,28.644694000382135],[-81.41521899997437,28.644219000165823],[-81.415234000043,28.644060999764857],[-81.41523700041604,28.644020999994805],[-81.41524699956346,28.64390099980486]]]},"properties":{"block_id":"121170217061031","school_id":"sch_riverside_elementary","kids_est":0,"class":"red","shortest":{"len_m":3203.5,"mean_c":37.13,"peak_c":37.2,"dose":184.3},"coolest":{"len_m":3204.3,"mean_c":37.13,"peak_c":37.2,"dose":184.2},"delta_mean_c":0.0,"delta_dose_pct":0,"distance_mi":0.856,"status_now":"walk","status_rec":"bus_eligible","reason":"Coolest route mean 37.1C exceeds threshold (110 C-min dose, actual 184).","safe_until_hour":"11:00"}},{"type":"Feature","geometry":{"type":"Polygon","coordinates":[[[-81.41549299961078,28.643884000055916],[-81.41550100000669,28.64309200011876],[-81.41545699962576,28.64229999972068],[-81.41536399973933,28.641447000027934],[-81.41536999958711,28.641088999836537],[-81.41536999958711,28.640792999729022],[-81.41518700018733,28.640800999615074],[-81.41518100033956,28.641176999877914],[-81.41517999961631,28.641272000009952],[-81.41517700014158,28.641457999703956],[-81.4151779999665,28.64162600005975],[-81.41518299998938,28.641981000170563],[-81.4151920002102,28.642130000301123],[-81.41520399990578,28.642298000369085],[-81.4152059995556,28.64233000023895],[-81.4152120003017,28.642427000252766],[-81.41521399995152,28.642459999757495],[-81.41521800014948,28.642522999714846],[-81.41522999984504,28.642714999952315],[-81.41523499986792,28.64277900021616],[-81.41524200043892,28.642892000056978],[-81.41525099976143,28.643020999998623],[-81.41525099976143,28.643230999637545],[-81.41525099976143,28.64334500023402],[-81.41525099976143,28.643447999663696],[-81.41525099976143,28.643758000161267],[-81.41525099976143,28.64386199963471],[-81.41524699956346,28.64390099980486],[-81.41523700041604,28.644020999994805],[-81.415234000043,28.644060999764857],[-81.41521899997437,28.644219000165823],[-81.41517700014158,28.644694000382135],[-81.41517600031668,28.644702999623583],[-81.41542200036399,28.64471099999981],[-81.41549299961078,28.643898999695388],[-81.41549299961078,28.643884000055916]]]},"properties":{"block_id":"121170217073009","school_id":"sch_riverside_elementary","kids_est":0,"class":"red","shortest":{"len_m":3281.8,"mean_c":37.13,"peak_c":37.2,"dose":188.7},"coolest":{"len_m":3282.6,"mean_c":37.13,"peak_c":37.2,"dose":188.6},"delta_mean_c":0.0,"delta_dose_pct":0,"distance_mi":0.744,"status_now":"walk","status_rec":"bus_eligible","reason":"Coolest route mean 37.1C exceeds threshold (110 C-min dose, actual 189).","safe_until_hour":"11:00"}},{"type":"Feature","geometry":{"type":"Polygon","coordinates":[[[-81.4197330001411,28.642746999694918],[-81.41971899989741,28.641846000081216],[-81.41970999967657,28.64124699998352],[-81.41897499990773,28.64131400019855],[-81.41902599996136,28.642218999934222],[-81.4190569999235,28.642758999694443],[-81.41914200031232,28.642729999758945],[-81.4192479997192,28.642729999758945],[-81.41952100042899,28.642741999760418],[-81.4197330001411,28.642746999694918]]]},"properties":{"block_id":"121170217073014","school_id":"sch_riverside_elementary","kids_est":9,"class":"red","shortest":{"len_m":2460.8,"mean_c":37.14,"peak_c":37.2,"dose":141.6},"coolest":{"len_m":2461.6,"mean_c":37.14,"peak_c":37.2,"dose":141.5},"delta_mean_c":0.0,"delta_dose_pct":0,"distance_mi":0.604,"status_now":"walk","status_rec":"bus_eligible","reason":"Coolest route mean 37.1C exceeds threshold (110 C-min dose, actual 142).","safe_until_hour":"13:00"}},{"type":"Feature","geometry":{"type":"Polygon","coordinates":[[[-81.42272699964312,28.637855000135204],[-81.4227259998182,28.637572999610722],[-81.4227259998182,28.637500999976023],[-81.42272099979535,28.637443000343872],[-81.42271400012265,28.637385999613862],[-81.4227040000769,28.6373279999181],[-81.42269999987894,28.63730899965741],[-81.42268700035848,28.637268999678167],[-81.42267099956663,28.63722499999885],[-81.42265600039633,28.637179000063423],[-81.42264499962737,28.637136000071358],[-81.42263600030483,28.637090999822345],[-81.42262299988604,28.637032000237593],[-81.42261299984031,28.63697100037811],[-81.42260600016762,28.636902000300474],[-81.4226050003427,28.636743999917485],[-81.4226050003427,28.636463000080617],[-81.42242399969442,28.636462000349205],[-81.42190400001073,28.636460000097905],[-81.42188499974417,28.63645600038371],[-81.42180399955332,28.63644299993165],[-81.42171200039013,28.63641000011121],[-81.42169099957542,28.636463000080617],[-81.42168300007779,28.636519000004302],[-81.42168599955254,28.636694000066058],[-81.42168800010067,28.636766999983042],[-81.42168399990271,28.637288999669696],[-81.42168399990271,28.637315000362513],[-81.42168300007779,28.63742499982621],[-81.42168300007779,28.63756099980643],[-81.42168399990271,28.63785099968567],[-81.42189200031518,28.637853999628614],[-81.42208200028597,28.637857000359833],[-81.42251800030408,28.637855000135204],[-81.42272699964312,28.637855000135204]]]},"properties":{"block_id":"120950151042004","school_id":"sch_riverside_elementary","kids_est":3,"class":"green","shortest":{"len_m":1687.5,"mean_c":37.14,"peak_c":37.2,"dose":96.8},"coolest":{"len_m":1687.5,"mean_c":37.14,"peak_c":37.2,"dose":96.8},"delta_mean_c":0.0,"delta_dose_pct":0,"distance_mi":0.268,"status_now":"walk","status_rec":"walk","reason":"Shortest route already under threshold (dose 97).","safe_until_hour":null}},{"type":"Feature","geometry":{"type":"Polygon","coordinates":[[[-81.40852300006738,28.640056999719764],[-81.40893700034417,28.64004899977697],[-81.40832300005083,28.639896000261334],[-81.40754599955088,28.639586999879032],[-81.40697700036172,28.63934299986275],[-81.40697900001155,28.63960200013291],[-81.40730399970157,28.639786000234693],[-81.40783699980403,28.6400190001833],[-81.4079909997898,28.640087000091054],[-81.40832600042388,28.64006800032994],[-81.40852300006738,28.640056999719764]]]},"properties":{"block_id":"120950152031012","school_id":"sch_riverside_elementary","kids_est":0,"class":"red","shortest":{"len_m":3836.2,"mean_c":37.15,"peak_c":37.2,"dose":220.6},"coolest":{"len_m":3836.2,"mean_c":37.15,"peak_c":37.2,"dose":220.6},"delta_mean_c":0.0,"delta_dose_pct":0,"distance_mi":0.931,"status_now":"walk","status_rec":"bus_eligible","reason":"Coolest route mean 37.1C exceeds threshold (110 C-min dose, actual 221).","safe_until_hour":"11:00"}},{"type":"Feature","geometry":{"type":"Polygon","coordinates":[[[-81.41520399990578,28.640056999719764],[-81.41520399990578,28.63990799979856],[-81.41517200011873,28.639437000375676],[-81.41516600027094,28.639340999666423],[-81.41516000042316,28.63920600012188],[-81.41513899960843,28.638617000193697],[-81.41512299971492,28.638354999928726],[-81.41511400039239,28.638233000135795],[-81.41471299963611,28.63822400033929],[-81.4129379996016,28.638211999821092],[-81.41096500009866,28.638199000375028],[-81.41089399995356,28.638197000156847],[-81.41089399995356,28.638006999756833],[-81.41089300012864,28.63756000008549],[-81.41089200030373,28.637290000181668],[-81.41087999970983,28.636766000254518],[-81.41083799987705,28.636427000282822],[-81.4108329998542,28.636381999729736],[-81.4107709999299,28.63638099999756],[-81.40979500013665,28.636395000189363],[-81.40966500044031,28.63639699965345],[-81.40930700024,28.636401999890342],[-81.40881799962015,28.636407999858932],[-81.40889600033628,28.636694000066058],[-81.40889600033628,28.637047999794223],[-81.40889600033628,28.637178000338892],[-81.40889600033628,28.63741500023808],[-81.40889600033628,28.637782000186743],[-81.40889600033628,28.638081999769103],[-81.40871999971087,28.63817500011985],[-81.40853399993803,28.638120999722755],[-81.4083630002338,28.638070999739124],[-81.40818800033162,28.63826100002325],[-81.40823099998933,28.638266000171306],[-81.408277999845,28.638272000033304],[-81.40832600042388,28.63827899960907],[-81.40836999990651,28.63828599997279],[-81.40842099996011,28.638294999763925],[-81.4084679998158,28.63830299984046],[-81.40851499967147,28.63831300013233],[-81.40873700032763,28.638357999857188],[-81.4089470003899,28.63837600021479],[-81.40897300032917,28.63838599971135],[-81.40900299956807,28.63841299984514],[-81.40901500016196,28.638450000250835],[-81.4090179996367,28.638661999788162],[-81.40900199974318,28.63873100028525],[-81.40895700043565,28.63883200009688],[-81.4089470003899,28.63889499986776],[-81.4089540000626,28.639125000311783],[-81.40896499993325,28.639145999655362],[-81.40898599984965,28.639160999972294],[-81.40901299961382,28.639165000371825],[-81.40903400042853,28.639161999678006],[-81.40930899988984,28.639158999772523],[-81.40953300019582,28.639174000087596],[-81.4097220003417,28.63920999973131],[-81.4097220003417,28.639797999784488],[-81.40931200026289,28.639807999933872],[-81.40914300020847,28.639810999820796],[-81.40894999986463,28.63979900027248],[-81.40879599987885,28.639778000271225],[-81.40850600034894,28.639707000273322],[-81.40832800007371,28.639655000066774],[-81.40826100012657,28.63963199984588],[-81.40785400042078,28.6394910000954],[-81.40783199978115,28.63948600000573],[-81.40774800011557,28.639473999631864],[-81.40759999997756,28.63943599988417],[-81.40752100033484,28.63940600011515],[-81.40747600012901,28.639376000337624],[-81.40741599985455,28.639337999766017],[-81.40715300008881,28.6392190002316],[-81.4070879997915,28.63917699999265],[-81.4070180003696,28.639114000391153],[-81.40697499981358,28.63905199967014],[-81.40697700036172,28.63934299986275],[-81.40754599955088,28.639586999879032],[-81.40832300005083,28.639896000261334],[-81.40893700034417,28.64004899977697],[-81.40912200029207,28.640045999896852],[-81.40944699998208,28.640040999833627],[-81.41087800006002,28.640014999816287],[-81.41250999997942,28.640030000009048],[-81.41494000031511,28.640053999839825],[-81.41499100036876,28.64005500032542],[-81.41520399990578,28.640056999719764]]]},"properties":{"block_id":"120950152031013","school_id":"sch_riverside_elementary","kids_est":13,"class":"red","shortest":{"len_m":3176.8,"mean_c":37.13,"peak_c":37.2,"dose":182.2},"coolest":{"len_m":3176.8,"mean_c":37.13,"peak_c":37.2,"dose":182.2},"delta_mean_c":0.0,"delta_dose_pct":0,"distance_mi":0.697,"status_now":"walk","status_rec":"bus_eligible","reason":"Coolest route mean 37.1C exceeds threshold (110 C-min dose, actual 182).","safe_until_hour":"11:00"}},{"type":"Feature","geometry":{"type":"Polygon","coordinates":[[[-81.41537100031034,28.639334000161522],[-81.41536600028746,28.6386090001411],[-81.4153040003632,28.63779199973984],[-81.41519100038529,28.637801000361826],[-81.41508500008008,28.63780400030614],[-81.41509400030093,28.637939000077775],[-81.41511400039239,28.638233000135795],[-81.41512299971492,28.638354999928726],[-81.41513899960843,28.638617000193697],[-81.41516000042316,28.63920600012188],[-81.41516600027094,28.639340999666423],[-81.41517200011873,28.639437000375676],[-81.41520399990578,28.63990799979856],[-81.41520399990578,28.640056999719764],[-81.41536799993729,28.640058000205336],[-81.41536600028746,28.639894000075557],[-81.41537100031034,28.639334000161522]]]},"properties":{"block_id":"120950151042000","school_id":"sch_riverside_elementary","kids_est":0,"class":"red","shortest":{"len_m":2742.9,"mean_c":37.13,"peak_c":37.2,"dose":157.3},"coolest":{"len_m":2742.9,"mean_c":37.13,"peak_c":37.2,"dose":157.3},"delta_mean_c":0.0,"delta_dose_pct":0,"distance_mi":0.525,"status_now":"walk","status_rec":"bus_eligible","reason":"Coolest route mean 37.1C exceeds threshold (110 C-min dose, actual 157).","safe_until_hour":"13:00"}},{"type":"Feature","geometry":{"type":"Polygon","coordinates":[[[-81.41571000024406,28.640058999902486],[-81.41565900019044,28.640030000009048],[-81.41561999983237,28.639988000094757],[-81.4156070003119,28.639964000248806],[-81.41560599958868,28.639884999633118],[-81.4156009995658,28.63959499985699],[-81.41560200028904,28.63933299966904],[-81.41560499976376,28.638595999955797],[-81.41560999978664,28.63831800027792],[-81.41561099961153,28.637783999624393],[-81.4153040003632,28.63779199973984],[-81.41536600028746,28.6386090001411],[-81.41537100031034,28.639334000161522],[-81.41536600028746,28.639894000075557],[-81.41536799993729,28.640058000205336],[-81.41563700044912,28.640061000085122],[-81.41571000024406,28.640058999902486]]]},"properties":{"block_id":"120950151042001","school_id":"sch_riverside_elementary","kids_est":0,"class":"red","shortest":{"len_m":2742.9,"mean_c":37.13,"peak_c":37.2,"dose":157.3},"coolest":{"len_m":2742.9,"mean_c":37.13,"peak_c":37.2,"dose":157.3},"delta_mean_c":0.0,"delta_dose_pct":0,"distance_mi":0.516,"status_now":"walk","status_rec":"bus_eligible","reason":"Coolest route mean 37.1C exceeds threshold (110 C-min dose, actual 157).","safe_until_hour":"13:00"}},{"type":"Feature","geometry":{"type":"Polygon","coordinates":[[[-81.43500100027198,28.635965999940716],[-81.43500100027198,28.63555399982811],[-81.43500000044706,28.63544199970925],[-81.4349960002491,28.635053000345795],[-81.43498399965523,28.635017000064263],[-81.43496299973883,28.63498500032932],[-81.43491500005824,28.634948000278627],[-81.43485499978378,28.634930000121397],[-81.43473699978303,28.63492900037538],[-81.43408400002996,28.63492900037538],[-81.43361500039988,28.634933000147782],[-81.43356599999609,28.634942000226555],[-81.43352300033838,28.634967000178374],[-81.43349200037623,28.635002999688673],[-81.43348099960727,28.6350320001831],[-81.43348099960727,28.63507900001582],[-81.43349700039911,28.635122999806626],[-81.43352699963803,28.635162000071695],[-81.43356799964592,28.63519600002809],[-81.43404700022002,28.635589000185732],[-81.43435299964347,28.63583900026028],[-81.43440000039743,28.63589399999178],[-81.43444300005514,28.635978999663436],[-81.4344749998422,28.63601799961036],[-81.43451699967498,28.636049000083446],[-81.43455400038323,28.63606700004872],[-81.4345650002539,28.63607200030134],[-81.43461799995731,28.636084000275904],[-81.43483700024044,28.636084000275904],[-81.43485899998174,28.63608500001092],[-81.4348820004463,28.63608100028237],[-81.434925000104,28.63606600031354],[-81.43496199991391,28.636040000099616],[-81.43498799985319,28.636004999892474],[-81.43500100027198,28.635965999940716]]]},"properties":{"block_id":"120950151031003","school_id":"sch_riverside_elementary","kids_est":1,"class":"green","shortest":{"len_m":1925.6,"mean_c":37.09,"peak_c":37.2,"dose":109.4},"coolest":{"len_m":1925.6,"mean_c":37.09,"peak_c":37.2,"dose":109.4},"delta_mean_c":0.0,"delta_dose_pct":0,"distance_mi":0.812,"status_now":"walk","status_rec":"walk","reason":"Shortest route already under threshold (dose 109).","safe_until_hour":null}},{"type":"Feature","geometry":{"type":"Polygon","coordinates":[[[-81.41909499955833,28.643790000374082],[-81.41909499955833,28.643118000161902],[-81.41819199956,28.64308900032565],[-81.41818200041259,28.64377299981883],[-81.41835800013968,28.643774000268895],[-81.41876700039359,28.643790000374082],[-81.41889899973975,28.643795999920165],[-81.41893700027289,28.643798000031605],[-81.4190140002658,28.643798000031605],[-81.41909499955833,28.643790000374082]]]},"properties":{"block_id":"121170217073018","school_id":"sch_riverside_elementary","kids_est":0,"class":"red","shortest":{"len_m":2775.8,"mean_c":37.13,"peak_c":37.2,"dose":159.7},"coolest":{"len_m":2776.6,"mean_c":37.13,"peak_c":37.2,"dose":159.6},"delta_mean_c":0.0,"delta_dose_pct":0,"distance_mi":0.711,"status_now":"walk","status_rec":"bus_eligible","reason":"Coolest route mean 37.1C exceeds threshold (110 C-min dose, actual 160).","safe_until_hour":"13:00"}},{"type":"Feature","geometry":{"type":"Polygon","coordinates":[[[-81.41909499955833,28.643118000161902],[-81.41906500031942,28.642937999852702],[-81.41906500031942,28.64285600009999],[-81.4190569999235,28.642758999694443],[-81.41902599996136,28.642218999934222],[-81.41813700020674,28.642219999610788],[-81.41817999986444,28.64274899982636],[-81.41819499993305,28.642927000331866],[-81.41819400010813,28.642958000340286],[-81.41819199956,28.64308900032565],[-81.41909499955833,28.643118000161902]]]},"properties":{"block_id":"121170217073017","school_id":"sch_riverside_elementary","kids_est":4,"class":"red","shortest":{"len_m":2471.4,"mean_c":37.14,"peak_c":37.2,"dose":142.2},"coolest":{"len_m":2472.2,"mean_c":37.14,"peak_c":37.2,"dose":142.1},"delta_mean_c":0.0,"delta_dose_pct":0,"distance_mi":0.659,"status_now":"walk","status_rec":"bus_eligible","reason":"Coolest route mean 37.1C exceeds threshold (110 C-min dose, actual 142).","safe_until_hour":"13:00"}},{"type":"Feature","geometry":{"type":"Polygon","coordinates":[[[-81.41902599996136,28.642218999934222],[-81.41897499990773,28.64131400019855],[-81.41806799971144,28.641346000368515],[-81.41811700011525,28.641959000138645],[-81.41813700020674,28.642219999610788],[-81.41902599996136,28.642218999934222]]]},"properties":{"block_id":"121170217073015","school_id":"sch_riverside_elementary","kids_est":4,"class":"red","shortest":{"len_m":2460.8,"mean_c":37.14,"peak_c":37.2,"dose":141.6},"coolest":{"len_m":2461.6,"mean_c":37.14,"peak_c":37.2,"dose":141.5},"delta_mean_c":0.0,"delta_dose_pct":0,"distance_mi":0.601,"status_now":"walk","status_rec":"bus_eligible","reason":"Coolest route mean 37.1C exceeds threshold (110 C-min dose, actual 142).","safe_until_hour":"13:00"}},{"type":"Feature","geometry":{"type":"Polygon","coordinates":[[[-81.41934700035173,28.646622999890045],[-81.41935200037462,28.646477999955398],[-81.41784699977852,28.645645000312552],[-81.41730899965316,28.646510999762395],[-81.41730799982827,28.64665799970837],[-81.41749100012635,28.64677100010056],[-81.4177899998771,28.646810999610288],[-81.41798900006873,28.647045000141528],[-81.41934700035173,28.646622999890045]]]},"properties":{"block_id":"121170217073005","school_id":"sch_riverside_elementary","kids_est":7,"class":"red","shortest":{"len_m":2965.1,"mean_c":37.13,"peak_c":37.2,"dose":170.6},"coolest":{"len_m":2965.9,"mean_c":37.13,"peak_c":37.2,"dose":170.5},"delta_mean_c":0.0,"delta_dose_pct":0,"distance_mi":0.916,"status_now":"walk","status_rec":"bus_eligible","reason":"Coolest route mean 37.1C exceeds threshold (110 C-min dose, actual 170).","safe_until_hour":"11:00"}},{"type":"Feature","geometry":{"type":"Polygon","coordinates":[[[-81.4151210000651,28.635076999738228],[-81.4151210000651,28.634574999806],[-81.41492799972124,28.634568999732593],[-81.41493000026938,28.634669999608313],[-81.41493500029226,28.63497399997462],[-81.41493699994209,28.635076999738228],[-81.4151210000651,28.635076999738228]]]},"properties":{"block_id":"120950151042020","school_id":"sch_riverside_elementary","kids_est":0,"class":"red","shortest":{"len_m":2507.2,"mean_c":37.13,"peak_c":37.2,"dose":143.4},"coolest":{"len_m":2507.2,"mean_c":37.13,"peak_c":37.2,"dose":143.4},"delta_mean_c":0.0,"delta_dose_pct":0,"distance_mi":0.391,"status_now":"walk","status_rec":"bus_eligible","reason":"Coolest route mean 37.1C exceeds threshold (110 C-min dose, actual 143).","safe_until_hour":"13:00"}},{"type":"Feature","geometry":{"type":"Polygon","coordinates":[[[-81.4068219996527,28.634806999752755],[-81.40686500020873,28.634520999921545],[-81.40678999986565,28.634504000229594],[-81.40669899962906,28.634469000298527],[-81.40661400013856,28.634413999820158],[-81.40655499968902,28.634365000186808],[-81.40650899965827,28.634325999625542],[-81.40637300011414,28.63418300033458],[-81.40632000041069,28.634145000247628],[-81.40625900031132,28.63411700005027],[-81.40613399973952,28.634078999939412],[-81.40571799981294,28.633953999851162],[-81.40562400010161,28.633923000336072],[-81.40545400022229,28.63386800035999],[-81.40541499986422,28.633846000203764],[-81.40536800000856,28.633801000120815],[-81.40533799987134,28.633746000080727],[-81.4052500000078,28.633761000381245],[-81.4051939999313,28.633772000074593],[-81.40498600041714,28.633755000261313],[-81.40489799965528,28.633749000141027],[-81.40485900019553,28.633849000261204],[-81.40480899996682,28.633952000340514],[-81.40478200020264,28.634011000080182],[-81.40469199979097,28.63416800009444],[-81.40458800003388,28.6343119999462],[-81.40444400009385,28.634482999956976],[-81.40443099967504,28.634495000113255],[-81.40427699968926,28.634655000226186],[-81.40448400027681,28.634793999884838],[-81.40466000000391,28.63491899976092],[-81.40472199992817,28.634979000279372],[-81.40477100033198,28.635048000044616],[-81.40480700031699,28.635122000062438],[-81.40482900005831,28.63520100032221],[-81.40483699955593,28.63528100026516],[-81.4048280002334,28.63536700017525],[-81.40480399994395,28.635450000003317],[-81.4047860004006,28.635489999887476],[-81.40455200004888,28.635909999721928],[-81.40448199972867,28.63602299986532],[-81.40435299985724,28.636248000053634],[-81.40430799965141,28.636333999959565],[-81.40427500003945,28.636428000014565],[-81.40425499994795,28.636525999696996],[-81.40424999992507,28.63662400007639],[-81.40425999997083,28.636723000093145],[-81.40428300043536,28.6368190000441],[-81.40432699991797,28.636908000240474],[-81.40438100034466,28.63699299987917],[-81.40441300013171,28.637033999689542],[-81.40444400009385,28.637073000032725],[-81.404835999731,28.637449999974944],[-81.40492899961743,28.637379999701203],[-81.40496499960243,28.63732400023698],[-81.40498100039427,28.637261000311284],[-81.40497499964818,28.63719600011051],[-81.40496399977752,28.637164999976285],[-81.404947999884,28.637136000071358],[-81.40490199985324,28.6370859996183],[-81.40475799991319,28.636998999813965],[-81.40468599994317,28.636937000208416],[-81.40464199956224,28.636882999962598],[-81.40458399983592,28.636775999904454],[-81.40456200009461,28.63668700038456],[-81.40456000044479,28.636626000324508],[-81.4045679999424,28.636565999959476],[-81.40461300014823,28.636448999897894],[-81.40468199974522,28.636327000254056],[-81.40478999970024,28.6361490003771],[-81.40503800029569,28.635689999868102],[-81.40512199996127,28.635428000178745],[-81.40514799990052,28.635294000072737],[-81.4051880000835,28.63519600002809],[-81.40522400006851,28.635143000207187],[-81.40531799977984,28.6351120002549],[-81.40540200034374,28.635085000060055],[-81.40582199957,28.635103000190707],[-81.40646500017564,28.635063999903767],[-81.40651799987909,28.63506099988106],[-81.40678099964482,28.634899000106174],[-81.4067990000865,28.63486800008179],[-81.4068219996527,28.634806999752755]]]},"properties":{"block_id":"120950152031019","school_id":"sch_riverside_elementary","kids_est":4,"class":"red","shortest":{"len_m":4053.5,"mean_c":37.16,"peak_c":37.3,"dose":234.3},"coolest":{"len_m":4057.9,"mean_c":37.15,"peak_c":37.3,"dose":234.1},"delta_mean_c":-0.01,"delta_dose_pct":0,"distance_mi":0.972,"status_now":"walk","status_rec":"bus_eligible","reason":"Coolest route mean 37.1C exceeds threshold (110 C-min dose, actual 234).","safe_until_hour":"11:00"}},{"type":"Feature","geometry":{"type":"Polygon","coordinates":[[[-81.40795099960684,28.627688999986944],[-81.40794599958397,28.627431000093832],[-81.40794800013211,28.627385999625798],[-81.40744900036484,28.627392999927658],[-81.40671799989563,28.627389999685683],[-81.40658900002421,28.627389999685683],[-81.40654999966614,28.627449999777493],[-81.40642800036572,28.627643999629512],[-81.40656700028289,28.62770900022723],[-81.4066109997655,28.627722000184306],[-81.40664799957543,28.627734000325137],[-81.40673299996425,28.62774599967611],[-81.4072080003404,28.62774599967611],[-81.40740800035694,28.62774599967611],[-81.40753499968024,28.627749999722333],[-81.407624000267,28.627753999768352],[-81.40784699984977,28.627768000322536],[-81.40791600034505,28.627769000136773],[-81.40795099960684,28.627688999986944]]]},"properties":{"block_id":"120950152043008","school_id":"sch_riverside_elementary","kids_est":1,"class":"red","shortest":{"len_m":3979.0,"mean_c":37.28,"peak_c":37.7,"dose":236.3},"coolest":{"len_m":4007.5,"mean_c":37.06,"peak_c":37.2,"dose":226.1},"delta_mean_c":-0.22,"delta_dose_pct":-4,"distance_mi":0.939,"status_now":"walk","status_rec":"bus_eligible","reason":"Coolest route mean 37.1C exceeds threshold (110 C-min dose, actual 226).","safe_until_hour":"11:00"}},{"type":"Feature","geometry":{"type":"Polygon","coordinates":[[[-81.42604699955838,28.635417999611906],[-81.42604499990854,28.634870000363378],[-81.42604099971058,28.634843999853167],[-81.42603900006077,28.63482899970745],[-81.42601800014437,28.63479200039022],[-81.42598600035733,28.63476299982945],[-81.42594399962623,28.634743999892706],[-81.4258990003187,28.63473600033327],[-81.42550199976034,28.634731000016988],[-81.42453600001284,28.634730000269077],[-81.42437199998129,28.634727999984776],[-81.42379899969586,28.634724999952514],[-81.42379799987094,28.634861000278487],[-81.42379799987094,28.635269999941553],[-81.42379799987094,28.635407000091096],[-81.42413000013195,28.63541300011658],[-81.42424700030782,28.63541300011658],[-81.4255970001949,28.635416000129158],[-81.42604699955838,28.635417999611906]]]},"properties":{"block_id":"120950151042019","school_id":"sch_riverside_elementary","kids_est":4,"class":"green","shortest":{"len_m":1477.3,"mean_c":37.15,"peak_c":37.2,"dose":85.0},"coolest":{"len_m":1477.3,"mean_c":37.15,"peak_c":37.2,"dose":85.0},"delta_mean_c":0.0,"delta_dose_pct":0,"distance_mi":0.252,"status_now":"walk","status_rec":"walk","reason":"Shortest route already under threshold (dose 85).","safe_until_hour":null}},{"type":"Feature","geometry":{"type":"Polygon","coordinates":[[[-81.41521499977641,28.64054100024717],[-81.4152130001266,28.640307999881017],[-81.41520399990578,28.640076999968205],[-81.41520399990578,28.640056999719764],[-81.41499100036876,28.64005500032542],[-81.41494000031511,28.640053999839825],[-81.41250999997942,28.640030000009048],[-81.41087800006002,28.640014999816287],[-81.40944699998208,28.640040999833627],[-81.40912200029207,28.640045999896852],[-81.40893700034417,28.64004899977697],[-81.40852300006738,28.640056999719764],[-81.40832600042388,28.64006800032994],[-81.4079909997898,28.640087000091054],[-81.40804199984345,28.640108999727133],[-81.40864199989306,28.640309000364198],[-81.40903400042853,28.640398999659247],[-81.4095320003709,28.640459999890933],[-81.40999799962793,28.640505000271745],[-81.41123200006236,28.640569000307085],[-81.4118610004243,28.640570999691633],[-81.41300799992177,28.640557000057047],[-81.41392099996585,28.640562999788035],[-81.41454299975679,28.64053900007363],[-81.41521499977641,28.64054100024717]]]},"properties":{"block_id":"121170217061034","school_id":"sch_riverside_elementary","kids_est":7,"class":"red","shortest":{"len_m":3202.3,"mean_c":37.13,"peak_c":37.2,"dose":183.6},"coolest":{"len_m":3202.3,"mean_c":37.13,"peak_c":37.2,"dose":183.6},"delta_mean_c":0.0,"delta_dose_pct":0,"distance_mi":0.737,"status_now":"walk","status_rec":"bus_eligible","reason":"Coolest route mean 37.1C exceeds threshold (110 C-min dose, actual 184).","safe_until_hour":"11:00"}},{"type":"Feature","geometry":{"type":"Polygon","coordinates":[[[-81.40889600033628,28.637047999794223],[-81.40889600033628,28.636694000066058],[-81.40881799962015,28.636407999858932],[-81.40881799962015,28.636340999664615],[-81.40881699979525,28.63614700011985],[-81.40881400032052,28.635589999925465],[-81.40881199977237,28.63521499988299],[-81.40880900029765,28.634586000202464],[-81.40871600041123,28.634586000202464],[-81.40872499973375,28.634436999608017],[-81.4087640000918,28.633762000138383],[-81.40878300035838,28.633488000095902],[-81.40878199963514,28.63345800020321],[-81.40878699965802,28.633204999899572],[-81.40878900020616,28.63311899979459],[-81.40879000003108,28.633060000341896],[-81.40865299976373,28.633060000341896],[-81.40836400005871,28.633060000341896],[-81.4083630002338,28.632765999982148],[-81.40831600037815,28.632766999748775],[-81.40807700000353,28.632769999837052],[-81.40748699999966,28.63277900010129],[-81.40730799989952,28.632782000189227],[-81.40724500015033,28.6327829999557],[-81.40697300016376,28.632788000364805],[-81.40635300002265,28.632799999926444],[-81.40568900039894,28.632806000100963],[-81.40501200035641,28.63282399983406],[-81.40501300018133,28.63327600035489],[-81.40500999980826,28.633317000040698],[-81.40498499969392,28.633478999892475],[-81.40495299990687,28.633597999629163],[-81.40489799965528,28.633749000141027],[-81.40498600041714,28.633755000261313],[-81.4051939999313,28.633772000074593],[-81.4052500000078,28.633761000381245],[-81.40533799987134,28.633746000080727],[-81.40531799977984,28.633677000247776],[-81.40531299975699,28.633612999950827],[-81.4053210001529,28.6335319997654],[-81.40537999970414,28.633122999635987],[-81.40540099962053,28.633087000269285],[-81.40543499995572,28.633061000105712],[-81.4054619997199,28.63305000033785],[-81.40550299972777,28.633045999705146],[-81.40576600039182,28.63302499992928],[-81.40647799969614,28.632998999750352],[-81.4068409999193,28.632991000057892],[-81.40687899955411,28.633001000067562],[-81.4069120000644,28.633021000084106],[-81.40692899978283,28.633040000332798],[-81.40717900002808,28.633412000193356],[-81.4071940000967,28.633471000236618],[-81.40718900007383,28.63351100008673],[-81.40717300018031,28.633548999614796],[-81.40714700024104,28.633583000093807],[-81.40709600018741,28.633625000206592],[-81.40694800004941,28.63370199971255],[-81.40692200011014,28.63372699995985],[-81.40691600026236,28.633739000202578],[-81.40690100019374,28.633774000377123],[-81.40689100014801,28.63411700005027],[-81.40688500030022,28.634308999902004],[-81.40686500020873,28.634520999921545],[-81.4068219996527,28.634806999752755],[-81.4067990000865,28.63486800008179],[-81.40678099964482,28.634899000106174],[-81.40703300043822,28.63504199999827],[-81.40708000029389,28.63507800027123],[-81.40712100030176,28.63511900004146],[-81.40716999980727,28.635189000246655],[-81.40719300027179,28.635239999769823],[-81.40720599979228,28.635282999750476],[-81.40721099981513,28.635352999846337],[-81.40721300036327,28.635370000189205],[-81.40721199964005,28.63538399972738],[-81.4072080003404,28.63541300011658],[-81.40720300031752,28.63543100019096],[-81.40719699957144,28.63545600002633],[-81.407179999853,28.635496999648822],[-81.40715800011168,28.635535999774824],[-81.40714100039327,28.635559000105236],[-81.40712999962429,28.63556400038205],[-81.40711700010381,28.635586999917805],[-81.40718999989873,28.635601999955167],[-81.40718800024891,28.635652000326854],[-81.40719200044687,28.635707999894965],[-81.40719200044687,28.635786999713552],[-81.40719300027179,28.63583499973396],[-81.40719300027179,28.63588499999471],[-81.40719300027179,28.635935000231626],[-81.40719300027179,28.636027000384466],[-81.40718099967789,28.636103999704872],[-81.4071389998451,28.63614700011985],[-81.40708000029389,28.636150999845878],[-81.40702300039247,28.636111000213646],[-81.40699499990507,28.63604399982973],[-81.40697800018663,28.63596899993756],[-81.4069620002931,28.63589099999286],[-81.40694399985144,28.635818000254893],[-81.40692499958486,28.635752999948654],[-81.40672200009358,28.635846999735623],[-81.40672700011646,28.63586199973582],[-81.40673799998713,28.635906999723403],[-81.40674999968269,28.635951999691738],[-81.40676200027656,28.63599699964072],[-81.40677300014723,28.636042000358916],[-81.40678999986565,28.636105999962872],[-81.40680499993428,28.63617000031632],[-81.4068219996527,28.63623200037501],[-81.40683599989642,28.63630300035912],[-81.40685000014011,28.636372000042268],[-81.40686100001076,28.636449999629424],[-81.40686500020873,28.636521000254465],[-81.40685599998788,28.636586999815172],[-81.4068219996527,28.636656999829523],[-81.40677499979705,28.6367149998962],[-81.40672200009358,28.63676400000901],[-81.4067010001772,28.636737000239314],[-81.40656899993272,28.63686299989373],[-81.40623500002187,28.637184999987582],[-81.40617599957233,28.63724299976239],[-81.40604800042414,28.637372000342726],[-81.40559300013945,28.63783300002643],[-81.40552100016944,28.63783300002643],[-81.4054630004431,28.63780400030614],[-81.40540499981849,28.637717000308708],[-81.40541599968915,28.637672000308925],[-81.40638700035784,28.63653900013878],[-81.40503800029569,28.635689999868102],[-81.40478999970024,28.6361490003771],[-81.40468199974522,28.636327000254056],[-81.40461300014823,28.636448999897894],[-81.4045679999424,28.636565999959476],[-81.40456000044479,28.636626000324508],[-81.40456200009461,28.63668700038456],[-81.40458399983592,28.636775999904454],[-81.40464199956224,28.636882999962598],[-81.40468599994317,28.636937000208416],[-81.40475799991319,28.636998999813965],[-81.40490199985324,28.6370859996183],[-81.404947999884,28.637136000071358],[-81.40496399977752,28.637164999976285],[-81.40497499964818,28.63719600011051],[-81.40498100039427,28.637261000311284],[-81.40496499960243,28.63732400023698],[-81.40492899961743,28.637379999701203],[-81.404835999731,28.637449999974944],[-81.40531699995495,28.637908000163133],[-81.40574299992728,28.63827700018084],[-81.40619900003688,28.638617999904575],[-81.40640699955101,28.638815000314935],[-81.40651200003131,28.638959999804378],[-81.40660599974265,28.639018999881838],[-81.40665599997136,28.639034999923844],[-81.40671600024581,28.639050000256653],[-81.40679700043667,28.639018999881838],[-81.4068700002316,28.63899799972447],[-81.40697499981358,28.63905199967014],[-81.40698700040745,28.63897599985537],[-81.40698700040745,28.638897999780788],[-81.40695999974497,28.638709000360226],[-81.40696399994293,28.638630000376338],[-81.40699999992795,28.638489000067736],[-81.40705799965426,28.638326000352695],[-81.40711100025602,28.638206999670402],[-81.4071389998451,28.638167000033565],[-81.40716200030965,28.638147000209447],[-81.40720199959429,28.638125000161917],[-81.40725299964792,28.638112999632384],[-81.40730600024969,28.638114999852117],[-81.40733100036405,28.638120999722755],[-81.40749799987032,28.63818300020549],[-81.40757200038847,28.638200000089903],[-81.40774599956742,28.63821799968617],[-81.40813499972985,28.638255000160612],[-81.40818800033162,28.63826100002325],[-81.4083630002338,28.638070999739124],[-81.40853399993803,28.638120999722755],[-81.40871999971087,28.63817500011985],[-81.40889600033628,28.638081999769103],[-81.40889600033628,28.637782000186743],[-81.40889600033628,28.63741500023808],[-81.40889600033628,28.637178000338892],[-81.40889600033628,28.637047999794223]]]},"properties":{"block_id":"120950152031021","school_id":"sch_riverside_elementary","kids_est":8,"class":"red","shortest":{"len_m":3835.5,"mean_c":37.15,"peak_c":37.3,"dose":220.6},"coolest":{"len_m":3835.5,"mean_c":37.15,"peak_c":37.3,"dose":220.6},"delta_mean_c":0.0,"delta_dose_pct":0,"distance_mi":0.87,"status_now":"walk","status_rec":"bus_eligible","reason":"Coolest route mean 37.1C exceeds threshold (110 C-min dose, actual 221).","safe_until_hour":"11:00"}},{"type":"Feature","geometry":{"type":"Polygon","coordinates":[[[-81.42858800022218,28.640279000056392],[-81.42927899961009,28.64016599976621],[-81.42732700002357,28.640199999677964],[-81.42741999990999,28.640317999981857],[-81.4279839999746,28.64031399962624],[-81.42858800022218,28.640279000056392]]]},"properties":{"block_id":"121170217074011","school_id":"sch_riverside_elementary","kids_est":0,"class":"green","shortest":{"len_m":1617.4,"mean_c":37.14,"peak_c":37.2,"dose":93.0},"coolest":{"len_m":1617.4,"mean_c":37.14,"peak_c":37.2,"dose":93.0},"delta_mean_c":0.0,"delta_dose_pct":0,"distance_mi":0.631,"status_now":"walk","status_rec":"walk","reason":"Shortest route already under threshold (dose 93).","safe_until_hour":null}},{"type":"Feature","geometry":{"type":"Polygon","coordinates":[[[-81.40833800011946,28.629632000210165],[-81.4083339999215,28.629257999966875],[-81.40832600042388,28.628205000236292],[-81.40832399987575,28.62813800032432],[-81.40831600037815,28.627765000091273],[-81.40826100012657,28.627765000091273],[-81.40809799991993,28.627768000322536],[-81.40804400039157,28.627769000136773],[-81.4079609996526,28.627769999951006],[-81.40791600034505,28.627769000136773],[-81.40788299983478,28.62784900022556],[-81.40788500038292,28.628143000166215],[-81.40781500006271,28.628143000166215],[-81.40782599993338,28.6292979998457],[-81.4078700003143,28.62929899964537],[-81.40796999987342,28.629575999765276],[-81.40795300015499,28.629660999823397],[-81.40800199966047,28.629648999902866],[-81.40805699991205,28.62964400013271],[-81.40811299998855,28.62963900036225],[-81.40818400013366,28.62963300000664],[-81.40828100021804,28.629632000210165],[-81.40833800011946,28.629632000210165]]]},"properties":{"block_id":"120950152041017","school_id":"sch_riverside_elementary","kids_est":2,"class":"red","shortest":{"len_m":3938.3,"mean_c":37.29,"peak_c":37.7,"dose":234.2},"coolest":{"len_m":3966.8,"mean_c":37.06,"peak_c":37.2,"dose":224.0},"delta_mean_c":-0.23,"delta_dose_pct":-4,"distance_mi":0.86,"status_now":"walk","status_rec":"bus_eligible","reason":"Coolest route mean 37.1C exceeds threshold (110 C-min dose, actual 224).","safe_until_hour":"11:00"}},{"type":"Feature","geometry":{"type":"Polygon","coordinates":[[[-81.42336400040098,28.640662000030098],[-81.42346099958704,28.64053900007363],[-81.42332500004292,28.64054499980565],[-81.42117099989171,28.640730000309503],[-81.41970100035404,28.640769000067237],[-81.41802300040392,28.640769000067237],[-81.4158600000319,28.640772999617088],[-81.41536999958711,28.640792999729022],[-81.41536999958711,28.641088999836537],[-81.41536399973933,28.641447000027934],[-81.41545699962576,28.64229999972068],[-81.41550100000669,28.64309200011876],[-81.41549299961078,28.643884000055916],[-81.41549299961078,28.643898999695388],[-81.41542200036399,28.64471099999981],[-81.41541399996805,28.64480499964461],[-81.4180989996736,28.64482200003268],[-81.41862699975319,28.64479999980821],[-81.41928399970422,28.64463599999632],[-81.41962500018606,28.644496999974194],[-81.42010499968679,28.64413100031112],[-81.42040799963547,28.643777000042466],[-81.42061400039812,28.643388000046485],[-81.42074900011734,28.6431329999109],[-81.4210140004312,28.642690999941838],[-81.42135500001474,28.642338000007744],[-81.42183399969053,28.641971999907227],[-81.42203500043031,28.64188800004002],[-81.42261700003826,28.641643000174607],[-81.42299000030718,28.641446000344025],[-81.42323600035446,28.641209000089663],[-81.42331599982208,28.640837999967005],[-81.42336400040098,28.640662000030098]],[[-81.42108999970087,28.642123000193934],[-81.421092000249,28.642186000353696],[-81.42106799995956,28.6422690003062],[-81.42073800024669,28.642671000191736],[-81.42058199971275,28.642927000331866],[-81.42054300025302,28.6429650003918],[-81.42015800028854,28.64299799972728],[-81.42016400013631,28.643113000245023],[-81.42017099980902,28.643224000392173],[-81.42017199963394,28.64324499970363],[-81.42017500000698,28.64333399996747],[-81.42019099990051,28.643402999756947],[-81.4202679998934,28.643477000189083],[-81.4202679998934,28.643587000287482],[-81.42026399969544,28.64364400001362],[-81.4202479998019,28.643688000154413],[-81.42021500018996,28.64371699982506],[-81.42008899979325,28.64374999971237],[-81.42003199989185,28.64374999971237],[-81.41984100009613,28.643721000050842],[-81.4197549998824,28.64371699982506],[-81.41967799988952,28.64372500027654],[-81.4195430001703,28.64372500027654],[-81.41938499998656,28.643721000050842],[-81.41925000026734,28.64372899971362],[-81.41917300027445,28.643753999936894],[-81.41909499955833,28.643790000374082],[-81.4190140002658,28.643798000031605],[-81.41893700027289,28.643798000031605],[-81.41889899973975,28.643795999920165],[-81.41876700039359,28.643790000374082],[-81.41835800013968,28.643774000268895],[-81.41818200041259,28.64377299981883],[-81.41819199956,28.64308900032565],[-81.41819400010813,28.642958000340286],[-81.41819499993305,28.642927000331866],[-81.41817999986444,28.64274899982636],[-81.41813700020674,28.642219999610788],[-81.41811700011525,28.641959000138645],[-81.41806799971144,28.641346000368515],[-81.41897499990773,28.64131400019855],[-81.41970999967657,28.64124699998352],[-81.42080600001873,28.6411439999696],[-81.42084200000374,28.64122199995118],[-81.42084899967645,28.64185600003538],[-81.42097699972297,28.641974000053438],[-81.42108999970087,28.642123000193934]]]},"properties":{"block_id":"121170217073010","school_id":"sch_riverside_elementary","kids_est":5,"class":"red","shortest":{"len_m":2904.2,"mean_c":37.13,"peak_c":37.2,"dose":167.1},"coolest":{"len_m":2905.0,"mean_c":37.13,"peak_c":37.2,"dose":167.0},"delta_mean_c":0.0,"delta_dose_pct":0,"distance_mi":0.751,"status_now":"walk","status_rec":"bus_eligible","reason":"Coolest route mean 37.1C exceeds threshold (110 C-min dose, actual 167).","safe_until_hour":"12:00"}},{"type":"Feature","geometry":{"type":"Polygon","coordinates":[[[-81.41088800010577,28.643571000151315],[-81.41088800010577,28.64344099964447],[-81.4107490001886,28.64343500007807],[-81.41038599996544,28.643411999897513],[-81.41007600034403,28.643355999711027],[-81.4098620000838,28.64325399985773],[-81.4096589996942,28.643123999746408],[-81.40939400027867,28.642899000112894],[-81.40922500022424,28.64276399962813],[-81.4089599999104,28.64260600018914],[-81.40862699982445,28.64245900008323],[-81.40751700013688,28.64200300019786],[-81.40656599955967,28.641583000313435],[-81.40629699994616,28.641479000157393],[-81.40573500042969,28.64126499984545],[-81.40493500036352,28.640916999865066],[-81.40469400033909,28.64080299978355],[-81.40448500010172,28.640651999962106],[-81.40432199989509,28.640528999993922],[-81.40422099961276,28.640459000197595],[-81.40408500006865,28.640392999918898],[-81.40390000012071,28.64029999995742],[-81.40371500017278,28.64025599997236],[-81.40350799958523,28.640238999632725],[-81.40263300007432,28.640242999991138],[-81.40166099958068,28.640251999614392],[-81.40099500030715,28.64025599997236],[-81.39943799983253,28.6402300000083],[-81.39858699971275,28.640238999632725],[-81.3986050001544,28.64035199984435],[-81.40072499997042,28.64036600029464],[-81.40282899989289,28.640353000327046],[-81.40343800016336,28.640353000327046],[-81.40370199975399,28.640374999907337],[-81.40386900015858,28.640428000239112],[-81.40412899955125,28.64055100032573],[-81.40438800001735,28.640726999660444],[-81.40463499988955,28.640896000087547],[-81.40647000019851,28.641713999650655],[-81.40807000033085,28.64234700023973],[-81.40853200028822,28.642543999955034],[-81.40893800016907,28.642724999823656],[-81.40914599968322,28.6428600003586],[-81.40942199986773,28.64309700003657],[-81.40977199967212,28.643366999975274],[-81.40992400000808,28.64342399982096],[-81.41006899977303,28.643451000234972],[-81.4107490001886,28.643571999814995],[-81.41088800010577,28.643571000151315]]]},"properties":{"block_id":"121170217061030","school_id":"sch_riverside_elementary","kids_est":0,"class":"red","shortest":{"len_m":4363.9,"mean_c":37.14,"peak_c":37.2,"dose":251.6},"coolest":{"len_m":4364.7,"mean_c":37.14,"peak_c":37.2,"dose":251.5},"delta_mean_c":0.0,"delta_dose_pct":0,"distance_mi":1.217,"status_now":"walk","status_rec":"bus_eligible","reason":"Coolest route mean 37.1C exceeds threshold (110 C-min dose, actual 252).","safe_until_hour":"11:00"}},{"type":"Feature","geometry":{"type":"Polygon","coordinates":[[[-81.41957400013246,28.645247000166442],[-81.41956800028467,28.64513000032549],[-81.41954700036827,28.645031000358163],[-81.41942000014666,28.64480499964461],[-81.41883299961752,28.64496699989155],[-81.41826699990308,28.64502300000636],[-81.41815099955213,28.64517399984302],[-81.41795999975642,28.645461999884272],[-81.41928799990218,28.646164999907686],[-81.41951100038325,28.645455999645097],[-81.41957400013246,28.645247000166442]]]},"properties":{"block_id":"121170217073007","school_id":"sch_riverside_elementary","kids_est":8,"class":"red","shortest":{"len_m":2863.2,"mean_c":37.13,"peak_c":37.2,"dose":164.8},"coolest":{"len_m":2864.0,"mean_c":37.13,"peak_c":37.2,"dose":164.7},"delta_mean_c":0.0,"delta_dose_pct":0,"distance_mi":0.84,"status_now":"walk","status_rec":"bus_eligible","reason":"Coolest route mean 37.1C exceeds threshold (110 C-min dose, actual 165).","safe_until_hour":"12:00"}},{"type":"Feature","geometry":{"type":"Polygon","coordinates":[[[-81.42067100029954,28.6400940003341],[-81.42065700005583,28.640006999870362],[-81.42065799988073,28.63985799987813],[-81.42066200007869,28.639570999921144],[-81.42065700005583,28.63953999970029],[-81.42063100011656,28.6394809999158],[-81.42058799956052,28.639430000088748],[-81.42053200038235,28.639390999833246],[-81.42049999969699,28.63937700004121],[-81.4204300002751,28.639361000051377],[-81.42034499988628,28.639360000347573],[-81.42010899988475,28.639360000347573],[-81.41920699971134,28.639353999759425],[-81.41650299973921,28.639337999766017],[-81.41560200028904,28.63933299966904],[-81.4156009995658,28.63959499985699],[-81.41560599958868,28.639884999633118],[-81.4156070003119,28.639964000248806],[-81.41561999983237,28.639988000094757],[-81.41565900019044,28.640030000009048],[-81.41571000024406,28.640058999902486],[-81.41597600038286,28.640058000205336],[-81.41626300043804,28.640058000205336],[-81.41744199972257,28.64007400008889],[-81.41761400015001,28.640076999968205],[-81.41793100034242,28.64007799966518],[-81.41847899961519,28.64007900015055],[-81.41913399991638,28.64008100033279],[-81.41946100015456,28.64007799966518],[-81.42012300012844,28.640082999726634],[-81.42056800036737,28.640087000091054],[-81.42067100029954,28.6400940003341]]]},"properties":{"block_id":"120950151042005","school_id":"sch_riverside_elementary","kids_est":5,"class":"red","shortest":{"len_m":2391.3,"mean_c":37.13,"peak_c":37.2,"dose":137.1},"coolest":{"len_m":2391.3,"mean_c":37.13,"peak_c":37.2,"dose":137.1},"delta_mean_c":0.0,"delta_dose_pct":0,"distance_mi":0.476,"status_now":"walk","status_rec":"bus_eligible","reason":"Coolest route mean 37.1C exceeds threshold (110 C-min dose, actual 137).","safe_until_hour":"13:00"}},{"type":"Feature","geometry":{"type":"Polygon","coordinates":[[[-81.42745000004722,28.626897999846722],[-81.42745199969704,28.626570999812706],[-81.42742999995572,28.62571799999607],[-81.42742300028304,28.625599999833423],[-81.42659599955438,28.62560800008921],[-81.42646800040617,28.625613000051622],[-81.4262800000852,28.62560999975882],[-81.42582700034866,28.625612000216854],[-81.42551099998119,28.62561800001379],[-81.42491299958137,28.625618999848495],[-81.42489699968786,28.625864000067182],[-81.4248580002281,28.626103999775175],[-81.42484099961133,28.62618400034444],[-81.42479299993077,28.626296000092793],[-81.42475100009798,28.62637199962863],[-81.42470800044028,28.62643499978319],[-81.4244780002865,28.62677600013885],[-81.42443599955539,28.62684300013166],[-81.42442800005779,28.626857000018845],[-81.42436199993556,28.626989000215122],[-81.42431799955463,28.627113999925346],[-81.4243019996611,28.627182000310754],[-81.42429099979043,28.62723400039027],[-81.42427800026996,28.627356000354368],[-81.42427900009488,28.62779000017585],[-81.42427999991979,28.62799399988622],[-81.42427800026996,28.62823199983566],[-81.42426900004912,28.628284999992836],[-81.42426499985118,28.628309999953522],[-81.42424300010987,28.628383999991474],[-81.42420999959958,28.628456000361986],[-81.4241679997668,28.628523000070977],[-81.42406599965955,28.62864199990771],[-81.42393299959015,28.62874799978119],[-81.42369199956573,28.628911999984425],[-81.42365999977868,28.628935000189536],[-81.42358500033392,28.628992999793148],[-81.42346700033315,28.629099000100606],[-81.42340200003582,28.62916399979735],[-81.42333699973848,28.629242000011047],[-81.42318100010289,28.6294450002551],[-81.42306399992701,28.629620000286312],[-81.4230060002007,28.629732000310902],[-81.42298199991124,28.62977900015183],[-81.42293000003272,28.629913000203516],[-81.42287800015417,28.630052999627576],[-81.42277100002406,28.63034999986004],[-81.42272300034348,28.630427999980903],[-81.42269400003117,28.630458999739865],[-81.42266499971883,28.630491000066456],[-81.42261000036557,28.630532000051797],[-81.4225769998553,28.630550999962637],[-81.42251699958084,28.630577999747025],[-81.42246300005249,28.630594000287683],[-81.42236400031828,28.63060900025017],[-81.42228300012744,28.630611999611656],[-81.42203700008014,28.63061099982451],[-81.42073099967567,28.63060900025017],[-81.42057199966702,28.630584000048604],[-81.42039199974197,28.630585999623424],[-81.42012399995336,28.630588999774],[-81.42003299971677,28.63058199968534],[-81.41995599972387,28.630559999628726],[-81.41986200001253,28.630505000255575],[-81.41981500015687,28.630465000048236],[-81.41976800030119,28.630408000258704],[-81.41973499979093,28.63034400033356],[-81.41971600042267,28.63027599963122],[-81.4197120002247,28.630240999867063],[-81.41971399987453,28.63000199994908],[-81.41971600042267,28.62986400004557],[-81.41972100044555,28.629564999632134],[-81.4197199997223,28.629520000078927],[-81.41971700024759,28.629078000323418],[-81.41972100044555,28.62872500032355],[-81.41974599966159,28.628625000051915],[-81.4197819996466,28.628555000199395],[-81.41981500015687,28.628511000020346],[-81.41983000022549,28.628491999740216],[-81.41997599981535,28.628351000002308],[-81.4200639996789,28.628273999724353],[-81.42032999981767,28.628040999716905],[-81.42049600039734,28.62789799974718],[-81.42062899956842,28.627824999968805],[-81.42073400004872,28.627782999900447],[-81.4208450003768,28.627753999768352],[-81.42095900017962,28.627739000186295],[-81.42107600035548,28.627736999768796],[-81.42130499978603,28.627739000186295],[-81.42165899978836,28.627743000232773],[-81.42225899983798,28.627739000186295],[-81.422338000379,28.627727000046022],[-81.42239600010534,28.62770799962398],[-81.42244899980876,28.627680999889815],[-81.42249700038768,28.62764500023344],[-81.42255299956585,28.627582000016595],[-81.42259500029697,28.627492999795948],[-81.42260600016762,28.627448000142994],[-81.42261700003826,28.627315999735465],[-81.4226120000154,28.627114999745814],[-81.42259600012186,28.626980000242835],[-81.42257100000751,28.626879999885784],[-81.42253599984741,28.626782999692875],[-81.4224570002047,28.626631000372722],[-81.422294999823,28.626167999920106],[-81.42227999975438,28.6260939998969],[-81.42227599955642,28.626018999990634],[-81.42228599960215,28.62562499964509],[-81.41920000003863,28.625604999796217],[-81.41863599997401,28.62560399996136],[-81.41855399995826,28.62560399996136],[-81.41830799991095,28.62560399996136],[-81.41822599989518,28.62560399996136],[-81.41810200004663,28.62560399996136],[-81.41773399980062,28.625605999631034],[-81.41761099977695,28.6256070002544],[-81.41760599975409,28.62602899987611],[-81.41761999999778,28.626494999632413],[-81.41757700034009,28.626909000259346],[-81.41756200027147,28.627323000041933],[-81.41754700020286,28.627693999850287],[-81.41745299959322,28.627998999734984],[-81.41737300012558,28.628283000374203],[-81.41727100001833,28.628449999938745],[-81.41719200037561,28.628557999619513],[-81.41715499966739,28.62860999980587],[-81.41713100027626,28.628666999783338],[-81.41708199987244,28.628783999847716],[-81.41707500019976,28.628943999994195],[-81.41702400014613,28.629395000079985],[-81.41690100012248,28.62961300013297],[-81.41682099975654,28.629815999659474],[-81.41679900001523,28.630325000385255],[-81.41676200020531,28.630898999630247],[-81.41669699990798,28.63153200002318],[-81.41659499980074,28.632119999736737],[-81.41656300001368,28.63225600028485],[-81.4165150003331,28.632469000278977],[-81.41641400005076,28.632759999805323],[-81.41642800029446,28.633220000277404],[-81.41656999968636,28.63321899972663],[-81.41699900003177,28.633224000114957],[-81.41793299999223,28.63322499987722],[-81.41865900043857,28.63322700019017],[-81.41865600006551,28.63330700006109],[-81.4186550002406,28.63356099987789],[-81.41865299969247,28.634567000233673],[-81.41865000021772,28.634643000088204],[-81.41863199977607,28.63471400035907],[-81.41858800029345,28.634793000137535],[-81.4185289998439,28.63486800008179],[-81.41872700021061,28.6350320001831],[-81.41881699972399,28.635088000082074],[-81.41891399980835,28.635134999889722],[-81.41901000006783,28.635167000367428],[-81.41906000029655,28.63517400015034],[-81.41911200017508,28.635183000208375],[-81.42016400013631,28.635211000121327],[-81.42092700039257,28.635226000212388],[-81.42112200038623,28.635229999973518],[-81.42155000000841,28.635245000061857],[-81.42154800035858,28.635438999697342],[-81.42154599981046,28.635908999985237],[-81.4215349999398,28.635948999694424],[-81.42150499980256,28.63601499961493],[-81.4215009996046,28.63602599986051],[-81.42143500038068,28.63610899995571],[-81.4213800001291,28.63616200007715],[-81.4214439997032,28.636213999649595],[-81.42162600017639,28.636360000100627],[-81.42163899969685,28.636368000324712],[-81.42168100042797,28.636395000189363],[-81.42171200039013,28.63641000011121],[-81.42180399955332,28.63644299993165],[-81.42188499974417,28.63645600038371],[-81.42190400001073,28.636460000097905],[-81.42242399969442,28.636462000349205],[-81.4226050003427,28.636463000080617],[-81.42269800022913,28.636460000097905],[-81.42283999962102,28.63644399966324],[-81.42288700037501,28.63643999994843],[-81.42354299960282,28.636354999861748],[-81.42377799977946,28.63632599973295],[-81.42399700006258,28.63629800011752],[-81.42421399979754,28.63629099962121],[-81.4245209999442,28.636289000155102],[-81.42585800031081,28.636283999912827],[-81.42596100024298,28.63630100010486],[-81.42603499986281,28.63632599973295],[-81.4261040003581,28.636360000100627],[-81.42633399961356,28.63651500029234],[-81.42646900023108,28.63658000012655],[-81.42661300017113,28.636624999806266],[-81.42667300044558,28.636635999987842],[-81.42671299973024,28.636644000190806],[-81.42681400001257,28.63665300012283],[-81.42741800026016,28.636653999852424],[-81.42741800026016,28.636527000216248],[-81.42741800026016,28.636147999854252],[-81.42741800026016,28.6360220001297],[-81.42741900008508,28.635773999967057],[-81.42741999990999,28.63555099981946],[-81.42742199955981,28.635079999760414],[-81.42742199955981,28.635032999928136],[-81.42742400010795,28.63493399989375],[-81.42742499993285,28.63478700007661],[-81.42742499993285,28.63458199962837],[-81.42742599975777,28.633966999823123],[-81.42742699958269,28.63376299989552],[-81.42742699958269,28.63365700035627],[-81.4274280003059,28.633339000307785],[-81.42742900013081,28.63323400010248],[-81.42742900013081,28.63314299962927],[-81.42742999995572,28.632871999632908],[-81.42743099978065,28.632782000189227],[-81.42743099978065,28.63269299964721],[-81.42743099978065,28.632429000031703],[-81.42743099978065,28.63234099974948],[-81.42730799975698,28.63234099974948],[-81.42693899968604,28.63234099974948],[-81.42681599966241,28.63234099974948],[-81.42662200039196,28.632339999978797],[-81.42603999988569,28.632337999648925],[-81.42584599971693,28.632337999648925],[-81.42552199985184,28.632342000308626],[-81.42524900004035,28.63234099974948],[-81.42345999976212,28.632336000107554],[-81.42286399991049,28.63233500033683],[-81.42286399991049,28.632152000345368],[-81.42286499973538,28.631836000018215],[-81.42286800010844,28.631603999811094],[-81.4228720003064,28.631421999901377],[-81.42343899984576,28.6314229996808],[-81.42514299973514,28.63142599980745],[-81.42517000039764,28.631427000375325],[-81.42527599980453,28.631421999901377],[-81.42536500039131,28.631403000148225],[-81.42543499981319,28.631379999695415],[-81.4255059999583,28.631346000079567],[-81.42566800034001,28.631242999807924],[-81.42582499980053,28.631138999653064],[-81.42583800021931,28.631130999818843],[-81.42607199967274,28.630970000068693],[-81.42622900003157,28.630849999932625],[-81.42627400023741,28.630798999852974],[-81.42631199987225,28.630758999757692],[-81.42638999969006,28.6306509999762],[-81.42660200030046,28.630352000227795],[-81.42662999988957,28.63030899980366],[-81.42675000043846,28.630129000385622],[-81.4268089999897,28.630004000323478],[-81.42684999999759,28.62987400035319],[-81.42686800043926,28.629784999710598],[-81.42687699976177,28.62969499998509],[-81.42687000008907,28.629114000276818],[-81.42686599989112,28.62869700025709],[-81.42697800004412,28.628694000052377],[-81.42699499976256,28.628694000052377],[-81.42731600015291,28.628694000052377],[-81.42742900013081,28.628694999857796],[-81.42742900013081,28.628526000280573],[-81.42743099978065,28.628019999728032],[-81.42743199960555,28.62785199966592],[-81.42743900017656,28.627583999648536],[-81.42744599984925,28.627317000342458],[-81.4274490002223,28.62721199963193],[-81.42745000004722,28.626897999846722]],[[-81.42683400010407,28.634225000207245],[-81.4268299999061,28.63478499979338],[-81.42682800025628,28.635048000044616],[-81.42682700043137,28.635226999955567],[-81.42682200040849,28.635257000131],[-81.42679800011906,28.635312000167538],[-81.4267799996774,28.635337000031267],[-81.42673199999682,28.635379000230433],[-81.42667199972237,28.635407000091096],[-81.42660599960011,28.635419000141717],[-81.42631000022241,28.635417999611906],[-81.42604699955838,28.635417999611906],[-81.4255970001949,28.635416000129158],[-81.42424700030782,28.63541300011658],[-81.42413000013195,28.63541300011658],[-81.42379799987094,28.635407000091096],[-81.42379799987094,28.635269999941553],[-81.42379799987094,28.634861000278487],[-81.42379899969586,28.634724999952514],[-81.42379899969586,28.634554000336035],[-81.4237879998252,28.63449899990227],[-81.4237669999088,28.634447000268352],[-81.42372000005314,28.634365000186808],[-81.42369400011387,28.63428600008613],[-81.42368499989303,28.63420399987878],[-81.42368900009099,28.63414900004998],[-81.42370099978656,28.634113000246764],[-81.4237240002511,28.6340819999902],[-81.42375600003814,28.634056999827486],[-81.42379399967298,28.63404099981479],[-81.42383600040408,28.634033999956323],[-81.42392400026763,28.634033999956323],[-81.42608799956626,28.634046000163945],[-81.42658899988167,28.634044999621107],[-81.42662200039196,28.634044999621107],[-81.42667599992033,28.634056000073148],[-81.42674000039273,28.63408800009144],[-81.42678499970027,28.63413099975568],[-81.42681999986037,28.63418799988856],[-81.42683400010407,28.634225000207245]],[[-81.4262109995899,28.625881000370086],[-81.4262109995899,28.625929000190144],[-81.4262109995899,28.625978999650766],[-81.4262109995899,28.626032999987697],[-81.4262109995899,28.626087000296923],[-81.426209999765,28.626140999789772],[-81.42620800011518,28.6261919997672],[-81.42620700029026,28.626273000097893],[-81.42620800011518,28.626328000111556],[-81.42620599956705,28.626366999702388],[-81.42578299996772,28.62636800031848],[-81.42577100027218,28.626319000082656],[-81.42577100027218,28.626238999616263],[-81.42577100027218,28.626148000174673],[-81.42577100027218,28.62605400037408],[-81.42576899972404,28.62596899976053],[-81.42576399970116,28.625887000151646],[-81.42577399974691,28.625806000311638],[-81.42581499975478,28.625743999613107],[-81.42589299957258,28.62571600032852],[-81.42598700018225,28.62571399987242],[-81.42607900024375,28.62571600032852],[-81.4261600004346,28.625736999989797],[-81.42620399991722,28.62579800007099],[-81.4262109995899,28.625881000370086]]]},"properties":{"block_id":"120950151042012","school_id":"sch_riverside_elementary","kids_est":54,"class":"red","shortest":{"len_m":2554.0,"mean_c":37.44,"peak_c":37.7,"dose":157.1},"coolest":{"len_m":2554.0,"mean_c":37.44,"peak_c":37.7,"dose":157.1},"delta_mean_c":0.0,"delta_dose_pct":0,"distance_mi":0.221,"status_now":"walk","status_rec":"bus_eligible","reason":"Coolest route mean 37.4C exceeds threshold (110 C-min dose, actual 157).","safe_until_hour":"13:00"}},{"type":"Feature","geometry":{"type":"Polygon","coordinates":[[[-81.42084899967645,28.64185600003538],[-81.42084200000374,28.64122199995118],[-81.42080600001873,28.6411439999696],[-81.41970999967657,28.64124699998352],[-81.41971899989741,28.641846000081216],[-81.42084899967645,28.64185600003538]]]},"properties":{"block_id":"121170217073013","school_id":"sch_riverside_elementary","kids_est":3,"class":"red","shortest":{"len_m":2262.3,"mean_c":37.14,"peak_c":37.2,"dose":130.3},"coolest":{"len_m":2263.1,"mean_c":37.14,"peak_c":37.2,"dose":130.2},"delta_mean_c":0.0,"delta_dose_pct":0,"distance_mi":0.564,"status_now":"walk","status_rec":"bus_eligible","reason":"Coolest route mean 37.1C exceeds threshold (110 C-min dose, actual 130).","safe_until_hour":"13:00"}},{"type":"Feature","geometry":{"type":"Polygon","coordinates":[[[-81.421092000249,28.642186000353696],[-81.42108999970087,28.642123000193934],[-81.42097699972297,28.641974000053438],[-81.42084899967645,28.64185600003538],[-81.41971899989741,28.641846000081216],[-81.4197330001411,28.642746999694918],[-81.41993999983033,28.642741999760418],[-81.42006500040212,28.64275300008905],[-81.42008600031853,28.642774999954458],[-81.420098999839,28.64278900008138],[-81.42012399995336,28.64281599987045],[-81.42013200034927,28.64286500028749],[-81.4201559997404,28.642958000340286],[-81.42015800028854,28.64299799972728],[-81.42054300025302,28.6429650003918],[-81.42058199971275,28.642927000331866],[-81.42073800024669,28.642671000191736],[-81.42106799995956,28.6422690003062],[-81.421092000249,28.642186000353696]]]},"properties":{"block_id":"121170217073011","school_id":"sch_riverside_elementary","kids_est":7,"class":"red","shortest":{"len_m":2460.8,"mean_c":37.14,"peak_c":37.2,"dose":141.6},"coolest":{"len_m":2461.6,"mean_c":37.14,"peak_c":37.2,"dose":141.5},"delta_mean_c":0.0,"delta_dose_pct":0,"distance_mi":0.619,"status_now":"walk","status_rec":"bus_eligible","reason":"Coolest route mean 37.1C exceeds threshold (110 C-min dose, actual 142).","safe_until_hour":"13:00"}},{"type":"Feature","geometry":{"type":"Polygon","coordinates":[[[-81.40281100034954,28.635983000184325],[-81.40283599956558,28.63596299994386],[-81.40224999975968,28.635401000065272],[-81.40123200013362,28.634406000235558],[-81.39904100017249,28.63240299970511],[-81.3988310001102,28.63221100030853],[-81.3985209995905,28.631979000141918],[-81.3985209995905,28.632336999878213],[-81.39882299971428,28.632623000142402],[-81.40087300010842,28.634504000229594],[-81.40166999980153,28.635229999973518],[-81.40263999974701,28.63611499994105],[-81.40272299958768,28.636057000331178],[-81.40281100034954,28.635983000184325]]]},"properties":{"block_id":"120950152031006","school_id":"sch_riverside_elementary","kids_est":0,"class":"red","shortest":{"len_m":4223.2,"mean_c":37.14,"peak_c":37.3,"dose":243.2},"coolest":{"len_m":4227.6,"mean_c":37.14,"peak_c":37.2,"dose":243.0},"delta_mean_c":0.0,"delta_dose_pct":0,"distance_mi":1.255,"status_now":"walk","status_rec":"bus_eligible","reason":"Coolest route mean 37.1C exceeds threshold (110 C-min dose, actual 243).","safe_until_hour":"11:00"}},{"type":"Feature","geometry":{"type":"Polygon","coordinates":[[[-81.4097220003417,28.639797999784488],[-81.4097220003417,28.63920999973131],[-81.40953300019582,28.639174000087596],[-81.40930899988984,28.639158999772523],[-81.40931200026289,28.639807999933872],[-81.4097220003417,28.639797999784488]]]},"properties":{"block_id":"120950152031014","school_id":"sch_riverside_elementary","kids_est":3,"class":"red","shortest":{"len_m":4092.7,"mean_c":37.15,"peak_c":37.2,"dose":235.7},"coolest":{"len_m":4092.7,"mean_c":37.15,"peak_c":37.2,"dose":235.7},"delta_mean_c":0.0,"delta_dose_pct":0,"distance_mi":0.827,"status_now":"walk","status_rec":"bus_eligible","reason":"Coolest route mean 37.1C exceeds threshold (110 C-min dose, actual 236).","safe_until_hour":"11:00"}},{"type":"Feature","geometry":{"type":"Polygon","coordinates":[[[-81.40656899993272,28.63686299989373],[-81.4067010001772,28.636737000239314],[-81.40638700035784,28.63653900013878],[-81.40541599968915,28.637672000308925],[-81.40540499981849,28.637717000308708],[-81.4054630004431,28.63780400030614],[-81.40552100016944,28.63783300002643],[-81.40559300013945,28.63783300002643],[-81.40604800042414,28.637372000342726],[-81.40617599957233,28.63724299976239],[-81.40623500002187,28.637184999987582],[-81.40656899993272,28.63686299989373]]]},"properties":{"block_id":"120950152031023","school_id":"sch_riverside_elementary","kids_est":5,"class":"red","shortest":{"len_m":3961.0,"mean_c":37.15,"peak_c":37.3,"dose":228.0},"coolest":{"len_m":3961.0,"mean_c":37.15,"peak_c":37.3,"dose":228.0},"delta_mean_c":0.0,"delta_dose_pct":0,"distance_mi":0.959,"status_now":"walk","status_rec":"bus_eligible","reason":"Coolest route mean 37.1C exceeds threshold (110 C-min dose, actual 228).","safe_until_hour":"11:00"}},{"type":"Feature","geometry":{"type":"Polygon","coordinates":[[[-81.40501300018133,28.63327600035489],[-81.40501200035641,28.63282399983406],[-81.40473299979884,28.632832000327728],[-81.40418499962774,28.632836999946015],[-81.40361200024063,28.632826999920724],[-81.40315500030613,28.632825000388614],[-81.40243399988267,28.63283300009372],[-81.40244099955538,28.633392000251394],[-81.40244300010352,28.633413999714286],[-81.40245099960113,28.633484000268425],[-81.40247400006565,28.633573000139606],[-81.40252599994419,28.63368599964581],[-81.40259299989134,28.633765000198174],[-81.40264399994497,28.633813000355076],[-81.40273199980852,28.63387399968501],[-81.40282499969494,28.633921000036395],[-81.40291599993154,28.633954999606466],[-81.40301100036609,28.63397999979348],[-81.40322599955292,28.63400899978217],[-81.40333900042916,28.63403799976291],[-81.40347999999614,28.634098999750503],[-81.40379800001347,28.634324000122042],[-81.40392199986202,28.634412000318274],[-81.40427699968926,28.634655000226186],[-81.40443099967504,28.634495000113255],[-81.40444400009385,28.634482999956976],[-81.40458800003388,28.6343119999462],[-81.40469199979097,28.63416800009444],[-81.40478200020264,28.634011000080182],[-81.40480899996682,28.633952000340514],[-81.40485900019553,28.633849000261204],[-81.40489799965528,28.633749000141027],[-81.40495299990687,28.633597999629163],[-81.40498499969392,28.633478999892475],[-81.40500999980826,28.633317000040698],[-81.40501300018133,28.63327600035489]]]},"properties":{"block_id":"120950152031027","school_id":"sch_riverside_elementary","kids_est":0,"class":"red","shortest":{"len_m":3968.6,"mean_c":37.15,"peak_c":37.3,"dose":229.2},"coolest":{"len_m":3973.6,"mean_c":37.15,"peak_c":37.3,"dose":228.9},"delta_mean_c":0.0,"delta_dose_pct":0,"distance_mi":1.059,"status_now":"walk","status_rec":"bus_eligible","reason":"Coolest route mean 37.1C exceeds threshold (110 C-min dose, actual 229).","safe_until_hour":"11:00"}},{"type":"Feature","geometry":{"type":"Polygon","coordinates":[[[-81.42741599971203,28.63688800017639],[-81.42741800026016,28.636653999852424],[-81.42681400001257,28.63665300012283],[-81.42671299973024,28.636644000190806],[-81.42667300044558,28.636635999987842],[-81.42661300017113,28.636624999806266],[-81.42646900023108,28.63658000012655],[-81.42633399961356,28.63651500029234],[-81.4261040003581,28.636360000100627],[-81.42603499986281,28.63632599973295],[-81.42596100024298,28.63630100010486],[-81.42585800031081,28.636283999912827],[-81.4245209999442,28.636289000155102],[-81.42421399979754,28.63629099962121],[-81.42399700006258,28.63629800011752],[-81.42377799977946,28.63632599973295],[-81.42377199993167,28.636577999877552],[-81.42377299975658,28.636630999762104],[-81.42377600012964,28.636699000288793],[-81.42377299975658,28.637058000205712],[-81.42377199993167,28.637170000176578],[-81.42377199993167,28.6371980003477],[-81.42377500030472,28.637548000279722],[-81.42377799977946,28.637853999628614],[-81.42356699989226,28.637853999628614],[-81.42293699970541,28.637853999628614],[-81.42272699964312,28.637855000135204],[-81.42251800030408,28.637855000135204],[-81.42208200028597,28.637857000359833],[-81.42189200031518,28.637853999628614],[-81.42168399990271,28.63785099968567],[-81.42168300007779,28.63756099980643],[-81.42168300007779,28.63742499982621],[-81.42168399990271,28.637315000362513],[-81.42168399990271,28.637288999669696],[-81.42168800010067,28.636766999983042],[-81.42168599955254,28.636694000066058],[-81.42168300007779,28.636519000004302],[-81.42169099957542,28.636463000080617],[-81.42171200039013,28.63641000011121],[-81.42168100042797,28.636395000189363],[-81.42163899969685,28.636368000324712],[-81.42162600017639,28.636360000100627],[-81.4214439997032,28.636213999649595],[-81.4213800001291,28.63616200007715],[-81.42131900002973,28.63611499994105],[-81.42125399973241,28.636070999777754],[-81.4211759999146,28.636031999850598],[-81.42108999970087,28.636007999888186],[-81.42100100001241,28.63599800016502],[-81.42070899993436,28.63599599990487],[-81.4199449998532,28.635993999644757],[-81.41986500038558,28.635993999644757],[-81.41890200011281,28.635989999912734],[-81.41856999985178,28.635987999652492],[-81.41785799964917,28.635986000180623],[-81.41727199984325,28.63597700019144],[-81.41551299970226,28.635948999694424],[-81.41526099980717,28.63594499996075],[-81.41512299971492,28.635945999697082],[-81.41515600022518,28.63633999993203],[-81.41520100043103,28.63687499977784],[-81.41520899992864,28.636974000346214],[-81.4153040003632,28.63779199973984],[-81.41561099961153,28.637783999624393],[-81.41617399985125,28.637785999850383],[-81.41847299976739,28.63779600019161],[-81.41912600041879,28.63779999985474],[-81.42011100043288,28.637807999969016],[-81.42010100038713,28.637942000018196],[-81.42011300008271,28.63850500019057],[-81.42011200025779,28.63863499971844],[-81.42010999970965,28.638778999747316],[-81.42010700023494,28.639016999679292],[-81.42010800005983,28.63921400012896],[-81.42010899988475,28.639360000347573],[-81.42034499988628,28.639360000347573],[-81.4204300002751,28.639361000051377],[-81.42049999969699,28.63937700004121],[-81.42053200038235,28.639390999833246],[-81.42058799956052,28.639430000088748],[-81.42063100011656,28.6394809999158],[-81.42065700005583,28.63953999970029],[-81.42066200007869,28.639570999921144],[-81.42065799988073,28.63985799987813],[-81.42065700005583,28.640006999870362],[-81.42067100029954,28.6400940003341],[-81.42099599998954,28.640102000273448],[-81.42137500010622,28.640100000091536],[-81.42299399960683,28.64009599972769],[-81.42348900007445,28.640097000212894],[-81.423985000367,28.640098999606433],[-81.42419399970606,28.640105000151962],[-81.42419500042928,28.640133000328248],[-81.42527800035266,28.64012999966213],[-81.42732700002357,28.640199999677964],[-81.42739099959768,28.63962899995379],[-81.42739200032088,28.63926799996352],[-81.42740700038951,28.639145999655362],[-81.42740700038951,28.639008999657264],[-81.42740599966629,28.63894500024713],[-81.42740599966629,28.63875399991524],[-81.42740599966629,28.638691000059744],[-81.42740999986425,28.63856899986909],[-81.42740999986425,28.638516999886875],[-81.42740999986425,28.63799700022417],[-81.42741099968914,28.63782400019569],[-81.42741200041239,28.63758899987322],[-81.42741599971203,28.63688800017639]]]},"properties":{"block_id":"120950151042002","school_id":"sch_riverside_elementary","kids_est":9,"class":"red","shortest":{"len_m":1940.4,"mean_c":37.14,"peak_c":37.2,"dose":111.2},"coolest":{"len_m":1940.4,"mean_c":37.14,"peak_c":37.2,"dose":111.2},"delta_mean_c":0.0,"delta_dose_pct":0,"distance_mi":0.32,"status_now":"walk","status_rec":"bus_eligible","reason":"Coolest route mean 37.1C exceeds threshold (110 C-min dose, actual 111).","safe_until_hour":"14:00"}}]}