{"type":"FeatureCollection","features":[{"type":"Feature","geometry":{"type":"Polygon","coordinates":[[[-81.39974099978123,28.571928999660656],[-81.39973699958325,28.571746000153926],[-81.39972499988771,28.57119800007653],[-81.39972099968975,28.571015999652673],[-81.39930899996108,28.571020000280846],[-81.39807600024989,28.571035999636607],[-81.39766500034615,28.571040999829226],[-81.3976679998209,28.571223000209844],[-81.39767799986663,28.571771999715224],[-81.39768200006459,28.571954999965662],[-81.39809299996833,28.571949000259966],[-81.39932900005259,28.571933000254177],[-81.39974099978123,28.571928999660656]]]},"properties":{"block_id":"120950126004025","school_id":"sch_lake_silver_elementary","kids_est":4,"class":"green","shortest":{"len_m":715.7,"mean_c":37.5,"peak_c":37.5,"dose":44.7},"coolest":{"len_m":715.7,"mean_c":37.5,"peak_c":37.5,"dose":44.7},"delta_mean_c":0.0,"delta_dose_pct":0,"distance_mi":0.206,"status_now":"walk","status_rec":"walk","reason":"Shortest route already under threshold (dose 45).","safe_until_hour":null}},{"type":"Feature","geometry":{"type":"Polygon","coordinates":[[[-81.39564900028721,28.57289100035571],[-81.39564400026434,28.57270899970486],[-81.39562900019573,28.572162999807748],[-81.39562699964759,28.572066000376328],[-81.39562900019573,28.571981000264252],[-81.39489699990162,28.571992999671647],[-81.39357499960364,28.572006999767463],[-81.39358999967226,28.572919999853806],[-81.394000999576,28.57291400020315],[-81.39523699966024,28.57289599967125],[-81.39564900028721,28.57289100035571]]]},"properties":{"block_id":"120950126001014","school_id":"sch_lake_silver_elementary","kids_est":7,"class":"green","shortest":{"len_m":754.6,"mean_c":37.5,"peak_c":37.6,"dose":47.4},"coolest":{"len_m":754.6,"mean_c":37.5,"peak_c":37.6,"dose":47.4},"delta_mean_c":0.0,"delta_dose_pct":0,"distance_mi":0.403,"status_now":"walk","status_rec":"walk","reason":"Shortest route already under threshold (dose 47).","safe_until_hour":null}},{"type":"Feature","geometry":{"type":"Polygon","coordinates":[[[-81.40535899978774,28.57822800011569],[-81.40535799996282,28.57821500034474],[-81.40535499958978,28.57817800001692],[-81.40535399976486,28.578165999737237],[-81.40533899969624,28.577983000035843],[-81.40533799987134,28.57796400008308],[-81.40531500030511,28.577839999767335],[-81.40528299961974,28.57774699963178],[-81.40514200005275,28.577476999790377],[-81.40505800038716,28.577315000341677],[-81.40503400009773,28.57731899994149],[-81.40497999967104,28.57733100031781],[-81.4049620001277,28.57733100031781],[-81.40493799983825,28.577331999823173],[-81.40347800034631,28.57735200018418],[-81.40298799990155,28.577361999968808],[-81.40299399974934,28.577826999948435],[-81.40299799994729,28.578085999678475],[-81.4029970001224,28.578174999947127],[-81.40299600029748,28.578187999723024],[-81.40299600029748,28.578214000058868],[-81.40299600029748,28.57822399976155],[-81.40299600029748,28.578253999652766],[-81.40317799987234,28.578251000374017],[-81.40372299967039,28.578245000238525],[-81.40390599996849,28.578242999667353],[-81.40410099996215,28.578240999885022],[-81.40468599994317,28.57823400025217],[-81.40488199976176,28.57823299996649],[-81.40497700019631,28.578231999680785],[-81.40526300042659,28.57822800011569],[-81.40535899978774,28.57822800011569]]]},"properties":{"block_id":"120950126004005","school_id":"sch_lake_silver_elementary","kids_est":0,"class":"green","shortest":{"len_m":592.6,"mean_c":37.48,"peak_c":37.5,"dose":36.6},"coolest":{"len_m":592.6,"mean_c":37.48,"peak_c":37.5,"dose":36.6},"delta_mean_c":0.0,"delta_dose_pct":0,"distance_mi":0.342,"status_now":"walk","status_rec":"walk","reason":"Shortest route already under threshold (dose 37).","safe_until_hour":null}},{"type":"Feature","geometry":{"type":"Polygon","coordinates":[[[-81.40186599962011,28.574718999989425],[-81.4018649997952,28.574693000367503],[-81.40184899990167,28.573972999909827],[-81.40181399974156,28.57282300033141],[-81.40163399981651,28.572825000216714],[-81.40066399987106,28.572834000094666],[-81.4002720002339,28.572842999971893],[-81.39986200015505,28.57284400030877],[-81.39975500002494,28.572839999749945],[-81.3993440001212,28.57284400030877],[-81.3981120002349,28.572860000176078],[-81.39770200015607,28.572865999829816],[-81.39770700017894,28.57303900034944],[-81.39771200020182,28.573173999741037],[-81.3977180000496,28.57355800020138],[-81.39772100042264,28.57373199991156],[-81.3977239998974,28.57391699977288],[-81.39773300011822,28.574473000093057],[-81.39773499976805,28.574550999891553],[-81.39775099966157,28.57460199966792],[-81.39778300034693,28.57464600033671],[-81.39782900037768,28.574623999610182],[-81.3978650003627,28.5746160002054],[-81.39812899995334,28.574606999691056],[-81.39821699981688,28.574604999839554],[-81.39854400005503,28.57459600011311],[-81.3992110000518,28.574591000089452],[-81.39931900000684,28.574604999839554],[-81.3994069998704,28.574628999632278],[-81.39958199977256,28.574712000122194],[-81.39961600010777,28.574724000007016],[-81.39970999981908,28.574740999907238],[-81.39983100019292,28.574745999923774],[-81.40162100029606,28.574722000157777],[-81.40186599962011,28.574718999989425]]]},"properties":{"block_id":"120950126004019","school_id":"sch_lake_silver_elementary","kids_est":12,"class":"green","shortest":{"len_m":779.2,"mean_c":37.52,"peak_c":37.6,"dose":49.0},"coolest":{"len_m":779.2,"mean_c":37.52,"peak_c":37.6,"dose":49.0},"delta_mean_c":0.0,"delta_dose_pct":0,"distance_mi":0.079,"status_now":"walk","status_rec":"walk","reason":"Shortest route already under threshold (dose 49).","safe_until_hour":null}},{"type":"Feature","geometry":{"type":"Polygon","coordinates":[[[-81.40466900022474,28.575445000370223],[-81.40465499998103,28.575412000318188],[-81.40463200041481,28.575348000020387],[-81.40461599962298,28.575301999806953],[-81.40456399974444,28.57515899983813],[-81.40455500042191,28.575133999851225],[-81.40453799980516,28.575068000330567],[-81.40463300023973,28.575067000014773],[-81.40460700030046,28.574968000260746],[-81.40456100026971,28.57478799989553],[-81.4045060000181,28.57457400016498],[-81.40447300040616,28.574442999912396],[-81.40438800001735,28.57411000033053],[-81.40413399957413,28.573110999993883],[-81.40404999990855,28.572778999688992],[-81.40332699983526,28.572780000026544],[-81.40259999956403,28.57278399979878],[-81.40181399974156,28.57280499978394],[-81.40181399974156,28.57282300033141],[-81.40184899990167,28.573972999909827],[-81.40322499972801,28.573955000348047],[-81.40361600043859,28.57394399991307],[-81.40368699968538,28.573955000348047],[-81.40375600018068,28.573981999689565],[-81.40380399986124,28.57401700005286],[-81.40384099967116,28.574063000039324],[-81.40385200044012,28.5740909996782],[-81.40386199958756,28.574115000377063],[-81.40396200004498,28.574525000228103],[-81.40399800003,28.574670000120094],[-81.40401499974843,28.574737000209403],[-81.40406599980206,28.57494000006638],[-81.40408400024373,28.575008000300077],[-81.40408800044169,28.575035999687447],[-81.40410299961198,28.575120000171516],[-81.40410799963486,28.575148999844096],[-81.40414100014513,28.575331000218252],[-81.40416100023663,28.575437999762393],[-81.40418499962774,28.575526999904888],[-81.40422099961276,28.575624999611268],[-81.40429699978075,28.575597999902524],[-81.4043360001388,28.5755819996628],[-81.40466900022474,28.575445000370223]]]},"properties":{"block_id":"120950126004009","school_id":"sch_lake_silver_elementary","kids_est":0,"class":"green","shortest":{"len_m":337.6,"mean_c":37.5,"peak_c":37.5,"dose":21.0},"coolest":{"len_m":337.6,"mean_c":37.5,"peak_c":37.5,"dose":21.0},"delta_mean_c":0.0,"delta_dose_pct":0,"distance_mi":0.133,"status_now":"walk","status_rec":"walk","reason":"Shortest route already under threshold (dose 21).","safe_until_hour":null}},{"type":"Feature","geometry":{"type":"Polygon","coordinates":[[[-81.40352900039994,28.5762500001068],[-81.40351699980607,28.57576900004457],[-81.40304900000092,28.575775999841476],[-81.40296699998515,28.575777000150527],[-81.40296699998515,28.575900000223655],[-81.40296699998515,28.575936999775028],[-81.40296899963498,28.576023999670806],[-81.40297399965785,28.57625899969175],[-81.40352900039994,28.5762500001068]]]},"properties":{"block_id":"120950126004043","school_id":"sch_lake_silver_elementary","kids_est":0,"class":"green","shortest":{"len_m":361.3,"mean_c":37.5,"peak_c":37.5,"dose":22.5},"coolest":{"len_m":361.4,"mean_c":37.5,"peak_c":37.5,"dose":22.4},"delta_mean_c":0.0,"delta_dose_pct":0,"distance_mi":0.211,"status_now":"walk","status_rec":"walk","reason":"Shortest route already under threshold (dose 22).","safe_until_hour":null}},{"type":"Feature","geometry":{"type":"Polygon","coordinates":[[[-81.40141600025663,28.56737099964705],[-81.4013710000508,28.567297000029022],[-81.4012370001565,28.56707500007378],[-81.40119299977555,28.56700100024759],[-81.40113500004924,28.567009000231348],[-81.4007740003742,28.56701399982637],[-81.39951800019847,28.567033000178814],[-81.39909999972373,28.567039999767978],[-81.39909999972373,28.567391000323823],[-81.39964799989482,28.567395999900704],[-81.40000100007224,28.567399000277877],[-81.40006700019447,28.567399999877665],[-81.40106300007922,28.567385999957747],[-81.40134000008864,28.56738300036916],[-81.40141600025663,28.56737099964705]]]},"properties":{"block_id":"120950126003005","school_id":"sch_lake_silver_elementary","kids_est":0,"class":"green","shortest":{"len_m":935.3,"mean_c":37.47,"peak_c":37.5,"dose":57.9},"coolest":{"len_m":935.3,"mean_c":37.47,"peak_c":37.5,"dose":57.9},"delta_mean_c":0.0,"delta_dose_pct":0,"distance_mi":0.442,"status_now":"walk","status_rec":"walk","reason":"Shortest route already under threshold (dose 58).","safe_until_hour":null}},{"type":"Feature","geometry":{"type":"Polygon","coordinates":[[[-81.39975500002494,28.572839999749945],[-81.39975199965188,28.572657000249954],[-81.39974300032938,28.57211100008298],[-81.39974099978123,28.571928999660656],[-81.39932900005259,28.571933000254177],[-81.39809299996833,28.571949000259966],[-81.39768200006459,28.571954999965662],[-81.39768500043765,28.572137000343073],[-81.39769200011034,28.572538000111166],[-81.39769600030829,28.572683000375054],[-81.39770200015607,28.572865999829816],[-81.3981120002349,28.572860000176078],[-81.3993440001212,28.57284400030877],[-81.39975500002494,28.572839999749945]]]},"properties":{"block_id":"120950126004024","school_id":"sch_lake_silver_elementary","kids_est":2,"class":"green","shortest":{"len_m":531.4,"mean_c":37.5,"peak_c":37.5,"dose":33.2},"coolest":{"len_m":531.4,"mean_c":37.5,"peak_c":37.5,"dose":33.2},"delta_mean_c":0.0,"delta_dose_pct":0,"distance_mi":0.167,"status_now":"walk","status_rec":"walk","reason":"Shortest route already under threshold (dose 33).","safe_until_hour":null}},{"type":"Feature","geometry":{"type":"Polygon","coordinates":[[[-81.39966700016139,28.568283000134112],[-81.39966600033647,28.56824200031304],[-81.39966299996343,28.568118999965048],[-81.39966299996343,28.568078000080074],[-81.39965999959037,28.5679409996943],[-81.39965100026787,28.56753199981968],[-81.39964799989482,28.567395999900704],[-81.39909999972373,28.567391000323823],[-81.39873599967567,28.567385999957747],[-81.39758800035327,28.567393999912184],[-81.39760699972153,28.568306999791076],[-81.3992949997174,28.568289999640125],[-81.39966700016139,28.568283000134112]]]},"properties":{"block_id":"120950126004042","school_id":"sch_lake_silver_elementary","kids_est":5,"class":"green","shortest":{"len_m":988.3,"mean_c":37.46,"peak_c":37.5,"dose":61.1},"coolest":{"len_m":988.3,"mean_c":37.46,"peak_c":37.5,"dose":61.1},"delta_mean_c":0.0,"delta_dose_pct":0,"distance_mi":0.423,"status_now":"walk","status_rec":"walk","reason":"Shortest route already under threshold (dose 61).","safe_until_hour":null}},{"type":"Feature","geometry":{"type":"Polygon","coordinates":[[[-81.3995909999934,28.563709000304012],[-81.39955900020635,28.56367700015104],[-81.39939199980178,28.563412000260865],[-81.39927600034913,28.563200999981287],[-81.39724799969633,28.56000899970514],[-81.39714800013721,28.56005800008972],[-81.39938900032703,28.563752000371025],[-81.39948700023633,28.563709000304012],[-81.3995909999934,28.563709000304012]]]},"properties":{"block_id":"120950126003033","school_id":"sch_lake_silver_elementary","kids_est":0,"class":"green","shortest":{"len_m":1514.7,"mean_c":37.4,"peak_c":37.5,"dose":92.7},"coolest":{"len_m":1514.7,"mean_c":37.4,"peak_c":37.5,"dose":92.7},"delta_mean_c":0.0,"delta_dose_pct":0,"distance_mi":0.81,"status_now":"walk","status_rec":"walk","reason":"Shortest route already under threshold (dose 93).","safe_until_hour":null}},{"type":"Feature","geometry":{"type":"Polygon","coordinates":[[[-81.39551399966969,28.564705999925128],[-81.39550500034717,28.563811000085693],[-81.39455200012013,28.563817000255405],[-81.39357700015177,28.563824999692162],[-81.39346499999878,28.563822000002077],[-81.39346699964862,28.564002999824183],[-81.39347400021963,28.564545999789704],[-81.39347699969436,28.564728000358688],[-81.39357999962652,28.56473199964803],[-81.39551399966969,28.564705999925128]]]},"properties":{"block_id":"120950126003017","school_id":"sch_lake_silver_elementary","kids_est":2,"class":"red","shortest":{"len_m":1902.0,"mean_c":37.38,"peak_c":37.5,"dose":116.0},"coolest":{"len_m":1902.0,"mean_c":37.38,"peak_c":37.5,"dose":116.0},"delta_mean_c":0.0,"delta_dose_pct":0,"distance_mi":0.757,"status_now":"walk","status_rec":"bus_eligible","reason":"Coolest route mean 37.4C exceeds threshold (110 C-min dose, actual 116).","safe_until_hour":"14:00"}},{"type":"Feature","geometry":{"type":"Polygon","coordinates":[[[-81.39909999972373,28.567391000323823],[-81.39909999972373,28.567039999767978],[-81.39909800007389,28.56690700039337],[-81.39909499970085,28.566511000085555],[-81.39909399987594,28.56637899965174],[-81.39909300005102,28.56624699984138],[-81.39908999967798,28.565851000205793],[-81.39908899985306,28.565718999733097],[-81.39902600010387,28.565718999733097],[-81.39883699995798,28.565722000158097],[-81.39877500003372,28.565722999773747],[-81.39812599958029,28.56573299987479],[-81.39755700039113,28.565736000299392],[-81.3975630002389,28.56613900001681],[-81.39756200041398,28.566491000030453],[-81.39757199956142,28.567393999912184],[-81.39758800035327,28.567393999912184],[-81.39873599967567,28.567385999957747],[-81.39909999972373,28.567391000323823]]]},"properties":{"block_id":"120950126003004","school_id":"sch_lake_silver_elementary","kids_est":10,"class":"green","shortest":{"len_m":1399.3,"mean_c":37.41,"peak_c":37.5,"dose":85.9},"coolest":{"len_m":1399.3,"mean_c":37.41,"peak_c":37.5,"dose":85.9},"delta_mean_c":0.0,"delta_dose_pct":0,"distance_mi":0.512,"status_now":"walk","status_rec":"walk","reason":"Shortest route already under threshold (dose 86).","safe_until_hour":null}},{"type":"Feature","geometry":{"type":"Polygon","coordinates":[[[-81.40035000005169,28.565697999911634],[-81.40040000028041,28.565691000233148],[-81.40032199956428,28.565564000012703],[-81.40016400027885,28.56530900028138],[-81.4000909995856,28.565183999630438],[-81.40001699996576,28.56505599996515],[-81.39995599986638,28.565070000194993],[-81.3997669997205,28.565070000194993],[-81.39901500023323,28.565070000194993],[-81.39876499998797,28.565070000194993],[-81.3987669996378,28.56519999987356],[-81.39877300038388,28.565592000335425],[-81.39877500003372,28.565722999773747],[-81.39883699995798,28.565722000158097],[-81.39902600010387,28.565718999733097],[-81.39908899985306,28.565718999733097],[-81.3993509997939,28.565714000076554],[-81.40013800033958,28.56570100033723],[-81.40035000005169,28.565697999911634]]]},"properties":{"block_id":"120950126003008","school_id":"sch_lake_silver_elementary","kids_est":4,"class":"green","shortest":{"len_m":1174.6,"mean_c":37.43,"peak_c":37.5,"dose":72.4},"coolest":{"len_m":1174.6,"mean_c":37.43,"peak_c":37.5,"dose":72.4},"delta_mean_c":0.0,"delta_dose_pct":0,"distance_mi":0.571,"status_now":"walk","status_rec":"walk","reason":"Shortest route already under threshold (dose 72).","safe_until_hour":null}},{"type":"Feature","geometry":{"type":"Polygon","coordinates":[[[-81.39956099985616,28.564397000056267],[-81.39961199990981,28.56439099991962],[-81.39931399998396,28.563897999751724],[-81.39927100032627,28.563774999849187],[-81.39917099986884,28.563778000329602],[-81.39876599981288,28.563781999655045],[-81.39877099983576,28.564324999971813],[-81.39876400016306,28.564407999911445],[-81.39956099985616,28.564397000056267]]]},"properties":{"block_id":"120950126003020","school_id":"sch_lake_silver_elementary","kids_est":0,"class":"green","shortest":{"len_m":1347.0,"mean_c":37.41,"peak_c":37.5,"dose":82.6},"coolest":{"len_m":1347.0,"mean_c":37.41,"peak_c":37.5,"dose":82.6},"delta_mean_c":0.0,"delta_dose_pct":0,"distance_mi":0.662,"status_now":"walk","status_rec":"walk","reason":"Shortest route already under threshold (dose 83).","safe_until_hour":null}},{"type":"Feature","geometry":{"type":"Polygon","coordinates":[[[-81.39877099983576,28.564324999971813],[-81.39876599981288,28.563781999655045],[-81.39753800012454,28.56379300036345],[-81.39754099959929,28.56441800013738],[-81.39778499999674,28.564416000092272],[-81.39851899994068,28.56440900032852],[-81.39876400016306,28.564407999911445],[-81.39877099983576,28.564324999971813]]]},"properties":{"block_id":"120950126003019","school_id":"sch_lake_silver_elementary","kids_est":5,"class":"green","shortest":{"len_m":1351.3,"mean_c":37.41,"peak_c":37.5,"dose":82.9},"coolest":{"len_m":1351.3,"mean_c":37.41,"peak_c":37.5,"dose":82.9},"delta_mean_c":0.0,"delta_dose_pct":0,"distance_mi":0.676,"status_now":"walk","status_rec":"walk","reason":"Shortest route already under threshold (dose 83).","safe_until_hour":null}},{"type":"Feature","geometry":{"type":"Polygon","coordinates":[[[-81.39755499984297,28.565586000266855],[-81.39754399997234,28.564678000155723],[-81.39658999992037,28.56469399968673],[-81.39551399966969,28.564705999925128],[-81.39551799986765,28.565613999794742],[-81.39563900024147,28.56560999974993],[-81.39755499984297,28.565586000266855]]]},"properties":{"block_id":"120950126003010","school_id":"sch_lake_silver_elementary","kids_est":5,"class":"green","shortest":{"len_m":1636.1,"mean_c":37.4,"peak_c":37.5,"dose":100.0},"coolest":{"len_m":1638.0,"mean_c":37.4,"peak_c":37.5,"dose":99.9},"delta_mean_c":0.0,"delta_dose_pct":0,"distance_mi":0.644,"status_now":"walk","status_rec":"walk","reason":"Shortest route already under threshold (dose 100).","safe_until_hour":null}},{"type":"Feature","geometry":{"type":"Polygon","coordinates":[[[-81.39560999992915,28.571069000272388],[-81.39560499990628,28.57088600005877],[-81.39559200038582,28.570338999807444],[-81.39558999983767,28.57025500023958],[-81.39559099966259,28.570157000264533],[-81.39476499965714,28.570170999815712],[-81.39354799983947,28.57018399979177],[-81.39356299990807,28.571096999919153],[-81.39397200016198,28.57109100016453],[-81.39519999985033,28.571073999674503],[-81.39560999992915,28.571069000272388]]]},"properties":{"block_id":"120950126002004","school_id":"sch_lake_silver_elementary","kids_est":0,"class":"green","shortest":{"len_m":1214.6,"mean_c":37.48,"peak_c":37.5,"dose":75.3},"coolest":{"len_m":1216.5,"mean_c":37.47,"peak_c":37.5,"dose":75.2},"delta_mean_c":-0.01,"delta_dose_pct":0,"distance_mi":0.446,"status_now":"walk","status_rec":"walk","reason":"Shortest route already under threshold (dose 75).","safe_until_hour":null}},{"type":"Feature","geometry":{"type":"Polygon","coordinates":[[[-81.39551799986765,28.565613999794742],[-81.39551399966969,28.564705999925128],[-81.39357999962652,28.56473199964803],[-81.39347699969436,28.564728000358688],[-81.39347800041759,28.564909000200554],[-81.39348400026537,28.5654540002508],[-81.39348599991519,28.565636000038484],[-81.39551799986765,28.565613999794742]]]},"properties":{"block_id":"120950126003011","school_id":"sch_lake_silver_elementary","kids_est":1,"class":"green","shortest":{"len_m":1734.9,"mean_c":37.39,"peak_c":37.5,"dose":105.7},"coolest":{"len_m":1734.9,"mean_c":37.39,"peak_c":37.5,"dose":105.7},"delta_mean_c":0.0,"delta_dose_pct":0,"distance_mi":0.704,"status_now":"walk","status_rec":"walk","reason":"Shortest route already under threshold (dose 106).","safe_until_hour":null}},{"type":"Feature","geometry":{"type":"Polygon","coordinates":[[[-81.39756200041398,28.566491000030453],[-81.3975630002389,28.56613900001681],[-81.39755700039113,28.565736000299392],[-81.39755499984297,28.565586000266855],[-81.39563900024147,28.56560999974993],[-81.39551799986765,28.565613999794742],[-81.39552299989052,28.566513000090843],[-81.39588500028876,28.566513000090843],[-81.39756200041398,28.566491000030453]]]},"properties":{"block_id":"120950126003003","school_id":"sch_lake_silver_elementary","kids_est":13,"class":"green","shortest":{"len_m":1321.5,"mean_c":37.42,"peak_c":37.5,"dose":81.1},"coolest":{"len_m":1321.5,"mean_c":37.42,"peak_c":37.5,"dose":81.1},"delta_mean_c":0.0,"delta_dose_pct":0,"distance_mi":0.588,"status_now":"walk","status_rec":"walk","reason":"Shortest route already under threshold (dose 81).","safe_until_hour":null}},{"type":"Feature","geometry":{"type":"Polygon","coordinates":[[[-81.39562199962472,28.563811000085693],[-81.39560200043155,28.56248900011133],[-81.3955839999899,28.562332999930923],[-81.39554499963182,28.562164000132093],[-81.39545599994337,28.561881999980308],[-81.39542499998123,28.561800999721488],[-81.39539900004196,28.561732999631374],[-81.39539400001908,28.561724000381986],[-81.39533999959241,28.561626000352135],[-81.3952600001248,28.561514000319047],[-81.3952120004442,28.561446999699793],[-81.3952600001248,28.561374999964222],[-81.3954080002628,28.561158999673097],[-81.39545699976827,28.561088000189223],[-81.3953310002699,28.56107200010999],[-81.39514999962162,28.561049000041212],[-81.39504199966657,28.561028999737147],[-81.39497700026757,28.561014999758708],[-81.39494799995525,28.56100999987871],[-81.39490399957432,28.561005999658917],[-81.39484400019819,28.561004999998456],[-81.39482900012958,28.561005999658917],[-81.39482099973365,28.560998000007906],[-81.39474499956567,28.560940999616513],[-81.394521000158,28.56080699997298],[-81.39431399957044,28.560706000099472],[-81.39415499956179,28.560645999769335],[-81.39398999970535,28.560595000329776],[-81.39381300015334,28.560556999663834],[-81.39378899986387,28.56061600038048],[-81.39374899968091,28.560683999614184],[-81.39364300027403,28.56080999974899],[-81.39352899957288,28.560918000308064],[-81.39345699960288,28.560977999694135],[-81.39343800023461,28.56115199969279],[-81.3934790002425,28.56116400033503],[-81.3935429998166,28.561192999909025],[-81.3938320004199,28.561395000202562],[-81.39393500035207,28.561473999883802],[-81.39403300026136,28.56155800014896],[-81.39412199994982,28.561649000294885],[-81.3942049997905,28.56174500020739],[-81.39427900030867,28.561845999872933],[-81.39434399970767,28.561952000066068],[-81.39439999978416,28.562062000332254],[-81.39444800036306,28.562175000220595],[-81.39448500017298,28.56229099972149],[-81.39451899960986,28.56244299979892],[-81.39453799987642,28.562614999663356],[-81.39455200012013,28.563817000255405],[-81.39550500034717,28.563811000085693],[-81.39562199962472,28.563811000085693]]]},"properties":{"block_id":"120950126003023","school_id":"sch_lake_silver_elementary","kids_est":19,"class":"red","shortest":{"len_m":1807.5,"mean_c":37.38,"peak_c":37.5,"dose":110.4},"coolest":{"len_m":1807.5,"mean_c":37.38,"peak_c":37.5,"dose":110.4},"delta_mean_c":0.0,"delta_dose_pct":0,"distance_mi":0.874,"status_now":"walk","status_rec":"bus_eligible","reason":"Coolest route mean 37.4C exceeds threshold (110 C-min dose, actual 110).","safe_until_hour":"14:00"}},{"type":"Feature","geometry":{"type":"Polygon","coordinates":[[[-81.40187999986381,28.57554499998661],[-81.40187900003892,28.575470000283225],[-81.40187599966585,28.575246000377426],[-81.40187499984094,28.575171999986765],[-81.40187099964298,28.574993999814694],[-81.40186599962011,28.574718999989425],[-81.40162100029606,28.574722000157777],[-81.39983100019292,28.574745999923774],[-81.39970999981908,28.574740999907238],[-81.39961600010777,28.574724000007016],[-81.39958199977256,28.574712000122194],[-81.3994069998704,28.574628999632278],[-81.39931900000684,28.574604999839554],[-81.3992110000518,28.574591000089452],[-81.39854400005503,28.57459600011311],[-81.39821699981688,28.574604999839554],[-81.3982250002128,28.574707999634345],[-81.39823899955819,28.574750999940065],[-81.39826799987053,28.57478799989553],[-81.39833599964257,28.574834000333713],[-81.39840000011499,28.57487800011664],[-81.3985199997656,28.574978000272008],[-81.3986339995684,28.57509300033316],[-81.39874700044462,28.575233999763302],[-81.39880099997299,28.575319999927174],[-81.398872999943,28.575462000153937],[-81.39888399981366,28.575483999916372],[-81.39891800014884,28.575576999685985],[-81.39894800028608,28.575680000106825],[-81.39895699960859,28.57572799998511],[-81.39903500032472,28.575718000045132],[-81.39932200037988,28.575635000348967],[-81.3994780000155,28.575602000356533],[-81.39951800019847,28.575594000237267],[-81.39967800003204,28.575574000330914],[-81.39984399971338,28.57556900035373],[-81.40108700036866,28.57555399963185],[-81.4016249995957,28.575548000131402],[-81.40163899983939,28.575546999820176],[-81.40168300022032,28.575546999820176],[-81.40169800028895,28.575546999820176],[-81.40173400027396,28.57554600029785],[-81.4018430000539,28.57554499998661],[-81.40187999986381,28.57554499998661]]]},"properties":{"block_id":"120950126004020","school_id":"sch_lake_silver_elementary","kids_est":19,"class":"green","shortest":{"len_m":401.6,"mean_c":37.5,"peak_c":37.5,"dose":25.1},"coolest":{"len_m":401.6,"mean_c":37.5,"peak_c":37.5,"dose":25.1},"delta_mean_c":0.0,"delta_dose_pct":0,"distance_mi":0.12,"status_now":"walk","status_rec":"walk","reason":"Shortest route already under threshold (dose 25).","safe_until_hour":null}},{"type":"Feature","geometry":{"type":"Polygon","coordinates":[[[-81.40662400018431,28.57456599996755],[-81.40666000016931,28.57456099994244],[-81.40651200003131,28.574044000167362],[-81.40610100012756,28.57314799973728],[-81.4055670002002,28.572169999844583],[-81.40529299966548,28.571801000310703],[-81.40510299969469,28.57181799989437],[-81.40493600018844,28.571823000049843],[-81.40446699966006,28.57182600030079],[-81.40407800039593,28.571819000241003],[-81.40402300014436,28.571817000336555],[-81.40391699983914,28.571815999989855],[-81.40385900011283,28.571817000336555],[-81.40383700037152,28.57194299976501],[-81.40387900020431,28.57210999973907],[-81.40400700025083,28.572610999648774],[-81.40404999990855,28.572778999688992],[-81.40413399957413,28.573110999993883],[-81.40438800001735,28.57411000033053],[-81.40447300040616,28.574442999912396],[-81.4045060000181,28.57457400016498],[-81.40456100026971,28.57478799989553],[-81.40460700030046,28.574968000260746],[-81.40463300023973,28.575067000014773],[-81.40472899960088,28.575065999698978],[-81.40475799991319,28.575175000142217],[-81.40478300002755,28.57526000004042],[-81.40481999983747,28.575376000106157],[-81.40484800032488,28.575460999841894],[-81.40489199980749,28.57557799999692],[-81.40494399968604,28.575708000104225],[-81.40498200021919,28.57579800032708],[-81.40502700042502,28.575895000261955],[-81.40506000003698,28.57596299987833],[-81.40510000021996,28.576044000280508],[-81.40512799980905,28.57609599963902],[-81.40531500030511,28.57644899977803],[-81.405420999712,28.57644899977803],[-81.40592500040047,28.576443000328638],[-81.40592399967727,28.57639699980514],[-81.40591899965438,28.57594800000154],[-81.40598099957865,28.575946999694178],[-81.40597499973087,28.575485999751095],[-81.40596399986023,28.574576000017014],[-81.40657099958254,28.574567000288102],[-81.40662400018431,28.57456599996755]]]},"properties":{"block_id":"120950126004008","school_id":"sch_lake_silver_elementary","kids_est":0,"class":"green","shortest":{"len_m":683.8,"mean_c":37.44,"peak_c":37.5,"dose":42.3},"coolest":{"len_m":683.8,"mean_c":37.44,"peak_c":37.5,"dose":42.3},"delta_mean_c":0.0,"delta_dose_pct":0,"distance_mi":0.25,"status_now":"walk","status_rec":"walk","reason":"Shortest route already under threshold (dose 42).","safe_until_hour":null}},{"type":"Feature","geometry":{"type":"Polygon","coordinates":[[[-81.40615200018121,28.57821799962451],[-81.40594499959366,28.577825000158203],[-81.40578399993517,28.577521000045504],[-81.40538800010005,28.576768000384234],[-81.40530500025937,28.576608999958147],[-81.40520099960398,28.57640699968055],[-81.40514799990052,28.576305000275585],[-81.40506900025782,28.576154000015837],[-81.40495700010484,28.575938000082488],[-81.40485900019553,28.57572799998511],[-81.40484599977674,28.57569699985256],[-81.40478300002755,28.57554000000804],[-81.40476100028624,28.575487000062907],[-81.40475000041559,28.575452999711917],[-81.40466500002678,28.575188999814664],[-81.40465599980595,28.575160000153062],[-81.40464099973732,28.57510000017505],[-81.40463300023973,28.575067000014773],[-81.40453799980516,28.575068000330567],[-81.40455500042191,28.575133999851225],[-81.40456399974444,28.57515899983813],[-81.40461599962298,28.575301999806953],[-81.40463200041481,28.575348000020387],[-81.40465499998103,28.575412000318188],[-81.40466900022474,28.575445000370223],[-81.4043360001388,28.5755819996628],[-81.40429699978075,28.575597999902524],[-81.40422099961276,28.575624999611268],[-81.40427000001657,28.575754999660482],[-81.4043140003975,28.57585999973466],[-81.40432000024528,28.575874999624],[-81.40439100039039,28.576029999933024],[-81.40440899993375,28.576069000051163],[-81.40441599960643,28.576085000216818],[-81.40446800038329,28.57618699983511],[-81.40448900029969,28.57622599989506],[-81.40459899990454,28.57644500014514],[-81.4046530003312,28.576552000133884],[-81.40478800005042,28.576794999792668],[-81.40494700005907,28.577095000028667],[-81.40496100030279,28.577120000338425],[-81.40505800038716,28.577315000341677],[-81.40514200005275,28.577476999790377],[-81.40528299961974,28.57774699963178],[-81.40531500030511,28.577839999767335],[-81.40533799987134,28.57796400008308],[-81.40533899969624,28.577983000035843],[-81.40535399976486,28.578165999737237],[-81.40535499958978,28.57817800001692],[-81.40535799996282,28.57821500034474],[-81.40535899978774,28.57822800011569],[-81.40615200018121,28.57821799962451]]]},"properties":{"block_id":"120950126004006","school_id":"sch_lake_silver_elementary","kids_est":0,"class":"green","shortest":{"len_m":585.8,"mean_c":37.45,"peak_c":37.5,"dose":36.2},"coolest":{"len_m":585.8,"mean_c":37.45,"peak_c":37.5,"dose":36.2},"delta_mean_c":0.0,"delta_dose_pct":0,"distance_mi":0.332,"status_now":"walk","status_rec":"walk","reason":"Shortest route already under threshold (dose 36).","safe_until_hour":null}},{"type":"Feature","geometry":{"type":"Polygon","coordinates":[[[-81.40172199968006,28.569166000081463],[-81.40171599983229,28.568984000087383],[-81.40169800028895,28.56843799979437],[-81.40169300026606,28.568256000119057],[-81.4016820003954,28.568256000119057],[-81.4016520002582,28.568256000119057],[-81.40124600037731,28.568260999654843],[-81.40006100034668,28.568277000219034],[-81.39966700016139,28.568283000134112],[-81.39966999963612,28.568464000173147],[-81.39968200023,28.569010000331257],[-81.39968700025287,28.5691920002803],[-81.40006399982143,28.56918699999982],[-81.4011960001486,28.569171999945866],[-81.40157400044038,28.569168000036306],[-81.40160299985438,28.569166999664418],[-81.40169200044116,28.569166000081463],[-81.40172199968006,28.569166000081463]]]},"properties":{"block_id":"120950126004032","school_id":"sch_lake_silver_elementary","kids_est":10,"class":"green","shortest":{"len_m":704.4,"mean_c":37.47,"peak_c":37.5,"dose":43.7},"coolest":{"len_m":704.4,"mean_c":37.47,"peak_c":37.5,"dose":43.7},"delta_mean_c":0.0,"delta_dose_pct":0,"distance_mi":0.335,"status_now":"walk","status_rec":"walk","reason":"Shortest route already under threshold (dose 44).","safe_until_hour":null}},{"type":"Feature","geometry":{"type":"Polygon","coordinates":[[[-81.4078619999184,28.573601999729128],[-81.40785600007061,28.57358700030453],[-81.407841000002,28.573548000055137],[-81.40776900003196,28.573358999794692],[-81.4075609996195,28.57289399978728],[-81.40753700022839,28.572846999741753],[-81.40743599994603,28.572647000018076],[-81.40731799994526,28.572429999643276],[-81.4071670003325,28.57216799994681],[-81.4070259998672,28.571940000306316],[-81.40685599998788,28.571649000338066],[-81.40678999986565,28.571499999617068],[-81.40676300010148,28.571423999835208],[-81.40669899962906,28.571439999918397],[-81.40647799969614,28.57149799970656],[-81.40612899971667,28.57159999982771],[-81.4055880001166,28.571742000342223],[-81.40546099989498,28.571767999904516],[-81.40569699989653,28.572169999844583],[-81.4064400000613,28.573486000073924],[-81.40664199972764,28.57400000003563],[-81.40774999976539,28.573632999690115],[-81.4078619999184,28.573601999729128]]]},"properties":{"block_id":"120950187001012","school_id":"sch_lake_silver_elementary","kids_est":0,"class":"green","shortest":{"len_m":740.3,"mean_c":37.44,"peak_c":37.5,"dose":45.6},"coolest":{"len_m":740.3,"mean_c":37.44,"peak_c":37.5,"dose":45.6},"delta_mean_c":0.0,"delta_dose_pct":0,"distance_mi":0.345,"status_now":"walk","status_rec":"walk","reason":"Shortest route already under threshold (dose 46).","safe_until_hour":null}},{"type":"Feature","geometry":{"type":"Polygon","coordinates":[[[-81.39559099966259,28.570157000264533],[-81.39558700036294,28.569972999678278],[-81.39557599959397,28.56942400025315],[-81.39557300011923,28.56924100033419],[-81.39353299977084,28.569264000190586],[-81.39353500031899,28.569460000135102],[-81.39354799983947,28.57018399979177],[-81.39476499965714,28.570170999815712],[-81.39559099966259,28.570157000264533]]]},"properties":{"block_id":"120950126002007","school_id":"sch_lake_silver_elementary","kids_est":6,"class":"green","shortest":{"len_m":1311.7,"mean_c":37.49,"peak_c":37.5,"dose":81.4},"coolest":{"len_m":1314.5,"mean_c":37.46,"peak_c":37.5,"dose":81.2},"delta_mean_c":-0.03,"delta_dose_pct":0,"distance_mi":0.479,"status_now":"walk","status_rec":"walk","reason":"Shortest route already under threshold (dose 81).","safe_until_hour":null}},{"type":"Feature","geometry":{"type":"Polygon","coordinates":[[[-81.40710500040825,28.576375999748098],[-81.407103999685,28.576183999708537],[-81.40707400044612,28.575933000122607],[-81.40706500022527,28.575688999740535],[-81.40699499990507,28.57526300019329],[-81.4069539998972,28.575010999671292],[-81.40680400010936,28.57441200019009],[-81.40664199972764,28.57400000003563],[-81.40651200003131,28.574044000167362],[-81.40666000016931,28.57456099994244],[-81.40681499998001,28.575105999701044],[-81.40684699976707,28.575268999710048],[-81.40693200015588,28.57593100029637],[-81.40694899987432,28.576383000293514],[-81.40706199985222,28.576375999748098],[-81.40710500040825,28.576375999748098]]]},"properties":{"block_id":"120950187001016","school_id":"sch_lake_silver_elementary","kids_est":0,"class":"green","shortest":{"len_m":990.3,"mean_c":37.43,"peak_c":37.5,"dose":60.9},"coolest":{"len_m":990.3,"mean_c":37.43,"peak_c":37.5,"dose":60.9},"delta_mean_c":0.0,"delta_dose_pct":0,"distance_mi":0.366,"status_now":"walk","status_rec":"walk","reason":"Shortest route already under threshold (dose 61).","safe_until_hour":null}},{"type":"Feature","geometry":{"type":"Polygon","coordinates":[[[-81.40463499988955,28.570678000058866],[-81.40477100033198,28.570615999964158],[-81.40444999994162,28.570096000225885],[-81.40428300043536,28.569823999739597],[-81.40348099982106,28.568495000070108],[-81.40303099955925,28.567764999892976],[-81.40269699964843,28.56730899997065],[-81.40264700031803,28.567324999890626],[-81.40259399971626,28.567372000036023],[-81.40320800000958,28.568300000286122],[-81.4042929995828,28.570092999925603],[-81.40463499988955,28.570678000058866]]]},"properties":{"block_id":"120950187001047","school_id":"sch_lake_silver_elementary","kids_est":0,"class":"green","shortest":{"len_m":1406.7,"mean_c":37.42,"peak_c":37.5,"dose":86.2},"coolest":{"len_m":1406.7,"mean_c":37.42,"peak_c":37.5,"dose":86.2},"delta_mean_c":0.0,"delta_dose_pct":0,"distance_mi":0.353,"status_now":"walk","status_rec":"walk","reason":"Shortest route already under threshold (dose 86).","safe_until_hour":null}},{"type":"Feature","geometry":{"type":"Polygon","coordinates":[[[-81.40359999964674,28.571823999607545],[-81.40346499992754,28.57180399977334],[-81.40333299968306,28.571771999715224],[-81.40320499963654,28.57172800021113],[-81.40308800035898,28.57167499992332],[-81.40294699989367,28.571592000193036],[-81.40281800002225,28.571493000324587],[-81.40255600008143,28.57126100018021],[-81.40244999977621,28.57118399987305],[-81.40233400032358,28.571120000158828],[-81.40220899975178,28.571069000272388],[-81.4020830002534,28.571031999797906],[-81.40195400038198,28.57100699961915],[-81.40188800025973,28.570998999939402],[-81.40176900043406,28.570995000099302],[-81.40178500032756,28.5716210000492],[-81.40179700002315,28.571892000277487],[-81.40191199965086,28.571890999931504],[-81.40257000032513,28.57188199997289],[-81.40319799996384,28.571871000110097],[-81.4032930003984,28.571858999899852],[-81.40359999964674,28.571823999607545]]]},"properties":{"block_id":"120950126004027","school_id":"sch_lake_silver_elementary","kids_est":0,"class":"green","shortest":{"len_m":514.5,"mean_c":37.5,"peak_c":37.5,"dose":32.0},"coolest":{"len_m":514.5,"mean_c":37.5,"peak_c":37.5,"dose":32.0},"delta_mean_c":0.0,"delta_dose_pct":0,"distance_mi":0.16,"status_now":"walk","status_rec":"walk","reason":"Shortest route already under threshold (dose 32).","safe_until_hour":null}},{"type":"Feature","geometry":{"type":"Polygon","coordinates":[[[-81.40410799963486,28.575148999844096],[-81.40410299961198,28.575120000171516],[-81.40408800044169,28.575035999687447],[-81.40408400024373,28.575008000300077],[-81.40406599980206,28.57494000006638],[-81.40401499974843,28.574737000209403],[-81.40399800003,28.574670000120094],[-81.40398399978629,28.574670000120094],[-81.40394500032656,28.574670000120094],[-81.40393199990777,28.57467099965075],[-81.4029639996121,28.574682000009712],[-81.40296600016023,28.574960000093277],[-81.40296699998515,28.575058999854836],[-81.40296799981006,28.57515800031212],[-81.40305300019888,28.57515699999719],[-81.4033219998124,28.57515399984124],[-81.40341100039916,28.57515399984124],[-81.40353199987469,28.575153000315165],[-81.40389699974767,28.575150000159102],[-81.4040189999464,28.575150000159102],[-81.40404800025873,28.575148999844096],[-81.40405999995428,28.575148999844096],[-81.4040959999393,28.575148999844096],[-81.40410799963486,28.575148999844096]]]},"properties":{"block_id":"120950126004010","school_id":"sch_lake_silver_elementary","kids_est":0,"class":"green","shortest":{"len_m":269.5,"mean_c":37.5,"peak_c":37.5,"dose":16.7},"coolest":{"len_m":269.5,"mean_c":37.5,"peak_c":37.5,"dose":16.7},"delta_mean_c":0.0,"delta_dose_pct":0,"distance_mi":0.172,"status_now":"walk","status_rec":"walk","reason":"Shortest route already under threshold (dose 17).","safe_until_hour":null}},{"type":"Feature","geometry":{"type":"Polygon","coordinates":[[[-81.40188800025973,28.576372000112436],[-81.40188700043483,28.576279000256758],[-81.40188400006177,28.5760130002411],[-81.40188400006177,28.575964000185603],[-81.40188400006177,28.575928999681256],[-81.40188300023686,28.575866000006215],[-81.40188200041196,28.575800999675828],[-81.40188200041196,28.57576400007666],[-81.40187999986381,28.575609000164544],[-81.40187999986381,28.57554499998661],[-81.4018430000539,28.57554499998661],[-81.40173400027396,28.57554600029785],[-81.40169800028895,28.575546999820176],[-81.40168300022032,28.575546999820176],[-81.40163899983939,28.575546999820176],[-81.4016249995957,28.575548000131402],[-81.40108700036866,28.57555399963185],[-81.39984399971338,28.57556900035373],[-81.39967800003204,28.575574000330914],[-81.39951800019847,28.575594000237267],[-81.3994780000155,28.575602000356533],[-81.39932200037988,28.575635000348967],[-81.39903500032472,28.575718000045132],[-81.39895699960859,28.57572799998511],[-81.39897599987516,28.575851999635013],[-81.39898199972295,28.57594300004214],[-81.39898199972295,28.576020000021757],[-81.39897599987516,28.576111999800563],[-81.39895300030894,28.576255000051617],[-81.39891700032393,28.576391999867063],[-81.39904199999741,28.576404000349143],[-81.39946399977181,28.57639899962252],[-81.40110699956182,28.576380000172527],[-81.40165499973291,28.57637500023365],[-81.40178399960436,28.57637299962692],[-81.40188800025973,28.576372000112436]]]},"properties":{"block_id":"120950126004017","school_id":"sch_lake_silver_elementary","kids_est":0,"class":"green","shortest":{"len_m":182.7,"mean_c":37.5,"peak_c":37.5,"dose":11.3},"coolest":{"len_m":182.7,"mean_c":37.5,"peak_c":37.5,"dose":11.3},"delta_mean_c":0.0,"delta_dose_pct":0,"distance_mi":0.169,"status_now":"walk","status_rec":"walk","reason":"Shortest route already under threshold (dose 11).","safe_until_hour":null}},{"type":"Feature","geometry":{"type":"Polygon","coordinates":[[[-81.4058430003847,28.569373999914568],[-81.40584099983657,28.569281000184166],[-81.40579399998093,28.568995999836638],[-81.40577800008738,28.56821199993356],[-81.40578200028534,28.56812600027093],[-81.40582699959288,28.56777800016629],[-81.40581800027036,28.567235999910313],[-81.40569900044467,28.56723700030056],[-81.40521300019786,28.567245000266315],[-81.40488000011193,28.567249000248978],[-81.40460800012536,28.567253999832587],[-81.40455100022396,28.567253999832587],[-81.40438399981939,28.567257000213832],[-81.40432799974289,28.567257999814906],[-81.40398999963406,28.56726199979712],[-81.4029779998558,28.56727799972425],[-81.40285800020521,28.56727999971496],[-81.4027510000751,28.56729399964892],[-81.40269699964843,28.56730899997065],[-81.40303099955925,28.567764999892976],[-81.40348099982106,28.568495000070108],[-81.40428300043536,28.569823999739597],[-81.40444999994162,28.570096000225885],[-81.40454899967582,28.570098000163032],[-81.40493100016556,28.570096000225885],[-81.40502900007485,28.570094000288687],[-81.40519999977909,28.57009200035145],[-81.40524900018288,28.57005999977259],[-81.40529100001567,28.570048999719305],[-81.40533399967337,28.570035999726567],[-81.40537499968126,28.57002200015741],[-81.40541599968915,28.570005999858594],[-81.40545599987212,28.569988999982137],[-81.40554399973566,28.569938000336414],[-81.40562199955345,28.56987700017081],[-81.40569100004876,28.569806999833748],[-81.40574700012525,28.569730000040348],[-81.40579099960786,28.56964599998629],[-81.4058209997451,28.56955499965477],[-81.40583800036185,28.56946599998273],[-81.4058430003847,28.569373999914568]]]},"properties":{"block_id":"120950187001026","school_id":"sch_lake_silver_elementary","kids_est":0,"class":"green","shortest":{"len_m":1473.7,"mean_c":37.42,"peak_c":37.5,"dose":90.4},"coolest":{"len_m":1473.7,"mean_c":37.42,"peak_c":37.5,"dose":90.4},"delta_mean_c":0.0,"delta_dose_pct":0,"distance_mi":0.412,"status_now":"walk","status_rec":"walk","reason":"Shortest route already under threshold (dose 90).","safe_until_hour":null}},{"type":"Feature","geometry":{"type":"Polygon","coordinates":[[[-81.39917099986884,28.563778000329602],[-81.39916500002104,28.563725999617027],[-81.39914300027975,28.563660000041178],[-81.39910300009677,28.56359200036319],[-81.39905799989093,28.56354700016919],[-81.39900199981444,28.56351200026803],[-81.39859799958339,28.563305000321495],[-81.39855999994856,28.5632779998182],[-81.39845799984131,28.563190999639655],[-81.39837199962759,28.563089000046162],[-81.39813200032638,28.56269600008473],[-81.39801900034848,28.562738999776617],[-81.39767399966867,28.562855999876746],[-81.39746100013164,28.562906000156374],[-81.39737599974283,28.56291999988322],[-81.39722099993214,28.562930999892718],[-81.39708799986275,28.56293000025054],[-81.39684900038645,28.562913999662364],[-81.396753000127,28.562901000366132],[-81.39667100011124,28.56288499977356],[-81.3965489999125,28.56285199972712],[-81.3964440003305,28.562817000383788],[-81.39634200022326,28.562776999654787],[-81.39618599968934,28.562698999806916],[-81.39605299961994,28.562618999822046],[-81.39589699998433,28.562500000165876],[-81.39581400014366,28.562431000091497],[-81.3957339997777,28.562382999669996],[-81.39563800041655,28.562346000086315],[-81.3955839999899,28.562332999930923],[-81.39560200043155,28.56248900011133],[-81.39562199962472,28.563811000085693],[-81.39753800012454,28.56379300036345],[-81.39876599981288,28.563781999655045],[-81.39917099986884,28.563778000329602]]]},"properties":{"block_id":"120950126003022","school_id":"sch_lake_silver_elementary","kids_est":11,"class":"green","shortest":{"len_m":1513.5,"mean_c":37.4,"peak_c":37.5,"dose":92.6},"coolest":{"len_m":1513.5,"mean_c":37.4,"peak_c":37.5,"dose":92.6},"delta_mean_c":0.0,"delta_dose_pct":0,"distance_mi":0.748,"status_now":"walk","status_rec":"walk","reason":"Shortest route already under threshold (dose 93).","safe_until_hour":null}},{"type":"Feature","geometry":{"type":"Polygon","coordinates":[[[-81.39557300011923,28.56924100033419],[-81.39555100037794,28.568329999851624],[-81.39352100007528,28.56835600025707],[-81.39352600009816,28.56874400008216],[-81.39353299977084,28.569264000190586],[-81.39557300011923,28.56924100033419]]]},"properties":{"block_id":"120950126002010","school_id":"sch_lake_silver_elementary","kids_est":4,"class":"green","shortest":{"len_m":1390.5,"mean_c":37.48,"peak_c":37.5,"dose":86.1},"coolest":{"len_m":1391.6,"mean_c":37.46,"peak_c":37.5,"dose":85.7},"delta_mean_c":-0.02,"delta_dose_pct":0,"distance_mi":0.518,"status_now":"walk","status_rec":"walk","reason":"Shortest route already under threshold (dose 86).","safe_until_hour":null}},{"type":"Feature","geometry":{"type":"Polygon","coordinates":[[[-81.40601699956366,28.570209000166027],[-81.40601499991385,28.57013300024057],[-81.40601499991385,28.57011300008499],[-81.40601499991385,28.57007900036398],[-81.40599399999745,28.5686569996887],[-81.40597300008106,28.567235000309022],[-81.40589600008816,28.567235999910313],[-81.40581800027036,28.567235999910313],[-81.40582699959288,28.56777800016629],[-81.40578200028534,28.56812600027093],[-81.40577800008738,28.56821199993356],[-81.40579399998093,28.568995999836638],[-81.40584099983657,28.569281000184166],[-81.4058430003847,28.569373999914568],[-81.40583800036185,28.56946599998273],[-81.4058209997451,28.56955499965477],[-81.40579099960786,28.56964599998629],[-81.40574700012525,28.569730000040348],[-81.40569100004876,28.569806999833748],[-81.40562199955345,28.56987700017081],[-81.40554399973566,28.569938000336414],[-81.40545599987212,28.569988999982137],[-81.40541599968915,28.570005999858594],[-81.40537499968126,28.57002200015741],[-81.40533399967337,28.570035999726567],[-81.40529100001567,28.570048999719305],[-81.40524900018288,28.57005999977259],[-81.40519999977909,28.57009200035145],[-81.40502900007485,28.570094000288687],[-81.40493100016556,28.570096000225885],[-81.40454899967582,28.570098000163032],[-81.40444999994162,28.570096000225885],[-81.40477100033198,28.570615999964158],[-81.40480899996682,28.570599999755668],[-81.40513600020498,28.570447000055],[-81.40515499957323,28.57043900033267],[-81.40524499998492,28.570397000202547],[-81.40541800023728,28.570314999825072],[-81.40563599979717,28.57021199967411],[-81.40568900039894,28.570198000128315],[-81.40572500038394,28.57019299989563],[-81.4057789999123,28.570189000024886],[-81.40592000037762,28.570200000063526],[-81.40601699956366,28.570209000166027]]]},"properties":{"block_id":"120950187001020","school_id":"sch_lake_silver_elementary","kids_est":0,"class":"green","shortest":{"len_m":869.1,"mean_c":37.43,"peak_c":37.5,"dose":53.5},"coolest":{"len_m":869.1,"mean_c":37.43,"peak_c":37.5,"dose":53.5},"delta_mean_c":0.0,"delta_dose_pct":0,"distance_mi":0.402,"status_now":"walk","status_rec":"walk","reason":"Shortest route already under threshold (dose 54).","safe_until_hour":null}},{"type":"Feature","geometry":{"type":"Polygon","coordinates":[[[-81.40176900043406,28.570995000099302],[-81.40174699979443,28.570079999938297],[-81.401730000076,28.570079999938297],[-81.40167900002236,28.570079999938297],[-81.40166300012885,28.57008100030151],[-81.40127099959336,28.570085000176363],[-81.40009599960847,28.570100000100165],[-81.39970499979623,28.570105000337264],[-81.39970800016926,28.570286999970197],[-81.3997170003901,28.57083300013575],[-81.39972099968975,28.571015999652673],[-81.40010300017948,28.57101199981316],[-81.40125100040018,28.570998999939402],[-81.40163399981651,28.57099599966487],[-81.40176900043406,28.570995000099302]]]},"properties":{"block_id":"120950126004031","school_id":"sch_lake_silver_elementary","kids_est":1,"class":"green","shortest":{"len_m":617.2,"mean_c":37.5,"peak_c":37.5,"dose":38.5},"coolest":{"len_m":617.2,"mean_c":37.5,"peak_c":37.5,"dose":38.5},"delta_mean_c":0.0,"delta_dose_pct":0,"distance_mi":0.21,"status_now":"walk","status_rec":"walk","reason":"Shortest route already under threshold (dose 38).","safe_until_hour":null}},{"type":"Feature","geometry":{"type":"Polygon","coordinates":[[[-81.40179700002315,28.571892000277487],[-81.40178500032756,28.5716210000492],[-81.40176900043406,28.570995000099302],[-81.40163399981651,28.57099599966487],[-81.40125100040018,28.570998999939402],[-81.40010300017948,28.57101199981316],[-81.39972099968975,28.571015999652673],[-81.39972499988771,28.57119800007653],[-81.39973699958325,28.571746000153926],[-81.39974099978123,28.571928999660656],[-81.40011700042318,28.571924000299102],[-81.4012449996541,28.57190800028951],[-81.40162200012095,28.57190399969505],[-81.40169999993876,28.571903000138096],[-81.40178000030471,28.571903000138096],[-81.40179700002315,28.571892000277487]]]},"properties":{"block_id":"120950126004026","school_id":"sch_lake_silver_elementary","kids_est":7,"class":"green","shortest":{"len_m":483.1,"mean_c":37.5,"peak_c":37.5,"dose":30.0},"coolest":{"len_m":483.1,"mean_c":37.5,"peak_c":37.5,"dose":30.0},"delta_mean_c":0.0,"delta_dose_pct":0,"distance_mi":0.148,"status_now":"walk","status_rec":"walk","reason":"Shortest route already under threshold (dose 30).","safe_until_hour":null}},{"type":"Feature","geometry":{"type":"Polygon","coordinates":[[[-81.39766500034615,28.571040999829226],[-81.3976619999731,28.570856999999968],[-81.39765600012532,28.570426999959096],[-81.39765199992736,28.57030799966482],[-81.3976469999045,28.57012499970543],[-81.39761599994235,28.57013300024057],[-81.39754599962215,28.57013399981433],[-81.39723600000076,28.57013399981433],[-81.39714399993925,28.57013500017702],[-81.39600199956632,28.570148000157594],[-81.39583500006006,28.570150999667355],[-81.39559099966259,28.570157000264533],[-81.39558999983767,28.57025500023958],[-81.39559200038582,28.570338999807444],[-81.39560499990628,28.57088600005877],[-81.39560999992915,28.571069000272388],[-81.39602000000798,28.571062999727232],[-81.39725299971919,28.57104600002162],[-81.39766500034615,28.571040999829226]]]},"properties":{"block_id":"120950126002003","school_id":"sch_lake_silver_elementary","kids_est":7,"class":"green","shortest":{"len_m":1016.5,"mean_c":37.49,"peak_c":37.5,"dose":63.1},"coolest":{"len_m":1017.0,"mean_c":37.48,"peak_c":37.5,"dose":63.0},"delta_mean_c":-0.01,"delta_dose_pct":0,"distance_mi":0.342,"status_now":"walk","status_rec":"walk","reason":"Shortest route already under threshold (dose 63).","safe_until_hour":null}},{"type":"Feature","geometry":{"type":"Polygon","coordinates":[[[-81.39768200006459,28.571954999965662],[-81.39767799986663,28.571771999715224],[-81.3976679998209,28.571223000209844],[-81.39766500034615,28.571040999829226],[-81.39725299971919,28.57104600002162],[-81.39602000000798,28.571062999727232],[-81.39560999992915,28.571069000272388],[-81.3956130003022,28.571250999815643],[-81.39562499999776,28.571798000059033],[-81.39562900019573,28.571981000264252],[-81.39603900027456,28.571972999869615],[-81.39626500023036,28.57196999962287],[-81.39727100016086,28.571958999769272],[-81.39768200006459,28.571954999965662]]]},"properties":{"block_id":"120950126002002","school_id":"sch_lake_silver_elementary","kids_est":5,"class":"green","shortest":{"len_m":916.0,"mean_c":37.5,"peak_c":37.5,"dose":57.1},"coolest":{"len_m":916.0,"mean_c":37.5,"peak_c":37.5,"dose":57.1},"delta_mean_c":0.0,"delta_dose_pct":0,"distance_mi":0.307,"status_now":"walk","status_rec":"walk","reason":"Shortest route already under threshold (dose 57).","safe_until_hour":null}},{"type":"Feature","geometry":{"type":"Polygon","coordinates":[[[-81.40380499968616,28.57181799989437],[-81.40385900011283,28.571817000336555],[-81.40376399967828,28.57165399971261],[-81.40372299967039,28.57149099962501],[-81.40368400021065,28.571349999911806],[-81.40356899968461,28.57092999991498],[-81.40351199978319,28.570758000228857],[-81.40344999985892,28.570586999831008],[-81.40338100026194,28.570417999875247],[-81.40330699974378,28.570251000371186],[-81.40322599955292,28.570087000113727],[-81.40317700004745,28.56999600016361],[-81.4031390004126,28.569925000329977],[-81.40304700035111,28.569765000240338],[-81.40292799962711,28.569582999704497],[-81.40284399996152,28.569454000287134],[-81.40278899970993,28.56936400015958],[-81.40272799961056,28.569262999819603],[-81.40214400035276,28.568296999934685],[-81.40204899991824,28.568138999710694],[-81.40195000018402,28.567975000106152],[-81.4016399996643,28.56746299988855],[-81.40126800011863,28.56684899965248],[-81.4000410002552,28.564823999829745],[-81.39971499984198,28.564288000281834],[-81.39938900032703,28.563752000371025],[-81.39934800031916,28.56376599998533],[-81.39927100032627,28.563774999849187],[-81.39931399998396,28.563897999751724],[-81.39961199990981,28.56439099991962],[-81.40001699996576,28.56505599996515],[-81.4000909995856,28.565183999630438],[-81.40016400027885,28.56530900028138],[-81.40032199956428,28.565564000012703],[-81.40040000028041,28.565691000233148],[-81.40047800009819,28.56582099993358],[-81.40071499992466,28.56621200004917],[-81.40079399956738,28.566343000293664],[-81.40087300010842,28.566474000375145],[-81.40111300030794,28.566868999639507],[-81.40119299977555,28.56700100024759],[-81.4012370001565,28.56707500007378],[-81.4013710000508,28.567297000029022],[-81.40141600025663,28.56737099964705],[-81.40148700040173,28.567484999745755],[-81.4015049999451,28.567513999944897],[-81.40158600013594,28.5676459997439],[-81.40160799987726,28.567684000217188],[-81.40162399977078,28.567715000343934],[-81.40164899988514,28.567776999781195],[-81.40166200030393,28.567817999783433],[-81.40167200034966,28.567860999749403],[-81.4016809996722,28.567926000251692],[-81.4016820003954,28.567979999655286],[-81.4016890000681,28.568149000371044],[-81.4016890000681,28.56816999970344],[-81.40169200044116,28.568233999634113],[-81.40169300026606,28.568256000119057],[-81.40169800028895,28.56843799979437],[-81.40171599983229,28.568984000087383],[-81.40172199968006,28.569166000081463],[-81.40172699970294,28.569347999760705],[-81.40174199977155,28.569897000371313],[-81.40174699979443,28.570079999938297],[-81.40176900043406,28.570995000099302],[-81.40188800025973,28.570998999939402],[-81.40195400038198,28.57100699961915],[-81.4020830002534,28.571031999797906],[-81.40220899975178,28.571069000272388],[-81.40233400032358,28.571120000158828],[-81.40244999977621,28.57118399987305],[-81.40255600008143,28.57126100018021],[-81.40281800002225,28.571493000324587],[-81.40294699989367,28.571592000193036],[-81.40308800035898,28.57167499992332],[-81.40320499963654,28.57172800021113],[-81.40333299968306,28.571771999715224],[-81.40346499992754,28.57180399977334],[-81.40359999964674,28.571823999607545],[-81.40365700044647,28.571821999703197],[-81.40379299999059,28.57181799989437],[-81.40380499968616,28.57181799989437]]]},"properties":{"block_id":"120950126004030","school_id":"sch_lake_silver_elementary","kids_est":0,"class":"green","shortest":{"len_m":702.6,"mean_c":37.47,"peak_c":37.5,"dose":43.6},"coolest":{"len_m":702.6,"mean_c":37.47,"peak_c":37.5,"dose":43.6},"delta_mean_c":0.0,"delta_dose_pct":0,"distance_mi":0.288,"status_now":"walk","status_rec":"walk","reason":"Shortest route already under threshold (dose 44).","safe_until_hour":null}},{"type":"Feature","geometry":{"type":"Polygon","coordinates":[[[-81.39760699972153,28.568306999791076],[-81.39758800035327,28.567393999912184],[-81.39757199956142,28.567393999912184],[-81.39553200011136,28.567421000148464],[-81.39555100037794,28.568329999851624],[-81.39760699972153,28.568306999791076]]]},"properties":{"block_id":"120950126002015","school_id":"sch_lake_silver_elementary","kids_est":7,"class":"green","shortest":{"len_m":1235.2,"mean_c":37.48,"peak_c":37.5,"dose":76.5},"coolest":{"len_m":1236.1,"mean_c":37.47,"peak_c":37.5,"dose":76.3},"delta_mean_c":-0.01,"delta_dose_pct":0,"distance_mi":0.481,"status_now":"walk","status_rec":"walk","reason":"Shortest route already under threshold (dose 76).","safe_until_hour":null}},{"type":"Feature","geometry":{"type":"Polygon","coordinates":[[[-81.40489699983037,28.579756999894236],[-81.40489500018055,28.57961600021606],[-81.40489400035564,28.57942000025995],[-81.40483099970812,28.57941400019113],[-81.40476999960877,28.57939599998268],[-81.4047160000804,28.579366999903204],[-81.40460800012536,28.579273000053195],[-81.40405900012938,28.57879599994742],[-81.40398899980917,28.578719999914373],[-81.40395199999925,28.57866200016356],[-81.40392500023506,28.578582999975534],[-81.40392400041016,28.578573000306985],[-81.40390599996849,28.578242999667353],[-81.40372299967039,28.578245000238525],[-81.40317799987234,28.578251000374017],[-81.40299600029748,28.578253999652766],[-81.40286800025095,28.578254999938256],[-81.4024840001114,28.578261000073187],[-81.40235699988979,28.578262999855124],[-81.40237399960823,28.578375000205238],[-81.40241200014138,28.5784420003013],[-81.4024620003701,28.578501999950824],[-81.40267099970914,28.57867600016074],[-81.40273600000648,28.578732999622908],[-81.40332600001037,28.57924899974231],[-81.40394000030369,28.57977300028771],[-81.40415700003867,28.579966999836508],[-81.40423900005443,28.580039999740755],[-81.40446099981227,28.580228999830254],[-81.40449699979729,28.58025499966157],[-81.4045749996151,28.58030200034153],[-81.40465800035408,28.580340999664543],[-81.40469900036197,28.58028799977191],[-81.40475799991319,28.580198999713485],[-81.40476899978385,28.580178999893857],[-81.40481300016478,28.58010600008607],[-81.40485099979962,28.58002299990805],[-81.40487500008906,28.579954999760925],[-81.40488900033277,28.579895999632466],[-81.40489699983037,28.579756999894236]]]},"properties":{"block_id":"120950125001035","school_id":"sch_lake_silver_elementary","kids_est":4,"class":"green","shortest":{"len_m":671.4,"mean_c":37.49,"peak_c":37.5,"dose":41.7},"coolest":{"len_m":672.2,"mean_c":37.49,"peak_c":37.5,"dose":41.6},"delta_mean_c":0.0,"delta_dose_pct":0,"distance_mi":0.412,"status_now":"walk","status_rec":"walk","reason":"Shortest route already under threshold (dose 42).","safe_until_hour":null}},{"type":"Feature","geometry":{"type":"Polygon","coordinates":[[[-81.4025040002029,28.567450999964542],[-81.40259399971626,28.567372000036023],[-81.40198299979598,28.56662500032689],[-81.40137699989857,28.565986000141354],[-81.40031800026465,28.56481000035611],[-81.40025399979221,28.5647240002802],[-81.39961399955962,28.563845999887416],[-81.3995909999934,28.563709000304012],[-81.39948700023633,28.563709000304012],[-81.39938900032703,28.563752000371025],[-81.39971499984198,28.564288000281834],[-81.4000410002552,28.564823999829745],[-81.40126800011863,28.56684899965248],[-81.4016399996643,28.56746299988855],[-81.40195000018402,28.567975000106152],[-81.40198199997106,28.567944999650503],[-81.40208800027628,28.567842999930892],[-81.40244599957825,28.567504000013148],[-81.4025040002029,28.567450999964542]]]},"properties":{"block_id":"120950126004038","school_id":"sch_lake_silver_elementary","kids_est":0,"class":"green","shortest":{"len_m":1368.1,"mean_c":37.42,"peak_c":37.5,"dose":83.8},"coolest":{"len_m":1368.1,"mean_c":37.42,"peak_c":37.5,"dose":83.8},"delta_mean_c":0.0,"delta_dose_pct":0,"distance_mi":0.502,"status_now":"walk","status_rec":"walk","reason":"Shortest route already under threshold (dose 84).","safe_until_hour":null}},{"type":"Feature","geometry":{"type":"Polygon","coordinates":[[[-81.39562900019573,28.571981000264252],[-81.39562499999776,28.571798000059033],[-81.3956130003022,28.571250999815643],[-81.39560999992915,28.571069000272388],[-81.39519999985033,28.571073999674503],[-81.39397200016198,28.57109100016453],[-81.39356299990807,28.571096999919153],[-81.39357499960364,28.572006999767463],[-81.39489699990162,28.571992999671647],[-81.39562900019573,28.571981000264252]]]},"properties":{"block_id":"120950126002001","school_id":"sch_lake_silver_elementary","kids_est":2,"class":"green","shortest":{"len_m":1115.8,"mean_c":37.5,"peak_c":37.5,"dose":69.5},"coolest":{"len_m":1116.1,"mean_c":37.5,"peak_c":37.5,"dose":69.4},"delta_mean_c":0.0,"delta_dose_pct":0,"distance_mi":0.421,"status_now":"walk","status_rec":"walk","reason":"Shortest route already under threshold (dose 70).","safe_until_hour":null}},{"type":"Feature","geometry":{"type":"Polygon","coordinates":[[[-81.40538100042734,28.57178599984047],[-81.40546099989498,28.571767999904516],[-81.40504499996838,28.57106200016229],[-81.40477100033198,28.570615999964158],[-81.40463499988955,28.570678000058866],[-81.40529299966548,28.571801000310703],[-81.40538100042734,28.57178599984047]]]},"properties":{"block_id":"120950187001018","school_id":"sch_lake_silver_elementary","kids_est":0,"class":"green","shortest":{"len_m":715.2,"mean_c":37.44,"peak_c":37.5,"dose":44.1},"coolest":{"len_m":715.2,"mean_c":37.44,"peak_c":37.5,"dose":44.1},"delta_mean_c":0.0,"delta_dose_pct":0,"distance_mi":0.289,"status_now":"walk","status_rec":"walk","reason":"Shortest route already under threshold (dose 44).","safe_until_hour":null}},{"type":"Feature","geometry":{"type":"Polygon","coordinates":[[[-81.40448900029969,28.57622599989506],[-81.40446800038329,28.57618699983511],[-81.40441599960643,28.576085000216818],[-81.40440899993375,28.576069000051163],[-81.40439100039039,28.576029999933024],[-81.40432000024528,28.575874999624],[-81.4043140003975,28.57585999973466],[-81.40427000001657,28.575754999660482],[-81.40419399984859,28.575760999938016],[-81.40417200010728,28.575762000247206],[-81.40413799977209,28.575762000247206],[-81.40414199997004,28.576175999633534],[-81.40414399961988,28.576248000286594],[-81.40420700026738,28.576245999677436],[-81.40442999985014,28.576238999911812],[-81.40448900029969,28.57622599989506]]]},"properties":{"block_id":"120950126004044","school_id":"sch_lake_silver_elementary","kids_est":3,"class":"green","shortest":{"len_m":398.3,"mean_c":37.47,"peak_c":37.5,"dose":24.7},"coolest":{"len_m":398.3,"mean_c":37.47,"peak_c":37.5,"dose":24.7},"delta_mean_c":0.0,"delta_dose_pct":0,"distance_mi":0.255,"status_now":"walk","status_rec":"walk","reason":"Shortest route already under threshold (dose 25).","safe_until_hour":null}},{"type":"Feature","geometry":{"type":"Polygon","coordinates":[[[-81.40503400009773,28.57731899994149],[-81.40505800038716,28.577315000341677],[-81.40496100030279,28.577120000338425],[-81.40494700005907,28.577095000028667],[-81.40478800005042,28.576794999792668],[-81.4046530003312,28.576552000133884],[-81.40459899990454,28.57644500014514],[-81.40448900029969,28.57622599989506],[-81.40442999985014,28.576238999911812],[-81.40420700026738,28.576245999677436],[-81.40414399961988,28.576248000286594],[-81.40380600040939,28.576246999982033],[-81.40374699995984,28.576246999982033],[-81.40352900039994,28.5762500001068],[-81.40297399965785,28.57625899969175],[-81.40297700003089,28.57671099985723],[-81.40298799990155,28.577361999968808],[-81.40347800034631,28.57735200018418],[-81.40493799983825,28.577331999823173],[-81.4049620001277,28.57733100031781],[-81.40497999967104,28.57733100031781],[-81.40503400009773,28.57731899994149]]]},"properties":{"block_id":"120950126004013","school_id":"sch_lake_silver_elementary","kids_est":8,"class":"green","shortest":{"len_m":638.9,"mean_c":37.48,"peak_c":37.5,"dose":39.5},"coolest":{"len_m":638.9,"mean_c":37.48,"peak_c":37.5,"dose":39.5},"delta_mean_c":0.0,"delta_dose_pct":0,"distance_mi":0.279,"status_now":"walk","status_rec":"walk","reason":"Shortest route already under threshold (dose 40).","safe_until_hour":null}},{"type":"Feature","geometry":{"type":"Polygon","coordinates":[[[-81.40259999956403,28.57278399979878],[-81.40258399967051,28.572199999884482],[-81.40257000032513,28.57188199997289],[-81.40191199965086,28.571890999931504],[-81.40179700002315,28.571892000277487],[-81.40179799984804,28.571928000103945],[-81.40181399974156,28.57280499978394],[-81.40259999956403,28.57278399979878]]]},"properties":{"block_id":"120950126004036","school_id":"sch_lake_silver_elementary","kids_est":0,"class":"green","shortest":{"len_m":367.8,"mean_c":37.5,"peak_c":37.5,"dose":22.9},"coolest":{"len_m":367.8,"mean_c":37.5,"peak_c":37.5,"dose":22.9},"delta_mean_c":0.0,"delta_dose_pct":0,"distance_mi":0.108,"status_now":"walk","status_rec":"walk","reason":"Shortest route already under threshold (dose 23).","safe_until_hour":null}},{"type":"Feature","geometry":{"type":"Polygon","coordinates":[[[-81.40174699979443,28.570079999938297],[-81.40174199977155,28.569897000371313],[-81.40172699970294,28.569347999760705],[-81.40172199968006,28.569166000081463],[-81.40169200044116,28.569166000081463],[-81.40160299985438,28.569166999664418],[-81.40157400044038,28.569168000036306],[-81.4011960001486,28.569171999945866],[-81.40006399982143,28.56918699999982],[-81.39968700025287,28.5691920002803],[-81.39968999972761,28.569373999914568],[-81.39970099959827,28.56992200002481],[-81.39970499979623,28.570105000337264],[-81.40009599960847,28.570100000100165],[-81.40127099959336,28.570085000176363],[-81.40166300012885,28.57008100030151],[-81.40167900002236,28.570079999938297],[-81.401730000076,28.570079999938297],[-81.40174699979443,28.570079999938297]]]},"properties":{"block_id":"120950126004034","school_id":"sch_lake_silver_elementary","kids_est":4,"class":"green","shortest":{"len_m":632.7,"mean_c":37.48,"peak_c":37.5,"dose":39.3},"coolest":{"len_m":632.7,"mean_c":37.48,"peak_c":37.5,"dose":39.3},"delta_mean_c":0.0,"delta_dose_pct":0,"distance_mi":0.273,"status_now":"walk","status_rec":"walk","reason":"Shortest route already under threshold (dose 39).","safe_until_hour":null}},{"type":"Feature","geometry":{"type":"Polygon","coordinates":[[[-81.4029970001224,28.578174999947127],[-81.40299799994729,28.578085999678475],[-81.40299399974934,28.577826999948435],[-81.40190199960513,28.57784799971579],[-81.40190400015327,28.578022000218713],[-81.40190400015327,28.57804900009417],[-81.40190599980309,28.578129999678918],[-81.401906999628,28.57815799981298],[-81.40190800035123,28.57820300006927],[-81.40190800035123,28.5782400003883],[-81.40190900017613,28.578267000207774],[-81.40235699988979,28.578262999855124],[-81.4024840001114,28.578261000073187],[-81.40286800025095,28.578254999938256],[-81.40299600029748,28.578253999652766],[-81.40299600029748,28.57822399976155],[-81.40299600029748,28.578214000058868],[-81.40299600029748,28.578187999723024],[-81.4029970001224,28.578174999947127]]]},"properties":{"block_id":"120950126004004","school_id":"sch_lake_silver_elementary","kids_est":0,"class":"green","shortest":{"len_m":504.3,"mean_c":37.5,"peak_c":37.5,"dose":31.3},"coolest":{"len_m":504.3,"mean_c":37.5,"peak_c":37.5,"dose":31.3},"delta_mean_c":0.0,"delta_dose_pct":0,"distance_mi":0.317,"status_now":"walk","status_rec":"walk","reason":"Shortest route already under threshold (dose 31).","safe_until_hour":null}},{"type":"Feature","geometry":{"type":"Polygon","coordinates":[[[-81.40457700016323,28.580435000137786],[-81.40465800035408,28.580340999664543],[-81.4045749996151,28.58030200034153],[-81.40449699979729,28.58025499966157],[-81.40446099981227,28.580228999830254],[-81.40423900005443,28.580039999740755],[-81.40415700003867,28.579966999836508],[-81.40394000030369,28.57977300028771],[-81.40332600001037,28.57924899974231],[-81.40273600000648,28.578732999622908],[-81.40267099970914,28.57867600016074],[-81.4024620003701,28.578501999950824],[-81.40241200014138,28.5784420003013],[-81.40237399960823,28.578375000205238],[-81.40235699988979,28.578262999855124],[-81.40190900017613,28.578267000207774],[-81.40191599984882,28.578847000032276],[-81.40191599984882,28.578922999973543],[-81.40191900022188,28.579153000021844],[-81.40192000004679,28.57923000001823],[-81.40200399971238,28.57923900013708],[-81.40206399998682,28.57925799985953],[-81.40211900023841,28.57928500020657],[-81.40218500036066,28.579334999779046],[-81.40245700034723,28.579572000048447],[-81.40337299986601,28.580370000264306],[-81.40351299960811,28.580477999680085],[-81.40357600025561,28.580510999720456],[-81.40365099970037,28.580530000001986],[-81.40400600042592,28.580536000007147],[-81.40407199964984,28.58053499974335],[-81.40430299962853,28.580533000004618],[-81.40440499973579,28.5805239999965],[-81.40447300040616,28.580504000238655],[-81.40451199986592,28.580484999952418],[-81.4045479998509,28.580460999918177],[-81.40457700016323,28.580435000137786]]]},"properties":{"block_id":"120950125001032","school_id":"sch_lake_silver_elementary","kids_est":6,"class":"green","shortest":{"len_m":587.5,"mean_c":37.5,"peak_c":37.5,"dose":36.5},"coolest":{"len_m":587.5,"mean_c":37.5,"peak_c":37.5,"dose":36.5},"delta_mean_c":0.0,"delta_dose_pct":0,"distance_mi":0.424,"status_now":"walk","status_rec":"walk","reason":"Shortest route already under threshold (dose 36).","safe_until_hour":null}},{"type":"Feature","geometry":{"type":"Polygon","coordinates":[[[-81.40181399974156,28.57282300033141],[-81.40181399974156,28.57280499978394],[-81.40179799984804,28.571928000103945],[-81.40179700002315,28.571892000277487],[-81.40178000030471,28.571903000138096],[-81.40169999993876,28.571903000138096],[-81.40162200012095,28.57190399969505],[-81.4012449996541,28.57190800028951],[-81.40011700042318,28.571924000299102],[-81.39974099978123,28.571928999660656],[-81.39974300032938,28.57211100008298],[-81.39975199965188,28.572657000249954],[-81.39975500002494,28.572839999749945],[-81.39986200015505,28.57284400030877],[-81.4002720002339,28.572842999971893],[-81.40066399987106,28.572834000094666],[-81.40163399981651,28.572825000216714],[-81.40181399974156,28.57282300033141]]]},"properties":{"block_id":"120950126004023","school_id":"sch_lake_silver_elementary","kids_est":17,"class":"green","shortest":{"len_m":331.1,"mean_c":37.5,"peak_c":37.5,"dose":20.6},"coolest":{"len_m":331.1,"mean_c":37.5,"peak_c":37.5,"dose":20.6},"delta_mean_c":0.0,"delta_dose_pct":0,"distance_mi":0.086,"status_now":"walk","status_rec":"walk","reason":"Shortest route already under threshold (dose 21).","safe_until_hour":null}},{"type":"Feature","geometry":{"type":"Polygon","coordinates":[[[-81.40296699998515,28.575243999749272],[-81.40296799981006,28.57515800031212],[-81.402491999609,28.575165999675683],[-81.40216600009408,28.57517099967204],[-81.40187499984094,28.575171999986765],[-81.40187599966585,28.575246000377426],[-81.40187900003892,28.575470000283225],[-81.40187999986381,28.57554499998661],[-81.40187999986381,28.575609000164544],[-81.40188200041196,28.57576400007666],[-81.40188200041196,28.575800999675828],[-81.40188300023686,28.575866000006215],[-81.40188400006177,28.575928999681256],[-81.40243100040794,28.57592199989453],[-81.40242499966185,28.575757999799293],[-81.4019700002755,28.57576299976748],[-81.4019569998567,28.575523999759486],[-81.40242499966185,28.575510000131686],[-81.40242399983694,28.57536900028265],[-81.40296699998515,28.575359999832653],[-81.40296699998515,28.575243999749272]]]},"properties":{"block_id":"120950126004021","school_id":"sch_lake_silver_elementary","kids_est":1,"class":"green","shortest":{"len_m":187.9,"mean_c":37.5,"peak_c":37.5,"dose":11.6},"coolest":{"len_m":187.9,"mean_c":37.5,"peak_c":37.5,"dose":11.6},"delta_mean_c":0.0,"delta_dose_pct":0,"distance_mi":0.146,"status_now":"walk","status_rec":"walk","reason":"Shortest route already under threshold (dose 12).","safe_until_hour":null}},{"type":"Feature","geometry":{"type":"Polygon","coordinates":[[[-81.40398399978629,28.574670000120094],[-81.40399800003,28.574670000120094],[-81.40396200004498,28.574525000228103],[-81.40386199958756,28.574115000377063],[-81.40385200044012,28.5740909996782],[-81.40384099967116,28.574063000039324],[-81.40380399986124,28.57401700005286],[-81.40375600018068,28.573981999689565],[-81.40368699968538,28.573955000348047],[-81.40361600043859,28.57394399991307],[-81.40322499972801,28.573955000348047],[-81.40184899990167,28.573972999909827],[-81.4018649997952,28.574693000367503],[-81.40186599962011,28.574718999989425],[-81.4029639996121,28.574682000009712],[-81.40393199990777,28.57467099965075],[-81.40394500032656,28.574670000120094],[-81.40398399978629,28.574670000120094]]]},"properties":{"block_id":"120950126004011","school_id":"sch_lake_silver_elementary","kids_est":0,"class":"green","shortest":{"len_m":185.6,"mean_c":37.5,"peak_c":37.5,"dose":11.5},"coolest":{"len_m":185.6,"mean_c":37.5,"peak_c":37.5,"dose":11.5},"delta_mean_c":0.0,"delta_dose_pct":0,"distance_mi":0.118,"status_now":"walk","status_rec":"walk","reason":"Shortest route already under threshold (dose 12).","safe_until_hour":null}},{"type":"Feature","geometry":{"type":"Polygon","coordinates":[[[-81.40190400015327,28.578022000218713],[-81.40190199960513,28.57784799971579],[-81.40190099978021,28.577646000239746],[-81.40189800030548,28.577376000139026],[-81.40189599975734,28.577194999654267],[-81.40178399960436,28.577195999949822],[-81.40171199963433,28.577197000245373],[-81.40114300044515,28.577203999947244],[-81.39986899982776,28.577221999742004],[-81.39970499979623,28.577237999732283],[-81.39954800033571,28.577264999808964],[-81.39944500040355,28.57728599968852],[-81.399021000081,28.57737699964397],[-81.39888899983654,28.577401999886707],[-81.39894800028608,28.57758400030712],[-81.39895699960859,28.577611000295],[-81.39904899967009,28.577798000225258],[-81.39915499997531,28.5779700002346],[-81.3992319999682,28.57808299960606],[-81.39934099974815,28.57824200017063],[-81.39970599962113,28.578082000107834],[-81.39979000018502,28.578057000026707],[-81.3998920002923,28.57804900009417],[-81.40128599966198,28.578030000153316],[-81.40181200009174,28.578024000005204],[-81.40190400015327,28.578022000218713]]]},"properties":{"block_id":"120950126004003","school_id":"sch_lake_silver_elementary","kids_est":1,"class":"green","shortest":{"len_m":703.9,"mean_c":37.5,"peak_c":37.5,"dose":43.8},"coolest":{"len_m":703.9,"mean_c":37.5,"peak_c":37.5,"dose":43.8},"delta_mean_c":0.0,"delta_dose_pct":0,"distance_mi":0.281,"status_now":"walk","status_rec":"walk","reason":"Shortest route already under threshold (dose 44).","safe_until_hour":null}},{"type":"Feature","geometry":{"type":"Polygon","coordinates":[[[-81.40298799990155,28.577361999968808],[-81.40297700003089,28.57671099985723],[-81.40297399965785,28.57625899969175],[-81.40188700043483,28.576279000256758],[-81.40188800025973,28.576372000112436],[-81.40189599975734,28.577194999654267],[-81.40189800030548,28.577376000139026],[-81.4022020000791,28.57736899965971],[-81.40298799990155,28.577361999968808]]]},"properties":{"block_id":"120950126004014","school_id":"sch_lake_silver_elementary","kids_est":3,"class":"green","shortest":{"len_m":370.1,"mean_c":37.5,"peak_c":37.5,"dose":23.0},"coolest":{"len_m":370.1,"mean_c":37.5,"peak_c":37.5,"dose":23.0},"delta_mean_c":0.0,"delta_dose_pct":0,"distance_mi":0.236,"status_now":"walk","status_rec":"walk","reason":"Shortest route already under threshold (dose 23).","safe_until_hour":null}},{"type":"Feature","geometry":{"type":"Polygon","coordinates":[[[-81.39877500003372,28.565722999773747],[-81.39877300038388,28.565592000335425],[-81.3987669996378,28.56519999987356],[-81.39876499998797,28.565070000194993],[-81.39876400016306,28.56493699990855],[-81.39876400016306,28.56453999966157],[-81.39876400016306,28.564407999911445],[-81.39851899994068,28.56440900032852],[-81.39778499999674,28.564416000092272],[-81.39754099959929,28.56441800013738],[-81.39754399997234,28.564678000155723],[-81.39755499984297,28.565586000266855],[-81.39755700039113,28.565736000299392],[-81.39812599958029,28.56573299987479],[-81.39877500003372,28.565722999773747]]]},"properties":{"block_id":"120950126003009","school_id":"sch_lake_silver_elementary","kids_est":0,"class":"green","shortest":{"len_m":1277.4,"mean_c":37.42,"peak_c":37.5,"dose":78.6},"coolest":{"len_m":1277.4,"mean_c":37.42,"peak_c":37.5,"dose":78.6},"delta_mean_c":0.0,"delta_dose_pct":0,"distance_mi":0.612,"status_now":"walk","status_rec":"walk","reason":"Shortest route already under threshold (dose 79).","safe_until_hour":null}},{"type":"Feature","geometry":{"type":"Polygon","coordinates":[[[-81.39754399997234,28.564678000155723],[-81.39754099959929,28.56441800013738],[-81.39753800012454,28.56379300036345],[-81.39562199962472,28.563811000085693],[-81.39550500034717,28.563811000085693],[-81.39551399966969,28.564705999925128],[-81.39658999992037,28.56469399968673],[-81.39754399997234,28.564678000155723]]]},"properties":{"block_id":"120950126003018","school_id":"sch_lake_silver_elementary","kids_est":0,"class":"green","shortest":{"len_m":1700.3,"mean_c":37.39,"peak_c":37.5,"dose":103.8},"coolest":{"len_m":1700.3,"mean_c":37.39,"peak_c":37.5,"dose":103.8},"delta_mean_c":0.0,"delta_dose_pct":0,"distance_mi":0.7,"status_now":"walk","status_rec":"walk","reason":"Shortest route already under threshold (dose 104).","safe_until_hour":null}},{"type":"Feature","geometry":{"type":"Polygon","coordinates":[[[-81.40651200003131,28.574044000167362],[-81.40664199972764,28.57400000003563],[-81.4064400000613,28.573486000073924],[-81.40569699989653,28.572169999844583],[-81.40546099989498,28.571767999904516],[-81.40538100042734,28.57178599984047],[-81.40529299966548,28.571801000310703],[-81.4055670002002,28.572169999844583],[-81.40610100012756,28.57314799973728],[-81.40651200003131,28.574044000167362]]]},"properties":{"block_id":"120950187001017","school_id":"sch_lake_silver_elementary","kids_est":0,"class":"green","shortest":{"len_m":725.6,"mean_c":37.44,"peak_c":37.5,"dose":44.7},"coolest":{"len_m":725.6,"mean_c":37.44,"peak_c":37.5,"dose":44.7},"delta_mean_c":0.0,"delta_dose_pct":0,"distance_mi":0.302,"status_now":"walk","status_rec":"walk","reason":"Shortest route already under threshold (dose 45).","safe_until_hour":null}},{"type":"Feature","geometry":{"type":"Polygon","coordinates":[[[-81.40669899962906,28.571439999918397],[-81.40661400013856,28.571268999840104],[-81.40602800033264,28.570286999970197],[-81.40602099976162,28.57026400033736],[-81.40601699956366,28.570209000166027],[-81.40592000037762,28.570200000063526],[-81.4057789999123,28.570189000024886],[-81.40572500038394,28.57019299989563],[-81.40568900039894,28.570198000128315],[-81.40563599979717,28.57021199967411],[-81.40541800023728,28.570314999825072],[-81.40524499998492,28.570397000202547],[-81.40515499957323,28.57043900033267],[-81.40513600020498,28.570447000055],[-81.40480899996682,28.570599999755668],[-81.40477100033198,28.570615999964158],[-81.40504499996838,28.57106200016229],[-81.40546099989498,28.571767999904516],[-81.4055880001166,28.571742000342223],[-81.40612899971667,28.57159999982771],[-81.40647799969614,28.57149799970656],[-81.40669899962906,28.571439999918397]]]},"properties":{"block_id":"120950187001019","school_id":"sch_lake_silver_elementary","kids_est":7,"class":"green","shortest":{"len_m":749.0,"mean_c":37.44,"peak_c":37.5,"dose":46.2},"coolest":{"len_m":749.0,"mean_c":37.44,"peak_c":37.5,"dose":46.2},"delta_mean_c":0.0,"delta_dose_pct":0,"distance_mi":0.333,"status_now":"walk","status_rec":"walk","reason":"Shortest route already under threshold (dose 46).","safe_until_hour":null}},{"type":"Feature","geometry":{"type":"Polygon","coordinates":[[[-81.40296799981006,28.57515800031212],[-81.40296699998515,28.575058999854836],[-81.40296600016023,28.574960000093277],[-81.4029639996121,28.574682000009712],[-81.40186599962011,28.574718999989425],[-81.40187099964298,28.574993999814694],[-81.40187499984094,28.575171999986765],[-81.40216600009408,28.57517099967204],[-81.402491999609,28.575165999675683],[-81.40296799981006,28.57515800031212]]]},"properties":{"block_id":"120950126004022","school_id":"sch_lake_silver_elementary","kids_est":5,"class":"green","shortest":{"len_m":139.9,"mean_c":37.5,"peak_c":37.5,"dose":8.7},"coolest":{"len_m":139.9,"mean_c":37.5,"peak_c":37.5,"dose":8.7},"delta_mean_c":0.0,"delta_dose_pct":0,"distance_mi":0.121,"status_now":"walk","status_rec":"walk","reason":"Shortest route already under threshold (dose 9).","safe_until_hour":null}},{"type":"Feature","geometry":{"type":"Polygon","coordinates":[[[-81.40264700031803,28.567324999890626],[-81.40269699964843,28.56730899997065],[-81.40238600020211,28.566884999626428],[-81.40148200037888,28.565906999902015],[-81.40137699989857,28.565986000141354],[-81.40198299979598,28.56662500032689],[-81.40259399971626,28.567372000036023],[-81.40264700031803,28.567324999890626]]]},"properties":{"block_id":"120950187001025","school_id":"sch_lake_silver_elementary","kids_est":0,"class":"green","shortest":{"len_m":1215.5,"mean_c":37.42,"peak_c":37.5,"dose":74.6},"coolest":{"len_m":1215.5,"mean_c":37.42,"peak_c":37.5,"dose":74.6},"delta_mean_c":0.0,"delta_dose_pct":0,"distance_mi":0.481,"status_now":"walk","status_rec":"walk","reason":"Shortest route already under threshold (dose 75).","safe_until_hour":null}},{"type":"Feature","geometry":{"type":"Polygon","coordinates":[[[-81.40696599959274,28.578061000387194],[-81.40696800014089,28.5780289998657],[-81.40694200020161,28.577315999847194],[-81.40694800004941,28.57689499970341],[-81.40695100042245,28.576707999745594],[-81.40694999969924,28.576608999958147],[-81.40694899987432,28.576383000293514],[-81.40693200015588,28.57593100029637],[-81.40684699976707,28.575268999710048],[-81.40681499998001,28.575105999701044],[-81.40666000016931,28.57456099994244],[-81.40662400018431,28.57456599996755],[-81.40657099958254,28.574567000288102],[-81.40596399986023,28.574576000017014],[-81.40597499973087,28.575485999751095],[-81.40598099957865,28.575946999694178],[-81.40591899965438,28.57594800000154],[-81.40592399967727,28.57639699980514],[-81.40592500040047,28.576443000328638],[-81.405420999712,28.57644899977803],[-81.40531500030511,28.57644899977803],[-81.40512799980905,28.57609599963902],[-81.40510000021996,28.576044000280508],[-81.40506000003698,28.57596299987833],[-81.40502700042502,28.575895000261955],[-81.40498200021919,28.57579800032708],[-81.40494399968604,28.575708000104225],[-81.40489199980749,28.57557799999692],[-81.40484800032488,28.575460999841894],[-81.40481999983747,28.575376000106157],[-81.40478300002755,28.57526000004042],[-81.40475799991319,28.575175000142217],[-81.40472899960088,28.575065999698978],[-81.40463300023973,28.575067000014773],[-81.40464099973732,28.57510000017505],[-81.40465599980595,28.575160000153062],[-81.40466500002678,28.575188999814664],[-81.40475000041559,28.575452999711917],[-81.40476100028624,28.575487000062907],[-81.40478300002755,28.57554000000804],[-81.40484599977674,28.57569699985256],[-81.40485900019553,28.57572799998511],[-81.40495700010484,28.575938000082488],[-81.40506900025782,28.576154000015837],[-81.40514799990052,28.576305000275585],[-81.40520099960398,28.57640699968055],[-81.40530500025937,28.576608999958147],[-81.40538800010005,28.576768000384234],[-81.40578399993517,28.577521000045504],[-81.40594499959366,28.577825000158203],[-81.40615200018121,28.57821799962451],[-81.40636499971822,28.578210999990105],[-81.40645799960463,28.57820900020719],[-81.40686500020873,28.57819699993103],[-81.40694499967636,28.578195000147836],[-81.40696599959274,28.578061000387194]]]},"properties":{"block_id":"120950126004007","school_id":"sch_lake_silver_elementary","kids_est":0,"class":"green","shortest":{"len_m":1074.3,"mean_c":37.43,"peak_c":37.5,"dose":66.1},"coolest":{"len_m":1074.3,"mean_c":37.43,"peak_c":37.5,"dose":66.1},"delta_mean_c":0.0,"delta_dose_pct":0,"distance_mi":0.372,"status_now":"walk","status_rec":"walk","reason":"Shortest route already under threshold (dose 66).","safe_until_hour":null}},{"type":"Feature","geometry":{"type":"Polygon","coordinates":[[[-81.40510299969469,28.57181799989437],[-81.40529299966548,28.571801000310703],[-81.40463499988955,28.570678000058866],[-81.4042929995828,28.570092999925603],[-81.40414699999292,28.57008799968792],[-81.40388099985412,28.570066000374947],[-81.40374100011205,28.570042000330286],[-81.40360700021775,28.570001999980672],[-81.40348300036919,28.56994899961242],[-81.40336899966805,28.569886999877106],[-81.40326400008607,28.569814000027332],[-81.4031670000017,28.569733000350972],[-81.40307999996305,28.56964400004054],[-81.40283100044104,28.56933900037351],[-81.40215199985037,28.568227999716225],[-81.40200700008542,28.567986000376266],[-81.40198199997106,28.567944999650503],[-81.40195000018402,28.567975000106152],[-81.40204899991824,28.568138999710694],[-81.40214400035276,28.568296999934685],[-81.40272799961056,28.569262999819603],[-81.40278899970993,28.56936400015958],[-81.40284399996152,28.569454000287134],[-81.40292799962711,28.569582999704497],[-81.40304700035111,28.569765000240338],[-81.4031390004126,28.569925000329977],[-81.40317700004745,28.56999600016361],[-81.40322599955292,28.570087000113727],[-81.40330699974378,28.570251000371186],[-81.40338100026194,28.570417999875247],[-81.40344999985892,28.570586999831008],[-81.40351199978319,28.570758000228857],[-81.40356899968461,28.57092999991498],[-81.40368400021065,28.571349999911806],[-81.40372299967039,28.57149099962501],[-81.40376399967828,28.57165399971261],[-81.40385900011283,28.571817000336555],[-81.40391699983914,28.571815999989855],[-81.40402300014436,28.571817000336555],[-81.40407800039593,28.571819000241003],[-81.40446699966006,28.57182600030079],[-81.40493600018844,28.571823000049843],[-81.40510299969469,28.57181799989437]]]},"properties":{"block_id":"120950126004035","school_id":"sch_lake_silver_elementary","kids_est":0,"class":"green","shortest":{"len_m":607.5,"mean_c":37.45,"peak_c":37.5,"dose":37.5},"coolest":{"len_m":607.5,"mean_c":37.45,"peak_c":37.5,"dose":37.5},"delta_mean_c":0.0,"delta_dose_pct":0,"distance_mi":0.26,"status_now":"walk","status_rec":"walk","reason":"Shortest route already under threshold (dose 38).","safe_until_hour":null}},{"type":"Feature","geometry":{"type":"Polygon","coordinates":[[[-81.40332699983526,28.572780000026544],[-81.4032930003984,28.571858999899852],[-81.40319799996384,28.571871000110097],[-81.40257000032513,28.57188199997289],[-81.40258399967051,28.572199999884482],[-81.40259999956403,28.57278399979878],[-81.40332699983526,28.572780000026544]]]},"properties":{"block_id":"120950126004028","school_id":"sch_lake_silver_elementary","kids_est":5,"class":"green","shortest":{"len_m":299.0,"mean_c":37.5,"peak_c":37.5,"dose":18.6},"coolest":{"len_m":299.0,"mean_c":37.5,"peak_c":37.5,"dose":18.6},"delta_mean_c":0.0,"delta_dose_pct":0,"distance_mi":0.141,"status_now":"walk","status_rec":"walk","reason":"Shortest route already under threshold (dose 19).","safe_until_hour":null}},{"type":"Feature","geometry":{"type":"Polygon","coordinates":[[[-81.3976469999045,28.57012499970543],[-81.39764299970652,28.569942999792342],[-81.39763100001096,28.569400000062057],[-81.39762799963792,28.569219000055234],[-81.39721599990928,28.569221000009048],[-81.39687699997556,28.569224000334202],[-81.39625600000954,28.569234999684802],[-81.39598400002298,28.56923699963831],[-81.39557300011923,28.56924100033419],[-81.39557599959397,28.56942400025315],[-81.39558700036294,28.569972999678278],[-81.39559099966259,28.570157000264533],[-81.39583500006006,28.570150999667355],[-81.39600199956632,28.570148000157594],[-81.39714399993925,28.57013500017702],[-81.39723600000076,28.57013399981433],[-81.39754599962215,28.57013399981433],[-81.39761599994235,28.57013300024057],[-81.3976469999045,28.57012499970543]]]},"properties":{"block_id":"120950126002008","school_id":"sch_lake_silver_elementary","kids_est":3,"class":"green","shortest":{"len_m":1016.5,"mean_c":37.49,"peak_c":37.5,"dose":63.1},"coolest":{"len_m":1017.0,"mean_c":37.48,"peak_c":37.5,"dose":63.0},"delta_mean_c":-0.01,"delta_dose_pct":0,"distance_mi":0.383,"status_now":"walk","status_rec":"walk","reason":"Shortest route already under threshold (dose 63).","safe_until_hour":null}},{"type":"Feature","geometry":{"type":"Polygon","coordinates":[[[-81.40113500004924,28.567009000231348],[-81.40119299977555,28.56700100024759],[-81.40111300030794,28.566868999639507],[-81.40087300010842,28.566474000375145],[-81.40079399956738,28.566343000293664],[-81.40075000008477,28.566353000335788],[-81.40045399980876,28.566357000352344],[-81.39943399963457,28.56637299962809],[-81.39909399987594,28.56637899965174],[-81.39909499970085,28.566511000085555],[-81.39909800007389,28.56690700039337],[-81.39909999972373,28.567039999767978],[-81.39951800019847,28.567033000178814],[-81.4007740003742,28.56701399982637],[-81.40113500004924,28.567009000231348]]]},"properties":{"block_id":"120950126003006","school_id":"sch_lake_silver_elementary","kids_est":0,"class":"green","shortest":{"len_m":1021.8,"mean_c":37.45,"peak_c":37.5,"dose":63.0},"coolest":{"len_m":1021.8,"mean_c":37.45,"peak_c":37.5,"dose":63.0},"delta_mean_c":0.0,"delta_dose_pct":0,"distance_mi":0.478,"status_now":"walk","status_rec":"walk","reason":"Shortest route already under threshold (dose 63).","safe_until_hour":null}},{"type":"Feature","geometry":{"type":"Polygon","coordinates":[[[-81.39553200011136,28.567421000148464],[-81.39552299989052,28.566513000090843],[-81.39511799983457,28.5665199997146],[-81.39479899999233,28.566525999729862],[-81.39390400038994,28.566531000136802],[-81.39360800011393,28.56653300014172],[-81.39350000015888,28.56653700015143],[-81.3935009999838,28.566718000037877],[-81.39350600000667,28.56726300018706],[-81.39350799965649,28.567445000002024],[-81.39553200011136,28.567421000148464]]]},"properties":{"block_id":"120950126002017","school_id":"sch_lake_silver_elementary","kids_est":3,"class":"green","shortest":{"len_m":1635.2,"mean_c":37.4,"peak_c":37.5,"dose":99.8},"coolest":{"len_m":1635.2,"mean_c":37.4,"peak_c":37.5,"dose":99.8},"delta_mean_c":0.0,"delta_dose_pct":0,"distance_mi":0.606,"status_now":"walk","status_rec":"walk","reason":"Shortest route already under threshold (dose 100).","safe_until_hour":null}},{"type":"Feature","geometry":{"type":"Polygon","coordinates":[[[-81.40192400024475,28.57967199968569],[-81.40192300041984,28.57958299989487],[-81.40192000004679,28.579317999832387],[-81.40192000004679,28.57923000001823],[-81.40191900022188,28.579153000021844],[-81.40191599984882,28.578922999973543],[-81.40191599984882,28.578847000032276],[-81.40182899981019,28.578848000312117],[-81.40044799996099,28.578864000055052],[-81.40031099969363,28.578876999745788],[-81.4001750001495,28.57890799972998],[-81.40006100034668,28.578946000079917],[-81.39998699982851,28.578978000322426],[-81.3998720002008,28.57903499962087],[-81.39995500004149,28.579179000119158],[-81.39996199971417,28.579190000006687],[-81.40003000038455,28.579340999852377],[-81.40008499973783,28.57949700006086],[-81.4001259997457,28.5796469999825],[-81.40012900011875,28.57965600006565],[-81.40015800043106,28.579811000325122],[-81.40025600034035,28.57979600020821],[-81.40048499977091,28.57972799991431],[-81.40050200038766,28.579723999617233],[-81.40065800002327,28.579697000171752],[-81.40078100004692,28.579686999820236],[-81.40149700044749,28.579677000256655],[-81.40183600038121,28.57967299995768],[-81.40185300009963,28.57967199968569],[-81.40190599980309,28.57967199968569],[-81.40192400024475,28.57967199968569]]]},"properties":{"block_id":"120950126004001","school_id":"sch_lake_silver_elementary","kids_est":5,"class":"green","shortest":{"len_m":602.0,"mean_c":37.5,"peak_c":37.5,"dose":37.4},"coolest":{"len_m":602.0,"mean_c":37.5,"peak_c":37.5,"dose":37.4},"delta_mean_c":0.0,"delta_dose_pct":0,"distance_mi":0.39,"status_now":"walk","status_rec":"walk","reason":"Shortest route already under threshold (dose 37).","safe_until_hour":null}},{"type":"Feature","geometry":{"type":"Polygon","coordinates":[[[-81.39970499979623,28.570105000337264],[-81.39970099959827,28.56992200002481],[-81.39968999972761,28.569373999914568],[-81.39968700025287,28.5691920002803],[-81.39927499962592,28.569196999771606],[-81.39803900043997,28.569213000193464],[-81.39762799963792,28.569219000055234],[-81.39763100001096,28.569400000062057],[-81.39764299970652,28.569942999792342],[-81.3976469999045,28.57012499970543],[-81.39774399998886,28.570124000131585],[-81.39805799980823,28.57012299976879],[-81.39828700013709,28.57012299976879],[-81.39864299978923,28.570116000384697],[-81.39929300006757,28.570109000211204],[-81.39970499979623,28.570105000337264]]]},"properties":{"block_id":"120950126004040","school_id":"sch_lake_silver_elementary","kids_est":0,"class":"green","shortest":{"len_m":817.2,"mean_c":37.5,"peak_c":37.5,"dose":50.9},"coolest":{"len_m":817.3,"mean_c":37.48,"peak_c":37.5,"dose":50.8},"delta_mean_c":-0.02,"delta_dose_pct":0,"distance_mi":0.308,"status_now":"walk","status_rec":"walk","reason":"Shortest route already under threshold (dose 51).","safe_until_hour":null}},{"type":"Feature","geometry":{"type":"Polygon","coordinates":[[[-81.39972099968975,28.571015999652673],[-81.3997170003901,28.57083300013575],[-81.39970800016926,28.570286999970197],[-81.39970499979623,28.570105000337264],[-81.39929300006757,28.570109000211204],[-81.39864299978923,28.570116000384697],[-81.39828700013709,28.57012299976879],[-81.39805799980823,28.57012299976879],[-81.39774399998886,28.570124000131585],[-81.3976469999045,28.57012499970543],[-81.39765199992736,28.57030799966482],[-81.39765600012532,28.570426999959096],[-81.3976619999731,28.570856999999968],[-81.39766500034615,28.571040999829226],[-81.39807600024989,28.571035999636607],[-81.39930899996108,28.571020000280846],[-81.39972099968975,28.571015999652673]]]},"properties":{"block_id":"120950126004039","school_id":"sch_lake_silver_elementary","kids_est":2,"class":"green","shortest":{"len_m":732.5,"mean_c":37.5,"peak_c":37.5,"dose":45.7},"coolest":{"len_m":732.5,"mean_c":37.5,"peak_c":37.5,"dose":45.7},"delta_mean_c":0.0,"delta_dose_pct":0,"distance_mi":0.255,"status_now":"walk","status_rec":"walk","reason":"Shortest route already under threshold (dose 46).","safe_until_hour":null}},{"type":"Feature","geometry":{"type":"Polygon","coordinates":[[[-81.39968700025287,28.5691920002803],[-81.39968200023,28.569010000331257],[-81.39966999963612,28.568464000173147],[-81.39966700016139,28.568283000134112],[-81.3992949997174,28.568289999640125],[-81.39760699972153,28.568306999791076],[-81.39762799963792,28.569219000055234],[-81.39803900043997,28.569213000193464],[-81.39927499962592,28.569196999771606],[-81.39968700025287,28.5691920002803]]]},"properties":{"block_id":"120950126004041","school_id":"sch_lake_silver_elementary","kids_est":5,"class":"green","shortest":{"len_m":935.6,"mean_c":37.49,"peak_c":37.5,"dose":58.1},"coolest":{"len_m":936.3,"mean_c":37.47,"peak_c":37.5,"dose":58.0},"delta_mean_c":-0.02,"delta_dose_pct":0,"distance_mi":0.365,"status_now":"walk","status_rec":"walk","reason":"Shortest route already under threshold (dose 58).","safe_until_hour":null}},{"type":"Feature","geometry":{"type":"Polygon","coordinates":[[[-81.39567799970122,28.574749999621268],[-81.3956760000514,28.574609999862563],[-81.39567000020362,28.574190000257556],[-81.39566799965547,28.574049999753647],[-81.39566400035584,28.57381799972554],[-81.39565199976195,28.57312199972709],[-81.39564900028721,28.57289100035571],[-81.39523699966024,28.57289599967125],[-81.394000999576,28.57291400020315],[-81.39358999967226,28.572919999853806],[-81.39359499969513,28.573284999654504],[-81.39361099958866,28.574380999669742],[-81.39361700033474,28.574747000242606],[-81.39361700033474,28.574772999851184],[-81.39401599964461,28.57477200032151],[-81.3940290000634,28.5747710000029],[-81.39462400009015,28.57476099997196],[-81.39526500014766,28.574754000107525],[-81.39567799970122,28.574749999621268]]]},"properties":{"block_id":"120950126001006","school_id":"sch_lake_silver_elementary","kids_est":15,"class":"green","shortest":{"len_m":861.3,"mean_c":37.55,"peak_c":37.6,"dose":54.2},"coolest":{"len_m":861.3,"mean_c":37.55,"peak_c":37.6,"dose":54.2},"delta_mean_c":0.0,"delta_dose_pct":0,"distance_mi":0.394,"status_now":"walk","status_rec":"walk","reason":"Shortest route already under threshold (dose 54).","safe_until_hour":null}},{"type":"Feature","geometry":{"type":"Polygon","coordinates":[[[-81.39361999980949,28.575025000154408],[-81.39361899998457,28.57494699991845],[-81.39361700033474,28.574772999851184],[-81.39361700033474,28.574747000242606],[-81.39351699987732,28.574849000369355],[-81.39321999977642,28.57515399984124],[-81.39312100004221,28.575256999887397],[-81.39329500011948,28.575253000209113],[-81.39336299989154,28.57525199989515],[-81.39346300034897,28.575228000244536],[-81.39350699983159,28.575208999794206],[-81.39354000034186,28.575186999974218],[-81.39358299999958,28.575140999690444],[-81.39360399991597,28.57510800033187],[-81.39361499978662,28.575080000174765],[-81.39361999980949,28.575025000154408]]]},"properties":{"block_id":"120950126001003","school_id":"sch_lake_silver_elementary","kids_est":12,"class":"green","shortest":{"len_m":928.7,"mean_c":37.53,"peak_c":37.6,"dose":58.2},"coolest":{"len_m":928.7,"mean_c":37.53,"peak_c":37.6,"dose":58.2},"delta_mean_c":0.0,"delta_dose_pct":0,"distance_mi":0.477,"status_now":"walk","status_rec":"walk","reason":"Shortest route already under threshold (dose 58).","safe_until_hour":null}},{"type":"Feature","geometry":{"type":"Polygon","coordinates":[[[-81.39762799963792,28.569219000055234],[-81.39760699972153,28.568306999791076],[-81.39555100037794,28.568329999851624],[-81.39557300011923,28.56924100033419],[-81.39598400002298,28.56923699963831],[-81.39625600000954,28.569234999684802],[-81.39687699997556,28.569224000334202],[-81.39721599990928,28.569221000009048],[-81.39762799963792,28.569219000055234]]]},"properties":{"block_id":"120950126002009","school_id":"sch_lake_silver_elementary","kids_est":16,"class":"green","shortest":{"len_m":1235.2,"mean_c":37.48,"peak_c":37.5,"dose":76.5},"coolest":{"len_m":1236.1,"mean_c":37.47,"peak_c":37.5,"dose":76.3},"delta_mean_c":-0.01,"delta_dose_pct":0,"distance_mi":0.43,"status_now":"walk","status_rec":"walk","reason":"Shortest route already under threshold (dose 76).","safe_until_hour":null}},{"type":"Feature","geometry":{"type":"Polygon","coordinates":[[[-81.39361700033474,28.574747000242606],[-81.39361099958866,28.574380999669742],[-81.39359499969513,28.573284999654504],[-81.39358999967226,28.572919999853806],[-81.39348099989232,28.572916999634057],[-81.3933880000059,28.572916999634057],[-81.3927820001085,28.57292300007348],[-81.39258000044214,28.57292600029305],[-81.39258200009195,28.573121000181676],[-81.39258799993974,28.573707999914248],[-81.39258999958956,28.573832999906053],[-81.39257899971889,28.573868000318914],[-81.3925579998025,28.573896000009697],[-81.39252199981749,28.573921000290817],[-81.39248300035774,28.57393399980352],[-81.39236299980882,28.57393500013009],[-81.39175100006365,28.573942000049012],[-81.39154699984915,28.57394500023954],[-81.39154900039728,28.574109000005627],[-81.39155799971981,28.574604999839554],[-81.39156100009285,28.574769999684282],[-81.39197199999657,28.574764999668883],[-81.39320499970779,28.574750999940065],[-81.39361700033474,28.574747000242606]]]},"properties":{"block_id":"120950126001007","school_id":"sch_lake_silver_elementary","kids_est":0,"class":"green","shortest":{"len_m":1063.5,"mean_c":37.52,"peak_c":37.6,"dose":66.7},"coolest":{"len_m":1063.5,"mean_c":37.52,"peak_c":37.6,"dose":66.7},"delta_mean_c":0.0,"delta_dose_pct":0,"distance_mi":0.508,"status_now":"walk","status_rec":"walk","reason":"Shortest route already under threshold (dose 67).","safe_until_hour":null}},{"type":"Feature","geometry":{"type":"Polygon","coordinates":[[[-81.39770200015607,28.572865999829816],[-81.39769600030829,28.572683000375054],[-81.39769200011034,28.572538000111166],[-81.39768500043765,28.572137000343073],[-81.39768200006459,28.571954999965662],[-81.39727100016086,28.571958999769272],[-81.39626500023036,28.57196999962287],[-81.39603900027456,28.571972999869615],[-81.39562900019573,28.571981000264252],[-81.39562699964759,28.572066000376328],[-81.39562900019573,28.572162999807748],[-81.39564400026434,28.57270899970486],[-81.39564900028721,28.57289100035571],[-81.39605900036605,28.572886000251],[-81.39729100025234,28.572870000387713],[-81.39770200015607,28.572865999829816]]]},"properties":{"block_id":"120950126001015","school_id":"sch_lake_silver_elementary","kids_est":2,"class":"green","shortest":{"len_m":726.4,"mean_c":37.5,"peak_c":37.6,"dose":45.5},"coolest":{"len_m":726.4,"mean_c":37.5,"peak_c":37.6,"dose":45.5},"delta_mean_c":0.0,"delta_dose_pct":0,"distance_mi":0.282,"status_now":"walk","status_rec":"walk","reason":"Shortest route already under threshold (dose 46).","safe_until_hour":null}},{"type":"Feature","geometry":{"type":"Polygon","coordinates":[[[-81.39552299989052,28.566513000090843],[-81.39551799986765,28.565613999794742],[-81.39348599991519,28.565636000038484],[-81.39348799956501,28.565816000281885],[-81.39349699978584,28.56635599995374],[-81.39350000015888,28.56653700015143],[-81.39360800011393,28.56653300014172],[-81.39390400038994,28.566531000136802],[-81.39479899999233,28.566525999729862],[-81.39511799983457,28.5665199997146],[-81.39552299989052,28.566513000090843]]]},"properties":{"block_id":"120950126003002","school_id":"sch_lake_silver_elementary","kids_est":7,"class":"green","shortest":{"len_m":1734.9,"mean_c":37.39,"peak_c":37.5,"dose":105.7},"coolest":{"len_m":1734.9,"mean_c":37.39,"peak_c":37.5,"dose":105.7},"delta_mean_c":0.0,"delta_dose_pct":0,"distance_mi":0.654,"status_now":"walk","status_rec":"walk","reason":"Shortest route already under threshold (dose 106).","safe_until_hour":null}},{"type":"Feature","geometry":{"type":"Polygon","coordinates":[[[-81.39757199956142,28.567393999912184],[-81.39756200041398,28.566491000030453],[-81.39588500028876,28.566513000090843],[-81.39552299989052,28.566513000090843],[-81.39553200011136,28.567421000148464],[-81.39757199956142,28.567393999912184]]]},"properties":{"block_id":"120950126002016","school_id":"sch_lake_silver_elementary","kids_est":30,"class":"green","shortest":{"len_m":1436.6,"mean_c":37.41,"peak_c":37.5,"dose":87.9},"coolest":{"len_m":1436.6,"mean_c":37.41,"peak_c":37.5,"dose":87.9},"delta_mean_c":0.0,"delta_dose_pct":0,"distance_mi":0.534,"status_now":"walk","status_rec":"walk","reason":"Shortest route already under threshold (dose 88).","safe_until_hour":null}},{"type":"Feature","geometry":{"type":"Polygon","coordinates":[[[-81.39801900034848,28.562738999776617],[-81.39813200032638,28.56269600008473],[-81.39758800035327,28.561800999721488],[-81.39750100031462,28.561834000097456],[-81.39717699955122,28.561936999769845],[-81.39716499985563,28.56193899986208],[-81.39701599989272,28.561974000286323],[-81.39686399955676,28.561999999895118],[-81.39669100020271,28.562019000363854],[-81.39659900014121,28.56202400019594],[-81.39643299956153,28.562019000363854],[-81.39627199990306,28.562008999909924],[-81.39606400038892,28.561974999937586],[-81.39595999973353,28.561947999882076],[-81.39586500019728,28.56191399989003],[-81.39585000012866,28.561907999611837],[-81.39565400031009,28.561827000162033],[-81.39556700027146,28.561802999816287],[-81.39546699981403,28.561798999626646],[-81.39542499998123,28.561800999721488],[-81.39545599994337,28.561881999980308],[-81.39554499963182,28.562164000132093],[-81.3955839999899,28.562332999930923],[-81.39563800041655,28.562346000086315],[-81.3957339997777,28.562382999669996],[-81.39581400014366,28.562431000091497],[-81.39589699998433,28.562500000165876],[-81.39605299961994,28.562618999822046],[-81.39618599968934,28.562698999806916],[-81.39634200022326,28.562776999654787],[-81.3964440003305,28.562817000383788],[-81.3965489999125,28.56285199972712],[-81.39667100011124,28.56288499977356],[-81.396753000127,28.562901000366132],[-81.39684900038645,28.562913999662364],[-81.39708799986275,28.56293000025054],[-81.39722099993214,28.562930999892718],[-81.39737599974283,28.56291999988322],[-81.39746100013164,28.562906000156374],[-81.39767399966867,28.562855999876746],[-81.39801900034848,28.562738999776617]]]},"properties":{"block_id":"120950126003046","school_id":"sch_lake_silver_elementary","kids_est":13,"class":"green","shortest":{"len_m":1623.2,"mean_c":37.4,"peak_c":37.5,"dose":99.3},"coolest":{"len_m":1623.2,"mean_c":37.4,"peak_c":37.5,"dose":99.3},"delta_mean_c":0.0,"delta_dose_pct":0,"distance_mi":0.813,"status_now":"walk","status_rec":"walk","reason":"Shortest route already under threshold (dose 99).","safe_until_hour":null}},{"type":"Feature","geometry":{"type":"Polygon","coordinates":[[[-81.39555100037794,28.568329999851624],[-81.39553200011136,28.567421000148464],[-81.39350799965649,28.567445000002024],[-81.39351500022751,28.567918999932502],[-81.39352100007528,28.56835600025707],[-81.39555100037794,28.568329999851624]]]},"properties":{"block_id":"120950126002014","school_id":"sch_lake_silver_elementary","kids_est":7,"class":"green","shortest":{"len_m":1482.2,"mean_c":37.46,"peak_c":37.5,"dose":91.4},"coolest":{"len_m":1483.1,"mean_c":37.45,"peak_c":37.5,"dose":91.2},"delta_mean_c":-0.01,"delta_dose_pct":0,"distance_mi":0.56,"status_now":"walk","status_rec":"walk","reason":"Shortest route already under threshold (dose 91).","safe_until_hour":null}},{"type":"Feature","geometry":{"type":"Polygon","coordinates":[[[-81.40427000001657,28.575754999660482],[-81.40422099961276,28.575624999611268],[-81.40418499962774,28.575526999904888],[-81.40416100023663,28.575437999762393],[-81.40414100014513,28.575331000218252],[-81.40410799963486,28.575148999844096],[-81.4040959999393,28.575148999844096],[-81.40405999995428,28.575148999844096],[-81.40404800025873,28.575148999844096],[-81.4040189999464,28.575150000159102],[-81.40389699974767,28.575150000159102],[-81.40353199987469,28.575153000315165],[-81.40341100039916,28.57515399984124],[-81.4033219998124,28.57515399984124],[-81.40305300019888,28.57515699999719],[-81.40296799981006,28.57515800031212],[-81.40296699998515,28.575243999749272],[-81.40296699998515,28.575359999832653],[-81.40296699998515,28.575503999839825],[-81.40296699998515,28.575591000093773],[-81.40296699998515,28.575676999965786],[-81.40296699998515,28.575777000150527],[-81.40304900000092,28.575775999841476],[-81.40351699980607,28.57576900004457],[-81.40352900039994,28.5762500001068],[-81.40374699995984,28.576246999982033],[-81.40380600040939,28.576246999982033],[-81.40414399961988,28.576248000286594],[-81.40414199997004,28.576175999633534],[-81.40413799977209,28.575762000247206],[-81.40417200010728,28.575762000247206],[-81.40419399984859,28.575760999938016],[-81.40427000001657,28.575754999660482]]]},"properties":{"block_id":"120950126004012","school_id":"sch_lake_silver_elementary","kids_est":0,"class":"green","shortest":{"len_m":346.3,"mean_c":37.5,"peak_c":37.5,"dose":21.5},"coolest":{"len_m":346.7,"mean_c":37.5,"peak_c":37.5,"dose":21.4},"delta_mean_c":0.0,"delta_dose_pct":0,"distance_mi":0.207,"status_now":"walk","status_rec":"walk","reason":"Shortest route already under threshold (dose 22).","safe_until_hour":null}},{"type":"Feature","geometry":{"type":"Polygon","coordinates":[[[-81.40297399965785,28.57625899969175],[-81.40296899963498,28.576023999670806],[-81.40296699998515,28.575936999775028],[-81.40296699998515,28.575900000223655],[-81.40296699998515,28.575777000150527],[-81.40296699998515,28.575676999965786],[-81.40296699998515,28.575591000093773],[-81.40296699998515,28.575503999839825],[-81.40296699998515,28.575359999832653],[-81.40242399983694,28.57536900028265],[-81.40242499966185,28.575510000131686],[-81.4019569998567,28.575523999759486],[-81.4019700002755,28.57576299976748],[-81.40242499966185,28.575757999799293],[-81.40243100040794,28.57592199989453],[-81.40188400006177,28.575928999681256],[-81.40188400006177,28.575964000185603],[-81.40188400006177,28.5760130002411],[-81.40188700043483,28.576279000256758],[-81.40297399965785,28.57625899969175]]]},"properties":{"block_id":"120950126004016","school_id":"sch_lake_silver_elementary","kids_est":2,"class":"green","shortest":{"len_m":289.2,"mean_c":37.5,"peak_c":37.5,"dose":18.0},"coolest":{"len_m":289.6,"mean_c":37.5,"peak_c":37.5,"dose":17.9},"delta_mean_c":0.0,"delta_dose_pct":-1,"distance_mi":0.177,"status_now":"walk","status_rec":"walk","reason":"Shortest route already under threshold (dose 18).","safe_until_hour":null}},{"type":"Feature","geometry":{"type":"Polygon","coordinates":[[[-81.39995599986638,28.565070000194993],[-81.40001699996576,28.56505599996515],[-81.39961199990981,28.56439099991962],[-81.39956099985616,28.564397000056267],[-81.39876400016306,28.564407999911445],[-81.39876400016306,28.56453999966157],[-81.39876400016306,28.56493699990855],[-81.39876499998797,28.565070000194993],[-81.39901500023323,28.565070000194993],[-81.3997669997205,28.565070000194993],[-81.39995599986638,28.565070000194993]]]},"properties":{"block_id":"120950126003021","school_id":"sch_lake_silver_elementary","kids_est":0,"class":"green","shortest":{"len_m":1268.8,"mean_c":37.42,"peak_c":37.5,"dose":77.9},"coolest":{"len_m":1268.8,"mean_c":37.42,"peak_c":37.5,"dose":77.9},"delta_mean_c":0.0,"delta_dose_pct":0,"distance_mi":0.617,"status_now":"walk","status_rec":"walk","reason":"Shortest route already under threshold (dose 78).","safe_until_hour":null}},{"type":"Feature","geometry":{"type":"Polygon","coordinates":[[[-81.40414699999292,28.57008799968792],[-81.4042929995828,28.570092999925603],[-81.40320800000958,28.568300000286122],[-81.40259399971626,28.567372000036023],[-81.4025040002029,28.567450999964542],[-81.40244599957825,28.567504000013148],[-81.40208800027628,28.567842999930892],[-81.40198199997106,28.567944999650503],[-81.40200700008542,28.567986000376266],[-81.40215199985037,28.568227999716225],[-81.40283100044104,28.56933900037351],[-81.40307999996305,28.56964400004054],[-81.4031670000017,28.569733000350972],[-81.40326400008607,28.569814000027332],[-81.40336899966805,28.569886999877106],[-81.40348300036919,28.56994899961242],[-81.40360700021775,28.570001999980672],[-81.40374100011205,28.570042000330286],[-81.40388099985412,28.570066000374947],[-81.40414699999292,28.57008799968792]]]},"properties":{"block_id":"120950126004037","school_id":"sch_lake_silver_elementary","kids_est":0,"class":"green","shortest":{"len_m":1407.2,"mean_c":37.42,"peak_c":37.5,"dose":86.2},"coolest":{"len_m":1407.2,"mean_c":37.42,"peak_c":37.5,"dose":86.2},"delta_mean_c":0.0,"delta_dose_pct":0,"distance_mi":0.349,"status_now":"walk","status_rec":"walk","reason":"Shortest route already under threshold (dose 86).","safe_until_hour":null}},{"type":"Feature","geometry":{"type":"Polygon","coordinates":[[[-81.40404999990855,28.572778999688992],[-81.40400700025083,28.572610999648774],[-81.40387900020431,28.57210999973907],[-81.40383700037152,28.57194299976501],[-81.40385900011283,28.571817000336555],[-81.40380499968616,28.57181799989437],[-81.40379299999059,28.57181799989437],[-81.40365700044647,28.571821999703197],[-81.40359999964674,28.571823999607545],[-81.4032930003984,28.571858999899852],[-81.40332699983526,28.572780000026544],[-81.40404999990855,28.572778999688992]]]},"properties":{"block_id":"120950126004029","school_id":"sch_lake_silver_elementary","kids_est":0,"class":"green","shortest":{"len_m":315.8,"mean_c":37.49,"peak_c":37.5,"dose":19.6},"coolest":{"len_m":315.8,"mean_c":37.49,"peak_c":37.5,"dose":19.6},"delta_mean_c":0.0,"delta_dose_pct":0,"distance_mi":0.175,"status_now":"walk","status_rec":"walk","reason":"Shortest route already under threshold (dose 20).","safe_until_hour":null}},{"type":"Feature","geometry":{"type":"Polygon","coordinates":[[[-81.40489400035564,28.57942000025995],[-81.40489000015766,28.579182000160326],[-81.40488299958668,28.578680999990247],[-81.40488199976176,28.578470000352365],[-81.40488199976176,28.57823299996649],[-81.40468599994317,28.57823400025217],[-81.40410099996215,28.578240999885022],[-81.40390599996849,28.578242999667353],[-81.40392400041016,28.578573000306985],[-81.40392500023506,28.578582999975534],[-81.40395199999925,28.57866200016356],[-81.40398899980917,28.578719999914373],[-81.40405900012938,28.57879599994742],[-81.40460800012536,28.579273000053195],[-81.4047160000804,28.579366999903204],[-81.40476999960877,28.57939599998268],[-81.40483099970812,28.57941400019113],[-81.40489400035564,28.57942000025995]]]},"properties":{"block_id":"120950125001034","school_id":"sch_lake_silver_elementary","kids_est":5,"class":"green","shortest":{"len_m":753.6,"mean_c":37.44,"peak_c":37.5,"dose":46.4},"coolest":{"len_m":753.6,"mean_c":37.44,"peak_c":37.5,"dose":46.4},"delta_mean_c":0.0,"delta_dose_pct":0,"distance_mi":0.406,"status_now":"walk","status_rec":"walk","reason":"Shortest route already under threshold (dose 46).","safe_until_hour":null}},{"type":"Feature","geometry":{"type":"Polygon","coordinates":[[[-81.40191599984882,28.578847000032276],[-81.40190900017613,28.578267000207774],[-81.40190800035123,28.5782400003883],[-81.40190800035123,28.57820300006927],[-81.401906999628,28.57815799981298],[-81.40190599980309,28.578129999678918],[-81.40190400015327,28.57804900009417],[-81.40190400015327,28.578022000218713],[-81.40181200009174,28.578024000005204],[-81.40128599966198,28.578030000153316],[-81.3998920002923,28.57804900009417],[-81.39979000018502,28.578057000026707],[-81.39970599962113,28.578082000107834],[-81.39934099974815,28.57824200017063],[-81.39944700005337,28.578400000210767],[-81.39976500007067,28.578876000255093],[-81.3998720002008,28.57903499962087],[-81.39998699982851,28.578978000322426],[-81.40006100034668,28.578946000079917],[-81.4001750001495,28.57890799972998],[-81.40031099969363,28.578876999745788],[-81.40044799996099,28.578864000055052],[-81.40182899981019,28.578848000312117],[-81.40191599984882,28.578847000032276]]]},"properties":{"block_id":"120950126004002","school_id":"sch_lake_silver_elementary","kids_est":15,"class":"green","shortest":{"len_m":804.6,"mean_c":37.5,"peak_c":37.5,"dose":50.1},"coolest":{"len_m":804.6,"mean_c":37.5,"peak_c":37.5,"dose":50.1},"delta_mean_c":0.0,"delta_dose_pct":0,"distance_mi":0.335,"status_now":"walk","status_rec":"walk","reason":"Shortest route already under threshold (dose 50).","safe_until_hour":null}},{"type":"Feature","geometry":{"type":"Polygon","coordinates":[[[-81.40189599975734,28.577194999654267],[-81.40188800025973,28.576372000112436],[-81.40178399960436,28.57637299962692],[-81.40165499973291,28.57637500023365],[-81.40110699956182,28.576380000172527],[-81.39946399977181,28.57639899962252],[-81.39904199999741,28.576404000349143],[-81.39891700032393,28.576391999867063],[-81.39886700009522,28.576571999854302],[-81.39886299989726,28.576589000244763],[-81.39884700000374,28.576678999713916],[-81.3988310001102,28.57682699990063],[-81.39882699991225,28.576974999879166],[-81.39883600013309,28.577122000142055],[-81.39884700000374,28.57720099984968],[-81.39885799987438,28.577269000199568],[-81.39888899983654,28.577401999886707],[-81.399021000081,28.57737699964397],[-81.39944500040355,28.57728599968852],[-81.39954800033571,28.577264999808964],[-81.39970499979623,28.577237999732283],[-81.39986899982776,28.577221999742004],[-81.40114300044515,28.577203999947244],[-81.40171199963433,28.577197000245373],[-81.40178399960436,28.577195999949822],[-81.40189599975734,28.577194999654267]]]},"properties":{"block_id":"120950126004018","school_id":"sch_lake_silver_elementary","kids_est":0,"class":"green","shortest":{"len_m":540.8,"mean_c":37.5,"peak_c":37.5,"dose":33.7},"coolest":{"len_m":540.8,"mean_c":37.5,"peak_c":37.5,"dose":33.7},"delta_mean_c":0.0,"delta_dose_pct":0,"distance_mi":0.226,"status_now":"walk","status_rec":"walk","reason":"Shortest route already under threshold (dose 34).","safe_until_hour":null}},{"type":"Feature","geometry":{"type":"Polygon","coordinates":[[[-81.4079759997212,28.570000000041695],[-81.40796499985055,28.56992099966011],[-81.40794899995701,28.569853999659475],[-81.40793399988841,28.569801000005565],[-81.40791299997201,28.56974300007088],[-81.40789100023069,28.569692000305924],[-81.40786699994126,28.569647999932],[-81.40783900035217,28.56959999964649],[-81.4077280000241,28.569422000303177],[-81.40766899957454,28.56929699980429],[-81.40764500018341,28.5692249999166],[-81.40763299958952,28.569173999900585],[-81.407616999696,28.56901800016222],[-81.40761300039637,28.568554000281477],[-81.40760400017552,28.56814999996371],[-81.40760199962739,28.568019999984617],[-81.40759499995468,28.567212999610586],[-81.40727000026467,28.567217000383426],[-81.40629699994616,28.567229999935527],[-81.40597300008106,28.567235000309022],[-81.40599399999745,28.5686569996887],[-81.40601499991385,28.57007900036398],[-81.40620300023484,28.570076000063278],[-81.40726100004385,28.57005999977259],[-81.4077489999405,28.57004400026849],[-81.40780800039003,28.5700370000902],[-81.4078619999184,28.570026000034506],[-81.40789999955322,28.57001800028018],[-81.40795700035295,28.570005999858594],[-81.4079759997212,28.570000000041695]]]},"properties":{"block_id":"120950187001023","school_id":"sch_lake_silver_elementary","kids_est":0,"class":"green","shortest":{"len_m":1171.4,"mean_c":37.42,"peak_c":37.5,"dose":71.8},"coolest":{"len_m":1171.4,"mean_c":37.42,"peak_c":37.5,"dose":71.8},"delta_mean_c":0.0,"delta_dose_pct":0,"distance_mi":0.484,"status_now":"walk","status_rec":"walk","reason":"Shortest route already under threshold (dose 72).","safe_until_hour":null}},{"type":"Feature","geometry":{"type":"Polygon","coordinates":[[[-81.39455200012013,28.563817000255405],[-81.39453799987642,28.562614999663356],[-81.39451899960986,28.56244299979892],[-81.39448500017298,28.56229099972149],[-81.39444800036306,28.562175000220595],[-81.39439999978416,28.562062000332254],[-81.39434399970767,28.561952000066068],[-81.39427900030867,28.561845999872933],[-81.3942049997905,28.56174500020739],[-81.39412199994982,28.561649000294885],[-81.39403300026136,28.56155800014896],[-81.39393500035207,28.561473999883802],[-81.3938320004199,28.561395000202562],[-81.3935429998166,28.561192999909025],[-81.3934790002425,28.56116400033503],[-81.39343800023461,28.56115199969279],[-81.39342999983869,28.561262999664056],[-81.39343999988444,28.56204499996154],[-81.39345099975509,28.56255600006722],[-81.39345300030324,28.562910000303955],[-81.39345499995305,28.563091999757148],[-81.39346199962574,28.563638999808802],[-81.39346499999878,28.563822000002077],[-81.39357700015177,28.563824999692162],[-81.39455200012013,28.563817000255405]]]},"properties":{"block_id":"120950126003024","school_id":"sch_lake_silver_elementary","kids_est":10,"class":"red","shortest":{"len_m":2038.8,"mean_c":37.37,"peak_c":37.5,"dose":124.3},"coolest":{"len_m":2038.8,"mean_c":37.37,"peak_c":37.5,"dose":124.3},"delta_mean_c":0.0,"delta_dose_pct":0,"distance_mi":0.867,"status_now":"walk","status_rec":"bus_eligible","reason":"Coolest route mean 37.4C exceeds threshold (110 C-min dose, actual 124).","safe_until_hour":"14:00"}},{"type":"Feature","geometry":{"type":"Polygon","coordinates":[[[-81.39750100031462,28.561834000097456],[-81.39758800035327,28.561800999721488],[-81.39708200001498,28.560967000269482],[-81.39698800030364,28.561000999778475],[-81.39677300021847,28.561051999810342],[-81.39659499994325,28.561083000312685],[-81.39640300032264,28.56110700003358],[-81.39609700000086,28.56111800023256],[-81.3958879997635,28.561116999784147],[-81.39565199976195,28.561104999925558],[-81.39549000027857,28.56109199961688],[-81.39545699976827,28.561088000189223],[-81.3954080002628,28.561158999673097],[-81.3952600001248,28.561374999964222],[-81.3952120004442,28.561446999699793],[-81.3952600001248,28.561514000319047],[-81.39533999959241,28.561626000352135],[-81.39539400001908,28.561724000381986],[-81.39539900004196,28.561732999631374],[-81.39542499998123,28.561800999721488],[-81.39546699981403,28.561798999626646],[-81.39556700027146,28.561802999816287],[-81.39565400031009,28.561827000162033],[-81.39585000012866,28.561907999611837],[-81.39586500019728,28.56191399989003],[-81.39595999973353,28.561947999882076],[-81.39606400038892,28.561974999937586],[-81.39627199990306,28.562008999909924],[-81.39643299956153,28.562019000363854],[-81.39659900014121,28.56202400019594],[-81.39669100020271,28.562019000363854],[-81.39686399955676,28.561999999895118],[-81.39701599989272,28.561974000286323],[-81.39716499985563,28.56193899986208],[-81.39717699955122,28.561936999769845],[-81.39750100031462,28.561834000097456]]]},"properties":{"block_id":"120950126003047","school_id":"sch_lake_silver_elementary","kids_est":0,"class":"red","shortest":{"len_m":2439.1,"mean_c":37.4,"peak_c":37.5,"dose":148.7},"coolest":{"len_m":2439.1,"mean_c":37.4,"peak_c":37.5,"dose":148.7},"delta_mean_c":0.0,"delta_dose_pct":0,"distance_mi":0.877,"status_now":"walk","status_rec":"bus_eligible","reason":"Coolest route mean 37.4C exceeds threshold (110 C-min dose, actual 149).","safe_until_hour":"14:00"}},{"type":"Feature","geometry":{"type":"Polygon","coordinates":[[[-81.40299399974934,28.577826999948435],[-81.40298799990155,28.577361999968808],[-81.4022020000791,28.57736899965971],[-81.40189800030548,28.577376000139026],[-81.40190099978021,28.577646000239746],[-81.40190199960513,28.57784799971579],[-81.40299399974934,28.577826999948435]]]},"properties":{"block_id":"120950126004015","school_id":"sch_lake_silver_elementary","kids_est":4,"class":"green","shortest":{"len_m":385.3,"mean_c":37.5,"peak_c":37.5,"dose":23.9},"coolest":{"len_m":385.3,"mean_c":37.5,"peak_c":37.5,"dose":23.9},"delta_mean_c":0.0,"delta_dose_pct":0,"distance_mi":0.287,"status_now":"walk","status_rec":"walk","reason":"Shortest route already under threshold (dose 24).","safe_until_hour":null}},{"type":"Feature","geometry":{"type":"Polygon","coordinates":[[[-81.40169300026606,28.568256000119057],[-81.40169200044116,28.568233999634113],[-81.4016890000681,28.56816999970344],[-81.4016890000681,28.568149000371044],[-81.4016820003954,28.567979999655286],[-81.4016809996722,28.567926000251692],[-81.40167200034966,28.567860999749403],[-81.40166200030393,28.567817999783433],[-81.40164899988514,28.567776999781195],[-81.40162399977078,28.567715000343934],[-81.40160799987726,28.567684000217188],[-81.40158600013594,28.5676459997439],[-81.4015049999451,28.567513999944897],[-81.40148700040173,28.567484999745755],[-81.40141600025663,28.56737099964705],[-81.40134000008864,28.56738300036916],[-81.40106300007922,28.567385999957747],[-81.40006700019447,28.567399999877665],[-81.40000100007224,28.567399000277877],[-81.39964799989482,28.567395999900704],[-81.39965100026787,28.56753199981968],[-81.39965999959037,28.5679409996943],[-81.39966299996343,28.568078000080074],[-81.39966299996343,28.568118999965048],[-81.39966600033647,28.56824200031304],[-81.39966700016139,28.568283000134112],[-81.40006100034668,28.568277000219034],[-81.40124600037731,28.568260999654843],[-81.4016520002582,28.568256000119057],[-81.4016820003954,28.568256000119057],[-81.40169300026606,28.568256000119057]]]},"properties":{"block_id":"120950126004033","school_id":"sch_lake_silver_elementary","kids_est":0,"class":"green","shortest":{"len_m":892.6,"mean_c":37.45,"peak_c":37.5,"dose":55.2},"coolest":{"len_m":892.6,"mean_c":37.45,"peak_c":37.5,"dose":55.2},"delta_mean_c":0.0,"delta_dose_pct":0,"distance_mi":0.396,"status_now":"walk","status_rec":"walk","reason":"Shortest route already under threshold (dose 55).","safe_until_hour":null}},{"type":"Feature","geometry":{"type":"Polygon","coordinates":[[[-81.40075000008477,28.566353000335788],[-81.40079399956738,28.566343000293664],[-81.40071499992466,28.56621200004917],[-81.40047800009819,28.56582099993358],[-81.40040000028041,28.565691000233148],[-81.40035000005169,28.565697999911634],[-81.40013800033958,28.56570100033723],[-81.3993509997939,28.565714000076554],[-81.39908899985306,28.565718999733097],[-81.39908999967798,28.565851000205793],[-81.39909300005102,28.56624699984138],[-81.39909399987594,28.56637899965174],[-81.39943399963457,28.56637299962809],[-81.40045399980876,28.566357000352344],[-81.40075000008477,28.566353000335788]]]},"properties":{"block_id":"120950126003007","school_id":"sch_lake_silver_elementary","kids_est":3,"class":"green","shortest":{"len_m":1106.6,"mean_c":37.44,"peak_c":37.5,"dose":68.1},"coolest":{"len_m":1106.6,"mean_c":37.44,"peak_c":37.5,"dose":68.1},"delta_mean_c":0.0,"delta_dose_pct":0,"distance_mi":0.524,"status_now":"walk","status_rec":"walk","reason":"Shortest route already under threshold (dose 68).","safe_until_hour":null}},{"type":"Feature","geometry":{"type":"Polygon","coordinates":[[[-81.39934800031916,28.56376599998533],[-81.39938900032703,28.563752000371025],[-81.39714800013721,28.56005800008972],[-81.39703199978626,28.560113000043327],[-81.39698900012854,28.560118999634888],[-81.39663699977605,28.560124000346235],[-81.39664199979892,28.56020399986046],[-81.39666699991328,28.56027999985553],[-81.39708200001498,28.560967000269482],[-81.39758800035327,28.561800999721488],[-81.39813200032638,28.56269600008473],[-81.39837199962759,28.563089000046162],[-81.39845799984131,28.563190999639655],[-81.39855999994856,28.5632779998182],[-81.39859799958339,28.563305000321495],[-81.39900199981444,28.56351200026803],[-81.39905799989093,28.56354700016919],[-81.39910300009677,28.56359200036319],[-81.39914300027975,28.563660000041178],[-81.39916500002104,28.563725999617027],[-81.39917099986884,28.563778000329602],[-81.39927100032627,28.563774999849187],[-81.39934800031916,28.56376599998533]]]},"properties":{"block_id":"120950126003032","school_id":"sch_lake_silver_elementary","kids_est":2,"class":"green","shortest":{"len_m":1623.2,"mean_c":37.4,"peak_c":37.5,"dose":99.3},"coolest":{"len_m":1623.2,"mean_c":37.4,"peak_c":37.5,"dose":99.3},"delta_mean_c":0.0,"delta_dose_pct":0,"distance_mi":0.832,"status_now":"walk","status_rec":"walk","reason":"Shortest route already under threshold (dose 99).","safe_until_hour":null}},{"type":"Feature","geometry":{"type":"Polygon","coordinates":[[[-81.39778300034693,28.57464600033671],[-81.39775099966157,28.57460199966792],[-81.39773499976805,28.574550999891553],[-81.39773300011822,28.574473000093057],[-81.3977239998974,28.57391699977288],[-81.39772100042264,28.57373199991156],[-81.3977180000496,28.57355800020138],[-81.39771200020182,28.573173999741037],[-81.39770700017894,28.57303900034944],[-81.39770200015607,28.572865999829816],[-81.39729100025234,28.572870000387713],[-81.39605900036605,28.572886000251],[-81.39564900028721,28.57289100035571],[-81.39565199976195,28.57312199972709],[-81.39566400035584,28.57381799972554],[-81.39566799965547,28.574049999753647],[-81.39567000020362,28.574190000257556],[-81.3956760000514,28.574609999862563],[-81.39567799970122,28.574749999621268],[-81.39610200002375,28.574742999756094],[-81.39737499991791,28.574725000326055],[-81.39757400010954,28.57472299968795],[-81.39763900040688,28.5747170001401],[-81.3977049996308,28.57469200004815],[-81.39778300034693,28.57464600033671]]]},"properties":{"block_id":"120950126001005","school_id":"sch_lake_silver_elementary","kids_est":17,"class":"green","shortest":{"len_m":861.1,"mean_c":37.55,"peak_c":37.6,"dose":54.2},"coolest":{"len_m":861.1,"mean_c":37.55,"peak_c":37.6,"dose":54.2},"delta_mean_c":0.0,"delta_dose_pct":0,"distance_mi":0.269,"status_now":"walk","status_rec":"walk","reason":"Shortest route already under threshold (dose 54).","safe_until_hour":null}}]}