{"type":"FeatureCollection","features":[{"type":"Feature","geometry":{"type":"Polygon","coordinates":[[[-81.45873000029863,28.59264199973706],[-81.45869000011565,28.59257200035287],[-81.45866400017637,28.592505999944276],[-81.4586509997576,28.592471000212754],[-81.45863900006202,28.592397000110953],[-81.45863400003915,28.592242000261862],[-81.45863800023712,28.592057999660913],[-81.45863900006202,28.592047000330655],[-81.4586519995825,28.59190800009014],[-81.45812799970086,28.591904999623274],[-81.45655500023103,28.591899000266828],[-81.4560320001743,28.591896999955406],[-81.45602899980125,28.592069999932807],[-81.45602100030364,28.59258899973438],[-81.45601899975551,28.592763000297914],[-81.45656500027677,28.59276399965662],[-81.45684399993603,28.59276499980407],[-81.45804999988304,28.59277499970063],[-81.45820399986886,28.59277300019465],[-81.45824800024978,28.59277300019465],[-81.4583639997024,28.592762000150437],[-81.45848099987828,28.592736999615546],[-81.4585880000084,28.592701999960866],[-81.45873000029863,28.59264199973706]]]},"properties":{"block_id":"120950123071005","school_id":"sch_meadowbrook_middle","kids_est":13,"class":"green","shortest":{"len_m":905.9,"mean_c":37.28,"peak_c":37.3,"dose":53.89},"coolest":{"len_m":905.9,"mean_c":37.28,"peak_c":37.3,"dose":53.89},"delta_mean_c":0.0,"delta_dose_pct":0,"distance_mi":0.401,"status_now":"walk","status_rec":"walk","reason":"Shortest route already under threshold (dose 54).","safe_until_hour":null}},{"type":"Feature","geometry":{"type":"Polygon","coordinates":[[[-81.496851000222,28.601228999959506],[-81.49684899967384,28.600871999915487],[-81.49684399965099,28.59980100039358],[-81.49684299982607,28.59944400023053],[-81.49684100017625,28.598720000091145],[-81.4968379998032,28.597344000240636],[-81.49682500028273,28.59686999962139],[-81.49682500028273,28.596552000164316],[-81.49682699993255,28.59582899993889],[-81.49670999975669,28.595833999741554],[-81.49646799990734,28.595834999859797],[-81.4953940002048,28.595843000016654],[-81.49503600000452,28.59584600037112],[-81.49503299963146,28.596027000302055],[-81.49503299963146,28.59606000019485],[-81.49504199985229,28.59657200002459],[-81.49504600005025,28.596754000392217],[-81.4954150001212,28.596753000282714],[-81.49583500024576,28.596745000195128],[-81.49591200023866,28.59675100006373],[-81.4959859998585,28.596770999886143],[-81.49606299985139,28.596818000281964],[-81.49612599960058,28.596877999699462],[-81.49615400008798,28.596928000371022],[-81.49616999998152,28.596981999870717],[-81.49616999998152,28.597225999747184],[-81.49617199963133,28.59759600008884],[-81.49617300035457,28.59862600019091],[-81.49617400017948,28.598781000090497],[-81.4961619995856,28.59882800037617],[-81.49612599960058,28.598892999880782],[-81.49607100024731,28.598945999859655],[-81.49601000014793,28.598987000330922],[-81.49593900000282,28.59901200016796],[-81.49588899977411,28.599018999995106],[-81.49337800014587,28.599026999909594],[-81.49334899983354,28.59902599982178],[-81.49290600014275,28.599024999733892],[-81.49266400029342,28.599008999903937],[-81.49232199998666,28.598966000053036],[-81.49234399972798,28.59879699995517],[-81.4924220004441,28.59829199979813],[-81.49244800038335,28.598124000290284],[-81.49231299976582,28.598108999631034],[-81.49216499962782,28.598092999661606],[-81.49211799977215,28.598091000256822],[-81.49200399996934,28.59807300009084],[-81.49191799975561,28.59804699993317],[-81.49184800033373,28.59800800007907],[-81.49179999975485,28.59796900021045],[-81.49168699977695,28.5980420002358],[-81.4915789998219,28.598114000113952],[-81.4914240000112,28.598225999826326],[-81.49137899980536,28.59827599985656],[-81.49137100030775,28.598288000207322],[-81.49135200004119,28.59831799989511],[-81.4913319999497,28.598415000351967],[-81.4913389996224,28.598822999927282],[-81.49132899957664,28.598906000250082],[-81.48920200008794,28.598918999829078],[-81.48864300004621,28.598961999699203],[-81.48820899967794,28.598961999699203],[-81.48792199962274,28.598954999868266],[-81.48751200044225,28.598931000106457],[-81.48717299961021,28.598921000006854],[-81.48617400025074,28.598917999740237],[-81.48609200023498,28.59890099980491],[-81.48602299973967,28.598873999762784],[-81.48595800034066,28.59883400012587],[-81.48589999971603,28.59878000000028],[-81.48563899960011,28.5984380001382],[-81.48551899994953,28.598293999987835],[-81.48539099990302,28.598158999716944],[-81.48523899956704,28.598020999769144],[-81.48507799990857,28.59789700023296],[-81.48444000022411,28.597438999813026],[-81.48423699983452,28.59731699979847],[-81.48406299975726,28.59723200037701],[-81.48389399970284,28.59716400031711],[-81.48372999967131,28.597110000122235],[-81.48357499986061,28.597068999707393],[-81.48354499972339,28.59706199975043],[-81.48334300005703,28.597024999744633],[-81.48325600001837,28.59701400014538],[-81.4830459999561,28.596996999902075],[-81.48257899997587,28.596960999980926],[-81.48245099992934,28.596937999871525],[-81.48233100027875,28.596900999822054],[-81.48221900012577,28.596852000034982],[-81.4821789999428,28.596827999792872],[-81.48212000039156,28.596794000032094],[-81.48202499995699,28.596723000148184],[-81.4819460003143,28.596646000342123],[-81.48158999976381,28.59689899960583],[-81.48152299981666,28.59692700026317],[-81.48145000002174,28.596941000194732],[-81.48137499967866,28.596938999979272],[-81.48130000023392,28.596920000296755],[-81.48122800026388,28.596883000240965],[-81.48121200037036,28.596875000163212],[-81.48114799989794,28.596854000252094],[-81.48108000012587,28.596845000063503],[-81.48100300013299,28.596850999926406],[-81.48093199998787,28.596872999946545],[-81.48069099996346,28.597011999931308],[-81.48063099968898,28.597037000238203],[-81.48056999958962,28.597045999621628],[-81.4805050001906,28.59703999976986],[-81.48044200044143,28.59701699967767],[-81.48039800006049,28.59698600029997],[-81.48030400034915,28.59690400014633],[-81.48019700021904,28.596790000384267],[-81.480117999678,28.59668399980279],[-81.48009500011179,28.596632999693238],[-81.48008900026402,28.59657900001425],[-81.48009900030975,28.59652199997242],[-81.48012699989884,28.596469999672074],[-81.48016799990671,28.59642899979631],[-81.48067099987196,28.596132999968706],[-81.48079399989562,28.596074000241835],[-81.48092199994214,28.596029999862516],[-81.48105699966133,28.595998000077],[-81.48119599957852,28.595980999669376],[-81.48133000037113,28.595979000224375],[-81.48173000040423,28.596012000132255],[-81.48175100032063,28.59589999963796],[-81.48178700030562,28.59579399973632],[-81.4818330003364,28.595700999704793],[-81.48189500026066,28.595608999711377],[-81.48196899988051,28.595523999697363],[-81.48202900015495,28.59546799999389],[-81.48207000016285,28.5954329996711],[-81.48301900019192,28.594631999802804],[-81.48317599965243,28.59450200021538],[-81.48326799971396,28.59444200023024],[-81.48337999986694,28.594387000082335],[-81.48349000037011,28.594347999658837],[-81.48361300039376,28.594319999891972],[-81.48375599961058,28.594305999611354],[-81.48387699998439,28.59430799987686],[-81.48400000000807,28.5943249997664],[-81.48410799996309,28.594352000188348],[-81.48442099995752,28.59446600022842],[-81.48481099994487,28.59460899997244],[-81.48540699979654,28.594828999926758],[-81.48559299956936,28.59488499997068],[-81.48580699982962,28.59493399988608],[-81.48600400037144,28.594964999869003],[-81.48602199991477,28.594968000248542],[-81.48622600012928,28.59498700028391],[-81.48641899957481,28.594994000379074],[-81.4865729995606,28.594988999747766],[-81.48664399970569,28.59498700028391],[-81.48692699956294,28.594957999771868],[-81.48699600005821,28.594956000307427],[-81.48703600024119,28.594945999829655],[-81.48718699985393,28.594909999994762],[-81.48731599972534,28.594877999868263],[-81.48736500012915,28.594857999685647],[-81.4873819998476,28.594851999708983],[-81.48744999961964,28.59483200031018],[-81.48753900020643,28.594825000204175],[-81.48791999997293,28.59482000035358],[-81.48810699957068,28.594818000097753],[-81.48820100018031,28.594816999969826],[-81.48827599962509,28.594819000225677],[-81.4884310003341,28.594825000204175],[-81.48878600016134,28.594827999798934],[-81.48895600004066,28.594830000054568],[-81.48908900011004,28.594826000332027],[-81.48911500004931,28.5948229999485],[-81.48926700038527,28.59481099999082],[-81.48949800036395,28.594776000238014],[-81.48958899970224,28.59475299965041],[-81.48974500023616,28.59471500028039],[-81.48990199969668,28.594674999849307],[-81.489931000009,28.594664000004183],[-81.49022399991195,28.594563000296624],[-81.49039799998923,28.594522999807715],[-81.4904880004009,28.594509000342896],[-81.49056700004364,28.59449799969164],[-81.49068099984645,28.59449199969443],[-81.49081899993871,28.59450200021538],[-81.4909100001753,28.594509999684995],[-81.49105800031332,28.594533999667636],[-81.49112400043555,28.59454900004838],[-81.49120999975095,28.594571999891876],[-81.4912270003677,28.594576999754253],[-81.4912769996981,28.594590999998818],[-81.49130099998756,28.59459699999033],[-81.49132500027699,28.594605000241486],[-81.4913600004371,28.594618999693505],[-81.49141899998834,28.594493999956452],[-81.49151000022492,28.59430000039194],[-81.49152100009559,28.59427699970018],[-81.49164499994414,28.59403699982915],[-81.49176499959475,28.593830000003138],[-81.49183099971698,28.593735999673132],[-81.49189099999144,28.59367200027305],[-81.49198200022802,28.59359499980935],[-81.49208400033528,28.59352599962252],[-81.49219599958997,28.593469999643276],[-81.49224900019173,28.59345299961554],[-81.49230600009312,28.59343699972611],[-81.49249799971375,28.593402000304565],[-81.4926219995623,28.593398999880343],[-81.49260400001897,28.593236999719466],[-81.49260099964592,28.59320800030213],[-81.49260300019405,28.592751000105125],[-81.49260499984388,28.59258899973438],[-81.49260300019405,28.5925209998257],[-81.49259999982101,28.592319000139156],[-81.49259899999609,28.592252000208163],[-81.49259700034627,28.592171999822593],[-81.49259499979813,28.592051000158946],[-81.49259399997322,28.59182300023832],[-81.49257800007969,28.591745999997773],[-81.49253100022403,28.591693999700933],[-81.49246000007892,28.5916320001629],[-81.49241499987308,28.591613999679513],[-81.49233299985731,28.59160800030645],[-81.49213299984076,28.591594999823222],[-81.49186800042523,28.59157599996346],[-81.49177899983844,28.59155899962941],[-81.49096200005383,28.591278999717144],[-81.49040700021006,28.59109099993227],[-81.49031799962329,28.59105400019097],[-81.49023700033075,28.591003999880275],[-81.49012000015489,28.590905000141504],[-81.49000800000188,28.590829000183174],[-81.48990000004686,28.59077200017842],[-81.4898110003584,28.59073699986951],[-81.48966499987023,28.59069600012392],[-81.48957799983157,28.590678999647572],[-81.48957399963362,28.590706000217228],[-81.489558999565,28.59070399988317],[-81.48948300029534,28.590781000098165],[-81.48915000020939,28.591050000324742],[-81.4891209998971,28.59107700001038],[-81.4890589999728,28.59112499996024],[-81.48895400039083,28.591181999773667],[-81.48883800003988,28.591220999794228],[-81.48876699989476,28.59123300016168],[-81.48864700024417,28.59123700002095],[-81.48852800041848,28.59122300011851],[-81.48792800036887,28.5910790003374],[-81.48764600033655,28.591016999647866],[-81.48749800019853,28.59099899984789],[-81.48738699987045,28.59099499997956],[-81.48710900003611,28.591003999880275],[-81.48660000022308,28.591031000366524],[-81.48641899957481,28.591035999608604],[-81.48623399962688,28.59104199980302],[-81.4860369999834,28.591056999893347],[-81.4859109995867,28.5910790003374],[-81.48588100034777,28.59108599990407],[-81.48578799956303,28.59111100004284],[-81.48570800009543,28.59113799971282],[-81.48555999995742,28.591200000331046],[-81.48544299978155,28.591263000285597],[-81.48530499968929,28.59135899999357],[-81.4852009999322,28.59143599972886],[-81.48519000006155,28.59144500038054],[-81.48505399961911,28.59152099989354],[-81.48490300000638,28.59158200012712],[-81.48476900011208,28.591618000313005],[-81.48460000005768,28.59163999985092],[-81.48444799972171,28.591649999854432],[-81.48422099994099,28.591651000012497],[-81.48409200006957,28.591666000015852],[-81.48392200019025,28.59170899969822],[-81.48377200040241,28.59172700016535],[-81.48366600009722,28.59172600000801],[-81.48356200034013,28.5917130003281],[-81.48348000032438,28.591691000016738],[-81.4834610000578,28.591686000017088],[-81.48337099964611,28.59164800032707],[-81.48323299955385,28.591574999804685],[-81.4829680001383,28.591401999801455],[-81.482826999673,28.591304999971424],[-81.48261099976293,28.59116400000196],[-81.48248400043963,28.591094999796933],[-81.48241699959416,28.59106499962513],[-81.48237499976136,28.59105199986348],[-81.48226699980634,28.59102100030408],[-81.48220900008,28.59100799974827],[-81.48211299982054,28.590989999946807],[-81.48200200039078,28.59097899971602],[-81.48194299994123,28.59097899971602],[-81.48187199979611,28.5909810000449],[-81.48174399974961,28.59099799968363],[-81.48150899957297,28.59104900016095],[-81.48134799991449,28.591094999796933],[-81.48118399988294,28.591158999977182],[-81.48116499961638,28.59116699970119],[-81.48092199994214,28.591278999717144],[-81.48078200020004,28.59134299978542],[-81.48070900040511,28.591371999717193],[-81.48063900008492,28.591401999801455],[-81.4800690001725,28.591649999854432],[-81.4798559997372,28.591743000315052],[-81.47959100032163,28.591855999873452],[-81.47954199991781,28.591878000150285],[-81.47942800011502,28.591906999934544],[-81.47931000011424,28.591915999757102],[-81.47923099957322,28.591910999768153],[-81.4791169997704,28.591888000131203],[-81.47901399983823,28.59184900035804],[-81.47892299960162,28.591790999960825],[-81.4788709997231,28.591743999683448],[-81.47880899979882,28.59167700017476],[-81.47861499963005,28.59146499963497],[-81.478518000444,28.591400999641024],[-81.47844700029889,28.591366999702377],[-81.47843100040535,28.591360000154395],[-81.47834299964349,28.591332000380344],[-81.47823999971132,28.591312999684327],[-81.47813500012934,28.59130700029409],[-81.47806599963407,28.59131100015055],[-81.47789099973187,28.591312999684327],[-81.4778720003636,28.591312000311834],[-81.47767800019487,28.591308999827945],[-81.4775200000111,28.59130200027612],[-81.47738899959155,28.591262000123855],[-81.47721700006241,28.591195000307973],[-81.47703499958921,28.59114100020158],[-81.47684799999146,28.591100999988047],[-81.47677799967127,28.59109099993227],[-81.476463000027,28.591083000202524],[-81.4760699996666,28.591095999960277],[-81.47607999971235,28.59129399977365],[-81.47610400000178,28.591728000322675],[-81.47609899997892,28.592167999998892],[-81.47609300013113,28.592284999708614],[-81.47609300013113,28.59262099976895],[-81.47610300017689,28.593153999652294],[-81.47610700037485,28.593325999785158],[-81.47611999989532,28.594445999967405],[-81.47614199963664,28.59525999970725],[-81.4761459998346,28.595630999991492],[-81.47614500000968,28.59627200014345],[-81.47615199968237,28.59656600014577],[-81.47614699965952,28.596928000371022],[-81.4761619997281,28.598737000055742],[-81.47774400031709,28.598678000213255],[-81.47755799964595,28.598373000352193],[-81.4774709996073,28.5980980001453],[-81.47742399975165,28.598051999630314],[-81.4769900002817,28.597620000155523],[-81.47687800012869,28.596998000009265],[-81.47685300001433,28.59629400028479],[-81.47688999982425,28.596227999847027],[-81.47739500033765,28.5959689998439],[-81.47741399970592,28.595804000133406],[-81.47751300033842,28.59576500023573],[-81.47769400008838,28.595726999654058],[-81.47789999995271,28.59559500039121],[-81.47796799972478,28.595440999858543],[-81.4777509999898,28.59461100023225],[-81.47769999993615,28.594417000094907],[-81.47737500024614,28.593905000021472],[-81.47693900022806,28.593620000140252],[-81.47684499961842,28.593609000184674],[-81.47646499967682,28.59364699995459],[-81.47637799963817,28.593537000375502],[-81.47635300042214,28.59298099988131],[-81.47642700004198,28.592827000251425],[-81.47663299990631,28.592657000387785],[-81.47685100036452,28.592579999969352],[-81.47720700001666,28.59254599962325],[-81.47744300001821,28.59249100006078],[-81.47781100026425,28.592479999987113],[-81.47803600039514,28.592342999833267],[-81.47806099961119,28.592336999713044],[-81.4781669999164,28.592513000204715],[-81.47770499995903,28.59267800034871],[-81.47831000003154,28.592600999945656],[-81.4786530001632,28.59250200013335],[-81.47926999993128,28.5924739998747],[-81.479680999835,28.592435999680816],[-81.48037999961882,28.5921049997979],[-81.48084099975127,28.591847000045675],[-81.48132699999809,28.59166499985799],[-81.48158899993891,28.591637000165186],[-81.48200700041366,28.591643000325305],[-81.48214999963047,28.591669999858645],[-81.48250500035601,28.591850999881586],[-81.48257800015095,28.591894000277012],[-81.48288600012253,28.59207700022228],[-81.48321599983541,28.592180999622467],[-81.483784000098,28.592247000235112],[-81.48416400003958,28.592247000235112],[-81.48478099980763,28.592076000068285],[-81.48489999963334,28.592317999987436],[-81.48495599970983,28.592340000167596],[-81.48507399971061,28.59248899976063],[-81.48519300043459,28.592538000004172],[-81.48532300013095,28.592445000246876],[-81.4855230001475,28.592555000179896],[-81.4857349998596,28.59247200036301],[-81.48585299986036,28.59218000025823],[-81.48602799976256,28.59203200038165],[-81.4862210001064,28.592037000364915],[-81.48652700042814,28.592169000152033],[-81.48648300004722,28.592351000255906],[-81.48645200008508,28.59242199993798],[-81.48623399962688,28.592630999679194],[-81.48596599983829,28.59276399965662],[-81.48531700028316,28.59270300010893],[-81.48531800010807,28.592812999771972],[-81.4851430002059,28.592979000379277],[-81.48506799986282,28.593198999801388],[-81.4851430002059,28.593446000206523],[-81.4853619995907,28.59359999971827],[-81.48584199998972,28.593633000373046],[-81.48619699981695,28.593616000371654],[-81.48625899974124,28.59347900012088],[-81.48625899974124,28.593241999645404],[-81.48601000021921,28.593044000346087],[-81.48610300010563,28.592918000167565],[-81.48621500025862,28.592818999865035],[-81.48639000016081,28.59276399965662],[-81.48756799962042,28.592769000393826],[-81.48773000000213,28.592872999898173],[-81.48773000000213,28.593142999647952],[-81.48734400021276,28.593379000205076],[-81.48702600019543,28.593457000179097],[-81.48691999989022,28.593582999711547],[-81.48696400027116,28.59377599967277],[-81.48683299985159,28.593930000278586],[-81.48667700021598,28.59403400021181],[-81.48657699975854,28.594072999963043],[-81.48613499989268,28.594072999963043],[-81.48594800029493,28.59406200005492],[-81.48571099957014,28.593941000200566],[-81.48567899978309,28.593826000242515],[-81.48556099978232,28.59371000002019],[-81.48547999959146,28.59368300022204],[-81.48528700014593,28.593694000169833],[-81.48504399957338,28.59389199982227],[-81.48463799969251,28.5937709997723],[-81.48390899977144,28.593413999634265],[-81.48335999977546,28.593297999746053],[-81.48303599991036,28.59340899971652],[-81.48269899962646,28.593567999981733],[-81.48241900014229,28.593787999748603],[-81.481876999819,28.594305999611354],[-81.48156499964945,28.59452000020424],[-81.48117899986008,28.594873000020147],[-81.48100399995789,28.59505400004912],[-81.48074899968977,28.595163999618144],[-81.48028099988463,28.59523100005932],[-81.47995700001952,28.595258000248545],[-81.47979499963782,28.595385000110845],[-81.4797019997514,28.59563300023185],[-81.47967699963704,28.595759000310842],[-81.4794830003666,28.595813999740837],[-81.47932099998489,28.59600700033807],[-81.47902800008193,28.596211000265342],[-81.47887900011901,28.59646900034861],[-81.47891000008117,28.59671700027804],[-81.47897899967813,28.596920000296755],[-81.47920999965682,28.597184000060913],[-81.47954600011579,28.597354999805276],[-81.48043200039567,28.59775599964127],[-81.48066300037436,28.597827999715353],[-81.48108699979858,28.597827999715353],[-81.48147299958795,28.597656999951845],[-81.48187199979611,28.597635000095824],[-81.48225199973773,28.597700999650034],[-81.48320599978966,28.597706000152364],[-81.48376099963345,28.59792599993408],[-81.48437900012473,28.59819000032614],[-81.48502699985494,28.598645999656515],[-81.48524600013806,28.598987000330922],[-81.48525799983362,28.599580999804623],[-81.48533900002447,28.599867000164902],[-81.48560799963798,28.599999000372073],[-81.48558900026971,28.600285999670582],[-81.48528399977289,28.600374000002027],[-81.48515999992433,28.60039499999855],[-81.49158700021782,28.600414999916225],[-81.49145699962315,28.60125600018524],[-81.49190299968701,28.601251999918567],[-81.49201900003796,28.601250999851874],[-81.49223800032107,28.601252999985274],[-81.49237499969011,28.601259999663075],[-81.49257800007969,28.601281000271268],[-81.4931069999842,28.60135300029631],[-81.49315800003784,28.601355999704776],[-81.49337599959772,28.601373000031664],[-81.49430399971043,28.601380999767024],[-81.49479900017805,28.60137800035927],[-81.49496400003449,28.60135999996753],[-81.49540000005258,28.60125600018524],[-81.49550200015983,28.601242000039836],[-81.49567200003915,28.601230000026415],[-81.4959239999342,28.601230000026415],[-81.49643600012028,28.601232000160213],[-81.496851000222,28.601228999959506]]]},"properties":{"block_id":"120950123033001","school_id":"sch_meadowbrook_middle","kids_est":37,"class":"red","shortest":{"len_m":3037.2,"mean_c":37.26,"peak_c":37.31,"dose":179.78},"coolest":{"len_m":3039.0,"mean_c":37.26,"peak_c":37.31,"dose":179.71},"delta_mean_c":0.0,"delta_dose_pct":0,"distance_mi":1.74,"status_now":"walk","status_rec":"bus_eligible","reason":"Coolest route mean 37.3C exceeds threshold (110 C-min dose, actual 180).","safe_until_hour":"13:00"}},{"type":"Feature","geometry":{"type":"Polygon","coordinates":[[[-81.47536199966196,28.591113999743577],[-81.47536400021009,28.591074999683322],[-81.47534999996638,28.590754000336485],[-81.47534499994352,28.590585999823254],[-81.47534300029369,28.590476000196205],[-81.47533599972267,28.58951000029224],[-81.47531700035442,28.58946299978388],[-81.47528399984415,28.589422999720693],[-81.47526200010283,28.589407000006627],[-81.47521199987412,28.58938500000149],[-81.47515599979762,28.589377000141873],[-81.47489100038207,28.58937899971243],[-81.47436400012737,28.589383999821873],[-81.47436800032534,28.589972999847294],[-81.47437099980007,28.590232999809086],[-81.47435499990655,28.590302999961953],[-81.4743230001195,28.590368000005835],[-81.47430100037819,28.590398000376602],[-81.47424600012661,28.590449999736904],[-81.47416400011085,28.590499000142085],[-81.47347199999972,28.590863000295887],[-81.4734350001898,28.590891000194855],[-81.47340900025053,28.59092699982857],[-81.47339500000682,28.590968000272866],[-81.47339400018191,28.591011000240734],[-81.47340800042561,28.59105199986348],[-81.47349499956594,28.591176999749752],[-81.47365699994764,28.59141000029577],[-81.47382099997917,28.591668999700758],[-81.47408899976776,28.59152900037873],[-81.47414900004223,28.59150200002047],[-81.47416800030881,28.59149400032193],[-81.47426700004301,28.591459999624565],[-81.47435699955639,28.59144500038054],[-81.47460000012894,28.591436999888895],[-81.47503299977399,28.59143400019742],[-81.47516900021643,28.591439000209057],[-81.47522199991985,28.591436999888895],[-81.47524399966117,28.59142900018548],[-81.47527200014858,28.591420999692616],[-81.47531300015646,28.591390999613836],[-81.47534199957046,28.59135199965629],[-81.47535400016436,28.59130600013277],[-81.47536199966196,28.591113999743577]]]},"properties":{"block_id":"120950123051020","school_id":"sch_meadowbrook_middle","kids_est":7,"class":"red","shortest":{"len_m":2122.1,"mean_c":37.28,"peak_c":37.31,"dose":126.02},"coolest":{"len_m":2123.9,"mean_c":37.27,"peak_c":37.31,"dose":125.95},"delta_mean_c":-0.01,"delta_dose_pct":0,"distance_mi":0.739,"status_now":"walk","status_rec":"bus_eligible","reason":"Coolest route mean 37.3C exceeds threshold (110 C-min dose, actual 126).","safe_until_hour":"14:00"}},{"type":"Feature","geometry":{"type":"Polygon","coordinates":[[[-81.47437099980007,28.590232999809086],[-81.47436800032534,28.589972999847294],[-81.47436400012737,28.589383999821873],[-81.47415900008797,28.589383999821873],[-81.47403299969127,28.589383999821873],[-81.47357300028204,28.589387000360695],[-81.47332600040984,28.589394000040024],[-81.47324299967086,28.589407000006627],[-81.47316400002813,28.589431000365565],[-81.47308700003524,28.589470000246944],[-81.47306100009597,28.589488000308656],[-81.47304699985227,28.589497999728117],[-81.47281199967563,28.58970500019668],[-81.47272299998717,28.589786000269044],[-81.47258200042018,28.58991499999258],[-81.47251999959758,28.58999999980954],[-81.47248899963544,28.590057000232918],[-81.47248299978766,28.59006899994445],[-81.47245199982552,28.590172000370263],[-81.47243799958181,28.59026200004712],[-81.47244400032791,28.59078899985094],[-81.47245799967331,28.591785999965868],[-81.472471999917,28.59182900038787],[-81.47250100022931,28.591867000012474],[-81.47254100041229,28.59189499964397],[-81.47258900009287,28.591910999768153],[-81.47261500003214,28.5919140002348],[-81.47322799960224,28.59190800009014],[-81.47325500026474,28.591904000256402],[-81.4733449997781,28.59189499964397],[-81.4734369998396,28.591868000168414],[-81.4735139998325,28.59183300022447],[-81.47382099997917,28.591668999700758],[-81.47365699994764,28.59141000029577],[-81.47349499956594,28.591176999749752],[-81.47340800042561,28.59105199986348],[-81.47339400018191,28.591011000240734],[-81.47339500000682,28.590968000272866],[-81.47340900025053,28.59092699982857],[-81.4734350001898,28.590891000194855],[-81.47347199999972,28.590863000295887],[-81.47416400011085,28.590499000142085],[-81.47424600012661,28.590449999736904],[-81.47430100037819,28.590398000376602],[-81.4743230001195,28.590368000005835],[-81.47435499990655,28.590302999961953],[-81.47437099980007,28.590232999809086]]]},"properties":{"block_id":"120950123051019","school_id":"sch_meadowbrook_middle","kids_est":7,"class":"green","shortest":{"len_m":1728.2,"mean_c":37.28,"peak_c":37.31,"dose":102.62},"coolest":{"len_m":1728.2,"mean_c":37.28,"peak_c":37.31,"dose":102.62},"delta_mean_c":0.0,"delta_dose_pct":0,"distance_mi":0.667,"status_now":"walk","status_rec":"walk","reason":"Shortest route already under threshold (dose 103).","safe_until_hour":null}},{"type":"Feature","geometry":{"type":"Polygon","coordinates":[[[-81.4716330003911,28.602284999849488],[-81.47163199966788,28.602135999947176],[-81.47163000001805,28.601691999948766],[-81.47163000001805,28.601544000058215],[-81.47099099961036,28.6015639997572],[-81.4695779999741,28.601611000375545],[-81.46907699965867,28.601624999683064],[-81.46843899997421,28.601643000029423],[-81.46844099962404,28.602378000364315],[-81.4716330003911,28.602284999849488]]]},"properties":{"block_id":"120950123051012","school_id":"sch_meadowbrook_middle","kids_est":1,"class":"red","shortest":{"len_m":2015.8,"mean_c":37.24,"peak_c":37.3,"dose":118.78},"coolest":{"len_m":2015.8,"mean_c":37.24,"peak_c":37.3,"dose":118.78},"delta_mean_c":0.0,"delta_dose_pct":0,"distance_mi":0.643,"status_now":"walk","status_rec":"bus_eligible","reason":"Coolest route mean 37.2C exceeds threshold (110 C-min dose, actual 119).","safe_until_hour":"14:00"}},{"type":"Feature","geometry":{"type":"Polygon","coordinates":[[[-81.47078300009622,28.59325100014246],[-81.47078300009622,28.593071999664147],[-81.47076999967743,28.591470999804972],[-81.47076700020268,28.590991000111142],[-81.47076300000474,28.5908779996229],[-81.47060499982098,28.5908779996229],[-81.47013100016807,28.590881000119094],[-81.46997399980923,28.59088200028446],[-81.46997700018227,28.591355000138943],[-81.46998600040311,28.59277400034203],[-81.46998700022803,28.592797999932277],[-81.46998399985496,28.59286400015753],[-81.46997399980923,28.592930000341283],[-81.46995700009079,28.592995000338412],[-81.46993399962626,28.59305900015068],[-81.46990500021226,28.59312000028056],[-81.46987000005214,28.593179000088078],[-81.46984300028797,28.59321499972705],[-81.4698600000064,28.593221999940212],[-81.46992100010577,28.59326099999277],[-81.46995700009079,28.593298999888432],[-81.47001300016728,28.593384000124257],[-81.47022200040466,28.59369900007403],[-81.47024400014597,28.59372499972974],[-81.47029699984942,28.59377199991011],[-81.47035999959861,28.593809000272344],[-81.47042999991879,28.59383399976353],[-81.47050299971373,28.59384499969556],[-81.4705370000489,28.59384499969556],[-81.47078300009622,28.59384499969556],[-81.47078300009622,28.59325100014246]]]},"properties":{"block_id":"120950123051009","school_id":"sch_meadowbrook_middle","kids_est":4,"class":"green","shortest":{"len_m":1708.5,"mean_c":37.28,"peak_c":37.31,"dose":101.52},"coolest":{"len_m":1708.5,"mean_c":37.28,"peak_c":37.31,"dose":101.52},"delta_mean_c":0.0,"delta_dose_pct":0,"distance_mi":0.457,"status_now":"walk","status_rec":"walk","reason":"Shortest route already under threshold (dose 102).","safe_until_hour":null}},{"type":"Feature","geometry":{"type":"Polygon","coordinates":[[[-81.46417000002988,28.592334000047195],[-81.46417000002988,28.592186000387425],[-81.46345100015458,28.592205000136897],[-81.46129600017848,28.592263000305735],[-81.46057800012807,28.592283000193337],[-81.46057599957993,28.592434000168385],[-81.46057599957993,28.59257100020357],[-81.46057999977788,28.592888999873452],[-81.4605809996028,28.59295299975025],[-81.46056800008233,28.592993000047855],[-81.46054299996797,28.59303200018538],[-81.4605809996028,28.593038999621957],[-81.4606939995807,28.59304900028121],[-81.46109399961378,28.593038000265874],[-81.46275300019568,28.592995000338412],[-81.4631990002595,28.59298400031748],[-81.46326000035887,28.592988000110132],[-81.46328700012305,28.592997999985407],[-81.46330200019166,28.593007999859775],[-81.46332999978074,28.593037000121],[-81.46334200037464,28.593064000085093],[-81.46334200037464,28.59313299978647],[-81.46334499984935,28.593550999969768],[-81.46334599967427,28.593565999702076],[-81.4633409996514,28.59369099975398],[-81.46350600040617,28.593685999849406],[-81.46400099997548,28.593672999623102],[-81.46416699965684,28.59366899985659],[-81.46416699965684,28.59352000035859],[-81.46416900020499,28.593076000242146],[-81.46417000002988,28.592928000049554],[-81.46417000002988,28.59277900028999],[-81.46417000002988,28.592334000047195]]]},"properties":{"block_id":"120950123072001","school_id":"sch_meadowbrook_middle","kids_est":7,"class":"green","shortest":{"len_m":632.8,"mean_c":37.29,"peak_c":37.29,"dose":37.71},"coolest":{"len_m":632.8,"mean_c":37.29,"peak_c":37.29,"dose":37.71},"delta_mean_c":0.0,"delta_dose_pct":0,"distance_mi":0.142,"status_now":"walk","status_rec":"walk","reason":"Shortest route already under threshold (dose 38).","safe_until_hour":null}},{"type":"Feature","geometry":{"type":"Polygon","coordinates":[[[-81.47369999960534,28.598398999640402],[-81.47369600030571,28.59786699963625],[-81.47369499958246,28.597593999885834],[-81.47368999955961,28.59701300003834],[-81.47368899973469,28.596742999975927],[-81.47367700003913,28.596675999709884],[-81.4736539995746,28.596624000274467],[-81.47362000013771,28.596583999781156],[-81.47357699958168,28.596552000164316],[-81.47352700025128,28.596531000188605],[-81.47347500037276,28.596520999860704],[-81.47342199977099,28.596520999860704],[-81.47336999989245,28.596532000300222],[-81.47327799983096,28.59655900015531],[-81.47318300029471,28.596594000103135],[-81.47311100032469,28.596625000385206],[-81.47299699962356,28.596693000005107],[-81.47294200027028,28.59673499988758],[-81.47272999965986,28.59691900018882],[-81.4725849998949,28.597053000368387],[-81.4725559995826,28.59708599993904],[-81.47254100041229,28.597109000016125],[-81.47249000035868,28.597189999904465],[-81.47246600006922,28.59723499990309],[-81.47243199973404,28.597330000362803],[-81.47241699966541,28.59738800006985],[-81.47240300032003,28.597490999633948],[-81.47240599979477,28.597660000254532],[-81.47240699961968,28.597779000360404],[-81.47240800034291,28.597839000018084],[-81.47239599974903,28.597927000032428],[-81.47236800015993,28.598012999778003],[-81.47232499960391,28.598093999758376],[-81.47230700006057,28.598117999711373],[-81.47228100012128,28.598155000121075],[-81.4722259998697,28.5982050001851],[-81.47228399959603,28.598254000130115],[-81.47234999971826,28.59829199979813],[-81.47243799958181,28.59833499992473],[-81.47311399979942,28.59866699999828],[-81.47323299962511,28.598724999756264],[-81.47329399972446,28.598740999629463],[-81.47334999980099,28.598747000172803],[-81.47342400031913,28.598740999629463],[-81.47351100035777,28.59871499963707],[-81.4735690000841,28.598683999971453],[-81.47360199969606,28.598656999873626],[-81.47361799958958,28.59864500035374],[-81.4736539995746,28.59860000017011],[-81.47368000041216,28.598550000294015],[-81.47369600030571,28.598476999832737],[-81.47369999960534,28.598398999640402]]]},"properties":{"block_id":"120950123051002","school_id":"sch_meadowbrook_middle","kids_est":4,"class":"red","shortest":{"len_m":2173.9,"mean_c":37.23,"peak_c":37.28,"dose":127.84},"coolest":{"len_m":2173.9,"mean_c":37.23,"peak_c":37.28,"dose":127.84},"delta_mean_c":0.0,"delta_dose_pct":0,"distance_mi":0.626,"status_now":"walk","status_rec":"bus_eligible","reason":"Coolest route mean 37.2C exceeds threshold (110 C-min dose, actual 128).","safe_until_hour":"14:00"}},{"type":"Feature","geometry":{"type":"Polygon","coordinates":[[[-81.46791199971953,28.604038999765358],[-81.4679090002448,28.60370900018816],[-81.46790699969667,28.603525999990218],[-81.46789400017617,28.602718999970143],[-81.46789099980313,28.602390000246633],[-81.46787599973453,28.601868999821317],[-81.46789099980313,28.60156000029093],[-81.46789599982601,28.60117300014106],[-81.46789500000109,28.600920000124564],[-81.46789400017617,28.60081499983594],[-81.46789300035128,28.600503000139632],[-81.46789300035128,28.60039900029788],[-81.46788999997823,28.600053999949328],[-81.4678880003284,28.599806000007263],[-81.46790000002397,28.599281999922255],[-81.46789900019905,28.5990220002589],[-81.46789900019905,28.598864999747228],[-81.46789300035128,28.598678000213255],[-81.46777199997744,28.598679999606894],[-81.46741200012734,28.598687000244826],[-81.46729199957842,28.598689999729384],[-81.46729300030167,28.59883400012587],[-81.46729800032452,28.599268000302594],[-81.46729900014944,28.599305000307396],[-81.46728400008082,28.599343999680244],[-81.46725700031665,28.59937800019354],[-81.46723899987497,28.599391999798545],[-81.4671979998671,28.599410999822894],[-81.46715199983635,28.599418999707535],[-81.46663800000044,28.59943500026379],[-81.46534800038783,28.599476999839148],[-81.46482299978295,28.599489000052763],[-81.46432499984057,28.599501000265054],[-81.4642980000764,28.599498000014925],[-81.46424799984769,28.59948000008989],[-81.46422600010636,28.599465999707874],[-81.46419099994628,28.599429999843732],[-81.4641709998548,28.599386000080703],[-81.46416699965684,28.5993619996286],[-81.46416599983193,28.599203000241207],[-81.46416500000703,28.598864999747228],[-81.4641780004258,28.598820999747637],[-81.46420199981694,28.5987820001807],[-81.46450599959054,28.598500000394132],[-81.4647130001781,28.598309999926656],[-81.46444100019154,28.598076999689773],[-81.46429499970336,28.59795200012162],[-81.46425100022076,28.597891999739765],[-81.46423199995418,28.597858999633456],[-81.46420799966472,28.597789999879573],[-81.46420000016712,28.597739999618113],[-81.46419599996916,28.59709500010701],[-81.46419400031934,28.596738000216522],[-81.46419400031934,28.59663999967879],[-81.46419400031934,28.596345999883457],[-81.46419400031934,28.596248999883265],[-81.46379299956303,28.596260999676705],[-81.462594000187,28.59629699983763],[-81.46219400015391,28.596309999739326],[-81.46219499997883,28.596461000239334],[-81.4621990001768,28.59691699997295],[-81.46220099982662,28.597068999707393],[-81.46273899995197,28.597068999707393],[-81.46307899971059,28.597068999707393],[-81.46313599961199,28.59707899998316],[-81.46318800038884,28.597103000167955],[-81.46322900039674,28.597140000146297],[-81.46324399956703,28.5971630002115],[-81.4632620000087,28.597211999853652],[-81.46326299983359,28.59823499989665],[-81.46326500038175,28.598774000247563],[-81.46326500038175,28.598932000195187],[-81.46326799985647,28.599409999738658],[-81.46326899968139,28.599569000390243],[-81.46326899968139,28.599653000205848],[-81.46327200005443,28.599905000038405],[-81.46327299987935,28.599989999664096],[-81.46375900012615,28.59996399998075],[-81.46375099973024,28.603619000195298],[-81.46274099960178,28.60373200039309],[-81.4627480001728,28.603913000149515],[-81.46170899973202,28.603967000003333],[-81.46171799995285,28.60548599981371],[-81.45965000001537,28.605578999861216],[-81.45964900019047,28.605756000283975],[-81.4596519996652,28.605983999947902],[-81.45974899974958,28.605982999926244],[-81.46004400020068,28.605982999926244],[-81.46014200010998,28.605982999926244],[-81.46045500010442,28.605979999861198],[-81.46096999976523,28.60597699979606],[-81.4610869999411,28.60596200025788],[-81.46130000037643,28.60591299996379],[-81.46137099962321,28.605900999695137],[-81.46138800023996,28.605898999650222],[-81.46151399973836,28.60588900021379],[-81.46170200005932,28.60588200005561],[-81.46179900014371,28.605877999965077],[-81.46209100022176,28.605866999715207],[-81.46218900013105,28.60586399964684],[-81.46236200038342,28.60585700027567],[-81.46288399971692,28.60583699981651],[-81.46305899961911,28.605830999678055],[-81.46323199987145,28.605824000304676],[-81.46375400010326,28.605803999839242],[-81.46392800018054,28.60579799969884],[-81.46391999978462,28.60563299964753],[-81.46389700021841,28.60513800030476],[-81.4638899996474,28.604974000036908],[-81.46397199966316,28.60496999991173],[-81.4641719996797,28.604962999692386],[-81.46420099999203,28.604959000355475],[-81.46421699988555,28.60495300016681],[-81.46425700006853,28.604938999725366],[-81.46428999968047,28.604915999784662],[-81.46430200027436,28.604905000222747],[-81.46433400006141,28.60486100038622],[-81.46434800030512,28.60480900026883],[-81.46434699958189,28.604387999796508],[-81.46434699958189,28.6042920001589],[-81.4643540001529,28.604245999989285],[-81.46437599989422,28.604203999953956],[-81.46441299970414,28.604171000252403],[-81.46445999955979,28.604150000221875],[-81.46451200033664,28.604142999947886],[-81.46580100012436,28.604101999910956],[-81.4663459999224,28.60408600006533],[-81.4665290002205,28.604078999787077],[-81.46708099969123,28.604061999898],[-81.46726499981425,28.604056999698116],[-81.46739399968567,28.60405300032678],[-81.46778200002319,28.604041999885837],[-81.46791199971953,28.604038999765358]],[[-81.46726700036238,28.602727000391738],[-81.4672620003395,28.60277699985778],[-81.46724800009581,28.602824999985344],[-81.4672270001794,28.602870999988376],[-81.46719700004218,28.602913999818732],[-81.46716100005717,28.60295200016771],[-81.46711900022439,28.60298500025205],[-81.46707099964547,28.60301200002658],[-81.46701999959187,28.603032000234872],[-81.4669650002386,28.60304500009214],[-81.4669090001621,28.603051000389712],[-81.4663109997623,28.603068999703076],[-81.46463899965995,28.60312099989292],[-81.46453400007796,28.603105999946955],[-81.46445999955979,28.60307800014727],[-81.46439400033587,28.603037999744544],[-81.46434800030512,28.602989999714264],[-81.46431599961976,28.60293400004561],[-81.46430099955114,28.602872000039664],[-81.46429999972624,28.60247200006316],[-81.46430700029724,28.602430000107418],[-81.46433099968837,28.602370999972216],[-81.46436900022151,28.60231600003024],[-81.46440199983348,28.60228399979268],[-81.4644389996434,28.602257999888156],[-81.4644810003745,28.602237000264005],[-81.46452599968202,28.602221000134378],[-81.46457300043602,28.602211999616777],[-81.4652139995952,28.602187999810084],[-81.46598000022449,28.60215300014786],[-81.46661600025912,28.60212500009423],[-81.46698299978193,28.602116999626872],[-81.46703100036083,28.602124000035843],[-81.46707599966835,28.60213800006372],[-81.46711900022439,28.602157999649652],[-81.4671569998592,28.60218300030973],[-81.4671900003695,28.60221399973187],[-81.46721799995858,28.602249000162427],[-81.46723899987497,28.60228800002004],[-81.46725200029377,28.60232799991964],[-81.46725899996646,28.602407999673236],[-81.46726700036238,28.602727000391738]],[[-81.46544100027424,28.600900000303003],[-81.46551300024427,28.6012979998215],[-81.46537699980183,28.60131999969944],[-81.46519600005186,28.60134000022972],[-81.4651490001962,28.601345999835992],[-81.46473900011736,28.60136600036132],[-81.46456300039027,28.6013740000972],[-81.46433099968837,28.601379999701535],[-81.46427299996205,28.601367999703868],[-81.46424500037296,28.601352000230634],[-81.46422299973334,28.60134000022972],[-81.46420099999203,28.60132199983152],[-81.46417000002988,28.601277000005496],[-81.46415499996127,28.60122699982565],[-81.46415499996127,28.601069000173702],[-81.46415599978619,28.60047599972043],[-81.46415699961109,28.60041800014011],[-81.4641709998548,28.600372999926975],[-81.46419900034219,28.60033300007189],[-81.46423899962686,28.600303000170584],[-81.46428700020574,28.60028500038342],[-81.4643390000843,28.600280000003846],[-81.46480900043757,28.600274999624002],[-81.46528899993828,28.60027000003262],[-81.46533800034207,28.60028200015573],[-81.46538099999978,28.6003069996847],[-81.46541199996193,28.600343000037068],[-81.46542299983258,28.600362999964645],[-81.46543200005343,28.600408000182068],[-81.46543700007628,28.60071100030298],[-81.46544100027424,28.600900000303003]]]},"properties":{"block_id":"120950123061005","school_id":"sch_meadowbrook_middle","kids_est":76,"class":"red","shortest":{"len_m":2144.5,"mean_c":37.25,"peak_c":37.3,"dose":126.47},"coolest":{"len_m":2144.5,"mean_c":37.25,"peak_c":37.3,"dose":126.47},"delta_mean_c":0.0,"delta_dose_pct":0,"distance_mi":0.491,"status_now":"walk","status_rec":"bus_eligible","reason":"Coolest route mean 37.2C exceeds threshold (110 C-min dose, actual 126).","safe_until_hour":"14:00"}},{"type":"Feature","geometry":{"type":"Polygon","coordinates":[[[-81.46727499985998,28.608273000129618],[-81.46727400003508,28.608253000130418],[-81.4672539999436,28.60779999991689],[-81.46724800009581,28.607649999943177],[-81.46703200018574,28.607652999960543],[-81.46682700014634,28.60765699998356],[-81.46675099997834,28.607652999960543],[-81.4666420001984,28.607632999843307],[-81.46657400042633,28.607609999703755],[-81.46648300018974,28.607564000198188],[-81.46643700015899,28.60753500000233],[-81.46641500041767,28.60751699987678],[-81.46633400022682,28.60744800015548],[-81.46625600040902,28.607372000329956],[-81.4659950002931,28.607114000201],[-81.46597900039959,28.60709900003643],[-81.46590999990431,28.607025999993777],[-81.46583799993428,28.60693499967499],[-81.46579299972845,28.60685500021369],[-81.46575900029156,28.6067749999028],[-81.46573800037517,28.60668800021518],[-81.46572800032942,28.60659999965111],[-81.4657049998649,28.606096999968056],[-81.4656990000171,28.605949999994827],[-81.4656839999485,28.605731999709434],[-81.46550700039649,28.60573799985356],[-81.46497799959366,28.605758000331612],[-81.46480199986655,28.605764999709322],[-81.46462699996437,28.605770999851604],[-81.46410200025784,28.605791000323336],[-81.46392800018054,28.60579799969884],[-81.46394700044712,28.60621099988622],[-81.46398199970892,28.606947999838027],[-81.46399400030279,28.607065999666908],[-81.4640090003714,28.60713199960693],[-81.4640379997854,28.60718900020291],[-81.46418300044868,28.607398999765792],[-81.46421500023574,28.607472000337996],[-81.46423199995418,28.607558000158303],[-81.46424500037296,28.60780499993864],[-81.46425200004565,28.60795299968515],[-81.4642760003351,28.608399000037167],[-81.4642839998327,28.608547999732753],[-81.46487499966149,28.608524999793527],[-81.4666489998711,28.608457999941884],[-81.46710199960764,28.608440999972757],[-81.46715400038448,28.608433999984612],[-81.46720200006504,28.608414000016044],[-81.46722899982923,28.608392000046237],[-81.4672539999436,28.60836200007997],[-81.46727300021016,28.608319000113376],[-81.46727499985998,28.608273000129618]]]},"properties":{"block_id":"120950123061014","school_id":"sch_meadowbrook_middle","kids_est":5,"class":"red","shortest":{"len_m":3011.6,"mean_c":37.28,"peak_c":37.4,"dose":179.08},"coolest":{"len_m":3011.6,"mean_c":37.28,"peak_c":37.4,"dose":179.08},"delta_mean_c":0.0,"delta_dose_pct":0,"distance_mi":0.873,"status_now":"walk","status_rec":"bus_eligible","reason":"Coolest route mean 37.3C exceeds threshold (110 C-min dose, actual 179).","safe_until_hour":"13:00"}},{"type":"Feature","geometry":{"type":"Polygon","coordinates":[[[-81.46844099962404,28.602378000364315],[-81.46843899997421,28.601643000029423],[-81.4684380001493,28.601495000069804],[-81.46843599960118,28.601053999934873],[-81.46843599960118,28.60090700000439],[-81.46832699982123,28.60090900014433],[-81.46800299995611,28.60091699991494],[-81.46789500000109,28.600920000124564],[-81.46789599982601,28.60117300014106],[-81.46789099980313,28.60156000029093],[-81.46787599973453,28.601868999821317],[-81.46789099980313,28.602390000246633],[-81.46808300032207,28.60238499996718],[-81.46844099962404,28.602378000364315]]]},"properties":{"block_id":"120950123051001","school_id":"sch_meadowbrook_middle","kids_est":2,"class":"red","shortest":{"len_m":2015.8,"mean_c":37.24,"peak_c":37.3,"dose":118.78},"coolest":{"len_m":2015.8,"mean_c":37.24,"peak_c":37.3,"dose":118.78},"delta_mean_c":0.0,"delta_dose_pct":0,"distance_mi":0.56,"status_now":"walk","status_rec":"bus_eligible","reason":"Coolest route mean 37.2C exceeds threshold (110 C-min dose, actual 119).","safe_until_hour":"14:00"}},{"type":"Feature","geometry":{"type":"Polygon","coordinates":[[[-81.47782999963249,28.61273300027459],[-81.4778289998076,28.612613999755396],[-81.47782600033285,28.612088999705687],[-81.47782499960964,28.611915000385526],[-81.47782700015777,28.61173800008794],[-81.47782799998268,28.611701999696805],[-81.47782499960964,28.611206999771348],[-81.47782499960964,28.611104000245632],[-81.4778149995639,28.61107400026526],[-81.4777879997997,28.611042000329302],[-81.4777669998833,28.611027999910696],[-81.4777169996546,28.611016000226325],[-81.47747200033054,28.61102300004234],[-81.47745100041413,28.611024000016034],[-81.4766250004087,28.61102000012122],[-81.47650900005775,28.61102000012122],[-81.4761890003906,28.611022000068658],[-81.47618600001756,28.611131000299487],[-81.47618600001756,28.611199999967585],[-81.4761890003906,28.611600999804253],[-81.47618799966739,28.611734000220324],[-81.47618799966739,28.611912999666533],[-81.47618699984248,28.61209099963276],[-81.47618699984248,28.61262600004583],[-81.47618699984248,28.61280500033766],[-81.47636000009483,28.612811000077844],[-81.47651099970757,28.61280800020779],[-81.4765619997612,28.61280800020779],[-81.47748400002608,28.61280800020779],[-81.47756799969169,28.61280800020779],[-81.47775000016489,28.61280500033766],[-81.47777899957889,28.612796999894957],[-81.47780299986832,28.612780999796385],[-81.47782100030999,28.612758999952554],[-81.47782999963249,28.61273300027459]]]},"properties":{"block_id":"120950123032004","school_id":"sch_meadowbrook_middle","kids_est":6,"class":"red","shortest":{"len_m":4041.1,"mean_c":36.98,"peak_c":37.35,"dose":223.21},"coolest":{"len_m":4041.1,"mean_c":36.98,"peak_c":37.35,"dose":223.21},"delta_mean_c":0.0,"delta_dose_pct":0,"distance_mi":1.444,"status_now":"walk","status_rec":"bus_eligible","reason":"Coolest route mean 37.0C exceeds threshold (110 C-min dose, actual 223).","safe_until_hour":"11:00"}},{"type":"Feature","geometry":{"type":"Polygon","coordinates":[[[-81.4679290003363,28.607629999825367],[-81.46792699978813,28.607328999958142],[-81.46792500013831,28.60701499986404],[-81.46792400031342,28.606428999966315],[-81.46792299959019,28.60612899983307],[-81.46792199976528,28.60586399964684],[-81.46792199976528,28.60556600031746],[-81.4679159999175,28.6050709998704],[-81.46791400026768,28.604807000203124],[-81.46791300044276,28.60465299976225],[-81.46791199971953,28.604192000278793],[-81.46791199971953,28.604038999765358],[-81.46778200002319,28.604041999885837],[-81.46739399968567,28.60405300032678],[-81.46726499981425,28.604056999698116],[-81.467282000431,28.60451300038445],[-81.46728800027878,28.604649999659276],[-81.46728499990573,28.604677999828684],[-81.46726300016442,28.604732000078073],[-81.46724499972275,28.604756000092365],[-81.46722299998146,28.604777000001764],[-81.46719700004218,28.604794999808153],[-81.46716799972987,28.60480900026883],[-81.46710499998068,28.60482399997167],[-81.4665579996345,28.604839999704925],[-81.46649999990818,28.60483300026553],[-81.46644700020472,28.60481000030167],[-81.4664039996487,28.604773999902342],[-81.46637600005963,28.604727999943687],[-81.46636600001386,28.604675999760534],[-81.46636099999101,28.604541999837128],[-81.4663459999224,28.60408600006533],[-81.46580100012436,28.604101999910956],[-81.46451200033664,28.604142999947886],[-81.46445999955979,28.604150000221875],[-81.46441299970414,28.604171000252403],[-81.46437599989422,28.604203999953956],[-81.4643540001529,28.604245999989285],[-81.46434699958189,28.6042920001589],[-81.46434699958189,28.604387999796508],[-81.46434800030512,28.60480900026883],[-81.46433400006141,28.60486100038622],[-81.46430200027436,28.604905000222747],[-81.46428999968047,28.604915999784662],[-81.46425700006853,28.604938999725366],[-81.46421699988555,28.60495300016681],[-81.46420099999203,28.604959000355475],[-81.4641719996797,28.604962999692386],[-81.46397199966316,28.60496999991173],[-81.4638899996474,28.604974000036908],[-81.46389700021841,28.60513800030476],[-81.46391999978462,28.60563299964753],[-81.46392800018054,28.60579799969884],[-81.46410200025784,28.605791000323336],[-81.46462699996437,28.605770999851604],[-81.46480199986655,28.605764999709322],[-81.46497799959366,28.605758000331612],[-81.46550700039649,28.60573799985356],[-81.4656839999485,28.605731999709434],[-81.4656990000171,28.605949999994827],[-81.4657049998649,28.606096999968056],[-81.46572800032942,28.60659999965111],[-81.46573800037517,28.60668800021518],[-81.46575900029156,28.6067749999028],[-81.46579299972845,28.60685500021369],[-81.46583799993428,28.60693499967499],[-81.46590999990431,28.607025999993777],[-81.46597900039959,28.60709900003643],[-81.4659950002931,28.607114000201],[-81.46625600040902,28.607372000329956],[-81.46633400022682,28.60744800015548],[-81.46641500041767,28.60751699987678],[-81.46643700015899,28.60753500000233],[-81.46648300018974,28.607564000198188],[-81.46657400042633,28.607609999703755],[-81.4666420001984,28.607632999843307],[-81.46675099997834,28.607652999960543],[-81.46682700014634,28.60765699998356],[-81.46703200018574,28.607652999960543],[-81.46724800009581,28.607649999943177],[-81.46738399963994,28.607646999925738],[-81.46770099983233,28.607640999890638],[-81.46779200006894,28.607635999861092],[-81.4679290003363,28.607629999825367]]]},"properties":{"block_id":"120950123061013","school_id":"sch_meadowbrook_middle","kids_est":37,"class":"red","shortest":{"len_m":2973.5,"mean_c":37.28,"peak_c":37.4,"dose":176.92},"coolest":{"len_m":2973.5,"mean_c":37.28,"peak_c":37.4,"dose":176.92},"delta_mean_c":0.0,"delta_dose_pct":0,"distance_mi":0.775,"status_now":"walk","status_rec":"bus_eligible","reason":"Coolest route mean 37.3C exceeds threshold (110 C-min dose, actual 177).","safe_until_hour":"13:00"}},{"type":"Feature","geometry":{"type":"Polygon","coordinates":[[[-81.47621500032987,28.604182999930018],[-81.47621000030702,28.603907999942543],[-81.47620799975887,28.603713000361324],[-81.47620600010903,28.603616000062797],[-81.47620600010903,28.60358200013206],[-81.47620600010903,28.60332200006624],[-81.47620500028414,28.603190000089942],[-81.47620500028414,28.603060000046806],[-81.47620500028414,28.602989999714264],[-81.4761890003906,28.602566999732094],[-81.4761890003906,28.60254700022401],[-81.47616699975099,28.602201999829454],[-81.47615199968237,28.601611999650114],[-81.47617799962165,28.601097999788166],[-81.47617299959877,28.600599000084163],[-81.4761679995759,28.60011000036409],[-81.4761750001469,28.599783999812374],[-81.47617099994893,28.59952900022915],[-81.47616699975099,28.599245999995087],[-81.4761619997281,28.598737000055742],[-81.47614699965952,28.596928000371022],[-81.47615199968237,28.59656600014577],[-81.47614500000968,28.59627200014345],[-81.4761459998346,28.595630999991492],[-81.47614199963664,28.59525999970725],[-81.47611999989532,28.594445999967405],[-81.47610700037485,28.593325999785158],[-81.47610300017689,28.593153999652294],[-81.47609300013113,28.59262099976895],[-81.47609300013113,28.592284999708614],[-81.47609899997892,28.592167999998892],[-81.47610400000178,28.591728000322675],[-81.47607999971235,28.59129399977365],[-81.4760699996666,28.591095999960277],[-81.47603600022974,28.591099999824753],[-81.47581199992374,28.591108999716482],[-81.47536199966196,28.591113999743577],[-81.47535400016436,28.59130600013277],[-81.47534199957046,28.59135199965629],[-81.47531300015646,28.591390999613836],[-81.47527200014858,28.591420999692616],[-81.47524399966117,28.59142900018548],[-81.47522199991985,28.591436999888895],[-81.47516900021643,28.591439000209057],[-81.47503299977399,28.59143400019742],[-81.47460000012894,28.591436999888895],[-81.47435699955639,28.59144500038054],[-81.47426700004301,28.591459999624565],[-81.47416800030881,28.59149400032193],[-81.47414900004223,28.59150200002047],[-81.47408899976776,28.59152900037873],[-81.47382099997917,28.591668999700758],[-81.4735139998325,28.59183300022447],[-81.4734369998396,28.591868000168414],[-81.4733449997781,28.59189499964397],[-81.47325500026474,28.591904000256402],[-81.47322799960224,28.59190800009014],[-81.47261500003214,28.5919140002348],[-81.47258900009287,28.591910999768153],[-81.47254100041229,28.59189499964397],[-81.47250100022931,28.591867000012474],[-81.472471999917,28.59182900038787],[-81.47245799967331,28.591785999965868],[-81.47244400032791,28.59078899985094],[-81.47243799958181,28.59026200004712],[-81.47245199982552,28.590172000370263],[-81.47234800006844,28.590167999681746],[-81.47227100007555,28.590167999681746],[-81.47172799992734,28.590168999853844],[-81.47154700017737,28.590170000026003],[-81.47138599962058,28.590170000026003],[-81.47090699994477,28.59017299975361],[-81.4707470001112,28.590173999925707],[-81.47058800010255,28.590173999925707],[-81.47011100007657,28.590176000269913],[-81.46995299989283,28.590176999653206],[-81.46995500044096,28.590318000157655],[-81.4699589997406,28.59055100024123],[-81.46997100033448,28.590740000369724],[-81.46997299998431,28.59076399963554],[-81.46997399980923,28.59088200028446],[-81.47013100016807,28.590881000119094],[-81.47060499982098,28.5908779996229],[-81.47076300000474,28.5908779996229],[-81.4709079997697,28.590877000246273],[-81.47134299996286,28.59087399975003],[-81.47141300028306,28.59087399975003],[-81.47146199978857,28.590887999698943],[-81.47148400042818,28.59090000010441],[-81.4715200004132,28.59093199986439],[-81.47154299997942,28.590973000306715],[-81.47154999965211,28.591017999811882],[-81.47155200020025,28.5914690002742],[-81.47156200024598,28.593247000359828],[-81.47156600044394,28.5938399997983],[-81.47144400024521,28.59383899966107],[-81.47134399978778,28.59383899966107],[-81.47108100002204,28.593840999935523],[-81.47096100037145,28.59384300020995],[-81.47092500038644,28.59384300020995],[-81.47081800025633,28.593844000347136],[-81.47078300009622,28.59384499969556],[-81.4705370000489,28.59384499969556],[-81.47050299971373,28.59384499969556],[-81.47042999991879,28.59383399976353],[-81.47035999959861,28.593809000272344],[-81.47029699984942,28.59377199991011],[-81.47024400014597,28.59372499972974],[-81.47022200040466,28.59369900007403],[-81.47001300016728,28.593384000124257],[-81.46995700009079,28.593298999888432],[-81.46992100010577,28.59326099999277],[-81.4698600000064,28.593221999940212],[-81.46984300028797,28.59321499972705],[-81.46978200018859,28.593286999756774],[-81.46974200000562,28.593324000289662],[-81.46973000031007,28.593335999628334],[-81.46967400023357,28.593380000346688],[-81.46956200008057,28.593445000065543],[-81.46944099970675,28.593496000144405],[-81.4693460001705,28.593521999850346],[-81.46931400038345,28.59353100032343],[-81.46919999968233,28.59354800033856],[-81.46911500019182,28.593554000389652],[-81.46841999970763,28.593554000389652],[-81.46785499981813,28.59355700002071],[-81.46787300025979,28.59614399966016],[-81.46787300025979,28.59664999999542],[-81.4678740000847,28.597008999610185],[-81.46788300030552,28.59817100008105],[-81.46788599978026,28.598500000394132],[-81.46789300035128,28.598678000213255],[-81.46789900019905,28.598864999747228],[-81.46789900019905,28.5990220002589],[-81.46790000002397,28.599281999922255],[-81.4678880003284,28.599806000007263],[-81.46788999997823,28.600053999949328],[-81.46789300035128,28.60039900029788],[-81.46789300035128,28.600503000139632],[-81.46789400017617,28.60081499983594],[-81.46789500000109,28.600920000124564],[-81.46800299995611,28.60091699991494],[-81.46832699982123,28.60090900014433],[-81.46843599960118,28.60090700000439],[-81.46843399995134,28.600755000299962],[-81.4684309995783,28.600302000094842],[-81.46843499977625,28.60027000003262],[-81.46844800019505,28.600239000037053],[-81.46848199963193,28.60020000020763],[-81.46851299959407,28.600181999614094],[-81.46853000021082,28.60017499986448],[-81.4685920001351,28.600163999806266],[-81.46912500023755,28.60014900022692],[-81.47097100041721,28.600100000376734],[-81.47149699994867,28.600086000077336],[-81.47154399980431,28.60009900029907],[-81.47157800013952,28.600120999639298],[-81.47160499990369,28.60015499990114],[-81.4716199999723,28.600193999747265],[-81.4716199999723,28.600250000087414],[-81.47162300034536,28.600675000076688],[-81.47162400017027,28.60081699997765],[-81.47162499999517,28.600961999895134],[-81.47162800036824,28.601398000089787],[-81.47163000001805,28.601544000058215],[-81.47163000001805,28.601691999948766],[-81.47163199966788,28.602135999947176],[-81.4716330003911,28.602284999849488],[-81.47163400021601,28.602427999996422],[-81.47163699969074,28.602859000160983],[-81.47163800041398,28.602882999814412],[-81.47163500004092,28.602907000251044],[-81.47161499994944,28.602953000218236],[-81.47158399998729,28.602986000302256],[-81.47154700017737,28.603006999776785],[-81.47149899959848,28.603019000375973],[-81.47130799980278,28.603028000035753],[-81.47097300006702,28.60303699969482],[-81.4691200002147,28.603089999949717],[-81.46859299996001,28.603105999946955],[-81.4685439995562,28.60309200004804],[-81.46851000011934,28.60307299990062],[-81.46846900011144,28.603031000185098],[-81.46844999984488,28.602988999664095],[-81.46844700037015,28.60296600008529],[-81.46844099962404,28.602378000364315],[-81.46808300032207,28.60238499996718],[-81.46789099980313,28.602390000246633],[-81.46789400017617,28.602718999970143],[-81.46790699969667,28.603525999990218],[-81.47205299961735,28.603430999610985],[-81.47451100044047,28.603375000177373],[-81.47452999980872,28.604351000004076],[-81.47620799975887,28.604368999883437],[-81.47621500032987,28.604182999930018]],[[-81.47552999989145,28.601399000155094],[-81.47553300026449,28.60166399977229],[-81.47552300021874,28.60182899974699],[-81.47549100043169,28.60195200010446],[-81.47544500040094,28.60207100008241],[-81.47537799955548,28.60219899965643],[-81.47531300015646,28.602286999963205],[-81.47523600016356,28.602364000368407],[-81.47492300016913,28.602646000038938],[-81.47478300042705,28.602757000389655],[-81.47467700012183,28.602815000256303],[-81.47456400014393,28.60286200031515],[-81.47440699978509,28.602908000301973],[-81.47422000018733,28.602935000096284],[-81.47411200023231,28.60294299971273],[-81.47408000044526,28.60294299971273],[-81.4732870000518,28.60296700013566],[-81.47328500040196,28.60282299988188],[-81.47328000037908,28.602392999625494],[-81.47327899965588,28.60225000021963],[-81.47277099966776,28.602265000287776],[-81.47270000042096,28.60225699983108],[-81.47264900036733,28.60224099970451],[-81.47258999991779,28.602211000347907],[-81.4725430000621,28.602172999730943],[-81.4725060002522,28.602127000210988],[-81.47248100013785,28.602076000376798],[-81.47246799971904,28.602021000280427],[-81.47246699989414,28.601943000352456],[-81.47246500024433,28.601267000129205],[-81.47247299974192,28.60117799968948],[-81.47248299978766,28.60111600022479],[-81.47249799985627,28.601058000209065],[-81.47254200023721,28.600935999663573],[-81.4726059998113,28.600813999765087],[-81.47265600004002,28.600742000159382],[-81.4726979998728,28.600690999653],[-81.47275099957625,28.60063599962042],[-81.47311799999737,28.600303000170584],[-81.47318699959435,28.60024799993493],[-81.47327700000605,28.600189000152028],[-81.47336099967163,28.600142999763577],[-81.47342799961879,28.600112999808026],[-81.47350499961168,28.600086000077336],[-81.47358800035066,28.600061999785087],[-81.47366299979542,28.600045000034836],[-81.4737959998648,28.60002700020347],[-81.47420000009586,28.600011999815855],[-81.47433399999017,28.60000900036903],[-81.47441900037897,28.600022999889983],[-81.47445799983872,28.600038000276033],[-81.47449600037187,28.600058000261647],[-81.47452899998383,28.600081999766083],[-81.47455900012105,28.60011000036409],[-81.47458400023541,28.600140999609046],[-81.47460400032689,28.60017499986448],[-81.47461799967228,28.60021100026206],[-81.47467499957368,28.600508999793625],[-81.47470800008396,28.600709000159277],[-81.47487200011548,28.600689000297614],[-81.4749919997661,28.600676000148866],[-81.47527499962331,28.600632000118807],[-81.475365000035,28.60062200018107],[-81.47553099971636,28.600605999805598],[-81.47552400004366,28.60082100026091],[-81.47552999989145,28.601399000155094]],[[-81.47369999960534,28.598398999640402],[-81.47369600030571,28.598476999832737],[-81.47368000041216,28.598550000294015],[-81.4736539995746,28.59860000017011],[-81.47361799958958,28.59864500035374],[-81.47360199969606,28.598656999873626],[-81.4735690000841,28.598683999971453],[-81.47351100035777,28.59871499963707],[-81.47342400031913,28.598740999629463],[-81.47334999980099,28.598747000172803],[-81.47329399972446,28.598740999629463],[-81.47323299962511,28.598724999756264],[-81.47311399979942,28.59866699999828],[-81.47243799958181,28.59833499992473],[-81.47234999971826,28.59829199979813],[-81.47228399959603,28.598254000130115],[-81.4722259998697,28.5982050001851],[-81.47228100012128,28.598155000121075],[-81.47230700006057,28.598117999711373],[-81.47232499960391,28.598093999758376],[-81.47236800015993,28.598012999778003],[-81.47239599974903,28.597927000032428],[-81.47240800034291,28.597839000018084],[-81.47240699961968,28.597779000360404],[-81.47240599979477,28.597660000254532],[-81.47240300032003,28.597490999633948],[-81.47241699966541,28.59738800006985],[-81.47243199973404,28.597330000362803],[-81.47246600006922,28.59723499990309],[-81.47249000035868,28.597189999904465],[-81.47254100041229,28.597109000016125],[-81.4725559995826,28.59708599993904],[-81.4725849998949,28.597053000368387],[-81.47272999965986,28.59691900018882],[-81.47294200027028,28.59673499988758],[-81.47299699962356,28.596693000005107],[-81.47311100032469,28.596625000385206],[-81.47318300029471,28.596594000103135],[-81.47327799983096,28.59655900015531],[-81.47336999989245,28.596532000300222],[-81.47342199977099,28.596520999860704],[-81.47347500037276,28.596520999860704],[-81.47352700025128,28.596531000188605],[-81.47357699958168,28.596552000164316],[-81.47362000013771,28.596583999781156],[-81.4736539995746,28.596624000274467],[-81.47367700003913,28.596675999709884],[-81.47368899973469,28.596742999975927],[-81.47368999955961,28.59701300003834],[-81.47369499958246,28.597593999885834],[-81.47369600030571,28.59786699963625],[-81.47369999960534,28.598398999640402]],[[-81.47144900026808,28.599133999792336],[-81.47144000004725,28.599199999982563],[-81.4714080002602,28.599259999617725],[-81.47138399997075,28.59928600026395],[-81.47135600038166,28.599308999859513],[-81.47132500041953,28.59932799989886],[-81.47129100008434,28.59934200029925],[-81.47121699956617,28.599355999909047],[-81.4709089995946,28.599363999797937],[-81.47052299980523,28.599374999939897],[-81.4703090004433,28.599380000362526],[-81.46966900021069,28.599397000220357],[-81.46945599977536,28.599404000021856],[-81.46911699984165,28.599412999991245],[-81.46867999999866,28.59942500021221],[-81.46864300018872,28.59941999979167],[-81.4686070002037,28.599408999654433],[-81.46857399969343,28.599392999882937],[-81.4685439995562,28.59937299977076],[-81.46851799961695,28.599349000104407],[-81.46849699970055,28.599322000177366],[-81.46848099980701,28.599291999987443],[-81.46847099976127,28.599259999617725],[-81.46846300026367,28.59916299994079],[-81.46846200043878,28.598967000141485],[-81.46846099971553,28.598712000153288],[-81.46844599964692,28.598630999860497],[-81.46851599996712,28.59860599993276],[-81.46862899994503,28.59854800010918],[-81.46864200036383,28.598542000343155],[-81.46878100028098,28.59847799992583],[-81.46891199980224,28.598434999857737],[-81.46905200044263,28.59840600029711],[-81.46913399956009,28.598398999640402],[-81.46920600042843,28.59839600014755],[-81.4694080000948,28.598389000278978],[-81.46961399995911,28.598381999621136],[-81.47023499992513,28.59836500038785],[-81.47044199961438,28.59835999991693],[-81.47063800033126,28.598349999763002],[-81.47070500027841,28.59834700026875],[-81.47076399982964,28.5983360000192],[-81.47094899977758,28.59827300036021],[-81.4710480004101,28.598254000130115],[-81.47121599974126,28.598250999844453],[-81.47141300028306,28.59824800034736],[-81.47142800035168,28.59863400013532],[-81.47144900026808,28.599133999792336]],[[-81.46993600017439,28.594551999651028],[-81.46993500034947,28.59475800029299],[-81.46991899955763,28.5948240000763],[-81.46990000018937,28.594859999940724],[-81.4698590001815,28.594907999740652],[-81.46980800012787,28.594937000266437],[-81.4696900001271,28.595006999653236],[-81.46960200026354,28.595071999943443],[-81.4695219998976,28.595151999699457],[-81.46942599963813,28.595270000155185],[-81.469330000277,28.595399000247806],[-81.46922999981955,28.595542999632237],[-81.46918499961372,28.595599000084505],[-81.46911199981878,28.595671000058747],[-81.4690569995672,28.595707999752452],[-81.46896299985588,28.595746999671327],[-81.46885900009879,28.59577100016022],[-81.46884700040322,28.595772000279077],[-81.46881800009092,28.595774999846824],[-81.46859399978493,28.59578199988956],[-81.46854100008147,28.595773999728006],[-81.46851599996712,28.595764000116823],[-81.46847400013432,28.59573399969995],[-81.46844399999709,28.595693999656728],[-81.46843200030153,28.595647000335717],[-81.4684299997534,28.59546799999389],[-81.46842599955544,28.594785999943202],[-81.46842499973052,28.59455899977515],[-81.4687269998543,28.594557000303126],[-81.46963300022568,28.594552999781474],[-81.46993600017439,28.594551999651028]]]},"properties":{"block_id":"120950123051000","school_id":"sch_meadowbrook_middle","kids_est":61,"class":"red","shortest":{"len_m":2068.7,"mean_c":37.23,"peak_c":37.28,"dose":121.68},"coolest":{"len_m":2068.7,"mean_c":37.23,"peak_c":37.28,"dose":121.68},"delta_mean_c":0.0,"delta_dose_pct":0,"distance_mi":0.583,"status_now":"walk","status_rec":"bus_eligible","reason":"Coolest route mean 37.2C exceeds threshold (110 C-min dose, actual 122).","safe_until_hour":"14:00"}},{"type":"Feature","geometry":{"type":"Polygon","coordinates":[[[-81.4605809996028,28.59295299975025],[-81.46057999977788,28.592888999873452],[-81.46057599957993,28.59257100020357],[-81.46057599957993,28.592434000168385],[-81.46057800012807,28.592283000193337],[-81.46057300010521,28.592139999651273],[-81.46057300010521,28.59212499971555],[-81.46055800003658,28.592011999657537],[-81.46053399974714,28.5919140002348],[-81.46049399956416,28.591800999949974],[-81.46045699975424,28.591733000320342],[-81.46038899998219,28.591608999676122],[-81.46029600009577,28.591444000220527],[-81.46022699960047,28.591321000185346],[-81.46016100037654,28.591156000277707],[-81.46014200010998,28.59108700006744],[-81.4601160001707,28.590930000323365],[-81.46011399962256,28.590911000343464],[-81.46010699994989,28.590787999684682],[-81.46010799977478,28.590722999900485],[-81.45991199995622,28.59071900002166],[-81.4597930001305,28.59071699968781],[-81.45947400028828,28.59071699968781],[-81.45932600015028,28.590713999975716],[-81.45913100015662,28.590711000263557],[-81.45912500030884,28.59097800034036],[-81.4591239995856,28.591044000130715],[-81.45911400043818,28.591098999661458],[-81.45909199979855,28.591175000213383],[-81.45906800040743,28.591239000344917],[-81.45903700044529,28.59130200027612],[-81.45897600034593,28.591402999961876],[-81.45878999967476,28.591603999672515],[-81.45874899966688,28.591661000015016],[-81.45873100012354,28.591688000332454],[-81.45870299963613,28.591741000000678],[-81.45866800037435,28.591834999748322],[-81.4586519995825,28.59190800009014],[-81.45863900006202,28.592047000330655],[-81.45863800023712,28.592057999660913],[-81.45863400003915,28.592242000261862],[-81.45863900006202,28.592397000110953],[-81.4586509997576,28.592471000212754],[-81.45866400017637,28.592505999944276],[-81.45869000011565,28.59257200035287],[-81.45873000029863,28.59264199973706],[-81.45874899966688,28.59267200024766],[-81.45886400019293,28.592816000212924],[-81.45891000022367,28.592872999898173],[-81.45896299992714,28.59295500004157],[-81.45902900004936,28.59309599997511],[-81.45906099983641,28.593197000303487],[-81.45909000014872,28.593343999975453],[-81.45909400034671,28.593424000257844],[-81.45909699982143,28.593458000319977],[-81.45909400034671,28.593644999676435],[-81.46010000027718,28.59365199986096],[-81.46009699990412,28.593537999726852],[-81.46010799977478,28.593471999924777],[-81.46012500039153,28.59341599991682],[-81.46014799995775,28.593362000162603],[-81.46017899991989,28.59330999987639],[-81.4602149999049,28.59326200013544],[-81.46025799956261,28.59321700001337],[-81.46030500031658,28.59317699980102],[-81.46035700019515,28.59314200029285],[-81.46041400009652,28.593110999772286],[-81.4604950002874,28.59307500009769],[-81.46053000044749,28.593046999991667],[-81.46054299996797,28.59303200018538],[-81.46056800008233,28.592993000047855],[-81.4605809996028,28.59295299975025]]]},"properties":{"block_id":"120950123071012","school_id":"sch_meadowbrook_middle","kids_est":3,"class":"green","shortest":{"len_m":571.2,"mean_c":37.28,"peak_c":37.29,"dose":33.95},"coolest":{"len_m":571.2,"mean_c":37.28,"peak_c":37.29,"dose":33.95},"delta_mean_c":0.0,"delta_dose_pct":0,"distance_mi":0.285,"status_now":"walk","status_rec":"walk","reason":"Shortest route already under threshold (dose 34).","safe_until_hour":null}},{"type":"Feature","geometry":{"type":"Polygon","coordinates":[[[-81.46918999963657,28.592695999861203],[-81.46918200013897,28.591415999680066],[-81.46917899976593,28.590884999991747],[-81.46901200025967,28.590884999991747],[-81.46857200004361,28.590887000322418],[-81.46851500014219,28.59089200036013],[-81.4684719995862,28.590910000178365],[-81.46845200039301,28.590925000287456],[-81.46841999970763,28.59096099990961],[-81.46840299998921,28.591003999880275],[-81.46839999961617,28.59102699971064],[-81.46840200016429,28.59137100034526],[-81.46841100038513,28.5924739998747],[-81.46841399985986,28.59284200008705],[-81.46894500031252,28.592838000288847],[-81.46902099958218,28.592838000288847],[-81.46904900006959,28.59283399970173],[-81.46910099994813,28.592816000212924],[-81.46914500032906,28.592785000384932],[-81.46917499956798,28.592743999860538],[-81.46918999963657,28.592695999861203]]]},"properties":{"block_id":"120950123051018","school_id":"sch_meadowbrook_middle","kids_est":6,"class":"green","shortest":{"len_m":1526.7,"mean_c":37.28,"peak_c":37.31,"dose":90.7},"coolest":{"len_m":1526.7,"mean_c":37.28,"peak_c":37.31,"dose":90.7},"delta_mean_c":0.0,"delta_dose_pct":0,"distance_mi":0.383,"status_now":"walk","status_rec":"walk","reason":"Shortest route already under threshold (dose 91).","safe_until_hour":null}},{"type":"Feature","geometry":{"type":"Polygon","coordinates":[[[-81.46794100003186,28.610128000063927],[-81.4679379996588,28.609805999779216],[-81.4679379996588,28.60967600003606],[-81.46793600000898,28.60926600003496],[-81.46793000016119,28.60803899990042],[-81.4679290003363,28.607629999825367],[-81.46779200006894,28.607635999861092],[-81.46770099983233,28.607640999890638],[-81.46738399963994,28.607646999925738],[-81.46724800009581,28.607649999943177],[-81.4672539999436,28.60779999991689],[-81.46727400003508,28.608253000130418],[-81.46727499985998,28.608273000129618],[-81.46727300021016,28.608319000113376],[-81.4672539999436,28.60836200007997],[-81.46722899982923,28.608392000046237],[-81.46720200006504,28.608414000016044],[-81.46715400038448,28.608433999984612],[-81.46710199960764,28.608440999972757],[-81.4666489998711,28.608457999941884],[-81.46487499966149,28.608524999793527],[-81.4642839998327,28.608547999732753],[-81.4642760003351,28.608399000037167],[-81.46425200004565,28.60795299968515],[-81.46424500037296,28.60780499993864],[-81.46423199995418,28.607558000158303],[-81.46421500023574,28.607472000337996],[-81.46418300044868,28.607398999765792],[-81.4640379997854,28.60718900020291],[-81.4640090003714,28.60713199960693],[-81.46399400030279,28.607065999666908],[-81.46398199970892,28.606947999838027],[-81.46394700044712,28.60621099988622],[-81.46392800018054,28.60579799969884],[-81.46375400010326,28.605803999839242],[-81.46323199987145,28.605824000304676],[-81.46305899961911,28.605830999678055],[-81.46288399971692,28.60583699981651],[-81.46236200038342,28.60585700027567],[-81.46218900013105,28.60586399964684],[-81.46209100022176,28.605866999715207],[-81.46179900014371,28.605877999965077],[-81.46170200005932,28.60588200005561],[-81.46151399973836,28.60588900021379],[-81.46138800023996,28.605898999650222],[-81.46137099962321,28.605900999695137],[-81.46130000037643,28.60591299996379],[-81.4610869999411,28.60596200025788],[-81.46096999976523,28.60597699979606],[-81.46045500010442,28.605979999861198],[-81.46014200010998,28.605982999926244],[-81.46014299993487,28.60614700019644],[-81.46014600030793,28.606640000275167],[-81.46014799995775,28.606805000322243],[-81.46014899978267,28.606988000329583],[-81.46015200015572,28.607538000022974],[-81.46015299998064,28.60772200033587],[-81.46019200033868,28.60772300034097],[-81.46039999985283,28.607713000289497],[-81.46114100036777,28.60768100011827],[-81.46138800023996,28.6076710000628],[-81.46156200031724,28.607663000017745],[-81.46208399965074,28.60763899987885],[-81.46225799972801,28.607630999831365],[-81.4624390003763,28.607621999777194],[-81.46298499999925,28.60759799962894],[-81.46305699996928,28.607594999609997],[-81.46313200031234,28.60759799962894],[-81.46316699957414,28.607605999678942],[-81.46320500010728,28.607614999734473],[-81.46327100022953,28.607644999914115],[-81.46330700021453,28.6076710000628],[-81.46334900004732,28.607713000289497],[-81.46338800040539,28.607779999827628],[-81.46340599994873,28.60785300013502],[-81.46340699977365,28.608112000027827],[-81.46340799959854,28.60826900013006],[-81.46340799959854,28.608331000105842],[-81.46340799959854,28.608517999811042],[-81.46340900032179,28.608580999636757],[-81.46340900032179,28.608687000046896],[-81.4634109999716,28.609004999847013],[-81.4634119997965,28.60911099982933],[-81.4634119997965,28.60919099993856],[-81.46341299962143,28.60943199988968],[-81.46341400034464,28.609512999742574],[-81.46341400034464,28.609601000232384],[-81.46340299957569,28.609665000183874],[-81.46338000000947,28.60972200019411],[-81.46332200028314,28.609787000057324],[-81.4632779999022,28.609813999661135],[-81.46324600011516,28.60983600012174],[-81.4631990002595,28.609849999910633],[-81.46311899989355,28.609865999667104],[-81.46309700015226,28.609865999667104],[-81.46278599980764,28.609872000363758],[-81.46268299987547,28.609875000317665],[-81.46264600006555,28.609875000317665],[-81.46253800011051,28.609877000286833],[-81.46250299995042,28.609879000256015],[-81.4624390003763,28.6098800002406],[-81.46224699985737,28.609883000194266],[-81.46218400010818,28.609885000163345],[-81.4619749998708,28.6098890001013],[-81.46135100043006,28.609902999883147],[-81.4611430000176,28.609907999804808],[-81.460947000199,28.60991199974189],[-81.4603610003931,28.60992300035686],[-81.46016600039943,28.609928000277556],[-81.46006799959181,28.609928000277556],[-81.45977300003904,28.60992900026167],[-81.45967599995465,28.609930000245708],[-81.45967799960447,28.610157000332556],[-81.45968400035056,28.61083999996648],[-81.45968500017548,28.610921000310885],[-81.4596800001526,28.611067999637264],[-81.46000400001772,28.611048000170197],[-81.460975999613,28.61099000011685],[-81.46130100020135,28.61097199979468],[-81.46167399957193,28.610938999853158],[-81.46178900009797,28.610942999751053],[-81.46190799992365,28.610934999955177],[-81.46373200036197,28.61082500033394],[-81.4643399999092,28.610788999629953],[-81.46461799974355,28.610773000014074],[-81.46523500040993,28.610739000033647],[-81.4654520001449,28.61072500036329],[-81.46573099980415,28.61070799997233],[-81.46592499997291,28.61069500027466],[-81.4660920003775,28.610684999717463],[-81.46641500041767,28.61067299999391],[-81.46650699958087,28.61067599992494],[-81.46664399984823,28.610680999809748],[-81.46670199957454,28.610686999671252],[-81.46686999980402,28.610703000088822],[-81.46692800042867,28.61071199987903],[-81.467162999707,28.610748999797142],[-81.46734099998223,28.61079200034625],[-81.46751300040968,28.610846999794223],[-81.46759200005239,28.610873999914148],[-81.46775799973375,28.610932000031546],[-81.46780700013755,28.61095200030933],[-81.467859999841,28.6108340001137],[-81.46787999993248,28.610789999605874],[-81.46791000006972,28.61067399997094],[-81.46792500013831,28.610556000251645],[-81.46792799961307,28.610456000024893],[-81.46793400035915,28.610327000277838],[-81.4679379996588,28.610195999620675],[-81.46794100003186,28.610128000063927]]]},"properties":{"block_id":"120950123061000","school_id":"sch_meadowbrook_middle","kids_est":24,"class":"red","shortest":{"len_m":3113.2,"mean_c":37.2,"peak_c":37.35,"dose":181.79},"coolest":{"len_m":3113.2,"mean_c":37.2,"peak_c":37.35,"dose":181.79},"delta_mean_c":0.0,"delta_dose_pct":0,"distance_mi":0.97,"status_now":"walk","status_rec":"bus_eligible","reason":"Coolest route mean 37.2C exceeds threshold (110 C-min dose, actual 182).","safe_until_hour":"13:00"}},{"type":"Feature","geometry":{"type":"Polygon","coordinates":[[[-81.46606399989008,28.61585699976879],[-81.46605499966927,28.61577700000511],[-81.4660370001259,28.615725999700082],[-81.465924000148,28.615525000390562],[-81.46566700023006,28.615085999874392],[-81.4656289996969,28.615035000022353],[-81.46558000019142,28.614993000357543],[-81.46552199956679,28.61496199997462],[-81.46544299992406,28.61493699998983],[-81.46537799962672,28.614929999645984],[-81.46500699990597,28.614941999671807],[-81.46430300009928,28.614966999655405],[-81.46429899990132,28.61522500021116],[-81.46429899990132,28.61524499967149],[-81.46430899994706,28.61571800026844],[-81.46432900003853,28.615799000005374],[-81.4643540001529,28.61585000027493],[-81.46440799968127,28.615921999778372],[-81.46444100019154,28.615960000153574],[-81.46461199989575,28.61615399994548],[-81.4647480003382,28.616311999779548],[-81.46487300001166,28.61645599968077],[-81.46495599985235,28.616542999952543],[-81.4650930001197,28.616700000070246],[-81.4651779996102,28.616768000103615],[-81.46520000024982,28.61678199975716],[-81.46536900030424,28.616855000116974],[-81.4654520001449,28.61669800023093],[-81.4655640002979,28.61652499979344],[-81.46567300007784,28.61638900015652],[-81.46577199981205,28.616279999862268],[-81.46580600014723,28.61624400023944],[-81.46599699994293,28.616047000047665],[-81.46603100027812,28.615994000021054],[-81.46605300001944,28.615937000260136],[-81.46606399989008,28.61585699976879]]]},"properties":{"block_id":"120950151062002","school_id":"sch_meadowbrook_middle","kids_est":6,"class":"red","shortest":{"len_m":4875.1,"mean_c":37.07,"peak_c":37.4,"dose":275.52},"coolest":{"len_m":4966.9,"mean_c":36.87,"peak_c":37.28,"dose":267.2},"delta_mean_c":-0.2,"delta_dose_pct":-3,"distance_mi":1.449,"status_now":"walk","status_rec":"bus_eligible","reason":"Coolest route mean 36.9C exceeds threshold (110 C-min dose, actual 267).","safe_until_hour":"11:00"}},{"type":"Feature","geometry":{"type":"Polygon","coordinates":[[[-81.46340799959854,28.60826900013006],[-81.46340699977365,28.608112000027827],[-81.46340599994873,28.60785300013502],[-81.46338800040539,28.607779999827628],[-81.46334900004732,28.607713000289497],[-81.46330700021453,28.6076710000628],[-81.46327100022953,28.607644999914115],[-81.46320500010728,28.607614999734473],[-81.46316699957414,28.607605999678942],[-81.46313200031234,28.60759799962894],[-81.46305699996928,28.607594999609997],[-81.46298499999925,28.60759799962894],[-81.4624390003763,28.607621999777194],[-81.46225799972801,28.607630999831365],[-81.46208399965074,28.60763899987885],[-81.46156200031724,28.607663000017745],[-81.46138800023996,28.6076710000628],[-81.46138900006488,28.607828000035433],[-81.46139200043793,28.608302000121704],[-81.46139400008775,28.608459999938074],[-81.4613969995625,28.608828000166355],[-81.46139800028571,28.608905999714857],[-81.46139499991267,28.60895100021662],[-81.46138499986694,28.608994999917517],[-81.46136700032358,28.60903599962227],[-81.46134100038432,28.609075000115144],[-81.46131000042216,28.609108999845517],[-81.46127199988901,28.609139000387092],[-81.46123000005622,28.6091630001833],[-81.46118400002547,28.609181000026812],[-81.46113499962168,28.609192999920808],[-81.4605310002724,28.609219999677283],[-81.46016300002637,28.609237000308998],[-81.46016300002637,28.609374999722082],[-81.4601649996762,28.609789000028226],[-81.46016600039943,28.609928000277556],[-81.4603610003931,28.60992300035686],[-81.460947000199,28.60991199974189],[-81.4611430000176,28.609907999804808],[-81.46135100043006,28.609902999883147],[-81.4619749998708,28.6098890001013],[-81.46218400010818,28.609885000163345],[-81.46218300028326,28.609728000110348],[-81.46217999991022,28.609260000092327],[-81.4621790000853,28.6091049998778],[-81.46217700043549,28.608966000116748],[-81.46217400006243,28.60859500038156],[-81.46217999991022,28.60855199972169],[-81.46218400010818,28.608524999793527],[-81.46221099987235,28.608457999941884],[-81.46223199978877,28.608425999997657],[-81.46223799963654,28.608417000011592],[-81.4622569999031,28.608397000039805],[-81.46227199997173,28.608382000058437],[-81.46233499972092,28.60834300009692],[-81.4623539999875,28.608335000102983],[-81.4623909997974,28.608323000110975],[-81.46240599986602,28.608318000113943],[-81.46245600009475,28.60830900011864],[-81.46259300036209,28.60830300012129],[-81.46320400028237,28.60827700012897],[-81.46340799959854,28.60826900013006]]]},"properties":{"block_id":"120950123061002","school_id":"sch_meadowbrook_middle","kids_est":9,"class":"red","shortest":{"len_m":3898.4,"mean_c":37.22,"peak_c":37.4,"dose":228.38},"coolest":{"len_m":3898.4,"mean_c":37.22,"peak_c":37.4,"dose":228.38},"delta_mean_c":0.0,"delta_dose_pct":0,"distance_mi":0.972,"status_now":"walk","status_rec":"bus_eligible","reason":"Coolest route mean 37.2C exceeds threshold (110 C-min dose, actual 228).","safe_until_hour":"11:00"}},{"type":"Feature","geometry":{"type":"Polygon","coordinates":[[[-81.46997399980923,28.59088200028446],[-81.46997299998431,28.59076399963554],[-81.46997100033448,28.590740000369724],[-81.4699589997406,28.59055100024123],[-81.46995500044096,28.590318000157655],[-81.46995299989283,28.590176999653206],[-81.46979100040943,28.590176999653206],[-81.4693090003606,28.590180000169386],[-81.46914799980378,28.590181000341445],[-81.46898899979513,28.590181000341445],[-81.46851299959407,28.590185000240727],[-81.46835500030863,28.590186999795925],[-81.46825099965324,28.590186999795925],[-81.46793900038203,28.590186999795925],[-81.46783599955155,28.59018799996791],[-81.4678389999246,28.590633999997305],[-81.46785499981813,28.593541000147102],[-81.46785499981813,28.59355700002071],[-81.46841999970763,28.593554000389652],[-81.4684230000807,28.59341700005808],[-81.46841399985986,28.59284200008705],[-81.46841100038513,28.5924739998747],[-81.46840200016429,28.59137100034526],[-81.46839999961617,28.59102699971064],[-81.46840299998921,28.591003999880275],[-81.46841999970763,28.59096099990961],[-81.46845200039301,28.590925000287456],[-81.4684719995862,28.590910000178365],[-81.46851500014219,28.59089200036013],[-81.46857200004361,28.590887000322418],[-81.46901200025967,28.590884999991747],[-81.46917899976593,28.590884999991747],[-81.46933799977458,28.590883999826403],[-81.46981399997564,28.59088200028446],[-81.46997399980923,28.59088200028446]]]},"properties":{"block_id":"120950123051017","school_id":"sch_meadowbrook_middle","kids_est":3,"class":"green","shortest":{"len_m":1526.7,"mean_c":37.28,"peak_c":37.31,"dose":90.7},"coolest":{"len_m":1526.7,"mean_c":37.28,"peak_c":37.31,"dose":90.7},"delta_mean_c":0.0,"delta_dose_pct":0,"distance_mi":0.395,"status_now":"walk","status_rec":"walk","reason":"Shortest route already under threshold (dose 91).","safe_until_hour":null}},{"type":"Feature","geometry":{"type":"Polygon","coordinates":[[[-81.47163000001805,28.601544000058215],[-81.47162800036824,28.601398000089787],[-81.47162499999517,28.600961999895134],[-81.47162400017027,28.60081699997765],[-81.47098599958748,28.600834999673683],[-81.46907300035903,28.600888000250528],[-81.46843599960118,28.60090700000439],[-81.46843599960118,28.601053999934873],[-81.4684380001493,28.601495000069804],[-81.46843899997421,28.601643000029423],[-81.46907699965867,28.601624999683064],[-81.4695779999741,28.601611000375545],[-81.47099099961036,28.6015639997572],[-81.47163000001805,28.601544000058215]]]},"properties":{"block_id":"120950123051005","school_id":"sch_meadowbrook_middle","kids_est":0,"class":"red","shortest":{"len_m":1935.3,"mean_c":37.24,"peak_c":37.28,"dose":113.99},"coolest":{"len_m":1935.3,"mean_c":37.24,"peak_c":37.28,"dose":113.99},"delta_mean_c":0.0,"delta_dose_pct":0,"distance_mi":0.604,"status_now":"walk","status_rec":"bus_eligible","reason":"Coolest route mean 37.2C exceeds threshold (110 C-min dose, actual 114).","safe_until_hour":"14:00"}},{"type":"Feature","geometry":{"type":"Polygon","coordinates":[[[-81.46016600039943,28.609928000277556],[-81.4601649996762,28.609789000028226],[-81.46016300002637,28.609374999722082],[-81.46016300002637,28.609237000308998],[-81.46016100037654,28.60908300005267],[-81.46015700017858,28.608624000284752],[-81.46015600035366,28.608470999916438],[-81.46015499963046,28.608321000112237],[-81.46015299998064,28.607871000203065],[-81.46015299998064,28.60772200033587],[-81.46015200015572,28.607538000022974],[-81.46014899978267,28.606988000329583],[-81.46014799995775,28.606805000322243],[-81.46014600030793,28.606640000275167],[-81.46014299993487,28.60614700019644],[-81.46014200010998,28.605982999926244],[-81.46004400020068,28.605982999926244],[-81.45974899974958,28.605982999926244],[-81.4596519996652,28.605983999947902],[-81.45965400021335,28.606265000136307],[-81.45966099988604,28.607111000168242],[-81.4596640002591,28.60739299971655],[-81.459665000084,28.607900000306113],[-81.4596659999089,28.60836400007801],[-81.45967599995465,28.60942200000087],[-81.45967699977956,28.60947000024712],[-81.45967599995465,28.609930000245708],[-81.45977300003904,28.60992900026167],[-81.46006799959181,28.609928000277556],[-81.46016600039943,28.609928000277556]]]},"properties":{"block_id":"120950123061004","school_id":"sch_meadowbrook_middle","kids_est":3,"class":"red","shortest":{"len_m":3364.8,"mean_c":37.28,"peak_c":37.4,"dose":200.01},"coolest":{"len_m":3364.8,"mean_c":37.28,"peak_c":37.4,"dose":200.01},"delta_mean_c":0.0,"delta_dose_pct":0,"distance_mi":0.935,"status_now":"walk","status_rec":"bus_eligible","reason":"Coolest route mean 37.3C exceeds threshold (110 C-min dose, actual 200).","safe_until_hour":"11:00"}},{"type":"Feature","geometry":{"type":"Polygon","coordinates":[[[-81.45797700008812,28.599428999759684],[-81.45796399966933,28.59637000023564],[-81.45710800042498,28.596364999669735],[-81.45700100029485,28.596364999669735],[-81.45701499964024,28.596384000241333],[-81.45701499964024,28.596471999896448],[-81.4570459996024,28.59921699986953],[-81.45704200030275,28.599278999665863],[-81.45703700027987,28.599324999643795],[-81.45703200025699,28.599355999909047],[-81.45702999970887,28.5993710003903],[-81.45706400004406,28.5993980003047],[-81.45708599978538,28.599409999738658],[-81.4571100000748,28.599417999623387],[-81.45713500018915,28.599423000044016],[-81.45716100012844,28.599424000128128],[-81.45740499962758,28.59942700038029],[-81.45797700008812,28.599428999759684]]]},"properties":{"block_id":"120950123062002","school_id":"sch_meadowbrook_middle","kids_est":3,"class":"green","shortest":{"len_m":869.8,"mean_c":37.26,"peak_c":37.28,"dose":51.48},"coolest":{"len_m":869.8,"mean_c":37.26,"peak_c":37.28,"dose":51.48},"delta_mean_c":0.0,"delta_dose_pct":0,"distance_mi":0.418,"status_now":"walk","status_rec":"walk","reason":"Shortest route already under threshold (dose 51).","safe_until_hour":null}},{"type":"Feature","geometry":{"type":"Polygon","coordinates":[[[-81.45466100037082,28.599496999931528],[-81.45466200019574,28.59948799996934],[-81.45463299988342,28.598174999676306],[-81.45461399961685,28.597031000385932],[-81.45460399957109,28.596981999870717],[-81.45457599998201,28.596920999615932],[-81.45455000004274,28.5968900002099],[-81.45451599970754,28.596870999729788],[-81.45447600042291,28.59686299965112],[-81.45382600014456,28.59686999962139],[-81.45383600019031,28.597327000050704],[-81.4538649996043,28.598697999668975],[-81.45387600037328,28.599155000036596],[-81.4538780000231,28.599253999892348],[-81.4538839998709,28.59955199977152],[-81.45390200031254,28.59959899971238],[-81.45391599965792,28.59961899978153],[-81.4539340000996,28.599636000389438],[-81.45397699975729,28.599663000235747],[-81.45402699998603,28.599676999802778],[-81.4540539997502,28.599678999966127],[-81.45451999990551,28.599662000153927],[-81.45455900026357,28.599655000369605],[-81.45459500024859,28.599639999928936],[-81.4546310002336,28.599606000289146],[-81.45465600034797,28.59954900031158],[-81.45466100037082,28.599496999931528]]]},"properties":{"block_id":"120950123062005","school_id":"sch_meadowbrook_middle","kids_est":20,"class":"green","shortest":{"len_m":1579.8,"mean_c":37.25,"peak_c":37.28,"dose":93.33},"coolest":{"len_m":1579.8,"mean_c":37.25,"peak_c":37.28,"dose":93.33},"delta_mean_c":0.0,"delta_dose_pct":0,"distance_mi":0.606,"status_now":"walk","status_rec":"walk","reason":"Shortest route already under threshold (dose 93).","safe_until_hour":null}},{"type":"Feature","geometry":{"type":"Polygon","coordinates":[[[-81.47617000012404,28.614325000051476],[-81.47617799962165,28.613728999657965],[-81.4757669997179,28.613657000228244],[-81.47542399958623,28.61357299977976],[-81.47515199959966,28.61350699994354],[-81.47471899995462,28.613409000062397],[-81.4742660002181,28.61330099978175],[-81.47375099965898,28.613180999952963],[-81.47346699997685,28.613111000055227],[-81.47317700044692,28.613042000065324],[-81.47242900025931,28.612866000045823],[-81.4722669998776,28.612828000128367],[-81.47178200035401,28.61271700016621],[-81.47162099979722,28.612681000110676],[-81.47133399974204,28.612609999921137],[-81.47099399998342,28.61252700017192],[-81.47072700001972,28.61246199963835],[-81.47050100006392,28.612391000089403],[-81.47028099995588,28.612307000205657],[-81.47006800041886,28.61221099991826],[-81.46977799999064,28.61205300022348],[-81.4692330001926,28.61174799975626],[-81.46913799975805,28.61169499992603],[-81.46867400015086,28.611426999675743],[-81.4685009998985,28.611329000219726],[-81.46798399968955,28.611037999646598],[-81.4679369998339,28.611012000331204],[-81.46780700013755,28.61095200030933],[-81.46775799973375,28.610932000031546],[-81.46759200005239,28.610873999914148],[-81.46751300040968,28.610846999794223],[-81.46734099998223,28.61079200034625],[-81.467162999707,28.610748999797142],[-81.46692800042867,28.61071199987903],[-81.46686999980402,28.610703000088822],[-81.46670199957454,28.610686999671252],[-81.46664399984823,28.610680999809748],[-81.46650699958087,28.61067599992494],[-81.46641500041767,28.61067299999391],[-81.4660920003775,28.610684999717463],[-81.46592499997291,28.61069500027466],[-81.46573099980415,28.61070799997233],[-81.4654520001449,28.61072500036329],[-81.46523500040993,28.610739000033647],[-81.46461799974355,28.610773000014074],[-81.4643399999092,28.610788999629953],[-81.46373200036197,28.61082500033394],[-81.46190799992365,28.610934999955177],[-81.46178900009797,28.610942999751053],[-81.46167399957193,28.610938999853158],[-81.46130100020135,28.61097199979468],[-81.46130000037643,28.61122799996851],[-81.46130100020135,28.61128499991918],[-81.46130899969894,28.611583000375422],[-81.4613129998969,28.612223000254673],[-81.46131500044504,28.61253699976513],[-81.4615160002865,28.61252400029375],[-81.46164699980775,28.612516999789133],[-81.46179699959558,28.612530000049926],[-81.46200599983295,28.612513999910682],[-81.46211799998594,28.612510000072607],[-81.46231999965231,28.612504000315287],[-81.46253899993543,28.612492000010924],[-81.46262099995117,28.612472000026365],[-81.46286699999848,28.612353999961115],[-81.46315599970347,28.61221699969233],[-81.4632269998486,28.61219399976782],[-81.46330300001657,28.61218100025405],[-81.46450300011581,28.61210899976317],[-81.46456000001723,28.612105999873076],[-81.46466399977432,28.612102999982884],[-81.4647550000109,28.612111999653187],[-81.46482100013314,28.61213500038423],[-81.46489399992807,28.61218200021665],[-81.46494400015678,28.61223599976329],[-81.46497500011891,28.612300999648095],[-81.46498599998957,28.61237999973296],[-81.46500199988311,28.612494999889996],[-81.4650300003705,28.612689999731398],[-81.46502899964729,28.612772000183448],[-81.46501600012681,28.61284200030712],[-81.46501500030189,28.61285399978287],[-81.46499699986023,28.612903999949527],[-81.46496199970014,28.612942999794914],[-81.4649459998066,28.612956999958325],[-81.4648880000803,28.6129919999643],[-81.464818999585,28.61302000027616],[-81.46476400023172,28.613030999777006],[-81.46433400006141,28.61305700016988],[-81.46370499969947,28.61309599995844],[-81.46362400040694,28.613104000378357],[-81.46350399985803,28.613124000242575],[-81.46340500012383,28.613153999637447],[-81.46323600006941,28.613230999964],[-81.46314099963487,28.613263000021618],[-81.4630440004488,28.613281999903375],[-81.46291399985414,28.613291000261224],[-81.46241500008686,28.613307000282177],[-81.46214499975011,28.613316999801114],[-81.46206199990945,28.613333999769743],[-81.46198200044181,28.61336100003899],[-81.46182900028094,28.61344799972026],[-81.46180199961844,28.61347000020841],[-81.46187699996152,28.613574999678576],[-81.4618819999844,28.613584999960615],[-81.46193600041106,28.613677999935575],[-81.46197300022098,28.613776000354335],[-81.46199900016025,28.613907999647207],[-81.46200400018313,28.613984000264104],[-81.46201400022886,28.61412500037056],[-81.46190000042604,28.614118999916876],[-81.46180300034166,28.614132999923534],[-81.46138499986694,28.61414799987222],[-81.46066000014383,28.6141749999322],[-81.46059099964855,28.61416900026999],[-81.46052600024953,28.614149999760084],[-81.4604529995563,28.614108999685673],[-81.46041400009652,28.614076999885757],[-81.4603830001344,28.6140379996729],[-81.46034899979921,28.61396299982934],[-81.46034299995144,28.613911000274452],[-81.46033100025586,28.613201999755468],[-81.46032100021013,28.612571999911065],[-81.46019700036156,28.61257699970567],[-81.45989100003982,28.61258999995905],[-81.45982499991756,28.612590999917806],[-81.45970199989392,28.612592999835325],[-81.45971000028985,28.613097999866277],[-81.45972600018335,28.614100000186536],[-81.45973000038131,28.614616000192406],[-81.45973399968096,28.615122999828838],[-81.45985800042784,28.615118000155423],[-81.46023199962335,28.615107000084542],[-81.46035700019515,28.615104000280073],[-81.46055200018881,28.615096999947408],[-81.46114100036777,28.615078000393996],[-81.46133700018635,28.615071999994765],[-81.46153600037799,28.615063999724768],[-81.46213300005455,28.615042000359136],[-81.4623330000711,28.615035999957843],[-81.46252999971459,28.615028999620662],[-81.46312100044169,28.615007000247704],[-81.46331800008518,28.615000999844412],[-81.46351499972867,28.61499400029343],[-81.46410499973256,28.61497300006068],[-81.46430300009928,28.614966999655405],[-81.46500699990597,28.614941999671807],[-81.46537799962672,28.614929999645984],[-81.46544299992406,28.61493699998983],[-81.46552199956679,28.61496199997462],[-81.46558000019142,28.614993000357543],[-81.4656289996969,28.615035000022353],[-81.46566700023006,28.615085999874392],[-81.465924000148,28.615525000390562],[-81.4660370001259,28.615725999700082],[-81.46605499966927,28.61577700000511],[-81.46606399989008,28.61585699976879],[-81.46605300001944,28.615937000260136],[-81.46603100027812,28.615994000021054],[-81.46599699994293,28.616047000047665],[-81.46580600014723,28.61624400023944],[-81.46577199981205,28.616279999862268],[-81.46567300007784,28.61638900015652],[-81.4655640002979,28.61652499979344],[-81.4654520001449,28.61669800023093],[-81.46536900030424,28.616855000116974],[-81.46520500027269,28.617176000167888],[-81.46496099987522,28.61765600011587],[-81.4649319995629,28.617702999843353],[-81.46489899995095,28.617739999664305],[-81.4648339996536,28.617787000142783],[-81.46475900020884,28.617819000389378],[-81.4646770001931,28.617833999811644],[-81.4644810003745,28.61783499972042],[-81.46412099962608,28.617839000144276],[-81.46392399998258,28.617840000053075],[-81.46333200032889,28.617845000385422],[-81.46313599961199,28.61784700020288],[-81.46286000032579,28.617849999928996],[-81.46258699961601,28.61785299965497],[-81.46251700019411,28.617843999688077],[-81.4624259999575,28.617820000298355],[-81.46233600044414,28.617779999988983],[-81.46225400042837,28.617727000048404],[-81.46221099987235,28.617687999613786],[-81.46212100035899,28.61758500013532],[-81.46193999971071,28.61737800017352],[-81.46179400012085,28.617466000382386],[-81.46172200015081,28.617515999930525],[-81.46142500004989,28.617724000318777],[-81.46133200016348,28.617807999812893],[-81.46127100006412,28.617880000339596],[-81.46120900013982,28.61798400022472],[-81.46118099965243,28.618047999799565],[-81.4611570002613,28.618105999898038],[-81.46113700016981,28.61819999971769],[-81.4611299995988,28.61829899976393],[-81.46112799994897,28.61851300038136],[-81.46111700007832,28.618589000031378],[-81.46109699998684,28.618656999630122],[-81.46107900044349,28.618724999973395],[-81.4610309998646,28.618843999876745],[-81.46099200040486,28.618905999918756],[-81.46093899980309,28.618959999950903],[-81.46087000020611,28.61900699988333],[-81.46079300021323,28.619044000033384],[-81.46056999973214,28.61911200012604],[-81.46045000008154,28.619165000156148],[-81.4602709999814,28.619257999921103],[-81.46007599998772,28.619384999950345],[-81.45995700016205,28.619449000248448],[-81.45997399988048,28.619540999869283],[-81.46002699958393,28.61981699982525],[-81.46004500002559,28.619908999912212],[-81.46006199974403,28.61988699998449],[-81.46021800027796,28.61985399968993],[-81.46041099972349,28.619737999814834],[-81.4606359998544,28.619721000094287],[-81.46117800017768,28.619727000227883],[-81.46130299985117,28.61967700015537],[-81.46170799990712,28.619143000072473],[-81.46229399971303,28.618565999925224],[-81.46281199974689,28.6185550002155],[-81.4629730003037,28.618570000321167],[-81.46326700003156,28.61859799993442],[-81.46379699976099,28.618751999645216],[-81.46480699988943,28.61882400031324],[-81.46513199957946,28.618493999868807],[-81.46543100022849,28.617964999616458],[-81.4657419996748,28.617387000180337],[-81.46621600022605,28.616671999950913],[-81.46637799970945,28.616600000173076],[-81.46652800039558,28.616462999922838],[-81.46685800010847,28.616358000185606],[-81.46723899987497,28.61587400011488],[-81.4673319997614,28.615609999996384],[-81.46709499993493,28.615318000311106],[-81.46690800033718,28.61523600026969],[-81.46657699990108,28.615214000151543],[-81.46633400022682,28.615104000280073],[-81.46626599955646,28.614746000130303],[-81.46610999992083,28.61430099985756],[-81.46616599999734,28.61421200020759],[-81.46637100003674,28.614031000057757],[-81.46723200020229,28.614019999873012],[-81.46777399962725,28.614173999988516],[-81.46821100036858,28.61407400005192],[-81.46832900036937,28.61402299970845],[-81.46864499983855,28.613887999932285],[-81.46865999990716,28.613882000253675],[-81.46920800007825,28.613882000253675],[-81.46963200040078,28.614046999965968],[-81.46993199997642,28.614078999774968],[-81.47012500032028,28.614042000241344],[-81.47042400007102,28.613986000155094],[-81.4712040000457,28.614140000320443],[-81.47160599972861,28.61448200033064],[-81.47189000030905,28.614722999971043],[-81.47238300022856,28.614882000317703],[-81.47300599984439,28.614876999844277],[-81.47344299968738,28.61470600022719],[-81.47355999986326,28.61461700013189],[-81.47372899991765,28.61449099979709],[-81.47407200004933,28.614282000160134],[-81.47427200006587,28.614100000186536],[-81.47480799964309,28.61404000035141],[-81.4749139999483,28.61404000035141],[-81.47508200017778,28.614364000157824],[-81.4752450003844,28.61454599967393],[-81.47523199996562,28.61489199968676],[-81.47551900002078,28.615084999939373],[-81.47569999977075,28.615265999849886],[-81.4761330003141,28.615296000210147],[-81.4761679995759,28.61449700022953],[-81.47617000012404,28.614325000051476]]]},"properties":{"block_id":"120950151062001","school_id":"sch_meadowbrook_middle","kids_est":53,"class":"red","shortest":{"len_m":4297.1,"mean_c":36.99,"peak_c":37.35,"dose":237.94},"coolest":{"len_m":4297.1,"mean_c":36.99,"peak_c":37.35,"dose":237.94},"delta_mean_c":0.0,"delta_dose_pct":0,"distance_mi":1.329,"status_now":"walk","status_rec":"bus_eligible","reason":"Coolest route mean 37.0C exceeds threshold (110 C-min dose, actual 238).","safe_until_hour":"11:00"}},{"type":"Feature","geometry":{"type":"Polygon","coordinates":[[[-81.46728499990573,28.604677999828684],[-81.46728800027878,28.604649999659276],[-81.467282000431,28.60451300038445],[-81.46726499981425,28.604056999698116],[-81.46708099969123,28.604061999898],[-81.4665290002205,28.604078999787077],[-81.4663459999224,28.60408600006533],[-81.46636099999101,28.604541999837128],[-81.46636600001386,28.604675999760534],[-81.46637600005963,28.604727999943687],[-81.4664039996487,28.604773999902342],[-81.46644700020472,28.60481000030167],[-81.46649999990818,28.60483300026553],[-81.4665579996345,28.604839999704925],[-81.46710499998068,28.60482399997167],[-81.46716799972987,28.60480900026883],[-81.46719700004218,28.604794999808153],[-81.46722299998146,28.604777000001764],[-81.46724499972275,28.604756000092365],[-81.46726300016442,28.604732000078073],[-81.46728499990573,28.604677999828684]]]},"properties":{"block_id":"120950123061011","school_id":"sch_meadowbrook_middle","kids_est":3,"class":"red","shortest":{"len_m":2294.7,"mean_c":37.26,"peak_c":37.36,"dose":135.66},"coolest":{"len_m":2294.7,"mean_c":37.26,"peak_c":37.36,"dose":135.66},"delta_mean_c":0.0,"delta_dose_pct":0,"distance_mi":0.702,"status_now":"walk","status_rec":"bus_eligible","reason":"Coolest route mean 37.3C exceeds threshold (110 C-min dose, actual 136).","safe_until_hour":"14:00"}},{"type":"Feature","geometry":{"type":"Polygon","coordinates":[[[-81.45704200030275,28.599278999665863],[-81.4570459996024,28.59921699986953],[-81.45701499964024,28.596471999896448],[-81.45701499964024,28.596384000241333],[-81.45700100029485,28.596364999669735],[-81.45678299983666,28.596363000232063],[-81.45605399991561,28.596364999669735],[-81.45600299986198,28.596364999669735],[-81.45598199994558,28.59635299988818],[-81.45598500031862,28.596611999733724],[-81.4559910001664,28.596949000267394],[-81.45599399964115,28.597058000112817],[-81.45601000043298,28.59874000032759],[-81.45601600028078,28.599337999959676],[-81.45621899977205,28.599337999959676],[-81.45653099994159,28.599340000129473],[-81.45683100041555,28.599341000214373],[-81.45687800027122,28.59934200029925],[-81.45695400043921,28.599343999680244],[-81.45699500044708,28.599352000358724],[-81.45702999970887,28.5993710003903],[-81.45703200025699,28.599355999909047],[-81.45703700027987,28.599324999643795],[-81.45704200030275,28.599278999665863]]]},"properties":{"block_id":"120950123062007","school_id":"sch_meadowbrook_middle","kids_est":1,"class":"green","shortest":{"len_m":969.5,"mean_c":37.26,"peak_c":37.28,"dose":57.34},"coolest":{"len_m":969.5,"mean_c":37.26,"peak_c":37.28,"dose":57.34},"delta_mean_c":0.0,"delta_dose_pct":0,"distance_mi":0.469,"status_now":"walk","status_rec":"walk","reason":"Shortest route already under threshold (dose 57).","safe_until_hour":null}},{"type":"Feature","geometry":{"type":"Polygon","coordinates":[[[-81.47133399974204,28.612609999921137],[-81.47142099978068,28.61219299980527],[-81.47094700012774,28.612064999789382],[-81.47066900029341,28.611915000385526],[-81.47042499989593,28.611683000317868],[-81.47019899994014,28.61129800033254],[-81.46989299961837,28.610783999750232],[-81.46984999996066,28.61068299976361],[-81.46967900025643,28.61068299976361],[-81.46948599991258,28.610841999917316],[-81.46938200015552,28.610914999674165],[-81.46912799971231,28.610805000031974],[-81.4690569995672,28.61088399966478],[-81.46902800015319,28.610922000285544],[-81.46880600039535,28.611223000109693],[-81.46875699999154,28.611297000361468],[-81.46867400015086,28.611426999675743],[-81.46913799975805,28.61169499992603],[-81.4692330001926,28.61174799975626],[-81.46977799999064,28.61205300022348],[-81.47006800041886,28.61221099991826],[-81.47028099995588,28.612307000205657],[-81.47050100006392,28.612391000089403],[-81.47072700001972,28.61246199963835],[-81.47099399998342,28.61252700017192],[-81.47133399974204,28.612609999921137]]]},"properties":{"block_id":"120950123053000","school_id":"sch_meadowbrook_middle","kids_est":2,"class":"red","shortest":{"len_m":3257.2,"mean_c":37.13,"peak_c":37.35,"dose":186.86},"coolest":{"len_m":3257.2,"mean_c":37.13,"peak_c":37.35,"dose":186.86},"delta_mean_c":0.0,"delta_dose_pct":0,"distance_mi":1.231,"status_now":"walk","status_rec":"bus_eligible","reason":"Coolest route mean 37.1C exceeds threshold (110 C-min dose, actual 187).","safe_until_hour":"13:00"}},{"type":"Feature","geometry":{"type":"Polygon","coordinates":[[[-81.46539199987045,28.593915999946024],[-81.46539299969535,28.593343999975453],[-81.4653890003957,28.59299099975732],[-81.46537599997691,28.592957000332856],[-81.46535199968748,28.592929000195408],[-81.46531800025059,28.592908999642],[-81.46527899989253,28.592899999904386],[-81.46486200014101,28.59290999978803],[-81.46417000002988,28.592928000049554],[-81.46416900020499,28.593076000242146],[-81.46416699965684,28.59352000035859],[-81.46416699965684,28.59366899985659],[-81.46416699965684,28.593733000047205],[-81.46416699965684,28.593928000005878],[-81.46417699970259,28.593971999687653],[-81.46418699974832,28.593988999631463],[-81.46421600006063,28.59401899975758],[-81.46425399969547,28.594040000235168],[-81.4642970002515,28.594050000010366],[-81.46485999959287,28.59403400021181],[-81.46527399986967,28.5940230002996],[-81.46531599970247,28.594010000114988],[-81.46535199968748,28.593986000012748],[-81.46537799962672,28.593954000393666],[-81.46539199987045,28.593915999946024]]]},"properties":{"block_id":"120950123072004","school_id":"sch_meadowbrook_middle","kids_est":2,"class":"green","shortest":{"len_m":117.3,"mean_c":37.28,"peak_c":37.28,"dose":6.97},"coolest":{"len_m":117.3,"mean_c":37.28,"peak_c":37.28,"dose":6.97},"delta_mean_c":0.0,"delta_dose_pct":0,"distance_mi":0.12,"status_now":"walk","status_rec":"walk","reason":"Shortest route already under threshold (dose 7).","safe_until_hour":null}},{"type":"Feature","geometry":{"type":"Polygon","coordinates":[[[-81.46417000002988,28.592186000387425],[-81.46416900020499,28.592040000039237],[-81.46416800038007,28.59160200014427],[-81.46416800038007,28.591455999773782],[-81.46400299962531,28.591460999784374],[-81.46351200025396,28.591475999814914],[-81.46334800022241,28.59148099982462],[-81.46318500001581,28.591484999674385],[-81.46269600029426,28.591499000330778],[-81.46253399991255,28.591504000339324],[-81.46237200042916,28.591507000028862],[-81.46188700000725,28.591519999734242],[-81.46172600034878,28.591524999741853],[-81.46145699983694,28.59153200006756],[-81.4606500000981,28.591554999782392],[-81.46059700039464,28.591557000100316],[-81.46051700002869,28.59156999979951],[-81.46038899998219,28.591608999676122],[-81.46045699975424,28.591733000320342],[-81.46049399956416,28.591800999949974],[-81.46053399974714,28.5919140002348],[-81.46055800003658,28.592011999657537],[-81.46057300010521,28.59212499971555],[-81.46057300010521,28.592139999651273],[-81.46057800012807,28.592283000193337],[-81.46129600017848,28.592263000305735],[-81.46345100015458,28.592205000136897],[-81.46417000002988,28.592186000387425]]]},"properties":{"block_id":"120950123072006","school_id":"sch_meadowbrook_middle","kids_est":8,"class":"green","shortest":{"len_m":523.2,"mean_c":37.3,"peak_c":37.31,"dose":31.24},"coolest":{"len_m":523.2,"mean_c":37.3,"peak_c":37.31,"dose":31.24},"delta_mean_c":0.0,"delta_dose_pct":0,"distance_mi":0.204,"status_now":"walk","status_rec":"walk","reason":"Shortest route already under threshold (dose 31).","safe_until_hour":null}},{"type":"Feature","geometry":{"type":"Polygon","coordinates":[[[-81.47144000004725,28.599199999982563],[-81.47144900026808,28.599133999792336],[-81.47142800035168,28.59863400013532],[-81.47141300028306,28.59824800034736],[-81.47121599974126,28.598250999844453],[-81.4710480004101,28.598254000130115],[-81.47094899977758,28.59827300036021],[-81.47076399982964,28.5983360000192],[-81.47070500027841,28.59834700026875],[-81.47063800033126,28.598349999763002],[-81.47044199961438,28.59835999991693],[-81.47023499992513,28.59836500038785],[-81.46961399995911,28.598381999621136],[-81.4694080000948,28.598389000278978],[-81.46920600042843,28.59839600014755],[-81.46913399956009,28.598398999640402],[-81.46905200044263,28.59840600029711],[-81.46891199980224,28.598434999857737],[-81.46878100028098,28.59847799992583],[-81.46864200036383,28.598542000343155],[-81.46862899994503,28.59854800010918],[-81.46851599996712,28.59860599993276],[-81.46844599964692,28.598630999860497],[-81.46846099971553,28.598712000153288],[-81.46846200043878,28.598967000141485],[-81.46846300026367,28.59916299994079],[-81.46847099976127,28.599259999617725],[-81.46848099980701,28.599291999987443],[-81.46849699970055,28.599322000177366],[-81.46851799961695,28.599349000104407],[-81.4685439995562,28.59937299977076],[-81.46857399969343,28.599392999882937],[-81.4686070002037,28.599408999654433],[-81.46864300018872,28.59941999979167],[-81.46867999999866,28.59942500021221],[-81.46911699984165,28.599412999991245],[-81.46945599977536,28.599404000021856],[-81.46966900021069,28.599397000220357],[-81.4703090004433,28.599380000362526],[-81.47052299980523,28.599374999939897],[-81.4709089995946,28.599363999797937],[-81.47121699956617,28.599355999909047],[-81.47129100008434,28.59934200029925],[-81.47132500041953,28.59932799989886],[-81.47135600038166,28.599308999859513],[-81.47138399997075,28.59928600026395],[-81.4714080002602,28.599259999617725],[-81.47144000004725,28.599199999982563]]]},"properties":{"block_id":"120950123051010","school_id":"sch_meadowbrook_middle","kids_est":4,"class":"red","shortest":{"len_m":1882.3,"mean_c":37.24,"peak_c":37.28,"dose":110.76},"coolest":{"len_m":1882.3,"mean_c":37.24,"peak_c":37.28,"dose":110.76},"delta_mean_c":0.0,"delta_dose_pct":0,"distance_mi":0.495,"status_now":"walk","status_rec":"bus_eligible","reason":"Coolest route mean 37.2C exceeds threshold (110 C-min dose, actual 111).","safe_until_hour":"14:00"}},{"type":"Feature","geometry":{"type":"Polygon","coordinates":[[[-81.45702700023413,28.594527999672486],[-81.45703599955664,28.593637000140994],[-81.45682999969233,28.593636000001823],[-81.45621399974917,28.593633000373046],[-81.45600899970977,28.593633000373046],[-81.45600200003706,28.594176999754783],[-81.4559829997705,28.595808999937237],[-81.45597899957254,28.596161000041374],[-81.45598199994558,28.59635299988818],[-81.45600299986198,28.596364999669735],[-81.45605399991561,28.596364999669735],[-81.45678299983666,28.596363000232063],[-81.45700100029485,28.596364999669735],[-81.45700200011977,28.596283999934332],[-81.45700700014265,28.595745000221896],[-81.45702700023413,28.594527999672486]]]},"properties":{"block_id":"120950123071008","school_id":"sch_meadowbrook_middle","kids_est":1,"class":"green","shortest":{"len_m":1044.5,"mean_c":37.26,"peak_c":37.28,"dose":61.75},"coolest":{"len_m":1044.5,"mean_c":37.26,"peak_c":37.28,"dose":61.75},"delta_mean_c":0.0,"delta_dose_pct":0,"distance_mi":0.417,"status_now":"walk","status_rec":"walk","reason":"Shortest route already under threshold (dose 62).","safe_until_hour":null}},{"type":"Feature","geometry":{"type":"Polygon","coordinates":[[[-81.47544799987567,28.605554000009175],[-81.47544399967772,28.60538200017186],[-81.4754350003552,28.604867999823696],[-81.47543399963196,28.60480600017026],[-81.47542699995928,28.60476699966988],[-81.4754079996927,28.604731000044485],[-81.47538799960121,28.6047100001259],[-81.47534099974557,28.60467999989683],[-81.47529800008785,28.604670000344385],[-81.47516599984337,28.60467199962402],[-81.47451499974012,28.60468400003305],[-81.47447000043259,28.60468400003305],[-81.47433999983794,28.604685000067075],[-81.4742389995556,28.604687000135108],[-81.47407399969917,28.604688000169105],[-81.47392899993422,28.604690000237024],[-81.4730560000731,28.604703999923007],[-81.47300199964643,28.60471100015968],[-81.47297099968428,28.604716000328384],[-81.47282599991932,28.60476500039205],[-81.47270999956838,28.60481000030167],[-81.4727730002159,28.60492199997543],[-81.47278400008655,28.60495300016681],[-81.47279999998007,28.604994999902733],[-81.47280400017802,28.605022999980246],[-81.47281099985074,28.605436000059434],[-81.47281400022376,28.605598000344223],[-81.47333999975523,28.605589000115888],[-81.4742319998829,28.60557599978469],[-81.47441500018101,28.60557599978469],[-81.47492099962099,28.60556600031746],[-81.47525600025506,28.605561000189212],[-81.47544799987567,28.605554000009175]]]},"properties":{"block_id":"120950123053005","school_id":"sch_meadowbrook_middle","kids_est":3,"class":"red","shortest":{"len_m":4069.1,"mean_c":37.26,"peak_c":37.31,"dose":240.76},"coolest":{"len_m":4070.9,"mean_c":37.26,"peak_c":37.31,"dose":240.69},"delta_mean_c":0.0,"delta_dose_pct":0,"distance_mi":0.97,"status_now":"walk","status_rec":"bus_eligible","reason":"Coolest route mean 37.3C exceeds threshold (110 C-min dose, actual 241).","safe_until_hour":"11:00"}},{"type":"Feature","geometry":{"type":"Polygon","coordinates":[[[-81.45912500030884,28.59097800034036],[-81.45913100015662,28.590711000263557],[-81.45898800004147,28.590711000263557],[-81.45888699975914,28.590722999900485],[-81.4587849996519,28.59074599979231],[-81.45871799970475,28.590771000011994],[-81.45865699960537,28.590803999977304],[-81.45853799977968,28.5908799999537],[-81.45849799959673,28.590906999683],[-81.45840399988538,28.59095300016991],[-81.45829799958017,28.590991000111142],[-81.45817100025688,28.59102100030408],[-81.45806900014964,28.59103400006956],[-81.45782300010232,28.591036999772506],[-81.45667400005671,28.59103000020257],[-81.45604300004496,28.59102699971064],[-81.4560399996719,28.591200000331046],[-81.45603299999921,28.59172200016734],[-81.4560320001743,28.591896999955406],[-81.45655500023103,28.591899000266828],[-81.45812799970086,28.591904999623274],[-81.4586519995825,28.59190800009014],[-81.45866800037435,28.591834999748322],[-81.45870299963613,28.591741000000678],[-81.45873100012354,28.591688000332454],[-81.45874899966688,28.591661000015016],[-81.45878999967476,28.591603999672515],[-81.45897600034593,28.591402999961876],[-81.45903700044529,28.59130200027612],[-81.45906800040743,28.591239000344917],[-81.45909199979855,28.591175000213383],[-81.45911400043818,28.591098999661458],[-81.4591239995856,28.591044000130715],[-81.45912500030884,28.59097800034036]]]},"properties":{"block_id":"120950123071004","school_id":"sch_meadowbrook_middle","kids_est":8,"class":"green","shortest":{"len_m":669.3,"mean_c":37.28,"peak_c":37.3,"dose":39.81},"coolest":{"len_m":669.3,"mean_c":37.28,"peak_c":37.3,"dose":39.81},"delta_mean_c":0.0,"delta_dose_pct":0,"distance_mi":0.418,"status_now":"walk","status_rec":"walk","reason":"Shortest route already under threshold (dose 40).","safe_until_hour":null}},{"type":"Feature","geometry":{"type":"Polygon","coordinates":[[[-81.45701600036348,28.599420999875807],[-81.45702999970887,28.5993710003903],[-81.45699500044708,28.599352000358724],[-81.45695400043921,28.599343999680244],[-81.45687800027122,28.59934200029925],[-81.45683100041555,28.599341000214373],[-81.45653099994159,28.599340000129473],[-81.45621899977205,28.599337999959676],[-81.45601600028078,28.599337999959676],[-81.45602100030364,28.59993600013257],[-81.45602299995346,28.600042999878447],[-81.45601999958043,28.600117000118093],[-81.45597100007492,28.60037099977688],[-81.45596600005204,28.60137800035927],[-81.4559769999227,28.60141799981657],[-81.45600899970977,28.601463999646896],[-81.45604100039513,28.601487000343184],[-81.4560890000757,28.601504999924465],[-81.45614099995424,28.601510000245735],[-81.45624800008437,28.601510000245735],[-81.45684700030907,28.601513999713912],[-81.45684399993603,28.60140599982324],[-81.45684399993603,28.601344999770173],[-81.45684599958585,28.60083899995622],[-81.45684700030907,28.60067099978785],[-81.45684899995888,28.60053299998384],[-81.45686499985243,28.60044699993424],[-81.45688099974593,28.600408000182068],[-81.45689900018762,28.600366000190082],[-81.45696500030984,28.60025200023986],[-81.45699100024912,28.600178000095283],[-81.45700200011977,28.600121999716702],[-81.45700799996757,28.599952999900456],[-81.45700399976961,28.599634000225265],[-81.45700299994469,28.599539000270827],[-81.4570049995945,28.59948799996934],[-81.45700899979246,28.599454000280378],[-81.45701600036348,28.599420999875807]]]},"properties":{"block_id":"120950123062006","school_id":"sch_meadowbrook_middle","kids_est":5,"class":"green","shortest":{"len_m":1436.9,"mean_c":37.25,"peak_c":37.28,"dose":84.84},"coolest":{"len_m":1436.9,"mean_c":37.25,"peak_c":37.28,"dose":84.84},"delta_mean_c":0.0,"delta_dose_pct":0,"distance_mi":0.574,"status_now":"walk","status_rec":"walk","reason":"Shortest route already under threshold (dose 85).","safe_until_hour":null}},{"type":"Feature","geometry":{"type":"Polygon","coordinates":[[[-81.47554099976209,28.618035000221738],[-81.47554199958701,28.617471999856257],[-81.47553800028737,28.617045000167344],[-81.47553599973924,28.61677999991941],[-81.47554099976209,28.61671499965229],[-81.47535800036232,28.61671499965229],[-81.4753159996312,28.61671499965229],[-81.47516599984337,28.616706000376453],[-81.47507700015493,28.61668299985787],[-81.4748379997803,28.61657299994794],[-81.47467299992387,28.61649800033763],[-81.4746469999846,28.61653200003092],[-81.4746190003955,28.616588000336776],[-81.47458400023541,28.61669399976368],[-81.47457199964153,28.61678199975716],[-81.47457300036476,28.616855000116974],[-81.47457599983949,28.616996000311776],[-81.47457400018966,28.617525999837298],[-81.47457599983949,28.617993000179617],[-81.47457800038762,28.618372999761487],[-81.47477000000825,28.618370999954045],[-81.47534800031654,28.618367000339028],[-81.47554099976209,28.61836599964673],[-81.47554099976209,28.618035000221738]]]},"properties":{"block_id":"120950151061008","school_id":"sch_meadowbrook_middle","kids_est":2,"class":"red","shortest":{"len_m":4124.6,"mean_c":36.96,"peak_c":37.35,"dose":227.14},"coolest":{"len_m":4124.6,"mean_c":36.96,"peak_c":37.35,"dose":227.14},"delta_mean_c":0.0,"delta_dose_pct":0,"distance_mi":1.72,"status_now":"walk","status_rec":"bus_eligible","reason":"Coolest route mean 37.0C exceeds threshold (110 C-min dose, actual 227).","safe_until_hour":"11:00"}},{"type":"Feature","geometry":{"type":"Polygon","coordinates":[[[-81.45962699955084,28.59943300009581],[-81.45962499990102,28.599269000388166],[-81.45961900005325,28.598778999910063],[-81.45961800022833,28.59861600006234],[-81.45961700040341,28.59846099991934],[-81.45961599968021,28.59800000008695],[-81.45961599968021,28.597845999923294],[-81.45961400003037,28.597119000288092],[-81.45961200038056,28.596371000348718],[-81.45905900018658,28.59637600012559],[-81.45878899984986,28.59637399989938],[-81.45879899989559,28.599430999927765],[-81.45896399975203,28.599430999927765],[-81.4594609998695,28.599432000011774],[-81.45962699955084,28.59943300009581]]]},"properties":{"block_id":"120950123062001","school_id":"sch_meadowbrook_middle","kids_est":2,"class":"green","shortest":{"len_m":870.3,"mean_c":37.25,"peak_c":37.28,"dose":51.44},"coolest":{"len_m":870.3,"mean_c":37.25,"peak_c":37.28,"dose":51.44},"delta_mean_c":0.0,"delta_dose_pct":0,"distance_mi":0.335,"status_now":"walk","status_rec":"walk","reason":"Shortest route already under threshold (dose 51).","safe_until_hour":null}},{"type":"Feature","geometry":{"type":"Polygon","coordinates":[[[-81.46124799959958,28.59781500000136],[-81.46124699977466,28.597666000070845],[-81.46124400029993,28.597221000010755],[-81.46124400029993,28.59707300013332],[-81.45961400003037,28.597119000288092],[-81.45961599968021,28.597845999923294],[-81.45994200009342,28.597839000018084],[-81.46092100025975,28.597819999709532],[-81.46124799959958,28.59781500000136]]]},"properties":{"block_id":"120950123062009","school_id":"sch_meadowbrook_middle","kids_est":1,"class":"green","shortest":{"len_m":1005.5,"mean_c":37.25,"peak_c":37.28,"dose":59.36},"coolest":{"len_m":1005.5,"mean_c":37.25,"peak_c":37.28,"dose":59.36},"delta_mean_c":0.0,"delta_dose_pct":0,"distance_mi":0.26,"status_now":"walk","status_rec":"walk","reason":"Shortest route already under threshold (dose 59).","safe_until_hour":null}},{"type":"Feature","geometry":{"type":"Polygon","coordinates":[[[-81.46334599967427,28.593565999702076],[-81.46334499984935,28.593550999969768],[-81.46334200037464,28.59313299978647],[-81.46334200037464,28.593064000085093],[-81.46332999978074,28.593037000121],[-81.46330200019166,28.593007999859775],[-81.46328700012305,28.592997999985407],[-81.46326000035887,28.592988000110132],[-81.4631990002595,28.59298400031748],[-81.46275300019568,28.592995000338412],[-81.46109399961378,28.593038000265874],[-81.4606939995807,28.59304900028121],[-81.4605809996028,28.593038999621957],[-81.46054299996797,28.59303200018538],[-81.46053000044749,28.593046999991667],[-81.4604950002874,28.59307500009769],[-81.46041400009652,28.593110999772286],[-81.46035700019515,28.59314200029285],[-81.46030500031658,28.59317699980102],[-81.46025799956261,28.59321700001337],[-81.4602149999049,28.59326200013544],[-81.46017899991989,28.59330999987639],[-81.46014799995775,28.593362000162603],[-81.46012500039153,28.59341599991682],[-81.46010799977478,28.593471999924777],[-81.46009699990412,28.593537999726852],[-81.46010000027718,28.59365199986096],[-81.46025599991279,28.593663999950955],[-81.46080999993166,28.5937609999705],[-81.46091000038909,28.593762000108462],[-81.46107199987249,28.59375700020727],[-81.4615589999442,28.593741999713497],[-81.46172200015081,28.593737999949543],[-81.46188299980929,28.593733000047205],[-81.46236900005611,28.59371800033879],[-81.4625310004378,28.59371399978515],[-81.4626929999212,28.59370899988172],[-81.46317800034309,28.593695000308433],[-81.4633409996514,28.59369099975398],[-81.46334599967427,28.593565999702076]]]},"properties":{"block_id":"120950123072005","school_id":"sch_meadowbrook_middle","kids_est":4,"class":"green","shortest":{"len_m":197.7,"mean_c":37.28,"peak_c":37.28,"dose":11.76},"coolest":{"len_m":197.7,"mean_c":37.28,"peak_c":37.28,"dose":11.76},"delta_mean_c":0.0,"delta_dose_pct":0,"distance_mi":0.132,"status_now":"walk","status_rec":"walk","reason":"Shortest route already under threshold (dose 12).","safe_until_hour":null}},{"type":"Feature","geometry":{"type":"Polygon","coordinates":[[[-81.45905900018658,28.59637600012559],[-81.45909400034671,28.593644999676435],[-81.45806699960148,28.593639999769657],[-81.45802800014177,28.59637000023564],[-81.45878899984986,28.59637399989938],[-81.45905900018658,28.59637600012559]]]},"properties":{"block_id":"120950123071010","school_id":"sch_meadowbrook_middle","kids_est":5,"class":"green","shortest":{"len_m":550.2,"mean_c":37.28,"peak_c":37.28,"dose":32.7},"coolest":{"len_m":550.2,"mean_c":37.28,"peak_c":37.28,"dose":32.7},"delta_mean_c":0.0,"delta_dose_pct":0,"distance_mi":0.292,"status_now":"walk","status_rec":"walk","reason":"Shortest route already under threshold (dose 33).","safe_until_hour":null}},{"type":"Feature","geometry":{"type":"Polygon","coordinates":[[[-81.46327299987935,28.599989999664096],[-81.46327200005443,28.599905000038405],[-81.46326899968139,28.599653000205848],[-81.46326899968139,28.599569000390243],[-81.4625370002856,28.59957099976694],[-81.46102800038987,28.59957700026294],[-81.46095899989459,28.599569000390243],[-81.46035600037023,28.599448999861213],[-81.46030100011862,28.599437999726998],[-81.4601930001636,28.59942700038029],[-81.45962699955084,28.59943300009581],[-81.4594609998695,28.599432000011774],[-81.45896399975203,28.599430999927765],[-81.45879899989559,28.599430999927765],[-81.45797700008812,28.599428999759684],[-81.45740499962758,28.59942700038029],[-81.45716100012844,28.599424000128128],[-81.45713500018915,28.599423000044016],[-81.4571100000748,28.599417999623387],[-81.45708599978538,28.599409999738658],[-81.45706400004406,28.5993980003047],[-81.45702999970887,28.5993710003903],[-81.45701600036348,28.599420999875807],[-81.45700899979246,28.599454000280378],[-81.4570049995945,28.59948799996934],[-81.45700299994469,28.599539000270827],[-81.45700399976961,28.599634000225265],[-81.45700799996757,28.599952999900456],[-81.45700200011977,28.600121999716702],[-81.45699100024912,28.600178000095283],[-81.45696500030984,28.60025200023986],[-81.45689900018762,28.600366000190082],[-81.45688099974593,28.600408000182068],[-81.45686499985243,28.60044699993424],[-81.45684899995888,28.60053299998384],[-81.45684700030907,28.60067099978785],[-81.45684599958585,28.60083899995622],[-81.45684399993603,28.601344999770173],[-81.45684399993603,28.60140599982324],[-81.45684700030907,28.601513999713912],[-81.45624800008437,28.601510000245735],[-81.45614099995424,28.601510000245735],[-81.4560890000757,28.601504999924465],[-81.45604100039513,28.601487000343184],[-81.45600899970977,28.601463999646896],[-81.4559769999227,28.60141799981657],[-81.45596600005204,28.60137800035927],[-81.45597100007492,28.60037099977688],[-81.45601999958043,28.600117000118093],[-81.45602299995346,28.600042999878447],[-81.45602100030364,28.59993600013257],[-81.45601600028078,28.599337999959676],[-81.45601000043298,28.59874000032759],[-81.45599399964115,28.597058000112817],[-81.4559910001664,28.596949000267394],[-81.45598500031862,28.596611999733724],[-81.45598199994558,28.59635299988818],[-81.45584399985331,28.59635500011472],[-81.45572400020272,28.596354000001487],[-81.45495000007584,28.59635299988818],[-81.45469300015787,28.59635299988818],[-81.4545180002557,28.596351999774846],[-81.45399500019897,28.596350999661514],[-81.45382100012169,28.596350999661514],[-81.45333800024792,28.596349000223572],[-81.4518920001014,28.59634300033202],[-81.45141000005255,28.596342000218595],[-81.45141099987745,28.59644500001905],[-81.45141400025051,28.59675599982246],[-81.45141599990033,28.596860000114425],[-81.45189999959898,28.596861000222912],[-81.45273700037339,28.59686399975957],[-81.45280000012258,28.59686800019332],[-81.45287999959021,28.5968900002099],[-81.45293400001688,28.59691900018882],[-81.45297900022274,28.596957999658354],[-81.4530110000098,28.597006000077663],[-81.45302899955313,28.59705900021941],[-81.45303699994903,28.597293999766983],[-81.45304500034497,28.597483000391207],[-81.45303600012414,28.597536000292436],[-81.45301400038282,28.597586999963795],[-81.45298199969747,28.59763199979249],[-81.45293400001688,28.597674000088386],[-81.45287399974244,28.597706000152364],[-81.45280699979529,28.597724999692783],[-81.45275999993962,28.59773000019392],[-81.45258800041047,28.597727999993538],[-81.45173499974256,28.597724000381255],[-81.45172399987189,28.597724000381255],[-81.45143699981672,28.597726999893293],[-81.45144600003756,28.597844999824247],[-81.45145100006043,28.598174999676306],[-81.45145199988535,28.598223999635305],[-81.45146699995395,28.599062999911784],[-81.45147100015191,28.59971699990755],[-81.45147299980174,28.59996299990179],[-81.45147399962664,28.600016000129717],[-81.45147899964952,28.600214999779688],[-81.45148000037275,28.60028200015573],[-81.45148200002257,28.60034799962498],[-81.45148600022053,28.60056199974624],[-81.4514910002434,28.60077400007788],[-81.45149999956591,28.60120099965966],[-81.45150700013693,28.60157599973249],[-81.45150700013693,28.601602999869055],[-81.45151200015978,28.60185299963566],[-81.45151399980962,28.601951000044405],[-81.45151399980962,28.601965000095337],[-81.45151600035774,28.60202299961046],[-81.45152300003045,28.602239999647217],[-81.4515260004035,28.602312999860477],[-81.45160099984825,28.605601999656795],[-81.45164600005408,28.607581000309242],[-81.45171899984904,28.609772000274432],[-81.45172499969681,28.610012999681246],[-81.45172399987189,28.610080000118355],[-81.45172100039717,28.610333000159518],[-81.45172499969681,28.6109940000128],[-81.45172600042004,28.611006999673535],[-81.45173300009273,28.61108200005055],[-81.45177999994841,28.611310999955645],[-81.45211600040737,28.611288999803907],[-81.45265299980949,28.611281000034378],[-81.45318400026214,28.611275000206792],[-81.45527599959074,28.611210999659036],[-81.45571599980678,28.611198000023542],[-81.45615099999998,28.61118099970921],[-81.45685599963159,28.61116100026359],[-81.45739600030508,28.61114699986085],[-81.45803399998954,28.611123999702038],[-81.45877899980412,28.6111030002727],[-81.45897399979779,28.611094999700384],[-81.4596800001526,28.611067999637264],[-81.45968500017548,28.610921000310885],[-81.45968400035056,28.61083999996648],[-81.45967799960447,28.610157000332556],[-81.45967599995465,28.609930000245708],[-81.45967699977956,28.60947000024712],[-81.45967599995465,28.60942200000087],[-81.4596659999089,28.60836400007801],[-81.459665000084,28.607900000306113],[-81.4596640002591,28.60739299971655],[-81.45966099988604,28.607111000168242],[-81.45965400021335,28.606265000136307],[-81.4596519996652,28.605983999947902],[-81.45964900019047,28.605756000283975],[-81.45965000001537,28.605578999861216],[-81.4596519996652,28.60544899961927],[-81.45963199957372,28.60492199997543],[-81.4596449999925,28.604449999696655],[-81.45964699964235,28.604212000262397],[-81.4596509998403,28.603839000217008],[-81.459665000084,28.60379800006152],[-81.45969699987106,28.60376500023245],[-81.45973899970384,28.60374400012078],[-81.45982300026775,28.60373599977664],[-81.4599520001392,28.60373200039309],[-81.46055100036389,28.603713000361324],[-81.46144400031648,28.60367799962975],[-81.46169899968629,28.60367100011295],[-81.46195800015236,28.603648999938606],[-81.4622569999031,28.60363199997995],[-81.46261799957813,28.603625999715558],[-81.46264699989045,28.60362000023946],[-81.46267200000482,28.603608999753174],[-81.46269799994408,28.603585000265582],[-81.46272399988334,28.603552999625794],[-81.46273899995197,28.603509000011726],[-81.46273999977689,28.603395000316507],[-81.462734999754,28.603278000355445],[-81.4627280000813,28.602692000120335],[-81.46272999973111,28.602514000002106],[-81.46271999968538,28.602377000308323],[-81.46271200018778,28.602121999919017],[-81.4627130000127,28.601765999815896],[-81.4627139998376,28.601587999706393],[-81.46274700034787,28.60090399979441],[-81.46274599962466,28.600789000356723],[-81.462734999754,28.600685000009324],[-81.46271499966252,28.60056399989268],[-81.46270700016491,28.60047599972043],[-81.46272899990622,28.600214999779688],[-81.46273200027927,28.599999000372073],[-81.4628400002343,28.599997000214817],[-81.46316400009941,28.599990999742786],[-81.46327299987935,28.599989999664096]],[[-81.45466200019574,28.59948799996934],[-81.45466100037082,28.599496999931528],[-81.45465600034797,28.59954900031158],[-81.4546310002336,28.599606000289146],[-81.45459500024859,28.599639999928936],[-81.45455900026357,28.599655000369605],[-81.45451999990551,28.599662000153927],[-81.4540539997502,28.599678999966127],[-81.45402699998603,28.599676999802778],[-81.45397699975729,28.599663000235747],[-81.4539340000996,28.599636000389438],[-81.45391599965792,28.59961899978153],[-81.45390200031254,28.59959899971238],[-81.4538839998709,28.59955199977152],[-81.4538780000231,28.599253999892348],[-81.45387600037328,28.599155000036596],[-81.4538649996043,28.598697999668975],[-81.45383600019031,28.597327000050704],[-81.45382600014456,28.59686999962139],[-81.45447600042291,28.59686299965112],[-81.45451599970754,28.596870999729788],[-81.45455000004274,28.5968900002099],[-81.45457599998201,28.596920999615932],[-81.45460399957109,28.596981999870717],[-81.45461399961685,28.597031000385932],[-81.45463299988342,28.598174999676306],[-81.45466200019574,28.59948799996934]]]},"properties":{"block_id":"120950123062000","school_id":"sch_meadowbrook_middle","kids_est":29,"class":"red","shortest":{"len_m":2640.4,"mean_c":37.23,"peak_c":37.28,"dose":155.2},"coolest":{"len_m":2642.8,"mean_c":37.22,"peak_c":37.28,"dose":154.93},"delta_mean_c":-0.01,"delta_dose_pct":0,"distance_mi":0.81,"status_now":"walk","status_rec":"bus_eligible","reason":"Coolest route mean 37.2C exceeds threshold (110 C-min dose, actual 155).","safe_until_hour":"13:00"}},{"type":"Feature","geometry":{"type":"Polygon","coordinates":[[[-81.46551300024427,28.6012979998215],[-81.46544100027424,28.600900000303003],[-81.46543700007628,28.60071100030298],[-81.46543200005343,28.600408000182068],[-81.46542299983258,28.600362999964645],[-81.46541199996193,28.600343000037068],[-81.46538099999978,28.6003069996847],[-81.46533800034207,28.60028200015573],[-81.46528899993828,28.60027000003262],[-81.46480900043757,28.600274999624002],[-81.4643390000843,28.600280000003846],[-81.46428700020574,28.60028500038342],[-81.46423899962686,28.600303000170584],[-81.46419900034219,28.60033300007189],[-81.4641709998548,28.600372999926975],[-81.46415699961109,28.60041800014011],[-81.46415599978619,28.60047599972043],[-81.46415499996127,28.601069000173702],[-81.46415499996127,28.60122699982565],[-81.46417000002988,28.601277000005496],[-81.46420099999203,28.60132199983152],[-81.46422299973334,28.60134000022972],[-81.46424500037296,28.601352000230634],[-81.46427299996205,28.601367999703868],[-81.46433099968837,28.601379999701535],[-81.46456300039027,28.6013740000972],[-81.46473900011736,28.60136600036132],[-81.4651490001962,28.601345999835992],[-81.46519600005186,28.60134000022972],[-81.46537699980183,28.60131999969944],[-81.46551300024427,28.6012979998215]]]},"properties":{"block_id":"120950123061010","school_id":"sch_meadowbrook_middle","kids_est":3,"class":"red","shortest":{"len_m":2144.5,"mean_c":37.25,"peak_c":37.3,"dose":126.47},"coolest":{"len_m":2144.5,"mean_c":37.25,"peak_c":37.3,"dose":126.47},"delta_mean_c":0.0,"delta_dose_pct":0,"distance_mi":0.43,"status_now":"walk","status_rec":"bus_eligible","reason":"Coolest route mean 37.2C exceeds threshold (110 C-min dose, actual 126).","safe_until_hour":"14:00"}},{"type":"Feature","geometry":{"type":"Polygon","coordinates":[[[-81.45879899989559,28.599430999927765],[-81.45878899984986,28.59637399989938],[-81.45802800014177,28.59637000023564],[-81.45796399966933,28.59637000023564],[-81.45797700008812,28.599428999759684],[-81.45879899989559,28.599430999927765]]]},"properties":{"block_id":"120950123062004","school_id":"sch_meadowbrook_middle","kids_est":4,"class":"green","shortest":{"len_m":870.3,"mean_c":37.25,"peak_c":37.28,"dose":51.44},"coolest":{"len_m":870.3,"mean_c":37.25,"peak_c":37.28,"dose":51.44},"delta_mean_c":0.0,"delta_dose_pct":0,"distance_mi":0.374,"status_now":"walk","status_rec":"walk","reason":"Shortest route already under threshold (dose 51).","safe_until_hour":null}},{"type":"Feature","geometry":{"type":"Polygon","coordinates":[[[-81.48609300005988,28.604519999845156],[-81.48609200023498,28.60448400013516],[-81.48608999968683,28.60423599960679],[-81.48607200014348,28.604133000344284],[-81.48606399974757,28.60389800031661],[-81.48606399974757,28.603849999890585],[-81.48606700012063,28.603638000244047],[-81.48606200009773,28.60345499992246],[-81.48605799989978,28.603248999765274],[-81.48605399970182,28.602907000251044],[-81.4860529998769,28.60272500028639],[-81.48597900025706,28.60272500028639],[-81.48575999997395,28.602726000339064],[-81.48568700017903,28.602727000391738],[-81.48549899985804,28.60273099981359],[-81.48547200009385,28.60273199986615],[-81.48493599961836,28.602735000023944],[-81.48474900002059,28.60273700012909],[-81.4841020001153,28.602745999813028],[-81.48392700021311,28.602755000284944],[-81.48390899977144,28.602756000337337],[-81.48377700042529,28.602786000326972],[-81.48368600018868,28.602821999830123],[-81.48360199962478,28.6028740001422],[-81.48337200036933,28.603076000048677],[-81.48329700002627,28.603119999843997],[-81.48317300017771,28.60316899986334],[-81.4830610000247,28.603194000282876],[-81.48299200042774,28.603198999735078],[-81.48287199987882,28.603194000282876],[-81.4827770003426,28.603179000347343],[-81.48261400013597,28.60312099989292],[-81.48206599996487,28.602893000325615],[-81.48194299994123,28.602847000332215],[-81.48182199956742,28.60281700035993],[-81.48174899977248,28.602807999893372],[-81.48165599988606,28.602807999893372],[-81.4808349999035,28.602807999893372],[-81.48083099970553,28.602980000000983],[-81.48082700040588,28.603210000264276],[-81.48083300025367,28.60349900034777],[-81.48083699955332,28.603672000156614],[-81.48084199957619,28.603868999897518],[-81.48083999992637,28.60409599967336],[-81.48083999992637,28.604123999990456],[-81.48084699959905,28.60438000029015],[-81.48083800027655,28.60446999963115],[-81.48081999983486,28.60450800020609],[-81.48078999969766,28.604538999730988],[-81.480750000413,28.604560999718974],[-81.48070400038225,28.604570000035363],[-81.47986800033107,28.604579000350984],[-81.47941600041945,28.604583999737336],[-81.4787729998138,28.604588999912146],[-81.47839899971999,28.60459200001686],[-81.47828099971922,28.604587999877207],[-81.47795000018141,28.60459800022614],[-81.4777319997232,28.60460899982019],[-81.4771679996586,28.604657999933767],[-81.4769769998629,28.60467100037855],[-81.47684700016656,28.6046739996923],[-81.47620500028414,28.604690000237024],[-81.47620199991108,28.60486100038622],[-81.47619699988822,28.605376000007404],[-81.4761950002384,28.60554799985454],[-81.47619299969026,28.606066000114225],[-81.47619400041349,28.60627899961244],[-81.47619799971312,28.606980000232454],[-81.47619299969026,28.607297999679187],[-81.47619199986535,28.608199000113448],[-81.47618600001756,28.60847199991442],[-81.4761819998196,28.608690000034642],[-81.47618600001756,28.60920399982242],[-81.47631999991185,28.609201999840387],[-81.47672300031799,28.60919899986731],[-81.47685800003721,28.609197999876248],[-81.47685800003721,28.609008999818492],[-81.47685999968702,28.6084449999657],[-81.47686100041025,28.60825800013054],[-81.47686200023517,28.608067999957097],[-81.4768649997099,28.607589000360544],[-81.4768720002809,28.60754500007076],[-81.47688499980138,28.607503999784146],[-81.476907000441,28.607462000262615],[-81.47693599985502,28.60742599998335],[-81.47697100001511,28.60739399972478],[-81.47701100019809,28.60736700028766],[-81.47705600040392,28.60734700011597],[-81.47710300025959,28.60733299999349],[-81.47715299958999,28.607324999922696],[-81.47769999993615,28.607324999922696],[-81.47774000011913,28.607324999922696],[-81.4795960003445,28.607309999788264],[-81.47967499998722,28.607315999842257],[-81.47975000033028,28.60734000005494],[-81.4797799995692,28.607358000210883],[-81.47981599955422,28.607379999608572],[-81.47986800033107,28.607434000046467],[-81.47990199976795,28.607496999733637],[-81.47992199985943,28.60764199989652],[-81.47992600005739,28.60778899986826],[-81.47995100017175,28.607918000366055],[-81.47998100030897,28.607995999801613],[-81.48002800016464,28.60809400000114],[-81.48006400014965,28.608150000074122],[-81.48034799983176,28.60859600037837],[-81.48036999957309,28.608631000260228],[-81.48044599974108,28.608742999803752],[-81.48063200041223,28.608641000224328],[-81.48082300020793,28.6085379997598],[-81.48089699982778,28.60849299986972],[-81.48103800029308,28.6083980000385],[-81.48116799998942,28.608299000122877],[-81.48119099955564,28.608282000128014],[-81.48132699999809,28.608158000082092],[-81.4814480003719,28.608019999858882],[-81.48146699974016,28.6079999998115],[-81.48159099958873,28.607836000067994],[-81.48176300001617,28.607567000217955],[-81.48186299957528,28.60741299987947],[-81.48127400029463,28.607114000201],[-81.4812440001574,28.607097000014324],[-81.48110799971496,28.607019999923157],[-81.4810320004453,28.606957999962326],[-81.48096600032306,28.60688799986083],[-81.48091000024657,28.606810999616474],[-81.48086500004072,28.606724999973284],[-81.4808349999035,28.6066340001825],[-81.48081999983486,28.606540000263855],[-81.48082200038301,28.60624099967806],[-81.48081800018505,28.605734999781568],[-81.48082700040588,28.605666999703196],[-81.4808569996448,28.605585000014134],[-81.48088099993424,28.60554999990615],[-81.48093700001074,28.60550100020858],[-81.4810049997828,28.605464000019417],[-81.48108099995079,28.605443000247266],[-81.48119399992869,28.605438000113153],[-81.48122200041611,28.605438000113153],[-81.48188799968965,28.605429999898053],[-81.48188900041288,28.60519100028853],[-81.48189299971253,28.604550000119897],[-81.4819050003064,28.604476999883357],[-81.48190699995621,28.604467000311587],[-81.48193100024568,28.60440799974287],[-81.48195200016207,28.604370999957478],[-81.48201499991126,28.604304999860286],[-81.4820390002007,28.60428599993214],[-81.48209299972906,28.604253000256403],[-81.4821520001786,28.604228000088852],[-81.48220700043018,28.604213000300923],[-81.48237899995932,28.604199999799466],[-81.48275800007602,28.6041959996449],[-81.48294300002394,28.604194999606207],[-81.48311499955307,28.604192000278793],[-81.48353899987559,28.60418700008509],[-81.48363299958694,28.604200999838106],[-81.4837010002573,28.60421100022387],[-81.48375999980854,28.604232000242263],[-81.48379699961846,28.604253000256403],[-81.48384699984719,28.604290000083363],[-81.4839049995735,28.604353000078458],[-81.48394200028173,28.604414999999204],[-81.48396400002305,28.6044830000992],[-81.48396800022101,28.60459200001686],[-81.48397200041896,28.60470199985537],[-81.48396700039609,28.60551699983873],[-81.48393499971073,28.605650000071105],[-81.4839049995735,28.605732999733494],[-81.48387699998439,28.605781000087948],[-81.48386199991579,28.605808999955936],[-81.48380800038743,28.60587899998774],[-81.48371999962556,28.605961000236007],[-81.48364699983064,28.60601599984728],[-81.48358699955617,28.60605099980003],[-81.48368899966343,28.606214999964145],[-81.48374800011298,28.606308000155014],[-81.4838190002581,28.60640999963367],[-81.48387299978644,28.60646299976443],[-81.48393300006092,28.606493000272984],[-81.48399900018315,28.606511999802017],[-81.48406699995522,28.60652099995127],[-81.48413300007743,28.60651699988501],[-81.48416800023755,28.60651499985181],[-81.48428200004037,28.606491000239323],[-81.4843199996752,28.60647099990087],[-81.48437599975168,28.6064559996445],[-81.48446500033846,28.6064559996445],[-81.48462099997408,28.60642699993151],[-81.4846860002714,28.606423999879134],[-81.48488100026508,28.60641899979165],[-81.48494700038731,28.60641799977414],[-81.48494499983917,28.606016999868633],[-81.48494499983917,28.605932999619796],[-81.48494999986204,28.605614999984724],[-81.48495900008288,28.60557099965685],[-81.48497699962623,28.605540999673703],[-81.48500299956551,28.60551499978651],[-81.4850510001444,28.605491999971935],[-81.48510499967274,28.605481999708037],[-81.48568100033124,28.605479999655206],[-81.48575099975312,28.605479999655206],[-81.48608200018923,28.605482999734477],[-81.48608300001413,28.605325000172847],[-81.4860870002121,28.604854000159545],[-81.48608899986192,28.604696999685938],[-81.48609300005988,28.604519999845156]],[[-81.47983300017097,28.60572500032947],[-81.47983300017097,28.606284999725386],[-81.4798149997293,28.606329999772584],[-81.4797799995692,28.606366999656768],[-81.47973299971353,28.606391000086248],[-81.4796800000101,28.606400000245873],[-81.47852099991873,28.606412999686437],[-81.47709999988653,28.60641599973912],[-81.47704600035819,28.60640800038711],[-81.47698000023594,28.606365999638747],[-81.47696400034242,28.606347000083314],[-81.47694599990076,28.60630100002475],[-81.47694699972567,28.60562900033613],[-81.47970699977428,28.60561299993441],[-81.4797799995692,28.605643999921902],[-81.47981399990441,28.605681000047678],[-81.47983300017097,28.60572500032947]]]},"properties":{"block_id":"120950123032016","school_id":"sch_meadowbrook_middle","kids_est":20,"class":"red","shortest":{"len_m":3801.2,"mean_c":37.26,"peak_c":37.31,"dose":224.93},"coolest":{"len_m":3803.0,"mean_c":37.26,"peak_c":37.31,"dose":224.86},"delta_mean_c":0.0,"delta_dose_pct":0,"distance_mi":1.301,"status_now":"walk","status_rec":"bus_eligible","reason":"Coolest route mean 37.3C exceeds threshold (110 C-min dose, actual 225).","safe_until_hour":"11:00"}},{"type":"Feature","geometry":{"type":"Polygon","coordinates":[[[-81.47433999983794,28.611905999909755],[-81.4743370003632,28.611318999722887],[-81.47432800014238,28.611225000053253],[-81.47431700027172,28.611175999848143],[-81.47429399980719,28.611131000299487],[-81.47425600017235,28.611086999916083],[-81.47421299961633,28.611054999984084],[-81.47414900004223,28.61102000012122],[-81.47407700007221,28.61099699993467],[-81.47285500023166,28.61099699993467],[-81.47278099971349,28.61100799964737],[-81.47270999956838,28.61103199980513],[-81.47265199984206,28.611067999637264],[-81.4726049999864,28.611114999947134],[-81.47257700039731,28.61116100026359],[-81.4725709996512,28.611170000014628],[-81.47255200028295,28.611230999883688],[-81.47254899990989,28.611262999762065],[-81.47255700030583,28.61193099982745],[-81.47255700030583,28.61233000010542],[-81.47267100010863,28.612331000066657],[-81.47273600040594,28.612343000389366],[-81.47394599965264,28.61262300017048],[-81.47402900039162,28.612635999629596],[-81.47405000030803,28.612634999671258],[-81.47413200032379,28.61261900033657],[-81.47420699976854,28.612584000206294],[-81.47426299984505,28.612537999724395],[-81.47428899978432,28.612507000194018],[-81.47431899992154,28.612452000038004],[-81.47433300016525,28.61239300001071],[-81.47433999983794,28.611905999909755]]]},"properties":{"block_id":"120950123053003","school_id":"sch_meadowbrook_middle","kids_est":1,"class":"red","shortest":{"len_m":3891.7,"mean_c":37.0,"peak_c":37.35,"dose":216.32},"coolest":{"len_m":3891.7,"mean_c":37.0,"peak_c":37.35,"dose":216.32},"delta_mean_c":0.0,"delta_dose_pct":0,"distance_mi":1.323,"status_now":"walk","status_rec":"bus_eligible","reason":"Coolest route mean 37.0C exceeds threshold (110 C-min dose, actual 216).","safe_until_hour":"11:00"}},{"type":"Feature","geometry":{"type":"Polygon","coordinates":[[[-81.47546200011938,28.60633499986424],[-81.47545999957124,28.606244999754832],[-81.47545100024871,28.605726000353584],[-81.47544799987567,28.605554000009175],[-81.47525600025506,28.605561000189212],[-81.47492099962099,28.60556600031746],[-81.47441500018101,28.60557599978469],[-81.4742319998829,28.60557599978469],[-81.47333999975523,28.605589000115888],[-81.47281400022376,28.605598000344223],[-81.47281699969851,28.60576199963804],[-81.47282900029238,28.606253999926974],[-81.47283199976712,28.606365999638747],[-81.47285299968352,28.606413999704],[-81.47288000034601,28.606445000243813],[-81.47291299995798,28.606464999798625],[-81.47297400005733,28.6064820000875],[-81.47334999980099,28.606477000002787],[-81.47423600008086,28.60646599981564],[-81.47490999975034,28.60645499962733],[-81.47504700001768,28.606453000381624],[-81.47534199957046,28.606444000226542],[-81.4753850001265,28.606429999983735],[-81.4754210001115,28.606406000351836],[-81.47544799987567,28.606372999764623],[-81.47546200011938,28.60633499986424]]]},"properties":{"block_id":"120950123053009","school_id":"sch_meadowbrook_middle","kids_est":3,"class":"red","shortest":{"len_m":4112.8,"mean_c":37.26,"peak_c":37.31,"dose":243.19},"coolest":{"len_m":4114.6,"mean_c":37.25,"peak_c":37.31,"dose":243.12},"delta_mean_c":-0.01,"delta_dose_pct":0,"distance_mi":1.017,"status_now":"walk","status_rec":"bus_eligible","reason":"Coolest route mean 37.2C exceeds threshold (110 C-min dose, actual 243).","safe_until_hour":"11:00"}},{"type":"Feature","geometry":{"type":"Polygon","coordinates":[[[-81.47553300026449,28.60166399977229],[-81.47552999989145,28.601399000155094],[-81.47552400004366,28.60082100026091],[-81.47553099971636,28.600605999805598],[-81.475365000035,28.60062200018107],[-81.47527499962331,28.600632000118807],[-81.4749919997661,28.600676000148866],[-81.47487200011548,28.600689000297614],[-81.47470800008396,28.600709000159277],[-81.47471399993175,28.60083400039172],[-81.47471399993175,28.600854000225787],[-81.47471800012971,28.601290000079896],[-81.47471899995462,28.60131400009167],[-81.47471700030479,28.60143600019837],[-81.47472099960444,28.60170900022128],[-81.47470700025906,28.601782000014808],[-81.4746889998174,28.60182100004575],[-81.47463799976377,28.60188800018647],[-81.47441299963288,28.60209199973981],[-81.47431700027172,28.602170999615062],[-81.47425799982219,28.602201999829454],[-81.47421599998937,28.602215999846937],[-81.47396800029226,28.602228999805156],[-81.47366899964322,28.602238000321307],[-81.47327899965588,28.60225000021963],[-81.47328000037908,28.602392999625494],[-81.47328500040196,28.60282299988188],[-81.4732870000518,28.60296700013566],[-81.47408000044526,28.60294299971273],[-81.47411200023231,28.60294299971273],[-81.47422000018733,28.602935000096284],[-81.47440699978509,28.602908000301973],[-81.47456400014393,28.60286200031515],[-81.47467700012183,28.602815000256303],[-81.47478300042705,28.602757000389655],[-81.47492300016913,28.602646000038938],[-81.47523600016356,28.602364000368407],[-81.47531300015646,28.602286999963205],[-81.47537799955548,28.60219899965643],[-81.47544500040094,28.60207100008241],[-81.47549100043169,28.60195200010446],[-81.47552300021874,28.60182899974699],[-81.47553300026449,28.60166399977229]]]},"properties":{"block_id":"120950123051011","school_id":"sch_meadowbrook_middle","kids_est":10,"class":"red","shortest":{"len_m":3462.0,"mean_c":37.26,"peak_c":37.31,"dose":204.74},"coolest":{"len_m":3463.8,"mean_c":37.25,"peak_c":37.31,"dose":204.67},"delta_mean_c":-0.01,"delta_dose_pct":0,"distance_mi":0.848,"status_now":"walk","status_rec":"bus_eligible","reason":"Coolest route mean 37.2C exceeds threshold (110 C-min dose, actual 205).","safe_until_hour":"11:00"}},{"type":"Feature","geometry":{"type":"Polygon","coordinates":[[[-81.47470800008396,28.600709000159277],[-81.47467499957368,28.600508999793625],[-81.47461799967228,28.60021100026206],[-81.47460400032689,28.60017499986448],[-81.47458400023541,28.600140999609046],[-81.47455900012105,28.60011000036409],[-81.47452899998383,28.600081999766083],[-81.47449600037187,28.600058000261647],[-81.47445799983872,28.600038000276033],[-81.47441900037897,28.600022999889983],[-81.47433399999017,28.60000900036903],[-81.47420000009586,28.600011999815855],[-81.4737959998648,28.60002700020347],[-81.47366299979542,28.600045000034836],[-81.47358800035066,28.600061999785087],[-81.47350499961168,28.600086000077336],[-81.47342799961879,28.600112999808026],[-81.47336099967163,28.600142999763577],[-81.47327700000605,28.600189000152028],[-81.47318699959435,28.60024799993493],[-81.47311799999737,28.600303000170584],[-81.47275099957625,28.60063599962042],[-81.4726979998728,28.600690999653],[-81.47265600004002,28.600742000159382],[-81.4726059998113,28.600813999765087],[-81.47254200023721,28.600935999663573],[-81.47249799985627,28.601058000209065],[-81.47248299978766,28.60111600022479],[-81.47247299974192,28.60117799968948],[-81.47246500024433,28.601267000129205],[-81.47246699989414,28.601943000352456],[-81.47246799971904,28.602021000280427],[-81.47248100013785,28.602076000376798],[-81.4725060002522,28.602127000210988],[-81.4725430000621,28.602172999730943],[-81.47258999991779,28.602211000347907],[-81.47264900036733,28.60224099970451],[-81.47270000042096,28.60225699983108],[-81.47277099966776,28.602265000287776],[-81.47327899965588,28.60225000021963],[-81.47327799983096,28.602097000033126],[-81.47327700000605,28.601636999651397],[-81.47327700000605,28.60148500021424],[-81.47327600018113,28.60127599993903],[-81.47329100024974,28.60121599987755],[-81.47331999966374,28.60115899998461],[-81.4733449997781,28.601127000183347],[-81.47336099967163,28.60110899974867],[-81.47370299997839,28.600800999631808],[-81.47375700040507,28.60076999979281],[-81.4738369998727,28.600744000302463],[-81.47389999962189,28.600736999801562],[-81.4742100001416,28.600729000017182],[-81.47433200034034,28.60072599980213],[-81.47435099970859,28.60072599980213],[-81.47453200035687,28.600713999729766],[-81.47467200009896,28.600712999657933],[-81.47470800008396,28.600709000159277]]]},"properties":{"block_id":"120950123051008","school_id":"sch_meadowbrook_middle","kids_est":11,"class":"red","shortest":{"len_m":3521.5,"mean_c":37.26,"peak_c":37.31,"dose":208.26},"coolest":{"len_m":3523.3,"mean_c":37.25,"peak_c":37.31,"dose":208.19},"delta_mean_c":-0.01,"delta_dose_pct":0,"distance_mi":0.744,"status_now":"walk","status_rec":"bus_eligible","reason":"Coolest route mean 37.2C exceeds threshold (110 C-min dose, actual 208).","safe_until_hour":"11:00"}},{"type":"Feature","geometry":{"type":"Polygon","coordinates":[[[-81.47767800019487,28.591308999827945],[-81.47767099962385,28.591129999986645],[-81.47766999979895,28.59106599978869],[-81.47766899997403,28.590797000391895],[-81.47765700027847,28.5903389997971],[-81.47765200025559,28.59009700005489],[-81.4775059997674,28.59009700005489],[-81.47735599997958,28.590098999611744],[-81.47727200031397,28.590072999848005],[-81.47719399959789,28.59003500036379],[-81.4771250000009,28.58998599974236],[-81.4771040000845,28.58996500003247],[-81.47700000032744,28.589863999753977],[-81.47684100031877,28.589702999843514],[-81.47678400041737,28.589639000354442],[-81.4767430004095,28.58956399965881],[-81.47672099976987,28.589484999772694],[-81.47671900012003,28.589436999862844],[-81.4767099998992,28.588977000075356],[-81.47671400009716,28.58885499970491],[-81.47671300027226,28.58829199993703],[-81.47670700042448,28.587920000376712],[-81.47608499973522,28.587912999810495],[-81.47608899993318,28.588549000338173],[-81.4760899997581,28.588633999681914],[-81.47608499973522,28.58873599975024],[-81.47606700019188,28.58917399975406],[-81.47605700014614,28.58978200035461],[-81.47605899979595,28.59000799962174],[-81.47605499959798,28.590458999684284],[-81.47605499959798,28.590486999690842],[-81.47606499964375,28.59090399997635],[-81.4760699996666,28.591095999960277],[-81.476463000027,28.591083000202524],[-81.47677799967127,28.59109099993227],[-81.47684799999146,28.591100999988047],[-81.47703499958921,28.59114100020158],[-81.47721700006241,28.591195000307973],[-81.47738899959155,28.591262000123855],[-81.4775200000111,28.59130200027612],[-81.47767800019487,28.591308999827945]]]},"properties":{"block_id":"120950123042000","school_id":"sch_meadowbrook_middle","kids_est":16,"class":"red","shortest":{"len_m":2223.3,"mean_c":37.28,"peak_c":37.31,"dose":132.02},"coolest":{"len_m":2225.1,"mean_c":37.27,"peak_c":37.31,"dose":131.95},"delta_mean_c":-0.01,"delta_dose_pct":0,"distance_mi":0.873,"status_now":"walk","status_rec":"bus_eligible","reason":"Coolest route mean 37.3C exceeds threshold (110 C-min dose, actual 132).","safe_until_hour":"14:00"}},{"type":"Feature","geometry":{"type":"Polygon","coordinates":[[[-81.46341400034464,28.609601000232384],[-81.46341400034464,28.609512999742574],[-81.46341299962143,28.60943199988968],[-81.4634119997965,28.60919099993856],[-81.4634119997965,28.60911099982933],[-81.4634109999716,28.609004999847013],[-81.46340900032179,28.608687000046896],[-81.46340900032179,28.608580999636757],[-81.46340799959854,28.608517999811042],[-81.46340799959854,28.608331000105842],[-81.46340799959854,28.60826900013006],[-81.46320400028237,28.60827700012897],[-81.46259300036209,28.60830300012129],[-81.46245600009475,28.60830900011864],[-81.46240599986602,28.608318000113943],[-81.4623909997974,28.608323000110975],[-81.4623539999875,28.608335000102983],[-81.46233499972092,28.60834300009692],[-81.46227199997173,28.608382000058437],[-81.4622569999031,28.608397000039805],[-81.46223799963654,28.608417000011592],[-81.46223199978877,28.608425999997657],[-81.46221099987235,28.608457999941884],[-81.46218400010818,28.608524999793527],[-81.46217999991022,28.60855199972169],[-81.46217400006243,28.60859500038156],[-81.46217700043549,28.608966000116748],[-81.4621790000853,28.6091049998778],[-81.46217999991022,28.609260000092327],[-81.46218300028326,28.609728000110348],[-81.46218400010818,28.609885000163345],[-81.46224699985737,28.609883000194266],[-81.4624390003763,28.6098800002406],[-81.46250299995042,28.609879000256015],[-81.46253800011051,28.609877000286833],[-81.46264600006555,28.609875000317665],[-81.46268299987547,28.609875000317665],[-81.46278599980764,28.609872000363758],[-81.46309700015226,28.609865999667104],[-81.46311899989355,28.609865999667104],[-81.4631990002595,28.609849999910633],[-81.46324600011516,28.60983600012174],[-81.4632779999022,28.609813999661135],[-81.46332200028314,28.609787000057324],[-81.46338000000947,28.60972200019411],[-81.46340299957569,28.609665000183874],[-81.46341400034464,28.609601000232384]]]},"properties":{"block_id":"120950123061001","school_id":"sch_meadowbrook_middle","kids_est":2,"class":"red","shortest":{"len_m":3929.4,"mean_c":37.21,"peak_c":37.4,"dose":230.03},"coolest":{"len_m":3929.4,"mean_c":37.21,"peak_c":37.4,"dose":230.03},"delta_mean_c":0.0,"delta_dose_pct":0,"distance_mi":0.989,"status_now":"walk","status_rec":"bus_eligible","reason":"Coolest route mean 37.2C exceeds threshold (110 C-min dose, actual 230).","safe_until_hour":"11:00"}},{"type":"Feature","geometry":{"type":"Polygon","coordinates":[[[-81.47611900007041,28.61564599983654],[-81.4761330003141,28.615296000210147],[-81.47569999977075,28.615265999849886],[-81.47560000021163,28.615568999703406],[-81.4755759999222,28.61590500022866],[-81.47568800007518,28.61596499978684],[-81.47576900026604,28.616026000025418],[-81.47560699988433,28.61604799997351],[-81.47545700009651,28.61603700000003],[-81.4749080001005,28.61588300025061],[-81.4746460001597,28.615652000203042],[-81.47439099989157,28.61548699985796],[-81.47406000035376,28.61545399975786],[-81.47362400033568,28.61545399975786],[-81.4735139998325,28.615487999789153],[-81.47298199955495,28.61565799978055],[-81.47275099957625,28.61604899989937],[-81.47270100024588,28.61657699963126],[-81.47260099978844,28.616719000118803],[-81.47253899986414,28.616808000009936],[-81.47226500022778,28.61694000022349],[-81.47221300034924,28.6169449998101],[-81.47206000018836,28.616961999980063],[-81.47200900013475,28.616969000188455],[-81.47180699957005,28.616990999938945],[-81.47149199992579,28.61702800001082],[-81.47122099976413,28.617131000035627],[-81.47103300034148,28.61720400015283],[-81.47093100023423,28.617242999978565],[-81.47065599987461,28.617281999789856],[-81.47048699982021,28.617327999771085],[-81.47043800031473,28.617342000138493],[-81.47026300041253,28.61747399968081],[-81.4701699996278,28.61771600025081],[-81.4701699996278,28.617832999902795],[-81.4701699996278,28.618113000030107],[-81.47013299981788,28.618332999662695],[-81.46990199983921,28.618514000283735],[-81.46917299991816,28.618937999824343],[-81.46859299996001,28.619857000147242],[-81.46841800005782,28.62000000003038],[-81.46798200003973,28.62024300018467],[-81.46781399981023,28.620293999873077],[-81.46773299961939,28.620320000044863],[-81.46746400000588,28.620270000254735],[-81.46710900017864,28.620138000284353],[-81.46664300002331,28.620207000343353],[-81.46643499961085,28.620237999966516],[-81.46621700005095,28.620359000290442],[-81.4660870003546,28.620454000342765],[-81.46606800008806,28.620469000177216],[-81.46544399974898,28.620627999709413],[-81.46459000015444,28.620727999713473],[-81.4642550004187,28.620714999678867],[-81.46384100014193,28.62069999987963],[-81.46363799975232,28.62066500007685],[-81.46333200032889,28.62061200001536],[-81.46323600006941,28.620596000318873],[-81.46284400043226,28.62047500026805],[-81.46265000026351,28.62027100014038],[-81.46254300013338,28.620176999809026],[-81.46250100030059,28.620139000171257],[-81.4623539999875,28.62004999994908],[-81.46229700008608,28.620189000023775],[-81.46228100019255,28.62027100014038],[-81.46223400033689,28.6205179999893],[-81.46221900026828,28.62060099973142],[-81.46227399962156,28.620587999681142],[-81.46233999974379,28.620591000117525],[-81.46238199957658,28.62060300028496],[-81.46242000010973,28.62062400018039],[-81.46243600000327,28.620637000226264],[-81.46249700010264,28.620709000390296],[-81.46250600032346,28.62071899999301],[-81.46287700004422,28.621039000181852],[-81.46294399999137,28.621079999916258],[-81.4630169997863,28.621113999703116],[-81.46309399977919,28.6211379999171],[-81.46317400014514,28.621152999653756],[-81.46332399993297,28.621157999828352],[-81.46333700035176,28.621158999705536],[-81.4636500003462,28.621158999705536],[-81.46368100030834,28.621158999705536],[-81.46372399996606,28.621175000104795],[-81.46375699957802,28.621201999935202],[-81.46377699966949,28.621237000347488],[-81.46377699966949,28.621380999803304],[-81.46377900021764,28.621813000140026],[-81.46378000004255,28.621957000382917],[-81.46378000004255,28.622222000182408],[-81.46378000004255,28.6230199998772],[-81.46378099986747,28.623286000004633],[-81.46377699966949,28.623758999864943],[-81.46377599984459,28.624034999772427],[-81.46378000004255,28.624868999712277],[-81.46377699966949,28.62518100036934],[-81.46377300036986,28.625655000199682],[-81.46477500010238,28.625684000123158],[-81.46515199967092,28.625703999956983],[-81.46545799999267,28.62571600032852],[-81.46599199992006,28.625714999706208],[-81.46802499969743,28.625783000209438],[-81.46803100044355,28.625559000287097],[-81.46802700024558,28.625517000100615],[-81.46801100035204,28.625431999840785],[-81.46798399968955,28.625348999975145],[-81.46794600005472,28.625270000184635],[-81.46789699965093,28.62519499968966],[-81.46769900018252,28.624965000255795],[-81.46766800022037,28.624910000316554],[-81.46763700025824,28.6248250003537],[-81.46762300001453,28.624737000004266],[-81.46761700016675,28.62329100007763],[-81.46761700016675,28.622961000267463],[-81.46761700016675,28.622603000093726],[-81.46762999968722,28.62256399989312],[-81.46765499980158,28.622530999651396],[-81.4676919996115,28.622505999891477],[-81.46773500016752,28.622492000212596],[-81.46788900015332,28.62248600023701],[-81.4681910002771,28.62248600023701],[-81.46852099998999,28.62248600023701],[-81.46873799972496,28.62248399971935],[-81.46939100037635,28.622481000125607],[-81.46960899993626,28.622481000125607],[-81.46979200023435,28.62248000026102],[-81.47034200005525,28.62247600001404],[-81.47052600017828,28.62247600001404],[-81.47052399963013,28.622298000302003],[-81.47052199998032,28.62183700019423],[-81.4705200003305,28.62176699975795],[-81.47051600013252,28.621590000294052],[-81.47070399955518,28.621587999759317],[-81.47112399967976,28.62158500014003],[-81.47126900034303,28.621586999886205],[-81.47133700011508,28.621587999759317],[-81.47139499984142,28.62160099968582],[-81.47145299956773,28.62161999963609],[-81.47154399980431,28.621636999837737],[-81.47158099961425,28.621640000244135],[-81.47180300027041,28.621635000092454],[-81.47188100008822,28.6216340002198],[-81.47197300014973,28.62161899976328],[-81.47210399967098,28.62158500014003],[-81.4721689999683,28.621577000366173],[-81.47285400040674,28.62157399995802],[-81.47320699968584,28.62157300008478],[-81.47320599986092,28.621415000281246],[-81.47320300038619,28.620943999870278],[-81.47320300038619,28.62078699978943],[-81.47320199966298,28.620630000262445],[-81.47320000001314,28.62015900027286],[-81.47320000001314,28.62011299995466],[-81.47319499999028,28.620002999694986],[-81.4731899999674,28.61989399999784],[-81.4731899999674,28.619822999953424],[-81.47319300034046,28.61962400038377],[-81.47320699968584,28.619559000299912],[-81.47321900027973,28.6195339998324],[-81.47323000015038,28.619510999933183],[-81.47334800015115,28.61932699976975],[-81.47344600006045,28.619176999697967],[-81.47349399974102,28.619103000267057],[-81.4735690000841,28.618990000044427],[-81.47360000004623,28.61890500002011],[-81.4736040002442,28.618866000022997],[-81.47361099991689,28.618816000329073],[-81.47361099991689,28.618778000198837],[-81.47361000009198,28.618698000294625],[-81.47360800044216,28.618460999925063],[-81.47360800044216,28.618381999683027],[-81.47360699971892,28.618190999780538],[-81.47360699971892,28.617620000176142],[-81.47360699971892,28.617430000377535],[-81.47360300041927,28.617273999688226],[-81.47360300041927,28.616942000058188],[-81.4736040002442,28.616652999893844],[-81.47360000004623,28.616256000115115],[-81.47360800044216,28.616222000332456],[-81.47363199983327,28.616180000353765],[-81.47366000032069,28.61615499987032],[-81.47370700017636,28.616131000094583],[-81.4737590000549,28.616120000129808],[-81.47406000035376,28.616120000129808],[-81.47415800026307,28.616136999644723],[-81.47423299970782,28.6161600002829],[-81.47427899973857,28.616187999750203],[-81.47428999960924,28.61619599993458],[-81.47432599959423,28.616223000256582],[-81.47461299964942,28.61646100007902],[-81.47467299992387,28.61649800033763],[-81.4748379997803,28.61657299994794],[-81.47507700015493,28.61668299985787],[-81.47516599984337,28.616706000376453],[-81.4753159996312,28.61671499965229],[-81.47535800036232,28.61671499965229],[-81.47554099976209,28.61671499965229],[-81.47565499956491,28.616713999732845],[-81.47600100006964,28.616710999974273],[-81.47611599969736,28.616710999974273],[-81.47610499982672,28.61654399987368],[-81.47611599969736,28.616113999790112],[-81.47611900007041,28.616028999803554],[-81.47611900007041,28.61564599983654]],[[-81.46669200042712,28.623256000350064],[-81.46670099974963,28.624887000017974],[-81.46669099970389,28.62493899965729],[-81.4666709996124,28.624990000218695],[-81.46664399984823,28.62503699981738],[-81.46660799986321,28.625080000035734],[-81.46657899955089,28.625104000131643],[-81.46656500020552,28.62511699962274],[-81.4665169996266,28.62514900000088],[-81.46646300009826,28.625173000081013],[-81.46640600019684,28.625189999707338],[-81.4663469997473,28.62519899983308],[-81.46608999982936,28.625196000316922],[-81.4659729996535,28.62519100033465],[-81.46546300001555,28.625173000081013],[-81.4650999997924,28.625160999647406],[-81.46504700008894,28.62514900000088],[-81.46497400029402,28.62511599978324],[-81.46491400001956,28.625068000379976],[-81.46487600038472,28.625019000325853],[-81.46485000044545,28.624963999626384],[-81.4648329998287,28.6248860001763],[-81.46482799980582,28.62413299998787],[-81.4648250003311,28.623623000135073],[-81.4648250003311,28.62347100018209],[-81.4648250003311,28.623313999937317],[-81.46483600020176,28.62325800006447],[-81.46485899976797,28.623206000381025],[-81.46489399992807,28.62315800010452],[-81.46493999995882,28.62311800025156],[-81.464966999723,28.623099999642488],[-81.46499299966227,28.62308799976045],[-81.46513199957946,28.623028000329608],[-81.4652129997703,28.622991999866034],[-81.46545899981759,28.622883999978505],[-81.46554099983337,28.622849000115256],[-81.46573300035229,28.622766999646448],[-81.4657769998349,28.622748999765726],[-81.46591300027734,28.62270700003209],[-81.46605399984435,28.6226780000748],[-81.4661979997844,28.622661999904587],[-81.4663469997473,28.622661000041703],[-81.46647399996891,28.622661000041703],[-81.46651300032696,28.62266899973293],[-81.46655299961162,28.622684000039417],[-81.46658100009903,28.622697999692765],[-81.46661100023627,28.622718999957726],[-81.46665800009191,28.62277199974415],[-81.46667399998546,28.622802000325574],[-81.4666849998561,28.622834999693563],[-81.46668999987898,28.62286799983968],[-81.46669200042712,28.623256000350064]]]},"properties":{"block_id":"120950151061001","school_id":"sch_meadowbrook_middle","kids_est":45,"class":"red","shortest":{"len_m":4821.6,"mean_c":37.07,"peak_c":37.4,"dose":272.92},"coolest":{"len_m":4913.4,"mean_c":36.88,"peak_c":37.28,"dose":264.6},"delta_mean_c":-0.19,"delta_dose_pct":-3,"distance_mi":1.82,"status_now":"walk","status_rec":"bus_eligible","reason":"Coolest route mean 36.9C exceeds threshold (110 C-min dose, actual 265).","safe_until_hour":"11:00"}},{"type":"Feature","geometry":{"type":"Polygon","coordinates":[[[-81.4715410003296,28.604885999614474],[-81.4715410003296,28.60398599998916],[-81.46864099964058,28.60398599998916],[-81.46864099964058,28.60478600029972],[-81.4715410003296,28.604885999614474]]]},"properties":{"block_id":"120950123053006","school_id":"sch_meadowbrook_middle","kids_est":2,"class":"red","shortest":{"len_m":2386.8,"mean_c":37.26,"peak_c":37.35,"dose":141.17},"coolest":{"len_m":2386.8,"mean_c":37.26,"peak_c":37.35,"dose":141.17},"delta_mean_c":0.0,"delta_dose_pct":0,"distance_mi":0.783,"status_now":"walk","status_rec":"bus_eligible","reason":"Coolest route mean 37.3C exceeds threshold (110 C-min dose, actual 141).","safe_until_hour":"13:00"}},{"type":"Feature","geometry":{"type":"Polygon","coordinates":[[[-81.45909699982143,28.593458000319977],[-81.45909400034671,28.593424000257844],[-81.45909000014872,28.593343999975453],[-81.45906099983641,28.593197000303487],[-81.45902900004936,28.59309599997511],[-81.45896299992714,28.59295500004157],[-81.45891000022367,28.592872999898173],[-81.45886400019293,28.592816000212924],[-81.45874899966688,28.59267200024766],[-81.45873000029863,28.59264199973706],[-81.4585880000084,28.592701999960866],[-81.45848099987828,28.592736999615546],[-81.4583639997024,28.592762000150437],[-81.45824800024978,28.59277300019465],[-81.45820399986886,28.59277300019465],[-81.45804999988304,28.59277499970063],[-81.45684399993603,28.59276499980407],[-81.45656500027677,28.59276399965662],[-81.45601899975551,28.592763000297914],[-81.45601600028078,28.592936999784726],[-81.45601000043298,28.593458000319977],[-81.45600899970977,28.593633000373046],[-81.45621399974917,28.593633000373046],[-81.45682999969233,28.593636000001823],[-81.45703599955664,28.593637000140994],[-81.45806699960148,28.593639999769657],[-81.45909400034671,28.593644999676435],[-81.45909699982143,28.593458000319977]]]},"properties":{"block_id":"120950123071006","school_id":"sch_meadowbrook_middle","kids_est":18,"class":"green","shortest":{"len_m":657.3,"mean_c":37.28,"peak_c":37.28,"dose":39.04},"coolest":{"len_m":657.3,"mean_c":37.28,"peak_c":37.28,"dose":39.04},"delta_mean_c":0.0,"delta_dose_pct":0,"distance_mi":0.369,"status_now":"walk","status_rec":"walk","reason":"Shortest route already under threshold (dose 39).","safe_until_hour":null}},{"type":"Feature","geometry":{"type":"Polygon","coordinates":[[[-81.47156600044394,28.5938399997983],[-81.47156200024598,28.593247000359828],[-81.47155200020025,28.5914690002742],[-81.47154999965211,28.591017999811882],[-81.47154299997942,28.590973000306715],[-81.4715200004132,28.59093199986439],[-81.47148400042818,28.59090000010441],[-81.47146199978857,28.590887999698943],[-81.47141300028306,28.59087399975003],[-81.47134299996286,28.59087399975003],[-81.4709079997697,28.590877000246273],[-81.47076300000474,28.5908779996229],[-81.47076700020268,28.590991000111142],[-81.47076999967743,28.591470999804972],[-81.47078300009622,28.593071999664147],[-81.47078300009622,28.59325100014246],[-81.47078300009622,28.59384499969556],[-81.47081800025633,28.593844000347136],[-81.47092500038644,28.59384300020995],[-81.47096100037145,28.59384300020995],[-81.47108100002204,28.593840999935523],[-81.47134399978778,28.59383899966107],[-81.47144400024521,28.59383899966107],[-81.47156600044394,28.5938399997983]]]},"properties":{"block_id":"120950123051006","school_id":"sch_meadowbrook_middle","kids_est":1,"class":"green","shortest":{"len_m":1708.5,"mean_c":37.28,"peak_c":37.31,"dose":101.52},"coolest":{"len_m":1708.5,"mean_c":37.28,"peak_c":37.31,"dose":101.52},"delta_mean_c":0.0,"delta_dose_pct":0,"distance_mi":0.5,"status_now":"walk","status_rec":"walk","reason":"Shortest route already under threshold (dose 102).","safe_until_hour":null}},{"type":"Feature","geometry":{"type":"Polygon","coordinates":[[[-81.46201400022886,28.61412500037056],[-81.46200400018313,28.613984000264104],[-81.46199900016025,28.613907999647207],[-81.46197300022098,28.613776000354335],[-81.46193600041106,28.613677999935575],[-81.4618819999844,28.613584999960615],[-81.46187699996152,28.613574999678576],[-81.46180199961844,28.61347000020841],[-81.46163799958691,28.613322000348823],[-81.46160499997495,28.613292000213328],[-81.46152700015715,28.613209000214425],[-81.46145000016426,28.613106000286102],[-81.46138999988979,28.613000000392145],[-81.46135100043006,28.612895000347148],[-81.4613260003157,28.612782999710276],[-81.46132299994265,28.612757000038204],[-81.46131500044504,28.612642000168012],[-81.46131500044504,28.61253699976513],[-81.46111600025343,28.61254400026841],[-81.46051899967853,28.612564000239253],[-81.46032100021013,28.612571999911065],[-81.46033100025586,28.613201999755468],[-81.46034299995144,28.613911000274452],[-81.46034899979921,28.61396299982934],[-81.4603830001344,28.6140379996729],[-81.46041400009652,28.614076999885757],[-81.4604529995563,28.614108999685673],[-81.46052600024953,28.614149999760084],[-81.46059099964855,28.61416900026999],[-81.46066000014383,28.6141749999322],[-81.46138499986694,28.61414799987222],[-81.46180300034166,28.614132999923534],[-81.46190000042604,28.614118999916876],[-81.46201400022886,28.61412500037056]]]},"properties":{"block_id":"120950151062006","school_id":"sch_meadowbrook_middle","kids_est":2,"class":"red","shortest":{"len_m":3933.7,"mean_c":37.04,"peak_c":37.35,"dose":220.5},"coolest":{"len_m":3933.7,"mean_c":37.04,"peak_c":37.35,"dose":220.5},"delta_mean_c":0.0,"delta_dose_pct":0,"distance_mi":1.295,"status_now":"walk","status_rec":"bus_eligible","reason":"Coolest route mean 37.0C exceeds threshold (110 C-min dose, actual 220).","safe_until_hour":"11:00"}},{"type":"Feature","geometry":{"type":"Polygon","coordinates":[[[-81.46729199957842,28.598689999729384],[-81.46729099975352,28.59854800010918],[-81.4672890001037,28.598125000386748],[-81.4672890001037,28.598095999951852],[-81.46728599973065,28.598074000187722],[-81.4672680001873,28.59803400024633],[-81.46723700022514,28.5980010001846],[-81.46719600021727,28.597978000302735],[-81.4671490003616,28.5979680001125],[-81.46665499971888,28.597979999709683],[-81.4657629995912,28.59800399968872],[-81.4656980001922,28.597994000289642],[-81.46565399981127,28.597975000009182],[-81.46560899960542,28.597946000321578],[-81.46549900000056,28.597859999732428],[-81.46541100013702,28.597776000061167],[-81.4653879996725,28.597742999918434],[-81.46537299960387,28.597702999851002],[-81.46536799958099,28.597342000032825],[-81.46536299955811,28.596836999982916],[-81.4653540002356,28.596797000359413],[-81.46533199959597,28.59676199969044],[-81.46531599970247,28.596746999625523],[-81.46527700024272,28.596724000257982],[-81.46523299986177,28.596713999948435],[-81.46511499986102,28.596716000168183],[-81.46442399957479,28.596732000347235],[-81.46419400031934,28.596738000216522],[-81.46419599996916,28.59709500010701],[-81.46420000016712,28.597739999618113],[-81.46420799966472,28.597789999879573],[-81.46423199995418,28.597858999633456],[-81.46425100022076,28.597891999739765],[-81.46429499970336,28.59795200012162],[-81.46444100019154,28.598076999689773],[-81.4647130001781,28.598309999926656],[-81.46512900010471,28.598661000239126],[-81.4651700001126,28.598685000062588],[-81.46525600032632,28.59872300036349],[-81.46529499978607,28.598732999693144],[-81.46539500024348,28.59874199972005],[-81.46674699978038,28.598704000214756],[-81.46729199957842,28.598689999729384]]]},"properties":{"block_id":"120950123061007","school_id":"sch_meadowbrook_middle","kids_est":1,"class":"green","shortest":{"len_m":1307.4,"mean_c":37.24,"peak_c":37.28,"dose":77.07},"coolest":{"len_m":1307.4,"mean_c":37.24,"peak_c":37.28,"dose":77.07},"delta_mean_c":0.0,"delta_dose_pct":0,"distance_mi":0.254,"status_now":"walk","status_rec":"walk","reason":"Shortest route already under threshold (dose 77).","safe_until_hour":null}},{"type":"Feature","geometry":{"type":"Polygon","coordinates":[[[-81.4742389995556,28.604687000135108],[-81.47423500025596,28.604622000271043],[-81.47423600008086,28.60459200001686],[-81.4742319998829,28.604557999613316],[-81.47423299970782,28.60438000029015],[-81.47422699986004,28.604088000144763],[-81.47422400038529,28.603915000232178],[-81.47419800044605,28.60386599977209],[-81.47416599976067,28.603831999922306],[-81.4741259995777,28.60380899973932],[-81.47407799989713,28.603797000019046],[-81.4727520002995,28.60381800012012],[-81.47270299989569,28.603828999795837],[-81.47265900041306,28.60385400005833],[-81.47265000019223,28.60386000030976],[-81.4726259999028,28.603884999776184],[-81.47260699963621,28.603925999897793],[-81.47260199961335,28.60397100016669],[-81.4726119996591,28.604433999904014],[-81.47261300038231,28.60451300038445],[-81.47261500003214,28.60459700019129],[-81.47262900027584,28.604651999727974],[-81.47267299975844,28.604739000312815],[-81.47270999956838,28.60481000030167],[-81.47282599991932,28.60476500039205],[-81.47297099968428,28.604716000328384],[-81.47300199964643,28.60471100015968],[-81.4730560000731,28.604703999923007],[-81.47392899993422,28.604690000237024],[-81.47407399969917,28.604688000169105],[-81.4742389995556,28.604687000135108]]]},"properties":{"block_id":"120950123053007","school_id":"sch_meadowbrook_middle","kids_est":3,"class":"red","shortest":{"len_m":4200.6,"mean_c":37.26,"peak_c":37.31,"dose":248.37},"coolest":{"len_m":4202.4,"mean_c":37.25,"peak_c":37.31,"dose":248.3},"delta_mean_c":-0.01,"delta_dose_pct":0,"distance_mi":0.897,"status_now":"walk","status_rec":"bus_eligible","reason":"Coolest route mean 37.2C exceeds threshold (110 C-min dose, actual 248).","safe_until_hour":"11:00"}},{"type":"Feature","geometry":{"type":"Polygon","coordinates":[[[-81.48406699995522,28.610870000013694],[-81.4840660001303,28.61071099990237],[-81.4840660001303,28.610233999701688],[-81.4840660001303,28.61007600018766],[-81.48352100033225,28.61008100010102],[-81.48241900014229,28.610093999874742],[-81.48218099959261,28.61008999994452],[-81.48206299959183,28.610077000170364],[-81.48196899988051,28.61005299979434],[-81.48189400043574,28.610025000268845],[-81.48183199961315,28.61000199986435],[-81.48172899968098,28.609948999941786],[-81.48143400012822,28.609738999955994],[-81.48139300012032,28.609777000202318],[-81.48119999977648,28.609976000292544],[-81.48114600024812,28.610018000386244],[-81.48106599988218,28.610062999623075],[-81.48102099967635,28.610078000153052],[-81.48089900037591,28.610100999752202],[-81.4807999997434,28.610105999664412],[-81.47995100017175,28.610110000382623],[-81.47988699969933,28.610091999909656],[-81.47985800028533,28.610078000153052],[-81.47980800005661,28.610038000049425],[-81.47977399972143,28.60998700011216],[-81.47976299985076,28.609958999780417],[-81.47975700000299,28.60992900026167],[-81.47975000033028,28.609732000054347],[-81.47974799978215,28.60963199983181],[-81.47974500030742,28.609310000392565],[-81.47973100006371,28.609230000373955],[-81.47970599994936,28.609153000268893],[-81.47968199965992,28.609093999965808],[-81.47955100013866,28.60912699969829],[-81.4795050001079,28.609133999640253],[-81.47929099984766,28.609169000131455],[-81.47913600003697,28.6091790000444],[-81.47896500033275,28.609182000018038],[-81.47878399968445,28.609185999982838],[-81.47879100025546,28.609323000261693],[-81.47879600027834,28.609909999773393],[-81.47879700010326,28.609927000293442],[-81.47878200003464,28.60998700011216],[-81.47876799979093,28.61001499964786],[-81.47872699978305,28.61006399960589],[-81.47867099970655,28.61009999976978],[-81.4786389999195,28.610113000329726],[-81.47857100014743,28.610125000117247],[-81.47705999970357,28.610132999974816],[-81.4770260002667,28.610127000081707],[-81.47699199993151,28.610116000276747],[-81.47693300038028,28.61008100010102],[-81.47690900009083,28.610057999708854],[-81.47687300010583,28.610003999831154],[-81.47686300006006,28.609974000325206],[-81.47685800003721,28.609922000372695],[-81.47685800003721,28.60991099975762],[-81.47685800003721,28.609197999876248],[-81.47672300031799,28.60919899986731],[-81.47631999991185,28.609201999840387],[-81.47618600001756,28.60920399982242],[-81.47618799966739,28.60956699987267],[-81.4761890003906,28.609738999955994],[-81.4761950002384,28.610527000093164],[-81.47619299969026,28.61065800033754],[-81.4761890003906,28.611022000068658],[-81.47650900005775,28.61102000012122],[-81.4766250004087,28.61102000012122],[-81.47745100041413,28.611024000016034],[-81.47747200033054,28.61102300004234],[-81.4777169996546,28.611016000226325],[-81.4777669998833,28.611027999910696],[-81.4777879997997,28.611042000329302],[-81.4778149995639,28.61107400026526],[-81.47782499960964,28.611104000245632],[-81.47782499960964,28.611206999771348],[-81.47782799998268,28.611701999696805],[-81.47782700015777,28.61173800008794],[-81.47782499960964,28.611915000385526],[-81.47782600033285,28.612088999705687],[-81.4778289998076,28.612613999755396],[-81.47782999963249,28.61273300027459],[-81.47782100030999,28.612758999952554],[-81.47780299986832,28.612780999796385],[-81.47777899957889,28.612796999894957],[-81.47775000016489,28.61280500033766],[-81.47756799969169,28.61280800020779],[-81.47748400002608,28.61280800020779],[-81.4765619997612,28.61280800020779],[-81.47651099970757,28.61280800020779],[-81.47636000009483,28.612811000077844],[-81.47618699984248,28.61280500033766],[-81.47618400036774,28.61298900009949],[-81.47617900034486,28.613543999665655],[-81.47617799962165,28.613728999657965],[-81.4762870002999,28.613737000029648],[-81.47641100014847,28.61374700029627],[-81.47667300008928,28.613772999723224],[-81.47671099972412,28.613774999618236],[-81.47691900013659,28.61378599982863],[-81.47711699960499,28.61378599982863],[-81.47724300000168,28.613793000248656],[-81.4776249995931,28.61379999987966],[-81.47805800013646,28.613791000354],[-81.47831800042745,28.61377700030181],[-81.47843300005518,28.613770999828237],[-81.47885400000465,28.613765000142887],[-81.47884499978383,28.61319899989657],[-81.47883999976095,28.612815999861027],[-81.47884499978383,28.612747999634593],[-81.47884399995891,28.612588000041544],[-81.47884099958587,28.612569999993152],[-81.47884399995891,28.612242000324557],[-81.47883700028622,28.61176000014562],[-81.47883999976095,28.6115690000289],[-81.47883700028622,28.611503999691124],[-81.47883399991318,28.611387000085827],[-81.47883200026335,28.611058999877564],[-81.47884899998179,28.611002999778083],[-81.47888699961662,28.610955000232394],[-81.47891099990606,28.610935999929644],[-81.47893900039347,28.61092000033621],[-81.47900200014267,28.610902000002042],[-81.47906300024204,28.610901000027187],[-81.47963300015442,28.610901000027187],[-81.47982399995014,28.610901000027187],[-81.48002700033972,28.61089800010258],[-81.48023300020405,28.610895000177898],[-81.4806370004351,28.610893000228117],[-81.48084099975127,28.610893000228117],[-81.48104800033883,28.610890000303282],[-81.48165599988606,28.61088199971473],[-81.48167099995467,28.61088199971473],[-81.4817859995824,28.610884999639723],[-81.48187900036713,28.610882999689764],[-81.48206000011709,28.61087899978959],[-81.48220499988204,28.61087599986436],[-81.48260599974004,28.610874999889255],[-81.48278800021323,28.610874999889255],[-81.48304299958306,28.61087199996396],[-81.48368000034091,28.610868000063366],[-81.48381099986217,28.610868000063366],[-81.48406699995522,28.610870000013694]]]},"properties":{"block_id":"120950123032000","school_id":"sch_meadowbrook_middle","kids_est":31,"class":"red","shortest":{"len_m":4087.2,"mean_c":37.03,"peak_c":37.35,"dose":228.87},"coolest":{"len_m":4087.2,"mean_c":37.03,"peak_c":37.35,"dose":228.87},"delta_mean_c":0.0,"delta_dose_pct":0,"distance_mi":1.397,"status_now":"walk","status_rec":"bus_eligible","reason":"Coolest route mean 37.0C exceeds threshold (110 C-min dose, actual 229).","safe_until_hour":"11:00"}},{"type":"Feature","geometry":{"type":"Polygon","coordinates":[[[-81.47619299969026,28.61065800033754],[-81.4761950002384,28.610527000093164],[-81.4761890003906,28.609738999955994],[-81.47618799966739,28.60956699987267],[-81.47618600001756,28.60920399982242],[-81.47612900011615,28.609200999849403],[-81.47596500008463,28.609206999795397],[-81.47562600015091,28.60920399982242],[-81.47557199972424,28.609205999804413],[-81.47546799996717,28.609209999768296],[-81.47481199984105,28.609205999804413],[-81.47424799977642,28.60920799978638],[-81.47403799971416,28.60920399982242],[-81.47373099956748,28.609205999804413],[-81.47311799999737,28.60921099975924],[-81.47311799999737,28.609367999796223],[-81.47311799999737,28.60976700034637],[-81.47312600039331,28.60984000006163],[-81.4731530001575,28.609914999694663],[-81.47319300034046,28.609982000194325],[-81.4730910002332,28.610038000049425],[-81.47295399996585,28.610093999874742],[-81.47288000034601,28.61011100036501],[-81.4728030003531,28.610120000205978],[-81.47263099992566,28.610120000205978],[-81.47086500011198,28.61012200017049],[-81.47083699962458,28.610123000152747],[-81.4707460002863,28.61013100001052],[-81.4706750001412,28.6101459997421],[-81.4704030001546,28.61024100035846],[-81.47029500019958,28.610255000093385],[-81.47028699980368,28.610408000229203],[-81.4702829996057,28.61050799971305],[-81.47028699980368,28.610568999966578],[-81.47031000026821,28.610686999671252],[-81.47034799990304,28.610786999678098],[-81.47038300006314,28.610850999695614],[-81.47045699968298,28.610987000194786],[-81.47053399967588,28.61095400025805],[-81.47061599969165,28.61093399998064],[-81.47065599987461,28.610928000133235],[-81.47068600001182,28.610928000133235],[-81.47140499988716,28.61092900010782],[-81.47153799995654,28.610930000082405],[-81.47157200029172,28.610934999955177],[-81.47160400007877,28.61094799962315],[-81.4716330003911,28.61097199979468],[-81.47165500013242,28.611008999621152],[-81.47165699978223,28.611309000013726],[-81.47166299963001,28.61202299972558],[-81.47165000010953,28.61233899975622],[-81.47164300043683,28.61252600021254],[-81.47162099979722,28.612681000110676],[-81.47178200035401,28.61271700016621],[-81.4722669998776,28.612828000128367],[-81.47242900025931,28.612866000045823],[-81.47317700044692,28.613042000065324],[-81.47346699997685,28.613111000055227],[-81.47375099965898,28.613180999952963],[-81.4742660002181,28.61330099978175],[-81.47471899995462,28.613409000062397],[-81.47515199959966,28.61350699994354],[-81.47542399958623,28.61357299977976],[-81.4757669997179,28.613657000228244],[-81.47617799962165,28.613728999657965],[-81.47617900034486,28.613543999665655],[-81.47618400036774,28.61298900009949],[-81.47618699984248,28.61280500033766],[-81.47618699984248,28.61262600004583],[-81.47618699984248,28.61209099963276],[-81.47618799966739,28.611912999666533],[-81.47618799966739,28.611734000220324],[-81.4761890003906,28.611600999804253],[-81.47618600001756,28.611199999967585],[-81.47618600001756,28.611131000299487],[-81.4761890003906,28.611022000068658],[-81.47619299969026,28.61065800033754]],[[-81.4743370003632,28.611318999722887],[-81.47433999983794,28.611905999909755],[-81.47433300016525,28.61239300001071],[-81.47431899992154,28.612452000038004],[-81.47428899978432,28.612507000194018],[-81.47426299984505,28.612537999724395],[-81.47420699976854,28.612584000206294],[-81.47413200032379,28.61261900033657],[-81.47405000030803,28.612634999671258],[-81.47402900039162,28.612635999629596],[-81.47394599965264,28.61262300017048],[-81.47273600040594,28.612343000389366],[-81.47267100010863,28.612331000066657],[-81.47255700030583,28.61233000010542],[-81.47255700030583,28.61193099982745],[-81.47254899990989,28.611262999762065],[-81.47255200028295,28.611230999883688],[-81.4725709996512,28.611170000014628],[-81.47257700039731,28.61116100026359],[-81.4726049999864,28.611114999947134],[-81.47265199984206,28.611067999637264],[-81.47270999956838,28.61103199980513],[-81.47278099971349,28.61100799964737],[-81.47285500023166,28.61099699993467],[-81.47407700007221,28.61099699993467],[-81.47414900004223,28.61102000012122],[-81.47421299961633,28.611054999984084],[-81.47425600017235,28.611086999916083],[-81.47429399980719,28.611131000299487],[-81.47431700027172,28.611175999848143],[-81.47432800014238,28.611225000053253],[-81.4743370003632,28.611318999722887]]]},"properties":{"block_id":"120950123053002","school_id":"sch_meadowbrook_middle","kids_est":19,"class":"red","shortest":{"len_m":3732.2,"mean_c":37.07,"peak_c":37.35,"dose":210.83},"coolest":{"len_m":3732.2,"mean_c":37.07,"peak_c":37.35,"dose":210.83},"delta_mean_c":0.0,"delta_dose_pct":0,"distance_mi":1.276,"status_now":"walk","status_rec":"bus_eligible","reason":"Coolest route mean 37.1C exceeds threshold (110 C-min dose, actual 211).","safe_until_hour":"11:00"}},{"type":"Feature","geometry":{"type":"Polygon","coordinates":[[[-81.47166299963001,28.61202299972558],[-81.47165699978223,28.611309000013726],[-81.47165500013242,28.611008999621152],[-81.4716330003911,28.61097199979468],[-81.47160400007877,28.61094799962315],[-81.47157200029172,28.610934999955177],[-81.47153799995654,28.610930000082405],[-81.47140499988716,28.61092900010782],[-81.47068600001182,28.610928000133235],[-81.47065599987461,28.610928000133235],[-81.47061599969165,28.61093399998064],[-81.47053399967588,28.61095400025805],[-81.47045699968298,28.610987000194786],[-81.47038300006314,28.610850999695614],[-81.47034799990304,28.610786999678098],[-81.47031000026821,28.610686999671252],[-81.47028699980368,28.610568999966578],[-81.4702829996057,28.61050799971305],[-81.47028699980368,28.610408000229203],[-81.47029500019958,28.610255000093385],[-81.47000899996932,28.610257000055366],[-81.46962499982976,28.610260999979175],[-81.46956600027853,28.610271999768948],[-81.46951199985186,28.61029800005614],[-81.46946900019417,28.610335000120024],[-81.46929199974383,28.610571999900575],[-81.46921800012399,28.61067299999391],[-81.46912799971231,28.610805000031974],[-81.46938200015552,28.610914999674165],[-81.46948599991258,28.610841999917316],[-81.46967900025643,28.61068299976361],[-81.46984999996066,28.61068299976361],[-81.46989299961837,28.610783999750232],[-81.47019899994014,28.61129800033254],[-81.47042499989593,28.611683000317868],[-81.47066900029341,28.611915000385526],[-81.47094700012774,28.612064999789382],[-81.47142099978068,28.61219299980527],[-81.47133399974204,28.612609999921137],[-81.47162099979722,28.612681000110676],[-81.47164300043683,28.61252600021254],[-81.47165000010953,28.61233899975622],[-81.47166299963001,28.61202299972558]]]},"properties":{"block_id":"120950123053001","school_id":"sch_meadowbrook_middle","kids_est":7,"class":"red","shortest":{"len_m":3384.3,"mean_c":37.11,"peak_c":37.35,"dose":193.2},"coolest":{"len_m":3384.3,"mean_c":37.11,"peak_c":37.35,"dose":193.2},"delta_mean_c":0.0,"delta_dose_pct":0,"distance_mi":1.224,"status_now":"walk","status_rec":"bus_eligible","reason":"Coolest route mean 37.1C exceeds threshold (110 C-min dose, actual 193).","safe_until_hour":"11:00"}},{"type":"Feature","geometry":{"type":"Polygon","coordinates":[[[-81.46520500027269,28.617176000167888],[-81.46536900030424,28.616855000116974],[-81.46520000024982,28.61678199975716],[-81.4651779996102,28.616768000103615],[-81.4650930001197,28.616700000070246],[-81.46495599985235,28.616542999952543],[-81.46487300001166,28.61645599968077],[-81.4647480003382,28.616311999779548],[-81.46461199989575,28.61615399994548],[-81.46444100019154,28.615960000153574],[-81.46440799968127,28.615921999778372],[-81.4643540001529,28.61585000027493],[-81.46432900003853,28.615799000005374],[-81.46430899994706,28.61571800026844],[-81.46429899990132,28.61524499967149],[-81.46429899990132,28.61522500021116],[-81.46430300009928,28.614966999655405],[-81.46410499973256,28.61497300006068],[-81.46351499972867,28.61499400029343],[-81.46331800008518,28.615000999844412],[-81.46312100044169,28.615007000247704],[-81.46252999971459,28.615028999620662],[-81.4623330000711,28.615035999957843],[-81.46213300005455,28.615042000359136],[-81.46153600037799,28.615063999724768],[-81.46133700018635,28.615071999994765],[-81.46134200020923,28.615403000084516],[-81.46135999975256,28.61639800024809],[-81.46136300012562,28.616560000187576],[-81.46138300021711,28.616663999802796],[-81.46140499995842,28.616724999635345],[-81.46144000011851,28.616797000116073],[-81.46149199999705,28.61686899975885],[-81.46175700031091,28.617165000312557],[-81.46182799955771,28.617250000168216],[-81.46185299967206,28.617280999875767],[-81.46193999971071,28.61737800017352],[-81.46212100035899,28.61758500013532],[-81.46221099987235,28.617687999613786],[-81.46225400042837,28.617727000048404],[-81.46233600044414,28.617779999988983],[-81.4624259999575,28.617820000298355],[-81.46251700019411,28.617843999688077],[-81.46258699961601,28.61785299965497],[-81.46286000032579,28.617849999928996],[-81.46313599961199,28.61784700020288],[-81.46333200032889,28.617845000385422],[-81.46392399998258,28.617840000053075],[-81.46412099962608,28.617839000144276],[-81.4644810003745,28.61783499972042],[-81.4646770001931,28.617833999811644],[-81.46475900020884,28.617819000389378],[-81.4648339996536,28.617787000142783],[-81.46489899995095,28.617739999664305],[-81.4649319995629,28.617702999843353],[-81.46496099987522,28.61765600011587],[-81.46520500027269,28.617176000167888]]]},"properties":{"block_id":"120950151062005","school_id":"sch_meadowbrook_middle","kids_est":10,"class":"red","shortest":{"len_m":4700.9,"mean_c":37.09,"peak_c":37.4,"dose":267.12},"coolest":{"len_m":4792.7,"mean_c":36.89,"peak_c":37.28,"dose":258.8},"delta_mean_c":-0.2,"delta_dose_pct":-3,"distance_mi":1.494,"status_now":"walk","status_rec":"bus_eligible","reason":"Coolest route mean 36.9C exceeds threshold (110 C-min dose, actual 259).","safe_until_hour":"11:00"}},{"type":"Feature","geometry":{"type":"Polygon","coordinates":[[[-81.46375099973024,28.603619000195298],[-81.46375900012615,28.59996399998075],[-81.46327299987935,28.599989999664096],[-81.46316400009941,28.599990999742786],[-81.4628400002343,28.599997000214817],[-81.46273200027927,28.599999000372073],[-81.46272899990622,28.600214999779688],[-81.46270700016491,28.60047599972043],[-81.46271499966252,28.60056399989268],[-81.462734999754,28.600685000009324],[-81.46274599962466,28.600789000356723],[-81.46274700034787,28.60090399979441],[-81.4627139998376,28.601587999706393],[-81.4627130000127,28.601765999815896],[-81.46271200018778,28.602121999919017],[-81.46271999968538,28.602377000308323],[-81.46272999973111,28.602514000002106],[-81.4627280000813,28.602692000120335],[-81.462734999754,28.603278000355445],[-81.46273999977689,28.603395000316507],[-81.46273899995197,28.603509000011726],[-81.46272399988334,28.603552999625794],[-81.46269799994408,28.603585000265582],[-81.46267200000482,28.603608999753174],[-81.46264699989045,28.60362000023946],[-81.46261799957813,28.603625999715558],[-81.4622569999031,28.60363199997995],[-81.46195800015236,28.603648999938606],[-81.46169899968629,28.60367100011295],[-81.46144400031648,28.60367799962975],[-81.46055100036389,28.603713000361324],[-81.4599520001392,28.60373200039309],[-81.45982300026775,28.60373599977664],[-81.45973899970384,28.60374400012078],[-81.45969699987106,28.60376500023245],[-81.459665000084,28.60379800006152],[-81.4596509998403,28.603839000217008],[-81.45964699964235,28.604212000262397],[-81.4596449999925,28.604449999696655],[-81.45963199957372,28.60492199997543],[-81.4596519996652,28.60544899961927],[-81.45965000001537,28.605578999861216],[-81.46171799995285,28.60548599981371],[-81.46170899973202,28.603967000003333],[-81.4627480001728,28.603913000149515],[-81.46274099960178,28.60373200039309],[-81.46375099973024,28.603619000195298]]]},"properties":{"block_id":"120950123061016","school_id":"sch_meadowbrook_middle","kids_est":7,"class":"red","shortest":{"len_m":3558.3,"mean_c":37.29,"peak_c":37.4,"dose":212.09},"coolest":{"len_m":3558.3,"mean_c":37.29,"peak_c":37.4,"dose":212.09},"delta_mean_c":0.0,"delta_dose_pct":0,"distance_mi":0.671,"status_now":"walk","status_rec":"bus_eligible","reason":"Coolest route mean 37.3C exceeds threshold (110 C-min dose, actual 212).","safe_until_hour":"11:00"}},{"type":"Feature","geometry":{"type":"Polygon","coordinates":[[[-81.49145699962315,28.60125600018524],[-81.49158700021782,28.600414999916225],[-81.48515999992433,28.60039499999855],[-81.4844610001405,28.60051700038347],[-81.48393100041109,28.600523000036688],[-81.4836500002037,28.60080900019935],[-81.48363199976203,28.60099100032784],[-81.48367500031806,28.60122699982565],[-81.48367500031806,28.601380999767024],[-81.48362599991424,28.60153500027133],[-81.48346400043084,28.601947999864237],[-81.48337700039221,28.602107999889014],[-81.48340199960826,28.602365999691912],[-81.48346400043084,28.602497999914664],[-81.48344500016427,28.60275100007529],[-81.48335800012565,28.60291099966605],[-81.48310899970528,28.603065000294084],[-81.48306500022267,28.603076000048677],[-81.482722000091,28.603026999985968],[-81.48261199958783,28.602946999915],[-81.48244799955629,28.60282900019211],[-81.48241699959416,28.602762999915026],[-81.48214799998064,28.601370999900542],[-81.48218499979058,28.601129000319098],[-81.48222300032373,28.601013000269976],[-81.48242800036313,28.600858999789384],[-81.48262099980866,28.60067199986008],[-81.48262099980866,28.600430000246263],[-81.48248400043963,28.60022100023892],[-81.48226599998142,28.60006700017502],[-81.4818979997354,28.60016599996029],[-81.48181700044285,28.60025899998436],[-81.48154899975593,28.60030400024631],[-81.48122499989083,28.60028200015573],[-81.48055100022138,28.599996000136166],[-81.47983399999588,28.599549999605806],[-81.47951000013079,28.59948399963533],[-81.47919799996124,28.599517000020114],[-81.47891799957875,28.599606000289146],[-81.47829999998578,28.59958400005239],[-81.47818199998503,28.599540000353834],[-81.47805099956544,28.599346999934774],[-81.4779200000442,28.59896800022992],[-81.47774400031709,28.598678000213255],[-81.4761619997281,28.598737000055742],[-81.47616699975099,28.599245999995087],[-81.47617099994893,28.59952900022915],[-81.4761750001469,28.599783999812374],[-81.4761679995759,28.60011000036409],[-81.47617299959877,28.600599000084163],[-81.47617799962165,28.601097999788166],[-81.47615199968237,28.601611999650114],[-81.47616699975099,28.602201999829454],[-81.4761890003906,28.60254700022401],[-81.4761890003906,28.602566999732094],[-81.47620500028414,28.602989999714264],[-81.47620500028414,28.603060000046806],[-81.47620500028414,28.603190000089942],[-81.47620600010903,28.60332200006624],[-81.47620600010903,28.60358200013206],[-81.47620600010903,28.603616000062797],[-81.47620799975887,28.603713000361324],[-81.47621000030702,28.603907999942543],[-81.47621500032987,28.604182999930018],[-81.47620799975887,28.604368999883437],[-81.47620600010903,28.604493999705287],[-81.47620500028414,28.604690000237024],[-81.47684700016656,28.6046739996923],[-81.4769769998629,28.60467100037855],[-81.4771679996586,28.604657999933767],[-81.4777319997232,28.60460899982019],[-81.47795000018141,28.60459800022614],[-81.47828099971922,28.604587999877207],[-81.47839899971999,28.60459200001686],[-81.4787729998138,28.604588999912146],[-81.47941600041945,28.604583999737336],[-81.47941200022147,28.604453999841564],[-81.47942499974197,28.604298000385267],[-81.47944400000853,28.604206000031134],[-81.47945200040445,28.60417999981357],[-81.4794840001915,28.604089000184473],[-81.47952900039735,28.603995000354807],[-81.47958499957554,28.603905999859673],[-81.47964400002509,28.603840000259083],[-81.47973199988863,28.603768999614804],[-81.47980899988151,28.60372900026376],[-81.4798909998973,28.603701999884784],[-81.47997100026323,28.603685999978243],[-81.48009299956365,28.60367899967334],[-81.48018899982311,28.60367999971694],[-81.48030599999898,28.60367600033119],[-81.48042900002262,28.603675000287577],[-81.48083699955332,28.603672000156614],[-81.48083300025367,28.60349900034777],[-81.48082700040588,28.603210000264276],[-81.48083099970553,28.602980000000983],[-81.4808349999035,28.602807999893372],[-81.48165599988606,28.602807999893372],[-81.48174899977248,28.602807999893372],[-81.48182199956742,28.60281700035993],[-81.48194299994123,28.602847000332215],[-81.48206599996487,28.602893000325615],[-81.48261400013597,28.60312099989292],[-81.4827770003426,28.603179000347343],[-81.48287199987882,28.603194000282876],[-81.48299200042774,28.603198999735078],[-81.4830610000247,28.603194000282876],[-81.48317300017771,28.60316899986334],[-81.48329700002627,28.603119999843997],[-81.48337200036933,28.603076000048677],[-81.48360199962478,28.6028740001422],[-81.48368600018868,28.602821999830123],[-81.48377700042529,28.602786000326972],[-81.48390899977144,28.602756000337337],[-81.48392700021311,28.602755000284944],[-81.4841020001153,28.602745999813028],[-81.48474900002059,28.60273700012909],[-81.48474300017281,28.602188999867874],[-81.48474300017281,28.602085000117352],[-81.48473399995198,28.60181699980054],[-81.4847359996018,28.601731000013167],[-81.4847280001042,28.60098299977415],[-81.48474399999772,28.600943000151208],[-81.48477300031003,28.60090900014433],[-81.48481099994487,28.60088299989959],[-81.48485699997562,28.600868999704502],[-81.48511100041884,28.60086799963422],[-81.48513499980997,28.60086799963422],[-81.48565899969162,28.600857999718936],[-81.48584500036276,28.600856000366733],[-81.48640299968127,28.600854000225787],[-81.48649999976566,28.600854000225787],[-81.48658900035244,28.600851000014345],[-81.48677799960001,28.600849999943836],[-81.48693099976089,28.600849999943836],[-81.4870660003784,28.600845999661654],[-81.48724600030347,28.600845999661654],[-81.48734500003766,28.600843000238644],[-81.48753500000846,28.60083899995622],[-81.48772099978129,28.600835999744334],[-81.48827899999813,28.600831000179657],[-81.48846599959587,28.600830000108953],[-81.48877199991763,28.60082299961378],[-81.48891400020787,28.60082499975532],[-81.48905700032299,28.60082100026091],[-81.48918600019441,28.60082299961378],[-81.4892690000351,28.60082499975532],[-81.48932000008871,28.600841000097446],[-81.4893610000966,28.600870999845167],[-81.48939000040893,28.600911000284167],[-81.4894029999294,28.600957000336432],[-81.4894170001731,28.601872000003688],[-81.48941399980005,28.601992000131958],[-81.48941499962497,28.602578000327462],[-81.48939999955635,28.602616000009263],[-81.48937299979217,28.602649000199186],[-81.48933699980716,28.602673999953744],[-81.48929400014944,28.602687999908355],[-81.48920999958554,28.602688999961373],[-81.48848999988533,28.60269899970235],[-81.48849099971024,28.60276600007194],[-81.48849400008328,28.60296700013566],[-81.4884949999082,28.60303500038409],[-81.48850400012904,28.60351799962955],[-81.48864600041924,28.603510000056932],[-81.48872900025994,28.603509000011726],[-81.48898100015502,28.60350599987603],[-81.4890649998206,28.60350599987603],[-81.4893970000816,28.603501999694977],[-81.49039200014145,28.60349200003041],[-81.49072500022737,28.603488999894235],[-81.49101999978016,28.603497000257192],[-81.49108400025258,28.603122999990724],[-81.49111600003964,28.60306999975248],[-81.49145699962315,28.60125600018524]]]},"properties":{"block_id":"120950123032022","school_id":"sch_meadowbrook_middle","kids_est":23,"class":"red","shortest":{"len_m":3254.3,"mean_c":37.26,"peak_c":37.31,"dose":192.5},"coolest":{"len_m":3256.1,"mean_c":37.25,"peak_c":37.31,"dose":192.43},"delta_mean_c":-0.01,"delta_dose_pct":0,"distance_mi":1.21,"status_now":"walk","status_rec":"bus_eligible","reason":"Coolest route mean 37.2C exceeds threshold (110 C-min dose, actual 192).","safe_until_hour":"13:00"}},{"type":"Feature","geometry":{"type":"Polygon","coordinates":[[[-81.47550300012728,28.60804399991073],[-81.47550899997505,28.607682000123784],[-81.47550300012728,28.607636999867022],[-81.47548899988357,28.607594000392332],[-81.47546799996717,28.60755300012485],[-81.47544100020298,28.607514999862623],[-81.47540699986779,28.60748099961635],[-81.47536800040805,28.607451000178607],[-81.47532499985202,28.607427999999206],[-81.47527799999638,28.60740999985526],[-81.47522899959256,28.60739799975761],[-81.4750839998276,28.60739299971655],[-81.47468700016756,28.60738999969175],[-81.47424000027884,28.607391999708287],[-81.47420400029382,28.607391999708287],[-81.47393200030724,28.607394999733017],[-81.47312200019533,28.60739399972478],[-81.47312100037044,28.607575000270376],[-81.47311999964721,28.607956999696743],[-81.47311899982229,28.60812100004001],[-81.47311899982229,28.608304000120874],[-81.47420099992077,28.608300000122497],[-81.47424399957848,28.608300000122497],[-81.47494499991043,28.608301000122108],[-81.47521600007208,28.608298000123305],[-81.47525899972979,28.60829200012533],[-81.47530200028581,28.608280000128424],[-81.47534099974557,28.60826400013046],[-81.47537799955548,28.608243000129384],[-81.47541899956337,28.608210000119154],[-81.47546499959412,28.60815500007914],[-81.47549599955626,28.608081999981618],[-81.47550300012728,28.60804399991073]]]},"properties":{"block_id":"120950123053008","school_id":"sch_meadowbrook_middle","kids_est":0,"class":"red","shortest":{"len_m":3695.6,"mean_c":37.08,"peak_c":37.35,"dose":209.31},"coolest":{"len_m":3695.6,"mean_c":37.08,"peak_c":37.35,"dose":209.31},"delta_mean_c":0.0,"delta_dose_pct":0,"distance_mi":1.121,"status_now":"walk","status_rec":"bus_eligible","reason":"Coolest route mean 37.1C exceeds threshold (110 C-min dose, actual 209).","safe_until_hour":"11:00"}},{"type":"Feature","geometry":{"type":"Polygon","coordinates":[[[-81.46787300025979,28.59614399966016],[-81.46772699977161,28.596150999678265],[-81.46682600032142,28.596172999844924],[-81.46419400031934,28.596248999883265],[-81.46379299956303,28.596260999676705],[-81.462594000187,28.59629699983763],[-81.46219400015391,28.596309999739326],[-81.4612340002542,28.596335000213227],[-81.46077700031968,28.596346999996843],[-81.46009500025431,28.59635799966584],[-81.46009299970616,28.596244000100363],[-81.4601010001021,28.595370999972094],[-81.46010399957682,28.593775000323696],[-81.46010000027718,28.59365199986096],[-81.46025599991279,28.593663999950955],[-81.46080999993166,28.5937609999705],[-81.46091000038909,28.593762000108462],[-81.46107199987249,28.59375700020727],[-81.4615589999442,28.593741999713497],[-81.46172200015081,28.593737999949543],[-81.46188299980929,28.593733000047205],[-81.46236900005611,28.59371800033879],[-81.4625310004378,28.59371399978515],[-81.4626929999212,28.59370899988172],[-81.46317800034309,28.593695000308433],[-81.4633409996514,28.59369099975398],[-81.46350600040617,28.593685999849406],[-81.46400099997548,28.593672999623102],[-81.46416699965684,28.59366899985659],[-81.46416699965684,28.593733000047205],[-81.46416699965684,28.593928000005878],[-81.46417699970259,28.593971999687653],[-81.46418699974832,28.593988999631463],[-81.46421600006063,28.59401899975758],[-81.46425399969547,28.594040000235168],[-81.4642970002515,28.594050000010366],[-81.46485999959287,28.59403400021181],[-81.46527399986967,28.5940230002996],[-81.46531599970247,28.594010000114988],[-81.46535199968748,28.593986000012748],[-81.46537799962672,28.593954000393666],[-81.46539199987045,28.593915999946024],[-81.46539299969535,28.593343999975453],[-81.4653890003957,28.59299099975732],[-81.46537599997691,28.592957000332856],[-81.46535199968748,28.592929000195408],[-81.46531800025059,28.592908999642],[-81.46527899989253,28.592899999904386],[-81.46486200014101,28.59290999978803],[-81.46417000002988,28.592928000049554],[-81.46417000002988,28.59277900028999],[-81.46417000002988,28.592334000047195],[-81.46417000002988,28.592186000387425],[-81.46416900020499,28.592040000039237],[-81.46416800038007,28.59160200014427],[-81.46416800038007,28.591455999773782],[-81.46432900003853,28.5914509997629],[-81.46452999988001,28.59144699991177],[-81.4648110000874,28.59146999964519],[-81.46497299957078,28.591471999964728],[-81.46496500007318,28.591367999863063],[-81.46496500007318,28.59132899989704],[-81.46496500007318,28.59090000010441],[-81.46496500007318,28.590758000213985],[-81.46496500007318,28.590576999886753],[-81.4649659998981,28.590038000095237],[-81.464966999723,28.589858000281048],[-81.464966999723,28.58966100030644],[-81.46496900027114,28.589073999687038],[-81.46497000009606,28.5888780000054],[-81.46523600023482,28.5888729998719],[-81.46539000022062,28.588871000291725],[-81.46603399975285,28.58885400030905],[-81.46630099971655,28.588846999804968],[-81.4666050003885,28.5888379997196],[-81.46752000008236,28.588811999644005],[-81.46766800022037,28.588807999692463],[-81.46782600040413,28.588806000111052],[-81.46782800005394,28.589082000358445],[-81.46783399990173,28.58991100008307],[-81.46783599955155,28.59018799996791],[-81.4678389999246,28.590633999997305],[-81.46785499981813,28.593541000147102],[-81.46785499981813,28.59355700002071],[-81.46787300025979,28.59614399966016]],[[-81.46497299957078,28.591471999964728],[-81.4649819997916,28.59159399966464],[-81.46498099996671,28.59197400008541],[-81.46498099996671,28.592023999934675],[-81.46498900036262,28.592072000240936],[-81.46500199988311,28.592097000145262],[-81.46504000041625,28.592141999958066],[-81.4650579999596,28.59215500037365],[-81.46508700027192,28.592167999998892],[-81.46512200043202,28.592176999799175],[-81.46519799970167,28.592182999928482],[-81.46550499984835,28.59217500028185],[-81.46710099978272,28.592133000154792],[-81.46717100010291,28.59213200000136],[-81.46722999965415,28.59211700006444],[-81.46728099970777,28.59208700018428],[-81.4673190002409,28.59204500002212],[-81.46734199980713,28.591996000337552],[-81.46734699983,28.59196900009916],[-81.4673460000051,28.591763999669787],[-81.46734299963205,28.591562000106162],[-81.46733799960917,28.591537000074602],[-81.46731300039313,28.591489999683667],[-81.46729400012656,28.5914690002742],[-81.46724800009581,28.591436999888895],[-81.46719200001931,28.591420000321154],[-81.46712300042235,28.591416999840355],[-81.46708700043733,28.591416999840355],[-81.46550099965039,28.59145800009359],[-81.46497299957078,28.591471999964728]]]},"properties":{"block_id":"120950123072000","school_id":"sch_meadowbrook_middle","kids_est":30,"class":"green","shortest":{"len_m":1751.7,"mean_c":37.28,"peak_c":37.31,"dose":104.08},"coolest":{"len_m":1751.7,"mean_c":37.28,"peak_c":37.31,"dose":104.08},"delta_mean_c":0.0,"delta_dose_pct":0,"distance_mi":0.157,"status_now":"walk","status_rec":"walk","reason":"Shortest route already under threshold (dose 104).","safe_until_hour":null}},{"type":"Feature","geometry":{"type":"Polygon","coordinates":[[[-81.4612490003228,28.598773000157284],[-81.46124799959958,28.59858099999915],[-81.46124799959958,28.598005999883927],[-81.46124799959958,28.59781500000136],[-81.46092100025975,28.597819999709532],[-81.45994200009342,28.597839000018084],[-81.45961599968021,28.597845999923294],[-81.45961599968021,28.59800000008695],[-81.45961700040341,28.59846099991934],[-81.45961800022833,28.59861600006234],[-81.4599470001163,28.598603999748995],[-81.46028000020223,28.598592000223054],[-81.46037200026373,28.598597999986225],[-81.46092399973448,28.598712000153288],[-81.46107900044349,28.598743999901195],[-81.4612490003228,28.598773000157284]]]},"properties":{"block_id":"120950123062010","school_id":"sch_meadowbrook_middle","kids_est":0,"class":"green","shortest":{"len_m":1005.5,"mean_c":37.25,"peak_c":37.28,"dose":59.36},"coolest":{"len_m":1005.5,"mean_c":37.25,"peak_c":37.28,"dose":59.36},"delta_mean_c":0.0,"delta_dose_pct":0,"distance_mi":0.3,"status_now":"walk","status_rec":"walk","reason":"Shortest route already under threshold (dose 59).","safe_until_hour":null}},{"type":"Feature","geometry":{"type":"Polygon","coordinates":[[[-81.46326899968139,28.599569000390243],[-81.46326799985647,28.599409999738658],[-81.46326500038175,28.598932000195187],[-81.46326500038175,28.598774000247563],[-81.46305399959623,28.598774000247563],[-81.46242099993465,28.598775999639372],[-81.46221099987235,28.598776999729626],[-81.46201800042682,28.598776999729626],[-81.4615940001043,28.59878000000028],[-81.46144099994343,28.598777999819806],[-81.46128199993477,28.598776999729626],[-81.4612490003228,28.598773000157284],[-81.46107900044349,28.598743999901195],[-81.46092399973448,28.598712000153288],[-81.46037200026373,28.598597999986225],[-81.46028000020223,28.598592000223054],[-81.4599470001163,28.598603999748995],[-81.45961800022833,28.59861600006234],[-81.45961900005325,28.598778999910063],[-81.45962499990102,28.599269000388166],[-81.45962699955084,28.59943300009581],[-81.4601930001636,28.59942700038029],[-81.46030100011862,28.599437999726998],[-81.46035600037023,28.599448999861213],[-81.46095899989459,28.599569000390243],[-81.46102800038987,28.59957700026294],[-81.4625370002856,28.59957099976694],[-81.46326899968139,28.599569000390243]]]},"properties":{"block_id":"120950123061017","school_id":"sch_meadowbrook_middle","kids_est":4,"class":"green","shortest":{"len_m":1041.7,"mean_c":37.25,"peak_c":37.28,"dose":61.47},"coolest":{"len_m":1041.7,"mean_c":37.25,"peak_c":37.28,"dose":61.47},"delta_mean_c":0.0,"delta_dose_pct":0,"distance_mi":0.326,"status_now":"walk","status_rec":"walk","reason":"Shortest route already under threshold (dose 61).","safe_until_hour":null}},{"type":"Feature","geometry":{"type":"Polygon","coordinates":[[[-81.46131500044504,28.61253699976513],[-81.4613129998969,28.612223000254673],[-81.46130899969894,28.611583000375422],[-81.46130100020135,28.61128499991918],[-81.46130000037643,28.61122799996851],[-81.46130100020135,28.61097199979468],[-81.460975999613,28.61099000011685],[-81.46000400001772,28.611048000170197],[-81.4596800001526,28.611067999637264],[-81.45968900037344,28.611319999693755],[-81.45968900037344,28.611371999742826],[-81.45969799969598,28.61228700018587],[-81.45970199989392,28.612592999835325],[-81.45982499991756,28.612590999917806],[-81.45989100003982,28.61258999995905],[-81.46019700036156,28.61257699970567],[-81.46032100021013,28.612571999911065],[-81.46051899967853,28.612564000239253],[-81.46111600025343,28.61254400026841],[-81.46131500044504,28.61253699976513]]]},"properties":{"block_id":"120950151062008","school_id":"sch_meadowbrook_middle","kids_est":7,"class":"red","shortest":{"len_m":4013.6,"mean_c":37.03,"peak_c":37.35,"dose":224.44},"coolest":{"len_m":4013.6,"mean_c":37.03,"peak_c":37.35,"dose":224.44},"delta_mean_c":0.0,"delta_dose_pct":0,"distance_mi":1.187,"status_now":"walk","status_rec":"bus_eligible","reason":"Coolest route mean 37.0C exceeds threshold (110 C-min dose, actual 224).","safe_until_hour":"11:00"}},{"type":"Feature","geometry":{"type":"Polygon","coordinates":[[[-81.46221099987235,28.598776999729626],[-81.46220900022254,28.598434999857737],[-81.46220300037476,28.59740999997757],[-81.46220099982662,28.597068999707393],[-81.4621990001768,28.59691699997295],[-81.46219499997883,28.596461000239334],[-81.46219400015391,28.596309999739326],[-81.4612340002542,28.596335000213227],[-81.46124400029993,28.59707300013332],[-81.46124400029993,28.597221000010755],[-81.46124699977466,28.597666000070845],[-81.46124799959958,28.59781500000136],[-81.46124799959958,28.598005999883927],[-81.46124799959958,28.59858099999915],[-81.4612490003228,28.598773000157284],[-81.46128199993477,28.598776999729626],[-81.46144099994343,28.598777999819806],[-81.4615940001043,28.59878000000028],[-81.46201800042682,28.598776999729626],[-81.46221099987235,28.598776999729626]]]},"properties":{"block_id":"120950123061009","school_id":"sch_meadowbrook_middle","kids_est":3,"class":"green","shortest":{"len_m":935.3,"mean_c":37.25,"peak_c":37.28,"dose":55.24},"coolest":{"len_m":935.3,"mean_c":37.25,"peak_c":37.28,"dose":55.24},"delta_mean_c":0.0,"delta_dose_pct":0,"distance_mi":0.22,"status_now":"walk","status_rec":"walk","reason":"Shortest route already under threshold (dose 55).","safe_until_hour":null}},{"type":"Feature","geometry":{"type":"Polygon","coordinates":[[[-81.47163800041398,28.602882999814412],[-81.47163699969074,28.602859000160983],[-81.47163400021601,28.602427999996422],[-81.4716330003911,28.602284999849488],[-81.46844099962404,28.602378000364315],[-81.46844700037015,28.60296600008529],[-81.46844999984488,28.602988999664095],[-81.46846900011144,28.603031000185098],[-81.46851000011934,28.60307299990062],[-81.4685439995562,28.60309200004804],[-81.46859299996001,28.603105999946955],[-81.4691200002147,28.603089999949717],[-81.47097300006702,28.60303699969482],[-81.47130799980278,28.603028000035753],[-81.47149899959848,28.603019000375973],[-81.47154700017737,28.603006999776785],[-81.47158399998729,28.602986000302256],[-81.47161499994944,28.602953000218236],[-81.47163500004092,28.602907000251044],[-81.47163800041398,28.602882999814412]]]},"properties":{"block_id":"120950123051007","school_id":"sch_meadowbrook_middle","kids_est":8,"class":"red","shortest":{"len_m":2097.8,"mean_c":37.25,"peak_c":37.33,"dose":123.74},"coolest":{"len_m":2097.8,"mean_c":37.25,"peak_c":37.33,"dose":123.74},"delta_mean_c":0.0,"delta_dose_pct":0,"distance_mi":0.683,"status_now":"walk","status_rec":"bus_eligible","reason":"Coolest route mean 37.2C exceeds threshold (110 C-min dose, actual 124).","safe_until_hour":"14:00"}},{"type":"Feature","geometry":{"type":"Polygon","coordinates":[[[-81.46124400029993,28.59707300013332],[-81.4612340002542,28.596335000213227],[-81.46077700031968,28.596346999996843],[-81.46009500025431,28.59635799966584],[-81.45961200038056,28.596371000348718],[-81.45961400003037,28.597119000288092],[-81.46124400029993,28.59707300013332]]]},"properties":{"block_id":"120950123062008","school_id":"sch_meadowbrook_middle","kids_est":4,"class":"green","shortest":{"len_m":659.8,"mean_c":37.27,"peak_c":37.28,"dose":39.1},"coolest":{"len_m":659.8,"mean_c":37.27,"peak_c":37.28,"dose":39.1},"delta_mean_c":0.0,"delta_dose_pct":0,"distance_mi":0.227,"status_now":"walk","status_rec":"walk","reason":"Shortest route already under threshold (dose 39).","safe_until_hour":null}},{"type":"Feature","geometry":{"type":"Polygon","coordinates":[[[-81.47162400017027,28.60081699997765],[-81.47162300034536,28.600675000076688],[-81.4716199999723,28.600250000087414],[-81.4716199999723,28.600193999747265],[-81.47160499990369,28.60015499990114],[-81.47157800013952,28.600120999639298],[-81.47154399980431,28.60009900029907],[-81.47149699994867,28.600086000077336],[-81.47097100041721,28.600100000376734],[-81.46912500023755,28.60014900022692],[-81.4685920001351,28.600163999806266],[-81.46853000021082,28.60017499986448],[-81.46851299959407,28.600181999614094],[-81.46848199963193,28.60020000020763],[-81.46844800019505,28.600239000037053],[-81.46843499977625,28.60027000003262],[-81.4684309995783,28.600302000094842],[-81.46843399995134,28.600755000299962],[-81.46843599960118,28.60090700000439],[-81.46907300035903,28.600888000250528],[-81.47098599958748,28.600834999673683],[-81.47162400017027,28.60081699997765]]]},"properties":{"block_id":"120950123051004","school_id":"sch_meadowbrook_middle","kids_est":3,"class":"red","shortest":{"len_m":2245.4,"mean_c":37.24,"peak_c":37.28,"dose":132.34},"coolest":{"len_m":2245.4,"mean_c":37.24,"peak_c":37.28,"dose":132.34},"delta_mean_c":0.0,"delta_dose_pct":0,"distance_mi":0.568,"status_now":"walk","status_rec":"bus_eligible","reason":"Coolest route mean 37.2C exceeds threshold (110 C-min dose, actual 132).","safe_until_hour":"14:00"}},{"type":"Feature","geometry":{"type":"Polygon","coordinates":[[[-81.4672620003395,28.60277699985778],[-81.46726700036238,28.602727000391738],[-81.46725899996646,28.602407999673236],[-81.46725200029377,28.60232799991964],[-81.46723899987497,28.60228800002004],[-81.46721799995858,28.602249000162427],[-81.4671900003695,28.60221399973187],[-81.4671569998592,28.60218300030973],[-81.46711900022439,28.602157999649652],[-81.46707599966835,28.60213800006372],[-81.46703100036083,28.602124000035843],[-81.46698299978193,28.602116999626872],[-81.46661600025912,28.60212500009423],[-81.46598000022449,28.60215300014786],[-81.4652139995952,28.602187999810084],[-81.46457300043602,28.602211999616777],[-81.46452599968202,28.602221000134378],[-81.4644810003745,28.602237000264005],[-81.4644389996434,28.602257999888156],[-81.46440199983348,28.60228399979268],[-81.46436900022151,28.60231600003024],[-81.46433099968837,28.602370999972216],[-81.46430700029724,28.602430000107418],[-81.46429999972624,28.60247200006316],[-81.46430099955114,28.602872000039664],[-81.46431599961976,28.60293400004561],[-81.46434800030512,28.602989999714264],[-81.46439400033587,28.603037999744544],[-81.46445999955979,28.60307800014727],[-81.46453400007796,28.603105999946955],[-81.46463899965995,28.60312099989292],[-81.4663109997623,28.603068999703076],[-81.4669090001621,28.603051000389712],[-81.4669650002386,28.60304500009214],[-81.46701999959187,28.603032000234872],[-81.46707099964547,28.60301200002658],[-81.46711900022439,28.60298500025205],[-81.46716100005717,28.60295200016771],[-81.46719700004218,28.602913999818732],[-81.4672270001794,28.602870999988376],[-81.46724800009581,28.602824999985344],[-81.4672620003395,28.60277699985778]]]},"properties":{"block_id":"120950123061006","school_id":"sch_meadowbrook_middle","kids_est":2,"class":"red","shortest":{"len_m":2114.3,"mean_c":37.25,"peak_c":37.33,"dose":124.74},"coolest":{"len_m":2114.3,"mean_c":37.25,"peak_c":37.33,"dose":124.74},"delta_mean_c":0.0,"delta_dose_pct":0,"distance_mi":0.564,"status_now":"walk","status_rec":"bus_eligible","reason":"Coolest route mean 37.2C exceeds threshold (110 C-min dose, actual 125).","safe_until_hour":"14:00"}},{"type":"Feature","geometry":{"type":"Polygon","coordinates":[[[-81.46789300035128,28.598678000213255],[-81.46788599978026,28.598500000394132],[-81.46788300030552,28.59817100008105],[-81.4678740000847,28.597008999610185],[-81.46787300025979,28.59664999999542],[-81.46787300025979,28.59614399966016],[-81.46772699977161,28.596150999678265],[-81.46682600032142,28.596172999844924],[-81.46419400031934,28.596248999883265],[-81.46419400031934,28.596345999883457],[-81.46419400031934,28.59663999967879],[-81.46419400031934,28.596738000216522],[-81.46442399957479,28.596732000347235],[-81.46511499986102,28.596716000168183],[-81.46523299986177,28.596713999948435],[-81.46527700024272,28.596724000257982],[-81.46531599970247,28.596746999625523],[-81.46533199959597,28.59676199969044],[-81.4653540002356,28.596797000359413],[-81.46536299955811,28.596836999982916],[-81.46536799958099,28.597342000032825],[-81.46537299960387,28.597702999851002],[-81.4653879996725,28.597742999918434],[-81.46541100013702,28.597776000061167],[-81.46549900000056,28.597859999732428],[-81.46560899960542,28.597946000321578],[-81.46565399981127,28.597975000009182],[-81.4656980001922,28.597994000289642],[-81.4657629995912,28.59800399968872],[-81.46665499971888,28.597979999709683],[-81.4671490003616,28.5979680001125],[-81.46719600021727,28.597978000302735],[-81.46723700022514,28.5980010001846],[-81.4672680001873,28.59803400024633],[-81.46728599973065,28.598074000187722],[-81.4672890001037,28.598095999951852],[-81.4672890001037,28.598125000386748],[-81.46729099975352,28.59854800010918],[-81.46729199957842,28.598689999729384],[-81.46741200012734,28.598687000244826],[-81.46777199997744,28.598679999606894],[-81.46789300035128,28.598678000213255]]]},"properties":{"block_id":"120950123061015","school_id":"sch_meadowbrook_middle","kids_est":9,"class":"green","shortest":{"len_m":1633.7,"mean_c":37.24,"peak_c":37.28,"dose":96.23},"coolest":{"len_m":1633.7,"mean_c":37.24,"peak_c":37.28,"dose":96.23},"delta_mean_c":0.0,"delta_dose_pct":0,"distance_mi":0.253,"status_now":"walk","status_rec":"walk","reason":"Shortest route already under threshold (dose 96).","safe_until_hour":null}},{"type":"Feature","geometry":{"type":"Polygon","coordinates":[[[-81.46993500034947,28.59475800029299],[-81.46993600017439,28.594551999651028],[-81.46963300022568,28.594552999781474],[-81.4687269998543,28.594557000303126],[-81.46842499973052,28.59455899977515],[-81.46842599955544,28.594785999943202],[-81.4684299997534,28.59546799999389],[-81.46843200030153,28.595647000335717],[-81.46844399999709,28.595693999656728],[-81.46847400013432,28.59573399969995],[-81.46851599996712,28.595764000116823],[-81.46854100008147,28.595773999728006],[-81.46859399978493,28.59578199988956],[-81.46881800009092,28.595774999846824],[-81.46884700040322,28.595772000279077],[-81.46885900009879,28.59577100016022],[-81.46896299985588,28.595746999671327],[-81.4690569995672,28.595707999752452],[-81.46911199981878,28.595671000058747],[-81.46918499961372,28.595599000084505],[-81.46922999981955,28.595542999632237],[-81.469330000277,28.595399000247806],[-81.46942599963813,28.595270000155185],[-81.4695219998976,28.595151999699457],[-81.46960200026354,28.595071999943443],[-81.4696900001271,28.595006999653236],[-81.46980800012787,28.594937000266437],[-81.4698590001815,28.594907999740652],[-81.46990000018937,28.594859999940724],[-81.46991899955763,28.5948240000763],[-81.46993500034947,28.59475800029299]]]},"properties":{"block_id":"120950123051013","school_id":"sch_meadowbrook_middle","kids_est":8,"class":"green","shortest":{"len_m":1706.2,"mean_c":37.28,"peak_c":37.31,"dose":101.36},"coolest":{"len_m":1706.2,"mean_c":37.28,"peak_c":37.31,"dose":101.36},"delta_mean_c":0.0,"delta_dose_pct":0,"distance_mi":0.345,"status_now":"walk","status_rec":"walk","reason":"Shortest route already under threshold (dose 101).","safe_until_hour":null}},{"type":"Feature","geometry":{"type":"Polygon","coordinates":[[[-81.46729900014944,28.599305000307396],[-81.46729800032452,28.599268000302594],[-81.46729300030167,28.59883400012587],[-81.46729199957842,28.598689999729384],[-81.46674699978038,28.598704000214756],[-81.46539500024348,28.59874199972005],[-81.46529499978607,28.598732999693144],[-81.46525600032632,28.59872300036349],[-81.4651700001126,28.598685000062588],[-81.46512900010471,28.598661000239126],[-81.4647130001781,28.598309999926656],[-81.46450599959054,28.598500000394132],[-81.46420199981694,28.5987820001807],[-81.4641780004258,28.598820999747637],[-81.46416500000703,28.598864999747228],[-81.46416599983193,28.599203000241207],[-81.46416699965684,28.5993619996286],[-81.4641709998548,28.599386000080703],[-81.46419099994628,28.599429999843732],[-81.46422600010636,28.599465999707874],[-81.46424799984769,28.59948000008989],[-81.4642980000764,28.599498000014925],[-81.46432499984057,28.599501000265054],[-81.46482299978295,28.599489000052763],[-81.46534800038783,28.599476999839148],[-81.46663800000044,28.59943500026379],[-81.46715199983635,28.599418999707535],[-81.4671979998671,28.599410999822894],[-81.46723899987497,28.599391999798545],[-81.46725700031665,28.59937800019354],[-81.46728400008082,28.599343999680244],[-81.46729900014944,28.599305000307396]]]},"properties":{"block_id":"120950123061012","school_id":"sch_meadowbrook_middle","kids_est":3,"class":"green","shortest":{"len_m":1307.4,"mean_c":37.24,"peak_c":37.28,"dose":77.07},"coolest":{"len_m":1307.4,"mean_c":37.24,"peak_c":37.28,"dose":77.07},"delta_mean_c":0.0,"delta_dose_pct":0,"distance_mi":0.329,"status_now":"walk","status_rec":"walk","reason":"Shortest route already under threshold (dose 77).","safe_until_hour":null}},{"type":"Feature","geometry":{"type":"Polygon","coordinates":[[[-81.46497299957078,28.591471999964728],[-81.46496500007318,28.591367999863063],[-81.46496500007318,28.59132899989704],[-81.46496500007318,28.59090000010441],[-81.46496500007318,28.590758000213985],[-81.46496500007318,28.590576999886753],[-81.4649659998981,28.590038000095237],[-81.464966999723,28.589858000281048],[-81.464966999723,28.58966100030644],[-81.46496900027114,28.589073999687038],[-81.46497000009606,28.5888780000054],[-81.46461799974355,28.588885999902992],[-81.46426700011426,28.588892999615624],[-81.46416500000703,28.588894999984195],[-81.46415699961109,28.590564000064763],[-81.46415400013636,28.590590999875218],[-81.46413599969469,28.590641999761214],[-81.46409899988478,28.590684999862372],[-81.46407600031856,28.5907029997161],[-81.46405000037927,28.59071699968781],[-81.46399099992973,28.590731999824428],[-81.46334599967427,28.590750999836743],[-81.46334800022241,28.59148099982462],[-81.46351200025396,28.591475999814914],[-81.46400299962531,28.591460999784374],[-81.46416800038007,28.591455999773782],[-81.46432900003853,28.5914509997629],[-81.46452999988001,28.59144699991177],[-81.4648110000874,28.59146999964519],[-81.46497299957078,28.591471999964728]]]},"properties":{"block_id":"120950123072002","school_id":"sch_meadowbrook_middle","kids_est":9,"class":"green","shortest":{"len_m":520.9,"mean_c":37.3,"peak_c":37.31,"dose":31.1},"coolest":{"len_m":520.9,"mean_c":37.3,"peak_c":37.31,"dose":31.1},"delta_mean_c":0.0,"delta_dose_pct":0,"distance_mi":0.303,"status_now":"walk","status_rec":"walk","reason":"Shortest route already under threshold (dose 31).","safe_until_hour":null}},{"type":"Feature","geometry":{"type":"Polygon","coordinates":[[[-81.46502899964729,28.612772000183448],[-81.4650300003705,28.612689999731398],[-81.46500199988311,28.612494999889996],[-81.46498599998957,28.61237999973296],[-81.46497500011891,28.612300999648095],[-81.46494400015678,28.61223599976329],[-81.46489399992807,28.61218200021665],[-81.46482100013314,28.61213500038423],[-81.4647550000109,28.612111999653187],[-81.46466399977432,28.612102999982884],[-81.46456000001723,28.612105999873076],[-81.46450300011581,28.61210899976317],[-81.46330300001657,28.61218100025405],[-81.4632269998486,28.61219399976782],[-81.46315599970347,28.61221699969233],[-81.46286699999848,28.612353999961115],[-81.46262099995117,28.612472000026365],[-81.46253899993543,28.612492000010924],[-81.46231999965231,28.612504000315287],[-81.46211799998594,28.612510000072607],[-81.46200599983295,28.612513999910682],[-81.46179699959558,28.612530000049926],[-81.46164699980775,28.612516999789133],[-81.4615160002865,28.61252400029375],[-81.46131500044504,28.61253699976513],[-81.46131500044504,28.612642000168012],[-81.46132299994265,28.612757000038204],[-81.4613260003157,28.612782999710276],[-81.46135100043006,28.612895000347148],[-81.46138999988979,28.613000000392145],[-81.46145000016426,28.613106000286102],[-81.46152700015715,28.613209000214425],[-81.46160499997495,28.613292000213328],[-81.46163799958691,28.613322000348823],[-81.46180199961844,28.61347000020841],[-81.46182900028094,28.61344799972026],[-81.46198200044181,28.61336100003899],[-81.46206199990945,28.613333999769743],[-81.46214499975011,28.613316999801114],[-81.46241500008686,28.613307000282177],[-81.46291399985414,28.613291000261224],[-81.4630440004488,28.613281999903375],[-81.46314099963487,28.613263000021618],[-81.46323600006941,28.613230999964],[-81.46340500012383,28.613153999637447],[-81.46350399985803,28.613124000242575],[-81.46362400040694,28.613104000378357],[-81.46370499969947,28.61309599995844],[-81.46433400006141,28.61305700016988],[-81.46476400023172,28.613030999777006],[-81.464818999585,28.61302000027616],[-81.4648880000803,28.6129919999643],[-81.4649459998066,28.612956999958325],[-81.46496199970014,28.612942999794914],[-81.46499699986023,28.612903999949527],[-81.46501500030189,28.61285399978287],[-81.46501600012681,28.61284200030712],[-81.46502899964729,28.612772000183448]]]},"properties":{"block_id":"120950151062007","school_id":"sch_meadowbrook_middle","kids_est":3,"class":"red","shortest":{"len_m":3917.4,"mean_c":37.04,"peak_c":37.35,"dose":219.71},"coolest":{"len_m":3917.4,"mean_c":37.04,"peak_c":37.35,"dose":219.71},"delta_mean_c":0.0,"delta_dose_pct":0,"distance_mi":1.239,"status_now":"walk","status_rec":"bus_eligible","reason":"Coolest route mean 37.0C exceeds threshold (110 C-min dose, actual 220).","safe_until_hour":"11:00"}},{"type":"Feature","geometry":{"type":"Polygon","coordinates":[[[-81.46734699983,28.59196900009916],[-81.4673460000051,28.591763999669787],[-81.46734299963205,28.591562000106162],[-81.46733799960917,28.591537000074602],[-81.46731300039313,28.591489999683667],[-81.46729400012656,28.5914690002742],[-81.46724800009581,28.591436999888895],[-81.46719200001931,28.591420000321154],[-81.46712300042235,28.591416999840355],[-81.46708700043733,28.591416999840355],[-81.46550099965039,28.59145800009359],[-81.46497299957078,28.591471999964728],[-81.4649819997916,28.59159399966464],[-81.46498099996671,28.59197400008541],[-81.46498099996671,28.592023999934675],[-81.46498900036262,28.592072000240936],[-81.46500199988311,28.592097000145262],[-81.46504000041625,28.592141999958066],[-81.4650579999596,28.59215500037365],[-81.46508700027192,28.592167999998892],[-81.46512200043202,28.592176999799175],[-81.46519799970167,28.592182999928482],[-81.46550499984835,28.59217500028185],[-81.46710099978272,28.592133000154792],[-81.46717100010291,28.59213200000136],[-81.46722999965415,28.59211700006444],[-81.46728099970777,28.59208700018428],[-81.4673190002409,28.59204500002212],[-81.46734199980713,28.591996000337552],[-81.46734699983,28.59196900009916]]]},"properties":{"block_id":"120950123072003","school_id":"sch_meadowbrook_middle","kids_est":1,"class":"green","shortest":{"len_m":441.5,"mean_c":37.3,"peak_c":37.31,"dose":26.34},"coolest":{"len_m":441.5,"mean_c":37.3,"peak_c":37.31,"dose":26.34},"delta_mean_c":0.0,"delta_dose_pct":0,"distance_mi":0.262,"status_now":"walk","status_rec":"walk","reason":"Shortest route already under threshold (dose 26).","safe_until_hour":null}},{"type":"Feature","geometry":{"type":"Polygon","coordinates":[[[-81.47620600010903,28.604493999705287],[-81.47620799975887,28.604368999883437],[-81.47452999980872,28.604351000004076],[-81.47451100044047,28.603375000177373],[-81.47205299961735,28.603430999610985],[-81.46790699969667,28.603525999990218],[-81.4679090002448,28.60370900018816],[-81.46791199971953,28.604038999765358],[-81.46791199971953,28.604192000278793],[-81.46791300044276,28.60465299976225],[-81.46791400026768,28.604807000203124],[-81.4679159999175,28.6050709998704],[-81.46792199976528,28.60556600031746],[-81.46792199976528,28.60586399964684],[-81.46792299959019,28.60612899983307],[-81.46792400031342,28.606428999966315],[-81.46792500013831,28.60701499986404],[-81.46792699978813,28.607328999958142],[-81.4679290003363,28.607629999825367],[-81.46793000016119,28.60803899990042],[-81.46793600000898,28.60926600003496],[-81.4679379996588,28.60967600003606],[-81.4679379996588,28.609805999779216],[-81.46794100003186,28.610128000063927],[-81.4679379996588,28.610195999620675],[-81.46793400035915,28.610327000277838],[-81.46792799961307,28.610456000024893],[-81.46792500013831,28.610556000251645],[-81.46791000006972,28.61067399997094],[-81.46787999993248,28.610789999605874],[-81.467859999841,28.6108340001137],[-81.46780700013755,28.61095200030933],[-81.4679369998339,28.611012000331204],[-81.46798399968955,28.611037999646598],[-81.4685009998985,28.611329000219726],[-81.46867400015086,28.611426999675743],[-81.46875699999154,28.611297000361468],[-81.46880600039535,28.611223000109693],[-81.46902800015319,28.610922000285544],[-81.4690569995672,28.61088399966478],[-81.46912799971231,28.610805000031974],[-81.46921800012399,28.61067299999391],[-81.46929199974383,28.610571999900575],[-81.46946900019417,28.610335000120024],[-81.46951199985186,28.61029800005614],[-81.46956600027853,28.610271999768948],[-81.46962499982976,28.610260999979175],[-81.47000899996932,28.610257000055366],[-81.47029500019958,28.610255000093385],[-81.4704030001546,28.61024100035846],[-81.4706750001412,28.6101459997421],[-81.4707460002863,28.61013100001052],[-81.47083699962458,28.610123000152747],[-81.47086500011198,28.61012200017049],[-81.47263099992566,28.610120000205978],[-81.4728030003531,28.610120000205978],[-81.47288000034601,28.61011100036501],[-81.47295399996585,28.610093999874742],[-81.4730910002332,28.610038000049425],[-81.47319300034046,28.609982000194325],[-81.4731530001575,28.609914999694663],[-81.47312600039331,28.60984000006163],[-81.47311799999737,28.60976700034637],[-81.47311799999737,28.609367999796223],[-81.47311799999737,28.60921099975924],[-81.47373099956748,28.609205999804413],[-81.47403799971416,28.60920399982242],[-81.47424799977642,28.60920799978638],[-81.47481199984105,28.609205999804413],[-81.47546799996717,28.609209999768296],[-81.47557199972424,28.609205999804413],[-81.47562600015091,28.60920399982242],[-81.47596500008463,28.609206999795397],[-81.47612900011615,28.609200999849403],[-81.47618600001756,28.60920399982242],[-81.4761819998196,28.608690000034642],[-81.47618600001756,28.60847199991442],[-81.47619199986535,28.608199000113448],[-81.47619299969026,28.607297999679187],[-81.47619799971312,28.606980000232454],[-81.47619400041349,28.60627899961244],[-81.47619299969026,28.606066000114225],[-81.4761950002384,28.60554799985454],[-81.47619699988822,28.605376000007404],[-81.47620199991108,28.60486100038622],[-81.47620500028414,28.604690000237024],[-81.47620600010903,28.604493999705287]],[[-81.47550300012728,28.607636999867022],[-81.47550899997505,28.607682000123784],[-81.47550300012728,28.60804399991073],[-81.47549599955626,28.608081999981618],[-81.47546499959412,28.60815500007914],[-81.47541899956337,28.608210000119154],[-81.47537799955548,28.608243000129384],[-81.47534099974557,28.60826400013046],[-81.47530200028581,28.608280000128424],[-81.47525899972979,28.60829200012533],[-81.47521600007208,28.608298000123305],[-81.47494499991043,28.608301000122108],[-81.47424399957848,28.608300000122497],[-81.47420099992077,28.608300000122497],[-81.47311899982229,28.608304000120874],[-81.47311899982229,28.60812100004001],[-81.47311999964721,28.607956999696743],[-81.47312100037044,28.607575000270376],[-81.47312200019533,28.60739399972478],[-81.47393200030724,28.607394999733017],[-81.47420400029382,28.607391999708287],[-81.47424000027884,28.607391999708287],[-81.47468700016756,28.60738999969175],[-81.4750839998276,28.60739299971655],[-81.47522899959256,28.60739799975761],[-81.47527799999638,28.60740999985526],[-81.47532499985202,28.607427999999206],[-81.47536800040805,28.607451000178607],[-81.47540699986779,28.60748099961635],[-81.47544100020298,28.607514999862623],[-81.47546799996717,28.60755300012485],[-81.47548899988357,28.607594000392332],[-81.47550300012728,28.607636999867022]],[[-81.47545999957124,28.606244999754832],[-81.47546200011938,28.60633499986424],[-81.47544799987567,28.606372999764623],[-81.4754210001115,28.606406000351836],[-81.4753850001265,28.606429999983735],[-81.47534199957046,28.606444000226542],[-81.47504700001768,28.606453000381624],[-81.47490999975034,28.60645499962733],[-81.47423600008086,28.60646599981564],[-81.47334999980099,28.606477000002787],[-81.47297400005733,28.6064820000875],[-81.47291299995798,28.606464999798625],[-81.47288000034601,28.606445000243813],[-81.47285299968352,28.606413999704],[-81.47283199976712,28.606365999638747],[-81.47282900029238,28.606253999926974],[-81.47281699969851,28.60576199963804],[-81.47281400022376,28.605598000344223],[-81.47281099985074,28.605436000059434],[-81.47280400017802,28.605022999980246],[-81.47279999998007,28.604994999902733],[-81.47278400008655,28.60495300016681],[-81.4727730002159,28.60492199997543],[-81.47270999956838,28.60481000030167],[-81.47267299975844,28.604739000312815],[-81.47262900027584,28.604651999727974],[-81.47261500003214,28.60459700019129],[-81.47261300038231,28.60451300038445],[-81.4726119996591,28.604433999904014],[-81.47260199961335,28.60397100016669],[-81.47260699963621,28.603925999897793],[-81.4726259999028,28.603884999776184],[-81.47265000019223,28.60386000030976],[-81.47265900041306,28.60385400005833],[-81.47270299989569,28.603828999795837],[-81.4727520002995,28.60381800012012],[-81.47407799989713,28.603797000019046],[-81.4741259995777,28.60380899973932],[-81.47416599976067,28.603831999922306],[-81.47419800044605,28.60386599977209],[-81.47422400038529,28.603915000232178],[-81.47422699986004,28.604088000144763],[-81.47423299970782,28.60438000029015],[-81.4742319998829,28.604557999613316],[-81.47423600008086,28.60459200001686],[-81.47423500025596,28.604622000271043],[-81.4742389995556,28.604687000135108],[-81.47433999983794,28.604685000067075],[-81.47447000043259,28.60468400003305],[-81.47451499974012,28.60468400003305],[-81.47516599984337,28.60467199962402],[-81.47529800008785,28.604670000344385],[-81.47534099974557,28.60467999989683],[-81.47538799960121,28.6047100001259],[-81.4754079996927,28.604731000044485],[-81.47542699995928,28.60476699966988],[-81.47543399963196,28.60480600017026],[-81.4754350003552,28.604867999823696],[-81.47544399967772,28.60538200017186],[-81.47544799987567,28.605554000009175],[-81.47545100024871,28.605726000353584],[-81.47545999957124,28.606244999754832]],[[-81.4715410003296,28.60398599998916],[-81.4715410003296,28.604885999614474],[-81.46864099964058,28.60478600029972],[-81.46864099964058,28.60398599998916],[-81.4715410003296,28.60398599998916]]]},"properties":{"block_id":"120950123053004","school_id":"sch_meadowbrook_middle","kids_est":36,"class":"red","shortest":{"len_m":2981.1,"mean_c":37.22,"peak_c":37.35,"dose":174.9},"coolest":{"len_m":2981.1,"mean_c":37.22,"peak_c":37.35,"dose":174.9},"delta_mean_c":0.0,"delta_dose_pct":0,"distance_mi":0.984,"status_now":"walk","status_rec":"bus_eligible","reason":"Coolest route mean 37.2C exceeds threshold (110 C-min dose, actual 175).","safe_until_hour":"13:00"}},{"type":"Feature","geometry":{"type":"Polygon","coordinates":[[[-81.46326500038175,28.598774000247563],[-81.46326299983359,28.59823499989665],[-81.4632620000087,28.597211999853652],[-81.46324399956703,28.5971630002115],[-81.46322900039674,28.597140000146297],[-81.46318800038884,28.597103000167955],[-81.46313599961199,28.59707899998316],[-81.46307899971059,28.597068999707393],[-81.46273899995197,28.597068999707393],[-81.46220099982662,28.597068999707393],[-81.46220300037476,28.59740999997757],[-81.46220900022254,28.598434999857737],[-81.46221099987235,28.598776999729626],[-81.46242099993465,28.598775999639372],[-81.46305399959623,28.598774000247563],[-81.46326500038175,28.598774000247563]]]},"properties":{"block_id":"120950123061008","school_id":"sch_meadowbrook_middle","kids_est":2,"class":"green","shortest":{"len_m":1233.4,"mean_c":37.24,"peak_c":37.28,"dose":72.71},"coolest":{"len_m":1233.4,"mean_c":37.24,"peak_c":37.28,"dose":72.71},"delta_mean_c":0.0,"delta_dose_pct":0,"distance_mi":0.225,"status_now":"walk","status_rec":"walk","reason":"Shortest route already under threshold (dose 73).","safe_until_hour":null}},{"type":"Feature","geometry":{"type":"Polygon","coordinates":[[[-81.48037499959594,28.61812900010494],[-81.48036899974817,28.617753999976845],[-81.48036600027345,28.617505000110818],[-81.48036100025055,28.61662900023193],[-81.48036000042566,28.616254000267343],[-81.4803570000526,28.615753000143],[-81.48035299985465,28.615025999813966],[-81.4803560002277,28.61496199997462],[-81.48035200002973,28.614849999964765],[-81.48035299985465,28.614322000224664],[-81.48035100020482,28.614253000241796],[-81.48034299980891,28.613950999691742],[-81.48033899961095,28.61375299998259],[-81.48024200042488,28.61375299998259],[-81.48019100037126,28.61375299998259],[-81.47995100017175,28.613746000348502],[-81.47985800028533,28.613748000244023],[-81.47965700044388,28.613751000087223],[-81.47905400002121,28.613764000195296],[-81.47897600020339,28.613766000090475],[-81.47885400000465,28.613765000142887],[-81.47843300005518,28.613770999828237],[-81.47831800042745,28.61377700030181],[-81.47805800013646,28.613791000354],[-81.4776249995931,28.61379999987966],[-81.47724300000168,28.613793000248656],[-81.47711699960499,28.61378599982863],[-81.47691900013659,28.61378599982863],[-81.47671099972412,28.613774999618236],[-81.47667300008928,28.613772999723224],[-81.47641100014847,28.61374700029627],[-81.4762870002999,28.613737000029648],[-81.47617799962165,28.613728999657965],[-81.47617000012404,28.614325000051476],[-81.4761679995759,28.61449700022953],[-81.4761330003141,28.615296000210147],[-81.47611900007041,28.61564599983654],[-81.47619100004044,28.61606299964868],[-81.47630099964529,28.6171519998369],[-81.4763080002163,28.618196000096173],[-81.47755699982103,28.61819799990695],[-81.4782089997492,28.618181999842612],[-81.48037499959594,28.61812900010494]]]},"properties":{"block_id":"120950151052002","school_id":"sch_meadowbrook_middle","kids_est":4,"class":"red","shortest":{"len_m":4124.6,"mean_c":36.96,"peak_c":37.35,"dose":227.14},"coolest":{"len_m":4124.6,"mean_c":36.96,"peak_c":37.35,"dose":227.14},"delta_mean_c":0.0,"delta_dose_pct":0,"distance_mi":1.718,"status_now":"walk","status_rec":"bus_eligible","reason":"Coolest route mean 37.0C exceeds threshold (110 C-min dose, actual 227).","safe_until_hour":"11:00"}},{"type":"Feature","geometry":{"type":"Polygon","coordinates":[[[-81.4746469999846,28.61653200003092],[-81.47467299992387,28.61649800033763],[-81.47461299964942,28.61646100007902],[-81.47432599959423,28.616223000256582],[-81.47428999960924,28.61619599993458],[-81.47427899973857,28.616187999750203],[-81.47423299970782,28.6161600002829],[-81.47415800026307,28.616136999644723],[-81.47406000035376,28.616120000129808],[-81.4737590000549,28.616120000129808],[-81.47370700017636,28.616131000094583],[-81.47366000032069,28.61615499987032],[-81.47363199983327,28.616180000353765],[-81.47360800044216,28.616222000332456],[-81.47360000004623,28.616256000115115],[-81.4736040002442,28.616652999893844],[-81.47360300041927,28.616942000058188],[-81.47360300041927,28.617273999688226],[-81.47360699971892,28.617430000377535],[-81.47360699971892,28.617620000176142],[-81.47360699971892,28.618190999780538],[-81.47360800044216,28.618381999683027],[-81.47380199971259,28.61837999987576],[-81.47428899978432,28.6183760002611],[-81.47438400021888,28.618375000357407],[-81.47457800038762,28.618372999761487],[-81.47457599983949,28.617993000179617],[-81.47457400018966,28.617525999837298],[-81.47457599983949,28.616996000311776],[-81.47457300036476,28.616855000116974],[-81.47457199964153,28.61678199975716],[-81.47458400023541,28.61669399976368],[-81.4746190003955,28.616588000336776],[-81.4746469999846,28.61653200003092]]]},"properties":{"block_id":"120950151061005","school_id":"sch_meadowbrook_middle","kids_est":9,"class":"red","shortest":{"len_m":4124.6,"mean_c":36.96,"peak_c":37.35,"dose":227.14},"coolest":{"len_m":4124.6,"mean_c":36.96,"peak_c":37.35,"dose":227.14},"delta_mean_c":0.0,"delta_dose_pct":0,"distance_mi":1.682,"status_now":"walk","status_rec":"bus_eligible","reason":"Coolest route mean 37.0C exceeds threshold (110 C-min dose, actual 227).","safe_until_hour":"11:00"}},{"type":"Feature","geometry":{"type":"Polygon","coordinates":[[[-81.46139800028571,28.608905999714857],[-81.4613969995625,28.608828000166355],[-81.46139400008775,28.608459999938074],[-81.46139200043793,28.608302000121704],[-81.46138900006488,28.607828000035433],[-81.46138800023996,28.6076710000628],[-81.46114100036777,28.60768100011827],[-81.46039999985283,28.607713000289497],[-81.46019200033868,28.60772300034097],[-81.46015299998064,28.60772200033587],[-81.46015299998064,28.607871000203065],[-81.46015499963046,28.608321000112237],[-81.46015600035366,28.608470999916438],[-81.46015700017858,28.608624000284752],[-81.46016100037654,28.60908300005267],[-81.46016300002637,28.609237000308998],[-81.4605310002724,28.609219999677283],[-81.46113499962168,28.609192999920808],[-81.46118400002547,28.609181000026812],[-81.46123000005622,28.6091630001833],[-81.46127199988901,28.609139000387092],[-81.46131000042216,28.609108999845517],[-81.46134100038432,28.609075000115144],[-81.46136700032358,28.60903599962227],[-81.46138499986694,28.608994999917517],[-81.46139499991267,28.60895100021662],[-81.46139800028571,28.608905999714857]]]},"properties":{"block_id":"120950123061003","school_id":"sch_meadowbrook_middle","kids_est":1,"class":"red","shortest":{"len_m":3483.0,"mean_c":37.27,"peak_c":37.4,"dose":206.61},"coolest":{"len_m":3483.0,"mean_c":37.27,"peak_c":37.4,"dose":206.61},"delta_mean_c":0.0,"delta_dose_pct":0,"distance_mi":0.958,"status_now":"walk","status_rec":"bus_eligible","reason":"Coolest route mean 37.3C exceeds threshold (110 C-min dose, actual 207).","safe_until_hour":"11:00"}},{"type":"Feature","geometry":{"type":"Polygon","coordinates":[[[-81.4601010001021,28.595370999972094],[-81.46010399957682,28.593775000323696],[-81.46010000027718,28.59365199986096],[-81.45909400034671,28.593644999676435],[-81.45905900018658,28.59637600012559],[-81.45961200038056,28.596371000348718],[-81.46009500025431,28.59635799966584],[-81.46009299970616,28.596244000100363],[-81.4601010001021,28.595370999972094]]]},"properties":{"block_id":"120950123071011","school_id":"sch_meadowbrook_middle","kids_est":1,"class":"green","shortest":{"len_m":660.3,"mean_c":37.27,"peak_c":37.28,"dose":39.13},"coolest":{"len_m":660.3,"mean_c":37.27,"peak_c":37.28,"dose":39.13},"delta_mean_c":0.0,"delta_dose_pct":0,"distance_mi":0.23,"status_now":"walk","status_rec":"walk","reason":"Shortest route already under threshold (dose 39).","safe_until_hour":null}},{"type":"Feature","geometry":{"type":"Polygon","coordinates":[[[-81.46998700022803,28.592797999932277],[-81.46998600040311,28.59277400034203],[-81.46997700018227,28.591355000138943],[-81.46997399980923,28.59088200028446],[-81.46981399997564,28.59088200028446],[-81.46933799977458,28.590883999826403],[-81.46917899976593,28.590884999991747],[-81.46918200013897,28.591415999680066],[-81.46918999963657,28.592695999861203],[-81.46917499956798,28.592743999860538],[-81.46914500032906,28.592785000384932],[-81.46910099994813,28.592816000212924],[-81.46904900006959,28.59283399970173],[-81.46902099958218,28.592838000288847],[-81.46894500031252,28.592838000288847],[-81.46841399985986,28.59284200008705],[-81.4684230000807,28.59341700005808],[-81.46841999970763,28.593554000389652],[-81.46911500019182,28.593554000389652],[-81.46919999968233,28.59354800033856],[-81.46931400038345,28.59353100032343],[-81.4693460001705,28.593521999850346],[-81.46944099970675,28.593496000144405],[-81.46956200008057,28.593445000065543],[-81.46967400023357,28.593380000346688],[-81.46973000031007,28.593335999628334],[-81.46974200000562,28.593324000289662],[-81.46978200018859,28.593286999756774],[-81.46984300028797,28.59321499972705],[-81.46987000005214,28.593179000088078],[-81.46990500021226,28.59312000028056],[-81.46993399962626,28.59305900015068],[-81.46995700009079,28.592995000338412],[-81.46997399980923,28.592930000341283],[-81.46998399985496,28.59286400015753],[-81.46998700022803,28.592797999932277]]]},"properties":{"block_id":"120950123051003","school_id":"sch_meadowbrook_middle","kids_est":9,"class":"green","shortest":{"len_m":1708.5,"mean_c":37.28,"peak_c":37.31,"dose":101.52},"coolest":{"len_m":1708.5,"mean_c":37.28,"peak_c":37.31,"dose":101.52},"delta_mean_c":0.0,"delta_dose_pct":0,"distance_mi":0.4,"status_now":"walk","status_rec":"walk","reason":"Shortest route already under threshold (dose 102).","safe_until_hour":null}},{"type":"Feature","geometry":{"type":"Polygon","coordinates":[[[-81.45802800014177,28.59637000023564],[-81.45806699960148,28.593639999769657],[-81.45703599955664,28.593637000140994],[-81.45702700023413,28.594527999672486],[-81.45700700014265,28.595745000221896],[-81.45700200011977,28.596283999934332],[-81.45700100029485,28.596364999669735],[-81.45710800042498,28.596364999669735],[-81.45796399966933,28.59637000023564],[-81.45802800014177,28.59637000023564]]]},"properties":{"block_id":"120950123071009","school_id":"sch_meadowbrook_middle","kids_est":5,"class":"green","shortest":{"len_m":849.7,"mean_c":37.26,"peak_c":37.28,"dose":50.3},"coolest":{"len_m":849.7,"mean_c":37.26,"peak_c":37.28,"dose":50.3},"delta_mean_c":0.0,"delta_dose_pct":0,"distance_mi":0.355,"status_now":"walk","status_rec":"walk","reason":"Shortest route already under threshold (dose 50).","safe_until_hour":null}},{"type":"Feature","geometry":{"type":"Polygon","coordinates":[[[-81.47472099960444,28.60170900022128],[-81.47471700030479,28.60143600019837],[-81.47471899995462,28.60131400009167],[-81.47471800012971,28.601290000079896],[-81.47471399993175,28.600854000225787],[-81.47471399993175,28.60083400039172],[-81.47470800008396,28.600709000159277],[-81.47467200009896,28.600712999657933],[-81.47453200035687,28.600713999729766],[-81.47435099970859,28.60072599980213],[-81.47433200034034,28.60072599980213],[-81.4742100001416,28.600729000017182],[-81.47389999962189,28.600736999801562],[-81.4738369998727,28.600744000302463],[-81.47375700040507,28.60076999979281],[-81.47370299997839,28.600800999631808],[-81.47336099967163,28.60110899974867],[-81.4733449997781,28.601127000183347],[-81.47331999966374,28.60115899998461],[-81.47329100024974,28.60121599987755],[-81.47327600018113,28.60127599993903],[-81.47327700000605,28.60148500021424],[-81.47327700000605,28.601636999651397],[-81.47327799983096,28.602097000033126],[-81.47327899965588,28.60225000021963],[-81.47366899964322,28.602238000321307],[-81.47396800029226,28.602228999805156],[-81.47421599998937,28.602215999846937],[-81.47425799982219,28.602201999829454],[-81.47431700027172,28.602170999615062],[-81.47441299963288,28.60209199973981],[-81.47463799976377,28.60188800018647],[-81.4746889998174,28.60182100004575],[-81.47470700025906,28.601782000014808],[-81.47472099960444,28.60170900022128]]]},"properties":{"block_id":"120950123051022","school_id":"sch_meadowbrook_middle","kids_est":6,"class":"red","shortest":{"len_m":3521.5,"mean_c":37.26,"peak_c":37.31,"dose":208.26},"coolest":{"len_m":3523.3,"mean_c":37.25,"peak_c":37.31,"dose":208.19},"delta_mean_c":-0.01,"delta_dose_pct":0,"distance_mi":0.797,"status_now":"walk","status_rec":"bus_eligible","reason":"Coolest route mean 37.2C exceeds threshold (110 C-min dose, actual 208).","safe_until_hour":"11:00"}}]}