{"type":"FeatureCollection","features":[{"type":"Feature","geometry":{"type":"Polygon","coordinates":[[[-81.4097220003417,28.58499200028141],[-81.40980699983221,28.584964999821945],[-81.40936099976837,28.58410499973165],[-81.40929200017139,28.58398199978774],[-81.40838900017307,28.58236500034587],[-81.40780500001698,28.581206999738118],[-81.40761800041923,28.580807999618134],[-81.40740099978593,28.58035899971132],[-81.40712499960141,28.57972499988873],[-81.40700300030099,28.579331000255888],[-81.40694899987432,28.57866699999373],[-81.40689899964559,28.57863799971333],[-81.40691100023948,28.578403999769336],[-81.40694499967636,28.578195000147836],[-81.40686500020873,28.57819699993103],[-81.40645799960463,28.57820900020719],[-81.40636499971822,28.578210999990105],[-81.40615200018121,28.57821799962451],[-81.40761900024414,28.58100299988368],[-81.4097220003417,28.58499200028141]]]},"properties":{"block_id":"120950125001069","school_id":"sch_orlando_science_middle_high_charter","kids_est":112,"class":"green","shortest":{"len_m":1572.7,"mean_c":37.4,"peak_c":37.4,"dose":95.9},"coolest":{"len_m":1572.7,"mean_c":37.4,"peak_c":37.4,"dose":95.9},"delta_mean_c":0.0,"delta_dose_pct":0,"distance_mi":0.616,"status_now":"walk","status_rec":"walk","reason":"Shortest route already under threshold (dose 96).","safe_until_hour":null}},{"type":"Feature","geometry":{"type":"Polygon","coordinates":[[[-81.41090499982423,28.585467999676506],[-81.41090499982423,28.58540999970311],[-81.41090399999929,28.585323999901224],[-81.4108270000064,28.585323999901224],[-81.4108270000064,28.585236000379687],[-81.4108610003416,28.585236000379687],[-81.4108339996791,28.584790999762173],[-81.41027899983531,28.584793000208784],[-81.41015599981168,28.584559999986038],[-81.409968000389,28.584561999648205],[-81.40992800020602,28.584564000099178],[-81.40958000005149,28.58391500006557],[-81.40945200000498,28.583675000204273],[-81.40942299969265,28.583679000351065],[-81.40938099985986,28.583689000322988],[-81.40968600035671,28.584290000280596],[-81.40984700001518,28.58460000032168],[-81.41000400037402,28.58490200003754],[-81.4102140004363,28.585307000133895],[-81.41030800014764,28.585467000248457],[-81.41032499986608,28.585467000248457],[-81.41056800043863,28.585471999755107],[-81.41063299983763,28.585471000327097],[-81.4107359997698,28.58547000011024],[-81.41078900037157,28.585468999893376],[-81.41090499982423,28.585467999676506]]]},"properties":{"block_id":"120950124031042","school_id":"sch_orlando_science_middle_high_charter","kids_est":0,"class":"red","shortest":{"len_m":2000.9,"mean_c":37.4,"peak_c":37.4,"dose":122.0},"coolest":{"len_m":2000.9,"mean_c":37.4,"peak_c":37.4,"dose":122.0},"delta_mean_c":0.0,"delta_dose_pct":0,"distance_mi":0.786,"status_now":"walk","status_rec":"bus_eligible","reason":"Coolest route mean 37.4C exceeds threshold (110 C-min dose, actual 122).","safe_until_hour":"14:00"}},{"type":"Feature","geometry":{"type":"Polygon","coordinates":[[[-81.4085599998773,28.577245000220312],[-81.40855900005239,28.57714799995252],[-81.40846600016596,28.57714900024853],[-81.40846199996801,28.577074000110986],[-81.40844199987652,28.57635299986868],[-81.40840900026456,28.5763549996869],[-81.40834700034029,28.576359999626717],[-81.40831200018017,28.57636200023369],[-81.408285000416,28.57636400005173],[-81.40820900024802,28.57636700017319],[-81.40799400016286,28.576378999869213],[-81.40792899986555,28.576378999869213],[-81.40790899977404,28.57637800035479],[-81.40785000022282,28.57637800035479],[-81.40783099995625,28.57637800035479],[-81.40780099981902,28.57637800035479],[-81.40773600042,28.57637800035479],[-81.40773499969677,28.576416000040957],[-81.40773499969677,28.57645699983226],[-81.40773999971965,28.57683000000887],[-81.40757499986321,28.57683199981808],[-81.40757999988607,28.577232999834195],[-81.40757999988607,28.577301999669054],[-81.40753499968024,28.577304999763744],[-81.40750100024337,28.5773070003527],[-81.40747799977882,28.5773070003527],[-81.4073070000746,28.577309999658425],[-81.40725099999811,28.577312000247268],[-81.4072080003404,28.577312000247268],[-81.40711799992872,28.577314000047256],[-81.40712100030176,28.577462999633596],[-81.40712600032464,28.57787799971418],[-81.40712600032464,28.578039000374844],[-81.4072440003254,28.578035000013518],[-81.40729600020396,28.578033999725953],[-81.40732399979304,28.578035000013518],[-81.40740900018186,28.578039000374844],[-81.40743799959586,28.578041000161004],[-81.40743799959586,28.57797099973391],[-81.40744400034195,28.577784000111212],[-81.4074479996416,28.57772500034265],[-81.40805400043732,28.577717000384844],[-81.40804799969122,28.577251999919],[-81.40832200022592,28.577247000021572],[-81.40834499979215,28.577247000021572],[-81.4085599998773,28.577245000220312]]]},"properties":{"block_id":"120950187001001","school_id":"sch_orlando_science_middle_high_charter","kids_est":261,"class":"green","shortest":{"len_m":1219.7,"mean_c":37.4,"peak_c":37.4,"dose":74.3},"coolest":{"len_m":1219.7,"mean_c":37.4,"peak_c":37.4,"dose":74.3},"delta_mean_c":0.0,"delta_dose_pct":0,"distance_mi":0.383,"status_now":"walk","status_rec":"walk","reason":"Shortest route already under threshold (dose 74).","safe_until_hour":null}},{"type":"Feature","geometry":{"type":"Polygon","coordinates":[[[-81.4247240003338,28.583537999620493],[-81.4247179995877,28.58308500015614],[-81.42470500006722,28.582005000169897],[-81.42470099986926,28.581761999926336],[-81.42456799979988,28.581763000178455],[-81.42271699959738,28.581770000365324],[-81.4226260002591,28.581770999828514],[-81.4226759995895,28.58353599993886],[-81.42267700031272,28.5835619997414],[-81.42285600041286,28.583558000378996],[-81.42308900004137,28.58355199975739],[-81.42427900009488,28.583547000159466],[-81.4247240003338,28.583537999620493]]]},"properties":{"block_id":"120950124031064","school_id":"sch_orlando_science_middle_high_charter","kids_est":0,"class":"red","shortest":{"len_m":2026.5,"mean_c":37.37,"peak_c":37.5,"dose":123.1},"coolest":{"len_m":2026.5,"mean_c":37.37,"peak_c":37.5,"dose":123.1},"delta_mean_c":0.0,"delta_dose_pct":0,"distance_mi":0.903,"status_now":"walk","status_rec":"bus_eligible","reason":"Coolest route mean 37.4C exceeds threshold (110 C-min dose, actual 123).","safe_until_hour":"14:00"}},{"type":"Feature","geometry":{"type":"Polygon","coordinates":[[[-81.41009300006249,28.57799099997341],[-81.41009399988738,28.577946999914825],[-81.41004100018394,28.577946999914825],[-81.41002399956719,28.577946999914825],[-81.4098839998251,28.577951000279487],[-81.40983199994656,28.577953000067325],[-81.4097790002431,28.577957999931204],[-81.40962000023445,28.577976999885035],[-81.40956800035592,28.577983000035843],[-81.40953999986851,28.57798699961025],[-81.40945700002786,28.578000999697288],[-81.40943000026367,28.578006000347692],[-81.40940799962405,28.578012999995735],[-81.40934200040012,28.578036999799767],[-81.40932099958539,28.578044999733212],[-81.40928399977548,28.578036999799767],[-81.40917499999554,28.578016000070146],[-81.40913900001053,28.57800899963349],[-81.40913900001053,28.57802500029287],[-81.40913999983545,28.57807700024986],[-81.40914099966034,28.578093999608203],[-81.40914099966034,28.578110999752695],[-81.40914200038358,28.578162000169627],[-81.40914300020847,28.578179000303123],[-81.40920199975972,28.57817800001692],[-81.40938099985986,28.578176000233366],[-81.40944100013431,28.578176000233366],[-81.40951899995211,28.578174999947127],[-81.40975400012876,28.578171999877245],[-81.40983299977147,28.578171999877245],[-81.4098839998251,28.578171000379857],[-81.41002600011531,28.578168999807286],[-81.41004000035903,28.578168999807286],[-81.41009200023757,28.578168999807286],[-81.41009200023757,28.578124000325385],[-81.41009300006249,28.57799099997341]]]},"properties":{"block_id":"120950124031059","school_id":"sch_orlando_science_middle_high_charter","kids_est":0,"class":"green","shortest":{"len_m":1409.6,"mean_c":37.4,"peak_c":37.4,"dose":85.8},"coolest":{"len_m":1409.6,"mean_c":37.4,"peak_c":37.4,"dose":85.8},"delta_mean_c":0.0,"delta_dose_pct":0,"distance_mi":0.356,"status_now":"walk","status_rec":"walk","reason":"Shortest route already under threshold (dose 86).","safe_until_hour":null}},{"type":"Feature","geometry":{"type":"Polygon","coordinates":[[[-81.42473900040241,28.58474300007583],[-81.42473600002936,28.5845629998737],[-81.42472500015872,28.583597000072263],[-81.4247240003338,28.583537999620493],[-81.42427900009488,28.583547000159466],[-81.42308900004137,28.58355199975739],[-81.42285600041286,28.583558000378996],[-81.42267700031272,28.5835619997414],[-81.42273199966598,28.58465900017759],[-81.42274099988681,28.585023000040792],[-81.42274500008477,28.585214000290623],[-81.4226899998332,28.585380000275542],[-81.42315500016362,28.585387999650454],[-81.42360799990014,28.585381999922127],[-81.42373699977156,28.58538099970442],[-81.42373799959648,28.585286000278234],[-81.42373799959648,28.5852469996337],[-81.42373599994666,28.585172999968883],[-81.42373599994666,28.58510699964826],[-81.42373400029683,28.58501199997453],[-81.42373400029683,28.584963000167445],[-81.42373099992379,28.584748999840617],[-81.42423499971395,28.584745999958262],[-81.42460899980776,28.58474400029959],[-81.42473900040241,28.58474300007583]]]},"properties":{"block_id":"120950124031030","school_id":"sch_orlando_science_middle_high_charter","kids_est":75,"class":"red","shortest":{"len_m":2137.3,"mean_c":37.37,"peak_c":37.5,"dose":129.8},"coolest":{"len_m":2137.3,"mean_c":37.37,"peak_c":37.5,"dose":129.8},"delta_mean_c":0.0,"delta_dose_pct":0,"distance_mi":0.983,"status_now":"walk","status_rec":"bus_eligible","reason":"Coolest route mean 37.4C exceeds threshold (110 C-min dose, actual 130).","safe_until_hour":"14:00"}},{"type":"Feature","geometry":{"type":"Polygon","coordinates":[[[-81.42274500008477,28.585214000290623],[-81.42274099988681,28.585023000040792],[-81.42273199966598,28.58465900017759],[-81.42267700031272,28.5835619997414],[-81.4226759995895,28.58353599993886],[-81.4226260002591,28.581770999828514],[-81.42262399971096,28.581723999805032],[-81.42248700034192,28.581726999773593],[-81.42209399998154,28.581735000215176],[-81.4219369996227,28.581735000215176],[-81.42186200017794,28.581735000215176],[-81.42163700004704,28.581735000215176],[-81.42156300042721,28.581735999678774],[-81.42054499990283,28.581778000014843],[-81.41961400031542,28.581786999915646],[-81.41952499972864,28.581786999915646],[-81.4195289999266,28.581795999815622],[-81.41957599978227,28.58282300017776],[-81.41957599978227,28.582881000000416],[-81.41959300039902,28.583963000129867],[-81.41958699965292,28.584053999830072],[-81.41958099980513,28.585174000188548],[-81.41957999998023,28.585398000248617],[-81.41970300000388,28.585398000248617],[-81.41969700015609,28.58516199991829],[-81.41968600028544,28.5839649998034],[-81.41968399973729,28.58355899982519],[-81.41967100021682,28.58282300017776],[-81.41966600019396,28.58273299965521],[-81.41966500036904,28.582713000317515],[-81.42055800032163,28.582709000133967],[-81.42056800036737,28.5835529999925],[-81.42056900019227,28.58361599979627],[-81.42058500008581,28.584853000179134],[-81.42058799956052,28.585078000354827],[-81.42059000010867,28.58522999985392],[-81.42059099993358,28.585344000320028],[-81.42059199975849,28.58539000008564],[-81.42192900012509,28.585381999922127],[-81.42245499965655,28.58538099970442],[-81.4226899998332,28.585380000275542],[-81.42274500008477,28.585214000290623]]]},"properties":{"block_id":"120950124031031","school_id":"sch_orlando_science_middle_high_charter","kids_est":0,"class":"red","shortest":{"len_m":2253.4,"mean_c":37.37,"peak_c":37.5,"dose":136.9},"coolest":{"len_m":2253.4,"mean_c":37.37,"peak_c":37.5,"dose":136.9},"delta_mean_c":0.0,"delta_dose_pct":0,"distance_mi":0.85,"status_now":"walk","status_rec":"bus_eligible","reason":"Coolest route mean 37.4C exceeds threshold (110 C-min dose, actual 137).","safe_until_hour":"14:00"}},{"type":"Feature","geometry":{"type":"Polygon","coordinates":[[[-81.40802099992703,28.571169000103733],[-81.4080030003837,28.57100699961915],[-81.40799400016286,28.57061900024953],[-81.40798800031509,28.57036299978441],[-81.40798400011712,28.570159999774027],[-81.4079830002922,28.570089999625246],[-81.40798199956899,28.570059000198118],[-81.4079759997212,28.570000000041695],[-81.40795700035295,28.570005999858594],[-81.40789999955322,28.57001800028018],[-81.4078619999184,28.570026000034506],[-81.40780800039003,28.5700370000902],[-81.4077489999405,28.57004400026849],[-81.40726100004385,28.57005999977259],[-81.40620300023484,28.570076000063278],[-81.40601499991385,28.57007900036398],[-81.40601499991385,28.57011300008499],[-81.40601499991385,28.57013300024057],[-81.40601699956366,28.570209000166027],[-81.40602099976162,28.57026400033736],[-81.40602800033264,28.570286999970197],[-81.40661400013856,28.571268999840104],[-81.40669899962906,28.571439999918397],[-81.40676300010148,28.571423999835208],[-81.40689000032309,28.571389999748956],[-81.40724900034829,28.571299000136904],[-81.40751399976384,28.571245000069784],[-81.4077010002599,28.571210999925697],[-81.40786799976617,28.571185999789535],[-81.40802099992703,28.571169000103733]]]},"properties":{"block_id":"120950187001011","school_id":"sch_orlando_science_middle_high_charter","kids_est":0,"class":"green","shortest":{"len_m":840.5,"mean_c":37.37,"peak_c":37.4,"dose":51.0},"coolest":{"len_m":840.5,"mean_c":37.37,"peak_c":37.4,"dose":51.0},"delta_mean_c":0.0,"delta_dose_pct":0,"distance_mi":0.405,"status_now":"walk","status_rec":"walk","reason":"Shortest route already under threshold (dose 51).","safe_until_hour":null}},{"type":"Feature","geometry":{"type":"Polygon","coordinates":[[[-81.41633500040805,28.577875999924913],[-81.4163040004459,28.57743599960774],[-81.41628299963119,28.57689299989547],[-81.41627799960833,28.576812999657413],[-81.41626300043804,28.57657399966835],[-81.41625900024007,28.57649500027873],[-81.41624900019431,28.57637800035479],[-81.41624199962332,28.576297000209795],[-81.41600499979685,28.576303999971547],[-81.41525499995939,28.57630799960982],[-81.41460200020632,28.576310000217784],[-81.41422899993742,28.57631200003682],[-81.41421499969373,28.575404000184484],[-81.41566500003822,28.57539499973749],[-81.41587799957524,28.575392999901027],[-81.41616800000345,28.575392000377228],[-81.41612299979761,28.57526699987119],[-81.41605000000268,28.57525199989515],[-81.41598100040571,28.575228999769962],[-81.41591399956025,28.57519800027921],[-81.41585199963598,28.57516099967911],[-81.4157980001076,28.57510800033187],[-81.41576999962021,28.575065999698978],[-81.41575000042704,28.57502099967847],[-81.41573899965806,28.57497399979427],[-81.41572299976454,28.57480199961941],[-81.41569299962731,28.57448699985886],[-81.41567599990888,28.574246999783853],[-81.41565499999248,28.574114000052198],[-81.41562800022828,28.57400899981305],[-81.41559399989312,28.57390600012285],[-81.41556299993097,28.573831000039885],[-81.415486999763,28.573683999911456],[-81.41543300023463,28.573604999929287],[-81.41537799998305,28.573522999685384],[-81.4153470000209,28.57348799994666],[-81.41526699965496,28.573394999908036],[-81.4151410001566,28.57327900002466],[-81.41505800031591,28.573216000340395],[-81.4150030000643,28.573173999741037],[-81.41492900044447,28.57312699982058],[-81.41482599961401,28.573069000141537],[-81.41466400013061,28.572994999797373],[-81.41458100028993,28.57296300010145],[-81.41446599976389,28.572926999840274],[-81.41428900021188,28.572886999798616],[-81.41410900028683,28.57286299960854],[-81.41392699981363,28.57285599961781],[-81.41134699969008,28.57287600004089],[-81.41127600044328,28.572877000377513],[-81.41116699976503,28.572872000272152],[-81.41105899981,28.572858999839305],[-81.4109170004181,28.57282799965023],[-81.41078299962547,28.572783000250197],[-81.41065600030217,28.572724000043497],[-81.41053599975326,28.572650000245524],[-81.41042899962314,28.57256600015592],[-81.4103340000869,28.572471000199247],[-81.41025299989604,28.572367000239595],[-81.41018299957585,28.57224999966904],[-81.41013300024545,28.572127999616573],[-81.41010599958295,28.572027000351962],[-81.41008300001673,28.571878999723538],[-81.41007200014609,28.571311999973588],[-81.41006799994811,28.571268000277055],[-81.41004700003171,28.571185999789535],[-81.41000299965079,28.571015000087222],[-81.40981400040323,28.571049999859785],[-81.4097010004253,28.57107100019105],[-81.40939199973052,28.571113000052136],[-81.40912700031495,28.571131999664427],[-81.40846000031819,28.5711409996872],[-81.40824400040812,28.571149999709178],[-81.40802099992703,28.571169000103733],[-81.40786799976617,28.571185999789535],[-81.4077010002599,28.571210999925697],[-81.40751399976384,28.571245000069784],[-81.40724900034829,28.571299000136904],[-81.40689000032309,28.571389999748956],[-81.40676300010148,28.571423999835208],[-81.40678999986565,28.571499999617068],[-81.40685599998788,28.571649000338066],[-81.4070259998672,28.571940000306316],[-81.4071670003325,28.57216799994681],[-81.40731799994526,28.572429999643276],[-81.40743599994603,28.572647000018076],[-81.40753700022839,28.572846999741753],[-81.4075609996195,28.57289399978728],[-81.40776900003196,28.573358999794692],[-81.407841000002,28.573548000055137],[-81.40785600007061,28.57358700030453],[-81.4078619999184,28.573601999729128],[-81.40789200005561,28.57367699997536],[-81.40798599976695,28.573959000075604],[-81.40806699995778,28.574229999803798],[-81.40808299985133,28.574314999676655],[-81.4081029999428,28.574464000355313],[-81.408025000125,28.5744789996548],[-81.40798400011712,28.574491000355103],[-81.4079620003758,28.574508000292983],[-81.40794099956109,28.574545000333906],[-81.40801699972909,28.574547000186488],[-81.4081089997906,28.57454900003903],[-81.40834899999011,28.57455299974402],[-81.40868600027399,28.574550000359764],[-81.40969899987716,28.574542000160502],[-81.40998799958219,28.574540000307806],[-81.41003699998598,28.574540000307806],[-81.41004600020682,28.57457499969655],[-81.41005000040478,28.575028999841294],[-81.41005399970442,28.575435999926754],[-81.41008300001673,28.576266000244924],[-81.41008800003961,28.576391000352768],[-81.41009200023757,28.576455000015986],[-81.4101020002833,28.576846000058776],[-81.41010399993313,28.576934000289754],[-81.4101020002833,28.577066000103727],[-81.41009700026044,28.577533999902226],[-81.41009600043553,28.57763599969322],[-81.4100949997123,28.577725999844272],[-81.41009399988738,28.577946999914825],[-81.41030800014764,28.57794099976197],[-81.41063500038578,28.577932999820614],[-81.41095199967987,28.577924000378893],[-81.41116699976503,28.57791800022474],[-81.41147399991168,28.577916999936043],[-81.41239399962846,28.577913000358965],[-81.41270199960002,28.577913000358965],[-81.41308200043994,28.577910999781484],[-81.41422300008963,28.57790799970408],[-81.41460399985614,28.57790799970408],[-81.41478200013138,28.577901000049057],[-81.41493600011715,28.577896000182477],[-81.41526699965496,28.577883000370488],[-81.41531600005877,28.577880000292286],[-81.41537999963288,28.57787799971418],[-81.415494000334,28.577874000135612],[-81.41567300043414,28.577874000135612],[-81.41620999983627,28.577875999924913],[-81.41633500040805,28.577875999924913]]]},"properties":{"block_id":"120950187001005","school_id":"sch_orlando_science_middle_high_charter","kids_est":0,"class":"green","shortest":{"len_m":147.0,"mean_c":37.4,"peak_c":37.4,"dose":9.0},"coolest":{"len_m":147.0,"mean_c":37.4,"peak_c":37.4,"dose":9.0},"delta_mean_c":0.0,"delta_dose_pct":0,"distance_mi":0.094,"status_now":"walk","status_rec":"walk","reason":"Shortest route already under threshold (dose 9).","safe_until_hour":null}},{"type":"Feature","geometry":{"type":"Polygon","coordinates":[[[-81.42651699991164,28.57072200000213],[-81.42651799973657,28.57061400003686],[-81.42619200022163,28.570559999618236],[-81.42560800006555,28.57046300028676],[-81.42450300040086,28.57029299977066],[-81.42369499993879,28.570174999687143],[-81.42250800025832,28.57001100010016],[-81.42237199981588,28.569981000224995],[-81.4221340001645,28.56994999997688],[-81.42172099971263,28.569871999922885],[-81.41946399962927,28.569666999808845],[-81.41926000031307,28.569668000175977],[-81.41908299986278,28.56963200036519],[-81.41889100024214,28.569627000105598],[-81.41849799988177,28.56961799995333],[-81.41791600027379,28.56960499990735],[-81.41726199979752,28.569589999912978],[-81.41710399961374,28.569578000231534],[-81.41642099972346,28.569644999618955],[-81.41572299976454,28.5697150000638],[-81.41573500035841,28.569778999843688],[-81.4157629999475,28.56987900011214],[-81.41621499985914,28.569845000315574],[-81.41708900044344,28.569780999786868],[-81.41723599985824,28.56977400038004],[-81.41791700009871,28.569769999704423],[-81.41849500040702,28.569771999647767],[-81.41889000041724,28.56977400038004],[-81.41908899971055,28.569789999925206],[-81.41932600043533,28.569793999811118],[-81.42193099977491,28.57004400026849],[-81.42205399979858,28.57005700026022],[-81.42246700025045,28.57011800032148],[-81.42257799968021,28.570146999795018],[-81.42388300025976,28.570351999762803],[-81.42447400008854,28.570432999751585],[-81.4262380002524,28.570678000058866],[-81.42651699991164,28.57072200000213]]]},"properties":{"block_id":"120950187002013","school_id":"sch_orlando_science_middle_high_charter","kids_est":0,"class":"green","shortest":{"len_m":1074.8,"mean_c":37.4,"peak_c":37.6,"dose":65.5},"coolest":{"len_m":1074.8,"mean_c":37.4,"peak_c":37.6,"dose":65.5},"delta_mean_c":0.0,"delta_dose_pct":0,"distance_mi":0.377,"status_now":"walk","status_rec":"walk","reason":"Shortest route already under threshold (dose 66).","safe_until_hour":null}},{"type":"Feature","geometry":{"type":"Polygon","coordinates":[[[-81.41339100023643,28.585443999990613],[-81.4133889996883,28.585410999920537],[-81.41338399966541,28.585311999648155],[-81.4133829998405,28.58527900032542],[-81.41338100019068,28.585253000158566],[-81.41337799981764,28.58517700005869],[-81.41337699999272,28.585152000086516],[-81.41336199992409,28.58484399975195],[-81.41333199978688,28.584177999918904],[-81.4133259999391,28.583919999646],[-81.41332099991622,28.583612999881595],[-81.41321899980898,28.583614000116096],[-81.41291199966231,28.58361899971085],[-81.41281100027828,28.58362100017976],[-81.41275500020178,28.58362100017976],[-81.41258600014739,28.5836240000942],[-81.41253099989581,28.583625000328613],[-81.41245200025308,28.58362599977417],[-81.41237299971206,28.58362700000857],[-81.41233799955194,28.58362800024289],[-81.41240200002437,28.585199000155505],[-81.41238399958272,28.5853779998401],[-81.4123829997578,28.585392999949626],[-81.41238100010797,28.58542300016232],[-81.41238100010797,28.58545200014948],[-81.4124120000701,28.58545200014948],[-81.41267400001092,28.58544999971542],[-81.41280500043051,28.58544800007012],[-81.41293500012684,28.58544699985306],[-81.41309599978533,28.585445999635976],[-81.4132559996189,28.585445000207724],[-81.41328199955817,28.585443999990613],[-81.41336399957393,28.585443999990613],[-81.41339100023643,28.585443999990613]]]},"properties":{"block_id":"120950124031045","school_id":"sch_orlando_science_middle_high_charter","kids_est":0,"class":"red","shortest":{"len_m":2164.2,"mean_c":37.4,"peak_c":37.4,"dose":131.9},"coolest":{"len_m":2164.2,"mean_c":37.4,"peak_c":37.4,"dose":131.9},"delta_mean_c":0.0,"delta_dose_pct":0,"distance_mi":0.744,"status_now":"walk","status_rec":"bus_eligible","reason":"Coolest route mean 37.4C exceeds threshold (110 C-min dose, actual 132).","safe_until_hour":"14:00"}},{"type":"Feature","geometry":{"type":"Polygon","coordinates":[[[-81.41030800014764,28.585467000248457],[-81.4102140004363,28.585307000133895],[-81.41000400037402,28.58490200003754],[-81.40984700001518,28.58460000032168],[-81.40968600035671,28.584290000280596],[-81.40938099985986,28.583689000322988],[-81.40933999985198,28.583699000293958],[-81.40924100011779,28.583750000367708],[-81.40989100039612,28.58493800014432],[-81.4101299998724,28.585379000057824],[-81.41016000000964,28.585453000366513],[-81.41016699968232,28.58547000011024],[-81.41030800014764,28.585467000248457]]]},"properties":{"block_id":"120950124031043","school_id":"sch_orlando_science_middle_high_charter","kids_est":0,"class":"red","shortest":{"len_m":1963.4,"mean_c":37.4,"peak_c":37.4,"dose":119.8},"coolest":{"len_m":1963.4,"mean_c":37.4,"peak_c":37.4,"dose":119.8},"delta_mean_c":0.0,"delta_dose_pct":0,"distance_mi":0.768,"status_now":"walk","status_rec":"bus_eligible","reason":"Coolest route mean 37.4C exceeds threshold (110 C-min dose, actual 120).","safe_until_hour":"14:00"}},{"type":"Feature","geometry":{"type":"Polygon","coordinates":[[[-81.40791700016997,28.580944000343127],[-81.40781500006271,28.58075600022254],[-81.40750600026624,28.58009500029434],[-81.40733399983878,28.579669999930534],[-81.40718900007383,28.57911199970364],[-81.4071659996093,28.57888400012468],[-81.40714200021816,28.578634000163653],[-81.40712600032464,28.57846900006892],[-81.40712600032464,28.578428999767908],[-81.40712600032464,28.578198000217057],[-81.40696599959274,28.578195999644993],[-81.40696700031599,28.578425000210306],[-81.4069699997907,28.57864699988284],[-81.40700699960063,28.57889399976373],[-81.40704299958564,28.579128999683594],[-81.40705900037749,28.579231999781758],[-81.40718599970077,28.579747999819713],[-81.40755200029699,28.58052200025754],[-81.40778800029854,28.580998000164566],[-81.40791700016997,28.580944000343127]]]},"properties":{"block_id":"120950124031055","school_id":"sch_orlando_science_middle_high_charter","kids_est":0,"class":"green","shortest":{"len_m":1319.2,"mean_c":37.4,"peak_c":37.4,"dose":80.5},"coolest":{"len_m":1319.2,"mean_c":37.4,"peak_c":37.4,"dose":80.5},"delta_mean_c":0.0,"delta_dose_pct":0,"distance_mi":0.523,"status_now":"walk","status_rec":"walk","reason":"Shortest route already under threshold (dose 80).","safe_until_hour":null}},{"type":"Feature","geometry":{"type":"Polygon","coordinates":[[[-81.40712600032464,28.578039000374844],[-81.40712600032464,28.57787799971418],[-81.40712100030176,28.577462999633596],[-81.40711799992872,28.577314000047256],[-81.40708199994371,28.577315000341677],[-81.40704000011091,28.577315999847194],[-81.40694200020161,28.577315999847194],[-81.40696800014089,28.5780289998657],[-81.40709199998945,28.578041000161004],[-81.40712600032464,28.578039000374844]]]},"properties":{"block_id":"120950187001000","school_id":"sch_orlando_science_middle_high_charter","kids_est":0,"class":"green","shortest":{"len_m":1131.7,"mean_c":37.4,"peak_c":37.4,"dose":69.0},"coolest":{"len_m":1131.7,"mean_c":37.4,"peak_c":37.4,"dose":69.0},"delta_mean_c":0.0,"delta_dose_pct":0,"distance_mi":0.444,"status_now":"walk","status_rec":"walk","reason":"Shortest route already under threshold (dose 69).","safe_until_hour":null}},{"type":"Feature","geometry":{"type":"Polygon","coordinates":[[[-81.40711799992872,28.577314000047256],[-81.40711100025602,28.57690099991593],[-81.40710500040825,28.576591000058507],[-81.40710500040825,28.576375999748098],[-81.40706199985222,28.576375999748098],[-81.40694899987432,28.576383000293514],[-81.40694999969924,28.576608999958147],[-81.40695100042245,28.576707999745594],[-81.40694800004941,28.57689499970341],[-81.40694200020161,28.577315999847194],[-81.40704000011091,28.577315999847194],[-81.40708199994371,28.577315000341677],[-81.40711799992872,28.577314000047256]]]},"properties":{"block_id":"120950187001015","school_id":"sch_orlando_science_middle_high_charter","kids_est":0,"class":"green","shortest":{"len_m":1069.1,"mean_c":37.4,"peak_c":37.4,"dose":65.2},"coolest":{"len_m":1069.1,"mean_c":37.4,"peak_c":37.4,"dose":65.2},"delta_mean_c":0.0,"delta_dose_pct":0,"distance_mi":0.412,"status_now":"walk","status_rec":"walk","reason":"Shortest route already under threshold (dose 65).","safe_until_hour":null}},{"type":"Feature","geometry":{"type":"Polygon","coordinates":[[[-81.41659200032599,28.585416000218675],[-81.41657499970924,28.58523100007305],[-81.41657100040959,28.58509500015919],[-81.41655899981572,28.584697000027163],[-81.4165570001659,28.584657999953016],[-81.41654499957201,28.58439100039182],[-81.41654000044745,28.584266000325844],[-81.41654600029524,28.583919999646],[-81.41655899981572,28.583595000391735],[-81.41652700002867,28.58292899974783],[-81.41651000031023,28.582243999650732],[-81.41651399960986,28.582036000020967],[-81.41647400032522,28.5811709999318],[-81.41642599974632,28.580019999890887],[-81.41640700037807,28.579558999654733],[-81.4163670001951,28.57831799976019],[-81.4163529999514,28.57812699960775],[-81.41620999983627,28.57812900018112],[-81.4155160000753,28.57813500032319],[-81.41528500009663,28.578138000394127],[-81.41528500009663,28.57817800001692],[-81.41528799957135,28.578300999649148],[-81.41528900029458,28.578342000283502],[-81.41529400031746,28.57864200005172],[-81.4153110000359,28.57954300001751],[-81.41531699988369,28.579843999785957],[-81.41531799970858,28.57989299961168],[-81.41531799970858,28.57990899998453],[-81.41524800028671,28.57990899998453],[-81.41522900002013,28.579913000274573],[-81.41505599976776,28.57991000025427],[-81.41495500038374,28.57991000025427],[-81.41486499997205,28.57991000025427],[-81.41442899995397,28.57991000025427],[-81.41433600006754,28.57991000025427],[-81.41428099981596,28.57991000025427],[-81.41428599983884,28.580006000072647],[-81.41429000003679,28.580225000341084],[-81.41430000008253,28.580896999950067],[-81.41425300022686,28.5808959996897],[-81.41416600018822,28.580898000210418],[-81.41417500040906,28.58121800020241],[-81.41418399973159,28.58159299977977],[-81.41417500040906,28.581561000332883],[-81.41416100016536,28.58151899991016],[-81.41414799974658,28.58148499993131],[-81.414136000051,28.581456999894037],[-81.41412299963221,28.58142899984936],[-81.4141079995636,28.581399000074896],[-81.41409199967006,28.58136900029187],[-81.41407099975369,28.581335000264534],[-81.41404999983729,28.581301000226144],[-81.41402800009597,28.581270999626366],[-81.41399600030891,28.58123000013387],[-81.41396199997372,28.581191000351595],[-81.4139319998365,28.581158999993594],[-81.41389000000372,28.58111899992676],[-81.4138609996914,28.581093999778727],[-81.4138339999272,28.58107100014208],[-81.4137839996985,28.581034000030158],[-81.41375399956128,28.58101400036932],[-81.41372699979708,28.580995999645772],[-81.41369300036023,28.580975999977742],[-81.41366200039808,28.580958000036564],[-81.41362700023797,28.58094000009229],[-81.41358500040518,28.580920999884817],[-81.41354600004712,28.580904000194575],[-81.41349800036656,28.58088600024107],[-81.4134599998334,28.580873000009777],[-81.41340700012995,28.580856999783578],[-81.41337399961968,28.580847999803197],[-81.4133259999391,28.580837000089137],[-81.41327700043361,28.580828000107026],[-81.4132349997025,28.58082200011853],[-81.41323600042573,28.580904000194575],[-81.41233199970416,28.580910000178342],[-81.41234299957482,28.581801000285665],[-81.41239799982642,28.583544000242824],[-81.41235599999361,28.583544000242824],[-81.41233500007722,28.583544000242824],[-81.41227300015295,28.583544000242824],[-81.41227599962768,28.583628999688486],[-81.41233799955194,28.58362800024289],[-81.41237299971206,28.58362700000857],[-81.41245200025308,28.58362599977417],[-81.41253099989581,28.583625000328613],[-81.41258600014739,28.5836240000942],[-81.41275500020178,28.58362100017976],[-81.41281100027828,28.58362100017976],[-81.41291199966231,28.58361899971085],[-81.41321899980898,28.583614000116096],[-81.41332099991622,28.583612999881595],[-81.4133259999391,28.583919999646],[-81.41333199978688,28.584177999918904],[-81.41336199992409,28.58484399975195],[-81.41337699999272,28.585152000086516],[-81.41337799981764,28.58517700005869],[-81.41338100019068,28.585253000158566],[-81.4133829998405,28.58527900032542],[-81.41338399966541,28.585311999648155],[-81.4133889996883,28.585410999920537],[-81.41339100023643,28.585443999990613],[-81.41358000038232,28.585442000345225],[-81.41415000029471,28.58543899969381],[-81.4143400002655,28.58543800026549],[-81.41450799959668,28.585435999831148],[-81.41501399993497,28.585432999968383],[-81.41518299998938,28.585431999751183],[-81.41533500032533,28.58543100032279],[-81.41544300028038,28.585430000105543],[-81.41592899962886,28.585427000242625],[-81.41622599972978,28.585421999945005],[-81.41648699984569,28.585417999864575],[-81.41652399965561,28.58541699964721],[-81.41659200032599,28.585416000218675]]]},"properties":{"block_id":"120950124031035","school_id":"sch_orlando_science_middle_high_charter","kids_est":0,"class":"green","shortest":{"len_m":1449.6,"mean_c":37.41,"peak_c":37.5,"dose":88.6},"coolest":{"len_m":1449.6,"mean_c":37.41,"peak_c":37.5,"dose":88.6},"delta_mean_c":0.0,"delta_dose_pct":0,"distance_mi":0.61,"status_now":"walk","status_rec":"walk","reason":"Shortest route already under threshold (dose 89).","safe_until_hour":null}},{"type":"Feature","geometry":{"type":"Polygon","coordinates":[[[-81.41036599987395,28.578251000374017],[-81.41036300039922,28.578167000023555],[-81.41030800014764,28.578167000023555],[-81.41014599976592,28.578168000309862],[-81.41009200023757,28.578168999807286],[-81.41004000035903,28.578168999807286],[-81.41002600011531,28.578168999807286],[-81.4098839998251,28.578171000379857],[-81.40983299977147,28.578171999877245],[-81.40975400012876,28.578171999877245],[-81.40951899995211,28.578174999947127],[-81.40944100013431,28.578176000233366],[-81.40938099985986,28.578176000233366],[-81.40920199975972,28.57817800001692],[-81.40914300020847,28.578179000303123],[-81.40884299973452,28.578182000372802],[-81.40834599961704,28.578189000009125],[-81.40794300010923,28.5781930003646],[-81.40764400035849,28.578195999644993],[-81.40744099996891,28.578198000217057],[-81.40731999959507,28.57820300006927],[-81.40712600032464,28.578198000217057],[-81.40712600032464,28.578428999767908],[-81.40712600032464,28.57846900006892],[-81.40714200021816,28.578634000163653],[-81.4071659996093,28.57888400012468],[-81.40718900007383,28.57911199970364],[-81.40733399983878,28.579669999930534],[-81.40750600026624,28.58009500029434],[-81.40781500006271,28.58075600022254],[-81.40791700016997,28.580944000343127],[-81.40797900009424,28.58091099964975],[-81.40778900012346,28.580549000280104],[-81.40773600042,28.58048099968419],[-81.40771100030564,28.58040099980849],[-81.40764600000833,28.580276999999214],[-81.40762699974174,28.58024200014116],[-81.40760699965026,28.580201999725542],[-81.40758999993183,28.58016800010981],[-81.40757300021339,28.580133000215408],[-81.40755599959664,28.580097000041416],[-81.4075399997031,28.580060999855146],[-81.40752200015976,28.580019999890887],[-81.4075039997181,28.57997899991071],[-81.40748600017474,28.57993799991448],[-81.40747199993105,28.579902999943602],[-81.40745600003751,28.57986399966926],[-81.40743699977094,28.579814000348264],[-81.40742199970234,28.57977300028771],[-81.4074049999839,28.57972499988873],[-81.40739099974019,28.57968300031047],[-81.4073770003948,28.579640999926628],[-81.40736399997601,28.579601000071325],[-81.4073480000825,28.57955099983644],[-81.40733100036405,28.579489999722753],[-81.40731700012036,28.579441999983434],[-81.40730299987663,28.57938500011669],[-81.40729100018108,28.579337000329446],[-81.40727799976229,28.579279999616915],[-81.40726600006671,28.579225999702206],[-81.40725600002098,28.579174999801186],[-81.4072440003254,28.579114999746704],[-81.40723299955646,28.579048000079354],[-81.40722199968579,28.578977000043817],[-81.40720300031752,28.57882000036166],[-81.40719800029464,28.578761000385395],[-81.4071940000967,28.578719999914373],[-81.40719099972365,28.578668000275286],[-81.40718099967789,28.57841400024277],[-81.40718099967789,28.578289999668712],[-81.40738300024258,28.578287999887284],[-81.40750899974097,28.578286000105752],[-81.40765000020629,28.57828400032425],[-81.40914300020847,28.57826599992241],[-81.40944100013431,28.578261000073187],[-81.41002699994023,28.578254999938256],[-81.41009300006249,28.578253999652766],[-81.41030499977457,28.578251000374017],[-81.41036599987395,28.578251000374017]]]},"properties":{"block_id":"120950124031054","school_id":"sch_orlando_science_middle_high_charter","kids_est":0,"class":"green","shortest":{"len_m":1180.0,"mean_c":37.4,"peak_c":37.4,"dose":71.9},"coolest":{"len_m":1180.0,"mean_c":37.4,"peak_c":37.4,"dose":71.9},"delta_mean_c":0.0,"delta_dose_pct":0,"distance_mi":0.461,"status_now":"walk","status_rec":"walk","reason":"Shortest route already under threshold (dose 72).","safe_until_hour":null}},{"type":"Feature","geometry":{"type":"Polygon","coordinates":[[[-81.41636399982205,28.575286000311046],[-81.41637600041592,28.574619999907842],[-81.41625300039227,28.572485000231463],[-81.41609199983547,28.571387000274513],[-81.4159939999262,28.570911000266218],[-81.41589099999403,28.57041099972179],[-81.41583300026771,28.570128000004797],[-81.4157629999475,28.56987900011214],[-81.4151429998064,28.56994699967244],[-81.41514600017945,28.56996199961591],[-81.41523200039316,28.570320000051954],[-81.41538499965573,28.57094600007336],[-81.4154380002575,28.571163999917193],[-81.41579599955946,28.572522000194958],[-81.41611600012493,28.574410000334936],[-81.41612299979761,28.57526699987119],[-81.41636399982205,28.575286000311046]]]},"properties":{"block_id":"120950187001009","school_id":"sch_orlando_science_middle_high_charter","kids_est":0,"class":"green","shortest":{"len_m":931.9,"mean_c":37.48,"peak_c":37.6,"dose":58.1},"coolest":{"len_m":931.9,"mean_c":37.48,"peak_c":37.6,"dose":58.1},"delta_mean_c":0.0,"delta_dose_pct":0,"distance_mi":0.218,"status_now":"walk","status_rec":"walk","reason":"Shortest route already under threshold (dose 58).","safe_until_hour":null}},{"type":"Feature","geometry":{"type":"Polygon","coordinates":[[[-81.4185849999204,28.591282000201883],[-81.41858400009549,28.591224999653967],[-81.41858400009549,28.591147999764118],[-81.41858300027057,28.591055999729633],[-81.41858300027057,28.591000000012137],[-81.41857900007261,28.590594999758917],[-81.41857400004974,28.589805999839125],[-81.41856800020194,28.589379999892095],[-81.41856300017909,28.58897599989186],[-81.41856200035417,28.588956000163936],[-81.41856200035417,28.588897000352727],[-81.41856200035417,28.5888780000054],[-81.41855200030844,28.588182000276163],[-81.41853200021694,28.586679999961913],[-81.41852499964594,28.58609700010795],[-81.41851600032342,28.585402000329875],[-81.4183589999646,28.58540299975855],[-81.41789000033452,28.58540699983962],[-81.41773399980062,28.58540900027451],[-81.41754499965472,28.585410999920537],[-81.41698099959011,28.585420000299184],[-81.41689299972656,28.585421999945005],[-81.41679399999236,28.585419000081924],[-81.41679399999236,28.585529000266906],[-81.41679099961931,28.58617300033164],[-81.41678800014458,28.587247999895855],[-81.41680800023606,28.588411999794314],[-81.41680900006098,28.58866499994516],[-81.41690699997027,28.58929800011524],[-81.41701900012325,28.589626999805034],[-81.41719300020053,28.59013699986168],[-81.41738200034641,28.590522000082917],[-81.41756899994415,28.590835000389475],[-81.41772399975486,28.591045999669568],[-81.41786100002221,28.591231999999646],[-81.41790000038029,28.59128499989776],[-81.41796399995438,28.591372999877905],[-81.41799499991652,28.591414000148248],[-81.41805099999301,28.59147699997462],[-81.41806199986367,28.59148900031285],[-81.41813700020674,28.591573000275893],[-81.4185849999204,28.591282000201883]]]},"properties":{"block_id":"120950124031012","school_id":"sch_orlando_science_middle_high_charter","kids_est":0,"class":"red","shortest":{"len_m":2048.9,"mean_c":37.4,"peak_c":37.5,"dose":124.8},"coolest":{"len_m":2048.9,"mean_c":37.4,"peak_c":37.5,"dose":124.8},"delta_mean_c":0.0,"delta_dose_pct":0,"distance_mi":1.037,"status_now":"walk","status_rec":"bus_eligible","reason":"Coolest route mean 37.4C exceeds threshold (110 C-min dose, actual 125).","safe_until_hour":"14:00"}},{"type":"Feature","geometry":{"type":"Polygon","coordinates":[[[-81.41841300039125,28.58039300005424],[-81.41840599982024,28.58004599977387],[-81.41840499999535,28.580007000341418],[-81.41838200042912,28.580006000072647],[-81.41834700026902,28.580006000072647],[-81.41790000038029,28.580009000090214],[-81.41775100041737,28.58001099983892],[-81.4175360003322,28.580012000107644],[-81.41689199990164,28.580016999873635],[-81.41686599996238,28.580016999873635],[-81.41667799964141,28.580018999622254],[-81.4166490002274,28.580018999622254],[-81.41665900027314,28.580823999851777],[-81.41666699977074,28.58110899971053],[-81.4166709999687,28.58115499975094],[-81.41669799973288,28.581249000285453],[-81.41670399958068,28.581766999609126],[-81.4169300004348,28.581770000365324],[-81.41774200019654,28.581764999893817],[-81.41773399980062,28.58112499989831],[-81.41773200015078,28.58094700033394],[-81.41772700012791,28.580576999770194],[-81.41772499957978,28.580403000338556],[-81.41841300039125,28.58039300005424]]]},"properties":{"block_id":"120950124031079","school_id":"sch_orlando_science_middle_high_charter","kids_est":0,"class":"green","shortest":{"len_m":1240.7,"mean_c":37.4,"peak_c":37.5,"dose":75.8},"coolest":{"len_m":1240.7,"mean_c":37.4,"peak_c":37.5,"dose":75.8},"delta_mean_c":0.0,"delta_dose_pct":0,"distance_mi":0.559,"status_now":"walk","status_rec":"walk","reason":"Shortest route already under threshold (dose 76).","safe_until_hour":null}},{"type":"Feature","geometry":{"type":"Polygon","coordinates":[[[-81.4179580001066,28.579133000003306],[-81.41794899988577,28.578913000337323],[-81.41794300003798,28.57877100003607],[-81.41793899984002,28.578674000386666],[-81.41792700014446,28.578253000156156],[-81.41792100029667,28.57811800018263],[-81.41788199993861,28.57811800018263],[-81.41773899982347,28.57811999996729],[-81.41747900043079,28.578121000254054],[-81.41670100010593,28.578124999823217],[-81.41653399970137,28.57812600010993],[-81.41651100013515,28.57812600010993],[-81.41652399965561,28.578458000106],[-81.41654799994507,28.578763000157828],[-81.41656700021163,28.579363000381264],[-81.41661099969426,28.579860000166214],[-81.4166490002274,28.580018999622254],[-81.41667799964141,28.580018999622254],[-81.41686599996238,28.580016999873635],[-81.41686299958934,28.579946999972744],[-81.41684900024396,28.57951299970507],[-81.41683599982515,28.57914000036523],[-81.4179580001066,28.579133000003306]]]},"properties":{"block_id":"120950124031080","school_id":"sch_orlando_science_middle_high_charter","kids_est":0,"class":"green","shortest":{"len_m":984.9,"mean_c":37.43,"peak_c":37.5,"dose":60.4},"coolest":{"len_m":984.9,"mean_c":37.43,"peak_c":37.5,"dose":60.4},"delta_mean_c":0.0,"delta_dose_pct":0,"distance_mi":0.437,"status_now":"walk","status_rec":"walk","reason":"Shortest route already under threshold (dose 60).","safe_until_hour":null}},{"type":"Feature","geometry":{"type":"Polygon","coordinates":[[[-81.40913900001053,28.57800899963349],[-81.40913300016274,28.577782999821242],[-81.4091299997897,28.577657000287587],[-81.40912700031495,28.577546999757335],[-81.40911700026922,28.577117999745866],[-81.4091160004443,28.577106000134126],[-81.40910600039857,28.57688100025807],[-81.40910499967532,28.576867000021977],[-81.40910300002551,28.57682500009139],[-81.40910300002551,28.576810999847893],[-81.4091020002006,28.57670599993409],[-81.40910100037568,28.57659499968585],[-81.4090879999569,28.57639600029088],[-81.40906100019272,28.576297000209795],[-81.40904299975105,28.57630599979071],[-81.40892200027555,28.576315000159752],[-81.40856200042543,28.576342999988125],[-81.40856300025035,28.576276999648208],[-81.40855800022747,28.576005999671064],[-81.40855700040257,28.575952999960705],[-81.40855200037969,28.575683000247786],[-81.40850799999876,28.575683000247786],[-81.40850200015097,28.575452000188694],[-81.40835900003584,28.57545400002404],[-81.40826199995146,28.57545599985933],[-81.40826500032452,28.575597999902524],[-81.40826899962416,28.575726999675584],[-81.40827500037025,28.57597700023475],[-81.408285000416,28.57636400005173],[-81.40831200018017,28.57636200023369],[-81.40834700034029,28.576359999626717],[-81.40840900026456,28.5763549996869],[-81.40844199987652,28.57635299986868],[-81.40846199996801,28.577074000110986],[-81.40846600016596,28.57714900024853],[-81.40855900005239,28.57714799995252],[-81.4085599998773,28.577245000220312],[-81.40834499979215,28.577247000021572],[-81.40832200022592,28.577247000021572],[-81.40804799969122,28.577251999919],[-81.40805400043732,28.577717000384844],[-81.4074479996416,28.57772500034265],[-81.40744400034195,28.577784000111212],[-81.40743799959586,28.57797099973391],[-81.40743799959586,28.578041000161004],[-81.40777800025279,28.578033999725953],[-81.4083420003174,28.578024000005204],[-81.40879800042698,28.57801499978239],[-81.40913900001053,28.57800899963349]]]},"properties":{"block_id":"120950187001002","school_id":"sch_orlando_science_middle_high_charter","kids_est":0,"class":"green","shortest":{"len_m":1260.3,"mean_c":37.4,"peak_c":37.4,"dose":76.7},"coolest":{"len_m":1260.3,"mean_c":37.4,"peak_c":37.4,"dose":76.7},"delta_mean_c":0.0,"delta_dose_pct":0,"distance_mi":0.355,"status_now":"walk","status_rec":"walk","reason":"Shortest route already under threshold (dose 77).","safe_until_hour":null}},{"type":"Feature","geometry":{"type":"Polygon","coordinates":[[[-81.4194729998501,28.58000100030614],[-81.41946700000233,28.57969100011874],[-81.41946199997945,28.579432999881963],[-81.4194510001088,28.57884200021066],[-81.41938400016164,28.578394000083765],[-81.41939400020738,28.579149999979872],[-81.4193880003596,28.579197000364754],[-81.41901300044087,28.579196000088285],[-81.4187470003021,28.57919499981175],[-81.41861099985967,28.57920899973799],[-81.41861400023271,28.57877299980831],[-81.41868000035495,28.578772000316576],[-81.41885500025712,28.578769999755504],[-81.41889799991485,28.578769999755504],[-81.41900300039514,28.578769000263726],[-81.41908799988563,28.5787679999832],[-81.41908399968767,28.57846900006892],[-81.41908299986278,28.57839100002013],[-81.41908200003786,28.578247000020756],[-81.41907600019007,28.578113000326386],[-81.4189930003494,28.57811399982432],[-81.41896400003706,28.57811399982432],[-81.41887799982335,28.57811399982432],[-81.41885000023427,28.57811399982432],[-81.41882199974687,28.57811399982432],[-81.41874099955601,28.57811399982432],[-81.41871399979183,28.578115000111133],[-81.41866199991328,28.578115000111133],[-81.4185089997524,28.578115000111133],[-81.4184579996988,28.578115999609043],[-81.41845400039915,28.57824200017063],[-81.41846199989676,28.57862000016089],[-81.41846299972165,28.57867199982365],[-81.41846500026979,28.578746999610647],[-81.41846699991962,28.578837999879877],[-81.41847299976739,28.57911299998096],[-81.41847600014046,28.57920500020998],[-81.41847899961519,28.579365000142257],[-81.41848399963804,28.57955699989744],[-81.41849100020906,28.579846000326622],[-81.41849600023194,28.580007000341418],[-81.4185220001712,28.580012000107644],[-81.41855300013334,28.580007000341418],[-81.4185990001641,28.580007000341418],[-81.41862500010336,28.580007000341418],[-81.41865000021772,28.580006000072647],[-81.41872899986043,28.580006000072647],[-81.41875499979972,28.580006000072647],[-81.41880699967824,28.58000499980382],[-81.4189659996869,28.58000400032385],[-81.41901900028867,28.58000400032385],[-81.4191270002437,28.580003000055],[-81.41945199993371,28.58000100030614],[-81.4194729998501,28.58000100030614]]]},"properties":{"block_id":"120950124031081","school_id":"sch_orlando_science_middle_high_charter","kids_est":0,"class":"green","shortest":{"len_m":1247.9,"mean_c":37.41,"peak_c":37.5,"dose":76.3},"coolest":{"len_m":1248.8,"mean_c":37.4,"peak_c":37.5,"dose":76.2},"delta_mean_c":-0.01,"delta_dose_pct":0,"distance_mi":0.559,"status_now":"walk","status_rec":"walk","reason":"Shortest route already under threshold (dose 76).","safe_until_hour":null}},{"type":"Feature","geometry":{"type":"Polygon","coordinates":[[[-81.42558499960103,28.576246999982033],[-81.42557799992832,28.575995000239462],[-81.4255620000348,28.57543299977876],[-81.42556000038499,28.575354000321138],[-81.42265300002327,28.57536900028265],[-81.42245899985453,28.575369999806664],[-81.42245999967943,28.575452000188694],[-81.42246999972517,28.575856000079366],[-81.42246999972517,28.57588599985705],[-81.42247999977091,28.57626100030064],[-81.42309700043731,28.57625899969175],[-81.42389099975736,28.576256999871696],[-81.42494899956638,28.5762500001068],[-81.42556700005767,28.576246999982033],[-81.42558499960103,28.576246999982033]]]},"properties":{"block_id":"120950187002003","school_id":"sch_orlando_science_middle_high_charter","kids_est":0,"class":"red","shortest":{"len_m":1864.8,"mean_c":37.41,"peak_c":37.6,"dose":114.5},"coolest":{"len_m":1864.8,"mean_c":37.41,"peak_c":37.6,"dose":114.5},"delta_mean_c":0.0,"delta_dose_pct":0,"distance_mi":0.697,"status_now":"walk","status_rec":"bus_eligible","reason":"Coolest route mean 37.4C exceeds threshold (110 C-min dose, actual 114).","safe_until_hour":"14:00"}},{"type":"Feature","geometry":{"type":"Polygon","coordinates":[[[-81.42063699996433,28.588964000055586],[-81.42061400039812,28.587221000015617],[-81.4196069997444,28.58722799983916],[-81.41960000007171,28.586678000340022],[-81.41853200021694,28.586679999961913],[-81.41855200030844,28.588182000276163],[-81.41856200035417,28.5888780000054],[-81.41856200035417,28.588897000352727],[-81.41856200035417,28.588956000163936],[-81.41856300017909,28.58897599989186],[-81.41938499998656,28.588970999763028],[-81.42063699996433,28.588964000055586]]]},"properties":{"block_id":"120950124031013","school_id":"sch_orlando_science_middle_high_charter","kids_est":0,"class":"red","shortest":{"len_m":2900.5,"mean_c":37.38,"peak_c":37.5,"dose":176.1},"coolest":{"len_m":2900.5,"mean_c":37.38,"peak_c":37.5,"dose":176.1},"delta_mean_c":0.0,"delta_dose_pct":0,"distance_mi":1.06,"status_now":"walk","status_rec":"bus_eligible","reason":"Coolest route mean 37.4C exceeds threshold (110 C-min dose, actual 176).","safe_until_hour":"13:00"}},{"type":"Feature","geometry":{"type":"Polygon","coordinates":[[[-81.4088979999861,28.58094900006481],[-81.40887899971952,28.580896999950067],[-81.40884500028265,28.580738000243702],[-81.408834000412,28.580684999762273],[-81.40875300022114,28.580692000020893],[-81.40866899965724,28.580693999756612],[-81.40853800013599,28.58069900027899],[-81.40847700003663,28.580705999747817],[-81.40840500006661,28.580720000261785],[-81.40832300005083,28.580741999713368],[-81.40824699988283,28.580772999936713],[-81.40819099980635,28.580799999894822],[-81.40805699991205,28.58086700002385],[-81.40797900009424,28.58091099964975],[-81.40799800036082,28.580946000074047],[-81.40823199981425,28.580977999708054],[-81.40832999972353,28.58098499994712],[-81.40843500020382,28.580983999687593],[-81.40873300012967,28.58096599974784],[-81.40881699979525,28.580962000286696],[-81.4088979999861,28.58094900006481]]]},"properties":{"block_id":"120950124031049","school_id":"sch_orlando_science_middle_high_charter","kids_est":0,"class":"green","shortest":{"len_m":1584.9,"mean_c":37.4,"peak_c":37.4,"dose":96.7},"coolest":{"len_m":1584.9,"mean_c":37.4,"peak_c":37.4,"dose":96.7},"delta_mean_c":0.0,"delta_dose_pct":0,"distance_mi":0.556,"status_now":"walk","status_rec":"walk","reason":"Shortest route already under threshold (dose 97).","safe_until_hour":null}},{"type":"Feature","geometry":{"type":"Polygon","coordinates":[[[-81.41233500007722,28.583544000242824],[-81.41233000005435,28.58341300011819],[-81.41228099965056,28.582221000265594],[-81.41227999982563,28.58217799985829],[-81.41226099955905,28.58155599985144],[-81.41225600043451,28.58119000009403],[-81.41224899986351,28.580677000029613],[-81.41223600034301,28.580576999770194],[-81.41221100022865,28.580477000204553],[-81.41217500024365,28.580381000027273],[-81.4121290002129,28.58028799977191],[-81.41205600041796,28.580184999919034],[-81.4120239997326,28.580150000030354],[-81.41196900037933,28.580091000011265],[-81.4118689999219,28.580009000090214],[-81.41173699967743,28.579928000374757],[-81.41148099958438,28.579930000125003],[-81.41071300020359,28.57993799991448],[-81.41052599970752,28.579939999664546],[-81.41049200027064,28.57993499989489],[-81.4104610003085,28.5799199997957],[-81.41044600023989,28.57990499969432],[-81.41042699997331,28.579884999818777],[-81.41041600010267,28.579855999874145],[-81.41041600010267,28.5798349997189],[-81.41041500027775,28.579811000325122],[-81.41041399955454,28.579755999623032],[-81.41041399955454,28.579730999939805],[-81.41041399955454,28.579717000083054],[-81.4104119999047,28.579653000038032],[-81.41040900042998,28.579463000217224],[-81.41040799970673,28.579400000292175],[-81.41040600005692,28.579342999613793],[-81.41040100003406,28.579153000021844],[-81.41040000020914,28.57908600037869],[-81.41037199972175,28.578412999958857],[-81.41036599987395,28.578251000374017],[-81.41030499977457,28.578251000374017],[-81.41009300006249,28.578253999652766],[-81.41002699994023,28.578254999938256],[-81.40944100013431,28.578261000073187],[-81.40914300020847,28.57826599992241],[-81.40765000020629,28.57828400032425],[-81.40750899974097,28.578286000105752],[-81.40738300024258,28.578287999887284],[-81.40718099967789,28.578289999668712],[-81.40718099967789,28.57841400024277],[-81.40719099972365,28.578668000275286],[-81.4071940000967,28.578719999914373],[-81.40719800029464,28.578761000385395],[-81.40720300031752,28.57882000036166],[-81.40722199968579,28.578977000043817],[-81.40723299955646,28.579048000079354],[-81.4072440003254,28.579114999746704],[-81.40725600002098,28.579174999801186],[-81.40726600006671,28.579225999702206],[-81.40727799976229,28.579279999616915],[-81.40729100018108,28.579337000329446],[-81.40730299987663,28.57938500011669],[-81.40731700012036,28.579441999983434],[-81.40733100036405,28.579489999722753],[-81.4073480000825,28.57955099983644],[-81.40736399997601,28.579601000071325],[-81.4073770003948,28.579640999926628],[-81.40739099974019,28.57968300031047],[-81.4074049999839,28.57972499988873],[-81.40742199970234,28.57977300028771],[-81.40743699977094,28.579814000348264],[-81.40745600003751,28.57986399966926],[-81.40747199993105,28.579902999943602],[-81.40748600017474,28.57993799991448],[-81.4075039997181,28.57997899991071],[-81.40752200015976,28.580019999890887],[-81.4075399997031,28.580060999855146],[-81.40755599959664,28.580097000041416],[-81.40757300021339,28.580133000215408],[-81.40758999993183,28.58016800010981],[-81.40760699965026,28.580201999725542],[-81.40762699974174,28.58024200014116],[-81.40764600000833,28.580276999999214],[-81.40771100030564,28.58040099980849],[-81.40773600042,28.58048099968419],[-81.40778900012346,28.580549000280104],[-81.40797900009424,28.58091099964975],[-81.40805699991205,28.58086700002385],[-81.40819099980635,28.580799999894822],[-81.40824699988283,28.580772999936713],[-81.40832300005083,28.580741999713368],[-81.40840500006661,28.580720000261785],[-81.40847700003663,28.580705999747817],[-81.40853800013599,28.58069900027899],[-81.40866899965724,28.580693999756612],[-81.40875300022114,28.580692000020893],[-81.408834000412,28.580684999762273],[-81.40884500028265,28.580738000243702],[-81.40887899971952,28.580896999950067],[-81.4088979999861,28.58094900006481],[-81.40881699979525,28.580962000286696],[-81.40873300012967,28.58096599974784],[-81.40843500020382,28.580983999687593],[-81.40832999972353,28.58098499994712],[-81.40823199981425,28.580977999708054],[-81.40799800036082,28.580946000074047],[-81.40810600031585,28.58115300002399],[-81.40825899957842,28.581443000267022],[-81.40833100044674,28.58156000007884],[-81.40835499983788,28.581619000062688],[-81.40869999961937,28.58225399975905],[-81.40945200000498,28.583675000204273],[-81.40956300033305,28.58365899961559],[-81.40987200012954,28.58364899964082],[-81.41006600029829,28.58364699996128],[-81.41099100003794,28.58363800021966],[-81.41181600021844,28.583635000305613],[-81.41191400012775,28.58363299983697],[-81.41227599962768,28.583628999688486],[-81.41227300015295,28.583544000242824],[-81.41233500007722,28.583544000242824]]]},"properties":{"block_id":"120950124031048","school_id":"sch_orlando_science_middle_high_charter","kids_est":93,"class":"green","shortest":{"len_m":1632.7,"mean_c":37.4,"peak_c":37.4,"dose":99.6},"coolest":{"len_m":1632.7,"mean_c":37.4,"peak_c":37.4,"dose":99.6},"delta_mean_c":0.0,"delta_dose_pct":0,"distance_mi":0.528,"status_now":"walk","status_rec":"walk","reason":"Shortest route already under threshold (dose 100).","safe_until_hour":null}},{"type":"Feature","geometry":{"type":"Polygon","coordinates":[[[-81.43093499981892,28.585232000292105],[-81.43093599964382,28.585096000379608],[-81.43092999979604,28.584685999926855],[-81.43093099962095,28.584159000296452],[-81.42735999963554,28.584179000148048],[-81.42716399981694,28.58416500009456],[-81.42698899991476,28.5841350003118],[-81.4268640002413,28.584101999830924],[-81.42674399969238,28.584059000192738],[-81.42662800023975,28.584007000038085],[-81.42651799973657,28.583946000142447],[-81.42642700039829,28.583885000211488],[-81.42630699984939,28.58378799975692],[-81.42620899994009,28.583689999767948],[-81.42612299972636,28.583584999622104],[-81.42604699955838,28.583474000323015],[-81.42598999965698,28.583363000117917],[-81.42594299980131,28.58324799963267],[-81.42590799964121,28.58312999988199],[-81.42583400002135,28.582675999994375],[-81.42581899995274,28.582519999768195],[-81.42580999973191,28.581757999706607],[-81.42570900034791,28.581757999706607],[-81.42548000001904,28.581757999706607],[-81.42479600030383,28.581760999674202],[-81.42470099986926,28.581761999926336],[-81.42470500006722,28.582005000169897],[-81.4247179995877,28.58308500015614],[-81.4247240003338,28.583537999620493],[-81.42472500015872,28.583597000072263],[-81.42473600002936,28.5845629998737],[-81.42473900040241,28.58474300007583],[-81.42460899980776,28.58474400029959],[-81.42423499971395,28.584745999958262],[-81.42373099992379,28.584748999840617],[-81.42373400029683,28.584963000167445],[-81.42373400029683,28.58501199997453],[-81.42373599994666,28.58510699964826],[-81.42373599994666,28.585172999968883],[-81.42373799959648,28.5852469996337],[-81.42373799959648,28.585286000278234],[-81.42373699977156,28.58538099970442],[-81.42459399973914,28.585376000193442],[-81.42468099977779,28.585374999975684],[-81.42494400044183,28.585373000328985],[-81.42503200030536,28.585373000328985],[-81.42523300014682,28.58537200011119],[-81.4253789997367,28.5853779998401],[-81.42540200020122,28.585380000275542],[-81.42552400039997,28.58539599981352],[-81.42566599979187,28.585424000379604],[-81.42575600020355,28.58545099993245],[-81.42591900041018,28.58552100011389],[-81.42603499986281,28.585584000316206],[-81.42616299990934,28.58566700004937],[-81.42626500001658,28.585745999648996],[-81.42635600025318,28.585834999745884],[-81.4263789998194,28.5858600003445],[-81.42655399972158,28.58605700034178],[-81.42663699956226,28.5861270001198],[-81.4269849997168,28.586334000125987],[-81.42734200009218,28.586455000058997],[-81.42839099968037,28.58645799989259],[-81.43092300012334,28.58644100030853],[-81.43092300012334,28.586369000323025],[-81.43092300012334,28.586154000280878],[-81.43092399994826,28.58608300030982],[-81.43092399994826,28.586019000194852],[-81.4309330001691,28.585823000339886],[-81.43093499981892,28.585232000292105]]]},"properties":{"block_id":"120950124031029","school_id":"sch_orlando_science_middle_high_charter","kids_est":0,"class":"red","shortest":{"len_m":2725.9,"mean_c":37.38,"peak_c":37.5,"dose":165.7},"coolest":{"len_m":2725.9,"mean_c":37.38,"peak_c":37.5,"dose":165.7},"delta_mean_c":0.0,"delta_dose_pct":0,"distance_mi":1.172,"status_now":"walk","status_rec":"bus_eligible","reason":"Coolest route mean 37.4C exceeds threshold (110 C-min dose, actual 166).","safe_until_hour":"13:00"}},{"type":"Feature","geometry":{"type":"Polygon","coordinates":[[[-81.41651299978497,28.577882000081473],[-81.41651299978497,28.57767099962966],[-81.41648500019588,28.57682600039047],[-81.41645300040882,28.576424000097692],[-81.41638399991352,28.575587999950205],[-81.41636399982205,28.575286000311046],[-81.41612299979761,28.57526699987119],[-81.41616800000345,28.575392000377228],[-81.41618100042226,28.57542999963066],[-81.41621099966117,28.575913999799603],[-81.416219999882,28.576029999933024],[-81.41622900010283,28.576134999732695],[-81.41624199962332,28.576297000209795],[-81.41624900019431,28.57637800035479],[-81.41625900024007,28.57649500027873],[-81.41626300043804,28.57657399966835],[-81.41627799960833,28.576812999657413],[-81.41628299963119,28.57689299989547],[-81.4163040004459,28.57743599960774],[-81.41633500040805,28.577875999924913],[-81.4163889999364,28.57787700021399],[-81.41651299978497,28.577882000081473]]]},"properties":{"block_id":"120950187001008","school_id":"sch_orlando_science_middle_high_charter","kids_est":0,"class":"green","shortest":{"len_m":782.3,"mean_c":37.44,"peak_c":37.5,"dose":48.2},"coolest":{"len_m":782.3,"mean_c":37.44,"peak_c":37.5,"dose":48.2},"delta_mean_c":0.0,"delta_dose_pct":0,"distance_mi":0.292,"status_now":"walk","status_rec":"walk","reason":"Shortest route already under threshold (dose 48).","safe_until_hour":null}},{"type":"Feature","geometry":{"type":"Polygon","coordinates":[[[-81.41624199962332,28.576297000209795],[-81.41622900010283,28.576134999732695],[-81.416219999882,28.576029999933024],[-81.41621099966117,28.575913999799603],[-81.41618100042226,28.57542999963066],[-81.41616800000345,28.575392000377228],[-81.41587799957524,28.575392999901027],[-81.41566500003822,28.57539499973749],[-81.41421499969373,28.575404000184484],[-81.41422899993742,28.57631200003682],[-81.41460200020632,28.576310000217784],[-81.41525499995939,28.57630799960982],[-81.41600499979685,28.576303999971547],[-81.41624199962332,28.576297000209795]]]},"properties":{"block_id":"120950187001006","school_id":"sch_orlando_science_middle_high_charter","kids_est":0,"class":"green","shortest":{"len_m":633.3,"mean_c":37.45,"peak_c":37.5,"dose":39.1},"coolest":{"len_m":633.3,"mean_c":37.45,"peak_c":37.5,"dose":39.1},"delta_mean_c":0.0,"delta_dose_pct":0,"distance_mi":0.208,"status_now":"walk","status_rec":"walk","reason":"Shortest route already under threshold (dose 39).","safe_until_hour":null}},{"type":"Feature","geometry":{"type":"Polygon","coordinates":[[[-81.42441299998917,28.588340999770384],[-81.4243939997226,28.58680699993294],[-81.42436899960823,28.586711000012468],[-81.42432099992767,28.586648999902227],[-81.42428499994266,28.586590000374063],[-81.42425399998052,28.58657000019227],[-81.42421299997264,28.58655900028784],[-81.42414400037568,28.58654000030677],[-81.42403999972026,28.586529999817202],[-81.42320899969197,28.58651600007673],[-81.42315900036158,28.58660699993403],[-81.42313000004926,28.58668500019971],[-81.42317100005712,28.58848100018263],[-81.42319199997353,28.58854699996301],[-81.42321899973771,28.588587999757888],[-81.42329300025587,28.5886540002599],[-81.42338199994434,28.58869799978271],[-81.42422700021633,28.58867500023165],[-81.42431000005702,28.588620999619664],[-81.4243850004001,28.588519999627625],[-81.42441299998917,28.588340999770384]]]},"properties":{"block_id":"120950124031008","school_id":"sch_orlando_science_middle_high_charter","kids_est":559,"class":"red","shortest":{"len_m":2441.2,"mean_c":37.37,"peak_c":37.5,"dose":148.2},"coolest":{"len_m":2441.2,"mean_c":37.37,"peak_c":37.5,"dose":148.2},"delta_mean_c":0.0,"delta_dose_pct":0,"distance_mi":1.164,"status_now":"walk","status_rec":"bus_eligible","reason":"Coolest route mean 37.4C exceeds threshold (110 C-min dose, actual 148).","safe_until_hour":"13:00"}},{"type":"Feature","geometry":{"type":"Polygon","coordinates":[[[-81.42262399971096,28.581723999805032],[-81.42262299988604,28.581667999850342],[-81.42262000041133,28.581568999998307],[-81.42261700003826,28.581462999846302],[-81.42260899964235,28.581145000326924],[-81.42260699999252,28.581038999747566],[-81.42260100014474,28.580832000362122],[-81.42258500025123,28.580195000223185],[-81.42258000022835,28.5799849999473],[-81.4225500000911,28.5799849999473],[-81.42246100040266,28.5799849999473],[-81.42243200009034,28.5799849999473],[-81.42200100009512,28.579986000216316],[-81.42157400029785,28.57998699969645],[-81.42093900008814,28.57999400000153],[-81.42070800010944,28.579995000270472],[-81.42060799965203,28.579995999750516],[-81.42027799993915,28.579997000019432],[-81.42013399999911,28.579997000019432],[-81.41998699968602,28.579998999768378],[-81.41977400014899,28.580000000037252],[-81.4197039998288,28.580000000037252],[-81.41956099971365,28.58000100030614],[-81.4194729998501,28.58000100030614],[-81.41948500044398,28.580651000302616],[-81.41949100029177,28.580943000083206],[-81.41949299994158,28.581041000265483],[-81.41949899978937,28.581381000206104],[-81.41950600036039,28.581754999738937],[-81.41952499972864,28.581786999915646],[-81.41961400031542,28.581786999915646],[-81.42054499990283,28.581778000014843],[-81.42156300042721,28.581735999678774],[-81.42163700004704,28.581735000215176],[-81.42186200017794,28.581735000215176],[-81.4219369996227,28.581735000215176],[-81.42209399998154,28.581735000215176],[-81.42248700034192,28.581726999773593],[-81.42262399971096,28.581723999805032]]]},"properties":{"block_id":"120950124031075","school_id":"sch_orlando_science_middle_high_charter","kids_est":0,"class":"green","shortest":{"len_m":1737.7,"mean_c":37.38,"peak_c":37.5,"dose":105.7},"coolest":{"len_m":1737.7,"mean_c":37.38,"peak_c":37.5,"dose":105.7},"delta_mean_c":0.0,"delta_dose_pct":0,"distance_mi":0.702,"status_now":"walk","status_rec":"walk","reason":"Shortest route already under threshold (dose 106).","safe_until_hour":null}},{"type":"Feature","geometry":{"type":"Polygon","coordinates":[[[-81.42470099986926,28.581761999926336],[-81.42469800039453,28.581617000344565],[-81.42467699957982,28.58082099985745],[-81.42269499985606,28.58082999984016],[-81.42260100014474,28.580832000362122],[-81.42260699999252,28.581038999747566],[-81.42260899964235,28.581145000326924],[-81.42261700003826,28.581462999846302],[-81.42262000041133,28.581568999998307],[-81.42262299988604,28.581667999850342],[-81.42262399971096,28.581723999805032],[-81.4226260002591,28.581770999828514],[-81.42271699959738,28.581770000365324],[-81.42456799979988,28.581763000178455],[-81.42470099986926,28.581761999926336]]]},"properties":{"block_id":"120950124031065","school_id":"sch_orlando_science_middle_high_charter","kids_est":0,"class":"red","shortest":{"len_m":1886.2,"mean_c":37.37,"peak_c":37.5,"dose":114.6},"coolest":{"len_m":1886.2,"mean_c":37.37,"peak_c":37.5,"dose":114.6},"delta_mean_c":0.0,"delta_dose_pct":0,"distance_mi":0.841,"status_now":"walk","status_rec":"bus_eligible","reason":"Coolest route mean 37.4C exceeds threshold (110 C-min dose, actual 115).","safe_until_hour":"14:00"}},{"type":"Feature","geometry":{"type":"Polygon","coordinates":[[[-81.41009600043553,28.57763599969322],[-81.41009700026044,28.577533999902226],[-81.41002299974227,28.57753599969798],[-81.40984000034248,28.577538000282598],[-81.40951200027942,28.57754199987394],[-81.40912700031495,28.577546999757335],[-81.4091299997897,28.577657000287587],[-81.40913300016274,28.577782999821242],[-81.40913900001053,28.57800899963349],[-81.40917499999554,28.578016000070146],[-81.40928399977548,28.578036999799767],[-81.40932099958539,28.578044999733212],[-81.40934200040012,28.578036999799767],[-81.40940799962405,28.578012999995735],[-81.40943000026367,28.578006000347692],[-81.40945700002786,28.578000999697288],[-81.40953999986851,28.57798699961025],[-81.40956800035592,28.577983000035843],[-81.40962000023445,28.577976999885035],[-81.4097790002431,28.577957999931204],[-81.40983199994656,28.577953000067325],[-81.4098839998251,28.577951000279487],[-81.41002399956719,28.577946999914825],[-81.41004100018394,28.577946999914825],[-81.41009399988738,28.577946999914825],[-81.4100949997123,28.577725999844272],[-81.41009600043553,28.57763599969322]]]},"properties":{"block_id":"120950187001003","school_id":"sch_orlando_science_middle_high_charter","kids_est":0,"class":"green","shortest":{"len_m":1433.7,"mean_c":37.4,"peak_c":37.4,"dose":87.3},"coolest":{"len_m":1433.7,"mean_c":37.4,"peak_c":37.4,"dose":87.3},"delta_mean_c":0.0,"delta_dose_pct":0,"distance_mi":0.34,"status_now":"walk","status_rec":"walk","reason":"Shortest route already under threshold (dose 87).","safe_until_hour":null}},{"type":"Feature","geometry":{"type":"Polygon","coordinates":[[[-81.40933999985198,28.583699000293958],[-81.40938099985986,28.583689000322988],[-81.40921299963037,28.583357000274045],[-81.40865000028897,28.582288000278187],[-81.40863100002241,28.58225399975905],[-81.40828799989073,28.581623999752285],[-81.40795099960684,28.581005999872815],[-81.40791700016997,28.580944000343127],[-81.40778800029854,28.580998000164566],[-81.40786000026856,28.581111999696624],[-81.40813399990493,28.58161499983759],[-81.40815300017152,28.58165799968625],[-81.40846399961784,28.58227899963142],[-81.40924100011779,28.583750000367708],[-81.40933999985198,28.583699000293958]]]},"properties":{"block_id":"120950124031046","school_id":"sch_orlando_science_middle_high_charter","kids_est":0,"class":"green","shortest":{"len_m":1670.6,"mean_c":37.4,"peak_c":37.4,"dose":101.9},"coolest":{"len_m":1670.6,"mean_c":37.4,"peak_c":37.4,"dose":101.9},"delta_mean_c":0.0,"delta_dose_pct":0,"distance_mi":0.649,"status_now":"walk","status_rec":"walk","reason":"Shortest route already under threshold (dose 102).","safe_until_hour":null}},{"type":"Feature","geometry":{"type":"Polygon","coordinates":[[[-81.41680800023606,28.588411999794314],[-81.41678800014458,28.587247999895855],[-81.41679099961931,28.58617300033164],[-81.41679399999236,28.585529000266906],[-81.41679399999236,28.585419000081924],[-81.41678200029678,28.585417999864575],[-81.41674600031179,28.58541699964721],[-81.41673399971789,28.58541699964721],[-81.41672100019743,28.585416000218675],[-81.41668500021241,28.5854150000013],[-81.41667299961853,28.5854150000013],[-81.41663499998369,28.5854150000013],[-81.41659200032599,28.585416000218675],[-81.4165859995799,28.585511000316185],[-81.41656999968636,28.58573800030132],[-81.41659200032599,28.586758000173486],[-81.41658099955701,28.587046000332013],[-81.41660200037173,28.587493999887094],[-81.41661900009018,28.587896999866654],[-81.4165859995799,28.58839199995904],[-81.41680800023606,28.588411999794314]]]},"properties":{"block_id":"120950124031011","school_id":"sch_orlando_science_middle_high_charter","kids_est":0,"class":"red","shortest":{"len_m":1883.0,"mean_c":37.39,"peak_c":37.5,"dose":114.9},"coolest":{"len_m":1883.0,"mean_c":37.39,"peak_c":37.5,"dose":114.9},"delta_mean_c":0.0,"delta_dose_pct":0,"distance_mi":0.936,"status_now":"walk","status_rec":"bus_eligible","reason":"Coolest route mean 37.4C exceeds threshold (110 C-min dose, actual 115).","safe_until_hour":"14:00"}},{"type":"Feature","geometry":{"type":"Polygon","coordinates":[[[-81.41005600025255,28.576266000244924],[-81.41008300001673,28.576266000244924],[-81.41005399970442,28.575435999926754],[-81.41005000040478,28.575028999841294],[-81.41004600020682,28.57457499969655],[-81.41003699998598,28.574540000307806],[-81.40998799958219,28.574540000307806],[-81.40969899987716,28.574542000160502],[-81.40868600027399,28.574550000359764],[-81.40834899999011,28.57455299974402],[-81.4081089997906,28.57454900003903],[-81.40801699972909,28.574547000186488],[-81.40794099956109,28.574545000333906],[-81.40793600043655,28.574591000089452],[-81.40795700035295,28.575198999804908],[-81.40802799959975,28.575321000240553],[-81.40802799959975,28.575459000006678],[-81.40771399978037,28.575462999677075],[-81.40771799997835,28.575782000117822],[-81.40753100038059,28.575783999946896],[-81.40753399985532,28.575964000185603],[-81.40753800005328,28.576289999658666],[-81.4075389998782,28.57637700005145],[-81.40764900038137,28.57637700005145],[-81.40768500036638,28.57637800035479],[-81.40771399978037,28.57637800035479],[-81.40773600042,28.57637800035479],[-81.40780099981902,28.57637800035479],[-81.40783099995625,28.57637800035479],[-81.40785000022282,28.57637800035479],[-81.40790899977404,28.57637800035479],[-81.40792899986555,28.576378999869213],[-81.40799400016286,28.576378999869213],[-81.40820900024802,28.57636700017319],[-81.408285000416,28.57636400005173],[-81.40827500037025,28.57597700023475],[-81.40826899962416,28.575726999675584],[-81.40826500032452,28.575597999902524],[-81.40826199995146,28.57545599985933],[-81.40835900003584,28.57545400002404],[-81.40850200015097,28.575452000188694],[-81.40850799999876,28.575683000247786],[-81.40855200037969,28.575683000247786],[-81.40855700040257,28.575952999960705],[-81.40855800022747,28.576005999671064],[-81.40856300025035,28.576276999648208],[-81.40856200042543,28.576342999988125],[-81.40892200027555,28.576315000159752],[-81.40904299975105,28.57630599979071],[-81.40906100019272,28.576297000209795],[-81.40909600035282,28.576281000076378],[-81.40912499976683,28.576277999952488],[-81.41005600025255,28.576266000244924]]]},"properties":{"block_id":"120950187001004","school_id":"sch_orlando_science_middle_high_charter","kids_est":0,"class":"green","shortest":{"len_m":1199.1,"mean_c":37.4,"peak_c":37.4,"dose":73.0},"coolest":{"len_m":1199.1,"mean_c":37.4,"peak_c":37.4,"dose":73.0},"delta_mean_c":0.0,"delta_dose_pct":0,"distance_mi":0.264,"status_now":"walk","status_rec":"walk","reason":"Shortest route already under threshold (dose 73).","safe_until_hour":null}},{"type":"Feature","geometry":{"type":"Polygon","coordinates":[[[-81.4111719997879,28.578163999953443],[-81.41117099996299,28.57811399982432],[-81.41116799958994,28.577967000158893],[-81.41116699976503,28.57791800022474],[-81.41095199967987,28.577924000378893],[-81.41063500038578,28.577932999820614],[-81.41030800014764,28.57794099976197],[-81.41009399988738,28.577946999914825],[-81.41009300006249,28.57799099997341],[-81.41009200023757,28.578124000325385],[-81.41009200023757,28.578168999807286],[-81.41014599976592,28.578168000309862],[-81.41030800014764,28.578167000023555],[-81.41036300039922,28.578167000023555],[-81.41040600005692,28.578165999737237],[-81.41053800030139,28.578165999737237],[-81.41058199978401,28.578165999737237],[-81.41069999978478,28.57816500023979],[-81.41105299996222,28.578163999953443],[-81.4111719997879,28.578163999953443]]]},"properties":{"block_id":"120950124031053","school_id":"sch_orlando_science_middle_high_charter","kids_est":0,"class":"green","shortest":{"len_m":1419.5,"mean_c":37.42,"peak_c":37.5,"dose":87.0},"coolest":{"len_m":1419.5,"mean_c":37.42,"peak_c":37.5,"dose":87.0},"delta_mean_c":0.0,"delta_dose_pct":0,"distance_mi":0.326,"status_now":"walk","status_rec":"walk","reason":"Shortest route already under threshold (dose 87).","safe_until_hour":null}},{"type":"Feature","geometry":{"type":"Polygon","coordinates":[[[-81.40914300020847,28.578179000303123],[-81.40914200038358,28.578162000169627],[-81.40914099966034,28.578110999752695],[-81.40914099966034,28.578093999608203],[-81.40913999983545,28.57807700024986],[-81.40913900001053,28.57802500029287],[-81.40913900001053,28.57800899963349],[-81.40879800042698,28.57801499978239],[-81.4083420003174,28.578024000005204],[-81.40777800025279,28.578033999725953],[-81.40743799959586,28.578041000161004],[-81.40744000014399,28.578055999739334],[-81.40744599999177,28.578101000039275],[-81.40744900036484,28.578115999609043],[-81.40744699981668,28.57812699960775],[-81.40744599999177,28.578140999676148],[-81.40744500016687,28.57816000038577],[-81.40744500016687,28.578171999877245],[-81.40744099996891,28.578198000217057],[-81.40764400035849,28.578195999644993],[-81.40794300010923,28.5781930003646],[-81.40834599961704,28.578189000009125],[-81.40884299973452,28.578182000372802],[-81.40914300020847,28.578179000303123]]]},"properties":{"block_id":"120950124031058","school_id":"sch_orlando_science_middle_high_charter","kids_est":56,"class":"green","shortest":{"len_m":1264.9,"mean_c":37.4,"peak_c":37.4,"dose":77.1},"coolest":{"len_m":1264.9,"mean_c":37.4,"peak_c":37.4,"dose":77.1},"delta_mean_c":0.0,"delta_dose_pct":0,"distance_mi":0.408,"status_now":"walk","status_rec":"walk","reason":"Shortest route already under threshold (dose 77).","safe_until_hour":null}},{"type":"Feature","geometry":{"type":"Polygon","coordinates":[[[-81.41849600023194,28.580007000341418],[-81.41849100020906,28.579846000326622],[-81.41848399963804,28.57955699989744],[-81.41847899961519,28.579365000142257],[-81.41847600014046,28.57920500020998],[-81.41847299976739,28.57911299998096],[-81.41846699991962,28.578837999879877],[-81.41846500026979,28.578746999610647],[-81.41846299972165,28.57867199982365],[-81.41846199989676,28.57862000016089],[-81.41845400039915,28.57824200017063],[-81.4184579996988,28.578115999609043],[-81.41831399975874,28.578115999609043],[-81.41792100029667,28.57811800018263],[-81.41792700014446,28.578253000156156],[-81.41793899984002,28.578674000386666],[-81.41794300003798,28.57877100003607],[-81.41794899988577,28.578913000337323],[-81.4179580001066,28.579133000003306],[-81.41683599982515,28.57914000036523],[-81.41684900024396,28.57951299970507],[-81.41686299958934,28.579946999972744],[-81.41686599996238,28.580016999873635],[-81.41689199990164,28.580016999873635],[-81.4175360003322,28.580012000107644],[-81.41775100041737,28.58001099983892],[-81.41790000038029,28.580009000090214],[-81.41834700026902,28.580006000072647],[-81.41838200042912,28.580006000072647],[-81.41840499999535,28.580007000341418],[-81.41841800041414,28.580007000341418],[-81.41849600023194,28.580007000341418]]]},"properties":{"block_id":"120950124031078","school_id":"sch_orlando_science_middle_high_charter","kids_est":0,"class":"green","shortest":{"len_m":1080.9,"mean_c":37.41,"peak_c":37.5,"dose":66.2},"coolest":{"len_m":1080.9,"mean_c":37.41,"peak_c":37.5,"dose":66.2},"delta_mean_c":0.0,"delta_dose_pct":0,"distance_mi":0.491,"status_now":"walk","status_rec":"walk","reason":"Shortest route already under threshold (dose 66).","safe_until_hour":null}},{"type":"Feature","geometry":{"type":"Polygon","coordinates":[[[-81.42269400003117,28.58891199996028],[-81.42270800027487,28.588881999954285],[-81.4226899998332,28.585380000275542],[-81.42245499965655,28.58538099970442],[-81.42192900012509,28.585381999922127],[-81.42059199975849,28.58539000008564],[-81.42055099975062,28.58539000008564],[-81.42020000012133,28.58539199973202],[-81.42014300021992,28.58539199973202],[-81.41975099968444,28.585397000031087],[-81.41970300000388,28.585398000248617],[-81.41957999998023,28.585398000248617],[-81.41921099990928,28.58539899967733],[-81.4189230000292,28.58539899967733],[-81.41886399957966,28.585399999894843],[-81.41851600032342,28.585402000329875],[-81.41852499964594,28.58609700010795],[-81.41853200021694,28.586679999961913],[-81.41960000007171,28.586678000340022],[-81.4196069997444,28.58722799983916],[-81.42061400039812,28.587221000015617],[-81.42063699996433,28.588964000055586],[-81.420655000406,28.588964000055586],[-81.42073700042177,28.588964000055586],[-81.42121299972452,28.588957999742508],[-81.42185399978203,28.58895499998025],[-81.42212800031672,28.588953999796523],[-81.42263600030483,28.58894599990411],[-81.42267399993968,28.58893000011752],[-81.42269400003117,28.58891199996028]]]},"properties":{"block_id":"120950124031014","school_id":"sch_orlando_science_middle_high_charter","kids_est":0,"class":"red","shortest":{"len_m":2665.0,"mean_c":37.37,"peak_c":37.5,"dose":162.0},"coolest":{"len_m":2665.0,"mean_c":37.37,"peak_c":37.5,"dose":162.0},"delta_mean_c":0.0,"delta_dose_pct":0,"distance_mi":1.034,"status_now":"walk","status_rec":"bus_eligible","reason":"Coolest route mean 37.4C exceeds threshold (110 C-min dose, actual 162).","safe_until_hour":"13:00"}},{"type":"Feature","geometry":{"type":"Polygon","coordinates":[[[-81.41010399993313,28.576934000289754],[-81.4101020002833,28.576846000058776],[-81.41009200023757,28.576455000015986],[-81.41008800003961,28.576391000352768],[-81.41008300001673,28.576266000244924],[-81.41005600025255,28.576266000244924],[-81.40912499976683,28.576277999952488],[-81.40909600035282,28.576281000076378],[-81.40906100019272,28.576297000209795],[-81.4090879999569,28.57639600029088],[-81.40910100037568,28.57659499968585],[-81.4091020002006,28.57670599993409],[-81.40910300002551,28.576810999847893],[-81.40910300002551,28.57682500009139],[-81.40910499967532,28.576867000021977],[-81.40910600039857,28.57688100025807],[-81.4091160004443,28.577106000134126],[-81.40911700026922,28.577117999745866],[-81.40912700031495,28.577546999757335],[-81.40951200027942,28.57754199987394],[-81.40984000034248,28.577538000282598],[-81.41002299974227,28.57753599969798],[-81.41009700026044,28.577533999902226],[-81.4101020002833,28.577066000103727],[-81.41010399993313,28.576934000289754]]]},"properties":{"block_id":"120950187001007","school_id":"sch_orlando_science_middle_high_charter","kids_est":0,"class":"green","shortest":{"len_m":1295.5,"mean_c":37.4,"peak_c":37.4,"dose":78.9},"coolest":{"len_m":1295.5,"mean_c":37.4,"peak_c":37.4,"dose":78.9},"delta_mean_c":0.0,"delta_dose_pct":0,"distance_mi":0.293,"status_now":"walk","status_rec":"walk","reason":"Shortest route already under threshold (dose 79).","safe_until_hour":null}},{"type":"Feature","geometry":{"type":"Polygon","coordinates":[[[-81.41898999997635,28.59404600025818],[-81.4189730002579,28.59379600006127],[-81.41888600021929,28.593287999899253],[-81.41882099992195,28.592902000196712],[-81.41870200009625,28.592688000253535],[-81.41858800029345,28.592477999686757],[-81.41844199980525,28.59227099994569],[-81.41825799968224,28.592047999696163],[-81.4181210003132,28.591881999985002],[-81.41795499973354,28.591681000017132],[-81.41746900038505,28.59109300025901],[-81.41700200040482,28.590318000157655],[-81.4169310002597,28.590045999904515],[-81.41668299966429,28.58909800012198],[-81.41666799959566,28.589040999967434],[-81.41663499998369,28.588836000138755],[-81.41659800017378,28.58864200038681],[-81.4165859995799,28.58839199995904],[-81.41654499957201,28.58839199995904],[-81.41650000026448,28.58839400033714],[-81.41648600002077,28.58839400033714],[-81.41612500034577,28.58839499973738],[-81.41500200023941,28.588401000082584],[-81.41483599965974,28.58840200027155],[-81.41483700038296,28.588487999922283],[-81.4148399998577,28.58908500011709],[-81.41460999970394,28.589086999693208],[-81.41460100038141,28.589413000294083],[-81.4146070002292,28.589445999896924],[-81.41468000002412,28.589584000059883],[-81.41475399964398,28.589724999782128],[-81.41489599993419,28.58999400034437],[-81.41534899967071,28.58998999964907],[-81.41536399973933,28.59089600023238],[-81.41350099984128,28.590910000178365],[-81.41329099977898,28.590911000343464],[-81.41336799977189,28.591056999893347],[-81.41365300017725,28.5916320001629],[-81.41384499979787,28.591965000267738],[-81.41523900006588,28.59198199974735],[-81.4158049997803,28.59198000022631],[-81.4158039999554,28.591758999673534],[-81.4158039999554,28.591662000172956],[-81.41760599975409,28.591648999696353],[-81.41771600025726,28.591778000288958],[-81.417754999717,28.59182300023832],[-81.41780699959554,28.591884000296705],[-81.41784400030376,28.591859000341717],[-81.41794300003798,28.59197400008541],[-81.41802900025169,28.592073999760235],[-81.41813999968147,28.5922029998313],[-81.41819699958288,28.59227200009784],[-81.41824000013891,28.59232599962327],[-81.41826600007816,28.59236000004053],[-81.4182970000403,28.592400999925935],[-81.4183310003755,28.592446999759087],[-81.41834200024616,28.59246399994952],[-81.41835300011681,28.592478999836935],[-81.41840199962229,28.592551000370765],[-81.41849299985888,28.59269400035372],[-81.41855200030844,28.59279699978513],[-81.41861099985967,28.592908999642],[-81.41863900034706,28.592966000065594],[-81.41873100040858,28.593173000015565],[-81.41881800044722,28.593465999869043],[-81.41888200002133,28.593799999823023],[-81.41890600031077,28.59410599968061],[-81.41890200011281,28.594415999963164],[-81.41887500034863,28.59461499996292],[-81.41882500011991,28.594918000222037],[-81.41872700021061,28.595282000060404],[-81.41809200000088,28.595589999788448],[-81.41784500012868,28.595673999629373],[-81.41779400007506,28.59568500015755],[-81.41726099997258,28.59569200020628],[-81.41724199970601,28.59511999964662],[-81.41552299974799,28.59514499961475],[-81.4155500004105,28.595200000154794],[-81.41617300002633,28.596398000245166],[-81.4161999997905,28.596392999680596],[-81.41630299972267,28.596371999673185],[-81.41641200040094,28.596362000118845],[-81.41753200013424,28.596329999645654],[-81.41811799994016,28.596307000186854],[-81.41815599957498,28.59629300017091],[-81.41820199960576,28.596280000267114],[-81.41826000023039,28.596269999915254],[-81.41831299993383,28.596274000371604],[-81.41855499978315,28.595886999685554],[-81.41864400036994,28.59570199982431],[-81.41871999963962,28.595530999756818],[-81.41880500002841,28.595318999891052],[-81.41890100028787,28.594989999874063],[-81.4189659996869,28.594613999833125],[-81.41898999997635,28.59404600025818]]]},"properties":{"block_id":"120950124031001","school_id":"sch_orlando_science_middle_high_charter","kids_est":0,"class":"red","shortest":{"len_m":2160.9,"mean_c":37.4,"peak_c":37.5,"dose":131.7},"coolest":{"len_m":2160.9,"mean_c":37.4,"peak_c":37.5,"dose":131.7},"delta_mean_c":0.0,"delta_dose_pct":0,"distance_mi":1.09,"status_now":"walk","status_rec":"bus_eligible","reason":"Coolest route mean 37.4C exceeds threshold (110 C-min dose, actual 132).","safe_until_hour":"14:00"}},{"type":"Feature","geometry":{"type":"Polygon","coordinates":[[[-81.41531799970858,28.57990899998453],[-81.41531799970858,28.57989299961168],[-81.41531699988369,28.579843999785957],[-81.4153110000359,28.57954300001751],[-81.41529400031746,28.57864200005172],[-81.41528900029458,28.578342000283502],[-81.41528799957135,28.578300999649148],[-81.41528500009663,28.57817800001692],[-81.41528500009663,28.578138000394127],[-81.41524699956346,28.578138000394127],[-81.41513299976066,28.578138000394127],[-81.41509599995074,28.578138999891884],[-81.41499100036876,28.578138999891884],[-81.41467900019921,28.578140999676148],[-81.41457500044214,28.57814300024919],[-81.41420100034834,28.578145000033444],[-81.41391000009519,28.57814699981758],[-81.41324599957315,28.578151000174593],[-81.41307900006687,28.578151999672222],[-81.41297600013472,28.57815400024506],[-81.41270599979798,28.57815799981298],[-81.41239899965132,28.57815799981298],[-81.41147800010964,28.578162000169627],[-81.4111719997879,28.578163999953443],[-81.41105299996222,28.578163999953443],[-81.41069999978478,28.57816500023979],[-81.41058199978401,28.578165999737237],[-81.41053800030139,28.578165999737237],[-81.41040600005692,28.578165999737237],[-81.41036300039922,28.578167000023555],[-81.41036599987395,28.578251000374017],[-81.41037199972175,28.578412999958857],[-81.41040000020914,28.57908600037869],[-81.41040100003406,28.579153000021844],[-81.41040600005692,28.579342999613793],[-81.41052900008057,28.579418999985542],[-81.41057599993623,28.579443999742928],[-81.41059000017995,28.579451000084152],[-81.41074800036368,28.579518999768247],[-81.41077599995278,28.579529999620217],[-81.41081299976268,28.57954499977508],[-81.41085299994566,28.579559999927806],[-81.41089999980133,28.579575000078396],[-81.41094400018225,28.579587999681248],[-81.410982999642,28.57959900031482],[-81.41103399969563,28.579610999642142],[-81.41107700025167,28.579619000244747],[-81.41110400001584,28.57962400002943],[-81.41114400019882,28.57963100035867],[-81.4111800001838,28.579636000142756],[-81.41118299965855,28.579706999733446],[-81.41121699999374,28.57971400005715],[-81.41125999965145,28.579721000380403],[-81.41129499981155,28.579726000160225],[-81.4113059996822,28.57972799991431],[-81.41136699978156,28.57973599971916],[-81.41140799978945,28.579740000015782],[-81.41145700019325,28.579744999794702],[-81.41150599969873,28.579747999819713],[-81.41155299955442,28.57974900009099],[-81.41160299978313,28.57974900009099],[-81.41164899981388,28.57974900009099],[-81.41168300014907,28.579747999819713],[-81.41320000044071,28.579741999769603],[-81.41492699989634,28.579730999939805],[-81.41522599964708,28.57972900018577],[-81.41522900002013,28.579893999881573],[-81.41522900002013,28.579913000274573],[-81.41524800028671,28.57990899998453],[-81.41531799970858,28.57990899998453]]]},"properties":{"block_id":"120950124031052","school_id":"sch_orlando_science_middle_high_charter","kids_est":0,"class":"green","shortest":{"len_m":1136.0,"mean_c":37.43,"peak_c":37.5,"dose":69.7},"coolest":{"len_m":1136.0,"mean_c":37.43,"peak_c":37.5,"dose":69.7},"delta_mean_c":0.0,"delta_dose_pct":0,"distance_mi":0.359,"status_now":"walk","status_rec":"walk","reason":"Shortest route already under threshold (dose 70).","safe_until_hour":null}},{"type":"Feature","geometry":{"type":"Polygon","coordinates":[[[-81.41958699965292,28.584053999830072],[-81.41959300039902,28.583963000129867],[-81.41957599978227,28.582881000000416],[-81.41957599978227,28.58282300017776],[-81.4195289999266,28.581795999815622],[-81.41952499972864,28.581786999915646],[-81.41950600036039,28.581754999738937],[-81.41949899978937,28.581381000206104],[-81.41949299994158,28.581041000265483],[-81.41949100029177,28.580943000083206],[-81.41948500044398,28.580651000302616],[-81.4194729998501,28.58000100030614],[-81.41945199993371,28.58000100030614],[-81.4191270002437,28.580003000055],[-81.41901900028867,28.58000400032385],[-81.4189659996869,28.58000400032385],[-81.41880699967824,28.58000499980382],[-81.41875499979972,28.580006000072647],[-81.41872899986043,28.580006000072647],[-81.41865000021772,28.580006000072647],[-81.41862500010336,28.580007000341418],[-81.4185990001641,28.580007000341418],[-81.41855300013334,28.580007000341418],[-81.4185220001712,28.580012000107644],[-81.41849600023194,28.580007000341418],[-81.41841800041414,28.580007000341418],[-81.41840499999535,28.580007000341418],[-81.41840599982024,28.58004599977387],[-81.41841300039125,28.58039300005424],[-81.41772499957978,28.580403000338556],[-81.41772700012791,28.580576999770194],[-81.41773200015078,28.58094700033394],[-81.41773399980062,28.58112499989831],[-81.41774200019654,28.581764999893817],[-81.4169300004348,28.581770000365324],[-81.41670399958068,28.581766999609126],[-81.41670500030389,28.581907000096994],[-81.41670899960354,28.582240999696914],[-81.4167129998015,28.582394000387524],[-81.41675100033464,28.583591999687627],[-81.4167539998094,28.58397799965246],[-81.41676600040327,28.58426500009754],[-81.41698599961298,28.58426500009754],[-81.41722400016266,28.584266000325844],[-81.41759300023361,28.584249000387416],[-81.41772700012791,28.584237000011655],[-81.41772799995283,28.584716000341245],[-81.41772899977774,28.58510499999645],[-81.41773200015078,28.585287999926603],[-81.41773200015078,28.585311999648155],[-81.4177329999757,28.585384000357426],[-81.41773399980062,28.58540900027451],[-81.41789000033452,28.58540699983962],[-81.4183589999646,28.58540299975855],[-81.41851600032342,28.585402000329875],[-81.41886399957966,28.585399999894843],[-81.4189230000292,28.58539899967733],[-81.41921099990928,28.58539899967733],[-81.41957999998023,28.585398000248617],[-81.41958099980513,28.585174000188548],[-81.41958699965292,28.584053999830072]]]},"properties":{"block_id":"120950124031033","school_id":"sch_orlando_science_middle_high_charter","kids_est":298,"class":"red","shortest":{"len_m":2090.7,"mean_c":37.4,"peak_c":37.5,"dose":127.4},"coolest":{"len_m":2090.7,"mean_c":37.4,"peak_c":37.5,"dose":127.4},"delta_mean_c":0.0,"delta_dose_pct":0,"distance_mi":0.713,"status_now":"walk","status_rec":"bus_eligible","reason":"Coolest route mean 37.4C exceeds threshold (110 C-min dose, actual 127).","safe_until_hour":"14:00"}},{"type":"Feature","geometry":{"type":"Polygon","coordinates":[[[-81.42059199975849,28.58539000008564],[-81.42059099993358,28.585344000320028],[-81.42059000010867,28.58522999985392],[-81.42058799956052,28.585078000354827],[-81.42058500008581,28.584853000179134],[-81.42056900019227,28.58361599979627],[-81.42056800036737,28.5835529999925],[-81.42055800032163,28.582709000133967],[-81.41966500036904,28.582713000317515],[-81.41966600019396,28.58273299965521],[-81.41967100021682,28.58282300017776],[-81.41968399973729,28.58355899982519],[-81.41968600028544,28.5839649998034],[-81.41969700015609,28.58516199991829],[-81.41970300000388,28.585398000248617],[-81.41975099968444,28.585397000031087],[-81.42014300021992,28.58539199973202],[-81.42020000012133,28.58539199973202],[-81.42055099975062,28.58539000008564],[-81.42059199975849,28.58539000008564]]]},"properties":{"block_id":"120950124031032","school_id":"sch_orlando_science_middle_high_charter","kids_est":0,"class":"red","shortest":{"len_m":2373.8,"mean_c":37.37,"peak_c":37.5,"dose":144.2},"coolest":{"len_m":2373.8,"mean_c":37.37,"peak_c":37.5,"dose":144.2},"delta_mean_c":0.0,"delta_dose_pct":0,"distance_mi":0.839,"status_now":"walk","status_rec":"bus_eligible","reason":"Coolest route mean 37.4C exceeds threshold (110 C-min dose, actual 144).","safe_until_hour":"14:00"}},{"type":"Feature","geometry":{"type":"Polygon","coordinates":[[[-81.42651799973657,28.572566999706627],[-81.42653000033044,28.572462999841886],[-81.42651699991164,28.571134000370822],[-81.42651500026183,28.57098000030309],[-81.42651699991164,28.57072200000213],[-81.4262380002524,28.570678000058866],[-81.42447400008854,28.570432999751585],[-81.42388300025976,28.570351999762803],[-81.42257799968021,28.570146999795018],[-81.42246700025045,28.57011800032148],[-81.42205399979858,28.57005700026022],[-81.42193099977491,28.57004400026849],[-81.41932600043533,28.569793999811118],[-81.41908899971055,28.569789999925206],[-81.41889000041724,28.56977400038004],[-81.41849500040702,28.569771999647767],[-81.41791700009871,28.569769999704423],[-81.41723599985824,28.56977400038004],[-81.41708900044344,28.569780999786868],[-81.41621499985914,28.569845000315574],[-81.4157629999475,28.56987900011214],[-81.41583300026771,28.570128000004797],[-81.41589099999403,28.57041099972179],[-81.4159939999262,28.570911000266218],[-81.41609199983547,28.571387000274513],[-81.41625300039227,28.572485000231463],[-81.41637600041592,28.574619999907842],[-81.41636399982205,28.575286000311046],[-81.41638399991352,28.575587999950205],[-81.41645300040882,28.576424000097692],[-81.41648500019588,28.57682600039047],[-81.41651299978497,28.57767099962966],[-81.41651299978497,28.577882000081473],[-81.41651100013515,28.57812600010993],[-81.41653399970137,28.57812600010993],[-81.41670100010593,28.578124999823217],[-81.41747900043079,28.578121000254054],[-81.41773899982347,28.57811999996729],[-81.41788199993861,28.57811800018263],[-81.41792100029667,28.57811800018263],[-81.41831399975874,28.578115999609043],[-81.4184579996988,28.578115999609043],[-81.4185089997524,28.578115000111133],[-81.41866199991328,28.578115000111133],[-81.41871399979183,28.578115000111133],[-81.41874099955601,28.57811399982432],[-81.41882199974687,28.57811399982432],[-81.41885000023427,28.57811399982432],[-81.41887799982335,28.57811399982432],[-81.41896400003706,28.57811399982432],[-81.4189930003494,28.57811399982432],[-81.41907600019007,28.578113000326386],[-81.41929999959774,28.578112000039532],[-81.41937800031387,28.578112000039532],[-81.41937699959065,28.57809799996729],[-81.41937699959065,28.578072000391654],[-81.41937400011591,28.577965000371307],[-81.41937199956777,28.577853999873874],[-81.41936900009303,28.57769800038403],[-81.41936800026812,28.577646999742132],[-81.4193670004432,28.57754100037056],[-81.41935200037462,28.576852000274087],[-81.41935300019951,28.576794999792668],[-81.41935499984933,28.576691000163247],[-81.419373000291,28.57653499973743],[-81.41939400020738,28.576440999723193],[-81.41942099997158,28.576347999928515],[-81.41949499959141,28.576183000192255],[-81.41959599987375,28.576026999801957],[-81.41965000030042,28.575957999919645],[-81.41971499969942,28.575884000029923],[-81.41984000027122,28.575770999873896],[-81.41991200024125,28.57571600021481],[-81.42004600013556,28.575625999921744],[-81.42012399995336,28.575584000284568],[-81.42020799961894,28.57554600029785],[-81.42029200018284,28.575513000277493],[-81.42048499962837,28.575459000006678],[-81.42064199998723,28.575430999943006],[-81.42077599988151,28.57541900013883],[-81.42081799971432,28.57541799982638],[-81.42096400020249,28.575414999677875],[-81.42156400025212,28.57540600002073],[-81.42184000043665,28.57540200034817],[-81.42204600030095,28.57539799988657],[-81.42236299959504,28.57537100011957],[-81.42245899985453,28.575369999806664],[-81.42245499965655,28.57511700001451],[-81.42245800002961,28.575043999849125],[-81.42247700029618,28.574936999904235],[-81.42250099968732,28.574866999778173],[-81.42253699967232,28.574789999743494],[-81.42254400024333,28.574779000184733],[-81.42258899955087,28.574715000290748],[-81.42265700022124,28.574641999846417],[-81.42273500003904,28.574577999869025],[-81.4228170000548,28.574527999613085],[-81.42291900016205,28.57448399968379],[-81.42302100026932,28.574454999827893],[-81.42312500002637,28.57443799988146],[-81.4232239997606,28.574434000172097],[-81.42333099989071,28.574432000317366],[-81.42492000015238,28.574417000222272],[-81.4254499998818,28.574412999723187],[-81.42570000012707,28.57441099986806],[-81.42587699967906,28.574380000136326],[-81.42595799986992,28.574346000216455],[-81.4259910003802,28.574322000359157],[-81.4260340000379,28.574292000135458],[-81.42609500013728,28.574231999662373],[-81.42614399964275,28.57416100032062],[-81.4261679999322,28.574107999680724],[-81.4261820001759,28.57405199961566],[-81.42618999967351,28.574025000292043],[-81.42619899989435,28.57393899985841],[-81.42617999962776,28.57368000017343],[-81.4261679999322,28.57344100016643],[-81.42617499960488,28.573341999671143],[-81.42620100044248,28.573220999640487],[-81.426209999765,28.573197000315524],[-81.42624999994797,28.57309800037948],[-81.42628500010807,28.573034999797965],[-81.42634299983439,28.57294400003088],[-81.42637200014671,28.572897000007693],[-81.42644499994164,28.572781999912685],[-81.42645800036043,28.57276200026065],[-81.42646699968294,28.572739999928995],[-81.42649500017036,28.572669999918848],[-81.42651500026183,28.57258200006549],[-81.42651799973657,28.572566999706627]]]},"properties":{"block_id":"120950187002000","school_id":"sch_orlando_science_middle_high_charter","kids_est":0,"class":"green","shortest":{"len_m":1209.1,"mean_c":37.52,"peak_c":37.8,"dose":76.3},"coolest":{"len_m":1209.1,"mean_c":37.52,"peak_c":37.8,"dose":76.3},"delta_mean_c":0.0,"delta_dose_pct":0,"distance_mi":0.468,"status_now":"walk","status_rec":"walk","reason":"Shortest route already under threshold (dose 76).","safe_until_hour":null}},{"type":"Feature","geometry":{"type":"Polygon","coordinates":[[[-81.40773999971965,28.57683000000887],[-81.40773499969677,28.57645699983226],[-81.40773499969677,28.576416000040957],[-81.40773600042,28.57637800035479],[-81.40771399978037,28.57637800035479],[-81.40768500036638,28.57637800035479],[-81.40764900038137,28.57637700005145],[-81.4075389998782,28.57637700005145],[-81.40750899974097,28.57637700005145],[-81.40743799959586,28.576375999748098],[-81.40722500005884,28.576375999748098],[-81.40715499973864,28.576375999748098],[-81.40713100034749,28.576375999748098],[-81.40710500040825,28.576375999748098],[-81.40710500040825,28.576591000058507],[-81.40711100025602,28.57690099991593],[-81.40711799992872,28.577314000047256],[-81.4072080003404,28.577312000247268],[-81.40725099999811,28.577312000247268],[-81.4073070000746,28.577309999658425],[-81.40747799977882,28.5773070003527],[-81.40750100024337,28.5773070003527],[-81.40753499968024,28.577304999763744],[-81.40757999988607,28.577301999669054],[-81.40757999988607,28.577232999834195],[-81.40757499986321,28.57683199981808],[-81.40773999971965,28.57683000000887]]]},"properties":{"block_id":"120950187001014","school_id":"sch_orlando_science_middle_high_charter","kids_est":0,"class":"green","shortest":{"len_m":1132.2,"mean_c":37.4,"peak_c":37.4,"dose":69.0},"coolest":{"len_m":1132.2,"mean_c":37.4,"peak_c":37.4,"dose":69.0},"delta_mean_c":0.0,"delta_dose_pct":0,"distance_mi":0.392,"status_now":"walk","status_rec":"walk","reason":"Shortest route already under threshold (dose 69).","safe_until_hour":null}},{"type":"Feature","geometry":{"type":"Polygon","coordinates":[[[-81.4153470000209,28.586426000348506],[-81.41533500032533,28.58543100032279],[-81.41518299998938,28.585431999751183],[-81.41501399993497,28.585432999968383],[-81.41450799959668,28.585435999831148],[-81.4143400002655,28.58543800026549],[-81.41415000029471,28.58543899969381],[-81.41358000038232,28.585442000345225],[-81.41339100023643,28.585443999990613],[-81.41336399957393,28.585443999990613],[-81.41328199955817,28.585443999990613],[-81.4132559996189,28.585445000207724],[-81.41309599978533,28.585445999635976],[-81.41313400031848,28.585529000266906],[-81.41343399989412,28.586087999787186],[-81.41363300008575,28.586461999933533],[-81.41363800010863,28.58678900020105],[-81.41363899993354,28.586824999661786],[-81.41363899993354,28.58697799999322],[-81.41367499991856,28.587008999955923],[-81.41373699984284,28.58704100011139],[-81.41378299987359,28.587054000369],[-81.41382999972924,28.587058999800185],[-81.41462200029781,28.587043999928266],[-81.41492000022365,28.587045000130146],[-81.41502499980562,28.587045000130146],[-81.41502599963053,28.586979000195736],[-81.4150239999807,28.58678799999674],[-81.41501999978276,28.586429000182935],[-81.4153470000209,28.586426000348506]]]},"properties":{"block_id":"120950124031036","school_id":"sch_orlando_science_middle_high_charter","kids_est":0,"class":"red","shortest":{"len_m":2314.8,"mean_c":37.4,"peak_c":37.5,"dose":141.0},"coolest":{"len_m":2314.8,"mean_c":37.4,"peak_c":37.5,"dose":141.0},"delta_mean_c":0.0,"delta_dose_pct":0,"distance_mi":0.861,"status_now":"walk","status_rec":"bus_eligible","reason":"Coolest route mean 37.4C exceeds threshold (110 C-min dose, actual 141).","safe_until_hour":"14:00"}},{"type":"Feature","geometry":{"type":"Polygon","coordinates":[[[-81.4165859995799,28.585511000316185],[-81.41659200032599,28.585416000218675],[-81.41652399965561,28.58541699964721],[-81.41648699984569,28.585417999864575],[-81.41622599972978,28.585421999945005],[-81.41592899962886,28.585427000242625],[-81.41544300028038,28.585430000105543],[-81.41533500032533,28.58543100032279],[-81.4153470000209,28.586426000348506],[-81.41501999978276,28.586429000182935],[-81.4150239999807,28.58678799999674],[-81.41502599963053,28.586979000195736],[-81.41502499980562,28.587045000130146],[-81.41514799982926,28.587045000130146],[-81.41559499971802,28.58705099976359],[-81.41648299964773,28.587046000332013],[-81.41658099955701,28.587046000332013],[-81.41659200032599,28.586758000173486],[-81.41656999968636,28.58573800030132],[-81.4165859995799,28.585511000316185]]]},"properties":{"block_id":"120950124031062","school_id":"sch_orlando_science_middle_high_charter","kids_est":0,"class":"red","shortest":{"len_m":1844.9,"mean_c":37.39,"peak_c":37.5,"dose":112.6},"coolest":{"len_m":1844.9,"mean_c":37.39,"peak_c":37.5,"dose":112.6},"delta_mean_c":0.0,"delta_dose_pct":0,"distance_mi":0.884,"status_now":"walk","status_rec":"bus_eligible","reason":"Coolest route mean 37.4C exceeds threshold (110 C-min dose, actual 113).","safe_until_hour":"14:00"}},{"type":"Feature","geometry":{"type":"Polygon","coordinates":[[[-81.41430000008253,28.580896999950067],[-81.41429000003679,28.580225000341084],[-81.41428599983884,28.580006000072647],[-81.41428099981596,28.57991000025427],[-81.41380799998794,28.57991099973513],[-81.41371599992644,28.579912000004857],[-81.41320299991544,28.579916000294787],[-81.41312400027273,28.579916000294787],[-81.41268999990447,28.5799199997957],[-81.41249900010875,28.57992100006535],[-81.41192699964822,28.57992599983566],[-81.41173699967743,28.579928000374757],[-81.4118689999219,28.580009000090214],[-81.41196900037933,28.580091000011265],[-81.4120239997326,28.580150000030354],[-81.41205600041796,28.580184999919034],[-81.4121290002129,28.58028799977191],[-81.41217500024365,28.580381000027273],[-81.41221100022865,28.580477000204553],[-81.41223600034301,28.580576999770194],[-81.41224899986351,28.580677000029613],[-81.41225600043451,28.58119000009403],[-81.41226099955905,28.58155599985144],[-81.41227999982563,28.58217799985829],[-81.41228099965056,28.582221000265594],[-81.41233000005435,28.58341300011819],[-81.41233500007722,28.583544000242824],[-81.41235599999361,28.583544000242824],[-81.41239799982642,28.583544000242824],[-81.41234299957482,28.581801000285665],[-81.41233199970416,28.580910000178342],[-81.41323600042573,28.580904000194575],[-81.4132349997025,28.58082200011853],[-81.41327700043361,28.580828000107026],[-81.4133259999391,28.580837000089137],[-81.41337399961968,28.580847999803197],[-81.41340700012995,28.580856999783578],[-81.4134599998334,28.580873000009777],[-81.41349800036656,28.58088600024107],[-81.41354600004712,28.580904000194575],[-81.41358500040518,28.580920999884817],[-81.41362700023797,28.58094000009229],[-81.41366200039808,28.580958000036564],[-81.41369300036023,28.580975999977742],[-81.41372699979708,28.580995999645772],[-81.41375399956128,28.58101400036932],[-81.4137839996985,28.581034000030158],[-81.4138339999272,28.58107100014208],[-81.4138609996914,28.581093999778727],[-81.41389000000372,28.58111899992676],[-81.4139319998365,28.581158999993594],[-81.41396199997372,28.581191000351595],[-81.41399600030891,28.58123000013387],[-81.41402800009597,28.581270999626366],[-81.41404999983729,28.581301000226144],[-81.41407099975369,28.581335000264534],[-81.41409199967006,28.58136900029187],[-81.4141079995636,28.581399000074896],[-81.41412299963221,28.58142899984936],[-81.414136000051,28.581456999894037],[-81.41414799974658,28.58148499993131],[-81.41416100016536,28.58151899991016],[-81.41417500040906,28.581561000332883],[-81.41418399973159,28.58159299977977],[-81.41417500040906,28.58121800020241],[-81.41416600018822,28.580898000210418],[-81.41425300022686,28.5808959996897],[-81.41430000008253,28.580896999950067]]]},"properties":{"block_id":"120950124031050","school_id":"sch_orlando_science_middle_high_charter","kids_est":0,"class":"red","shortest":{"len_m":2425.6,"mean_c":37.4,"peak_c":37.5,"dose":147.6},"coolest":{"len_m":2425.6,"mean_c":37.4,"peak_c":37.5,"dose":147.6},"delta_mean_c":0.0,"delta_dose_pct":0,"distance_mi":0.473,"status_now":"walk","status_rec":"bus_eligible","reason":"Coolest route mean 37.4C exceeds threshold (110 C-min dose, actual 148).","safe_until_hour":"13:00"}},{"type":"Feature","geometry":{"type":"Polygon","coordinates":[[[-81.42580999973191,28.581757999706607],[-81.42580399988412,28.581279000102704],[-81.42578399979264,28.581151999766067],[-81.42578399979264,28.581101000010108],[-81.4257510001807,28.580989000196237],[-81.42569799957893,28.580853999790207],[-81.42563099963178,28.580724999994118],[-81.42555000033923,28.580611000042634],[-81.4254569995545,28.580502999974563],[-81.42535299979741,28.5804039998148],[-81.42524200036766,28.580317000386295],[-81.42512199981874,28.58023999960796],[-81.42499399977223,28.58017400013556],[-81.42486700044894,28.580122999905353],[-81.4247100000901,28.580077000202436],[-81.4245900004395,28.580051999806628],[-81.4245069997005,28.58004100000926],[-81.42427499989692,28.580012000107644],[-81.42390500000104,28.579980000179777],[-81.42365599958072,28.579980000179777],[-81.42291099976613,28.579983000198084],[-81.42266300006901,28.5799849999473],[-81.42264600035058,28.5799849999473],[-81.42259600012186,28.5799849999473],[-81.42258000022835,28.5799849999473],[-81.42258500025123,28.580195000223185],[-81.42260100014474,28.580832000362122],[-81.42269499985606,28.58082999984016],[-81.42467699957982,28.58082099985745],[-81.42469800039453,28.581617000344565],[-81.42470099986926,28.581761999926336],[-81.42479600030383,28.581760999674202],[-81.42548000001904,28.581757999706607],[-81.42570900034791,28.581757999706607],[-81.42580999973191,28.581757999706607]]]},"properties":{"block_id":"120950124031066","school_id":"sch_orlando_science_middle_high_charter","kids_est":0,"class":"green","shortest":{"len_m":1737.7,"mean_c":37.38,"peak_c":37.5,"dose":105.7},"coolest":{"len_m":1737.7,"mean_c":37.38,"peak_c":37.5,"dose":105.7},"delta_mean_c":0.0,"delta_dose_pct":0,"distance_mi":0.851,"status_now":"walk","status_rec":"walk","reason":"Shortest route already under threshold (dose 106).","safe_until_hour":null}},{"type":"Feature","geometry":{"type":"Polygon","coordinates":[[[-81.41679399999236,28.585419000081924],[-81.41678899996948,28.585203999674892],[-81.41676499968003,28.58437600013931],[-81.41676600040327,28.58426500009754],[-81.4167539998094,28.58397799965246],[-81.41675100033464,28.583591999687627],[-81.41671600017455,28.583591999687627],[-81.41663199961064,28.583594000157046],[-81.41655899981572,28.583595000391735],[-81.41654600029524,28.583919999646],[-81.41654000044745,28.584266000325844],[-81.41654499957201,28.58439100039182],[-81.4165570001659,28.584657999953016],[-81.41655899981572,28.584697000027163],[-81.41657100040959,28.58509500015919],[-81.41657499970924,28.58523100007305],[-81.41659200032599,28.585416000218675],[-81.41663499998369,28.5854150000013],[-81.41667299961853,28.5854150000013],[-81.41668500021241,28.5854150000013],[-81.41672100019743,28.585416000218675],[-81.41673399971789,28.58541699964721],[-81.41674600031179,28.58541699964721],[-81.41678200029678,28.585417999864575],[-81.41679399999236,28.585419000081924]]]},"properties":{"block_id":"120950124031027","school_id":"sch_orlando_science_middle_high_charter","kids_est":0,"class":"green","shortest":{"len_m":1614.5,"mean_c":37.4,"peak_c":37.5,"dose":98.4},"coolest":{"len_m":1614.5,"mean_c":37.4,"peak_c":37.5,"dose":98.4},"delta_mean_c":0.0,"delta_dose_pct":0,"distance_mi":0.779,"status_now":"walk","status_rec":"walk","reason":"Shortest route already under threshold (dose 98).","safe_until_hour":null}},{"type":"Feature","geometry":{"type":"Polygon","coordinates":[[[-81.41238399958272,28.5853779998401],[-81.41240200002437,28.585199000155505],[-81.41233799955194,28.58362800024289],[-81.41227599962768,28.583628999688486],[-81.41191400012775,28.58363299983697],[-81.41181600021844,28.583635000305613],[-81.41099100003794,28.58363800021966],[-81.41006600029829,28.58364699996128],[-81.40987200012954,28.58364899964082],[-81.40956300033305,28.58365899961559],[-81.40945200000498,28.583675000204273],[-81.40958000005149,28.58391500006557],[-81.40992800020602,28.584564000099178],[-81.409968000389,28.584561999648205],[-81.41015599981168,28.584559999986038],[-81.41027899983531,28.584793000208784],[-81.4108339996791,28.584790999762173],[-81.4108610003416,28.585236000379687],[-81.4108270000064,28.585236000379687],[-81.4108270000064,28.585323999901224],[-81.41090399999929,28.585323999901224],[-81.41090499982423,28.58540999970311],[-81.41090499982423,28.585467999676506],[-81.41094900020515,28.585467000248457],[-81.4110029997335,28.585467000248457],[-81.41145299999529,28.585461999952734],[-81.41169200036988,28.585460000307688],[-81.41238100010797,28.58545200014948],[-81.41238100010797,28.58542300016232],[-81.4123829997578,28.585392999949626],[-81.41238399958272,28.5853779998401]]]},"properties":{"block_id":"120950124031041","school_id":"sch_orlando_science_middle_high_charter","kids_est":0,"class":"red","shortest":{"len_m":2106.0,"mean_c":37.4,"peak_c":37.4,"dose":128.4},"coolest":{"len_m":2106.0,"mean_c":37.4,"peak_c":37.4,"dose":128.4},"delta_mean_c":0.0,"delta_dose_pct":0,"distance_mi":0.743,"status_now":"walk","status_rec":"bus_eligible","reason":"Coolest route mean 37.4C exceeds threshold (110 C-min dose, actual 128).","safe_until_hour":"14:00"}},{"type":"Feature","geometry":{"type":"Polygon","coordinates":[[[-81.41612299979761,28.57526699987119],[-81.41611600012493,28.574410000334936],[-81.41579599955946,28.572522000194958],[-81.4154380002575,28.571163999917193],[-81.41538499965573,28.57094600007336],[-81.41523200039316,28.570320000051954],[-81.41514600017945,28.56996199961591],[-81.4151429998064,28.56994699967244],[-81.41511100001935,28.569953000281235],[-81.41473699992554,28.570007999797458],[-81.41292199970805,28.570275000368177],[-81.41283700021756,28.570286999970197],[-81.41266499979011,28.57033400037041],[-81.41209900007566,28.57047100000726],[-81.41095900025088,28.57081500003675],[-81.41028700023122,28.57094499971838],[-81.41000299965079,28.571015000087222],[-81.41004700003171,28.571185999789535],[-81.41006799994811,28.571268000277055],[-81.41007200014609,28.571311999973588],[-81.41008300001673,28.571878999723538],[-81.41010599958295,28.572027000351962],[-81.41013300024545,28.572127999616573],[-81.41018299957585,28.57224999966904],[-81.41025299989604,28.572367000239595],[-81.4103340000869,28.572471000199247],[-81.41042899962314,28.57256600015592],[-81.41053599975326,28.572650000245524],[-81.41065600030217,28.572724000043497],[-81.41078299962547,28.572783000250197],[-81.4109170004181,28.57282799965023],[-81.41105899981,28.572858999839305],[-81.41116699976503,28.572872000272152],[-81.41127600044328,28.572877000377513],[-81.41134699969008,28.57287600004089],[-81.41392699981363,28.57285599961781],[-81.41410900028683,28.57286299960854],[-81.41428900021188,28.572886999798616],[-81.41446599976389,28.572926999840274],[-81.41458100028993,28.57296300010145],[-81.41466400013061,28.572994999797373],[-81.41482599961401,28.573069000141537],[-81.41492900044447,28.57312699982058],[-81.4150030000643,28.573173999741037],[-81.41505800031591,28.573216000340395],[-81.4151410001566,28.57327900002466],[-81.41526699965496,28.573394999908036],[-81.4153470000209,28.57348799994666],[-81.41537799998305,28.573522999685384],[-81.41543300023463,28.573604999929287],[-81.415486999763,28.573683999911456],[-81.41556299993097,28.573831000039885],[-81.41559399989312,28.57390600012285],[-81.41562800022828,28.57400899981305],[-81.41565499999248,28.574114000052198],[-81.41567599990888,28.574246999783853],[-81.41569299962731,28.57448699985886],[-81.41572299976454,28.57480199961941],[-81.41573899965806,28.57497399979427],[-81.41575000042704,28.57502099967847],[-81.41576999962021,28.575065999698978],[-81.4157980001076,28.57510800033187],[-81.41585199963598,28.57516099967911],[-81.41591399956025,28.57519800027921],[-81.41598100040571,28.575228999769962],[-81.41605000000268,28.57525199989515],[-81.41612299979761,28.57526699987119]]]},"properties":{"block_id":"120950187001010","school_id":"sch_orlando_science_middle_high_charter","kids_est":0,"class":"green","shortest":{"len_m":404.9,"mean_c":37.4,"peak_c":37.4,"dose":25.0},"coolest":{"len_m":404.9,"mean_c":37.4,"peak_c":37.4,"dose":25.0},"delta_mean_c":0.0,"delta_dose_pct":0,"distance_mi":0.133,"status_now":"walk","status_rec":"walk","reason":"Shortest route already under threshold (dose 25).","safe_until_hour":null}},{"type":"Feature","geometry":{"type":"Polygon","coordinates":[[[-81.41661900009018,28.587896999866654],[-81.41660200037173,28.587493999887094],[-81.41658099955701,28.587046000332013],[-81.41648299964773,28.587046000332013],[-81.41559499971802,28.58705099976359],[-81.41514799982926,28.587045000130146],[-81.41502499980562,28.587045000130146],[-81.41492000022365,28.587045000130146],[-81.41462200029781,28.587043999928266],[-81.41382999972924,28.587058999800185],[-81.41378299987359,28.587054000369],[-81.41373699984284,28.58704100011139],[-81.41367499991856,28.587008999955923],[-81.41363899993354,28.58697799999322],[-81.41363899993354,28.586824999661786],[-81.41363800010863,28.58678900020105],[-81.41363300008575,28.586461999933533],[-81.41343399989412,28.586087999787186],[-81.41313400031848,28.585529000266906],[-81.41309599978533,28.585445999635976],[-81.41293500012684,28.58544699985306],[-81.41280500043051,28.58544800007012],[-81.41267400001092,28.58544999971542],[-81.4124120000701,28.58545200014948],[-81.41238100010797,28.58545200014948],[-81.41169200036988,28.585460000307688],[-81.41145299999529,28.585461999952734],[-81.4110029997335,28.585467000248457],[-81.41094900020515,28.585467000248457],[-81.41090499982423,28.585467999676506],[-81.41078900037157,28.585468999893376],[-81.4107359997698,28.58547000011024],[-81.41063299983763,28.585471000327097],[-81.41056800043863,28.585471999755107],[-81.41032499986608,28.585467000248457],[-81.41030800014764,28.585467000248457],[-81.4106360002107,28.58602399967526],[-81.41083700005215,28.586357999608744],[-81.41129700035968,28.587149999976305],[-81.41151900011754,28.587145999961542],[-81.41229800026731,28.58713799993155],[-81.4127350001103,28.58796900038351],[-81.41195500013562,28.587973999771183],[-81.41173300037778,28.587968000190408],[-81.41189300021135,28.588286000374396],[-81.4120730001364,28.5885789996504],[-81.41218799976413,28.588548000150592],[-81.41221399970341,28.588541999813774],[-81.41232599985639,28.588520999815458],[-81.41280000040761,28.58846199976014],[-81.41281899977588,28.588460000172137],[-81.41299700005112,28.58844300012295],[-81.41322399983184,28.588422000104867],[-81.41331000004557,28.5884180001385],[-81.41332199974114,28.588416999949672],[-81.41340700012995,28.58841400017197],[-81.41364300013151,28.58840900001646],[-81.41430099990744,28.588405000049598],[-81.4146280001456,28.588403999860656],[-81.41483599965974,28.58840200027155],[-81.41500200023941,28.588401000082584],[-81.41612500034577,28.58839499973738],[-81.41648600002077,28.58839400033714],[-81.41650000026448,28.58839400033714],[-81.41654499957201,28.58839199995904],[-81.4165859995799,28.58839199995904],[-81.41661900009018,28.587896999866654]]]},"properties":{"block_id":"120950124031037","school_id":"sch_orlando_science_middle_high_charter","kids_est":0,"class":"red","shortest":{"len_m":2177.9,"mean_c":37.4,"peak_c":37.5,"dose":132.7},"coolest":{"len_m":2177.9,"mean_c":37.4,"peak_c":37.5,"dose":132.7},"delta_mean_c":0.0,"delta_dose_pct":0,"distance_mi":0.922,"status_now":"walk","status_rec":"bus_eligible","reason":"Coolest route mean 37.4C exceeds threshold (110 C-min dose, actual 133).","safe_until_hour":"14:00"}},{"type":"Feature","geometry":{"type":"Polygon","coordinates":[[[-81.41270599979798,28.57815799981298],[-81.41270499997309,28.57810899996787],[-81.41270199960002,28.577962000295447],[-81.41270199960002,28.577913000358965],[-81.41239399962846,28.577913000358965],[-81.41147399991168,28.577916999936043],[-81.41116699976503,28.57791800022474],[-81.41116799958994,28.577967000158893],[-81.41117099996299,28.57811399982432],[-81.4111719997879,28.578163999953443],[-81.41147800010964,28.578162000169627],[-81.41239899965132,28.57815799981298],[-81.41270599979798,28.57815799981298]]]},"properties":{"block_id":"120950124031061","school_id":"sch_orlando_science_middle_high_charter","kids_est":0,"class":"green","shortest":{"len_m":1293.0,"mean_c":37.42,"peak_c":37.5,"dose":79.3},"coolest":{"len_m":1293.0,"mean_c":37.42,"peak_c":37.5,"dose":79.3},"delta_mean_c":0.0,"delta_dose_pct":0,"distance_mi":0.303,"status_now":"walk","status_rec":"walk","reason":"Shortest route already under threshold (dose 79).","safe_until_hour":null}},{"type":"Feature","geometry":{"type":"Polygon","coordinates":[[[-81.41671600017455,28.583591999687627],[-81.41675100033464,28.583591999687627],[-81.4167129998015,28.582394000387524],[-81.41670899960354,28.582240999696914],[-81.41670500030389,28.581907000096994],[-81.41670399958068,28.581766999609126],[-81.41669799973288,28.581249000285453],[-81.4166709999687,28.58115499975094],[-81.41666699977074,28.58110899971053],[-81.41665900027314,28.580823999851777],[-81.4166490002274,28.580018999622254],[-81.41661099969426,28.579860000166214],[-81.41656700021163,28.579363000381264],[-81.41654799994507,28.578763000157828],[-81.41652399965561,28.578458000106],[-81.41651100013515,28.57812600010993],[-81.41644199963984,28.57812699960775],[-81.41640499982992,28.57812699960775],[-81.4163529999514,28.57812699960775],[-81.4163670001951,28.57831799976019],[-81.41640700037807,28.579558999654733],[-81.41642599974632,28.580019999890887],[-81.41647400032522,28.5811709999318],[-81.41651399960986,28.582036000020967],[-81.41651000031023,28.582243999650732],[-81.41652700002867,28.58292899974783],[-81.41655899981572,28.583595000391735],[-81.41663199961064,28.583594000157046],[-81.41671600017455,28.583591999687627]]]},"properties":{"block_id":"120950124031034","school_id":"sch_orlando_science_middle_high_charter","kids_est":0,"class":"green","shortest":{"len_m":1168.9,"mean_c":37.4,"peak_c":37.5,"dose":71.5},"coolest":{"len_m":1168.9,"mean_c":37.4,"peak_c":37.5,"dose":71.5},"delta_mean_c":0.0,"delta_dose_pct":0,"distance_mi":0.549,"status_now":"walk","status_rec":"walk","reason":"Shortest route already under threshold (dose 72).","safe_until_hour":null}},{"type":"Feature","geometry":{"type":"Polygon","coordinates":[[[-81.42252300032693,28.578096999680312],[-81.42252199960372,28.57806900031882],[-81.42250700043343,28.577736999883754],[-81.42250599971018,28.577706999845077],[-81.42247899994601,28.57677599962531],[-81.42248099959582,28.57662199992759],[-81.42248399996888,28.576416000040957],[-81.42247999977091,28.57626100030064],[-81.42246999972517,28.57588599985705],[-81.42246999972517,28.575856000079366],[-81.42245999967943,28.575452000188694],[-81.42245899985453,28.575369999806664],[-81.42236299959504,28.57537100011957],[-81.42204600030095,28.57539799988657],[-81.42184000043665,28.57540200034817],[-81.42156400025212,28.57540600002073],[-81.42096400020249,28.575414999677875],[-81.42081799971432,28.57541799982638],[-81.42077599988151,28.57541900013883],[-81.42064199998723,28.575430999943006],[-81.42048499962837,28.575459000006678],[-81.42029200018284,28.575513000277493],[-81.42020799961894,28.57554600029785],[-81.42012399995336,28.575584000284568],[-81.42004600013556,28.575625999921744],[-81.41991200024125,28.57571600021481],[-81.41984000027122,28.575770999873896],[-81.41971499969942,28.575884000029923],[-81.41965000030042,28.575957999919645],[-81.41959599987375,28.576026999801957],[-81.41949499959141,28.576183000192255],[-81.41942099997158,28.576347999928515],[-81.41939400020738,28.576440999723193],[-81.419373000291,28.57653499973743],[-81.41935499984933,28.576691000163247],[-81.41935300019951,28.576794999792668],[-81.41935200037462,28.576852000274087],[-81.4193670004432,28.57754100037056],[-81.41936800026812,28.577646999742132],[-81.41936900009303,28.57769800038403],[-81.41937199956777,28.577853999873874],[-81.41937400011591,28.577965000371307],[-81.41937699959065,28.578072000391654],[-81.41937699959065,28.57809799996729],[-81.41937800031387,28.578112000039532],[-81.41952399990373,28.578110000254735],[-81.41954599964505,28.57810899996787],[-81.41996199957165,28.57810799968099],[-81.42010899988475,28.578107000182996],[-81.42059099993358,28.578102999824264],[-81.42171400003994,28.578096999680312],[-81.42203999955485,28.578096999680312],[-81.42252300032693,28.578096999680312]]]},"properties":{"block_id":"120950187002001","school_id":"sch_orlando_science_middle_high_charter","kids_est":0,"class":"green","shortest":{"len_m":1723.0,"mean_c":37.39,"peak_c":37.5,"dose":105.0},"coolest":{"len_m":1723.0,"mean_c":37.39,"peak_c":37.5,"dose":105.0},"delta_mean_c":0.0,"delta_dose_pct":0,"distance_mi":0.542,"status_now":"walk","status_rec":"walk","reason":"Shortest route already under threshold (dose 105).","safe_until_hour":null}},{"type":"Feature","geometry":{"type":"Polygon","coordinates":[[[-81.40942299969265,28.583679000351065],[-81.40945200000498,28.583675000204273],[-81.40869999961937,28.58225399975905],[-81.40835499983788,28.581619000062688],[-81.40833100044674,28.58156000007884],[-81.40825899957842,28.581443000267022],[-81.40810600031585,28.58115300002399],[-81.40799800036082,28.580946000074047],[-81.40797900009424,28.58091099964975],[-81.40791700016997,28.580944000343127],[-81.40795099960684,28.581005999872815],[-81.40828799989073,28.581623999752285],[-81.40863100002241,28.58225399975905],[-81.40865000028897,28.582288000278187],[-81.40921299963037,28.583357000274045],[-81.40938099985986,28.583689000322988],[-81.40942299969265,28.583679000351065]]]},"properties":{"block_id":"120950124031047","school_id":"sch_orlando_science_middle_high_charter","kids_est":0,"class":"green","shortest":{"len_m":1670.6,"mean_c":37.4,"peak_c":37.4,"dose":101.9},"coolest":{"len_m":1670.6,"mean_c":37.4,"peak_c":37.4,"dose":101.9},"delta_mean_c":0.0,"delta_dose_pct":0,"distance_mi":0.641,"status_now":"walk","status_rec":"walk","reason":"Shortest route already under threshold (dose 102).","safe_until_hour":null}},{"type":"Feature","geometry":{"type":"Polygon","coordinates":[[[-81.40744699981668,28.57812699960775],[-81.40744900036484,28.578115999609043],[-81.40744599999177,28.578101000039275],[-81.40744000014399,28.578055999739334],[-81.40743799959586,28.578041000161004],[-81.40740900018186,28.578039000374844],[-81.40732399979304,28.578035000013518],[-81.40729600020396,28.578033999725953],[-81.4072440003254,28.578035000013518],[-81.40712600032464,28.578039000374844],[-81.40712600032464,28.578121000254054],[-81.40712600032464,28.578145000033444],[-81.40712600032464,28.578198000217057],[-81.40731999959507,28.57820300006927],[-81.40744099996891,28.578198000217057],[-81.40744500016687,28.578171999877245],[-81.40744500016687,28.57816000038577],[-81.40744599999177,28.578140999676148],[-81.40744699981668,28.57812699960775]]]},"properties":{"block_id":"120950124031057","school_id":"sch_orlando_science_middle_high_charter","kids_est":0,"class":"green","shortest":{"len_m":1169.2,"mean_c":37.4,"peak_c":37.4,"dose":71.2},"coolest":{"len_m":1169.2,"mean_c":37.4,"peak_c":37.4,"dose":71.2},"delta_mean_c":0.0,"delta_dose_pct":0,"distance_mi":0.452,"status_now":"walk","status_rec":"walk","reason":"Shortest route already under threshold (dose 71).","safe_until_hour":null}},{"type":"Feature","geometry":{"type":"Polygon","coordinates":[[[-81.4081029999428,28.574464000355313],[-81.40808299985133,28.574314999676655],[-81.40806699995778,28.574229999803798],[-81.40798599976695,28.573959000075604],[-81.40789200005561,28.57367699997536],[-81.4078619999184,28.573601999729128],[-81.40774999976539,28.573632999690115],[-81.40664199972764,28.57400000003563],[-81.40680400010936,28.57441200019009],[-81.4069539998972,28.575010999671292],[-81.40699499990507,28.57526300019329],[-81.40706500022527,28.575688999740535],[-81.40707400044612,28.575933000122607],[-81.407103999685,28.576183999708537],[-81.40710500040825,28.576375999748098],[-81.40713100034749,28.576375999748098],[-81.40715499973864,28.576375999748098],[-81.40722500005884,28.576375999748098],[-81.40743799959586,28.576375999748098],[-81.40750899974097,28.57637700005145],[-81.4075389998782,28.57637700005145],[-81.40753800005328,28.576289999658666],[-81.40753399985532,28.575964000185603],[-81.40753100038059,28.575783999946896],[-81.40771799997835,28.575782000117822],[-81.40771399978037,28.575462999677075],[-81.40802799959975,28.575459000006678],[-81.40802799959975,28.575321000240553],[-81.40795700035295,28.575198999804908],[-81.40793600043655,28.574591000089452],[-81.40794099956109,28.574545000333906],[-81.4079620003758,28.574508000292983],[-81.40798400011712,28.574491000355103],[-81.408025000125,28.5744789996548],[-81.4081029999428,28.574464000355313]]]},"properties":{"block_id":"120950187001013","school_id":"sch_orlando_science_middle_high_charter","kids_est":0,"class":"green","shortest":{"len_m":796.4,"mean_c":37.4,"peak_c":37.4,"dose":48.6},"coolest":{"len_m":796.4,"mean_c":37.4,"peak_c":37.4,"dose":48.6},"delta_mean_c":0.0,"delta_dose_pct":0,"distance_mi":0.336,"status_now":"walk","status_rec":"walk","reason":"Shortest route already under threshold (dose 49).","safe_until_hour":null}},{"type":"Feature","geometry":{"type":"Polygon","coordinates":[[[-81.42258000022835,28.5799849999473],[-81.42257100000751,28.579654999793494],[-81.42254699971807,28.578665000219473],[-81.42254000004537,28.578362999948034],[-81.42253800039555,28.57833600015319],[-81.4225350000225,28.578287999887284],[-81.42252599980168,28.57814399974691],[-81.42252300032693,28.578096999680312],[-81.42203999955485,28.578096999680312],[-81.42171400003994,28.578096999680312],[-81.42059099993358,28.578102999824264],[-81.42010899988475,28.578107000182996],[-81.41996199957165,28.57810799968099],[-81.41954599964505,28.57810899996787],[-81.41952399990373,28.578110000254735],[-81.41937800031387,28.578112000039532],[-81.41929999959774,28.578112000039532],[-81.41907600019007,28.578113000326386],[-81.41908200003786,28.578247000020756],[-81.41908299986278,28.57839100002013],[-81.41908399968767,28.57846900006892],[-81.41908799988563,28.5787679999832],[-81.41900300039514,28.578769000263726],[-81.41889799991485,28.578769999755504],[-81.41885500025712,28.578769999755504],[-81.41868000035495,28.578772000316576],[-81.41861400023271,28.57877299980831],[-81.41861099985967,28.57920899973799],[-81.4187470003021,28.57919499981175],[-81.41901300044087,28.579196000088285],[-81.4193880003596,28.579197000364754],[-81.41939400020738,28.579149999979872],[-81.41938400016164,28.578394000083765],[-81.4194510001088,28.57884200021066],[-81.41946199997945,28.579432999881963],[-81.41946700000233,28.57969100011874],[-81.4194729998501,28.58000100030614],[-81.41956099971365,28.58000100030614],[-81.4197039998288,28.580000000037252],[-81.41977400014899,28.580000000037252],[-81.41998699968602,28.579998999768378],[-81.42013399999911,28.579997000019432],[-81.42027799993915,28.579997000019432],[-81.42060799965203,28.579995999750516],[-81.42070800010944,28.579995000270472],[-81.42093900008814,28.57999400000153],[-81.42157400029785,28.57998699969645],[-81.42200100009512,28.579986000216316],[-81.42243200009034,28.5799849999473],[-81.42246100040266,28.5799849999473],[-81.4225500000911,28.5799849999473],[-81.42258000022835,28.5799849999473]]]},"properties":{"block_id":"120950124031074","school_id":"sch_orlando_science_middle_high_charter","kids_est":0,"class":"green","shortest":{"len_m":1405.3,"mean_c":37.39,"peak_c":37.5,"dose":85.8},"coolest":{"len_m":1405.3,"mean_c":37.39,"peak_c":37.5,"dose":85.8},"delta_mean_c":0.0,"delta_dose_pct":0,"distance_mi":0.61,"status_now":"walk","status_rec":"walk","reason":"Shortest route already under threshold (dose 86).","safe_until_hour":null}},{"type":"Feature","geometry":{"type":"Polygon","coordinates":[[[-81.40712600032464,28.578121000254054],[-81.40712600032464,28.578039000374844],[-81.40709199998945,28.578041000161004],[-81.40696800014089,28.5780289998657],[-81.40696599959274,28.578061000387194],[-81.40694499967636,28.578195000147836],[-81.40696599959274,28.578195999644993],[-81.40712600032464,28.578198000217057],[-81.40712600032464,28.578145000033444],[-81.40712600032464,28.578121000254054]]]},"properties":{"block_id":"120950124031056","school_id":"sch_orlando_science_middle_high_charter","kids_est":0,"class":"green","shortest":{"len_m":1173.3,"mean_c":37.4,"peak_c":37.4,"dose":71.5},"coolest":{"len_m":1173.3,"mean_c":37.4,"peak_c":37.4,"dose":71.5},"delta_mean_c":0.0,"delta_dose_pct":0,"distance_mi":0.463,"status_now":"walk","status_rec":"walk","reason":"Shortest route already under threshold (dose 72).","safe_until_hour":null}},{"type":"Feature","geometry":{"type":"Polygon","coordinates":[[[-81.41522900002013,28.579913000274573],[-81.41522900002013,28.579893999881573],[-81.41522599964708,28.57972900018577],[-81.41492699989634,28.579730999939805],[-81.41320000044071,28.579741999769603],[-81.41168300014907,28.579747999819713],[-81.41164899981388,28.57974900009099],[-81.41160299978313,28.57974900009099],[-81.41155299955442,28.57974900009099],[-81.41150599969873,28.579747999819713],[-81.41145700019325,28.579744999794702],[-81.41140799978945,28.579740000015782],[-81.41136699978156,28.57973599971916],[-81.4113059996822,28.57972799991431],[-81.41129499981155,28.579726000160225],[-81.41125999965145,28.579721000380403],[-81.41121699999374,28.57971400005715],[-81.41118299965855,28.579706999733446],[-81.4111800001838,28.579636000142756],[-81.41114400019882,28.57963100035867],[-81.41110400001584,28.57962400002943],[-81.41107700025167,28.579619000244747],[-81.41103399969563,28.579610999642142],[-81.410982999642,28.57959900031482],[-81.41094400018225,28.579587999681248],[-81.41089999980133,28.579575000078396],[-81.41085299994566,28.579559999927806],[-81.41081299976268,28.57954499977508],[-81.41077599995278,28.579529999620217],[-81.41074800036368,28.579518999768247],[-81.41059000017995,28.579451000084152],[-81.41057599993623,28.579443999742928],[-81.41052900008057,28.579418999985542],[-81.41040600005692,28.579342999613793],[-81.41040799970673,28.579400000292175],[-81.41040900042998,28.579463000217224],[-81.4104119999047,28.579653000038032],[-81.41041399955454,28.579717000083054],[-81.41041399955454,28.579730999939805],[-81.41041399955454,28.579755999623032],[-81.41041500027775,28.579811000325122],[-81.41041600010267,28.5798349997189],[-81.41041600010267,28.579855999874145],[-81.41042699997331,28.579884999818777],[-81.41044600023989,28.57990499969432],[-81.4104610003085,28.5799199997957],[-81.41049200027064,28.57993499989489],[-81.41052599970752,28.579939999664546],[-81.41071300020359,28.57993799991448],[-81.41148099958438,28.579930000125003],[-81.41173699967743,28.579928000374757],[-81.41192699964822,28.57992599983566],[-81.41249900010875,28.57992100006535],[-81.41268999990447,28.5799199997957],[-81.41312400027273,28.579916000294787],[-81.41320299991544,28.579916000294787],[-81.41371599992644,28.579912000004857],[-81.41380799998794,28.57991099973513],[-81.41428099981596,28.57991000025427],[-81.41433600006754,28.57991000025427],[-81.41442899995397,28.57991000025427],[-81.41486499997205,28.57991000025427],[-81.41495500038374,28.57991000025427],[-81.41505599976776,28.57991000025427],[-81.41522900002013,28.579913000274573]]]},"properties":{"block_id":"120950124031051","school_id":"sch_orlando_science_middle_high_charter","kids_est":0,"class":"green","shortest":{"len_m":1409.3,"mean_c":37.42,"peak_c":37.5,"dose":86.4},"coolest":{"len_m":1409.3,"mean_c":37.42,"peak_c":37.5,"dose":86.4},"delta_mean_c":0.0,"delta_dose_pct":0,"distance_mi":0.419,"status_now":"walk","status_rec":"walk","reason":"Shortest route already under threshold (dose 86).","safe_until_hour":null}},{"type":"Feature","geometry":{"type":"Polygon","coordinates":[[[-81.4157629999475,28.56987900011214],[-81.41573500035841,28.569778999843688],[-81.41572299976454,28.5697150000638],[-81.41555899973301,28.569731999984466],[-81.41510099997362,28.56977800026656],[-81.41511799969204,28.569845000315574],[-81.4151429998064,28.56994699967244],[-81.4157629999475,28.56987900011214]]]},"properties":{"block_id":"120950187001035","school_id":"sch_orlando_science_middle_high_charter","kids_est":0,"class":"green","shortest":{"len_m":909.2,"mean_c":37.39,"peak_c":37.5,"dose":55.2},"coolest":{"len_m":909.2,"mean_c":37.39,"peak_c":37.5,"dose":55.2},"delta_mean_c":0.0,"delta_dose_pct":0,"distance_mi":0.31,"status_now":"walk","status_rec":"walk","reason":"Shortest route already under threshold (dose 55).","safe_until_hour":null}},{"type":"Feature","geometry":{"type":"Polygon","coordinates":[[[-81.4151429998064,28.56994699967244],[-81.41511799969204,28.569845000315574],[-81.41510099997362,28.56977800026656],[-81.41458700013771,28.56983099993206],[-81.41392599998873,28.56989999988825],[-81.41303399986104,28.570042000330286],[-81.41099199986284,28.570584999903147],[-81.41028700023122,28.57094499971838],[-81.41095900025088,28.57081500003675],[-81.41209900007566,28.57047100000726],[-81.41266499979011,28.57033400037041],[-81.41283700021756,28.570286999970197],[-81.41292199970805,28.570275000368177],[-81.41473699992554,28.570007999797458],[-81.41511100001935,28.569953000281235],[-81.4151429998064,28.56994699967244]]]},"properties":{"block_id":"120950187001022","school_id":"sch_orlando_science_middle_high_charter","kids_est":0,"class":"green","shortest":{"len_m":782.1,"mean_c":37.36,"peak_c":37.4,"dose":47.5},"coolest":{"len_m":782.1,"mean_c":37.36,"peak_c":37.4,"dose":47.5},"delta_mean_c":0.0,"delta_dose_pct":0,"distance_mi":0.237,"status_now":"walk","status_rec":"walk","reason":"Shortest route already under threshold (dose 48).","safe_until_hour":null}},{"type":"Feature","geometry":{"type":"Polygon","coordinates":[[[-81.41773399980062,28.58540900027451],[-81.4177329999757,28.585384000357426],[-81.41773200015078,28.585311999648155],[-81.41773200015078,28.585287999926603],[-81.41772899977774,28.58510499999645],[-81.41772799995283,28.584716000341245],[-81.41772700012791,28.584237000011655],[-81.41759300023361,28.584249000387416],[-81.41722400016266,28.584266000325844],[-81.41698599961298,28.58426500009754],[-81.41676600040327,28.58426500009754],[-81.41676499968003,28.58437600013931],[-81.41678899996948,28.585203999674892],[-81.41679399999236,28.585419000081924],[-81.41689299972656,28.585421999945005],[-81.41698099959011,28.585420000299184],[-81.41754499965472,28.585410999920537],[-81.41773399980062,28.58540900027451]]]},"properties":{"block_id":"120950124031026","school_id":"sch_orlando_science_middle_high_charter","kids_est":0,"class":"red","shortest":{"len_m":1837.3,"mean_c":37.4,"peak_c":37.5,"dose":112.0},"coolest":{"len_m":1837.3,"mean_c":37.4,"peak_c":37.5,"dose":112.0},"delta_mean_c":0.0,"delta_dose_pct":0,"distance_mi":0.811,"status_now":"walk","status_rec":"bus_eligible","reason":"Coolest route mean 37.4C exceeds threshold (110 C-min dose, actual 112).","safe_until_hour":"14:00"}},{"type":"Feature","geometry":{"type":"Polygon","coordinates":[[[-81.41651100013515,28.57812600010993],[-81.41651299978497,28.577882000081473],[-81.4163889999364,28.57787700021399],[-81.41633500040805,28.577875999924913],[-81.41620999983627,28.577875999924913],[-81.41567300043414,28.577874000135612],[-81.415494000334,28.577874000135612],[-81.41537999963288,28.57787799971418],[-81.41531600005877,28.577880000292286],[-81.41526699965496,28.577883000370488],[-81.41493600011715,28.577896000182477],[-81.41478200013138,28.577901000049057],[-81.41460399985614,28.57790799970408],[-81.41422300008963,28.57790799970408],[-81.41308200043994,28.577910999781484],[-81.41270199960002,28.577913000358965],[-81.41270199960002,28.577962000295447],[-81.41270499997309,28.57810899996787],[-81.41270599979798,28.57815799981298],[-81.41297600013472,28.57815400024506],[-81.41307900006687,28.578151999672222],[-81.41324599957315,28.578151000174593],[-81.41391000009519,28.57814699981758],[-81.41420100034834,28.578145000033444],[-81.41457500044214,28.57814300024919],[-81.41467900019921,28.578140999676148],[-81.41499100036876,28.578138999891884],[-81.41509599995074,28.578138999891884],[-81.41513299976066,28.578138000394127],[-81.41524699956346,28.578138000394127],[-81.41528500009663,28.578138000394127],[-81.4155160000753,28.57813500032319],[-81.41620999983627,28.57812900018112],[-81.4163529999514,28.57812699960775],[-81.41640499982992,28.57812699960775],[-81.41644199963984,28.57812699960775],[-81.41651100013515,28.57812600010993]]]},"properties":{"block_id":"120950124031060","school_id":"sch_orlando_science_middle_high_charter","kids_est":0,"class":"green","shortest":{"len_m":987.4,"mean_c":37.43,"peak_c":37.5,"dose":60.7},"coolest":{"len_m":987.4,"mean_c":37.43,"peak_c":37.5,"dose":60.7},"delta_mean_c":0.0,"delta_dose_pct":0,"distance_mi":0.317,"status_now":"walk","status_rec":"walk","reason":"Shortest route already under threshold (dose 61).","safe_until_hour":null}}]}