{"type":"FeatureCollection","features":[{"type":"Feature","geometry":{"type":"Polygon","coordinates":[[[-81.38093199980217,28.657932999868507],[-81.38093799964996,28.657779000111784],[-81.38089499999224,28.657586999862765],[-81.38085099961131,28.65748200027994],[-81.38068999995284,28.657373999630824],[-81.38048900011138,28.65728899995409],[-81.38045300012638,28.657278999894828],[-81.38025300010983,28.657224000340282],[-81.38019000036064,28.65720700038608],[-81.38013400028414,28.657179000038283],[-81.3801090001698,28.657157000041273],[-81.38005300009328,28.65706900000702],[-81.38001499956013,28.656904000137903],[-81.37987399999315,28.656785000037715],[-81.37977199988589,28.656699999883443],[-81.37970400011383,28.65667299972726],[-81.37960600020453,28.656844000336093],[-81.37956600002157,28.656914999769423],[-81.37947899998294,28.657079999621214],[-81.37941000038596,28.657118000071016],[-81.37932300034733,28.657118000071016],[-81.37917400038441,28.65705800039172],[-81.378997999759,28.656970000274356],[-81.37893300035998,28.65706000025017],[-81.37892400013915,28.657074000046773],[-81.37891699956815,28.657140000076204],[-81.37892999998694,28.65731099992339],[-81.37892099976611,28.657388999705752],[-81.37891699956815,28.65743200006624],[-81.37889800019988,28.6574979998703],[-81.3788560003671,28.657551999750748],[-81.37879199989467,28.657635000155043],[-81.37871499990177,28.657698999985072],[-81.37868599958946,28.65776200024764],[-81.37863000041129,28.657817000308224],[-81.3786039995737,28.65784900017257],[-81.3785550000682,28.65790999971445],[-81.37848599957292,28.658113999979296],[-81.37846899985449,28.6581780003052],[-81.37843899971726,28.658294000254262],[-81.37843500041761,28.658304999739933],[-81.37842700002167,28.658337999766463],[-81.37842399964865,28.658350000346832],[-81.37838900038685,28.658518999966294],[-81.37838000016603,28.658565000002135],[-81.37831099967075,28.658773999739307],[-81.37821799978433,28.6590089998928],[-81.37815500003514,28.659169999965574],[-81.37826700018813,28.65920299971987],[-81.37833900015814,28.65921300038382],[-81.37842299982373,28.65922500007581],[-81.37856699976378,28.659220000138628],[-81.37867300006899,28.65915899978244],[-81.37883499955238,28.659005000250165],[-81.37899100008632,28.658901000028564],[-81.3790680000792,28.658858999788585],[-81.37908499979764,28.65885099970343],[-81.37924700017935,28.658806999618257],[-81.37931999997429,28.65877800017904],[-81.37940299981494,28.65874700011728],[-81.3793779997006,28.658619999641438],[-81.3793779997006,28.65859799994682],[-81.3793779997006,28.65845499984864],[-81.3794410003481,28.65837299961607],[-81.3795529996028,28.658284999814292],[-81.37961200005233,28.658261999737537],[-81.37975299961931,28.65820800022278],[-81.37983200016036,28.65810200016021],[-81.37983999965796,28.658092000178502],[-81.37993400026761,28.65798200031697],[-81.38000200003967,28.657944000180336],[-81.38016299969814,28.657934999710328],[-81.38029599976754,28.65792799986971],[-81.3803929998519,28.658002000300357],[-81.38062600037873,28.65818099966671],[-81.38069199960266,28.658216000357005],[-81.38080100028093,28.658274000326585],[-81.38087599972567,28.658108999989135],[-81.3808980003653,28.658037000262127],[-81.38093199980217,28.657932999868507]]]},"properties":{"block_id":"121170218061014","school_id":"sch_spring_lake_elementary_school","kids_est":6,"class":"red","shortest":{"len_m":9540.9,"mean_c":36.6,"peak_c":37.2,"dose":477.3},"coolest":{"len_m":9540.9,"mean_c":36.6,"peak_c":37.2,"dose":477.3},"delta_mean_c":0.0,"delta_dose_pct":0,"distance_mi":1.861,"status_now":"walk","status_rec":"bus_eligible","reason":"Coolest route mean 36.6C exceeds threshold (110 C-min dose, actual 477).","safe_until_hour":"11:00"}},{"type":"Feature","geometry":{"type":"Polygon","coordinates":[[[-81.40659800024503,28.660667999722],[-81.40660800029079,28.660368000105354],[-81.40587299962363,28.660355999755943],[-81.40366800031713,28.660323000364674],[-81.40293299964996,28.660312000302532],[-81.40214799965241,28.660298999654295],[-81.39979299965978,28.6602630001549],[-81.39900900038543,28.66025099979353],[-81.39900900038543,28.660371000192463],[-81.39900900038543,28.660689000269965],[-81.40035599989946,28.66070699994805],[-81.40258700004355,28.660722999834466],[-81.40500099958743,28.66074100029498],[-81.40518700025859,28.660743000083176],[-81.40659599969689,28.660752000312097],[-81.40659800024503,28.660667999722]]]},"properties":{"block_id":"121170217052020","school_id":"sch_spring_lake_elementary_school","kids_est":5,"class":"green","shortest":{"len_m":977.1,"mean_c":37.2,"peak_c":37.2,"dose":57.0},"coolest":{"len_m":977.2,"mean_c":37.19,"peak_c":37.2,"dose":56.9},"delta_mean_c":-0.01,"delta_dose_pct":0,"distance_mi":0.447,"status_now":"walk","status_rec":"walk","reason":"Shortest route already under threshold (dose 57).","safe_until_hour":null}},{"type":"Feature","geometry":{"type":"Polygon","coordinates":[[[-81.38136199997247,28.652595000041124],[-81.38135199992674,28.65238900012658],[-81.38120600033687,28.652203000108603],[-81.38113900038972,28.652035000139364],[-81.38082300002222,28.652035000139364],[-81.38057299977696,28.652033999768037],[-81.38023999969104,28.652033000185067],[-81.3799209998488,28.652033000185067],[-81.37961899972501,28.652031000230682],[-81.37888999980396,28.65202999985929],[-81.37803299983639,28.65202500036732],[-81.37803399966131,28.652076999959803],[-81.37803500038451,28.652188999661593],[-81.37803500038451,28.652327999737455],[-81.37803899968416,28.652992999893147],[-81.37804500043028,28.65403399966764],[-81.37804700008009,28.654516999992172],[-81.37804799990501,28.654633000050506],[-81.37801399956982,28.654633000050506],[-81.37681000017093,28.65496300037078],[-81.37590499962445,28.6550599997371],[-81.37512499964978,28.655504999832612],[-81.37566199995021,28.655501999606184],[-81.37568100021679,28.655488000387972],[-81.37573700029327,28.65539400007061],[-81.37582699980666,28.65533699963587],[-81.37584299970018,28.655327999730336],[-81.37598599981531,28.655311000257008],[-81.3760679998311,28.65530100000909],[-81.37620500009842,28.655334000192926],[-81.37628000044151,28.655411000318725],[-81.37619199967965,28.655509999946954],[-81.37603600004404,28.655504999832612],[-81.37590700017259,28.655518000287064],[-81.3758300001797,28.655527000176274],[-81.3757740001032,28.655597999713123],[-81.3758369998524,28.655702999606266],[-81.37591200019547,28.655730000012234],[-81.37590999964733,28.655768000163107],[-81.37591100037056,28.656341000187254],[-81.37590499962445,28.65674299973822],[-81.37596099970096,28.656907999860714],[-81.37606100015839,28.657031000327752],[-81.37607299985395,28.65704500012822],[-81.37609200012052,28.65707299972352],[-81.37622900038788,28.657121999785648],[-81.37632800012209,28.657270999689104],[-81.37634700038866,28.657359000342037],[-81.37634099964257,28.65740899980228],[-81.37634099964257,28.65745799970736],[-81.37633499979476,28.65750799990866],[-81.37635300023643,28.65754600020333],[-81.3763719996047,28.65756800011871],[-81.37639699971906,28.657585000014368],[-81.376553000253,28.65765599973411],[-81.37690800008022,28.65790999971445],[-81.37693300019457,28.657947999863467],[-81.3769830004233,28.658009000136026],[-81.37701400038543,28.658030999954235],[-81.37725799988459,28.658034000108227],[-81.37733400005256,28.658034999634047],[-81.37734499992322,28.658035999948112],[-81.37758799959747,28.658057999760672],[-81.3776179997347,28.657947999863467],[-81.3776319999784,28.657899000187395],[-81.3776319999784,28.657299000012383],[-81.37768899987981,28.65709600006121],[-81.37788800007144,28.65703500004569],[-81.37792999990423,28.657040999622367],[-81.37804399970705,28.657057000068306],[-81.37806899982141,28.65704699998692],[-81.37805299992789,28.654979999900483],[-81.37830300017312,28.655128000141442],[-81.3788580000169,28.655474999929794],[-81.37888999980396,28.655492999714834],[-81.37898199986547,28.655546000290215],[-81.37901399965253,28.655539999839696],[-81.37916400033866,28.65535700012382],[-81.37925300002713,28.655124999904288],[-81.37926100042304,28.654997000215793],[-81.37927499976843,28.654805000390002],[-81.37925200020221,28.654670000252782],[-81.3792649997227,28.65462700033603],[-81.37939000029448,28.654465000033085],[-81.37945200021875,28.654448999979895],[-81.37950099972423,28.65445000032813],[-81.37955599997582,28.65443999999814],[-81.37961200005233,28.65440299971471],[-81.37966200028104,28.654332000156895],[-81.37971800035754,28.65430100035712],[-81.37979899965006,28.654269000198155],[-81.3798980002826,28.65415700035318],[-81.37999799984172,28.654027999918956],[-81.38007900003257,28.65388800016641],[-81.38013699975888,28.653708999776924],[-81.38015600002545,28.653666000254397],[-81.38019399966028,28.653622999925968],[-81.38025499975966,28.653575000161776],[-81.38029900014058,28.653520999809537],[-81.38036799973756,28.65346200000609],[-81.38042399981406,28.653392999739555],[-81.38049099976121,28.653361000091795],[-81.3805600002565,28.65333999965248],[-81.38063999972412,28.65333500022295],[-81.3807019996484,28.65331399977848],[-81.3808070001287,28.653271999665176],[-81.38084300011371,28.653278000245432],[-81.3808980003653,28.65330099983901],[-81.38097199998514,28.653280000176053],[-81.38120700016178,28.65319000010869],[-81.38123200027613,28.653026000015082],[-81.38125400001745,28.65288700007617],[-81.38136199997247,28.652595000041124]]]},"properties":{"block_id":"121170218062010","school_id":"sch_spring_lake_elementary_school","kids_est":0,"class":"red","shortest":{"len_m":8755.8,"mean_c":36.62,"peak_c":37.2,"dose":440.9},"coolest":{"len_m":8755.8,"mean_c":36.62,"peak_c":37.2,"dose":440.9},"delta_mean_c":0.0,"delta_dose_pct":0,"distance_mi":1.887,"status_now":"walk","status_rec":"bus_eligible","reason":"Coolest route mean 36.6C exceeds threshold (110 C-min dose, actual 441).","safe_until_hour":"11:00"}},{"type":"Feature","geometry":{"type":"Polygon","coordinates":[[[-81.42499899979511,28.656382000317947],[-81.42525400006322,28.65615599962892],[-81.42499200012239,28.65585300028471],[-81.42479899977855,28.655672000211833],[-81.42463100044738,28.655588999830005],[-81.42447499991346,28.655522999612487],[-81.42417500033781,28.65550899960878],[-81.42411300041351,28.655506999720675],[-81.42280299981111,28.65550100005629],[-81.42021000016709,28.655476999818507],[-81.41969600033119,28.655473000041116],[-81.41923500019873,28.655478999707107],[-81.41935300019951,28.655775999695226],[-81.41947799987298,28.656303999786434],[-81.41954599964505,28.656827000320316],[-81.41955300021606,28.65755300006944],[-81.41949600031465,28.658196999938646],[-81.41998900023414,28.65821399973232],[-81.42123100016619,28.658258000066326],[-81.42234599987661,28.658289999796068],[-81.4231330004223,28.658312999866755],[-81.4232890000579,28.658120000282505],[-81.4234999999451,28.657827999843946],[-81.42364499971005,28.65763099967171],[-81.42391300039698,28.657327999860673],[-81.42415600007122,28.65706900000702],[-81.42462399987637,28.656684000171243],[-81.42478999955773,28.65654900008854],[-81.42499899979511,28.656382000317947]]]},"properties":{"block_id":"121170217071001","school_id":"sch_spring_lake_elementary_school","kids_est":0,"class":"red","shortest":{"len_m":2308.4,"mean_c":37.15,"peak_c":37.2,"dose":133.2},"coolest":{"len_m":2308.4,"mean_c":37.15,"peak_c":37.2,"dose":133.2},"delta_mean_c":0.0,"delta_dose_pct":0,"distance_mi":0.751,"status_now":"walk","status_rec":"bus_eligible","reason":"Coolest route mean 37.1C exceeds threshold (110 C-min dose, actual 133).","safe_until_hour":"13:00"}},{"type":"Feature","geometry":{"type":"Polygon","coordinates":[[[-81.41062699998986,28.654107000130395],[-81.41063799986051,28.654091000022497],[-81.41049200027064,28.65405899979944],[-81.4104329998211,28.65404700030449],[-81.41010899995601,28.653953000271855],[-81.41006399975016,28.653933000304317],[-81.40997699971152,28.65389599984196],[-81.40992800020602,28.65387500029811],[-81.40986600028177,28.653848000202753],[-81.4097790002431,28.653824000374904],[-81.40976599982432,28.653821000100436],[-81.40965399967133,28.65374899979362],[-81.40951599957909,28.653682999994423],[-81.4094040003244,28.653650000079264],[-81.40934700042298,28.653644999876196],[-81.40919099988905,28.653630999621736],[-81.40908399975893,28.6536210000019],[-81.40891100040488,28.653606000176186],[-81.40876800028975,28.653582999861207],[-81.40866299980947,28.653566999673416],[-81.40852800009024,28.653546000063663],[-81.40813300008004,28.653641000028937],[-81.40800199966047,28.653673999946932],[-81.40784199982689,28.653712000054586],[-81.40762599991682,28.653764999953626],[-81.40745799968734,28.653848000202753],[-81.4073770003948,28.653872000025103],[-81.40722000003596,28.653919999653347],[-81.40720199959429,28.653924999843273],[-81.40698999988221,28.654006999613223],[-81.40695899992005,28.654056999883704],[-81.40688399957699,28.65413400015906],[-81.4067720003223,28.65419399993512],[-81.40654700019141,28.6543759997553],[-81.40631600021274,28.654547000169043],[-81.40607299964019,28.654672999714645],[-81.40597899992883,28.65472799981916],[-81.40487699973889,28.655381000389088],[-81.40419600039672,28.655452000024788],[-81.40430299962853,28.65560099993679],[-81.4043930000402,28.655695999616682],[-81.40448799957645,28.655761999725296],[-81.4046730004227,28.655874999767054],[-81.40472100010327,28.656047999978725],[-81.40472100010327,28.656232999939327],[-81.40475700008828,28.65644799999477],[-81.40499499973966,28.65663300003784],[-81.40526400025148,28.65674000033558],[-81.40553600023806,28.65676400028419],[-81.40554799993362,28.65682999972054],[-81.4055670002002,28.656890000318604],[-81.40557899989575,28.656945000048424],[-81.40567299960709,28.657072000188606],[-81.4057079997672,28.65710400028028],[-81.40591799982946,28.657292999662193],[-81.40617200027268,28.657522999964364],[-81.40639599968037,28.657764999621048],[-81.40652600027502,28.657946000021887],[-81.40675499970556,28.658266000196786],[-81.40696800014089,28.658393999835585],[-81.40708899961639,28.65821699988108],[-81.40721300036327,28.65801900012565],[-81.40723299955646,28.65793700034033],[-81.40726299969367,28.65782099999618],[-81.40727799976229,28.657688999964932],[-81.40728799980802,28.657606000391677],[-81.40728799980802,28.657457000176045],[-81.40728799980802,28.657011000159063],[-81.40728899963294,28.656863000211366],[-81.40728600015821,28.656460000003175],[-81.40728299978517,28.656115000198152],[-81.4072710000896,28.65568499985728],[-81.40725199982302,28.65500299990902],[-81.40723299955646,28.654761000183374],[-81.40727000026467,28.65465699969317],[-81.40728899963294,28.65461800036957],[-81.40731999959507,28.654579999801907],[-81.40740800035694,28.65453600028916],[-81.40746400043344,28.65450299985413],[-81.40761400022127,28.65446399968499],[-81.40771299995548,28.654447999631582],[-81.40780699966679,28.654447999631582],[-81.40788200000986,28.65447000019703],[-81.4079189998198,28.65452999978082],[-81.40794899995701,28.654773000384864],[-81.40796300020072,28.65514700032768],[-81.408025000125,28.655272999940557],[-81.4082500002559,28.655322999607307],[-81.40845100009736,28.65531199980877],[-81.40876699956654,28.65529500033291],[-81.40893800016907,28.655297999776884],[-81.40945100018006,28.655308000025084],[-81.40962199988428,28.65531199980877],[-81.40978400026599,28.655309000365204],[-81.41026999961447,28.65530200034925],[-81.4104329998211,28.65530100000909],[-81.4104329998211,28.655204999630197],[-81.4104329998211,28.655130000036756],[-81.4104329998211,28.655087000308665],[-81.410473999829,28.65462200017958],[-81.41047700020204,28.65459700018206],[-81.41051900003484,28.654459000309007],[-81.41052999990548,28.654420999683776],[-81.41056500006559,28.65430900000116],[-81.41057699976115,28.654271999671483],[-81.4105879996318,28.654235000117072],[-81.41062100014209,28.654125000150273],[-81.41062699998986,28.654107000130395]]]},"properties":{"block_id":"121170217054010","school_id":"sch_spring_lake_elementary_school","kids_est":5,"class":"green","shortest":{"len_m":497.4,"mean_c":37.2,"peak_c":37.2,"dose":28.9},"coolest":{"len_m":497.4,"mean_c":37.2,"peak_c":37.2,"dose":28.9},"delta_mean_c":0.0,"delta_dose_pct":0,"distance_mi":0.352,"status_now":"walk","status_rec":"walk","reason":"Shortest route already under threshold (dose 29).","safe_until_hour":null}},{"type":"Feature","geometry":{"type":"Polygon","coordinates":[[[-81.4128759996773,28.647843000291143],[-81.41287999987526,28.647334000191613],[-81.41272000004169,28.647334000191613],[-81.4122410003659,28.647338000279465],[-81.41208200035724,28.647338999907227],[-81.41207999980908,28.647471999981022],[-81.41207599961113,28.647870999978707],[-81.41207499978623,28.648004999787574],[-81.41207599961113,28.648375000171164],[-81.41207999980908,28.649486999799286],[-81.412080999634,28.64962800030358],[-81.41209999990058,28.64981600015555],[-81.41212500001494,28.649848999700595],[-81.41215900035013,28.649864000063722],[-81.41217500024365,28.649876000037356],[-81.41226599958193,28.649876000037356],[-81.41271199964577,28.64988000002825],[-81.41286099960868,28.649882000023602],[-81.41286399998174,28.649371999963254],[-81.4128759996773,28.647843000291143]]]},"properties":{"block_id":"121170217061025","school_id":"sch_spring_lake_elementary_school","kids_est":8,"class":"green","shortest":{"len_m":1257.2,"mean_c":37.2,"peak_c":37.2,"dose":73.0},"coolest":{"len_m":1257.2,"mean_c":37.2,"peak_c":37.2,"dose":73.0},"delta_mean_c":0.0,"delta_dose_pct":0,"distance_mi":0.783,"status_now":"walk","status_rec":"walk","reason":"Shortest route already under threshold (dose 73).","safe_until_hour":null}},{"type":"Feature","geometry":{"type":"Polygon","coordinates":[[[-81.393162999875,28.656999000213723],[-81.39316500042314,28.656880999758105],[-81.39293600009428,28.65681799975442],[-81.39278499958323,28.656776999794296],[-81.39239200012115,28.656749000119888],[-81.39222999973944,28.656749000119888],[-81.39199299991297,28.656749000119888],[-81.39198600024028,28.656848000061235],[-81.39196799979861,28.657150999682955],[-81.39190500004942,28.65722199969662],[-81.39195000025528,28.657270999689104],[-81.39208499997449,28.65742000016909],[-81.39213000018033,28.657470000388454],[-81.39233500021973,28.65747099991963],[-81.3929529998127,28.65747400008965],[-81.39315899967704,28.657475999940235],[-81.39315899967704,28.657356000168722],[-81.393162999875,28.656999000213723]]]},"properties":{"block_id":"121170217053007","school_id":"sch_spring_lake_elementary_school","kids_est":3,"class":"red","shortest":{"len_m":7735.1,"mean_c":36.67,"peak_c":37.2,"dose":394.2},"coolest":{"len_m":7735.1,"mean_c":36.67,"peak_c":37.2,"dose":394.2},"delta_mean_c":0.0,"delta_dose_pct":0,"distance_mi":1.077,"status_now":"walk","status_rec":"bus_eligible","reason":"Coolest route mean 36.7C exceeds threshold (110 C-min dose, actual 394).","safe_until_hour":"11:00"}},{"type":"Feature","geometry":{"type":"Polygon","coordinates":[[[-81.39031699961266,28.65365700020543],[-81.3903190001608,28.653496999906896],[-81.39016000015214,28.6536210000019],[-81.3901130002965,28.653619999645684],[-81.38949999982808,28.65361599979746],[-81.38929499978866,28.65361599979746],[-81.38928100044326,28.652874000083816],[-81.38933499997162,28.65287799996035],[-81.38949999982808,28.652890999952245],[-81.38955500007965,28.652896000191213],[-81.38955400025475,28.6527689997226],[-81.38955099988169,28.65238799975861],[-81.38955099988169,28.65226199983218],[-81.38955000005679,28.652216000184136],[-81.38954900023187,28.652078000330736],[-81.38954900023187,28.652031999813715],[-81.38911300021377,28.652020999669922],[-81.38909099957417,28.652154999694382],[-81.38904600026663,28.652421999650276],[-81.38904799991646,28.65258900021004],[-81.38900799973348,28.65278800033628],[-81.38908100042671,28.653079999833864],[-81.38904299989358,28.653377000311025],[-81.38905299993932,28.653467000217873],[-81.38904999956627,28.653602000327425],[-81.38904999956627,28.653619000077793],[-81.38909599959702,28.65377299963862],[-81.38927999972005,28.65377000015097],[-81.38942600020822,28.653655999849626],[-81.38944700012463,28.653655999849626],[-81.38946200019323,28.653655999849626],[-81.39016000015214,28.653655000282075],[-81.3902759996048,28.653653000358602],[-81.39031699961266,28.65365700020543]]]},"properties":{"block_id":"121170217055005","school_id":"sch_spring_lake_elementary_school","kids_est":1,"class":"red","shortest":{"len_m":7108.9,"mean_c":36.7,"peak_c":37.2,"dose":365.4},"coolest":{"len_m":7108.9,"mean_c":36.7,"peak_c":37.2,"dose":365.4},"delta_mean_c":0.0,"delta_dose_pct":0,"distance_mi":1.347,"status_now":"walk","status_rec":"bus_eligible","reason":"Coolest route mean 36.7C exceeds threshold (110 C-min dose, actual 365).","safe_until_hour":"11:00"}},{"type":"Feature","geometry":{"type":"Polygon","coordinates":[[[-81.40657200030577,28.661569000006736],[-81.40659599969689,28.660752000312097],[-81.40518700025859,28.660743000083176],[-81.40500099958743,28.66074100029498],[-81.40258700004355,28.660722999834466],[-81.40035599989946,28.66070699994805],[-81.39900900038543,28.660689000269965],[-81.39900900038543,28.660733999853466],[-81.39900900038543,28.66076200004006],[-81.39901000021035,28.66085499998666],[-81.39901199986018,28.66107300008906],[-81.39901799970795,28.661727000040667],[-81.4026890001508,28.66173499990634],[-81.40481300016478,28.661741000002277],[-81.40644599990908,28.661745000328718],[-81.40651399968112,28.661745000328718],[-81.40656599955967,28.661745000328718],[-81.40657099958254,28.661609999669263],[-81.40657200030577,28.661569000006736]]]},"properties":{"block_id":"121170217052019","school_id":"sch_spring_lake_elementary_school","kids_est":0,"class":"green","shortest":{"len_m":1051.4,"mean_c":37.2,"peak_c":37.2,"dose":61.2},"coolest":{"len_m":1051.4,"mean_c":37.2,"peak_c":37.2,"dose":61.2},"delta_mean_c":0.0,"delta_dose_pct":0,"distance_mi":0.452,"status_now":"walk","status_rec":"walk","reason":"Shortest route already under threshold (dose 61).","safe_until_hour":null}},{"type":"Feature","geometry":{"type":"Polygon","coordinates":[[[-81.40728699998311,28.659442999626727],[-81.40724900034829,28.65939699997614],[-81.40712799997446,28.65915399984213],[-81.40695499972209,28.65888699968767],[-81.40672000044377,28.658755999729298],[-81.40662699965903,28.659002999640546],[-81.406594999872,28.659212000081027],[-81.40660200044299,28.659427000333153],[-81.40696300011801,28.659453999780048],[-81.40706299967714,28.659450000154397],[-81.40713299999733,28.65944800034148],[-81.40728699998311,28.659442999626727]]]},"properties":{"block_id":"121170217052018","school_id":"sch_spring_lake_elementary_school","kids_est":1,"class":"green","shortest":{"len_m":536.1,"mean_c":37.2,"peak_c":37.2,"dose":31.4},"coolest":{"len_m":536.1,"mean_c":37.2,"peak_c":37.2,"dose":31.4},"delta_mean_c":0.0,"delta_dose_pct":0,"distance_mi":0.197,"status_now":"walk","status_rec":"walk","reason":"Shortest route already under threshold (dose 31).","safe_until_hour":null}},{"type":"Feature","geometry":{"type":"Polygon","coordinates":[[[-81.388001999803,28.64727500006061],[-81.3879609997951,28.6468059998695],[-81.38787600030462,28.645822000203395],[-81.3878410001445,28.64541900013361],[-81.3878050001595,28.644998000085483],[-81.38778199969495,28.644740999828496],[-81.38776900017449,28.64458500031023],[-81.38773300018947,28.644171999697182],[-81.38771100044816,28.6439160002303],[-81.38769499965633,28.643734000389472],[-81.38758500005147,28.642456999946255],[-81.38745700000494,28.640977999795552],[-81.38745199998209,28.640664000201284],[-81.38724799976758,28.640560999614927],[-81.38684899955942,28.6404139997971],[-81.38642299958705,28.640307000186244],[-81.38623199979133,28.64027199982571],[-81.38609200004926,28.640263999899304],[-81.3856860001684,28.640250000223816],[-81.38493499960772,28.64026300020411],[-81.38495100039957,28.64050000023039],[-81.38495800007226,28.64060199960785],[-81.38497700033884,28.640662999721485],[-81.38500800030097,28.640723000108846],[-81.38544400031907,28.64105899975179],[-81.3855870004342,28.64124600029774],[-81.3857000004121,28.641461000332164],[-81.38573100037424,28.64171899963415],[-81.38571200010767,28.64200600002209],[-81.38564900035847,28.642187000030553],[-81.3854750002812,28.642446000375003],[-81.38533100034117,28.642599999786597],[-81.38519400007381,28.642736999825686],[-81.38501300032384,28.64282500006142],[-81.38484400026945,28.642875000144517],[-81.38475399985776,28.642894999855777],[-81.38467600003995,28.64291300022329],[-81.38443900021349,28.642930000129596],[-81.384270999984,28.64291300022329],[-81.3841789999225,28.642896000314277],[-81.38405900027189,28.642873999685854],[-81.3838779996236,28.64281399974036],[-81.38370299972144,28.642714999952315],[-81.38354100023804,28.64261600007085],[-81.38344499997856,28.642534000066455],[-81.3833980001229,28.642493999714183],[-81.38316700014423,28.642158999614082],[-81.38313600018208,28.64203799998096],[-81.38311100006773,28.641818000362125],[-81.38312399958821,28.641564000034847],[-81.38320499977905,28.641354999897207],[-81.38336100031299,28.6411519998289],[-81.383609999835,28.64093699994957],[-81.38382900011813,28.640789000179996],[-81.38394100027111,28.640690000057724],[-81.38396600038547,28.64061300016088],[-81.3839610003626,28.640508000138798],[-81.38393899972297,28.640273000309172],[-81.38210500013723,28.640279000056392],[-81.38207900019798,28.640279999751446],[-81.38207900019798,28.640585000112704],[-81.38208199967269,28.641047000346212],[-81.38210099993928,28.64182300034067],[-81.38210699978706,28.64197900002454],[-81.38211299963483,28.642145000191412],[-81.38212500022873,28.64244700004938],[-81.3821310000765,28.642604000054977],[-81.38212600005362,28.642750000286195],[-81.38211500018299,28.64318900021638],[-81.38211199980994,28.643336000087718],[-81.38192500021218,28.64335200025972],[-81.38129099982736,28.643364000190036],[-81.37982299993952,28.643395000069326],[-81.37882899970461,28.643395000069326],[-81.37800799972203,28.643395000069326],[-81.37801199991999,28.64348099963562],[-81.37801399956982,28.643520999611592],[-81.37796400023942,28.64372500027654],[-81.37795599984351,28.643734000389472],[-81.37790200031515,28.64380200025431],[-81.37806899982141,28.643791000035677],[-81.378969000345,28.643788000262564],[-81.37989699955936,28.643786000150943],[-81.38008400005543,28.643784999700916],[-81.3806589999907,28.64378300037769],[-81.3806949999757,28.64378300037769],[-81.38092299958134,28.64378300037769],[-81.38208400022083,28.643779999815894],[-81.38208400022083,28.644416999963088],[-81.38208800041879,28.64560500035822],[-81.38209099989353,28.646323000292853],[-81.38209400026659,28.6467869997486],[-81.38211400035807,28.647196999849772],[-81.38212100003076,28.647292000048285],[-81.38229699975786,28.64728700033043],[-81.38297899982325,28.647285999913798],[-81.38472799991848,28.647281000195665],[-81.38575899996333,28.647292999676495],[-81.38608500037657,28.647279000150697],[-81.38638400012731,28.647277999734],[-81.38727899972972,28.647275999688972],[-81.388001999803,28.64727500006061]],[[-81.3842140000826,28.644387999697578],[-81.38420499986175,28.64484000006953],[-81.38418800014334,28.645736000191324],[-81.3841510003334,28.645945000272352],[-81.38397700025612,28.646125000151656],[-81.38394499957076,28.64615899970879],[-81.38363300029954,28.646417999706266],[-81.38358499972065,28.64637100022297],[-81.38344300032875,28.646232999773304],[-81.38339599957476,28.646186999845867],[-81.3831179997404,28.645893000004435],[-81.3829339996174,28.64569699991511],[-81.3827789998067,28.645305999861545],[-81.38280300009616,28.64478500029756],[-81.38282300018763,28.64438200018536],[-81.38310100002198,28.64438299984129],[-81.38393500042334,28.64438600038579],[-81.3842140000826,28.644387999697578]]]},"properties":{"block_id":"121170218031012","school_id":"sch_spring_lake_elementary_school","kids_est":4,"class":"red","shortest":{"len_m":7416.0,"mean_c":36.69,"peak_c":37.2,"dose":379.7},"coolest":{"len_m":7416.0,"mean_c":36.69,"peak_c":37.2,"dose":379.7},"delta_mean_c":0.0,"delta_dose_pct":0,"distance_mi":1.874,"status_now":"walk","status_rec":"bus_eligible","reason":"Coolest route mean 36.7C exceeds threshold (110 C-min dose, actual 380).","safe_until_hour":"11:00"}},{"type":"Feature","geometry":{"type":"Polygon","coordinates":[[[-81.41479300000204,28.659414999876084],[-81.4147970002,28.65906099996293],[-81.41478499960611,28.659028000163985],[-81.41476799988767,28.659003999945323],[-81.41428800038696,28.65876800026181],[-81.41424300018113,28.65876800026181],[-81.41383200027738,28.65904100018158],[-81.41382300005657,28.659057000322274],[-81.41381100036098,28.65908099974052],[-81.41367699956837,28.659451999967274],[-81.41366900007077,28.659468000045234],[-81.4136439999564,28.659484999632745],[-81.41322499965676,28.659761000154607],[-81.41319600024275,28.65979000011018],[-81.41316799975534,28.659862999718065],[-81.41322899985472,28.66031100001017],[-81.41297699995964,28.660555999618712],[-81.41379399974424,28.661024000297154],[-81.41399299993587,28.6610490003386],[-81.41430400028051,28.661082999786398],[-81.41456000037354,28.6611109998797],[-81.41469500009275,28.66112600020812],[-81.41471500018423,28.661118000295975],[-81.41475199999415,28.66108100000463],[-81.41478100030646,28.660388999925164],[-81.41460499968106,28.66014800031374],[-81.41457700009197,28.66009100009893],[-81.41457700009197,28.660062999733157],[-81.41459499963531,28.659992000067074],[-81.41462999979541,28.659992000067074],[-81.41467900019921,28.65997499977352],[-81.4147069997883,28.65995300036326],[-81.41471500018423,28.65992999986413],[-81.41472400040504,28.659904000047824],[-81.41473000025285,28.659881999834397],[-81.41472100003202,28.659849000293907],[-81.41469500009275,28.659817999760584],[-81.41464999988692,28.659799999929845],[-81.41460300003124,28.659796000317385],[-81.41458499958958,28.65971699966318],[-81.41458499958958,28.659700000113236],[-81.41459700018346,28.659671999643038],[-81.41473000025285,28.659518000076105],[-81.41477200008563,28.65947199967021],[-81.41478100030646,28.659463999631836],[-81.41479300000204,28.659414999876084]]]},"properties":{"block_id":"121170217052016","school_id":"sch_spring_lake_elementary_school","kids_est":12,"class":"red","shortest":{"len_m":2731.0,"mean_c":37.13,"peak_c":37.2,"dose":157.6},"coolest":{"len_m":2731.0,"mean_c":37.13,"peak_c":37.2,"dose":157.6},"delta_mean_c":0.0,"delta_dose_pct":0,"distance_mi":0.244,"status_now":"walk","status_rec":"bus_eligible","reason":"Coolest route mean 37.1C exceeds threshold (110 C-min dose, actual 158).","safe_until_hour":"11:00"}},{"type":"Feature","geometry":{"type":"Polygon","coordinates":[[[-81.37786200013218,28.659411999761623],[-81.37783100017002,28.659186000086635],[-81.37778599996419,28.65904600012729],[-81.37774999997917,28.658933000350324],[-81.37750099955883,28.658433000119395],[-81.37739400032703,28.65837700007111],[-81.37722600009754,28.658372000093546],[-81.37706799991379,28.65835299970347],[-81.37669600036811,28.658311000032146],[-81.37678300040675,28.65852599976745],[-81.37678900025452,28.65854899978629],[-81.37685200000372,28.65877899969775],[-81.37690800008022,28.658961000229635],[-81.37703799977655,28.65922500007581],[-81.37705299984518,28.659267999683195],[-81.377138000234,28.659511000341233],[-81.37728200017403,28.65948799974512],[-81.3775890003207,28.659440000301274],[-81.37771599964398,28.659426000032408],[-81.37786200013218,28.659411999761623]]]},"properties":{"block_id":"121170218062002","school_id":"sch_spring_lake_elementary_school","kids_est":2,"class":"red","shortest":{"len_m":9540.9,"mean_c":36.6,"peak_c":37.2,"dose":477.3},"coolest":{"len_m":9540.9,"mean_c":36.6,"peak_c":37.2,"dose":477.3},"delta_mean_c":0.0,"delta_dose_pct":0,"distance_mi":1.988,"status_now":"walk","status_rec":"bus_eligible","reason":"Coolest route mean 36.6C exceeds threshold (110 C-min dose, actual 477).","safe_until_hour":"11:00"}},{"type":"Feature","geometry":{"type":"Polygon","coordinates":[[[-81.38243700039826,28.65692400032701],[-81.38256100024681,28.65677800012032],[-81.38238499962141,28.65666200007036],[-81.38185700044012,28.65631500026913],[-81.3816809998147,28.656200000038496],[-81.38121499965938,28.655888999721896],[-81.3811450002375,28.65584199975354],[-81.38091400025883,28.655698999837487],[-81.38082100037239,28.655588999830005],[-81.38083300006798,28.655511999834943],[-81.38091400025883,28.65538599972105],[-81.38121399983447,28.65496200002738],[-81.3814330001176,28.654725999916234],[-81.38153400039994,28.65468300002246],[-81.38160700019488,28.6546540002308],[-81.38179399979262,28.654638000206447],[-81.38208800041879,28.65464900007563],[-81.38209400026659,28.654554999794378],[-81.38211199980994,28.65427400037139],[-81.38211900038095,28.654181000104796],[-81.38205499990852,28.65404000020435],[-81.38200100038016,28.65392200035996],[-81.38180100036362,28.653701999654228],[-81.38177500042435,28.65367999971587],[-81.38165800024848,28.653580999936437],[-81.38151400030844,28.653653000358602],[-81.38133299966016,28.653735000341282],[-81.38107699956713,28.653828000215256],[-81.38095600009162,28.653919999653347],[-81.38073400033377,28.654092000374206],[-81.38046599964684,28.65440599997251],[-81.3797850003047,28.65527499983305],[-81.37963600034176,28.65553400017713],[-81.37961100022741,28.655670999875188],[-81.37962399974789,28.655785000350583],[-81.37962899977076,28.655825000363528],[-81.3796739999766,28.655973000199996],[-81.37967899999948,28.655990000354233],[-81.37970699958856,28.656025999744383],[-81.37972599985513,28.656049999856496],[-81.3797660000381,28.656099999941002],[-81.38000899971235,28.65624399964124],[-81.38013699975888,28.6563190000144],[-81.38027099965316,28.656398000076212],[-81.38050099980696,28.656550999956757],[-81.3815829999054,28.657268000301578],[-81.38174899958676,28.657378000123977],[-81.38194299975554,28.65750999975853],[-81.38206599977919,28.65736300004747],[-81.38243700039826,28.65692400032701]]]},"properties":{"block_id":"121170218032010","school_id":"sch_spring_lake_elementary_school","kids_est":2,"class":"red","shortest":{"len_m":9017.6,"mean_c":36.62,"peak_c":37.2,"dose":453.0},"coolest":{"len_m":9017.6,"mean_c":36.62,"peak_c":37.2,"dose":453.0},"delta_mean_c":0.0,"delta_dose_pct":0,"distance_mi":1.838,"status_now":"walk","status_rec":"bus_eligible","reason":"Coolest route mean 36.6C exceeds threshold (110 C-min dose, actual 453).","safe_until_hour":"11:00"}},{"type":"Feature","geometry":{"type":"Polygon","coordinates":[[[-81.3903190001608,28.646265999657434],[-81.39031999998572,28.645809000123602],[-81.3903180003359,28.645647000388728],[-81.39031300031301,28.645162000119758],[-81.39031300031301,28.645148999958174],[-81.39030699956693,28.645000999824042],[-81.39009499985482,28.645002999912442],[-81.38894800035735,28.645016999742086],[-81.38897799959624,28.64579800011545],[-81.38898299961912,28.645912999928587],[-81.38899799968775,28.64626000025263],[-81.38900299971063,28.646375999984485],[-81.38922799984151,28.646373000285305],[-81.38990499988402,28.646367999735265],[-81.39013099983984,28.646367000098238],[-81.3903190001608,28.64636500003579],[-81.3903190001608,28.646265999657434]]]},"properties":{"block_id":"121170217051002","school_id":"sch_spring_lake_elementary_school","kids_est":6,"class":"red","shortest":{"len_m":6267.4,"mean_c":36.77,"peak_c":37.2,"dose":327.9},"coolest":{"len_m":6267.4,"mean_c":36.77,"peak_c":37.2,"dose":327.9},"delta_mean_c":0.0,"delta_dose_pct":0,"distance_mi":1.573,"status_now":"walk","status_rec":"bus_eligible","reason":"Coolest route mean 36.8C exceeds threshold (110 C-min dose, actual 328).","safe_until_hour":"11:00"}},{"type":"Feature","geometry":{"type":"Polygon","coordinates":[[[-81.39869100036813,28.64367699992389],[-81.39868799999506,28.64356600025609],[-81.3986810003224,28.64323499988185],[-81.39867899977425,28.64312500020268],[-81.39867299992648,28.642884000330426],[-81.39865799985785,28.64216200022218],[-81.39865299983497,28.641922000182095],[-81.39861500020014,28.640408000057604],[-81.3986050001544,28.64035199984435],[-81.39858699971275,28.640238999632725],[-81.39857400019227,28.640152000077595],[-81.3977049996308,28.64016200019323],[-81.39746699997943,28.64016599976621],[-81.39675599960172,28.64018000024134],[-81.39651999960019,28.640185000297933],[-81.39652200014831,28.641201999921027],[-81.39651899977527,28.64179699997661],[-81.3965070000797,28.642354000331956],[-81.39650600025479,28.642435999688676],[-81.39650500042988,28.642642000231913],[-81.39651700012544,28.64291699969139],[-81.39651700012544,28.643756000049137],[-81.39778400017184,28.643763000047347],[-81.39869100036813,28.64367699992389]]]},"properties":{"block_id":"121170217061028","school_id":"sch_spring_lake_elementary_school","kids_est":0,"class":"red","shortest":{"len_m":3079.2,"mean_c":37.13,"peak_c":37.2,"dose":176.4},"coolest":{"len_m":3079.2,"mean_c":37.13,"peak_c":37.2,"dose":176.4},"delta_mean_c":0.0,"delta_dose_pct":0,"distance_mi":1.44,"status_now":"walk","status_rec":"bus_eligible","reason":"Coolest route mean 37.1C exceeds threshold (110 C-min dose, actual 176).","safe_until_hour":"11:00"}},{"type":"Feature","geometry":{"type":"Polygon","coordinates":[[[-81.38433799993115,28.65854500012611],[-81.38442900016774,28.65831700032407],[-81.38394100027111,28.658238000131778],[-81.38390500028609,28.65782900016001],[-81.38399499979947,28.657764000092666],[-81.38361499985788,28.65775400007872],[-81.38247699968291,28.657724000031212],[-81.38209799956624,28.657714000013453],[-81.38212299968059,28.65788400018543],[-81.38212299968059,28.65789999971449],[-81.38212299968059,28.657999999671578],[-81.3821319999014,28.658340999911736],[-81.38213600009938,28.658466000105633],[-81.38214199994717,28.65865500018518],[-81.3829329997925,28.65865500018518],[-81.38302700040214,28.65865500018518],[-81.38352699999434,28.65865000022081],[-81.38368199980503,28.658665999632966],[-81.38376999966859,28.65872100000756],[-81.38378200026246,28.659161000389098],[-81.38376899984367,28.6593380003263],[-81.3837069999194,28.65943099995971],[-81.38358899991862,28.65945899970606],[-81.38292000027202,28.659458000193826],[-81.38212900042669,28.659458000193826],[-81.3821319999014,28.659616000256666],[-81.38214299977207,28.66009100009893],[-81.38214699997003,28.66025000028884],[-81.38365000001798,28.66025099979353],[-81.3837069999194,28.660261999862055],[-81.38374999957708,28.66029999994671],[-81.3837639998208,28.660347999785046],[-81.38378800011024,28.660433000134518],[-81.3838059996536,28.660659000274123],[-81.38381200039969,28.660724000122894],[-81.38378100043755,28.660966000272627],[-81.3837439997293,28.66101600037722],[-81.38366900028456,28.6610490003386],[-81.38335700011503,28.66106500017287],[-81.38214699997003,28.661054000188535],[-81.3821379997492,28.661271999877066],[-81.38213699992428,28.66145500030331],[-81.38254500035329,28.661455999796498],[-81.38256600026969,28.661455999796498],[-81.3827789998067,28.66145700007793],[-81.3827999997231,28.66145700007793],[-81.38301300015844,28.66145700007793],[-81.38303300024992,28.66145700007793],[-81.38324599978692,28.661458000359314],[-81.38326699970332,28.661458000359314],[-81.38348000013866,28.661458999852464],[-81.38350100005506,28.661458999852464],[-81.38373500040679,28.661458999852464],[-81.38379200030819,28.661458999852464],[-81.38396899986022,28.66146000013387],[-81.38399599962439,28.66146000013387],[-81.3841599996559,28.66146000013387],[-81.38417700027267,28.66146000013387],[-81.38433700010624,28.66146000013387],[-81.38433999958097,28.66143899974038],[-81.38437399991616,28.661203000021064],[-81.38437399991616,28.661185999923912],[-81.38437300009124,28.661115999726672],[-81.38437100044142,28.660980999833527],[-81.38436800006838,28.660818000390737],[-81.38433799993115,28.65999899976981],[-81.38433499955809,28.65989400023807],[-81.38433100025846,28.65977799969465],[-81.38432600023559,28.6593779997719],[-81.38432500041067,28.65929900037917],[-81.38432500041067,28.658825999925995],[-81.38433799993115,28.65854500012611]]]},"properties":{"block_id":"121170218032003","school_id":"sch_spring_lake_elementary_school","kids_est":0,"class":"red","shortest":{"len_m":10446.3,"mean_c":36.57,"peak_c":37.2,"dose":517.9},"coolest":{"len_m":10446.3,"mean_c":36.57,"peak_c":37.2,"dose":517.9},"delta_mean_c":0.0,"delta_dose_pct":0,"distance_mi":1.621,"status_now":"walk","status_rec":"bus_eligible","reason":"Coolest route mean 36.6C exceeds threshold (110 C-min dose, actual 518).","safe_until_hour":"11:00"}},{"type":"Feature","geometry":{"type":"Polygon","coordinates":[[[-81.40660800029079,28.660368000105354],[-81.40660699956754,28.66026499995227],[-81.40660499991773,28.65995599967397],[-81.40660499991773,28.65985400020107],[-81.40660400009283,28.659831999977158],[-81.40660400009283,28.659767000363544],[-81.40660400009283,28.659745999630864],[-81.40660200044299,28.659427000333153],[-81.40555899980427,28.659406999833372],[-81.40503099972467,28.6593959996751],[-81.4034480002091,28.659364999796107],[-81.4029209999544,28.65935499993488],[-81.40292299960423,28.659545999799228],[-81.40293000017525,28.660119999963147],[-81.40293299964996,28.660312000302532],[-81.40366800031713,28.660323000364674],[-81.40587299962363,28.660355999755943],[-81.40660800029079,28.660368000105354]]]},"properties":{"block_id":"121170217054016","school_id":"sch_spring_lake_elementary_school","kids_est":5,"class":"green","shortest":{"len_m":813.2,"mean_c":37.2,"peak_c":37.2,"dose":47.5},"coolest":{"len_m":813.2,"mean_c":37.2,"peak_c":37.2,"dose":47.5},"delta_mean_c":0.0,"delta_dose_pct":0,"distance_mi":0.321,"status_now":"walk","status_rec":"walk","reason":"Shortest route already under threshold (dose 48).","safe_until_hour":null}},{"type":"Feature","geometry":{"type":"Polygon","coordinates":[[[-81.42734499956691,28.66402500000211],[-81.4273499995898,28.66353000014464],[-81.42733500041949,28.662106000198854],[-81.42733299987137,28.66195599979681],[-81.42733100022153,28.661747000097805],[-81.42731899962764,28.66052000020757],[-81.42693200001337,28.6605140000418],[-81.42681999986037,28.66052000020757],[-81.42670100003467,28.660569000235064],[-81.42658899988167,28.660695999926162],[-81.42643200042117,28.660921000000446],[-81.4263710003218,28.66100899995414],[-81.42625800034389,28.66109699983396],[-81.42602099961911,28.661207000368105],[-81.42564700042361,28.661360999818438],[-81.42544700040708,28.661360999818438],[-81.42524099964443,28.66132300011842],[-81.42504200035113,28.66116299969537],[-81.42491699977933,28.66104199991772],[-81.42473600002936,28.66081700010321],[-81.42459299991422,28.660695999926162],[-81.42439299989769,28.66061800023961],[-81.42414299965243,28.660569000235064],[-81.42393099994032,28.660563000072045],[-81.423837000229,28.660599999758027],[-81.42372599990092,28.660645999668912],[-81.42350099977001,28.66075599988808],[-81.42333900028663,28.660815999815675],[-81.42318299975271,28.660815999815675],[-81.42305200023145,28.660771999767015],[-81.42261799986318,28.661298999637005],[-81.42196400028521,28.660974000196376],[-81.42243200009034,28.660466999782106],[-81.42325600044595,28.659332999606228],[-81.42360100022745,28.65884099979317],[-81.42399799988748,28.65864899991265],[-81.42399600023766,28.658492999800025],[-81.42399399968951,28.658312999866755],[-81.42386399999317,28.658312999866755],[-81.42347700037888,28.65831700032407],[-81.42334799960913,28.65831799984718],[-81.42330499995143,28.658316000012665],[-81.42317600008,28.658314000178184],[-81.4231330004223,28.658312999866755],[-81.42234599987661,28.658289999796068],[-81.42123100016619,28.658258000066326],[-81.41998900023414,28.65821399973232],[-81.41949600031465,28.658196999938646],[-81.41936499989507,28.659176000208337],[-81.41929700012301,28.659527999921774],[-81.41922299960486,28.66044100009899],[-81.41916099968056,28.66151900016591],[-81.41916099968056,28.661822999964905],[-81.41916099968056,28.662123999633625],[-81.4191699999014,28.662481999748305],[-81.41923100000078,28.665274999968897],[-81.4230129998734,28.665227000022167],[-81.42326800014152,28.665247999656703],[-81.4236120000981,28.66537999962785],[-81.42372500007599,28.665383999815464],[-81.42374099996954,28.665385000059405],[-81.42379100019825,28.665388000002917],[-81.42380799991669,28.665389000246847],[-81.42422999969106,28.66541699997807],[-81.42483499976356,28.66548300027205],[-81.42557200008054,28.665603999652234],[-81.42648900032256,28.665813000330505],[-81.42714399972547,28.665978000364145],[-81.42723699961188,28.66600000008624],[-81.42729299968839,28.665741000377725],[-81.42729299968839,28.6652410003045],[-81.42733100022153,28.664673999986736],[-81.42733200004645,28.664599000073625],[-81.42628299955993,28.66458199973909],[-81.42669400036198,28.663715000301256],[-81.42675799993609,28.66380600026275],[-81.42681200036276,28.6638420001218],[-81.42689500020343,28.663897000145223],[-81.42702200042504,28.663943000185697],[-81.42707699977832,28.66397000004586],[-81.42717700023574,28.663998000156184],[-81.42726000007642,28.66402500000211],[-81.42734499956691,28.66402500000211]],[[-81.42530400029194,28.661759999778212],[-81.42530299956871,28.661799999876127],[-81.42530299956871,28.66183899968097],[-81.42530199974381,28.661923000120932],[-81.42530199974381,28.661952999755005],[-81.42530099991889,28.662034000064182],[-81.42530000009398,28.662155999759676],[-81.42529900026908,28.66219099991102],[-81.42529800044416,28.66233799994605],[-81.42529599989601,28.662489000073005],[-81.42529400024618,28.662670000199583],[-81.42529199969806,28.66285700004557],[-81.42529099987316,28.663031000036778],[-81.42529000004824,28.663044000346183],[-81.42528900022332,28.66321800002696],[-81.42528900022332,28.66324000032846],[-81.4252869996752,28.66341099968385],[-81.42528500002537,28.66363699970836],[-81.42478799990792,28.663634999975375],[-81.42420200010199,28.663631999981636],[-81.42398899966665,28.663630999721008],[-81.42368099969507,28.66362899998786],[-81.42330999997431,28.663617000011843],[-81.42316199983631,28.66361500027843],[-81.42286100043573,28.663609999762475],[-81.42271199957452,28.66360800002892],[-81.42272199962025,28.663118000318192],[-81.42327099961625,28.66283799968024],[-81.42373599994666,28.662313000212038],[-81.423761000061,28.662121000384886],[-81.42379799987094,28.661829000055803],[-81.42380500044194,28.661778000060654],[-81.42384200025187,28.661776999782262],[-81.42404100044351,28.661776999782262],[-81.4241180004364,28.661776999782262],[-81.42419999955385,28.661776999782262],[-81.42450900024866,28.661771999966813],[-81.4245750003709,28.66177099968845],[-81.42474000022732,28.661768999919808],[-81.42495500031248,28.661765000382484],[-81.42498899974936,28.661765000382484],[-81.42523099959868,28.661761000056742],[-81.42524300019258,28.661759999778212],[-81.42530400029194,28.661759999778212]]]},"properties":{"block_id":"121170217081002","school_id":"sch_spring_lake_elementary_school","kids_est":4,"class":"red","shortest":{"len_m":2906.7,"mean_c":37.16,"peak_c":37.2,"dose":167.9},"coolest":{"len_m":2906.7,"mean_c":37.16,"peak_c":37.2,"dose":167.9},"delta_mean_c":0.0,"delta_dose_pct":0,"distance_mi":0.767,"status_now":"walk","status_rec":"bus_eligible","reason":"Coolest route mean 37.2C exceeds threshold (110 C-min dose, actual 168).","safe_until_hour":"11:00"}},{"type":"Feature","geometry":{"type":"Polygon","coordinates":[[[-81.37431000041333,28.64858300010761],[-81.37442699969087,28.648505000081247],[-81.3742459999409,28.648276999732126],[-81.37406500019092,28.648048000054747],[-81.37379099965624,28.647866999911198],[-81.3736409998684,28.647856000118882],[-81.37353999958607,28.647862000220748],[-81.37325000005616,28.647881999769442],[-81.37289900042687,28.647906000168877],[-81.37275200011378,28.64795000009853],[-81.37264300033384,28.647983000230795],[-81.37255000044743,28.648048999675755],[-81.37253100018086,28.648060000236136],[-81.37241200035515,28.648185999692977],[-81.37228799960829,28.648328999606445],[-81.37223800027789,28.648451000271525],[-81.37220700031575,28.648616000040644],[-81.37218800004918,28.648763999803833],[-81.3721760003536,28.649198999773596],[-81.3721760003536,28.64921699984762],[-81.3721830000263,28.64972200027169],[-81.3721889998741,28.649888999613033],[-81.37220700031575,28.65038999998317],[-81.37221399998845,28.65055800022281],[-81.37255000044743,28.650560000205296],[-81.37279399994657,28.650562999784725],[-81.37356100040078,28.650554999854894],[-81.37389799978637,28.650552000275173],[-81.3738939995884,28.650228999829395],[-81.37388199989283,28.649261999625057],[-81.3738790004181,28.64894000033693],[-81.3739780001523,28.64883999962237],[-81.37408399955919,28.648736000354685],[-81.37431000041333,28.64858300010761]]]},"properties":{"block_id":"121170218051001","school_id":"sch_spring_lake_elementary_school","kids_est":1,"class":"red","shortest":{"len_m":8564.8,"mean_c":36.63,"peak_c":37.2,"dose":431.8},"coolest":{"len_m":8564.8,"mean_c":36.63,"peak_c":37.2,"dose":431.8},"delta_mean_c":0.0,"delta_dose_pct":0,"distance_mi":2.356,"status_now":"bus","status_rec":"bus_eligible","reason":"Coolest route mean 36.6C exceeds threshold (110 C-min dose, actual 432).","safe_until_hour":"11:00"}},{"type":"Feature","geometry":{"type":"Polygon","coordinates":[[[-81.3903190001608,28.64703099979427],[-81.3903190001608,28.64636500003579],[-81.39013099983984,28.646367000098238],[-81.38990499988402,28.646367999735265],[-81.38922799984151,28.646373000285305],[-81.38900299971063,28.646375999984485],[-81.38900600008365,28.646732999842733],[-81.3890089995584,28.647009000033133],[-81.3898039996017,28.647021999964178],[-81.39016099997706,28.647028000113764],[-81.3903190001608,28.64703099979427]]]},"properties":{"block_id":"121170217051001","school_id":"sch_spring_lake_elementary_school","kids_est":2,"class":"red","shortest":{"len_m":6287.1,"mean_c":36.77,"peak_c":37.2,"dose":328.8},"coolest":{"len_m":6287.1,"mean_c":36.77,"peak_c":37.2,"dose":328.8},"delta_mean_c":0.0,"delta_dose_pct":0,"distance_mi":1.53,"status_now":"walk","status_rec":"bus_eligible","reason":"Coolest route mean 36.8C exceeds threshold (110 C-min dose, actual 329).","safe_until_hour":"11:00"}},{"type":"Feature","geometry":{"type":"Polygon","coordinates":[[[-81.4189239998541,28.6512910003062],[-81.41893600044799,28.651000000149686],[-81.41883000014278,28.65087899967893],[-81.41858099972244,28.65087899967893],[-81.41796599960419,28.650862999866824],[-81.41790700005296,28.650862000272635],[-81.41745799961608,28.650878000084905],[-81.41724599990397,28.650905999750446],[-81.41714600034486,28.65095500032968],[-81.41685900028969,28.65119700016787],[-81.41674700013668,28.651301999738223],[-81.41673399971789,28.651324000175507],[-81.41671500034963,28.651378999671685],[-81.41671500034963,28.65147299964694],[-81.41674700013668,28.651560999647963],[-81.41684599987089,28.65169300029947],[-81.41708299969736,28.651961999810805],[-81.41740099971467,28.65193500001112],[-81.41753899980694,28.65190699983201],[-81.41760099973122,28.651891000176732],[-81.41776300011293,28.651792000284836],[-81.41785799964917,28.651718000201033],[-81.41800699961209,28.651604999620822],[-81.4182250000703,28.65146699975166],[-81.41841199966802,28.651412000301566],[-81.41873600043145,28.651412000301566],[-81.4189239998541,28.6512910003062]]]},"properties":{"block_id":"121170217073008","school_id":"sch_spring_lake_elementary_school","kids_est":7,"class":"green","shortest":{"len_m":1500.2,"mean_c":37.16,"peak_c":37.2,"dose":86.7},"coolest":{"len_m":1500.2,"mean_c":37.16,"peak_c":37.2,"dose":86.7},"delta_mean_c":0.0,"delta_dose_pct":0,"distance_mi":0.746,"status_now":"walk","status_rec":"walk","reason":"Shortest route already under threshold (dose 87).","safe_until_hour":null}},{"type":"Feature","geometry":{"type":"Polygon","coordinates":[[[-81.41508199970704,28.647334000191613],[-81.41508099988212,28.647285999913798],[-81.41508000005722,28.647141999737013],[-81.41508000005722,28.64709499978979],[-81.4150790002323,28.646940000250677],[-81.4146139999019,28.646940000250677],[-81.41454199993187,28.646940000250677],[-81.41439600034201,28.646940000250677],[-81.41416100016536,28.646940000250677],[-81.41403399994375,28.646940000250677],[-81.4139600003239,28.646940000250677],[-81.4137410000408,28.6469389998308],[-81.4135229995826,28.6469389998308],[-81.41308499991467,28.64693800019922],[-81.41286499980664,28.64693800019922],[-81.41242799996364,28.64693800019922],[-81.41199199994554,28.646936999779268],[-81.41152300031548,28.64693600014766],[-81.41152300031548,28.64697200028112],[-81.41136699978156,28.646991000368445],[-81.41122500038966,28.64699199999953],[-81.41111999990936,28.64699199999953],[-81.4108980001515,28.64699299963059],[-81.41090200034947,28.647128000191003],[-81.41090499982423,28.647281999823978],[-81.41090599964912,28.647317999838673],[-81.41126399984941,28.647323999971313],[-81.41208200035724,28.647338999907227],[-81.4122410003659,28.647338000279465],[-81.41272000004169,28.647334000191613],[-81.41287999987526,28.647334000191613],[-81.41303300003612,28.647338999907227],[-81.41349300034368,28.647355999884585],[-81.41364700032948,28.64736200001501],[-81.41393400038464,28.647355999884585],[-81.41479399982695,28.647338999907227],[-81.41508199970704,28.647334000191613]]]},"properties":{"block_id":"121170217061026","school_id":"sch_spring_lake_elementary_school","kids_est":2,"class":"green","shortest":{"len_m":1412.4,"mean_c":37.2,"peak_c":37.2,"dose":82.0},"coolest":{"len_m":1412.4,"mean_c":37.2,"peak_c":37.2,"dose":82.0},"delta_mean_c":0.0,"delta_dose_pct":0,"distance_mi":0.888,"status_now":"walk","status_rec":"walk","reason":"Shortest route already under threshold (dose 82).","safe_until_hour":null}},{"type":"Feature","geometry":{"type":"Polygon","coordinates":[[[-81.37628000044151,28.655411000318725],[-81.37620500009842,28.655334000192926],[-81.3760679998311,28.65530100000909],[-81.37598599981531,28.655311000257008],[-81.37584299970018,28.655327999730336],[-81.37582699980666,28.65533699963587],[-81.37573700029327,28.65539400007061],[-81.37568100021679,28.655488000387972],[-81.37566199995021,28.655501999606184],[-81.37590799999751,28.655501999606184],[-81.37590700017259,28.655518000287064],[-81.37603600004404,28.655504999832612],[-81.37619199967965,28.655509999946954],[-81.37628000044151,28.655411000318725]]]},"properties":{"block_id":"121170218062011","school_id":"sch_spring_lake_elementary_school","kids_est":0,"class":"red","shortest":{"len_m":8755.8,"mean_c":36.62,"peak_c":37.2,"dose":440.9},"coolest":{"len_m":8755.8,"mean_c":36.62,"peak_c":37.2,"dose":440.9},"delta_mean_c":0.0,"delta_dose_pct":0,"distance_mi":2.089,"status_now":"bus","status_rec":"bus_eligible","reason":"Coolest route mean 36.6C exceeds threshold (110 C-min dose, actual 441).","safe_until_hour":"11:00"}},{"type":"Feature","geometry":{"type":"Polygon","coordinates":[[[-81.38282900003541,28.656372000172173],[-81.38283599970812,28.655418999878147],[-81.38281099959376,28.655149999775904],[-81.38277399978382,28.65507300024673],[-81.38262999984379,28.655011999842507],[-81.3826030000796,28.655009999944927],[-81.3823620000552,28.65500100001134],[-81.38210599996215,28.655006000149726],[-81.38208699969557,28.655211999652618],[-81.38207500000001,28.65534800022002],[-81.38204300021296,28.655550999614313],[-81.38193100005996,28.655815000164704],[-81.38184099964828,28.65599200023305],[-81.38183099960253,28.65601300014121],[-81.38181200023428,28.656035000378278],[-81.38171299960176,28.656158000292926],[-81.3816809998147,28.656200000038496],[-81.38185700044012,28.65631500026913],[-81.38238499962141,28.65666200007036],[-81.38256100024681,28.65677800012032],[-81.38276700011114,28.65655299982487],[-81.38282900003541,28.656387999931976],[-81.38282900003541,28.656372000172173]]]},"properties":{"block_id":"121170218032012","school_id":"sch_spring_lake_elementary_school","kids_est":0,"class":"red","shortest":{"len_m":9333.0,"mean_c":36.61,"peak_c":37.2,"dose":467.6},"coolest":{"len_m":9333.0,"mean_c":36.61,"peak_c":37.2,"dose":467.6},"delta_mean_c":0.0,"delta_dose_pct":0,"distance_mi":1.7,"status_now":"walk","status_rec":"bus_eligible","reason":"Coolest route mean 36.6C exceeds threshold (110 C-min dose, actual 468).","safe_until_hour":"11:00"}},{"type":"Feature","geometry":{"type":"Polygon","coordinates":[[[-81.4149949996684,28.653866999832637],[-81.41499999969126,28.652790000276227],[-81.4149310000943,28.65278199972798],[-81.41479399982695,28.652777999847782],[-81.4146630003057,28.65279899961127],[-81.41450699977177,28.6528400003387],[-81.41435799980886,28.652905999880183],[-81.41424099963298,28.6529779999776],[-81.41410400026395,28.65306899980008],[-81.41403800014172,28.653112999928428],[-81.41394100005733,28.65319000010869],[-81.41390500007233,28.653219999876985],[-81.41377399965276,28.653377000311025],[-81.4136439999564,28.653544999706735],[-81.41359700010075,28.653622000358087],[-81.41355899956761,28.653690000118402],[-81.41355899956761,28.653723000020978],[-81.41337799981764,28.653602000327425],[-81.41322200018202,28.6535629998231],[-81.4130659996481,28.653540999855647],[-81.41299000037844,28.653555000122143],[-81.41276000022465,28.653600999971033],[-81.4125169996521,28.653639999672915],[-81.41213000003782,28.653761000110936],[-81.41196199980833,28.65383799981536],[-81.41181200002049,28.653928000114764],[-81.41168700034703,28.654002999779753],[-81.41149999985096,28.654051999700116],[-81.41124499958282,28.654076999827577],[-81.41078900037157,28.65412399979887],[-81.41063799986051,28.654091000022497],[-81.41062699998986,28.654107000130395],[-81.41062100014209,28.654125000150273],[-81.4105879996318,28.654235000117072],[-81.41057699976115,28.654271999671483],[-81.41056500006559,28.65430900000116],[-81.41052999990548,28.654420999683776],[-81.41051900003484,28.654459000309007],[-81.41047700020204,28.65459700018206],[-81.410473999829,28.65462200017958],[-81.4104329998211,28.655087000308665],[-81.4104329998211,28.655130000036756],[-81.4104329998211,28.655204999630197],[-81.4104329998211,28.65530100000909],[-81.41043000034637,28.6554360001222],[-81.41043000034637,28.655460000369324],[-81.41042199995044,28.65593899988318],[-81.41042100012552,28.65601100026274],[-81.41042000030063,28.656098999608453],[-81.41042199995044,28.656234000270594],[-81.41042199995044,28.6562480001775],[-81.4104260001484,28.656439000184612],[-81.41043000034637,28.65669699969121],[-81.41043199999619,28.656795000144026],[-81.4104329998211,28.65684699973581],[-81.41043100017127,28.656982000223095],[-81.41043100017127,28.656994000170382],[-81.41042699997331,28.65743700008869],[-81.4104260001484,28.657511999608406],[-81.4104260001484,28.657585000014368],[-81.41042699997331,28.65772000033956],[-81.41042699997331,28.65773400004802],[-81.41042899962314,28.65807500036511],[-81.41043000034637,28.658183000292016],[-81.41043000034637,28.65819500010189],[-81.41043100017127,28.658261000213876],[-81.41043199999619,28.658332999787053],[-81.41042699997331,28.658477999883118],[-81.4104119999047,28.658912000238768],[-81.41041000025487,28.65899400004972],[-81.41040799970673,28.65905799983833],[-81.41040699988184,28.659075999796478],[-81.4105309997304,28.65916800014738],[-81.4105309997304,28.659205000325684],[-81.41082600018149,28.659205000325684],[-81.4108620001665,28.659205999840324],[-81.41087399986206,28.659026000343005],[-81.41087399986206,28.6588470000547],[-81.41087399986206,28.65848900013771],[-81.41087399986206,28.657952999861298],[-81.41087399986206,28.657774000105658],[-81.41087399986206,28.657596000362656],[-81.41087399986206,28.657416999997455],[-81.41087399986206,28.657238000114937],[-81.41087499968698,28.65713600036226],[-81.41133599981943,28.657138000219284],[-81.41210999994632,28.657140999610537],[-81.4121080002965,28.656504999825497],[-81.41210499992346,28.656363999897227],[-81.4120949998777,28.655973000199996],[-81.41150400004892,28.655973999745463],[-81.4112279998644,28.655973999745463],[-81.41092300026587,28.655976999958316],[-81.4108699996641,28.655975000079142],[-81.41086499964125,28.655450000135666],[-81.41086499964125,28.65465099998008],[-81.41086800001428,28.654561000301204],[-81.41201799988481,28.654565999672325],[-81.41225200023655,28.654567000019455],[-81.41248499986504,28.654568000366613],[-81.41271900021678,28.654568999925473],[-81.41295299967018,28.654570000272564],[-81.41324899994619,28.65457200017853],[-81.41386700043749,28.654575999990293],[-81.41402200024818,28.654577999896144],[-81.41499200019368,28.654581000148948],[-81.4149949996684,28.653866999832637]]]},"properties":{"block_id":"121170217052021","school_id":"sch_spring_lake_elementary_school","kids_est":5,"class":"green","shortest":{"len_m":336.0,"mean_c":37.2,"peak_c":37.2,"dose":19.5},"coolest":{"len_m":336.0,"mean_c":37.2,"peak_c":37.2,"dose":19.5},"delta_mean_c":0.0,"delta_dose_pct":0,"distance_mi":0.288,"status_now":"walk","status_rec":"walk","reason":"Shortest route already under threshold (dose 20).","safe_until_hour":null}},{"type":"Feature","geometry":{"type":"Polygon","coordinates":[[[-81.41712600025338,28.653024999653205],[-81.41690799979517,28.652792999791863],[-81.41654700012015,28.652331000054634],[-81.41622300025506,28.6519679996777],[-81.4159730000098,28.651632000293745],[-81.4157549995516,28.651301999738223],[-81.41566099984027,28.65110899986131],[-81.415486999763,28.651181999995412],[-81.41522300017233,28.6512820000534],[-81.41503099965341,28.651345000230194],[-81.41497999959978,28.6513530000998],[-81.41497700012505,28.651393999815962],[-81.41499999969126,28.652790000276227],[-81.41507500003434,28.65279899961127],[-81.41514700000437,28.652807999733884],[-81.4156640002133,28.652892999890195],[-81.41578600041206,28.6529319998554],[-81.41585599983394,28.65294899971439],[-81.4159300003521,28.652957000249952],[-81.41600300014703,28.652972999742513],[-81.41608099996483,28.653026000015082],[-81.41619700031578,28.653144999651925],[-81.4162190000571,28.653157999610666],[-81.41634899975344,28.65323000032332],[-81.41639899998215,28.653204999993907],[-81.41659700034887,28.653107000127036],[-81.41667799964141,28.653099000391233],[-81.41677800009883,28.65309000029362],[-81.41682999997738,28.653079999833864],[-81.41712600025338,28.653024999653205]]]},"properties":{"block_id":"121170217061015","school_id":"sch_spring_lake_elementary_school","kids_est":0,"class":"green","shortest":{"len_m":1439.9,"mean_c":37.16,"peak_c":37.2,"dose":83.3},"coolest":{"len_m":1439.9,"mean_c":37.16,"peak_c":37.2,"dose":83.3},"delta_mean_c":0.0,"delta_dose_pct":0,"distance_mi":0.624,"status_now":"walk","status_rec":"walk","reason":"Shortest route already under threshold (dose 83).","safe_until_hour":null}},{"type":"Feature","geometry":{"type":"Polygon","coordinates":[[[-81.39040500037453,28.661875999704804],[-81.39025200021365,28.66181999991935],[-81.3892489997579,28.66181600038396],[-81.38869399991412,28.661812000060177],[-81.38869499973903,28.661792000015378],[-81.38869700028717,28.661759999778212],[-81.38869499973903,28.661260999914518],[-81.38869499973903,28.66108400007133],[-81.3886930000892,28.66062600018991],[-81.38868700024143,28.65925200036293],[-81.38868600041651,28.658794000359872],[-81.38868399986839,28.658464000274005],[-81.38868100039363,28.65747400008965],[-81.38867999967042,28.657143999790062],[-81.38867899984551,28.65712899968007],[-81.38866999962468,28.657087999841515],[-81.38867899984551,28.65707000033032],[-81.38867899984551,28.657050999704264],[-81.38867899984551,28.656994000170382],[-81.38867899984551,28.65697599985475],[-81.38867899984551,28.656934999956352],[-81.3886720001728,28.656110000112655],[-81.38865899975401,28.654561000301204],[-81.38865100025642,28.65351199974813],[-81.38864500040863,28.652742000130708],[-81.38864399968541,28.652645999773828],[-81.3886350003629,28.6516179997705],[-81.3886350003629,28.651600999695727],[-81.38862699996697,28.650603000213163],[-81.38861500027141,28.649038999767924],[-81.38859900037788,28.648536999634125],[-81.38856800041575,28.647511000385578],[-81.38856099984473,28.64727700010564],[-81.39031400013793,28.647264999834686],[-81.39030800029016,28.6476380001269],[-81.39030599974201,28.647757000359476],[-81.39031099976489,28.648095999983767],[-81.3903190001608,28.64856200028812],[-81.39032099981063,28.64868799993023],[-81.39032099981063,28.648698999635272],[-81.39032400018368,28.648891000392876],[-81.39032400018368,28.649375999973373],[-81.39032400018368,28.649598000296006],[-81.39032400018368,28.6502640000209],[-81.39032400018368,28.650486999638197],[-81.39030099971914,28.65048400005654],[-81.39023299994707,28.65047800010467],[-81.39021100020578,28.65047600012068],[-81.39011099974833,28.65065699970309],[-81.39016099997706,28.650784000364638],[-81.39016000015214,28.650845999669652],[-81.39015400030436,28.652033000185067],[-81.39012300034223,28.652033000185067],[-81.38971800028628,28.652033000185067],[-81.38968399995107,28.652031999813715],[-81.38958199984384,28.652031999813715],[-81.38954900023187,28.652031999813715],[-81.38911300021377,28.652020999669922],[-81.38909099957417,28.652154999694382],[-81.38904600026663,28.652421999650276],[-81.38904799991646,28.65258900021004],[-81.38900799973348,28.65278800033628],[-81.38908100042671,28.653079999833864],[-81.38904299989358,28.653377000311025],[-81.38905299993932,28.653467000217873],[-81.38904999956627,28.653602000327425],[-81.38904999956627,28.653619000077793],[-81.38909599959702,28.65377299963862],[-81.388987999642,28.65377299963862],[-81.3889940003881,28.654373999845593],[-81.38901399958125,28.65657399962066],[-81.38902600017515,28.658027999800158],[-81.38903500039596,28.659096000359426],[-81.39030699956693,28.659099999998578],[-81.39031199958981,28.659346999887585],[-81.39031300031301,28.65935600023636],[-81.3903190001608,28.6599450003616],[-81.39032800038164,28.660561999782075],[-81.39033500005434,28.66096800005652],[-81.39034000007719,28.66132300011842],[-81.390417999895,28.66187500021561],[-81.39040500037453,28.661875999704804]],[[-81.39021100020578,28.65047600012068],[-81.39021000038086,28.64971099988559],[-81.390205000358,28.64929500013283],[-81.39018699991632,28.647753999911426],[-81.39018799974124,28.64769599964104],[-81.38910399999294,28.647592000027295],[-81.38900600008365,28.647583999870832],[-81.38901299975636,28.64877599990328],[-81.38901299975636,28.649634000304076],[-81.3890019998857,28.650623999623953],[-81.38900299971063,28.650708999973936],[-81.38903600022088,28.650755999878182],[-81.38911099966565,28.650761000218992],[-81.38915599987149,28.65075700026171],[-81.38960899960801,28.650693999731683],[-81.38986800007409,28.650564000170085],[-81.38990700043216,28.65054600032721],[-81.39021100020578,28.65047600012068]]]},"properties":{"block_id":"121170217055002","school_id":"sch_spring_lake_elementary_school","kids_est":5,"class":"red","shortest":{"len_m":7624.4,"mean_c":36.67,"peak_c":37.2,"dose":389.2},"coolest":{"len_m":7624.4,"mean_c":36.67,"peak_c":37.2,"dose":389.2},"delta_mean_c":0.0,"delta_dose_pct":0,"distance_mi":1.28,"status_now":"walk","status_rec":"bus_eligible","reason":"Coolest route mean 36.7C exceeds threshold (110 C-min dose, actual 389).","safe_until_hour":"11:00"}},{"type":"Feature","geometry":{"type":"Polygon","coordinates":[[[-81.39032300035876,28.652033000185067],[-81.39032400018368,28.650486999638197],[-81.39030099971914,28.65048400005654],[-81.39023299994707,28.65047800010467],[-81.39021100020578,28.65047600012068],[-81.39011099974833,28.65065699970309],[-81.39016099997706,28.650784000364638],[-81.39016000015214,28.650845999669652],[-81.39015400030436,28.652033000185067],[-81.39012300034223,28.652033000185067],[-81.38971800028628,28.652033000185067],[-81.38968399995107,28.652031999813715],[-81.38958199984384,28.652031999813715],[-81.38954900023187,28.652031999813715],[-81.38954900023187,28.652078000330736],[-81.38955000005679,28.652216000184136],[-81.38955099988169,28.65226199983218],[-81.38955099988169,28.65238799975861],[-81.38955400025475,28.6527689997226],[-81.38955500007965,28.652896000191213],[-81.38970800024055,28.65290099964171],[-81.39016000015214,28.652918999868618],[-81.39032300035876,28.652924000106303],[-81.39032300035876,28.65284600015542],[-81.39032300035876,28.652611999954793],[-81.39032300035876,28.652535000138403],[-81.39032300035876,28.65228700038642],[-81.39032300035876,28.652033000185067]]]},"properties":{"block_id":"121170217055003","school_id":"sch_spring_lake_elementary_school","kids_est":2,"class":"red","shortest":{"len_m":6914.7,"mean_c":36.71,"peak_c":37.2,"dose":356.7},"coolest":{"len_m":6914.7,"mean_c":36.71,"peak_c":37.2,"dose":356.7},"delta_mean_c":0.0,"delta_dose_pct":0,"distance_mi":1.325,"status_now":"walk","status_rec":"bus_eligible","reason":"Coolest route mean 36.7C exceeds threshold (110 C-min dose, actual 357).","safe_until_hour":"11:00"}},{"type":"Feature","geometry":{"type":"Polygon","coordinates":[[[-81.3814120002012,28.658786000269757],[-81.38138700008685,28.658609999709206],[-81.3812869996294,28.658484000165437],[-81.38123599957578,28.65846199965399],[-81.38080100028093,28.658274000326585],[-81.38069199960266,28.658216000357005],[-81.38062600037873,28.65818099966671],[-81.3803929998519,28.658002000300357],[-81.38029599976754,28.65792799986971],[-81.38016299969814,28.657934999710328],[-81.38000200003967,28.657944000180336],[-81.37993400026761,28.65798200031697],[-81.37983999965796,28.658092000178502],[-81.37983200016036,28.65810200016021],[-81.37975299961931,28.65820800022278],[-81.37987700036619,28.65831999968161],[-81.38005200026838,28.658477999883118],[-81.38000899971235,28.658740999850025],[-81.37998299977309,28.658907000286735],[-81.38014500015481,28.65891799970802],[-81.38032000005697,28.65888999981722],[-81.38045399995127,28.658874999957053],[-81.38052000007353,28.658868999697063],[-81.38066300018866,28.658879999910674],[-81.38077500034164,28.658940000123753],[-81.38122399988022,28.65892899991649],[-81.38133699985812,28.658879999910674],[-81.3814120002012,28.658786000269757]]]},"properties":{"block_id":"121170218061013","school_id":"sch_spring_lake_elementary_school","kids_est":1,"class":"red","shortest":{"len_m":9572.4,"mean_c":36.6,"peak_c":37.2,"dose":478.8},"coolest":{"len_m":9572.4,"mean_c":36.6,"peak_c":37.2,"dose":478.8},"delta_mean_c":0.0,"delta_dose_pct":0,"distance_mi":1.793,"status_now":"walk","status_rec":"bus_eligible","reason":"Coolest route mean 36.6C exceeds threshold (110 C-min dose, actual 479).","safe_until_hour":"11:00"}},{"type":"Feature","geometry":{"type":"Polygon","coordinates":[[[-81.39427500011071,28.658466000105633],[-81.39429400037727,28.658296000089198],[-81.39426900026292,28.658135999775485],[-81.39421900003418,28.65802599996012],[-81.39405800037571,28.65792299987068],[-81.39385099978817,28.657887999870837],[-81.39328300042392,28.657849999700144],[-81.39173000014725,28.657854999702657],[-81.39159799990277,28.657864999706973],[-81.39144899993985,28.65787700034148],[-81.39123100037997,28.65798100000237],[-81.39117500030346,28.658097000169477],[-81.39118100015124,28.65831700032407],[-81.39120799991544,28.658393999835585],[-81.39123100037997,28.6584599998223],[-81.3913960002364,28.658568999661565],[-81.39140499955893,28.658574999938665],[-81.39162399984204,28.658630999881193],[-81.39179200007152,28.65863500032637],[-81.39183599955415,28.658635999846442],[-81.39197299982149,28.658565000002135],[-81.39211699976153,28.658515000304956],[-81.39216699999027,28.658512999685986],[-81.39224800018111,28.658510000333916],[-81.39240399981672,28.658614000155136],[-81.39275600016923,28.658599000255542],[-81.39278399975831,28.65859799994682],[-81.39364400009894,28.658622000258433],[-81.39381300015334,28.65862599991569],[-81.3940070003221,28.65862599991569],[-81.3941629999577,28.6585940002885],[-81.39419399991985,28.65858699970367],[-81.39427500011071,28.658466000105633]]]},"properties":{"block_id":"121170217053006","school_id":"sch_spring_lake_elementary_school","kids_est":11,"class":"red","shortest":{"len_m":7911.7,"mean_c":36.66,"peak_c":37.2,"dose":402.4},"coolest":{"len_m":7911.7,"mean_c":36.66,"peak_c":37.2,"dose":402.4},"delta_mean_c":0.0,"delta_dose_pct":0,"distance_mi":1.056,"status_now":"walk","status_rec":"bus_eligible","reason":"Coolest route mean 36.7C exceeds threshold (110 C-min dose, actual 402).","safe_until_hour":"11:00"}},{"type":"Feature","geometry":{"type":"Polygon","coordinates":[[[-81.41714600034486,28.65095500032968],[-81.41707199982669,28.650874999726152],[-81.41685099989377,28.65063800027984],[-81.41677800009883,28.650558999819875],[-81.41666599994583,28.650652999741826],[-81.41650299973921,28.650763000197614],[-81.41626599991275,28.650878000084905],[-81.41592299978109,28.651010000019475],[-81.41601099964463,28.651203000078596],[-81.41617899987412,28.651460999856035],[-81.41645300040882,28.651830000286257],[-81.41677800009883,28.652171000097688],[-81.41708299969736,28.651961999810805],[-81.41684599987089,28.65169300029947],[-81.41674700013668,28.651560999647963],[-81.41671500034963,28.65147299964694],[-81.41671500034963,28.651378999671685],[-81.41673399971789,28.651324000175507],[-81.41674700013668,28.651301999738223],[-81.41685900028969,28.65119700016787],[-81.41714600034486,28.65095500032968]]]},"properties":{"block_id":"121170217073001","school_id":"sch_spring_lake_elementary_school","kids_est":1,"class":"green","shortest":{"len_m":1470.9,"mean_c":37.16,"peak_c":37.2,"dose":85.0},"coolest":{"len_m":1470.9,"mean_c":37.16,"peak_c":37.2,"dose":85.0},"delta_mean_c":0.0,"delta_dose_pct":0,"distance_mi":0.706,"status_now":"walk","status_rec":"walk","reason":"Shortest route already under threshold (dose 85).","safe_until_hour":null}},{"type":"Feature","geometry":{"type":"Polygon","coordinates":[[[-81.39211199973867,28.64288599967085],[-81.3921490004469,28.642865999957873],[-81.39208699962433,28.642584000288284],[-81.39198799989012,28.642101999869436],[-81.39194400040749,28.64188800004002],[-81.39193299963851,28.64184300025242],[-81.39189500000369,28.641641000022084],[-81.39187599973711,28.641546000224196],[-81.39182100038384,28.6412640001598],[-81.39179899974422,28.64115399999067],[-81.39176500030734,28.64096400021528],[-81.39167800026873,28.64054900015238],[-81.39161700016935,28.640299000262583],[-81.39158299983416,28.64020999978903],[-81.3915019996433,28.64020900009333],[-81.39110900018123,28.640206000217727],[-81.39097799976166,28.640206000217727],[-81.39075199980586,28.640211000273087],[-81.39007700031148,28.64022700013336],[-81.38985200018058,28.640232999883214],[-81.38975500009619,28.64023799993729],[-81.38946300001814,28.640253000098095],[-81.38936699975868,28.640258999846473],[-81.38917099994009,28.640268000256775],[-81.38877199973193,28.640289000160003],[-81.38858599995908,28.64025599997236],[-81.38840000018625,28.640224000258282],[-81.38841600007976,28.640469999977267],[-81.38843100014839,28.640644000064757],[-81.38844100019412,28.640768000376852],[-81.38847200015628,28.640954999864697],[-81.38859600000484,28.64119600022659],[-81.38895000000716,28.64166399980254],[-81.38901600012939,28.641734000371603],[-81.38930499983441,28.64204500009387],[-81.38945700017037,28.642252000292775],[-81.38987800011985,28.64282700019131],[-81.38987100044714,28.642887000129388],[-81.38986499970105,28.642954000085403],[-81.38970900006544,28.643063999943898],[-81.38996400033358,28.643402999756947],[-81.3901640003501,28.643669000257145],[-81.39025700023653,28.643821999788834],[-81.39031599978776,28.643791000035677],[-81.39069699955427,28.6436010003061],[-81.39123999970248,28.643308999644102],[-81.39175299971346,28.64301499961981],[-81.39188699960776,28.642970000315664],[-81.39206099968504,28.64291399989323],[-81.39211199973867,28.64288599967085]]]},"properties":{"block_id":"121170217061020","school_id":"sch_spring_lake_elementary_school","kids_est":24,"class":"red","shortest":{"len_m":5870.6,"mean_c":36.81,"peak_c":37.2,"dose":310.3},"coolest":{"len_m":5870.6,"mean_c":36.81,"peak_c":37.2,"dose":310.3},"delta_mean_c":0.0,"delta_dose_pct":0,"distance_mi":1.726,"status_now":"walk","status_rec":"bus_eligible","reason":"Coolest route mean 36.8C exceeds threshold (110 C-min dose, actual 310).","safe_until_hour":"11:00"}},{"type":"Feature","geometry":{"type":"Polygon","coordinates":[[[-81.40137699989857,28.651668000391872],[-81.40135199978423,28.651567999913656],[-81.40128900003504,28.65149700001289],[-81.40123600033158,28.651487000189547],[-81.40119000030083,28.65147999991845],[-81.40105899988126,28.651502000318356],[-81.40091499994121,28.651623000070206],[-81.40079600011552,28.651809999913798],[-81.40064700015262,28.651936999967354],[-81.40052800032691,28.65202500036732],[-81.40045299998384,28.652063000284304],[-81.4003850002118,28.652073999635363],[-81.40036599994521,28.652058000005578],[-81.40012900011875,28.651684000081172],[-81.40001100011797,28.651529999817303],[-81.39980500025365,28.651193999818236],[-81.39975500002494,28.65116099990809],[-81.39967399983408,28.65108900013968],[-81.39955500000839,28.651083999814507],[-81.39945600027418,28.651083999814507],[-81.3993309997024,28.651066999653175],[-81.39925600025767,28.651023000242915],[-81.39918099991458,28.651000999742553],[-81.39913099968587,28.65088599999009],[-81.3990689997616,28.650874999726152],[-81.39899400031683,28.650847000052263],[-81.39892499982153,28.65077500006833],[-81.39887600031605,28.650763999792733],[-81.39878199970642,28.650753000304277],[-81.39873200037601,28.650671000354638],[-81.39863199991858,28.650593999901307],[-81.39855699957552,28.650554999854894],[-81.39850800007001,28.65048400005654],[-81.39841400035868,28.650384999624652],[-81.39832700032007,28.65030799974962],[-81.39820199974827,28.650218999885144],[-81.3980839997475,28.65016999975032],[-81.39799599988395,28.650141999888223],[-81.39788999957874,28.650098000089862],[-81.39784000024835,28.650048999898505],[-81.39755300019316,28.649884000018993],[-81.39752600042898,28.64980200017819],[-81.39750999963714,28.64975200024378],[-81.39750999963714,28.649674999904008],[-81.39749700011666,28.649526000242886],[-81.39743500019239,28.649361000328785],[-81.39738499996366,28.64927799968143],[-81.39735400000153,28.64920699980692],[-81.39729799992503,28.64915199995988],[-81.3972669999629,28.649196000155147],[-81.39716099965767,28.64916800003298],[-81.39712300002284,28.649162999616205],[-81.39708000036515,28.649135000273642],[-81.39707299979413,28.649080000388842],[-81.39717300025157,28.649058000269164],[-81.39717999992426,28.649003000344035],[-81.39703000013643,28.648722000233157],[-81.39697400005993,28.64859599984356],[-81.39696700038724,28.64857700004699],[-81.39693600042511,28.648490999928832],[-81.39692399983122,28.648348000236307],[-81.39692399983122,28.648199999886117],[-81.39691799998343,28.64815600006128],[-81.39689299986908,28.648095000363217],[-81.39680599983043,28.64800200013498],[-81.39665600004261,28.647908000201873],[-81.3965499997374,28.64784700035963],[-81.39648100014043,28.64781400018458],[-81.39630700006316,28.647699000090743],[-81.39619499991018,28.64765500005579],[-81.39612600031319,28.647621999820323],[-81.39603900027456,28.647478999731288],[-81.39596999977927,28.64739100024662],[-81.39595700025879,28.647372999859133],[-81.3959020000072,28.647292000048285],[-81.39583900025802,28.647230999847718],[-81.39573299995281,28.64718100026429],[-81.39552700008848,28.647137000012012],[-81.3954090000877,28.647092999741222],[-81.39533999959241,28.647049000240397],[-81.39526500014766,28.64701100008323],[-81.39506000010824,28.646895000265307],[-81.39489100005385,28.646850999893047],[-81.39486599993948,28.646824000354236],[-81.39475999963429,28.646884000371063],[-81.39468500018951,28.646917000050365],[-81.39457300003653,28.6469389998308],[-81.3944729995791,28.646944000353553],[-81.3944299999214,28.64691099989443],[-81.39436700017221,28.646917000050365],[-81.39424199960041,28.64691099989443],[-81.39409299963752,28.6469389998308],[-81.39400499977394,28.6469389998308],[-81.3939370000019,28.646921999785864],[-81.39379300006185,28.64691099989443],[-81.39369400032764,28.646895000265307],[-81.39353799979372,28.646889000108114],[-81.39340700027249,28.646867000317258],[-81.39330099996727,28.64682299993319],[-81.39317600029379,28.646794999965902],[-81.39303200035374,28.646767999624306],[-81.39292000020076,28.64672899973183],[-81.39280800004775,28.646702000161596],[-81.39268900022208,28.64669599999336],[-81.39257700006908,28.64666899962628],[-81.39223999978519,28.646624999947573],[-81.39204099959356,28.646624000313],[-81.39193500018666,28.6466460001549],[-81.39187200043746,28.646685000078236],[-81.39182200020876,28.646745000174576],[-81.39180999961488,28.646833000201262],[-81.39179100024663,28.64690000000185],[-81.39179100024663,28.646944000353553],[-81.3918530001709,28.647026000063924],[-81.3919100000723,28.64704799982149],[-81.3919660001488,28.647092000111154],[-81.39200299995873,28.647141999737013],[-81.39202800007308,28.647190999709856],[-81.39205300018743,28.647279000150697],[-81.39205300018743,28.64730699998878],[-81.3920430001417,28.6473230003434],[-81.39199700011095,28.647410999885135],[-81.39199000043824,28.647455000022454],[-81.39200299995873,28.647499000141327],[-81.39202800007308,28.64754300024179],[-81.39198399969216,28.6476040002609],[-81.39194000020953,28.647724999780248],[-81.39195299973,28.64776899978584],[-81.39199700011095,28.647785999693493],[-81.39200299995873,28.64781899987731],[-81.39199700011095,28.64787399963504],[-81.3919589995778,28.64790699979122],[-81.39197100017167,28.647994999631244],[-81.39198100021741,28.648037999902538],[-81.39199000043824,28.648077000096617],[-81.39204599961643,28.64816000011777],[-81.39210900026393,28.64823099991279],[-81.39218000040904,28.6485890001679],[-81.39219399975444,28.648679999857368],[-81.3921979999524,28.648704000074172],[-81.3943739998449,28.648710000127476],[-81.39446799955623,28.64871899981271],[-81.39448099997503,28.650277999936634],[-81.39447500012723,28.65057800004572],[-81.39447599995215,28.650903999774613],[-81.39392199993328,28.650903999774613],[-81.39392199993328,28.650926999888885],[-81.3939229997582,28.65097799964445],[-81.3939229997582,28.651025999809164],[-81.39411500027713,28.651203000078596],[-81.39425599984412,28.651334000014383],[-81.39447799960197,28.651539999636533],[-81.39452000033307,28.651577999729277],[-81.39454500044744,28.651600999695727],[-81.39473399969502,28.651672000314424],[-81.39492799986378,28.65193500001112],[-81.39514600032197,28.65185599973993],[-81.3958180003416,28.65222700030747],[-81.39596800012944,28.652248999762282],[-81.39612399976505,28.652276999850088],[-81.396168000146,28.65229300023478],[-81.39644799963015,28.65243099980524],[-81.39663599995113,28.652552000061753],[-81.3967670003707,28.652630999808654],[-81.39690999958752,28.652705999613016],[-81.39701599989272,28.652788999912087],[-81.39745899958352,28.653284000037093],[-81.3977890001947,28.65354299978124],[-81.39794499983033,28.653608999668556],[-81.39822000018994,28.653697000241962],[-81.3985060004202,28.65370800020987],[-81.39877500003372,28.65364200038488],[-81.39906200008889,28.65353199979597],[-81.39937400025843,28.6533949996679],[-81.39944100020558,28.653337000152476],[-81.39957299955175,28.653223999740312],[-81.39974800035223,28.653109000060866],[-81.40000400044528,28.652889000014234],[-81.40025700016527,28.652684999830836],[-81.40030599967075,28.652645000196635],[-81.40045299998384,28.652525999992378],[-81.40050300021255,28.65248699987616],[-81.4005409998474,28.65227299995063],[-81.40062799988604,28.65216799977587],[-81.40078400041996,28.652152000160488],[-81.40090900009342,28.65217399963105],[-81.40106499972903,28.65216799977587],[-81.40118299972981,28.652042000373402],[-81.4012580000729,28.651881999975444],[-81.40135199978423,28.651794000243775],[-81.40137699989857,28.651668000391872]]]},"properties":{"block_id":"121170217061004","school_id":"sch_spring_lake_elementary_school","kids_est":0,"class":"red","shortest":{"len_m":9349.3,"mean_c":36.71,"peak_c":37.2,"dose":481.5},"coolest":{"len_m":9349.3,"mean_c":36.71,"peak_c":37.2,"dose":481.5},"delta_mean_c":0.0,"delta_dose_pct":0,"distance_mi":1.066,"status_now":"walk","status_rec":"bus_eligible","reason":"Coolest route mean 36.7C exceeds threshold (110 C-min dose, actual 482).","safe_until_hour":"10:00"}},{"type":"Feature","geometry":{"type":"Polygon","coordinates":[[[-81.38845999956239,28.661812000060177],[-81.38845999956239,28.661744000050085],[-81.388446000217,28.660490000163367],[-81.38843299979821,28.659255999996205],[-81.38842799977535,28.65882099996979],[-81.3884179997296,28.65785400017513],[-81.38840600003402,28.651628999956557],[-81.38840400038421,28.650603000213163],[-81.388402999661,28.6502819999122],[-81.38838500011762,28.64792700011971],[-81.3883619996531,28.64750700030433],[-81.38835699963022,28.64741299992757],[-81.38834900013262,28.647277999734],[-81.38832900004114,28.64690400010625],[-81.38824500037555,28.645842999783163],[-81.38816199963657,28.64478500029756],[-81.38809200021467,28.64399300006786],[-81.38795800032038,28.642469999653137],[-81.3878269999008,28.640972000088304],[-81.3878269999008,28.640883999874976],[-81.38750300003571,28.640690000057724],[-81.38745199998209,28.640664000201284],[-81.38745700000494,28.640977999795552],[-81.38758500005147,28.642456999946255],[-81.38769499965633,28.643734000389472],[-81.38771100044816,28.6439160002303],[-81.38773300018947,28.644171999697182],[-81.38776900017449,28.64458500031023],[-81.38778199969495,28.644740999828496],[-81.3878050001595,28.644998000085483],[-81.3878410001445,28.64541900013361],[-81.38787600030462,28.645822000203395],[-81.3879609997951,28.6468059998695],[-81.388001999803,28.64727500006061],[-81.38727899972972,28.647275999688972],[-81.38638400012731,28.647277999734],[-81.38608500037657,28.647279000150697],[-81.38575899996333,28.647292999676495],[-81.38472799991848,28.647281000195665],[-81.38297899982325,28.647285999913798],[-81.38229699975786,28.64728700033043],[-81.38212100003076,28.647292000048285],[-81.38211400035807,28.647196999849772],[-81.38209400026659,28.6467869997486],[-81.38209099989353,28.646323000292853],[-81.38208800041879,28.64560500035822],[-81.38208400022083,28.644416999963088],[-81.38208400022083,28.643779999815894],[-81.38092299958134,28.64378300037769],[-81.3806949999757,28.64378300037769],[-81.3806589999907,28.64378300037769],[-81.38008400005543,28.643784999700916],[-81.37989699955936,28.643786000150943],[-81.378969000345,28.643788000262564],[-81.37806899982141,28.643791000035677],[-81.37790200031515,28.64380200025431],[-81.3779349999271,28.64383500011488],[-81.3779769997599,28.643879000175613],[-81.37798299960767,28.64389500026478],[-81.37801399956982,28.643977999653437],[-81.37801399956982,28.64402599986834],[-81.37801399956982,28.64424700003244],[-81.37896199977398,28.64423700030613],[-81.37908700034578,28.644226000133195],[-81.37918600007998,28.644226000133195],[-81.37943600032521,28.64419299960724],[-81.37996000020686,28.64419299960724],[-81.38165599970036,28.644178000009802],[-81.38162100043857,28.64677999995219],[-81.37803700003435,28.64678400006116],[-81.37805600030093,28.647334000191613],[-81.37807999969206,28.64781899987731],[-81.37822299980719,28.647812000149777],[-81.37865399980241,28.647791999799377],[-81.37879799974245,28.647785999693493],[-81.3789900002614,28.647789000140627],[-81.37956500019666,28.647799000316603],[-81.3797579996422,28.647803000386705],[-81.37994500013825,28.647797000281457],[-81.38050599982981,28.647780999999203],[-81.3806940001508,28.647776000304656],[-81.38086499985502,28.647774000269077],[-81.38137799986602,28.64777099982151],[-81.38141100037627,28.64777099982151],[-81.38154899957023,28.647787000105353],[-81.38161100039282,28.64785899977565],[-81.38163599960887,28.64795200013075],[-81.38163499978396,28.648280000165215],[-81.38163499978396,28.64888199993409],[-81.38162899993617,28.649530999854],[-81.38162100043857,28.6498409997163],[-81.38160999966959,28.650362000179797],[-81.38162200026348,28.65066499962512],[-81.3817150001499,28.650829999852508],[-81.381926999862,28.65117099976246],[-81.38200800005286,28.651276000147252],[-81.38240499971288,28.651280000084753],[-81.382884000287,28.651280999674935],[-81.38305499999124,28.65126200036476],[-81.38326599987843,28.651224999748234],[-81.38344300032875,28.651193999818236],[-81.38390500028609,28.65111800012897],[-81.38435899984755,28.651042000384678],[-81.38437300009124,28.651039999623105],[-81.38441599974895,28.65096900015311],[-81.38442099977182,28.650942999691242],[-81.3845019999627,28.65058200000983],[-81.38452899972687,28.650462000231435],[-81.38453700012278,28.650413000210175],[-81.38456399988695,28.65026799999705],[-81.38457300010779,28.650220000273734],[-81.38456600043509,28.64998399973811],[-81.38460400006991,28.649724999875087],[-81.38467199984198,28.649476999784273],[-81.38472200007071,28.649295999741955],[-81.3847849998199,28.649070000335026],[-81.38509100014166,28.649048999824704],[-81.3851029998372,28.6490429997908],[-81.38540900015897,28.649016000027927],[-81.38548399960372,28.648999000319645],[-81.38583900032928,28.648910999745343],[-81.38631499963203,28.648898999661345],[-81.38631100033238,28.64965299990915],[-81.38630999960915,28.64988600001433],[-81.38631299998221,28.650129000343906],[-81.38632200020304,28.650856999936646],[-81.38632499967777,28.651035000083937],[-81.38632499967777,28.651100999973146],[-81.38631800000508,28.651332999636363],[-81.38630100028664,28.652031000230682],[-81.38629899973849,28.65213599975428],[-81.38632399985285,28.65226199983218],[-81.386326000401,28.652271000000862],[-81.38633200024879,28.652301000032022],[-81.3863349997235,28.652310999777743],[-81.38634200029452,28.652344000114315],[-81.38634399994434,28.65235300027596],[-81.3863559996399,28.652406000073594],[-81.3863559996399,28.652415999809303],[-81.38637099970852,28.652608000068057],[-81.3863769995563,28.65267300017869],[-81.38637800027954,28.652693000386513],[-81.38638300030239,28.652755000139436],[-81.38638499995223,28.652775999907583],[-81.38639300034815,28.652879000323622],[-81.38639800037102,28.65307700032644],[-81.38640500004371,28.653285999967586],[-81.38637999992936,28.6536770002256],[-81.38634800014229,28.653978999987388],[-81.38631800000508,28.6542789997562],[-81.38630499958629,28.654407999881606],[-81.38629700008867,28.65462000027462],[-81.38628600021804,28.65493700011093],[-81.38629899973849,28.65549000027643],[-81.38630399976137,28.65568499985728],[-81.38632200020304,28.656322999759514],[-81.38627199997431,28.656713999728108],[-81.38619699963125,28.656905999999353],[-81.38605400041443,28.65713199985987],[-81.38582300043575,28.65728000021613],[-81.38541699965657,28.657445000281754],[-81.38498099963849,28.657670999768634],[-81.38459400002418,28.65798999968015],[-81.38451100018352,28.658137000088608],[-81.38448000022137,28.658193000265033],[-81.38446900035072,28.658215000044642],[-81.38443400019062,28.658302999905175],[-81.38442900016774,28.65831700032407],[-81.38433799993115,28.65854500012611],[-81.38432500041067,28.658825999925995],[-81.38432500041067,28.65929900037917],[-81.38432600023559,28.6593779997719],[-81.38433100025846,28.65977799969465],[-81.38433499955809,28.65989400023807],[-81.38433799993115,28.65999899976981],[-81.38436800006838,28.660818000390737],[-81.38437100044142,28.660980999833527],[-81.38437300009124,28.661115999726672],[-81.38437399991616,28.661185999923912],[-81.38437399991616,28.661203000021064],[-81.38433999958097,28.66143899974038],[-81.38433700010624,28.66146000013387],[-81.38432399968745,28.661561000128394],[-81.38431500036492,28.661601999794012],[-81.38429600009836,28.66169199973438],[-81.38426699978604,28.661824999732517],[-81.38744699995921,28.661818000151648],[-81.38789800004591,28.661816999873725],[-81.38845999956239,28.661812000060177]]]},"properties":{"block_id":"121170218031003","school_id":"sch_spring_lake_elementary_school","kids_est":38,"class":"red","shortest":{"len_m":10537.9,"mean_c":36.57,"peak_c":37.2,"dose":521.9},"coolest":{"len_m":10537.9,"mean_c":36.57,"peak_c":37.2,"dose":521.9},"delta_mean_c":0.0,"delta_dose_pct":0,"distance_mi":1.393,"status_now":"walk","status_rec":"bus_eligible","reason":"Coolest route mean 36.6C exceeds threshold (110 C-min dose, actual 522).","safe_until_hour":"11:00"}},{"type":"Feature","geometry":{"type":"Polygon","coordinates":[[[-81.41746400036217,28.65296100012332],[-81.41742599982902,28.65291399963072],[-81.41721400011693,28.652671000236506],[-81.41677800009883,28.652171000097688],[-81.41645300040882,28.651830000286257],[-81.41617899987412,28.651460999856035],[-81.41601099964463,28.651203000078596],[-81.41592299978109,28.651010000019475],[-81.41577299999325,28.650714000316984],[-81.41568400030481,28.650560000205296],[-81.41553600016678,28.650080999768672],[-81.41547500006742,28.649812000162214],[-81.41538100035609,28.649375999973373],[-81.41536999958711,28.649265000030017],[-81.41533699997517,28.648896999647175],[-81.41536899976222,28.648187000101018],[-81.41537700015813,28.647596999730606],[-81.41538100035609,28.647340000323364],[-81.41537399978507,28.64722600012694],[-81.41535600024173,28.646921999785864],[-81.41537499961,28.64577699973835],[-81.41540599957213,28.644899999644576],[-81.41540700029536,28.644880000315645],[-81.41541399996805,28.64480499964461],[-81.41542200036399,28.64471099999981],[-81.41517600031668,28.644702999623583],[-81.41516600027094,28.644822999684425],[-81.41516399972281,28.64485300026946],[-81.41512500026305,28.64529999961345],[-81.41507000001145,28.645947999983772],[-81.41507599985925,28.64664499973215],[-81.4150790002323,28.646940000250677],[-81.41508000005722,28.64709499978979],[-81.41508000005722,28.647141999737013],[-81.41508099988212,28.647285999913798],[-81.41508199970704,28.647334000191613],[-81.41507599985925,28.64758799994914],[-81.41507300038452,28.64797799975752],[-81.41506900018656,28.648781999952526],[-81.41512500026305,28.649458000147316],[-81.41519999970781,28.649901999975437],[-81.41521899997437,28.650013999635245],[-81.41538100035609,28.650519999760448],[-81.41539899989944,28.650574999678376],[-81.41541899999093,28.65061700008358],[-81.41548000009028,28.650740999642647],[-81.41551199987734,28.65080600012224],[-81.41559999974089,28.65098499994906],[-81.41566099984027,28.65110899986131],[-81.4157549995516,28.651301999738223],[-81.4159730000098,28.651632000293745],[-81.41622300025506,28.6519679996777],[-81.41654700012015,28.652331000054634],[-81.41690799979517,28.652792999791863],[-81.41712600025338,28.653024999653205],[-81.41746400036217,28.65296100012332]]]},"properties":{"block_id":"121170217073000","school_id":"sch_spring_lake_elementary_school","kids_est":0,"class":"green","shortest":{"len_m":1679.0,"mean_c":37.15,"peak_c":37.2,"dose":97.0},"coolest":{"len_m":1679.0,"mean_c":37.15,"peak_c":37.2,"dose":97.0},"delta_mean_c":0.0,"delta_dose_pct":0,"distance_mi":0.884,"status_now":"walk","status_rec":"walk","reason":"Shortest route already under threshold (dose 97).","safe_until_hour":null}},{"type":"Feature","geometry":{"type":"Polygon","coordinates":[[[-81.41778900005218,28.65006800021675],[-81.41793200016733,28.650003999670485],[-81.41775399989208,28.649778999817173],[-81.41751399969257,28.649474999781138],[-81.41736499972967,28.649261000015663],[-81.4172769998661,28.649107000135242],[-81.41726799964529,28.649078000378132],[-81.41722699963739,28.648942000350267],[-81.41720099969814,28.64880099971196],[-81.41719599967526,28.648771000256172],[-81.41717399993396,28.64875100008866],[-81.41713999959876,28.64872099983023],[-81.41700599970447,28.648712999759866],[-81.41694700015324,28.648710000127476],[-81.41685699974155,28.649618000302016],[-81.41679700036539,28.650096000098618],[-81.41677200025104,28.65020099998303],[-81.41717700030699,28.650202000371852],[-81.41732999956956,28.65016999975032],[-81.41775100041737,28.65008600014167],[-81.41778900005218,28.65006800021675]]]},"properties":{"block_id":"121170217073022","school_id":"sch_spring_lake_elementary_school","kids_est":5,"class":"green","shortest":{"len_m":1427.2,"mean_c":37.16,"peak_c":37.2,"dose":82.6},"coolest":{"len_m":1427.7,"mean_c":37.16,"peak_c":37.2,"dose":82.5},"delta_mean_c":0.0,"delta_dose_pct":0,"distance_mi":0.824,"status_now":"walk","status_rec":"walk","reason":"Shortest route already under threshold (dose 83).","safe_until_hour":null}},{"type":"Feature","geometry":{"type":"Polygon","coordinates":[[[-81.37350899962392,28.656444999795326],[-81.3733089996074,28.656473000339208],[-81.37324099983533,28.656422999644303],[-81.37318399993391,28.656274999654833],[-81.37298499974229,28.656087999891326],[-81.37262300024236,28.655945000310876],[-81.37231299972264,28.656151999877434],[-81.37223599972974,28.656203999788136],[-81.37218700022426,28.65627099990789],[-81.37201200032209,28.65651699982739],[-81.37193100013123,28.656929999909973],[-81.37168799955866,28.657067999683758],[-81.37138799998301,28.657260000095],[-81.3712199997535,28.65752999983202],[-81.37117799992072,28.657586999862765],[-81.37108900023226,28.657712000167486],[-81.37106400011793,28.658057999760672],[-81.37114699995858,28.658244999951634],[-81.37113100006506,28.658337999766463],[-81.37100399984344,28.658438999616003],[-81.3709569999878,28.65846199965399],[-81.37090400028434,28.658487999827955],[-81.37082100044367,28.65851200016473],[-81.3707260000091,28.658532000047003],[-81.37061800005407,28.65855199992552],[-81.37052500016766,28.658558999724413],[-81.37044499980172,28.658553000234612],[-81.37036899963373,28.658535000186653],[-81.37033699984667,28.658528999907276],[-81.3701410000281,28.658477999883118],[-81.3699500002324,28.658393999835585],[-81.3698239998357,28.658320999992952],[-81.36974799966771,28.658277999997107],[-81.3695490003744,28.658256999754425],[-81.36950400016855,28.658251999771082],[-81.36933900031211,28.658253000083086],[-81.36926999981682,28.658253000083086],[-81.36925899994617,28.658253000083086],[-81.36918799980106,28.65825499991875],[-81.36914900034131,28.65825600023073],[-81.3691760001055,28.658276999685345],[-81.3689309998831,28.65845499984864],[-81.36881899973012,28.65849499963117],[-81.36798900042503,28.658796999703814],[-81.3677900002334,28.658912999756218],[-81.36778400038563,28.659104999941473],[-81.36790300021131,28.659434000073688],[-81.36792699960245,28.659500999705667],[-81.36803399973256,28.65984799999712],[-81.36825800003854,28.660035000148135],[-81.36853300039816,28.66011199997422],[-81.36895699982237,28.66008399961407],[-81.36935600003055,28.66000499996512],[-81.3693810001449,28.660001000360474],[-81.36950599981837,28.660001000360474],[-81.36957500031366,28.660248999995893],[-81.36948099970401,28.6605740001079],[-81.36953099993273,28.660694999637464],[-81.36959399968191,28.66080499980526],[-81.3694940001228,28.661057999752995],[-81.36916299968671,28.66116299969537],[-81.36884499966938,28.66122300017825],[-81.3685579996142,28.66116800032808],[-81.36831499993995,28.660991999825516],[-81.36815900030435,28.660910000001014],[-81.36799699992265,28.660848999840002],[-81.36779100005832,28.660821999964202],[-81.36759699988956,28.66076200004006],[-81.36739799969793,28.66076200004006],[-81.36723600021453,28.660810999954375],[-81.36722299979574,28.661019999943143],[-81.3670920002745,28.661118999792382],[-81.36693599974056,28.66137799988722],[-81.36693999993852,28.661404999619855],[-81.36698699979421,28.66169199973438],[-81.36705499956625,28.6617360001851],[-81.36708600042671,28.66191700003545],[-81.36718599998582,28.66206000014043],[-81.3673170004054,28.662153999998438],[-81.36757500014825,28.662233999878264],[-81.3678100003249,28.662302000358668],[-81.3678670002263,28.662302000358668],[-81.36798500022708,28.662275000068888],[-81.36802899970968,28.662275000068888],[-81.36810300022785,28.66229099971596],[-81.36832199961265,28.662279999860342],[-81.36842799991786,28.662284999651565],[-81.36939600021353,28.662158000309184],[-81.36948200042725,28.6621469996513],[-81.3698380000794,28.661971000004307],[-81.36990000000368,28.66191099994959],[-81.37003700027101,28.661739999723554],[-81.37002499967714,28.661640999672553],[-81.37003700027101,28.661586000041776],[-81.37002600040039,28.661513000057262],[-81.37001200015666,28.661410000241062],[-81.36999500043822,28.661374000334963],[-81.36996199992795,28.66129999991995],[-81.3697059998349,28.66101899965759],[-81.36973099994927,28.660782999780924],[-81.36996799977574,28.660656000195193],[-81.37018000038616,28.660336999725512],[-81.37013000015745,28.660100000383842],[-81.3700919996243,28.6600620002267],[-81.37002999970002,28.660044999944503],[-81.36994900040747,28.66007800021156],[-81.36989300033098,28.660040000046425],[-81.36989900017876,28.659985000363818],[-81.37004200029389,28.65996300016744],[-81.37016699996737,28.659995999672056],[-81.37039799994604,28.659886000231843],[-81.37077799988764,28.659819000057663],[-81.37102800013291,28.659738999911184],[-81.37036899963373,28.65921800032132],[-81.37125400008871,28.658378999904457],[-81.37143300018886,28.65824100027985],[-81.3719360001541,28.657856000018402],[-81.37236899979915,28.657411999974066],[-81.37273399967212,28.6570389997635],[-81.37350899962392,28.656444999795326]]]},"properties":{"block_id":"121170218064008","school_id":"sch_spring_lake_elementary_school","kids_est":0,"class":"red","shortest":{"len_m":8839.9,"mean_c":36.62,"peak_c":37.2,"dose":444.8},"coolest":{"len_m":8839.9,"mean_c":36.62,"peak_c":37.2,"dose":444.8},"delta_mean_c":0.0,"delta_dose_pct":0,"distance_mi":2.453,"status_now":"bus","status_rec":"bus_eligible","reason":"Coolest route mean 36.6C exceeds threshold (110 C-min dose, actual 445).","safe_until_hour":"11:00"}},{"type":"Feature","geometry":{"type":"Polygon","coordinates":[[[-81.37801399956982,28.654633000050506],[-81.37793999994996,28.654506999668516],[-81.37793999994996,28.654633000050506],[-81.3753580001766,28.654625999989424],[-81.37476200032494,28.654624999642866],[-81.37398300017516,28.654622999737906],[-81.37398400000008,28.655506999720675],[-81.37382400016651,28.655504000282683],[-81.37318499975883,28.655509999946954],[-81.37319200032985,28.655787999780614],[-81.37318899995678,28.655994999657164],[-81.37359700038579,28.655994000111903],[-81.37401499996221,28.655992999778334],[-81.37401400013732,28.655508000058887],[-81.37476099960172,28.65550600017077],[-81.37512499964978,28.655504999832612],[-81.37590499962445,28.6550599997371],[-81.37681000017093,28.65496300037078],[-81.37801399956982,28.654633000050506]]]},"properties":{"block_id":"121170218063019","school_id":"sch_spring_lake_elementary_school","kids_est":0,"class":"red","shortest":{"len_m":8712.3,"mean_c":36.62,"peak_c":37.2,"dose":438.8},"coolest":{"len_m":8712.3,"mean_c":36.62,"peak_c":37.2,"dose":438.8},"delta_mean_c":0.0,"delta_dose_pct":0,"distance_mi":2.148,"status_now":"bus","status_rec":"bus_eligible","reason":"Coolest route mean 36.6C exceeds threshold (110 C-min dose, actual 439).","safe_until_hour":"11:00"}},{"type":"Feature","geometry":{"type":"Polygon","coordinates":[[[-81.38162100043857,28.64677999995219],[-81.38165599970036,28.644178000009802],[-81.37996000020686,28.64419299960724],[-81.37943600032521,28.64419299960724],[-81.37918600007998,28.644226000133195],[-81.37908700034578,28.644226000133195],[-81.37896199977398,28.64423700030613],[-81.37801399956982,28.64424700003244],[-81.37802600016369,28.64430800039168],[-81.37802000031591,28.64508899973718],[-81.37886800006265,28.645072999830127],[-81.37909200036863,28.645050999658302],[-81.37983499963508,28.645034999745462],[-81.38062700020365,28.645034999745462],[-81.38065800016578,28.645052000096243],[-81.38067700043236,28.64508500035195],[-81.38067900008218,28.64521199987733],[-81.38068699957978,28.645710999652046],[-81.38068900012793,28.64579499961136],[-81.38068199955693,28.645844000213508],[-81.38065800016578,28.645866000219],[-81.38059500041659,28.645882999646734],[-81.37987200034333,28.64590400000262],[-81.37802500033878,28.645941999772408],[-81.37802500033878,28.645991999946546],[-81.37803700003435,28.64678400006116],[-81.38162100043857,28.64677999995219]]]},"properties":{"block_id":"121170218031005","school_id":"sch_spring_lake_elementary_school","kids_est":9,"class":"red","shortest":{"len_m":7992.7,"mean_c":36.65,"peak_c":37.2,"dose":405.1},"coolest":{"len_m":7992.7,"mean_c":36.65,"peak_c":37.2,"dose":405.1},"delta_mean_c":0.0,"delta_dose_pct":0,"distance_mi":2.011,"status_now":"bus","status_rec":"bus_eligible","reason":"Coolest route mean 36.6C exceeds threshold (110 C-min dose, actual 405).","safe_until_hour":"11:00"}},{"type":"Feature","geometry":{"type":"Polygon","coordinates":[[[-81.37879600009263,28.648207999995584],[-81.37879799974245,28.647785999693493],[-81.37865399980241,28.647791999799377],[-81.37822299980719,28.647812000149777],[-81.37807999969206,28.64781899987731],[-81.37771300016927,28.64782000028885],[-81.3770699995636,28.647824000358163],[-81.37695800030895,28.64783999984556],[-81.3768579998515,28.647906000168877],[-81.37673300017804,28.648048999675755],[-81.37671599956128,28.648075000066775],[-81.37652099956762,28.6483850002912],[-81.37671100043673,28.648503999676244],[-81.37682600006444,28.64857700004699],[-81.3771320003862,28.648787000387454],[-81.37727299995319,28.64887599989057],[-81.37730599956517,28.648896999647175],[-81.37746799994686,28.648989999870132],[-81.37767100033646,28.649127999845536],[-81.37792999990423,28.649303999767827],[-81.37814199961633,28.649468999771546],[-81.37826800001304,28.649562000275598],[-81.3783290001124,28.649606999905],[-81.37845399978586,28.649722999876744],[-81.37872800032056,28.64956899988639],[-81.37878299967385,28.649474999781138],[-81.37879100006975,28.64946400015748],[-81.37879600009263,28.648207999995584]]]},"properties":{"block_id":"121170218051003","school_id":"sch_spring_lake_elementary_school","kids_est":1,"class":"red","shortest":{"len_m":8368.9,"mean_c":36.63,"peak_c":37.2,"dose":422.7},"coolest":{"len_m":8368.9,"mean_c":36.63,"peak_c":37.2,"dose":422.7},"delta_mean_c":0.0,"delta_dose_pct":0,"distance_mi":2.098,"status_now":"bus","status_rec":"bus_eligible","reason":"Coolest route mean 36.6C exceeds threshold (110 C-min dose, actual 423).","safe_until_hour":"11:00"}},{"type":"Feature","geometry":{"type":"Polygon","coordinates":[[[-81.38068400010505,28.648197000239033],[-81.3806940001508,28.647776000304656],[-81.38050599982981,28.647780999999203],[-81.37994500013825,28.647797000281457],[-81.3797579996422,28.647803000386705],[-81.37975500016745,28.648377999813082],[-81.37975099996949,28.64963000030379],[-81.37977500025895,28.649812000162214],[-81.37986999979519,28.6498429997124],[-81.3799069996051,28.649854999688444],[-81.38007300018478,28.649860999675948],[-81.38064899994495,28.64988299962713],[-81.38065800016578,28.64946099975827],[-81.38068400010505,28.648197000239033]]]},"properties":{"block_id":"121170218051006","school_id":"sch_spring_lake_elementary_school","kids_est":2,"class":"red","shortest":{"len_m":8187.4,"mean_c":36.64,"peak_c":37.2,"dose":414.2},"coolest":{"len_m":8187.4,"mean_c":36.64,"peak_c":37.2,"dose":414.2},"delta_mean_c":0.0,"delta_dose_pct":0,"distance_mi":1.961,"status_now":"walk","status_rec":"bus_eligible","reason":"Coolest route mean 36.6C exceeds threshold (110 C-min dose, actual 414).","safe_until_hour":"11:00"}},{"type":"Feature","geometry":{"type":"Polygon","coordinates":[[[-81.37987200034333,28.64590400000262],[-81.37985599955148,28.64552100024676],[-81.37983499963508,28.645034999745462],[-81.37909200036863,28.645050999658302],[-81.37886800006265,28.645072999830127],[-81.37802000031591,28.64508899973718],[-81.37802600016369,28.645139000317865],[-81.37802500033878,28.645941999772408],[-81.37987200034333,28.64590400000262]]]},"properties":{"block_id":"121170218031020","school_id":"sch_spring_lake_elementary_school","kids_est":2,"class":"red","shortest":{"len_m":7726.8,"mean_c":36.66,"peak_c":37.2,"dose":393.1},"coolest":{"len_m":7726.8,"mean_c":36.66,"peak_c":37.2,"dose":393.1},"delta_mean_c":0.0,"delta_dose_pct":0,"distance_mi":2.128,"status_now":"bus","status_rec":"bus_eligible","reason":"Coolest route mean 36.7C exceeds threshold (110 C-min dose, actual 393).","safe_until_hour":"11:00"}},{"type":"Feature","geometry":{"type":"Polygon","coordinates":[[[-81.37221399998845,28.65055800022281],[-81.37220700031575,28.65038999998317],[-81.3721889998741,28.649888999613033],[-81.3721830000263,28.64972200027169],[-81.37180700028267,28.649730000265055],[-81.37067999997835,28.649756999844133],[-81.37030500005962,28.649766000227807],[-81.37031299955723,28.64992500030955],[-81.37033900039481,28.650403000283465],[-81.37034299969446,28.65047600012068],[-81.37037399965661,28.65054200036172],[-81.37038600025049,28.650548999907095],[-81.37044899999968,28.650585999973792],[-81.3705419998861,28.650591999919467],[-81.37074299972755,28.65058700035895],[-81.3718459997424,28.650564999767113],[-81.37221399998845,28.65055800022281]]]},"properties":{"block_id":"121170218051000","school_id":"sch_spring_lake_elementary_school","kids_est":5,"class":"red","shortest":{"len_m":8843.6,"mean_c":36.61,"peak_c":37.2,"dose":444.6},"coolest":{"len_m":8843.6,"mean_c":36.61,"peak_c":37.2,"dose":444.6},"delta_mean_c":0.0,"delta_dose_pct":0,"distance_mi":2.445,"status_now":"bus","status_rec":"bus_eligible","reason":"Coolest route mean 36.6C exceeds threshold (110 C-min dose, actual 445).","safe_until_hour":"11:00"}},{"type":"Feature","geometry":{"type":"Polygon","coordinates":[[[-81.37192000026057,28.65156200002382],[-81.37192199991038,28.651349999754583],[-81.3717539996809,28.65134799978722],[-81.3712530002638,28.65134199988479],[-81.3710859998592,28.65133999991722],[-81.3710859998592,28.65156399998715],[-81.3710859998592,28.652237000060243],[-81.3710859998592,28.652462000157872],[-81.37123700037026,28.652458999844434],[-81.3716900001068,28.652451000059244],[-81.37171000019828,28.652451000059244],[-81.37182900002398,28.65239600033693],[-81.37187800042778,28.65232999968613],[-81.37189400032129,28.65219999978775],[-81.37191600006261,28.652027000321834],[-81.37192000026057,28.65156200002382]]]},"properties":{"block_id":"121170218063006","school_id":"sch_spring_lake_elementary_school","kids_est":2,"class":"red","shortest":{"len_m":8839.9,"mean_c":36.62,"peak_c":37.2,"dose":444.8},"coolest":{"len_m":8839.9,"mean_c":36.62,"peak_c":37.2,"dose":444.8},"delta_mean_c":0.0,"delta_dose_pct":0,"distance_mi":2.402,"status_now":"bus","status_rec":"bus_eligible","reason":"Coolest route mean 36.6C exceeds threshold (110 C-min dose, actual 445).","safe_until_hour":"11:00"}},{"type":"Feature","geometry":{"type":"Polygon","coordinates":[[[-81.38632499967777,28.651035000083937],[-81.38632200020304,28.650856999936646],[-81.38631299998221,28.650129000343906],[-81.38630999960915,28.64988600001433],[-81.38631100033238,28.64965299990915],[-81.38631499963203,28.648898999661345],[-81.38583900032928,28.648910999745343],[-81.38548399960372,28.648999000319645],[-81.38540900015897,28.649016000027927],[-81.3851029998372,28.6490429997908],[-81.38509100014166,28.649048999824704],[-81.3847849998199,28.649070000335026],[-81.38472200007071,28.649295999741955],[-81.38467199984198,28.649476999784273],[-81.38460400006991,28.649724999875087],[-81.38456600043509,28.64998399973811],[-81.38457300010779,28.650220000273734],[-81.38495100039957,28.650212999918107],[-81.38518400002806,28.650210000328617],[-81.3854269997023,28.650275999948775],[-81.38572600035135,28.650423999734294],[-81.38587600013919,28.650529000078652],[-81.38587600013919,28.65066200004862],[-81.38587600013919,28.65104100000386],[-81.38632499967777,28.651035000083937]]]},"properties":{"block_id":"121170218031007","school_id":"sch_spring_lake_elementary_school","kids_est":11,"class":"red","shortest":{"len_m":9378.6,"mean_c":36.6,"peak_c":37.2,"dose":469.3},"coolest":{"len_m":9378.6,"mean_c":36.6,"peak_c":37.2,"dose":469.3},"delta_mean_c":0.0,"delta_dose_pct":0,"distance_mi":1.636,"status_now":"walk","status_rec":"bus_eligible","reason":"Coolest route mean 36.6C exceeds threshold (110 C-min dose, actual 469).","safe_until_hour":"11:00"}},{"type":"Feature","geometry":{"type":"Polygon","coordinates":[[[-81.38632499967777,28.651100999973146],[-81.38632499967777,28.651035000083937],[-81.38587600013919,28.65104100000386],[-81.38587600013919,28.6515909998823],[-81.38442800034282,28.651567999913656],[-81.38442800034282,28.651739000176867],[-81.38445299955887,28.652129999896935],[-81.38512700012666,28.65213500017224],[-81.38580699964392,28.65214100002929],[-81.38629899973849,28.65213599975428],[-81.38630100028664,28.652031000230682],[-81.38631800000508,28.651332999636363],[-81.38632499967777,28.651100999973146]]]},"properties":{"block_id":"121170218031004","school_id":"sch_spring_lake_elementary_school","kids_est":10,"class":"red","shortest":{"len_m":9480.1,"mean_c":36.6,"peak_c":37.2,"dose":473.8},"coolest":{"len_m":9480.1,"mean_c":36.6,"peak_c":37.2,"dose":473.8},"delta_mean_c":0.0,"delta_dose_pct":0,"distance_mi":1.589,"status_now":"walk","status_rec":"bus_eligible","reason":"Coolest route mean 36.6C exceeds threshold (110 C-min dose, actual 474).","safe_until_hour":"11:00"}},{"type":"Feature","geometry":{"type":"Polygon","coordinates":[[[-81.38013699975888,28.6563190000144],[-81.38000899971235,28.65624399964124],[-81.3797660000381,28.656099999941002],[-81.37972599985513,28.656049999856496],[-81.37958799976288,28.65596600022839],[-81.37894500005555,28.655558999951282],[-81.37870599968093,28.65563999968301],[-81.37863799990889,28.655698000289416],[-81.37856900031191,28.65575900029458],[-81.37853199960368,28.655796000099503],[-81.37848999977088,28.65583900032505],[-81.37839199986159,28.655938000337397],[-81.37833800033324,28.656082999804593],[-81.37839400040973,28.656231999608103],[-81.37838099999092,28.65629800016759],[-81.37828800010452,28.656463000202137],[-81.37824999957138,28.656682999844254],[-81.37818799964708,28.656911000046893],[-81.37816300043104,28.6570079999758],[-81.37806899982141,28.65704699998692],[-81.37804399970705,28.657057000068306],[-81.37792999990423,28.657040999622367],[-81.37788800007144,28.65703500004569],[-81.37768899987981,28.65709600006121],[-81.3776319999784,28.657299000012383],[-81.3776319999784,28.657899000187395],[-81.3776179997347,28.657947999863467],[-81.37758799959747,28.658057999760672],[-81.37734499992322,28.658035999948112],[-81.37733400005256,28.658034999634047],[-81.37725799988459,28.658034000108227],[-81.37701400038543,28.658030999954235],[-81.3769830004233,28.658009000136026],[-81.37693300019457,28.657947999863467],[-81.37690800008022,28.65790999971445],[-81.376553000253,28.65765599973411],[-81.37639699971906,28.657585000014368],[-81.3763719996047,28.65756800011871],[-81.37635300023643,28.65754600020333],[-81.37633499979476,28.65750799990866],[-81.37634099964257,28.65745799970736],[-81.37634099964257,28.65740899980228],[-81.37634700038866,28.657359000342037],[-81.37632800012209,28.657270999689104],[-81.37622900038788,28.657121999785648],[-81.37609200012052,28.65707299972352],[-81.37607299985395,28.65704500012822],[-81.37606100015839,28.657031000327752],[-81.37596099970096,28.656907999860714],[-81.37590499962445,28.65674299973822],[-81.37591100037056,28.656341000187254],[-81.37590999964733,28.655768000163107],[-81.37591200019547,28.655730000012234],[-81.3758369998524,28.655702999606266],[-81.3757740001032,28.655597999713123],[-81.3758300001797,28.655527000176274],[-81.37590700017259,28.655518000287064],[-81.37590799999751,28.655501999606184],[-81.37566199995021,28.655501999606184],[-81.3755620003911,28.655576000172665],[-81.37544400039032,28.655609000269955],[-81.37528200000861,28.655625999694912],[-81.37523799962769,28.655630999803492],[-81.37508799983988,28.65566899999025],[-81.37505000020502,28.655695999616682],[-81.37501900024289,28.655719000256457],[-81.3749990001514,28.65574000021924],[-81.37479400011199,28.655883000079363],[-81.37475099955597,28.65589700003307],[-81.37439900010177,28.656020999654633],[-81.37430700004028,28.656053999611864],[-81.37422599984943,28.656136999625577],[-81.37422300037467,28.65616799967081],[-81.37422199965147,28.656255000130223],[-81.37422900022247,28.656308000320415],[-81.37424799959072,28.65640300014797],[-81.37424400029107,28.65656999988513],[-81.37418800021459,28.656657000010938],[-81.37407799971142,28.656694000287246],[-81.37397200030452,28.65669499982584],[-81.37388899956552,28.656720999649714],[-81.37386900037237,28.656825999994762],[-81.37390399963414,28.656878999896236],[-81.37394299999221,28.65693899967798],[-81.37417399997086,28.65707599990498],[-81.37433200015464,28.657089999699444],[-81.37460900016406,28.65738699985354],[-81.375006999649,28.657814000148015],[-81.37503000011354,28.657926000027828],[-81.37500900019714,28.658763999821694],[-81.37500900019714,28.658793000053073],[-81.37474499970818,28.659116999645832],[-81.37420599975792,28.659309000245692],[-81.37389899961126,28.65948200030855],[-81.37361499992915,28.659571000193154],[-81.37350100012632,28.65954399998813],[-81.37354899980689,28.659940999966405],[-81.37353600028642,28.66058800022345],[-81.37368100005138,28.660785999856163],[-81.37378599963336,28.660785999856163],[-81.37375399984633,28.660016000059475],[-81.37451499955442,28.660016000059475],[-81.37476499979968,28.66001499976434],[-81.37473399983753,28.660593000095353],[-81.37473399983753,28.66076899969138],[-81.37500199962614,28.66076899969138],[-81.3750550002279,28.66076899969138],[-81.37513300004571,28.660766999903696],[-81.37561699974438,28.66075899996408],[-81.37593300011187,28.66075400010015],[-81.37593399993679,28.660401999773974],[-81.37587799986028,28.659493999969676],[-81.37589700012686,28.65925200036293],[-81.3759220002412,28.659124999710684],[-81.37605299976246,28.65911999976874],[-81.3761399998011,28.659091999931828],[-81.37633399996986,28.659003999945323],[-81.37647100023722,28.65892700009364],[-81.37664600013939,28.65886699987312],[-81.37685200000372,28.65877899969775],[-81.37678900025452,28.65854899978629],[-81.37678300040675,28.65852599976745],[-81.37669600036811,28.658311000032146],[-81.37706799991379,28.65835299970347],[-81.37722600009754,28.658372000093546],[-81.37739400032703,28.65837700007111],[-81.37750099955883,28.658433000119395],[-81.37774999997917,28.658933000350324],[-81.37778599996419,28.65904600012729],[-81.37783100017002,28.659186000086635],[-81.37786200013218,28.659411999761623],[-81.37787399982773,28.659791999916507],[-81.37787399982773,28.660132999845313],[-81.37785499956117,28.660231999744017],[-81.37779900038298,28.66028700008524],[-81.37742399956593,28.660293000264073],[-81.37715599977734,28.66029800015008],[-81.37714999992954,28.660738000218405],[-81.37740600002259,28.660735000141806],[-81.37757400025208,28.660733000353407],[-81.37773800028361,28.660730999776764],[-81.37780500023077,28.660730000276654],[-81.37800500024731,28.660727000199824],[-81.37807300001937,28.660727000199824],[-81.37806700017157,28.66041299982666],[-81.3780549995777,28.6596760000485],[-81.3780899997378,28.659476000083306],[-81.3781109996542,28.659362999981575],[-81.37815500003514,28.659169999965574],[-81.37821799978433,28.6590089998928],[-81.37831099967075,28.658773999739307],[-81.37838000016603,28.658565000002135],[-81.37838900038685,28.658518999966294],[-81.37842399964865,28.658350000346832],[-81.37842700002167,28.658337999766463],[-81.37843500041761,28.658304999739933],[-81.37843899971726,28.658294000254262],[-81.37846899985449,28.6581780003052],[-81.37848599957292,28.658113999979296],[-81.3785550000682,28.65790999971445],[-81.3786039995737,28.65784900017257],[-81.37863000041129,28.657817000308224],[-81.37868599958946,28.65776200024764],[-81.37871499990177,28.657698999985072],[-81.37879199989467,28.657635000155043],[-81.3788560003671,28.657551999750748],[-81.37889800019988,28.6574979998703],[-81.37891699956815,28.65743200006624],[-81.37892099976611,28.657388999705752],[-81.37892999998694,28.65731099992339],[-81.37891699956815,28.657140000076204],[-81.37892400013915,28.657074000046773],[-81.37893300035998,28.65706000025017],[-81.378997999759,28.656970000274356],[-81.37903899976688,28.65687199998511],[-81.37907999977476,28.656776999794296],[-81.37918000023218,28.656667000129538],[-81.37923999960833,28.65663699977097],[-81.3793359998678,28.65659000013787],[-81.37941200003579,28.656592000005315],[-81.37949200040173,28.656595999740006],[-81.37962299992297,28.65663400036525],[-81.37963499961855,28.656638999637458],[-81.37970400011383,28.65667299972726],[-81.37977199988589,28.656699999883443],[-81.37997199990244,28.65640300014797],[-81.38013699975888,28.6563190000144]]]},"properties":{"block_id":"121170218062001","school_id":"sch_spring_lake_elementary_school","kids_est":17,"class":"red","shortest":{"len_m":9540.9,"mean_c":36.6,"peak_c":37.2,"dose":477.3},"coolest":{"len_m":9540.9,"mean_c":36.6,"peak_c":37.2,"dose":477.3},"delta_mean_c":0.0,"delta_dose_pct":0,"distance_mi":2.05,"status_now":"bus","status_rec":"bus_eligible","reason":"Coolest route mean 36.6C exceeds threshold (110 C-min dose, actual 477).","safe_until_hour":"11:00"}},{"type":"Feature","geometry":{"type":"Polygon","coordinates":[[[-81.38000899971235,28.658740999850025],[-81.38005200026838,28.658477999883118],[-81.37987700036619,28.65831999968161],[-81.37975299961931,28.65820800022278],[-81.37961200005233,28.658261999737537],[-81.3795529996028,28.658284999814292],[-81.3794410003481,28.65837299961607],[-81.3793779997006,28.65845499984864],[-81.3793779997006,28.65859799994682],[-81.3793779997006,28.658619999641438],[-81.37940299981494,28.65874700011728],[-81.3795119995949,28.658796999703814],[-81.37955900034888,28.65881900014494],[-81.37986399994739,28.658881999734376],[-81.37998299977309,28.658907000286735],[-81.38000899971235,28.658740999850025]]]},"properties":{"block_id":"121170218061015","school_id":"sch_spring_lake_elementary_school","kids_est":1,"class":"red","shortest":{"len_m":9540.9,"mean_c":36.6,"peak_c":37.2,"dose":477.3},"coolest":{"len_m":9540.9,"mean_c":36.6,"peak_c":37.2,"dose":477.3},"delta_mean_c":0.0,"delta_dose_pct":0,"distance_mi":1.843,"status_now":"walk","status_rec":"bus_eligible","reason":"Coolest route mean 36.6C exceeds threshold (110 C-min dose, actual 477).","safe_until_hour":"11:00"}},{"type":"Feature","geometry":{"type":"Polygon","coordinates":[[[-81.37970400011383,28.65667299972726],[-81.37963499961855,28.656638999637458],[-81.37962299992297,28.65663400036525],[-81.37949200040173,28.656595999740006],[-81.37941200003579,28.656592000005315],[-81.3793359998678,28.65659000013787],[-81.37923999960833,28.65663699977097],[-81.37918000023218,28.656667000129538],[-81.37907999977476,28.656776999794296],[-81.37903899976688,28.65687199998511],[-81.378997999759,28.656970000274356],[-81.37917400038441,28.65705800039172],[-81.37932300034733,28.657118000071016],[-81.37941000038596,28.657118000071016],[-81.37947899998294,28.657079999621214],[-81.37956600002157,28.656914999769423],[-81.37960600020453,28.656844000336093],[-81.37970400011383,28.65667299972726]]]},"properties":{"block_id":"121170218061016","school_id":"sch_spring_lake_elementary_school","kids_est":0,"class":"red","shortest":{"len_m":9333.0,"mean_c":36.61,"peak_c":37.2,"dose":467.6},"coolest":{"len_m":9333.0,"mean_c":36.61,"peak_c":37.2,"dose":467.6},"delta_mean_c":0.0,"delta_dose_pct":0,"distance_mi":1.874,"status_now":"walk","status_rec":"bus_eligible","reason":"Coolest route mean 36.6C exceeds threshold (110 C-min dose, actual 468).","safe_until_hour":"11:00"}},{"type":"Feature","geometry":{"type":"Polygon","coordinates":[[[-81.39213000018033,28.657470000388454],[-81.39208499997449,28.65742000016909],[-81.39195000025528,28.657270999689104],[-81.39190500004942,28.65722199969662],[-81.39196799979861,28.657150999682955],[-81.39198600024028,28.656848000061235],[-81.39199299991297,28.656749000119888],[-81.39170699968271,28.65674000033558],[-81.39141299995485,28.656732000088663],[-81.39085100043837,28.65673599981808],[-81.39078899961576,28.656737000144496],[-81.39057000023098,28.65677600025649],[-81.39051900017735,28.65677800012032],[-81.39036500019155,28.656783999711692],[-81.39031499996285,28.656786999901367],[-81.39031599978776,28.656800999734433],[-81.3903190001608,28.656843000010696],[-81.39032099981063,28.656858000161538],[-81.39032300035876,28.65703600036932],[-81.39033000003145,28.65757100028601],[-81.39033300040452,28.6577500003882],[-81.39038500028305,28.657740000372982],[-81.39054199974356,28.65770900000427],[-81.39059500034533,28.65770000030237],[-81.3909169996623,28.657695000292463],[-81.3918740000873,28.657683999954493],[-81.3918819995849,28.657675999779684],[-81.39213000018033,28.657470000388454]]]},"properties":{"block_id":"121170217053005","school_id":"sch_spring_lake_elementary_school","kids_est":3,"class":"red","shortest":{"len_m":7771.1,"mean_c":36.67,"peak_c":37.2,"dose":396.0},"coolest":{"len_m":7771.1,"mean_c":36.67,"peak_c":37.2,"dose":396.0},"delta_mean_c":0.0,"delta_dose_pct":0,"distance_mi":1.16,"status_now":"walk","status_rec":"bus_eligible","reason":"Coolest route mean 36.7C exceeds threshold (110 C-min dose, actual 396).","safe_until_hour":"11:00"}},{"type":"Feature","geometry":{"type":"Polygon","coordinates":[[[-81.38507500024812,28.65570599982693],[-81.38505799963137,28.65503800008376],[-81.38505699980645,28.654963999925876],[-81.38503199969209,28.654843000087823],[-81.38496899994291,28.65478200033803],[-81.38443900021349,28.654764999987925],[-81.38354100023804,28.65477599984384],[-81.38348500016154,28.654798000340474],[-81.3834540001994,28.65486400022612],[-81.38345099982635,28.655020999775154],[-81.3834469996284,28.65527699972557],[-81.38345300037449,28.655688999626577],[-81.38355100028377,28.655686999741974],[-81.38384699966147,28.655684000309066],[-81.38394600029399,28.655684000309066],[-81.38417100042489,28.655688000078403],[-81.3848490002923,28.655700999721926],[-81.38507500024812,28.65570599982693]]]},"properties":{"block_id":"121170218032008","school_id":"sch_spring_lake_elementary_school","kids_est":7,"class":"red","shortest":{"len_m":10612.9,"mean_c":36.57,"peak_c":37.2,"dose":525.6},"coolest":{"len_m":10612.9,"mean_c":36.57,"peak_c":37.2,"dose":525.6},"delta_mean_c":0.0,"delta_dose_pct":0,"distance_mi":1.596,"status_now":"walk","status_rec":"bus_eligible","reason":"Coolest route mean 36.6C exceeds threshold (110 C-min dose, actual 526).","safe_until_hour":"11:00"}},{"type":"Feature","geometry":{"type":"Polygon","coordinates":[[[-81.38510600021026,28.65657600027664],[-81.38509899963924,28.65640199981832],[-81.3850869999437,28.65609199964531],[-81.38508000027099,28.655879999863764],[-81.38507500024812,28.65570599982693],[-81.3848490002923,28.655700999721926],[-81.38417100042489,28.655688000078403],[-81.38394600029399,28.655684000309066],[-81.38384699966147,28.655684000309066],[-81.38355100028377,28.655686999741974],[-81.38345300037449,28.655688999626577],[-81.3834540001994,28.65577000004617],[-81.38345699967414,28.656013999686294],[-81.38345900022227,28.656096000187393],[-81.38346000004717,28.656317000141815],[-81.38346400024516,28.656980000363095],[-81.38346500007005,28.65704300026943],[-81.38353399966702,28.65718599992885],[-81.38379200030819,28.657192000285157],[-81.38416399985387,28.657202999886398],[-81.38441999994691,28.656890999855317],[-81.38457599958254,28.65670199974871],[-81.38458800017641,28.65669699969121],[-81.38468799973552,28.65666000020425],[-81.38472500044375,28.65664699989141],[-81.38500599975285,28.656609000059195],[-81.38510600021026,28.65657600027664]]]},"properties":{"block_id":"121170218032007","school_id":"sch_spring_lake_elementary_school","kids_est":9,"class":"red","shortest":{"len_m":10501.5,"mean_c":36.57,"peak_c":37.2,"dose":520.5},"coolest":{"len_m":10501.5,"mean_c":36.57,"peak_c":37.2,"dose":520.5},"delta_mean_c":0.0,"delta_dose_pct":0,"distance_mi":1.587,"status_now":"walk","status_rec":"bus_eligible","reason":"Coolest route mean 36.6C exceeds threshold (110 C-min dose, actual 520).","safe_until_hour":"11:00"}},{"type":"Feature","geometry":{"type":"Polygon","coordinates":[[[-81.38202399994638,28.65203799967667],[-81.38202300012146,28.651976999871636],[-81.38202300012146,28.651942000251843],[-81.38200800005286,28.651276000147252],[-81.381926999862,28.65117099976246],[-81.3817150001499,28.650829999852508],[-81.38162200026348,28.65066499962512],[-81.38160999966959,28.650362000179797],[-81.38148800036916,28.65036699975105],[-81.38126599971301,28.650368000138283],[-81.38113400036686,28.650423999734294],[-81.38102300003877,28.650472000152533],[-81.38095199989365,28.650542999958954],[-81.38093600000012,28.650560000205296],[-81.38081100032666,28.650630999952128],[-81.38068499992997,28.65068500021597],[-81.38059299986845,28.650724999809537],[-81.38038100015635,28.650740999642647],[-81.38016199987322,28.650751999920697],[-81.3800880002534,28.650749999941873],[-81.37968200037253,28.650740999642647],[-81.37954500010517,28.65070800037828],[-81.37941399968561,28.650642000241728],[-81.3792449996312,28.650499000328832],[-81.3788150003592,28.65007699978545],[-81.37845399978586,28.649722999876744],[-81.3783290001124,28.649606999905],[-81.37826800001304,28.649562000275598],[-81.37814199961633,28.649468999771546],[-81.37792999990423,28.649303999767827],[-81.37767100033646,28.649127999845536],[-81.37746799994686,28.648989999870132],[-81.37730599956517,28.648896999647175],[-81.37727299995319,28.64887599989057],[-81.3771320003862,28.648787000387454],[-81.37682600006444,28.64857700004699],[-81.37671100043673,28.648503999676244],[-81.37652099956762,28.6483850002912],[-81.37632700029715,28.64827400008732],[-81.37621500014417,28.648236000374002],[-81.3759719995716,28.648181000017743],[-81.37579099982165,28.648152999624642],[-81.37563600001096,28.648170999878204],[-81.3756040002239,28.64817499993412],[-81.37540400020735,28.648170000258364],[-81.37514800011431,28.648185999692977],[-81.37500499999918,28.648191000156338],[-81.3749919995804,28.64820100029397],[-81.37442699969087,28.648505000081247],[-81.37431000041333,28.64858300010761],[-81.37408399955919,28.648736000354685],[-81.3739780001523,28.64883999962237],[-81.3738790004181,28.64894000033693],[-81.37388199989283,28.649261999625057],[-81.3738939995884,28.650228999829395],[-81.37389799978637,28.650552000275173],[-81.3739859996499,28.650548999907095],[-81.37425199978868,28.650542999958954],[-81.37434100037547,28.650540999976197],[-81.37454499969165,28.65052999967601],[-81.3751609996348,28.650499000328832],[-81.3753659996742,28.650488999621984],[-81.37506600009856,28.65024400013811],[-81.37500499999918,28.65018300007791],[-81.3746960002027,28.64958899989792],[-81.37471499957095,28.649462000154152],[-81.37450299985885,28.649373999968365],[-81.37457499982887,28.649333999859493],[-81.37460300031628,28.6493190002089],[-81.37484599999053,28.6493190002089],[-81.37499400012854,28.649162000005884],[-81.37532300001651,28.64896199969303],[-81.37579699966943,28.648869000233585],[-81.3762090002964,28.648836000380115],[-81.37649499962833,28.648879999919604],[-81.37671999975925,28.649007000368222],[-81.37686299987438,28.64920499979863],[-81.37697599985228,28.649381000379982],[-81.37721900042484,28.6495520002678],[-81.3775120003278,28.649618000302016],[-81.37772999988769,28.64972200027169],[-81.37794199959978,28.649915000336293],[-81.3781170004003,28.650266999608867],[-81.37841199995307,28.650427000105957],[-81.37852199955793,28.650486999638197],[-81.37855300041839,28.65050399989356],[-81.3784339996944,28.650701999650902],[-81.37855900026616,28.65081799998803],[-81.3786959996352,28.65077399968503],[-81.3788150003592,28.65081799998803],[-81.37872099974956,28.65093899974091],[-81.37879600009263,28.651060000142365],[-81.37883299990257,28.65148399984815],[-81.3787800001991,28.65163000033175],[-81.37961899972501,28.652031000230682],[-81.3799209998488,28.652033000185067],[-81.38023999969104,28.652033000185067],[-81.38057299977696,28.652033999768037],[-81.38082300002222,28.652035000139364],[-81.38113900038972,28.652035000139364],[-81.38194299975554,28.652037000093674],[-81.38202399994638,28.65203799967667]]]},"properties":{"block_id":"121170218062013","school_id":"sch_spring_lake_elementary_school","kids_est":4,"class":"red","shortest":{"len_m":8755.8,"mean_c":36.62,"peak_c":37.2,"dose":440.9},"coolest":{"len_m":8755.8,"mean_c":36.62,"peak_c":37.2,"dose":440.9},"delta_mean_c":0.0,"delta_dose_pct":0,"distance_mi":1.921,"status_now":"walk","status_rec":"bus_eligible","reason":"Coolest route mean 36.6C exceeds threshold (110 C-min dose, actual 441).","safe_until_hour":"11:00"}},{"type":"Feature","geometry":{"type":"Polygon","coordinates":[[[-81.40261999965553,28.657106999672564],[-81.40262200020365,28.65675200031057],[-81.4025550002565,28.656750999984236],[-81.40235400041506,28.656747999793534],[-81.4022869995696,28.656747999793534],[-81.40217799978964,28.65674599992907],[-81.4018509995515,28.656742000200087],[-81.40174299959646,28.65674099987373],[-81.40173599992377,28.657101000099676],[-81.40171699965721,28.658185000129052],[-81.40171099980941,28.658545999647046],[-81.40189199955938,28.65854199998674],[-81.40243399988267,28.658532000047003],[-81.40261600035588,28.658528999907276],[-81.40261700018078,28.658173000318094],[-81.40261999965553,28.657106999672564]]]},"properties":{"block_id":"121170217054007","school_id":"sch_spring_lake_elementary_school","kids_est":1,"class":"green","shortest":{"len_m":858.1,"mean_c":37.19,"peak_c":37.2,"dose":50.1},"coolest":{"len_m":858.1,"mean_c":37.19,"peak_c":37.2,"dose":50.1},"delta_mean_c":0.0,"delta_dose_pct":0,"distance_mi":0.5,"status_now":"walk","status_rec":"walk","reason":"Shortest route already under threshold (dose 50).","safe_until_hour":null}},{"type":"Feature","geometry":{"type":"Polygon","coordinates":[[[-81.38215899966559,28.66188400034736],[-81.3821739997342,28.66188499983639],[-81.38213600009938,28.661572000059458],[-81.38213699992428,28.66145500030331],[-81.3821379997492,28.661271999877066],[-81.38214699997003,28.661054000188535],[-81.38214699997003,28.66065499990618],[-81.38214699997003,28.66025000028884],[-81.38214299977207,28.66009100009893],[-81.3821319999014,28.659616000256666],[-81.38212900042669,28.659458000193826],[-81.3821310000765,28.6592969997751],[-81.38213899957411,28.658814999706774],[-81.38214199994717,28.65865500018518],[-81.38213600009938,28.658466000105633],[-81.3821319999014,28.658340999911736],[-81.38212299968059,28.657999999671578],[-81.38212299968059,28.65789999971449],[-81.38212299968059,28.65788400018543],[-81.38209799956624,28.657714000013453],[-81.38207099980205,28.65766899992184],[-81.38202999979417,28.6575980002109],[-81.38197899974053,28.65754600020333],[-81.38194299975554,28.65750999975853],[-81.38174899958676,28.657378000123977],[-81.3815829999054,28.657268000301578],[-81.38050099980696,28.656550999956757],[-81.38027099965316,28.656398000076212],[-81.38013699975888,28.6563190000144],[-81.37997199990244,28.65640300014797],[-81.37977199988589,28.656699999883443],[-81.37987399999315,28.656785000037715],[-81.38001499956013,28.656904000137903],[-81.38005300009328,28.65706900000702],[-81.3801090001698,28.657157000041273],[-81.38013400028414,28.657179000038283],[-81.38019000036064,28.65720700038608],[-81.38025300010983,28.657224000340282],[-81.38045300012638,28.657278999894828],[-81.38048900011138,28.65728899995409],[-81.38068999995284,28.657373999630824],[-81.38085099961131,28.65748200027994],[-81.38089499999224,28.657586999862765],[-81.38093799964996,28.657779000111784],[-81.38093199980217,28.657932999868507],[-81.3808980003653,28.658037000262127],[-81.38087599972567,28.658108999989135],[-81.38080100028093,28.658274000326585],[-81.38123599957578,28.65846199965399],[-81.3812869996294,28.658484000165437],[-81.38138700008685,28.658609999709206],[-81.3814120002012,28.658786000269757],[-81.38133699985812,28.658879999910674],[-81.38122399988022,28.65892899991649],[-81.38077500034164,28.658940000123753],[-81.38066300018866,28.658879999910674],[-81.38052000007353,28.658868999697063],[-81.38045399995127,28.658874999957053],[-81.38032000005697,28.65888999981722],[-81.38014500015481,28.65891799970802],[-81.37998299977309,28.658907000286735],[-81.37986399994739,28.658881999734376],[-81.37955900034888,28.65881900014494],[-81.3795119995949,28.658796999703814],[-81.37940299981494,28.65874700011728],[-81.37931999997429,28.65877800017904],[-81.37924700017935,28.658806999618257],[-81.37908499979764,28.65885099970343],[-81.3790680000792,28.658858999788585],[-81.37899100008632,28.658901000028564],[-81.37883499955238,28.659005000250165],[-81.37867300006899,28.65915899978244],[-81.37856699976378,28.659220000138628],[-81.37842299982373,28.65922500007581],[-81.37833900015814,28.65921300038382],[-81.37826700018813,28.65920299971987],[-81.37815500003514,28.659169999965574],[-81.3781109996542,28.659362999981575],[-81.3780899997378,28.659476000083306],[-81.3780549995777,28.6596760000485],[-81.37806700017157,28.66041299982666],[-81.37807300001937,28.660727000199824],[-81.37810999982928,28.660730000276654],[-81.37822199998229,28.660740000006715],[-81.37825999961711,28.660744000371412],[-81.37850999986237,28.660727000199824],[-81.3788220000319,28.66020499970929],[-81.3795119995949,28.660207000295983],[-81.38068699957978,28.660210999892758],[-81.3806940001508,28.659985999871015],[-81.38196000037226,28.65995300036326],[-81.38194699995348,28.66130100020282],[-81.38149800041494,28.661312000161224],[-81.38142899991963,28.661373000052727],[-81.38142899991963,28.661463999682844],[-81.38142899991963,28.661615000280648],[-81.38140999965307,28.661872999660712],[-81.38207300035019,28.661883000069984],[-81.38215899966559,28.66188400034736]]]},"properties":{"block_id":"121170218061012","school_id":"sch_spring_lake_elementary_school","kids_est":5,"class":"red","shortest":{"len_m":10540.7,"mean_c":36.57,"peak_c":37.2,"dose":522.4},"coolest":{"len_m":10540.7,"mean_c":36.57,"peak_c":37.2,"dose":522.4},"delta_mean_c":0.0,"delta_dose_pct":0,"distance_mi":1.794,"status_now":"walk","status_rec":"bus_eligible","reason":"Coolest route mean 36.6C exceeds threshold (110 C-min dose, actual 522).","safe_until_hour":"11:00"}},{"type":"Feature","geometry":{"type":"Polygon","coordinates":[[[-81.41955300021606,28.65755300006944],[-81.41954599964505,28.656827000320316],[-81.41947799987298,28.656303999786434],[-81.41935300019951,28.655775999695226],[-81.41923500019873,28.655478999707107],[-81.41889200006706,28.655429000114744],[-81.41897800028079,28.655677000318224],[-81.41904799970266,28.655874999767054],[-81.41917199955121,28.65638099998808],[-81.41918099977205,28.656439999725574],[-81.41922299960486,28.65670100021019],[-81.41925299974208,28.65688700013187],[-81.41929100027524,28.657460000346532],[-81.4192030004117,28.658190999639917],[-81.41949600031465,28.658196999938646],[-81.41955300021606,28.65755300006944]]]},"properties":{"block_id":"121170217071000","school_id":"sch_spring_lake_elementary_school","kids_est":0,"class":"red","shortest":{"len_m":2035.7,"mean_c":37.14,"peak_c":37.2,"dose":117.5},"coolest":{"len_m":2035.7,"mean_c":37.14,"peak_c":37.2,"dose":117.5},"delta_mean_c":0.0,"delta_dose_pct":0,"distance_mi":0.6,"status_now":"walk","status_rec":"bus_eligible","reason":"Coolest route mean 37.1C exceeds threshold (110 C-min dose, actual 118).","safe_until_hour":"13:00"}},{"type":"Feature","geometry":{"type":"Polygon","coordinates":[[[-81.37476200032494,28.654624999642866],[-81.3753580001766,28.654625999989424],[-81.37461400018694,28.653788999794987],[-81.37445199980523,28.65391700016987],[-81.37432600030684,28.654015999632136],[-81.37405299959705,28.654220000379205],[-81.37382599981633,28.654177999840506],[-81.37388500026587,28.65428399992895],[-81.37398300017516,28.654622999737906],[-81.37476200032494,28.654624999642866]]]},"properties":{"block_id":"121170218063018","school_id":"sch_spring_lake_elementary_school","kids_est":0,"class":"red","shortest":{"len_m":8712.3,"mean_c":36.62,"peak_c":37.2,"dose":438.8},"coolest":{"len_m":8712.3,"mean_c":36.62,"peak_c":37.2,"dose":438.8},"delta_mean_c":0.0,"delta_dose_pct":0,"distance_mi":2.187,"status_now":"bus","status_rec":"bus_eligible","reason":"Coolest route mean 36.6C exceeds threshold (110 C-min dose, actual 439).","safe_until_hour":"11:00"}},{"type":"Feature","geometry":{"type":"Polygon","coordinates":[[[-81.39436899982202,28.657702000148564],[-81.39436299997425,28.65720600006414],[-81.3937689997724,28.65704399980469],[-81.39316500042314,28.656880999758105],[-81.393162999875,28.656999000213723],[-81.39315899967704,28.657356000168722],[-81.39315899967704,28.657475999940235],[-81.3931770001187,28.657673999932992],[-81.39356399973299,28.65770700015814],[-81.39360200026616,28.65770599984092],[-81.39436899982202,28.657702000148564]]]},"properties":{"block_id":"121170217053009","school_id":"sch_spring_lake_elementary_school","kids_est":10,"class":"red","shortest":{"len_m":7833.0,"mean_c":36.67,"peak_c":37.2,"dose":398.8},"coolest":{"len_m":7833.0,"mean_c":36.67,"peak_c":37.2,"dose":398.8},"delta_mean_c":0.0,"delta_dose_pct":0,"distance_mi":1.005,"status_now":"walk","status_rec":"bus_eligible","reason":"Coolest route mean 36.7C exceeds threshold (110 C-min dose, actual 399).","safe_until_hour":"11:00"}},{"type":"Feature","geometry":{"type":"Polygon","coordinates":[[[-81.41923500019873,28.655478999707107],[-81.4190290003344,28.65502200011793],[-81.41886699995271,28.6547470000779],[-81.41876099964749,28.654549000075438],[-81.41851100030055,28.654681000118604],[-81.41853399986677,28.654718000303948],[-81.41860400018696,28.654832000238983],[-81.4186279995781,28.654869999926955],[-81.41869200005051,28.654974999760913],[-81.41871100031709,28.655004999806728],[-81.41884299966326,28.655315000040567],[-81.41889200006706,28.655429000114744],[-81.41923500019873,28.655478999707107]]]},"properties":{"block_id":"121170217071003","school_id":"sch_spring_lake_elementary_school","kids_est":0,"class":"green","shortest":{"len_m":1820.5,"mean_c":37.15,"peak_c":37.2,"dose":105.1},"coolest":{"len_m":1820.5,"mean_c":37.15,"peak_c":37.2,"dose":105.1},"delta_mean_c":0.0,"delta_dose_pct":0,"distance_mi":0.628,"status_now":"walk","status_rec":"walk","reason":"Shortest route already under threshold (dose 105).","safe_until_hour":null}},{"type":"Feature","geometry":{"type":"Polygon","coordinates":[[[-81.37473399983753,28.660593000095353],[-81.37476499979968,28.66001499976434],[-81.37451499955442,28.660016000059475],[-81.37375399984633,28.660016000059475],[-81.37378599963336,28.660785999856163],[-81.37473399983753,28.66076899969138],[-81.37473399983753,28.660593000095353]]]},"properties":{"block_id":"121170218062004","school_id":"sch_spring_lake_elementary_school","kids_est":1,"class":"red","shortest":{"len_m":9852.2,"mean_c":36.59,"peak_c":37.2,"dose":491.8},"coolest":{"len_m":9852.2,"mean_c":36.59,"peak_c":37.2,"dose":491.8},"delta_mean_c":0.0,"delta_dose_pct":0,"distance_mi":2.173,"status_now":"bus","status_rec":"bus_eligible","reason":"Coolest route mean 36.6C exceeds threshold (110 C-min dose, actual 492).","safe_until_hour":"11:00"}},{"type":"Feature","geometry":{"type":"Polygon","coordinates":[[[-81.39900900038543,28.660371000192463],[-81.39900900038543,28.66025099979353],[-81.39817300033427,28.66025099979353],[-81.39566500018074,28.660253999883984],[-81.39482999995447,28.660255000176893],[-81.39447000010438,28.660271000132298],[-81.39447799960197,28.660656000195193],[-81.3967320002106,28.660665999932316],[-81.39734700032885,28.660667999722],[-81.39888200016384,28.660673999878952],[-81.39900900038543,28.660689000269965],[-81.39900900038543,28.660371000192463]]]},"properties":{"block_id":"121170217053008","school_id":"sch_spring_lake_elementary_school","kids_est":1,"class":"green","shortest":{"len_m":1620.8,"mean_c":37.05,"peak_c":37.2,"dose":91.3},"coolest":{"len_m":1620.8,"mean_c":37.05,"peak_c":37.2,"dose":91.3},"delta_mean_c":0.0,"delta_dose_pct":0,"distance_mi":0.807,"status_now":"walk","status_rec":"walk","reason":"Shortest route already under threshold (dose 91).","safe_until_hour":null}},{"type":"Feature","geometry":{"type":"Polygon","coordinates":[[[-81.41936499989507,28.659176000208337],[-81.41949600031465,28.658196999938646],[-81.4192030004117,28.658190999639917],[-81.41914300013723,28.658915999885014],[-81.41909700010648,28.659484000120752],[-81.41912200022082,28.660024000055714],[-81.41929700012301,28.659527999921774],[-81.41936499989507,28.659176000208337]]]},"properties":{"block_id":"121170217081018","school_id":"sch_spring_lake_elementary_school","kids_est":0,"class":"red","shortest":{"len_m":2212.2,"mean_c":37.15,"peak_c":37.2,"dose":127.7},"coolest":{"len_m":2212.2,"mean_c":37.15,"peak_c":37.2,"dose":127.7},"delta_mean_c":0.0,"delta_dose_pct":0,"distance_mi":0.563,"status_now":"walk","status_rec":"bus_eligible","reason":"Coolest route mean 37.1C exceeds threshold (110 C-min dose, actual 128).","safe_until_hour":"13:00"}},{"type":"Feature","geometry":{"type":"Polygon","coordinates":[[[-81.41797800019808,28.65376199967748],[-81.41808699997802,28.65373099970919],[-81.41746400036217,28.65296100012332],[-81.41712600025338,28.653024999653205],[-81.41735800005696,28.653271999665176],[-81.41782300038737,28.653808999789977],[-81.41797800019808,28.65376199967748]]]},"properties":{"block_id":"121170217071007","school_id":"sch_spring_lake_elementary_school","kids_est":0,"class":"green","shortest":{"len_m":1547.0,"mean_c":37.16,"peak_c":37.2,"dose":89.4},"coolest":{"len_m":1547.0,"mean_c":37.16,"peak_c":37.2,"dose":89.4},"delta_mean_c":0.0,"delta_dose_pct":0,"distance_mi":0.637,"status_now":"walk","status_rec":"walk","reason":"Shortest route already under threshold (dose 89).","safe_until_hour":null}},{"type":"Feature","geometry":{"type":"Polygon","coordinates":[[[-81.41722900018553,28.647856999741713],[-81.41748199990553,28.647429999892946],[-81.41718900000257,28.647273999643875],[-81.41697399991742,28.64724900025957],[-81.41695899984879,28.647372999859133],[-81.41694700015324,28.647406000172953],[-81.41694700015324,28.648710000127476],[-81.41720200042136,28.64862499973396],[-81.41719099965239,28.648278999758112],[-81.41722900018553,28.647856999741713]]]},"properties":{"block_id":"121170217073020","school_id":"sch_spring_lake_elementary_school","kids_est":0,"class":"green","shortest":{"len_m":1686.8,"mean_c":37.15,"peak_c":37.2,"dose":97.4},"coolest":{"len_m":1686.8,"mean_c":37.15,"peak_c":37.2,"dose":97.4},"delta_mean_c":0.0,"delta_dose_pct":0,"distance_mi":0.924,"status_now":"walk","status_rec":"walk","reason":"Shortest route already under threshold (dose 97).","safe_until_hour":null}},{"type":"Feature","geometry":{"type":"Polygon","coordinates":[[[-81.39021100020578,28.65047600012068],[-81.39021000038086,28.64971099988559],[-81.390205000358,28.64929500013283],[-81.39018699991632,28.647753999911426],[-81.39018799974124,28.64769599964104],[-81.38910399999294,28.647592000027295],[-81.38900600008365,28.647583999870832],[-81.38901299975636,28.64877599990328],[-81.38901299975636,28.649634000304076],[-81.3890019998857,28.650623999623953],[-81.38900299971063,28.650708999973936],[-81.38903600022088,28.650755999878182],[-81.38911099966565,28.650761000218992],[-81.38915599987149,28.65075700026171],[-81.38960899960801,28.650693999731683],[-81.38986800007409,28.650564000170085],[-81.38990700043216,28.65054600032721],[-81.39021100020578,28.65047600012068]]]},"properties":{"block_id":"121170217055004","school_id":"sch_spring_lake_elementary_school","kids_est":9,"class":"red","shortest":{"len_m":6827.2,"mean_c":36.72,"peak_c":37.2,"dose":352.6},"coolest":{"len_m":6827.2,"mean_c":36.72,"peak_c":37.2,"dose":352.6},"delta_mean_c":0.0,"delta_dose_pct":0,"distance_mi":1.441,"status_now":"walk","status_rec":"bus_eligible","reason":"Coolest route mean 36.7C exceeds threshold (110 C-min dose, actual 353).","safe_until_hour":"11:00"}},{"type":"Feature","geometry":{"type":"Polygon","coordinates":[[[-81.37888999980396,28.65202999985929],[-81.37961899972501,28.652031000230682],[-81.3787800001991,28.65163000033175],[-81.37883299990257,28.65148399984815],[-81.37879600009263,28.651060000142365],[-81.37872099974956,28.65093899974091],[-81.3788150003592,28.65081799998803],[-81.3786959996352,28.65077399968503],[-81.37855900026616,28.65081799998803],[-81.3784339996944,28.650701999650902],[-81.37855300041839,28.65050399989356],[-81.37852199955793,28.650486999638197],[-81.37841199995307,28.650427000105957],[-81.3781170004003,28.650266999608867],[-81.37794199959978,28.649915000336293],[-81.37772999988769,28.64972200027169],[-81.3775120003278,28.649618000302016],[-81.37721900042484,28.6495520002678],[-81.37697599985228,28.649381000379982],[-81.37686299987438,28.64920499979863],[-81.37671999975925,28.649007000368222],[-81.37649499962833,28.648879999919604],[-81.3762090002964,28.648836000380115],[-81.37579699966943,28.648869000233585],[-81.37532300001651,28.64896199969303],[-81.37499400012854,28.649162000005884],[-81.37484599999053,28.6493190002089],[-81.37460300031628,28.6493190002089],[-81.37457499982887,28.649333999859493],[-81.37450299985885,28.649373999968365],[-81.37471499957095,28.649462000154152],[-81.3746960002027,28.64958899989792],[-81.37500499999918,28.65018300007791],[-81.37506600009856,28.65024400013811],[-81.3753659996742,28.650488999621984],[-81.3760489995645,28.650464000215706],[-81.37689399983651,28.650437000030376],[-81.37694700043828,28.65119900013817],[-81.37706799991379,28.651754000269648],[-81.37728200017403,28.652082999820173],[-81.37803399966131,28.652076999959803],[-81.37803299983639,28.65202500036732],[-81.37888999980396,28.65202999985929]]]},"properties":{"block_id":"121170218062014","school_id":"sch_spring_lake_elementary_school","kids_est":0,"class":"red","shortest":{"len_m":8326.5,"mean_c":36.64,"peak_c":37.2,"dose":420.7},"coolest":{"len_m":8326.5,"mean_c":36.64,"peak_c":37.2,"dose":420.7},"delta_mean_c":0.0,"delta_dose_pct":0,"distance_mi":2.109,"status_now":"bus","status_rec":"bus_eligible","reason":"Coolest route mean 36.6C exceeds threshold (110 C-min dose, actual 421).","safe_until_hour":"11:00"}},{"type":"Feature","geometry":{"type":"Polygon","coordinates":[[[-81.38210599996215,28.655006000149726],[-81.3821019997642,28.654933999868252],[-81.38209099989353,28.65472000020709],[-81.38208800041879,28.65464900007563],[-81.38179399979262,28.654638000206447],[-81.38160700019488,28.6546540002308],[-81.38153400039994,28.65468300002246],[-81.3814330001176,28.654725999916234],[-81.38121399983447,28.65496200002738],[-81.38091400025883,28.65538599972105],[-81.38083300006798,28.655511999834943],[-81.38082100037239,28.655588999830005],[-81.38091400025883,28.655698999837487],[-81.3811450002375,28.65584199975354],[-81.38121499965938,28.655888999721896],[-81.3816809998147,28.656200000038496],[-81.38171299960176,28.656158000292926],[-81.38181200023428,28.656035000378278],[-81.38183099960253,28.65601300014121],[-81.38184099964828,28.65599200023305],[-81.38193100005996,28.655815000164704],[-81.38204300021296,28.655550999614313],[-81.38207500000001,28.65534800022002],[-81.38208699969557,28.655211999652618],[-81.38210599996215,28.655006000149726]]]},"properties":{"block_id":"121170218032011","school_id":"sch_spring_lake_elementary_school","kids_est":0,"class":"red","shortest":{"len_m":9191.5,"mean_c":36.61,"peak_c":37.2,"dose":461.0},"coolest":{"len_m":9191.5,"mean_c":36.61,"peak_c":37.2,"dose":461.0},"delta_mean_c":0.0,"delta_dose_pct":0,"distance_mi":1.756,"status_now":"walk","status_rec":"bus_eligible","reason":"Coolest route mean 36.6C exceeds threshold (110 C-min dose, actual 461).","safe_until_hour":"11:00"}},{"type":"Feature","geometry":{"type":"Polygon","coordinates":[[[-81.41876099964749,28.654549000075438],[-81.41851100030055,28.654202000375633],[-81.41809399965072,28.65373999975178],[-81.41808699997802,28.65373099970919],[-81.41797800019808,28.65376199967748],[-81.41782300038737,28.653808999789977],[-81.41796300012948,28.65397100031817],[-81.4183749998581,28.654504999761382],[-81.41851100030055,28.654681000118604],[-81.41876099964749,28.654549000075438]]]},"properties":{"block_id":"121170217071004","school_id":"sch_spring_lake_elementary_school","kids_est":0,"class":"green","shortest":{"len_m":1762.5,"mean_c":37.15,"peak_c":37.2,"dose":101.7},"coolest":{"len_m":1762.5,"mean_c":37.15,"peak_c":37.2,"dose":101.7},"delta_mean_c":0.0,"delta_dose_pct":0,"distance_mi":0.632,"status_now":"walk","status_rec":"walk","reason":"Shortest route already under threshold (dose 102).","safe_until_hour":null}},{"type":"Feature","geometry":{"type":"Polygon","coordinates":[[[-81.38328199977194,28.652792000216145],[-81.38335499956686,28.652118000181282],[-81.38327299955112,28.65211699981073],[-81.38302999987685,28.652114000275752],[-81.38294899968601,28.652114000275752],[-81.38285800034772,28.652112999905174],[-81.382700000164,28.65211200032292],[-81.38258700018609,28.652112999905174],[-81.38249699977439,28.652114000275752],[-81.38240200023816,28.652114000275752],[-81.38212000020584,28.65211699981073],[-81.38202700031944,28.652118000181282],[-81.38202499977129,28.65234299974599],[-81.38202099957333,28.65281100003737],[-81.38215000034309,28.65280199991499],[-81.38239399984225,28.652799999975308],[-81.38260200025469,28.65279899961127],[-81.38285300032487,28.652798000035553],[-81.3831090004179,28.652796000095808],[-81.38328199977194,28.652792000216145]]]},"properties":{"block_id":"121170218032014","school_id":"sch_spring_lake_elementary_school","kids_est":1,"class":"red","shortest":{"len_m":8981.3,"mean_c":36.62,"peak_c":37.2,"dose":451.2},"coolest":{"len_m":8981.3,"mean_c":36.62,"peak_c":37.2,"dose":451.2},"delta_mean_c":0.0,"delta_dose_pct":0,"distance_mi":1.737,"status_now":"walk","status_rec":"bus_eligible","reason":"Coolest route mean 36.6C exceeds threshold (110 C-min dose, actual 451).","safe_until_hour":"11:00"}},{"type":"Feature","geometry":{"type":"Polygon","coordinates":[[[-81.38420499986175,28.64484000006953],[-81.3842140000826,28.644387999697578],[-81.38393500042334,28.64438600038579],[-81.38310100002198,28.64438299984129],[-81.38282300018763,28.64438200018536],[-81.38280300009616,28.64478500029756],[-81.3827789998067,28.645305999861545],[-81.3829339996174,28.64569699991511],[-81.3831179997404,28.645893000004435],[-81.38339599957476,28.646186999845867],[-81.38344300032875,28.646232999773304],[-81.38358499972065,28.64637100022297],[-81.38363300029954,28.646417999706266],[-81.38394499957076,28.64615899970879],[-81.38397700025612,28.646125000151656],[-81.3841510003334,28.645945000272352],[-81.38418800014334,28.645736000191324],[-81.38420499986175,28.64484000006953]]]},"properties":{"block_id":"121170218031018","school_id":"sch_spring_lake_elementary_school","kids_est":1,"class":"red","shortest":{"len_m":7493.2,"mean_c":36.68,"peak_c":37.2,"dose":383.2},"coolest":{"len_m":7493.2,"mean_c":36.68,"peak_c":37.2,"dose":383.2},"delta_mean_c":0.0,"delta_dose_pct":0,"distance_mi":1.895,"status_now":"walk","status_rec":"bus_eligible","reason":"Coolest route mean 36.7C exceeds threshold (110 C-min dose, actual 383).","safe_until_hour":"11:00"}},{"type":"Feature","geometry":{"type":"Polygon","coordinates":[[[-81.39031400013793,28.647264999834686],[-81.3903190001608,28.64703099979427],[-81.39016099997706,28.647028000113764],[-81.3898039996017,28.647021999964178],[-81.3890089995584,28.647009000033133],[-81.38900600008365,28.646732999842733],[-81.38900299971063,28.646375999984485],[-81.38899799968775,28.64626000025263],[-81.38898299961912,28.645912999928587],[-81.38897799959624,28.64579800011545],[-81.38894800035735,28.645016999742086],[-81.39009499985482,28.645002999912442],[-81.39030699956693,28.645000999824042],[-81.39031199958981,28.644865999679418],[-81.39031400013793,28.644813999664873],[-81.39030499991709,28.644576999924347],[-81.39030200044236,28.644494999876148],[-81.39030099971914,28.644455999926844],[-81.39030099971914,28.6444019996093],[-81.39030099971914,28.64433499978977],[-81.39029900006932,28.644200000364673],[-81.39029499987136,28.64394999971507],[-81.39026399990922,28.64383399966531],[-81.39025700023653,28.643821999788834],[-81.3901640003501,28.643669000257145],[-81.38996400033358,28.643402999756947],[-81.38970900006544,28.643063999943898],[-81.38938699985017,28.64265400024345],[-81.3893540002382,28.64261199980293],[-81.38859400035501,28.641626999741938],[-81.38842199992756,28.641424999884034],[-81.3883130001476,28.641297000030367],[-81.38817599988027,28.641148000293498],[-81.38806399972727,28.64104899972165],[-81.38806399972727,28.641115000376075],[-81.38816400018469,28.64234099982238],[-81.38848399985183,28.646217000040764],[-81.38855400017205,28.64705800006811],[-81.38856000001982,28.647245000168258],[-81.38856099984473,28.64727700010564],[-81.39031400013793,28.647264999834686]]]},"properties":{"block_id":"121170217051000","school_id":"sch_spring_lake_elementary_school","kids_est":30,"class":"red","shortest":{"len_m":6110.1,"mean_c":36.78,"peak_c":37.2,"dose":321.0},"coolest":{"len_m":6110.1,"mean_c":36.78,"peak_c":37.2,"dose":321.0},"delta_mean_c":0.0,"delta_dose_pct":0,"distance_mi":1.667,"status_now":"walk","status_rec":"bus_eligible","reason":"Coolest route mean 36.8C exceeds threshold (110 C-min dose, actual 321).","safe_until_hour":"11:00"}},{"type":"Feature","geometry":{"type":"Polygon","coordinates":[[[-81.38868600041651,28.658794000359872],[-81.38868399986839,28.658464000274005],[-81.38868100039363,28.65747400008965],[-81.38867999967042,28.657143999790062],[-81.38867899984551,28.65712899968007],[-81.38866999962468,28.657087999841515],[-81.38867899984551,28.65707000033032],[-81.38867899984551,28.657050999704264],[-81.38867899984551,28.656994000170382],[-81.38867899984551,28.65697599985475],[-81.38867899984551,28.656934999956352],[-81.3886720001728,28.656110000112655],[-81.38865899975401,28.654561000301204],[-81.38865100025642,28.65351199974813],[-81.38864500040863,28.652742000130708],[-81.38864399968541,28.652645999773828],[-81.3886350003629,28.6516179997705],[-81.3886350003629,28.651600999695727],[-81.38862699996697,28.650603000213163],[-81.38861500027141,28.649038999767924],[-81.38859900037788,28.648536999634125],[-81.38856800041575,28.647511000385578],[-81.38856099984473,28.64727700010564],[-81.38856000001982,28.647245000168258],[-81.38855400017205,28.64705800006811],[-81.38848399985183,28.646217000040764],[-81.38816400018469,28.64234099982238],[-81.38806399972727,28.641115000376075],[-81.38806399972727,28.64104899972165],[-81.3878889998251,28.64092199988655],[-81.3878269999008,28.640883999874976],[-81.3878269999008,28.640972000088304],[-81.38795800032038,28.642469999653137],[-81.38809200021467,28.64399300006786],[-81.38816199963657,28.64478500029756],[-81.38824500037555,28.645842999783163],[-81.38832900004114,28.64690400010625],[-81.38834900013262,28.647277999734],[-81.38835699963022,28.64741299992757],[-81.3883619996531,28.64750700030433],[-81.38838500011762,28.64792700011971],[-81.388402999661,28.6502819999122],[-81.38840400038421,28.650603000213163],[-81.38840600003402,28.651628999956557],[-81.3884179997296,28.65785400017513],[-81.38842799977535,28.65882099996979],[-81.38843299979821,28.659255999996205],[-81.38858900033215,28.658969999823285],[-81.38868600041651,28.658794000359872]]]},"properties":{"block_id":"121170218031008","school_id":"sch_spring_lake_elementary_school","kids_est":0,"class":"red","shortest":{"len_m":6848.9,"mean_c":36.72,"peak_c":37.2,"dose":353.6},"coolest":{"len_m":6848.9,"mean_c":36.72,"peak_c":37.2,"dose":353.6},"delta_mean_c":0.0,"delta_dose_pct":0,"distance_mi":1.463,"status_now":"walk","status_rec":"bus_eligible","reason":"Coolest route mean 36.7C exceeds threshold (110 C-min dose, actual 354).","safe_until_hour":"11:00"}},{"type":"Feature","geometry":{"type":"Polygon","coordinates":[[[-81.41807500028246,28.644865000028066],[-81.4180989996736,28.64482200003268],[-81.41541399996805,28.64480499964461],[-81.41540700029536,28.644880000315645],[-81.41540599957213,28.644899999644576],[-81.41537499961,28.64577699973835],[-81.41535600024173,28.646921999785864],[-81.41537399978507,28.64722600012694],[-81.41538100035609,28.647340000323364],[-81.41537700015813,28.647596999730606],[-81.41536899976222,28.648187000101018],[-81.41533699997517,28.648896999647175],[-81.41536999958711,28.649265000030017],[-81.41538100035609,28.649375999973373],[-81.41547500006742,28.649812000162214],[-81.41553600016678,28.650080999768672],[-81.41568400030481,28.650560000205296],[-81.41577299999325,28.650714000316984],[-81.41592299978109,28.651010000019475],[-81.41626599991275,28.650878000084905],[-81.41650299973921,28.650763000197614],[-81.41666599994583,28.650652999741826],[-81.41677800009883,28.650558999819875],[-81.41680599968792,28.650460999845095],[-81.41680999988588,28.65036400016601],[-81.41679900001523,28.65027300036108],[-81.41677200025104,28.65020099998303],[-81.41679700036539,28.650096000098618],[-81.41685699974155,28.649618000302016],[-81.41694700015324,28.648710000127476],[-81.41694700015324,28.647406000172953],[-81.41695899984879,28.647372999859133],[-81.41697399991742,28.64724900025957],[-81.41698899998603,28.647190000080677],[-81.4169870003362,28.64679200027864],[-81.41702499997105,28.646609999909547],[-81.41710299978882,28.64649900019209],[-81.41730600017844,28.646110999681603],[-81.41763300041657,28.645597999694562],[-81.41778800022728,28.645363000230294],[-81.41791299990075,28.645155000214853],[-81.41807500028246,28.644865000028066]]]},"properties":{"block_id":"121170217073019","school_id":"sch_spring_lake_elementary_school","kids_est":4,"class":"green","shortest":{"len_m":1763.8,"mean_c":37.15,"peak_c":37.2,"dose":101.8},"coolest":{"len_m":1763.8,"mean_c":37.15,"peak_c":37.2,"dose":101.8},"delta_mean_c":0.0,"delta_dose_pct":0,"distance_mi":0.929,"status_now":"walk","status_rec":"walk","reason":"Shortest route already under threshold (dose 102).","safe_until_hour":null}},{"type":"Feature","geometry":{"type":"Polygon","coordinates":[[[-81.37787399982773,28.660132999845313],[-81.37787399982773,28.659791999916507],[-81.37786200013218,28.659411999761623],[-81.37771599964398,28.659426000032408],[-81.3775890003207,28.659440000301274],[-81.37728200017403,28.65948799974512],[-81.377138000234,28.659511000341233],[-81.37715699960225,28.65959899990213],[-81.37710100042406,28.659669999834346],[-81.37696900017957,28.659758000050044],[-81.37673200035312,28.65987399982732],[-81.37656400012362,28.659977999871874],[-81.37645199997064,28.660065999829005],[-81.37642000018359,28.66017099997673],[-81.37644500029795,28.660274999726628],[-81.37655800027585,28.660307999921347],[-81.37715599977734,28.66029800015008],[-81.37742399956593,28.660293000264073],[-81.37779900038298,28.66028700008524],[-81.37785499956117,28.660231999744017],[-81.37787399982773,28.660132999845313]]]},"properties":{"block_id":"121170218062005","school_id":"sch_spring_lake_elementary_school","kids_est":6,"class":"red","shortest":{"len_m":9852.2,"mean_c":36.59,"peak_c":37.2,"dose":491.8},"coolest":{"len_m":9852.2,"mean_c":36.59,"peak_c":37.2,"dose":491.8},"delta_mean_c":0.0,"delta_dose_pct":0,"distance_mi":1.989,"status_now":"walk","status_rec":"bus_eligible","reason":"Coolest route mean 36.6C exceeds threshold (110 C-min dose, actual 492).","safe_until_hour":"11:00"}},{"type":"Feature","geometry":{"type":"Polygon","coordinates":[[[-81.41970999967657,28.65083999973851],[-81.41972200027044,28.650542999958954],[-81.41962299963794,28.650386999610383],[-81.41950999966004,28.650206999950743],[-81.41913899993926,28.65017999969927],[-81.41904199985488,28.650173999730008],[-81.41889899973975,28.650202000371852],[-81.41863099995115,28.650356000220942],[-81.41849299985888,28.650444000371056],[-81.4183749998581,28.65047099976627],[-81.41830600026114,28.65043300006074],[-81.41817599966649,28.650283000300192],[-81.41793200016733,28.650003999670485],[-81.41778900005218,28.65006800021675],[-81.41775100041737,28.65008600014167],[-81.41732999956956,28.65016999975032],[-81.41717700030699,28.650202000371852],[-81.41718300015478,28.650360999792554],[-81.41725799959954,28.650360999792554],[-81.41741999998125,28.650350000261806],[-81.41766400037872,28.65028399989989],[-81.41773100032587,28.650260000044664],[-81.41786299967202,28.650212999918107],[-81.4180569998408,28.650437999628615],[-81.41806900043467,28.650646999799637],[-81.41868700002765,28.650646999799637],[-81.41911700019796,28.650642000241728],[-81.41923600002364,28.65083999973851],[-81.41947100020029,28.65083999973851],[-81.41970999967657,28.65083999973851]]]},"properties":{"block_id":"121170217073004","school_id":"sch_spring_lake_elementary_school","kids_est":0,"class":"green","shortest":{"len_m":1616.9,"mean_c":37.15,"peak_c":37.2,"dose":93.5},"coolest":{"len_m":1617.4,"mean_c":37.15,"peak_c":37.2,"dose":93.4},"delta_mean_c":0.0,"delta_dose_pct":0,"distance_mi":0.832,"status_now":"walk","status_rec":"walk","reason":"Shortest route already under threshold (dose 94).","safe_until_hour":null}},{"type":"Feature","geometry":{"type":"Polygon","coordinates":[[[-81.42232900015819,28.653948999648005],[-81.4223729996408,28.653823000020687],[-81.42231699956429,28.653690999685622],[-81.42222600022602,28.653715000332234],[-81.42212900014164,28.653741000106784],[-81.42204799995079,28.65376199967748],[-81.42194900021659,28.65356400017985],[-81.42191099968345,28.65352600001851],[-81.42185499960692,28.653452000370137],[-81.42183600023868,28.653427000093597],[-81.4213869998018,28.65383399997539],[-81.42121899957232,28.653904999870406],[-81.4210999997466,28.653915999816558],[-81.4209499999588,28.653977000070174],[-81.42093800026322,28.653982000257326],[-81.42074499991938,28.6542789997562],[-81.42083199995801,28.65430300026815],[-81.42089999973008,28.654323000165103],[-81.42110200029474,28.654330000246347],[-81.42119400035627,28.654334000067387],[-81.4212810003949,28.65440000024506],[-81.42137500010622,28.654445000163268],[-81.42143100018274,28.654472000104917],[-81.42159900041223,28.654499000039593],[-81.42184899975915,28.654493999877023],[-81.4220069999429,28.654495999784437],[-81.42222100020315,28.654499000039593],[-81.42232900015819,28.654500000387397],[-81.42232900015819,28.654269000198155],[-81.42232900015819,28.654154999650995],[-81.42232900015819,28.653948999648005]]]},"properties":{"block_id":"121170217071005","school_id":"sch_spring_lake_elementary_school","kids_est":3,"class":"red","shortest":{"len_m":2228.5,"mean_c":37.14,"peak_c":37.2,"dose":128.5},"coolest":{"len_m":2228.5,"mean_c":37.14,"peak_c":37.2,"dose":128.5},"delta_mean_c":0.0,"delta_dose_pct":0,"distance_mi":0.809,"status_now":"walk","status_rec":"bus_eligible","reason":"Coolest route mean 37.1C exceeds threshold (110 C-min dose, actual 128).","safe_until_hour":"13:00"}},{"type":"Feature","geometry":{"type":"Polygon","coordinates":[[[-81.3755620003911,28.655576000172665],[-81.37566199995021,28.655501999606184],[-81.37512499964978,28.655504999832612],[-81.37476099960172,28.65550600017077],[-81.37475099955597,28.65589700003307],[-81.37479400011199,28.655883000079363],[-81.3749990001514,28.65574000021924],[-81.37501900024289,28.655719000256457],[-81.37505000020502,28.655695999616682],[-81.37508799983988,28.65566899999025],[-81.37523799962769,28.655630999803492],[-81.37528200000861,28.655625999694912],[-81.37544400039032,28.655609000269955],[-81.3755620003911,28.655576000172665]]]},"properties":{"block_id":"121170218062006","school_id":"sch_spring_lake_elementary_school","kids_est":0,"class":"red","shortest":{"len_m":8712.3,"mean_c":36.62,"peak_c":37.2,"dose":438.8},"coolest":{"len_m":8712.3,"mean_c":36.62,"peak_c":37.2,"dose":438.8},"delta_mean_c":0.0,"delta_dose_pct":0,"distance_mi":2.143,"status_now":"bus","status_rec":"bus_eligible","reason":"Coolest route mean 36.6C exceeds threshold (110 C-min dose, actual 439).","safe_until_hour":"11:00"}},{"type":"Feature","geometry":{"type":"Polygon","coordinates":[[[-81.42348800024955,28.653447999727177],[-81.42356299969428,28.65254800017278],[-81.42279000029063,28.651912000117935],[-81.4226539998482,28.65199599984053],[-81.42247300009822,28.65205099977266],[-81.42227899992946,28.65222200003657],[-81.42208599958562,28.65230400035004],[-81.4216620001614,28.65254099997258],[-81.42148100041143,28.652688999714584],[-81.42130700033418,28.652803000278986],[-81.42118799961015,28.652881999836783],[-81.42095699963149,28.652981000276192],[-81.42073900007158,28.65295900018663],[-81.42054499990283,28.65282700034053],[-81.4201830004029,28.65263999994567],[-81.41987200005828,28.652359000120544],[-81.4197470003848,28.65219399993407],[-81.41968499956222,28.651978999827055],[-81.41954700036827,28.652078000330736],[-81.4193599998722,28.652139000076964],[-81.41912200022082,28.65219399993407],[-81.41907899966482,28.652205000059656],[-81.41879199960962,28.652314999675742],[-81.41861199968457,28.652419000123963],[-81.41851799997325,28.652524000047382],[-81.41845600004896,28.652727000179276],[-81.4184369997824,28.652803999854665],[-81.41838099970589,28.652898000129113],[-81.41834899991885,28.65293700009245],[-81.41829299984234,28.65295300037637],[-81.41825000018464,28.65294200032927],[-81.41807500028246,28.652842999852975],[-81.41799999993938,28.65282099973447],[-81.41794999971069,28.65282099973447],[-81.41788199993861,28.65281499991631],[-81.41786299967202,28.65282099973447],[-81.41781300034162,28.65283199979427],[-81.41771399970911,28.65287499965881],[-81.41762599984557,28.65291399963072],[-81.41753899980694,28.652946999777512],[-81.41746400036217,28.65296100012332],[-81.41808699997802,28.65373099970919],[-81.41809399965072,28.65373999975178],[-81.41851100030055,28.654202000375633],[-81.41876099964749,28.654549000075438],[-81.41890399976262,28.654472000104917],[-81.41916599970344,28.654416999866093],[-81.41939699968212,28.654416999866093],[-81.41954700036827,28.65445000032813],[-81.41959699969867,28.654450999888113],[-81.41979000004251,28.654454999704534],[-81.41988299992893,28.65443699974124],[-81.41995900009691,28.65442200003233],[-81.41998099983822,28.654409000230235],[-81.42017099980902,28.65430700009018],[-81.42024199995413,28.654242999766147],[-81.42031999977193,28.65417500036447],[-81.42040500016076,28.65419500028584],[-81.42066000042888,28.65425800028904],[-81.42074499991938,28.6542789997562],[-81.42093800026322,28.653982000257326],[-81.4209499999588,28.653977000070174],[-81.4210999997466,28.653915999816558],[-81.42121899957232,28.653904999870406],[-81.4213869998018,28.65383399997539],[-81.42183600023868,28.653427000093597],[-81.42185499960692,28.653452000370137],[-81.42191099968345,28.65352600001851],[-81.42194900021659,28.65356400017985],[-81.42204799995079,28.65376199967748],[-81.42212900014164,28.653741000106784],[-81.42222600022602,28.653715000332234],[-81.42231699956429,28.653690999685622],[-81.42249800021258,28.653602999895497],[-81.42270300025199,28.653493000053924],[-81.42295299959893,28.65343800008989],[-81.42318399957762,28.653432000307046],[-81.42322100028584,28.65343800008989],[-81.42348800024955,28.653447999727177]]]},"properties":{"block_id":"121170217071006","school_id":"sch_spring_lake_elementary_school","kids_est":8,"class":"red","shortest":{"len_m":2039.5,"mean_c":37.14,"peak_c":37.2,"dose":117.6},"coolest":{"len_m":2039.5,"mean_c":37.14,"peak_c":37.2,"dose":117.6},"delta_mean_c":0.0,"delta_dose_pct":0,"distance_mi":0.778,"status_now":"walk","status_rec":"bus_eligible","reason":"Coolest route mean 37.1C exceeds threshold (110 C-min dose, actual 118).","safe_until_hour":"13:00"}},{"type":"Feature","geometry":{"type":"Polygon","coordinates":[[[-81.42400000043563,28.658786000269757],[-81.42399799988748,28.65864899991265],[-81.42360100022745,28.65884099979317],[-81.42325600044595,28.659332999606228],[-81.42243200009034,28.660466999782106],[-81.42196400028521,28.660974000196376],[-81.42261799986318,28.661298999637005],[-81.42305200023145,28.660771999767015],[-81.4229860001092,28.66074100029498],[-81.42293300040576,28.66071699968026],[-81.42283999962102,28.660547000161213],[-81.42282700010055,28.660409000237586],[-81.42288999984974,28.66024400010756],[-81.4229860001092,28.660040000046425],[-81.42303899981266,28.659931000160128],[-81.42332599986783,28.65958900006323],[-81.42337600009657,28.659484999632745],[-81.42352599988438,28.659220999653126],[-81.42369499993879,28.658989999618242],[-81.42400000043563,28.658786000269757]]]},"properties":{"block_id":"121170217081003","school_id":"sch_spring_lake_elementary_school","kids_est":2,"class":"red","shortest":{"len_m":2900.6,"mean_c":37.16,"peak_c":37.2,"dose":167.5},"coolest":{"len_m":2900.6,"mean_c":37.16,"peak_c":37.2,"dose":167.5},"delta_mean_c":0.0,"delta_dose_pct":0,"distance_mi":0.776,"status_now":"walk","status_rec":"bus_eligible","reason":"Coolest route mean 37.2C exceeds threshold (110 C-min dose, actual 168).","safe_until_hour":"11:00"}},{"type":"Feature","geometry":{"type":"Polygon","coordinates":[[[-81.37520400019082,28.661207000368105],[-81.37521699971128,28.66114500009559],[-81.37519400014506,28.661104000251225],[-81.37517999990136,28.661079999719597],[-81.37516200035803,28.661057999752995],[-81.37353200008846,28.661062000105556],[-81.37353899976115,28.661288999960274],[-81.37515999980988,28.661282000343682],[-81.37517800025155,28.661259999631213],[-81.37519300032017,28.66123599992364],[-81.37520400019082,28.661207000368105]]]},"properties":{"block_id":"121170218061008","school_id":"sch_spring_lake_elementary_school","kids_est":1,"class":"red","shortest":{"len_m":9941.6,"mean_c":36.59,"peak_c":37.2,"dose":496.0},"coolest":{"len_m":9941.6,"mean_c":36.59,"peak_c":37.2,"dose":496.0},"delta_mean_c":0.0,"delta_dose_pct":0,"distance_mi":2.168,"status_now":"bus","status_rec":"bus_eligible","reason":"Coolest route mean 36.6C exceeds threshold (110 C-min dose, actual 496).","safe_until_hour":"11:00"}},{"type":"Feature","geometry":{"type":"Polygon","coordinates":[[[-81.38638499995223,28.652775999907583],[-81.38638300030239,28.652755000139436],[-81.38637800027954,28.652693000386513],[-81.3863769995563,28.65267300017869],[-81.38637099970852,28.652608000068057],[-81.3863559996399,28.652415999809303],[-81.3863559996399,28.652406000073594],[-81.38634399994434,28.65235300027596],[-81.38634200029452,28.652344000114315],[-81.3863349997235,28.652310999777743],[-81.38633200024879,28.652301000032022],[-81.386326000401,28.652271000000862],[-81.38632399985285,28.65226199983218],[-81.38629899973849,28.65213599975428],[-81.38580699964392,28.65214100002929],[-81.38512700012666,28.65213500017224],[-81.38445299955887,28.652129999896935],[-81.38442800034282,28.651739000176867],[-81.38442800034282,28.651567999913656],[-81.38587600013919,28.6515909998823],[-81.38587600013919,28.65104100000386],[-81.38587600013919,28.65066200004862],[-81.38587600013919,28.650529000078652],[-81.38572600035135,28.650423999734294],[-81.3854269997023,28.650275999948775],[-81.38518400002806,28.650210000328617],[-81.38495100039957,28.650212999918107],[-81.38457300010779,28.650220000273734],[-81.38456399988695,28.65026799999705],[-81.38453700012278,28.650413000210175],[-81.38452899972687,28.650462000231435],[-81.3845019999627,28.65058200000983],[-81.38442099977182,28.650942999691242],[-81.38441599974895,28.65096900015311],[-81.38437300009124,28.651039999623105],[-81.38435899984755,28.651042000384678],[-81.38390500028609,28.65111800012897],[-81.38344300032875,28.651193999818236],[-81.38326599987843,28.651224999748234],[-81.38305499999124,28.65126200036476],[-81.382884000287,28.651280999674935],[-81.38240499971288,28.651280000084753],[-81.38200800005286,28.651276000147252],[-81.38202300012146,28.651942000251843],[-81.38202300012146,28.651976999871636],[-81.38202399994638,28.65203799967667],[-81.38202499977129,28.65205900037669],[-81.38202599959621,28.652082000237638],[-81.38202700031944,28.652118000181282],[-81.38212000020584,28.65211699981073],[-81.38240200023816,28.652114000275752],[-81.38249699977439,28.652114000275752],[-81.38258700018609,28.652112999905174],[-81.382700000164,28.65211200032292],[-81.38285800034772,28.652112999905174],[-81.38294899968601,28.652114000275752],[-81.38302999987685,28.652114000275752],[-81.38327299955112,28.65211699981073],[-81.38335499956686,28.652118000181282],[-81.38328199977194,28.652792000216145],[-81.38638499995223,28.652775999907583]]]},"properties":{"block_id":"121170218031006","school_id":"sch_spring_lake_elementary_school","kids_est":21,"class":"red","shortest":{"len_m":9474.1,"mean_c":36.6,"peak_c":37.2,"dose":473.6},"coolest":{"len_m":9474.1,"mean_c":36.6,"peak_c":37.2,"dose":473.6},"delta_mean_c":0.0,"delta_dose_pct":0,"distance_mi":1.655,"status_now":"walk","status_rec":"bus_eligible","reason":"Coolest route mean 36.6C exceeds threshold (110 C-min dose, actual 474).","safe_until_hour":"11:00"}},{"type":"Feature","geometry":{"type":"Polygon","coordinates":[[[-81.41043199999619,28.658332999787053],[-81.41043100017127,28.658261000213876],[-81.41043000034637,28.65819500010189],[-81.41043000034637,28.658183000292016],[-81.41042899962314,28.65807500036511],[-81.41042699997331,28.65773400004802],[-81.41042699997331,28.65772000033956],[-81.4104260001484,28.657585000014368],[-81.40979799961137,28.657588000181114],[-81.40791499962184,28.65760100037728],[-81.40728799980802,28.657606000391677],[-81.40727799976229,28.657688999964932],[-81.40726299969367,28.65782099999618],[-81.40723299955646,28.65793700034033],[-81.40721300036327,28.65801900012565],[-81.40733100036405,28.658112000140964],[-81.40740699963372,28.658173000318094],[-81.40762500009193,28.658454000326824],[-81.40771799997835,28.65857399962978],[-81.40795599962972,28.658426000312033],[-81.4082229995934,28.658372000093546],[-81.40831100035527,28.658355000325507],[-81.40884000025977,28.658355000325507],[-81.40893499979602,28.658355000325507],[-81.40987899980223,28.658340999911736],[-81.41043199999619,28.658332999787053]]]},"properties":{"block_id":"121170217054014","school_id":"sch_spring_lake_elementary_school","kids_est":2,"class":"green","shortest":{"len_m":271.9,"mean_c":37.2,"peak_c":37.2,"dose":15.9},"coolest":{"len_m":271.9,"mean_c":37.2,"peak_c":37.2,"dose":15.9},"delta_mean_c":0.0,"delta_dose_pct":0,"distance_mi":0.145,"status_now":"walk","status_rec":"walk","reason":"Shortest route already under threshold (dose 16).","safe_until_hour":null}},{"type":"Feature","geometry":{"type":"Polygon","coordinates":[[[-81.41043100017127,28.656982000223095],[-81.4104329998211,28.65684699973581],[-81.40980400035747,28.656849000386583],[-81.40791700016997,28.656858999698567],[-81.40728899963294,28.656863000211366],[-81.40728799980802,28.657011000159063],[-81.40728799980802,28.657457000176045],[-81.40728799980802,28.657606000391677],[-81.40791499962184,28.65760100037728],[-81.40979799961137,28.657588000181114],[-81.4104260001484,28.657585000014368],[-81.4104260001484,28.657511999608406],[-81.41042699997331,28.65743700008869],[-81.41043100017127,28.656994000170382],[-81.41043100017127,28.656982000223095]]]},"properties":{"block_id":"121170217054012","school_id":"sch_spring_lake_elementary_school","kids_est":4,"class":"green","shortest":{"len_m":163.9,"mean_c":37.2,"peak_c":37.2,"dose":9.5},"coolest":{"len_m":163.9,"mean_c":37.2,"peak_c":37.2,"dose":9.5},"delta_mean_c":0.0,"delta_dose_pct":0,"distance_mi":0.191,"status_now":"walk","status_rec":"walk","reason":"Shortest route already under threshold (dose 10).","safe_until_hour":null}},{"type":"Feature","geometry":{"type":"Polygon","coordinates":[[[-81.39900900038543,28.659492999669506],[-81.39901000021035,28.659304000312577],[-81.39817499998409,28.659307999943803],[-81.39567000020362,28.65932400004375],[-81.39483599980225,28.659330000277695],[-81.39483400015243,28.6595139996646],[-81.39483099977939,28.660070000219427],[-81.39482999995447,28.660255000176893],[-81.39566500018074,28.660253999883984],[-81.39817300033427,28.66025099979353],[-81.39900900038543,28.66025099979353],[-81.39900900038543,28.660060999931947],[-81.39900900038543,28.659492999669506]]]},"properties":{"block_id":"121170217054005","school_id":"sch_spring_lake_elementary_school","kids_est":2,"class":"green","shortest":{"len_m":1620.8,"mean_c":37.05,"peak_c":37.2,"dose":91.3},"coolest":{"len_m":1620.8,"mean_c":37.05,"peak_c":37.2,"dose":91.3},"delta_mean_c":0.0,"delta_dose_pct":0,"distance_mi":0.796,"status_now":"walk","status_rec":"walk","reason":"Shortest route already under threshold (dose 91).","safe_until_hour":null}},{"type":"Feature","geometry":{"type":"Polygon","coordinates":[[[-81.3990190004312,28.658696000199175],[-81.39902199990591,28.65854500012611],[-81.39818699967965,28.658550999616356],[-81.3956829997241,28.658569999970553],[-81.39484900022104,28.658576999768233],[-81.394845999848,28.658727000276023],[-81.39483800035039,28.659179000329566],[-81.39483599980225,28.659330000277695],[-81.39567000020362,28.65932400004375],[-81.39817499998409,28.659307999943803],[-81.39901000021035,28.659304000312577],[-81.39901199986018,28.659152000023628],[-81.3990190004312,28.658696000199175]]]},"properties":{"block_id":"121170217054009","school_id":"sch_spring_lake_elementary_school","kids_est":2,"class":"red","shortest":{"len_m":8119.6,"mean_c":36.67,"peak_c":37.2,"dose":413.7},"coolest":{"len_m":8119.6,"mean_c":36.67,"peak_c":37.2,"dose":413.7},"delta_mean_c":0.0,"delta_dose_pct":0,"distance_mi":0.798,"status_now":"walk","status_rec":"bus_eligible","reason":"Coolest route mean 36.7C exceeds threshold (110 C-min dose, actual 414).","safe_until_hour":"11:00"}},{"type":"Feature","geometry":{"type":"Polygon","coordinates":[[[-81.37320900004828,28.6612749999383],[-81.37319900000253,28.660787000143994],[-81.37303300032117,28.660779000205984],[-81.37253700002863,28.66075500038821],[-81.37249500019584,28.66075400010015],[-81.37237200017219,28.66075299981199],[-81.37208000009413,28.660751000023932],[-81.37208500011701,28.661351000147626],[-81.37235600027866,28.661349999865227],[-81.37252100013511,28.661349999865227],[-81.37267699977072,28.661343000252653],[-81.37280999984011,28.661329999732338],[-81.37292899966579,28.66129399979876],[-81.37320900004828,28.6612749999383]]]},"properties":{"block_id":"121170218061004","school_id":"sch_spring_lake_elementary_school","kids_est":1,"class":"red","shortest":{"len_m":9941.6,"mean_c":36.59,"peak_c":37.2,"dose":496.0},"coolest":{"len_m":9941.6,"mean_c":36.59,"peak_c":37.2,"dose":496.0},"delta_mean_c":0.0,"delta_dose_pct":0,"distance_mi":2.273,"status_now":"bus","status_rec":"bus_eligible","reason":"Coolest route mean 36.6C exceeds threshold (110 C-min dose, actual 496).","safe_until_hour":"11:00"}},{"type":"Feature","geometry":{"type":"Polygon","coordinates":[[[-81.38095199989365,28.650542999958954],[-81.38102300003877,28.650472000152533],[-81.38094799969569,28.65035400023462],[-81.3807229995648,28.649999999684272],[-81.38064899994495,28.64988299962713],[-81.38007300018478,28.649860999675948],[-81.3799069996051,28.649854999688444],[-81.37986999979519,28.6498429997124],[-81.37977500025895,28.649812000162214],[-81.37975099996949,28.64963000030379],[-81.37975500016745,28.648377999813082],[-81.3797579996422,28.647803000386705],[-81.37956500019666,28.647799000316603],[-81.3789900002614,28.647789000140627],[-81.37879799974245,28.647785999693493],[-81.37879600009263,28.648207999995584],[-81.37879100006975,28.64946400015748],[-81.37878299967385,28.649474999781138],[-81.37872800032056,28.64956899988639],[-81.37845399978586,28.649722999876744],[-81.3788150003592,28.65007699978545],[-81.3792449996312,28.650499000328832],[-81.37941399968561,28.650642000241728],[-81.37954500010517,28.65070800037828],[-81.37968200037253,28.650740999642647],[-81.3800880002534,28.650749999941873],[-81.38016199987322,28.650751999920697],[-81.38038100015635,28.650740999642647],[-81.38059299986845,28.650724999809537],[-81.38068499992997,28.65068500021597],[-81.38081100032666,28.650630999952128],[-81.38093600000012,28.650560000205296],[-81.38095199989365,28.650542999958954]]]},"properties":{"block_id":"121170218051004","school_id":"sch_spring_lake_elementary_school","kids_est":4,"class":"red","shortest":{"len_m":8327.6,"mean_c":36.64,"peak_c":37.2,"dose":420.8},"coolest":{"len_m":8327.6,"mean_c":36.64,"peak_c":37.2,"dose":420.8},"delta_mean_c":0.0,"delta_dose_pct":0,"distance_mi":1.983,"status_now":"walk","status_rec":"bus_eligible","reason":"Coolest route mean 36.6C exceeds threshold (110 C-min dose, actual 421).","safe_until_hour":"11:00"}},{"type":"Feature","geometry":{"type":"Polygon","coordinates":[[[-81.38068900012793,28.64579499961136],[-81.38068699957978,28.645710999652046],[-81.38067900008218,28.64521199987733],[-81.38067700043236,28.64508500035195],[-81.38065800016578,28.645052000096243],[-81.38062700020365,28.645034999745462],[-81.37983499963508,28.645034999745462],[-81.37985599955148,28.64552100024676],[-81.37987200034333,28.64590400000262],[-81.38059500041659,28.645882999646734],[-81.38065800016578,28.645866000219],[-81.38068199955693,28.645844000213508],[-81.38068900012793,28.64579499961136]]]},"properties":{"block_id":"121170218031019","school_id":"sch_spring_lake_elementary_school","kids_est":0,"class":"red","shortest":{"len_m":7901.5,"mean_c":36.65,"peak_c":37.2,"dose":401.0},"coolest":{"len_m":7901.5,"mean_c":36.65,"peak_c":37.2,"dose":401.0},"delta_mean_c":0.0,"delta_dose_pct":0,"distance_mi":2.059,"status_now":"bus","status_rec":"bus_eligible","reason":"Coolest route mean 36.6C exceeds threshold (110 C-min dose, actual 401).","safe_until_hour":"11:00"}},{"type":"Feature","geometry":{"type":"Polygon","coordinates":[[[-81.39901799970795,28.661727000040667],[-81.39901199986018,28.66107300008906],[-81.39901000021035,28.66085499998666],[-81.39900900038543,28.66076200004006],[-81.39900900038543,28.660733999853466],[-81.39900900038543,28.660689000269965],[-81.39888200016384,28.660673999878952],[-81.39734700032885,28.660667999722],[-81.3967320002106,28.660665999932316],[-81.39447799960197,28.660656000195193],[-81.39447000010438,28.660271000132298],[-81.39444900018796,28.65924699963884],[-81.39445000001288,28.658760000169707],[-81.3944509998378,28.658200999612173],[-81.3944519996627,28.658029000114247],[-81.3944509998378,28.65778799980692],[-81.39445000001288,28.65752999983202],[-81.39445000001288,28.656658999877095],[-81.39445599986068,28.656573000080922],[-81.39439399993638,28.656568000017266],[-81.3942890003544,28.65654500035205],[-81.39397399981182,28.656477000078457],[-81.39387000005475,28.656454999934137],[-81.39383300024481,28.65644699966554],[-81.39373699998535,28.65642099977369],[-81.39323999986789,28.656286999683036],[-81.3929160000028,28.656236999687724],[-81.39266699958245,28.656215000281332],[-81.39246099971812,28.656210000200602],[-81.39237700005252,28.656201000370014],[-81.39168099974344,28.656210000200602],[-81.39085800011107,28.656203999788136],[-81.39030200044236,28.656186999668595],[-81.39031499996285,28.656786999901367],[-81.39036500019155,28.656783999711692],[-81.39051900017735,28.65677800012032],[-81.39057000023098,28.65677600025649],[-81.39078899961576,28.656737000144496],[-81.39085100043837,28.65673599981808],[-81.39141299995485,28.656732000088663],[-81.39170699968271,28.65674000033558],[-81.39199299991297,28.656749000119888],[-81.39222999973944,28.656749000119888],[-81.39239200012115,28.656749000119888],[-81.39278499958323,28.656776999794296],[-81.39293600009428,28.65681799975442],[-81.39316500042314,28.656880999758105],[-81.3937689997724,28.65704399980469],[-81.39436299997425,28.65720600006414],[-81.39436899982202,28.657702000148564],[-81.39360200026616,28.65770599984092],[-81.39356399973299,28.65770700015814],[-81.3931770001187,28.657673999932992],[-81.39315899967704,28.657475999940235],[-81.3929529998127,28.65747400008965],[-81.39233500021973,28.65747099991963],[-81.39213000018033,28.657470000388454],[-81.3918819995849,28.657675999779684],[-81.3918740000873,28.657683999954493],[-81.3909169996623,28.657695000292463],[-81.39059500034533,28.65770000030237],[-81.39054199974356,28.65770900000427],[-81.39038500028305,28.657740000372982],[-81.39033300040452,28.6577500003882],[-81.39033300040452,28.657764999621048],[-81.39033300040452,28.657810999987728],[-81.39033300040452,28.657827000316168],[-81.39033099985637,28.657926000027828],[-81.39032800038164,28.658225000014607],[-81.3903269996584,28.658324999661694],[-81.39032599983351,28.65841600036123],[-81.39032500000859,28.65843100028708],[-81.39031599978776,28.658748999943565],[-81.39031400013793,28.658855999658144],[-81.39060899969071,28.658856999964385],[-81.39149599979551,28.658861999918884],[-81.39179200007152,28.65886399974297],[-81.3919100000723,28.65886399974297],[-81.39226599972446,28.658866000355246],[-81.39238500044846,28.65886699987312],[-81.39256000035063,28.658879000392933],[-81.39308599988209,28.658915000367603],[-81.39310799962341,28.658917000190634],[-81.39318899981426,28.65895000002457],[-81.393234999845,28.65899799969279],[-81.39325199956346,28.659015999661232],[-81.39327000000513,28.659187000389682],[-81.39325099973856,28.65973200019107],[-81.39326400015734,28.660139000032963],[-81.39329500011948,28.660673000378306],[-81.39336299989154,28.660842999693063],[-81.39353799979372,28.661074000374143],[-81.39362499983237,28.6612389999859],[-81.39362499983237,28.661410000241062],[-81.39358700019754,28.661775000013748],[-81.39700599984698,28.661744000050085],[-81.39901799970795,28.661727000040667]],[[-81.39429400037727,28.658296000089198],[-81.39427500011071,28.658466000105633],[-81.39419399991985,28.65858699970367],[-81.3941629999577,28.6585940002885],[-81.3940070003221,28.65862599991569],[-81.39381300015334,28.65862599991569],[-81.39364400009894,28.658622000258433],[-81.39278399975831,28.65859799994682],[-81.39275600016923,28.658599000255542],[-81.39240399981672,28.658614000155136],[-81.39224800018111,28.658510000333916],[-81.39216699999027,28.658512999685986],[-81.39211699976153,28.658515000304956],[-81.39197299982149,28.658565000002135],[-81.39183599955415,28.658635999846442],[-81.39179200007152,28.65863500032637],[-81.39162399984204,28.658630999881193],[-81.39140499955893,28.658574999938665],[-81.3913960002364,28.658568999661565],[-81.39123100037997,28.6584599998223],[-81.39120799991544,28.658393999835585],[-81.39118100015124,28.65831700032407],[-81.39117500030346,28.658097000169477],[-81.39123100037997,28.65798100000237],[-81.39144899993985,28.65787700034148],[-81.39159799990277,28.657864999706973],[-81.39173000014725,28.657854999702657],[-81.39328300042392,28.657849999700144],[-81.39385099978817,28.657887999870837],[-81.39405800037571,28.65792299987068],[-81.39421900003418,28.65802599996012],[-81.39426900026292,28.658135999775485],[-81.39429400037727,28.658296000089198]]]},"properties":{"block_id":"121170217053004","school_id":"sch_spring_lake_elementary_school","kids_est":3,"class":"red","shortest":{"len_m":8167.4,"mean_c":36.65,"peak_c":37.2,"dose":414.5},"coolest":{"len_m":8167.4,"mean_c":36.65,"peak_c":37.2,"dose":414.5},"delta_mean_c":0.0,"delta_dose_pct":0,"distance_mi":0.956,"status_now":"walk","status_rec":"bus_eligible","reason":"Coolest route mean 36.6C exceeds threshold (110 C-min dose, actual 414).","safe_until_hour":"11:00"}},{"type":"Feature","geometry":{"type":"Polygon","coordinates":[[[-81.40345900007974,28.657126000288407],[-81.40346499992754,28.656762999958026],[-81.40329599987312,28.656759999767615],[-81.40279000043314,28.656754000174917],[-81.40262200020365,28.65675200031057],[-81.40261999965553,28.657106999672564],[-81.40261700018078,28.658173000318094],[-81.40261600035588,28.658528999907276],[-81.4026740000822,28.658537000016985],[-81.4028499998093,28.658563999693108],[-81.40290900025884,28.65857300010911],[-81.40301499966574,28.65857399962978],[-81.40333299968306,28.658576999768233],[-81.40343899998827,28.658579000385995],[-81.40344400001113,28.658215000044642],[-81.40345900007974,28.657126000288407]]]},"properties":{"block_id":"121170217054008","school_id":"sch_spring_lake_elementary_school","kids_est":3,"class":"green","shortest":{"len_m":938.5,"mean_c":37.18,"peak_c":37.2,"dose":54.7},"coolest":{"len_m":938.5,"mean_c":37.18,"peak_c":37.2,"dose":54.7},"delta_mean_c":0.0,"delta_dose_pct":0,"distance_mi":0.45,"status_now":"walk","status_rec":"walk","reason":"Shortest route already under threshold (dose 55).","safe_until_hour":null}},{"type":"Feature","geometry":{"type":"Polygon","coordinates":[[[-81.37804799990501,28.654633000050506],[-81.37804700008009,28.654516999992172],[-81.37804500043028,28.65403399966764],[-81.37803899968416,28.652992999893147],[-81.37803500038451,28.652327999737455],[-81.37803500038451,28.652188999661593],[-81.37803399966131,28.652076999959803],[-81.37728200017403,28.652082999820173],[-81.37706799991379,28.651754000269648],[-81.37694700043828,28.65119900013817],[-81.37689399983651,28.650437000030376],[-81.3760489995645,28.650464000215706],[-81.3753659996742,28.650488999621984],[-81.37538999996366,28.650507999860498],[-81.3754710001545,28.650712000337446],[-81.3755769995614,28.650876999702536],[-81.37581599993601,28.6511479997017],[-81.37590200014974,28.651245999822805],[-81.37598199961735,28.65161399984589],[-81.37596999992178,28.652059999959455],[-81.37591200019547,28.652381000335993],[-81.37574999981376,28.65277399996737],[-81.3754920000709,28.65307700032644],[-81.37519699961982,28.653372999665205],[-81.37491700013564,28.653493999623013],[-81.37461400018694,28.653788999794987],[-81.3753580001766,28.654625999989424],[-81.37793999994996,28.654633000050506],[-81.37793999994996,28.654506999668516],[-81.37801399956982,28.654633000050506],[-81.37804799990501,28.654633000050506]]]},"properties":{"block_id":"121170218063021","school_id":"sch_spring_lake_elementary_school","kids_est":0,"class":"red","shortest":{"len_m":8755.8,"mean_c":36.62,"peak_c":37.2,"dose":440.9},"coolest":{"len_m":8755.8,"mean_c":36.62,"peak_c":37.2,"dose":440.9},"delta_mean_c":0.0,"delta_dose_pct":0,"distance_mi":2.084,"status_now":"bus","status_rec":"bus_eligible","reason":"Coolest route mean 36.6C exceeds threshold (110 C-min dose, actual 441).","safe_until_hour":"11:00"}},{"type":"Feature","geometry":{"type":"Polygon","coordinates":[[[-81.41929100027524,28.657460000346532],[-81.41925299974208,28.65688700013187],[-81.41922299960486,28.65670100021019],[-81.41918099977205,28.656439999725574],[-81.41917199955121,28.65638099998808],[-81.41904799970266,28.655874999767054],[-81.41897800028079,28.655677000318224],[-81.41889200006706,28.655429000114744],[-81.41884299966326,28.655315000040567],[-81.41871100031709,28.655004999806728],[-81.41869200005051,28.654974999760913],[-81.4186279995781,28.654869999926955],[-81.41860400018696,28.654832000238983],[-81.41853399986677,28.654718000303948],[-81.41851100030055,28.654681000118604],[-81.4183749998581,28.654504999761382],[-81.41796300012948,28.65397100031817],[-81.41782300038737,28.653808999789977],[-81.41735800005696,28.653271999665176],[-81.41712600025338,28.653024999653205],[-81.41682999997738,28.653079999833864],[-81.41677800009883,28.65309000029362],[-81.41667799964141,28.653099000391233],[-81.41659700034887,28.653107000127036],[-81.41639899998215,28.653204999993907],[-81.41634899975344,28.65323000032332],[-81.4162190000571,28.653157999610666],[-81.41619700031578,28.653144999651925],[-81.41608099996483,28.653026000015082],[-81.41600300014703,28.652972999742513],[-81.4159300003521,28.652957000249952],[-81.41585599983394,28.65294899971439],[-81.41578600041206,28.6529319998554],[-81.4156640002133,28.652892999890195],[-81.41514700000437,28.652807999733884],[-81.41507500003434,28.65279899961127],[-81.41499999969126,28.652790000276227],[-81.4149949996684,28.653866999832637],[-81.41499200019368,28.654581000148948],[-81.41402200024818,28.654577999896144],[-81.41386700043749,28.654575999990293],[-81.41324899994619,28.65457200017853],[-81.41295299967018,28.654570000272564],[-81.41271900021678,28.654568999925473],[-81.41248499986504,28.654568000366613],[-81.41225200023655,28.654567000019455],[-81.41201799988481,28.654565999672325],[-81.41086800001428,28.654561000301204],[-81.41086499964125,28.65465099998008],[-81.41086499964125,28.655450000135666],[-81.4108699996641,28.655975000079142],[-81.41092300026587,28.655976999958316],[-81.4112279998644,28.655973999745463],[-81.41150400004892,28.655973999745463],[-81.4120949998777,28.655973000199996],[-81.41210499992346,28.656363999897227],[-81.4121080002965,28.656504999825497],[-81.41210999994632,28.657140999610537],[-81.41133599981943,28.657138000219284],[-81.41087499968698,28.65713600036226],[-81.41087399986206,28.657238000114937],[-81.41087399986206,28.657416999997455],[-81.41087399986206,28.657596000362656],[-81.41087399986206,28.657774000105658],[-81.41087399986206,28.657952999861298],[-81.41087399986206,28.65848900013771],[-81.41087399986206,28.6588470000547],[-81.41087399986206,28.659026000343005],[-81.4108620001665,28.659205999840324],[-81.41082600018149,28.659205000325684],[-81.4105309997304,28.659205000325684],[-81.4105309997304,28.65916800014738],[-81.41040699988184,28.659075999796478],[-81.409960999818,28.659080000224687],[-81.40937800038512,28.659086999988308],[-81.40857099974795,28.65908099974052],[-81.40842299960994,28.65908099974052],[-81.40811800001143,28.65915800026736],[-81.40799199961474,28.65946900034565],[-81.40795200033007,28.659527999921774],[-81.40779900016919,28.659751000331216],[-81.40779900016919,28.659904000047824],[-81.40779900016919,28.65994599986919],[-81.40779900016919,28.65999699996742],[-81.40779900016919,28.66001900015671],[-81.40779900016919,28.66005299993853],[-81.40779699962106,28.660818000390737],[-81.4081439999507,28.66081700010321],[-81.40814300012578,28.661273999655187],[-81.40779599979614,28.6612749999383],[-81.40779400014632,28.661773000245244],[-81.40794099956109,28.661804999690197],[-81.40812999970699,28.6618589997168],[-81.4082710001723,28.6619000000541],[-81.40917699964535,28.66210799996107],[-81.40924799979047,28.662123999633625],[-81.40936800033938,28.66193299973718],[-81.40939299955542,28.661912000226685],[-81.40943600011146,28.661880000026144],[-81.40951499975415,28.66188499983639],[-81.40965700004438,28.661872999660712],[-81.40971200029597,28.661872999660712],[-81.41000400037402,28.66186999961659],[-81.41020699986528,28.661870999894067],[-81.4104810004,28.661804999690197],[-81.41052499988261,28.661804999690197],[-81.41092999993857,28.661810999782126],[-81.4113969999188,28.661813999827928],[-81.41196900037933,28.661818999641376],[-81.41211300031938,28.661821000197317],[-81.41242299994076,28.661824000242838],[-81.41264300004879,28.66182600001037],[-81.41272699971438,28.66182700028827],[-81.41283700021756,28.66182700028827],[-81.41342100037365,28.66182700028827],[-81.41361600036731,28.66182700028827],[-81.4138819996078,28.66182700028827],[-81.41468099984905,28.66182700028827],[-81.41494799981274,28.66182799977792],[-81.41497899977487,28.659902000243623],[-81.41498299997284,28.65941300006256],[-81.41499200019368,28.658411000385534],[-81.41498899982061,28.65818800027864],[-81.41599300010128,28.658181999979387],[-81.41640300018011,28.658188999802984],[-81.4192030004117,28.658190999639917],[-81.41929100027524,28.657460000346532]],[[-81.4147970002,28.65906099996293],[-81.41479300000204,28.659414999876084],[-81.41478100030646,28.659463999631836],[-81.41477200008563,28.65947199967021],[-81.41473000025285,28.659518000076105],[-81.41459700018346,28.659671999643038],[-81.41458499958958,28.659700000113236],[-81.41458499958958,28.65971699966318],[-81.41460300003124,28.659796000317385],[-81.41464999988692,28.659799999929845],[-81.41469500009275,28.659817999760584],[-81.41472100003202,28.659849000293907],[-81.41473000025285,28.659881999834397],[-81.41472400040504,28.659904000047824],[-81.41471500018423,28.65992999986413],[-81.4147069997883,28.65995300036326],[-81.41467900019921,28.65997499977352],[-81.41462999979541,28.659992000067074],[-81.41459499963531,28.659992000067074],[-81.41457700009197,28.660062999733157],[-81.41457700009197,28.66009100009893],[-81.41460499968106,28.66014800031374],[-81.41478100030646,28.660388999925164],[-81.41475199999415,28.66108100000463],[-81.41471500018423,28.661118000295975],[-81.41469500009275,28.66112600020812],[-81.41456000037354,28.6611109998797],[-81.41430400028051,28.661082999786398],[-81.41399299993587,28.6610490003386],[-81.41379399974424,28.661024000297154],[-81.41297699995964,28.660555999618712],[-81.41322899985472,28.66031100001017],[-81.41316799975534,28.659862999718065],[-81.41319600024275,28.65979000011018],[-81.41322499965676,28.659761000154607],[-81.4136439999564,28.659484999632745],[-81.41366900007077,28.659468000045234],[-81.41367699956837,28.659451999967274],[-81.41381100036098,28.65908099974052],[-81.41382300005657,28.659057000322274],[-81.41383200027738,28.65904100018158],[-81.41424300018113,28.65876800026181],[-81.41428800038696,28.65876800026181],[-81.41476799988767,28.659003999945323],[-81.41478499960611,28.659028000163985],[-81.4147970002,28.65906099996293]]]},"properties":{"block_id":"121170217052014","school_id":"sch_spring_lake_elementary_school","kids_est":23,"class":"red","shortest":{"len_m":2502.4,"mean_c":37.13,"peak_c":37.2,"dose":144.5},"coolest":{"len_m":2502.4,"mean_c":37.13,"peak_c":37.2,"dose":144.5},"delta_mean_c":0.0,"delta_dose_pct":0,"distance_mi":0.267,"status_now":"walk","status_rec":"bus_eligible","reason":"Coolest route mean 37.1C exceeds threshold (110 C-min dose, actual 144).","safe_until_hour":"13:00"}},{"type":"Feature","geometry":{"type":"Polygon","coordinates":[[[-81.40881299959729,28.647289000375295],[-81.4088059999246,28.646810999610288],[-81.40880500009968,28.646451999956785],[-81.40880500009968,28.646323999930235],[-81.40880500009968,28.645818999699976],[-81.4088059999246,28.645472999927648],[-81.40881099994748,28.64458899971453],[-81.40881099994748,28.64454200020005],[-81.40807799982845,28.64454499995161],[-81.4080750003537,28.64451500006687],[-81.40806699995778,28.64448700027179],[-81.4080529997141,28.644460999779643],[-81.40803500017073,28.644435999724877],[-81.40801300042945,28.644414999863454],[-81.4079959998127,28.644403000053387],[-81.40799499998778,28.64363700000741],[-81.40756399999256,28.643637999670453],[-81.40703699973785,28.643639999784895],[-81.4067930002387,28.643641000236247],[-81.40575399979795,28.643634000229895],[-81.40503300027281,28.64362900033762],[-81.40411500020586,28.643625999771483],[-81.40398700015935,28.643625999771483],[-81.40391199981629,28.64359099972988],[-81.40341899989677,28.643590000066393],[-81.40292000012948,28.64362900033762],[-81.4028010003038,28.64365599991053],[-81.40266999988425,28.643721999713097],[-81.40266999988425,28.643742999713233],[-81.40267200043237,28.64380700013828],[-81.4026730002573,28.643828999782627],[-81.40268300030303,28.64421200019798],[-81.40268499995284,28.644517000164598],[-81.4026890001508,28.644959999973683],[-81.40269499999859,28.64567900002528],[-81.40311699977298,28.645685999895207],[-81.40318200007033,28.645703000140433],[-81.40326400008607,28.645760000293425],[-81.40334100007897,28.64584499985551],[-81.40338200008685,28.645917999711934],[-81.40339399978241,28.64600000022443],[-81.40339399978241,28.646068999836892],[-81.40337799988889,28.64615899970879],[-81.4033569999725,28.646232000134994],[-81.40333299968306,28.646269000148052],[-81.40330000007108,28.646284999872666],[-81.40323499977376,28.646297000255817],[-81.40270099984639,28.646297000255817],[-81.40269199962555,28.646583999943655],[-81.40267599973203,28.64710099993519],[-81.4026880003259,28.647215999896346],[-81.40273199980852,28.64725199993369],[-81.402787999885,28.647298999810573],[-81.40296199996229,28.647321000299193],[-81.4030320002825,28.647325000387575],[-81.40333000020831,28.647342999994887],[-81.40398999963406,28.647319999882942],[-81.40431000019954,28.647309999661307],[-81.40439700023816,28.647309999661307],[-81.40465800035408,28.647309999661307],[-81.40474600021763,28.647309999661307],[-81.40515399974832,28.64731100007771],[-81.4060810000361,28.647315999794404],[-81.40637800013701,28.647319999882942],[-81.4067859996677,28.647326999643298],[-81.40702800041534,28.64731700021069],[-81.40775300013844,28.64728700033043],[-81.4079959998127,28.647277999734],[-81.40881299959729,28.647289000375295]]]},"properties":{"block_id":"121170217061009","school_id":"sch_spring_lake_elementary_school","kids_est":3,"class":"red","shortest":{"len_m":1983.1,"mean_c":37.2,"peak_c":37.2,"dose":115.7},"coolest":{"len_m":1983.1,"mean_c":37.2,"peak_c":37.2,"dose":115.7},"delta_mean_c":0.0,"delta_dose_pct":0,"distance_mi":1.017,"status_now":"walk","status_rec":"bus_eligible","reason":"Coolest route mean 37.2C exceeds threshold (110 C-min dose, actual 116).","safe_until_hour":"14:00"}},{"type":"Feature","geometry":{"type":"Polygon","coordinates":[[[-81.41914300013723,28.658915999885014],[-81.4192030004117,28.658190999639917],[-81.41640300018011,28.658188999802984],[-81.41599300010128,28.658181999979387],[-81.41498899982061,28.65818800027864],[-81.41499200019368,28.658411000385534],[-81.41498299997284,28.65941300006256],[-81.41497899977487,28.659902000243623],[-81.41494799981274,28.66182799977792],[-81.41575999957446,28.661830000333634],[-81.4164450000129,28.66183300037895],[-81.41819599975796,28.66182600001037],[-81.41900900024292,28.661822999964905],[-81.41900900024292,28.6614430000784],[-81.41903000015932,28.661095000052505],[-81.41905899957331,28.66064000029856],[-81.41912200022082,28.660024000055714],[-81.41909700010648,28.659484000120752],[-81.41914300013723,28.658915999885014]]]},"properties":{"block_id":"121170217052015","school_id":"sch_spring_lake_elementary_school","kids_est":10,"class":"red","shortest":{"len_m":2658.7,"mean_c":37.16,"peak_c":37.2,"dose":153.6},"coolest":{"len_m":2658.7,"mean_c":37.16,"peak_c":37.2,"dose":153.6},"delta_mean_c":0.0,"delta_dose_pct":0,"distance_mi":0.424,"status_now":"walk","status_rec":"bus_eligible","reason":"Coolest route mean 37.2C exceeds threshold (110 C-min dose, actual 154).","safe_until_hour":"12:00"}},{"type":"Feature","geometry":{"type":"Polygon","coordinates":[[[-81.39033300040452,28.657764999621048],[-81.39033300040452,28.6577500003882],[-81.39033000003145,28.65757100028601],[-81.39032300035876,28.65703600036932],[-81.39032099981063,28.656858000161538],[-81.39024899984061,28.656860000023865],[-81.39015199975623,28.656863999748346],[-81.39003399975545,28.65686800026095],[-81.38996299961033,28.65687099965999],[-81.38981500037066,28.656875999709143],[-81.38972800033201,28.656880000221292],[-81.38937099995664,28.65687000012309],[-81.38933499997162,28.65686899979788],[-81.38924200008522,28.65680799965029],[-81.38916900029027,28.65668600003688],[-81.38916099989434,28.65667099986137],[-81.38912300025952,28.65643400011457],[-81.38912999993221,28.656267000160792],[-81.38913599978,28.656125999912444],[-81.3901070004487,28.656158999836624],[-81.390121999619,28.65540600019965],[-81.38919900042751,28.65539400007061],[-81.38910900001581,28.65525100033183],[-81.38908100042671,28.655094999892743],[-81.38906999965778,28.654711000248604],[-81.38908599955128,28.654527999874116],[-81.3892060001002,28.65415400008819],[-81.38917900033601,28.654007999965735],[-81.38913599978,28.653906000223895],[-81.38909599959702,28.65377299963862],[-81.388987999642,28.65377299963862],[-81.3889940003881,28.654373999845593],[-81.38901399958125,28.65657399962066],[-81.38902600017515,28.658027999800158],[-81.38903500039596,28.659096000359426],[-81.39030699956693,28.659099999998578],[-81.39030699956693,28.659075999796478],[-81.39031099976489,28.65894300025174],[-81.39031099976489,28.658925000270752],[-81.39031300031301,28.65887300013317],[-81.39031400013793,28.658855999658144],[-81.39031599978776,28.658748999943565],[-81.39032500000859,28.65843100028708],[-81.39032599983351,28.65841600036123],[-81.3903269996584,28.658324999661694],[-81.39032800038164,28.658225000014607],[-81.39033099985637,28.657926000027828],[-81.39033300040452,28.657827000316168],[-81.39033300040452,28.657810999987728],[-81.39033300040452,28.657764999621048]]]},"properties":{"block_id":"121170217055006","school_id":"sch_spring_lake_elementary_school","kids_est":5,"class":"red","shortest":{"len_m":7624.4,"mean_c":36.67,"peak_c":37.2,"dose":389.2},"coolest":{"len_m":7624.4,"mean_c":36.67,"peak_c":37.2,"dose":389.2},"delta_mean_c":0.0,"delta_dose_pct":0,"distance_mi":1.252,"status_now":"walk","status_rec":"bus_eligible","reason":"Coolest route mean 36.7C exceeds threshold (110 C-min dose, actual 389).","safe_until_hour":"11:00"}},{"type":"Feature","geometry":{"type":"Polygon","coordinates":[[[-81.39463199958777,28.655702000058216],[-81.39463199958777,28.65538500016999],[-81.39461300021951,28.65511599998056],[-81.39459599960276,28.655004000252042],[-81.39456999966347,28.654818000143003],[-81.39456499964062,28.654773999941767],[-81.39454799992218,28.654629000240917],[-81.39454500044744,28.654604000245016],[-81.39455999961774,28.654534999941674],[-81.39445900023372,28.65452499961975],[-81.39399999975109,28.654479000176202],[-81.39394100019985,28.65454599982172],[-81.39396899978895,28.654910000289046],[-81.39397100033709,28.654939000009847],[-81.39399599955313,28.655267999814907],[-81.39402599969034,28.65566199999834],[-81.39376999959731,28.656344999931527],[-81.39373699998535,28.65642099977369],[-81.39383300024481,28.65644699966554],[-81.39387000005475,28.656454999934137],[-81.39397399981182,28.656477000078457],[-81.3942890003544,28.65654500035205],[-81.39439399993638,28.656568000017266],[-81.39443999996713,28.65644100005487],[-81.3945780000594,28.65606100036585],[-81.39462499991507,28.65593500012341],[-81.39463199958777,28.655754000192108],[-81.39463199958777,28.655702000058216]]]},"properties":{"block_id":"121170217061012","school_id":"sch_spring_lake_elementary_school","kids_est":1,"class":"red","shortest":{"len_m":7847.8,"mean_c":36.67,"peak_c":37.2,"dose":399.9},"coolest":{"len_m":7847.8,"mean_c":36.67,"peak_c":37.2,"dose":399.9},"delta_mean_c":0.0,"delta_dose_pct":0,"distance_mi":1.002,"status_now":"walk","status_rec":"bus_eligible","reason":"Coolest route mean 36.7C exceeds threshold (110 C-min dose, actual 400).","safe_until_hour":"11:00"}},{"type":"Feature","geometry":{"type":"Polygon","coordinates":[[[-81.41093400013652,28.65105200025046],[-81.41093900015939,28.65096500020377],[-81.41010399993313,28.65095399994806],[-81.40759999997756,28.650922000344334],[-81.40745199983957,28.65092099996237],[-81.40676599957621,28.650897999846787],[-81.40678300019296,28.650395999940002],[-81.40679800026157,28.649967999789446],[-81.40681699962984,28.64924800036209],[-81.40681699962984,28.64921699984762],[-81.40681099978205,28.64888999999155],[-81.40680300028446,28.648389000338998],[-81.4067990000865,28.648176000342264],[-81.40678900004073,28.647539000161764],[-81.4067859996677,28.647326999643298],[-81.40637800013701,28.647319999882942],[-81.4060810000361,28.647315999794404],[-81.40515399974832,28.64731100007771],[-81.40474600021763,28.647309999661307],[-81.40465800035408,28.647309999661307],[-81.40439700023816,28.647309999661307],[-81.40431000019954,28.647309999661307],[-81.40398999963406,28.647319999882942],[-81.40333000020831,28.647342999994887],[-81.4030320002825,28.647325000387575],[-81.40296199996229,28.647321000299193],[-81.402787999885,28.647298999810573],[-81.40273199980852,28.64725199993369],[-81.4026880003259,28.647215999896346],[-81.40267599973203,28.64710099993519],[-81.40269199962555,28.646583999943655],[-81.40270099984639,28.646297000255817],[-81.40269499999859,28.64567900002528],[-81.4026890001508,28.644959999973683],[-81.40268499995284,28.644517000164598],[-81.40268300030303,28.64421200019798],[-81.4026730002573,28.643828999782627],[-81.40267200043237,28.64380700013828],[-81.40266999988425,28.643742999713233],[-81.40266999988425,28.643721999713097],[-81.40260200011218,28.64366700014326],[-81.40244599957825,28.643639999784895],[-81.40189099973448,28.643627000223024],[-81.4016969995657,28.64362299999365],[-81.4004139996258,28.643646000127898],[-81.40036299957217,28.643644999676585],[-81.40031200041685,28.64364800024219],[-81.3994910004343,28.643662000252615],[-81.39869100036813,28.64367699992389],[-81.39778400017184,28.643763000047347],[-81.39651700012544,28.643756000049137],[-81.39651700012544,28.64291699969139],[-81.39650500042988,28.642642000231913],[-81.39650600025479,28.642435999688676],[-81.3965070000797,28.642354000331956],[-81.39651899977527,28.64179699997661],[-81.39652200014831,28.641201999921027],[-81.39651999960019,28.640185000297933],[-81.39574499964836,28.640191000050194],[-81.39342200034108,28.640206999913453],[-81.392649999864,28.640212999664453],[-81.39244499982459,28.640212999664453],[-81.39183599955415,28.64020999978903],[-81.39163300006287,28.64020999978903],[-81.39158299983416,28.64020999978903],[-81.39161700016935,28.640299000262583],[-81.39167800026873,28.64054900015238],[-81.39176500030734,28.64096400021528],[-81.39179899974422,28.64115399999067],[-81.39182100038384,28.6412640001598],[-81.39187599973711,28.641546000224196],[-81.39189500000369,28.641641000022084],[-81.39193299963851,28.64184300025242],[-81.39194400040749,28.64188800004002],[-81.39198799989012,28.642101999869436],[-81.39208699962433,28.642584000288284],[-81.3921490004469,28.642865999957873],[-81.39211199973867,28.64288599967085],[-81.39206099968504,28.64291399989323],[-81.39188699960776,28.642970000315664],[-81.39175299971346,28.64301499961981],[-81.39123999970248,28.643308999644102],[-81.39069699955427,28.6436010003061],[-81.39031599978776,28.643791000035677],[-81.39025700023653,28.643821999788834],[-81.39026399990922,28.64383399966531],[-81.39029499987136,28.64394999971507],[-81.39029900006932,28.644200000364673],[-81.39030099971914,28.64433499978977],[-81.39030099971914,28.6444019996093],[-81.39030099971914,28.644455999926844],[-81.39030200044236,28.644494999876148],[-81.39030499991709,28.644576999924347],[-81.39031400013793,28.644813999664873],[-81.39031199958981,28.644865999679418],[-81.39030699956693,28.645000999824042],[-81.39031300031301,28.645148999958174],[-81.39031300031301,28.645162000119758],[-81.3903180003359,28.645647000388728],[-81.39031999998572,28.645809000123602],[-81.3903190001608,28.646265999657434],[-81.3903190001608,28.64636500003579],[-81.3903190001608,28.64703099979427],[-81.39031400013793,28.647264999834686],[-81.39030800029016,28.6476380001269],[-81.39030599974201,28.647757000359476],[-81.39031099976489,28.648095999983767],[-81.3903190001608,28.64856200028812],[-81.39032099981063,28.64868799993023],[-81.39032099981063,28.648698999635272],[-81.3904320001387,28.648698999635272],[-81.39057899955348,28.64870000003843],[-81.39145399996272,28.64870200005629],[-81.3921979999524,28.648704000074172],[-81.39219399975444,28.648679999857368],[-81.39218000040904,28.6485890001679],[-81.39210900026393,28.64823099991279],[-81.39204599961643,28.64816000011777],[-81.39199000043824,28.648077000096617],[-81.39198100021741,28.648037999902538],[-81.39197100017167,28.647994999631244],[-81.3919589995778,28.64790699979122],[-81.39199700011095,28.64787399963504],[-81.39200299995873,28.64781899987731],[-81.39199700011095,28.647785999693493],[-81.39195299973,28.64776899978584],[-81.39194000020953,28.647724999780248],[-81.39198399969216,28.6476040002609],[-81.39202800007308,28.64754300024179],[-81.39200299995873,28.647499000141327],[-81.39199000043824,28.647455000022454],[-81.39199700011095,28.647410999885135],[-81.3920430001417,28.6473230003434],[-81.39205300018743,28.64730699998878],[-81.39205300018743,28.647279000150697],[-81.39202800007308,28.647190999709856],[-81.39200299995873,28.647141999737013],[-81.3919660001488,28.647092000111154],[-81.3919100000723,28.64704799982149],[-81.3918530001709,28.647026000063924],[-81.39179100024663,28.646944000353553],[-81.39179100024663,28.64690000000185],[-81.39180999961488,28.646833000201262],[-81.39182200020876,28.646745000174576],[-81.39187200043746,28.646685000078236],[-81.39193500018666,28.6466460001549],[-81.39204099959356,28.646624000313],[-81.39223999978519,28.646624999947573],[-81.39257700006908,28.64666899962628],[-81.39268900022208,28.64669599999336],[-81.39280800004775,28.646702000161596],[-81.39292000020076,28.64672899973183],[-81.39303200035374,28.646767999624306],[-81.39317600029379,28.646794999965902],[-81.39330099996727,28.64682299993319],[-81.39340700027249,28.646867000317258],[-81.39353799979372,28.646889000108114],[-81.39369400032764,28.646895000265307],[-81.39379300006185,28.64691099989443],[-81.3939370000019,28.646921999785864],[-81.39400499977394,28.6469389998308],[-81.39409299963752,28.6469389998308],[-81.39424199960041,28.64691099989443],[-81.39436700017221,28.646917000050365],[-81.3944299999214,28.64691099989443],[-81.3944729995791,28.646944000353553],[-81.39457300003653,28.6469389998308],[-81.39468500018951,28.646917000050365],[-81.39475999963429,28.646884000371063],[-81.39486599993948,28.646824000354236],[-81.39489100005385,28.646850999893047],[-81.39506000010824,28.646895000265307],[-81.39526500014766,28.64701100008323],[-81.39533999959241,28.647049000240397],[-81.3954090000877,28.647092999741222],[-81.39552700008848,28.647137000012012],[-81.39573299995281,28.64718100026429],[-81.39583900025802,28.647230999847718],[-81.3959020000072,28.647292000048285],[-81.39595700025879,28.647372999859133],[-81.39596999977927,28.64739100024662],[-81.39603900027456,28.647478999731288],[-81.39612600031319,28.647621999820323],[-81.39619499991018,28.64765500005579],[-81.39630700006316,28.647699000090743],[-81.39648100014043,28.64781400018458],[-81.3965499997374,28.64784700035963],[-81.39665600004261,28.647908000201873],[-81.39680599983043,28.64800200013498],[-81.39689299986908,28.648095000363217],[-81.39691799998343,28.64815600006128],[-81.39692399983122,28.648199999886117],[-81.39692399983122,28.648348000236307],[-81.39693600042511,28.648490999928832],[-81.39696700038724,28.64857700004699],[-81.39697400005993,28.64859599984356],[-81.39703000013643,28.648722000233157],[-81.39717999992426,28.649003000344035],[-81.39717300025157,28.649058000269164],[-81.39707299979413,28.649080000388842],[-81.39708000036515,28.649135000273642],[-81.39712300002284,28.649162999616205],[-81.39716099965767,28.64916800003298],[-81.3972669999629,28.649196000155147],[-81.39729799992503,28.64915199995988],[-81.39735400000153,28.64920699980692],[-81.39738499996366,28.64927799968143],[-81.39743500019239,28.649361000328785],[-81.39749700011666,28.649526000242886],[-81.39750999963714,28.649674999904008],[-81.39750999963714,28.64975200024378],[-81.39752600042898,28.64980200017819],[-81.39755300019316,28.649884000018993],[-81.39784000024835,28.650048999898505],[-81.39788999957874,28.650098000089862],[-81.39799599988395,28.650141999888223],[-81.3980839997475,28.65016999975032],[-81.39820199974827,28.650218999885144],[-81.39832700032007,28.65030799974962],[-81.39841400035868,28.650384999624652],[-81.39850800007001,28.65048400005654],[-81.39855699957552,28.650554999854894],[-81.39863199991858,28.650593999901307],[-81.39873200037601,28.650671000354638],[-81.39878199970642,28.650753000304277],[-81.39887600031605,28.650763999792733],[-81.39892499982153,28.65077500006833],[-81.39899400031683,28.650847000052263],[-81.3990689997616,28.650874999726152],[-81.39913099968587,28.65088599999009],[-81.39918099991458,28.651000999742553],[-81.39925600025767,28.651023000242915],[-81.3993309997024,28.651066999653175],[-81.39945600027418,28.651083999814507],[-81.39955500000839,28.651083999814507],[-81.39967399983408,28.65108900013968],[-81.39975500002494,28.65116099990809],[-81.39980500025365,28.651193999818236],[-81.40001100011797,28.651529999817303],[-81.40012900011875,28.651684000081172],[-81.40036599994521,28.652058000005578],[-81.4003850002118,28.652073999635363],[-81.40045299998384,28.652063000284304],[-81.40052800032691,28.65202500036732],[-81.40064700015262,28.651936999967354],[-81.40079600011552,28.651809999913798],[-81.40091499994121,28.651623000070206],[-81.40105899988126,28.651502000318356],[-81.40119000030083,28.65147999991845],[-81.40123600033158,28.651487000189547],[-81.40128900003504,28.65149700001289],[-81.40135199978423,28.651567999913656],[-81.40137699989857,28.651668000391872],[-81.40135199978423,28.651794000243775],[-81.4012580000729,28.651881999975444],[-81.40118299972981,28.652042000373402],[-81.40106499972903,28.65216799977587],[-81.40090900009342,28.65217399963105],[-81.40078400041996,28.652152000160488],[-81.40062799988604,28.65216799977587],[-81.4005409998474,28.65227299995063],[-81.40050300021255,28.65248699987616],[-81.40045299998384,28.652525999992378],[-81.40030599967075,28.652645000196635],[-81.40025700016527,28.652684999830836],[-81.40000400044528,28.652889000014234],[-81.39974800035223,28.653109000060866],[-81.39957299955175,28.653223999740312],[-81.39944100020558,28.653337000152476],[-81.39937400025843,28.6533949996679],[-81.39906200008889,28.65353199979597],[-81.39877500003372,28.65364200038488],[-81.3985060004202,28.65370800020987],[-81.39822000018994,28.653697000241962],[-81.39794499983033,28.653608999668556],[-81.3977890001947,28.65354299978124],[-81.39745899958352,28.653284000037093],[-81.39701599989272,28.652788999912087],[-81.39690999958752,28.652705999613016],[-81.3967670003707,28.652630999808654],[-81.39663599995113,28.652552000061753],[-81.39644799963015,28.65243099980524],[-81.396168000146,28.65229300023478],[-81.39612399976505,28.652276999850088],[-81.39596800012944,28.652248999762282],[-81.3958180003416,28.65222700030747],[-81.39514600032197,28.65185599973993],[-81.39492799986378,28.65193500001112],[-81.39473399969502,28.651672000314424],[-81.39454500044744,28.651600999695727],[-81.3945429998993,28.65280700015823],[-81.39454100024948,28.65338399966717],[-81.39505799956011,28.653653000358602],[-81.39493799990952,28.653823000020687],[-81.39491699999311,28.653855000315765],[-81.39476300000732,28.65409800011929],[-81.39469100003731,28.654224000204405],[-81.39465699970212,28.65428500027883],[-81.39458200025736,28.654432999924182],[-81.39455999961774,28.654534999941674],[-81.39454500044744,28.654604000245016],[-81.39454799992218,28.654629000240917],[-81.39456499964062,28.654773999941767],[-81.39456999966347,28.654818000143003],[-81.39459599960276,28.655004000252042],[-81.39461300021951,28.65511599998056],[-81.39463199958777,28.65538500016999],[-81.39463199958777,28.655702000058216],[-81.39463199958777,28.655754000192108],[-81.39462499991507,28.65593500012341],[-81.3945780000594,28.65606100036585],[-81.39443999996713,28.65644100005487],[-81.39439399993638,28.656568000017266],[-81.39445599986068,28.656573000080922],[-81.39454700009726,28.656580000011957],[-81.39460599964849,28.65658500007503],[-81.39481900008384,28.65658500007503],[-81.39485000004596,28.656583000207522],[-81.39551100019496,28.656545999892057],[-81.39611600026744,28.65655799988924],[-81.39622099984942,28.65655299982487],[-81.39667799978392,28.65653599976192],[-81.39689299986908,28.65652300022199],[-81.39697700043298,28.656518999696218],[-81.39719499999286,28.656463999742908],[-81.39744500023814,28.65636000015369],[-81.39750200013954,28.65632000034485],[-81.39768200006459,28.656200000038496],[-81.39791300004327,28.65606699999825],[-81.39793200030985,28.65605699982244],[-81.39829999965755,28.65579900031746],[-81.39856099977348,28.65560099993679],[-81.39877400020879,28.65544100023985],[-81.3988930000345,28.655353000341854],[-81.3989859999209,28.655286999975715],[-81.39926100028052,28.655103999818266],[-81.39938500012907,28.655022999672454],[-81.39958000012275,28.654930999625567],[-81.3996909995525,28.654880000215993],[-81.39992200042951,28.654809000192927],[-81.40020199991369,28.65475799993571],[-81.40041500034901,28.65472099976449],[-81.40068800016049,28.65470400019274],[-81.40077000017625,28.654699000040015],[-81.40120700001926,28.654577999896144],[-81.40145999973925,28.654441999906535],[-81.40147499980786,28.65443499983277],[-81.40166899997662,28.654265000374625],[-81.4017379995736,28.654204000288622],[-81.4017739995586,28.654148000346364],[-81.40193699976523,28.653906999789054],[-81.40199500038986,28.65373200006427],[-81.40203700022265,28.653610000024806],[-81.40203800004757,28.653580999936437],[-81.40226200035355,28.653704000365],[-81.40353400042282,28.65458399961342],[-81.40400200022796,28.655047000014164],[-81.4040549999314,28.655110000293732],[-81.40419600039672,28.655452000024788],[-81.40487699973889,28.655381000389088],[-81.40597899992883,28.65472799981916],[-81.40607299964019,28.654672999714645],[-81.40631600021274,28.654547000169043],[-81.40654700019141,28.6543759997553],[-81.4067720003223,28.65419399993512],[-81.40688399957699,28.65413400015906],[-81.40695899992005,28.654056999883704],[-81.40698999988221,28.654006999613223],[-81.40720199959429,28.653924999843273],[-81.40722000003596,28.653919999653347],[-81.4073770003948,28.653872000025103],[-81.40745799968734,28.653848000202753],[-81.40762599991682,28.653764999953626],[-81.40784199982689,28.653712000054586],[-81.40800199966047,28.653673999946932],[-81.40813300008004,28.653641000028937],[-81.40852800009024,28.653546000063663],[-81.40866299980947,28.653566999673416],[-81.40876800028975,28.653582999861207],[-81.40891100040488,28.653606000176186],[-81.40908399975893,28.6536210000019],[-81.40919099988905,28.653630999621736],[-81.40934700042298,28.653644999876196],[-81.4094040003244,28.653650000079264],[-81.40951599957909,28.653682999994423],[-81.40965399967133,28.65374899979362],[-81.40976599982432,28.653821000100436],[-81.4097790002431,28.653824000374904],[-81.40986600028177,28.653848000202753],[-81.40992800020602,28.65387500029811],[-81.40997699971152,28.65389599984196],[-81.41006399975016,28.653933000304317],[-81.41010899995601,28.653953000271855],[-81.4104329998211,28.65404700030449],[-81.41049200027064,28.65405899979944],[-81.41063799986051,28.654091000022497],[-81.41074499999064,28.653931000386166],[-81.41080100006714,28.65374899979362],[-81.41084500044806,28.653611999949078],[-81.41088899993068,28.65328200010656],[-81.4108699996641,28.65296300005992],[-81.41087899988494,28.65261300032055],[-81.41088899993068,28.652231000208687],[-81.41070300015785,28.652231999789812],[-81.41014499994102,28.65223900001066],[-81.40995999999308,28.652242000330443],[-81.40978000006803,28.652242000330443],[-81.40924000029285,28.652246000231084],[-81.40906100019272,28.65224699981207],[-81.40888000044275,28.652244999861754],[-81.40833700029455,28.652242000330443],[-81.40815700036948,28.652240999961077],[-81.40797800026935,28.652235999690834],[-81.40744299961872,28.65222299961777],[-81.4072650002418,28.652218999716265],[-81.40726600006671,28.652084000191056],[-81.4072710000896,28.651674000275655],[-81.40730299987663,28.651550999830718],[-81.40730899972442,28.65152599988936],[-81.4073840000675,28.651431999961602],[-81.4078269997583,28.651405000025527],[-81.40797200042155,28.65140399964817],[-81.41017799955297,28.651399999715416],[-81.41091400004504,28.651399999715416],[-81.41091900006792,28.651312999957444],[-81.41093400013652,28.65105200025046]],[[-81.40620400005973,28.653038999988592],[-81.40618499979317,28.653390999811098],[-81.40618499979317,28.65358899963541],[-81.40609799975452,28.6538309997012],[-81.40590399958576,28.65405100013634],[-81.40587400034686,28.654065999898318],[-81.40557999972067,28.65422200029185],[-81.40524300033508,28.654413999608547],[-81.40497499964818,28.654486000247093],[-81.40475500043847,28.654475999920486],[-81.40469400033909,28.654474000012677],[-81.40463800026261,28.654463000125137],[-81.4043639997279,28.65439699998708],[-81.40402700034232,28.65421000002723],[-81.4036459996775,28.653930000032968],[-81.40347199960021,28.653815999905536],[-81.40295199991655,28.653476000283135],[-81.40277899966419,28.653363000020764],[-81.40303499975722,28.653048999663923],[-81.40330400026905,28.652790000276227],[-81.40364700040072,28.65259199973149],[-81.40380300003635,28.652550000117316],[-81.4042020002445,28.652443999852505],[-81.40501300018133,28.652361999648562],[-81.4055119999486,28.652366999912758],[-81.40577399988942,28.652378000020242],[-81.40606699979239,28.652499000337908],[-81.40610500032552,28.652537999661345],[-81.40617899994537,28.652714000167087],[-81.40620400005973,28.653038999988592]],[[-81.40149099970138,28.64642399989039],[-81.40150300029526,28.646863999843685],[-81.40119100012572,28.646859999737757],[-81.40047999974803,28.646852999946184],[-81.40023399970075,28.646852000313775],[-81.39995599986638,28.646852000313775],[-81.39966899981121,28.646902000054094],[-81.3995130001756,28.646957000292716],[-81.3992820001969,28.647038999992922],[-81.39917000004392,28.646846999786636],[-81.39910200027185,28.64654999973597],[-81.39910200027185,28.646456999714434],[-81.39910200027185,28.64622500030155],[-81.39908899985306,28.645614000309845],[-81.39913900008179,28.6453560003388],[-81.39927700017405,28.64516800037575],[-81.39956400022922,28.64499300025827],[-81.3997380003065,28.644937999778158],[-81.39984399971338,28.6449050002646],[-81.40035000005169,28.644849999738334],[-81.4005490002433,28.644883000057536],[-81.40065499965021,28.644926999678663],[-81.40078600006979,28.644986999992263],[-81.40091699959103,28.645124999716202],[-81.40095400029925,28.64517199975781],[-81.40105399985838,28.645301000049024],[-81.40132199964698,28.64579100025299],[-81.40139699999006,28.64596700025661],[-81.40147200033314,28.64617599987735],[-81.40149099970138,28.64642399989039]],[[-81.40009300013375,28.648667999746877],[-81.40008499973783,28.648993999894817],[-81.40007999971495,28.6492289998953],[-81.40007999971495,28.649674999904008],[-81.40006100034668,28.649862000068026],[-81.40001899961558,28.649963999801912],[-81.40000500027018,28.649999999684272],[-81.39981799977411,28.650220000273734],[-81.3995690002521,28.650044000312082],[-81.39929399989249,28.649850999696607],[-81.39891300012597,28.649564999883637],[-81.3988300002853,28.64951000022435],[-81.39871399993434,28.649432999706914],[-81.3985830004131,28.649333999859493],[-81.39839900029007,28.64914199991293],[-81.39823400043363,28.64896999974437],[-81.39815900009057,28.648794000049975],[-81.39812800012842,28.64857399962239],[-81.39813800017417,28.648429999637315],[-81.398139999824,28.6484089997872],[-81.39820299957319,28.648172999906212],[-81.39839099989416,28.64802300006658],[-81.39844600014574,28.647979999789154],[-81.39866399970563,28.647919999610973],[-81.3989640001796,28.647887000247298],[-81.39908600037835,28.64787500004606],[-81.39932599967953,28.647854000084816],[-81.39958099994767,28.64786499987735],[-81.39960000021424,28.647866999911198],[-81.39974400015427,28.647887000247298],[-81.39990599963768,28.647946999656],[-81.4000620001716,28.64811800030527],[-81.4000770002402,28.64839300038661],[-81.40009300013375,28.648667999746877]],[[-81.39807299987685,28.644178000009802],[-81.39807000040211,28.644538999660046],[-81.39806200000619,28.645625999981394],[-81.39806000035637,28.64598799980736],[-81.39806100018127,28.646153999936878],[-81.39806500037923,28.64665500001719],[-81.39799699970885,28.646807999923485],[-81.39788499955586,28.64686300021139],[-81.39729000042743,28.646878999845384],[-81.39668100015697,28.646895999897296],[-81.39640699962229,28.646818000192983],[-81.39593899981713,28.646549000100688],[-81.3955279999134,28.646393999754704],[-81.39524800042922,28.646332000182866],[-81.39505400026047,28.64628999963828],[-81.39453600022661,28.64623499983827],[-81.39449199984567,28.645800000188714],[-81.39448699982282,28.64571899995138],[-81.39443699959409,28.644869999861374],[-81.39449900041669,28.64474900020185],[-81.394817000434,28.64445700037046],[-81.39492500038904,28.644375000228397],[-81.39508600004751,28.64425399999789],[-81.39525400027699,28.644210000094507],[-81.39539700039214,28.644210000094507],[-81.39551799986765,28.644210000094507],[-81.39588100009081,28.644210000094507],[-81.39600199956632,28.644210000094507],[-81.3964159998431,28.644203000126065],[-81.39765799977513,28.644184000322028],[-81.39807299987685,28.644178000009802]],[[-81.39476200018242,28.642064000285277],[-81.39478100044899,28.642806999678754],[-81.39469299968714,28.64300499977614],[-81.39449299967059,28.643170000228736],[-81.39440599963196,28.643220000147434],[-81.39419399991985,28.64334599989985],[-81.39401900001766,28.64341699980007],[-81.39374500038127,28.64343900031462],[-81.39377399979529,28.643120000286196],[-81.3937820001912,28.643042999807815],[-81.39379499971169,28.642625000278933],[-81.39376999959731,28.642355000007225],[-81.39369299960443,28.642179000250184],[-81.39368299955869,28.642157000259804],[-81.39350799965649,28.641920000034943],[-81.39365800034264,28.641809999765268],[-81.39380800013046,28.64173900035414],[-81.39413199999557,28.64173299990207],[-81.39416600033076,28.64173299990207],[-81.39456899983858,28.641745000017522],[-81.39466199972499,28.64178299971729],[-81.39474299991585,28.64188800004002],[-81.39476200018242,28.642064000285277]],[[-81.39317299992074,28.6457349997599],[-81.39318200014158,28.646053000079338],[-81.39302599960766,28.646129999924916],[-81.39298700014791,28.646134999697907],[-81.39295799983559,28.646140000259052],[-81.3927829999334,28.646096000358444],[-81.39255199995472,28.645985999737686],[-81.39241499968738,28.645952999765456],[-81.39238399972523,28.64595099969517],[-81.39217200001312,28.645941999772408],[-81.39191799956991,28.645980999957583],[-81.3917479996906,28.646007999713397],[-81.39142999967329,28.646134999697907],[-81.3911989996946,28.646243999735844],[-81.39107400002112,28.646265999657434],[-81.39095500019543,28.64631000027512],[-81.39095000017258,28.646022000197213],[-81.39094299960156,28.645561999877888],[-81.39094799962442,28.645159000385856],[-81.39095000017258,28.645077999653527],[-81.39089400009607,28.644880000315645],[-81.39099899967806,28.64483700032642],[-81.39112500007475,28.644785999949665],[-81.3913049999998,28.644686000004622],[-81.39140499955893,28.64463199980542],[-81.39170699968271,28.64449099967988],[-81.39199799993585,28.644357000111764],[-81.3922909998388,28.64430800039168],[-81.39244700037274,28.644313999908128],[-81.39259700016056,28.644336000234542],[-81.3926709997804,28.644355000010986],[-81.39272100000912,28.64436899992711],[-81.39297100025438,28.644501000170283],[-81.39309599992785,28.644736999641605],[-81.39310500014867,28.644785999949665],[-81.39312699988999,28.644901999734962],[-81.39317000044602,28.645590000174323],[-81.39317299992074,28.6457349997599]]]},"properties":{"block_id":"121170217061001","school_id":"sch_spring_lake_elementary_school","kids_est":39,"class":"red","shortest":{"len_m":9323.1,"mean_c":36.71,"peak_c":37.2,"dose":480.3},"coolest":{"len_m":9323.1,"mean_c":36.71,"peak_c":37.2,"dose":480.3},"delta_mean_c":0.0,"delta_dose_pct":0,"distance_mi":0.971,"status_now":"walk","status_rec":"bus_eligible","reason":"Coolest route mean 36.7C exceeds threshold (110 C-min dose, actual 480).","safe_until_hour":"10:00"}},{"type":"Feature","geometry":{"type":"Polygon","coordinates":[[[-81.37475099955597,28.65589700003307],[-81.37476099960172,28.65550600017077],[-81.37401400013732,28.655508000058887],[-81.37401499996221,28.655992999778334],[-81.37359700038579,28.655994000111903],[-81.37318899995678,28.655994999657164],[-81.37319200032985,28.655787999780614],[-81.37318499975883,28.655509999946954],[-81.37382400016651,28.655504000282683],[-81.37398400000008,28.655506999720675],[-81.37398300017516,28.654622999737906],[-81.37388500026587,28.65428399992895],[-81.37382599981633,28.654177999840506],[-81.37379599967912,28.654170000186454],[-81.37360099968544,28.654172999662617],[-81.37338300012554,28.65423300020468],[-81.37335800001118,28.654267000286403],[-81.37321499989605,28.65447000019703],[-81.37317700026124,28.654672999714645],[-81.37297800006958,28.654894000303692],[-81.37284099980225,28.65510300026457],[-81.37270400043322,28.65535000011115],[-81.37264800035672,28.65555399983928],[-81.37272199997655,28.65573599966358],[-81.37290500027466,28.655902000128737],[-81.37291600014532,28.655912000319333],[-81.37312799985743,28.65605499994486],[-81.3734149999126,28.65606000003298],[-81.37349500027854,28.65610199981772],[-81.37355300000485,28.656089999768337],[-81.3735689998984,28.65609699973161],[-81.37422300037467,28.65616799967081],[-81.37422599984943,28.656136999625577],[-81.37430700004028,28.656053999611864],[-81.37439900010177,28.656020999654633],[-81.37475099955597,28.65589700003307]]]},"properties":{"block_id":"121170218063020","school_id":"sch_spring_lake_elementary_school","kids_est":0,"class":"red","shortest":{"len_m":8673.0,"mean_c":36.62,"peak_c":37.2,"dose":436.9},"coolest":{"len_m":8673.0,"mean_c":36.62,"peak_c":37.2,"dose":436.9},"delta_mean_c":0.0,"delta_dose_pct":0,"distance_mi":2.234,"status_now":"bus","status_rec":"bus_eligible","reason":"Coolest route mean 36.6C exceeds threshold (110 C-min dose, actual 437).","safe_until_hour":"11:00"}},{"type":"Feature","geometry":{"type":"Polygon","coordinates":[[[-81.37500900019714,28.658763999821694],[-81.37503000011354,28.657926000027828],[-81.375006999649,28.657814000148015],[-81.37460900016406,28.65738699985354],[-81.37433200015464,28.657089999699444],[-81.37417399997086,28.65707599990498],[-81.37394299999221,28.65693899967798],[-81.37390399963414,28.656878999896236],[-81.37386900037237,28.656825999994762],[-81.37388899956552,28.656720999649714],[-81.37397200030452,28.65669499982584],[-81.37407799971142,28.656694000287246],[-81.37418800021459,28.656657000010938],[-81.37424400029107,28.65656999988513],[-81.37424799959072,28.65640300014797],[-81.37422900022247,28.656308000320415],[-81.37422199965147,28.656255000130223],[-81.37422300037467,28.65616799967081],[-81.37408000025955,28.65622299977941],[-81.37365099991416,28.65638900026177],[-81.37350899962392,28.656444999795326],[-81.37333200007193,28.65680700011279],[-81.3734280003314,28.656790000091018],[-81.3734640003164,28.658211000371715],[-81.37346500014131,28.658226999850854],[-81.3735270000656,28.658226999850854],[-81.37356600042364,28.658226999850854],[-81.37357100044652,28.65951499996457],[-81.37352899971542,28.659532000332717],[-81.37351899966967,28.659535999955263],[-81.37350100012632,28.65954399998813],[-81.37361499992915,28.659571000193154],[-81.37389899961126,28.65948200030855],[-81.37420599975792,28.659309000245692],[-81.37474499970818,28.659116999645832],[-81.37500900019714,28.658793000053073],[-81.37500900019714,28.658763999821694]]]},"properties":{"block_id":"121170218062007","school_id":"sch_spring_lake_elementary_school","kids_est":0,"class":"red","shortest":{"len_m":9333.0,"mean_c":36.61,"peak_c":37.2,"dose":467.6},"coolest":{"len_m":9333.0,"mean_c":36.61,"peak_c":37.2,"dose":467.6},"delta_mean_c":0.0,"delta_dose_pct":0,"distance_mi":2.184,"status_now":"bus","status_rec":"bus_eligible","reason":"Coolest route mean 36.6C exceeds threshold (110 C-min dose, actual 468).","safe_until_hour":"11:00"}},{"type":"Feature","geometry":{"type":"Polygon","coordinates":[[[-81.37357100044652,28.65951499996457],[-81.37356600042364,28.658226999850854],[-81.3735270000656,28.658226999850854],[-81.37346500014131,28.658226999850854],[-81.3734640003164,28.658211000371715],[-81.3734280003314,28.656790000091018],[-81.37333200007193,28.65680700011279],[-81.37350899962392,28.656444999795326],[-81.37273399967212,28.6570389997635],[-81.37236899979915,28.657411999974066],[-81.3719360001541,28.657856000018402],[-81.37143300018886,28.65824100027985],[-81.37125400008871,28.658378999904457],[-81.37036899963373,28.65921800032132],[-81.37102800013291,28.659738999911184],[-81.37104800022438,28.6597539996477],[-81.37106300029299,28.659745000121365],[-81.37111400034662,28.65971799996115],[-81.37113500026301,28.659677999857063],[-81.37114600013368,28.659618000066324],[-81.37115000033164,28.659590999873448],[-81.37115899965414,28.65952999973316],[-81.37116000037737,28.65951499996457],[-81.37116100020229,28.65949800038193],[-81.37116600022514,28.659401999904876],[-81.3711689996999,28.65936999972636],[-81.37117100024803,28.659340999654606],[-81.37118999961629,28.659073999976425],[-81.37118799996647,28.659039000360856],[-81.37118499959341,28.658992000228118],[-81.37118999961629,28.658925000270752],[-81.37119299998933,28.65887399965098],[-81.37119499963916,28.65884099979317],[-81.37120800005796,28.658806000099815],[-81.37121499973065,28.658788999613925],[-81.37123499982214,28.6587379997162],[-81.37128400022594,28.658689999928942],[-81.37130500014233,28.65867000007682],[-81.37141300009735,28.658634000018004],[-81.37151000018174,28.658622000258433],[-81.37163300020539,28.658622000258433],[-81.37172899956654,28.65863200018952],[-81.37185199959019,28.658688999621162],[-81.37201300014698,28.658781999830328],[-81.37205800035284,28.658806999618257],[-81.37224300030076,28.658902000334386],[-81.37229400035439,28.658930000221993],[-81.37236600032439,28.658969000306396],[-81.37240499978417,28.659000999819096],[-81.37244099976915,28.65901899978703],[-81.37247199973132,28.659033999626597],[-81.37255100027232,28.65907700010062],[-81.37263699958774,28.659109000368574],[-81.37266400025024,28.65911999976874],[-81.37273100019738,28.65914899990157],[-81.3727880000988,28.659179000329566],[-81.3728249999087,28.659191000025437],[-81.37288400035827,28.65922500007581],[-81.37293700006171,28.659255999996205],[-81.37299700033617,28.65928399978926],[-81.37307199978093,28.65932899997596],[-81.37309299969733,28.659345000072697],[-81.3731539997967,28.65939399986117],[-81.37322800031484,28.659447000040927],[-81.3732669997746,28.659493999969676],[-81.37332000037635,28.659524000298934],[-81.37337899992758,28.659553000320003],[-81.3734280003314,28.659569000382618],[-81.37346099994335,28.659560000052124],[-81.37350100012632,28.65954399998813],[-81.37351899966967,28.659535999955263],[-81.37352899971542,28.659532000332717],[-81.37357100044652,28.65951499996457]]]},"properties":{"block_id":"121170218062008","school_id":"sch_spring_lake_elementary_school","kids_est":0,"class":"red","shortest":{"len_m":8839.9,"mean_c":36.62,"peak_c":37.2,"dose":444.8},"coolest":{"len_m":8839.9,"mean_c":36.62,"peak_c":37.2,"dose":444.8},"delta_mean_c":0.0,"delta_dose_pct":0,"distance_mi":2.282,"status_now":"bus","status_rec":"bus_eligible","reason":"Coolest route mean 36.6C exceeds threshold (110 C-min dose, actual 445).","safe_until_hour":"11:00"}},{"type":"Feature","geometry":{"type":"Polygon","coordinates":[[[-81.4029209999544,28.65935499993488],[-81.40291799958135,28.659197999781657],[-81.40291099990866,28.65872900010263],[-81.40290900025884,28.65857300010911],[-81.4028499998093,28.658563999693108],[-81.4026740000822,28.658537000016985],[-81.40261600035588,28.658528999907276],[-81.40243399988267,28.658532000047003],[-81.40189199955938,28.65854199998674],[-81.40171099980941,28.658545999647046],[-81.40153500008232,28.65854500012611],[-81.40100700000272,28.65854500012611],[-81.40083200010054,28.65854500012611],[-81.40064799997751,28.65854500012611],[-81.4000970003317,28.65854899978629],[-81.39991400003359,28.658550999616356],[-81.39973499993344,28.65854899978629],[-81.39920000018114,28.658545999647046],[-81.39902199990591,28.65854500012611],[-81.3990190004312,28.658696000199175],[-81.39901199986018,28.659152000023628],[-81.39901000021035,28.659304000312577],[-81.39979199983486,28.659314000178604],[-81.40213799960667,28.659343999771163],[-81.4029209999544,28.65935499993488]]]},"properties":{"block_id":"121170217054018","school_id":"sch_spring_lake_elementary_school","kids_est":1,"class":"green","shortest":{"len_m":1025.1,"mean_c":37.17,"peak_c":37.2,"dose":59.5},"coolest":{"len_m":1025.1,"mean_c":37.17,"peak_c":37.2,"dose":59.5},"delta_mean_c":0.0,"delta_dose_pct":0,"distance_mi":0.553,"status_now":"walk","status_rec":"walk","reason":"Shortest route already under threshold (dose 60).","safe_until_hour":null}},{"type":"Feature","geometry":{"type":"Polygon","coordinates":[[[-81.40084700016915,28.657092000345575],[-81.40085100036711,28.656730000223956],[-81.40067300009187,28.65672800035916],[-81.40014199963922,28.656725000167793],[-81.39996500008722,28.656723999841198],[-81.39995400021657,28.65708900016464],[-81.39992400007932,28.658185000129052],[-81.39991400003359,28.658550999616356],[-81.4000970003317,28.65854899978629],[-81.40064799997751,28.65854500012611],[-81.40083200010054,28.65854500012611],[-81.40083499957527,28.658181999979387],[-81.40084700016915,28.657092000345575]]]},"properties":{"block_id":"121170217054004","school_id":"sch_spring_lake_elementary_school","kids_est":5,"class":"green","shortest":{"len_m":1030.8,"mean_c":37.17,"peak_c":37.2,"dose":59.8},"coolest":{"len_m":1030.8,"mean_c":37.17,"peak_c":37.2,"dose":59.8},"delta_mean_c":0.0,"delta_dose_pct":0,"distance_mi":0.605,"status_now":"walk","status_rec":"walk","reason":"Shortest route already under threshold (dose 60).","safe_until_hour":null}},{"type":"Feature","geometry":{"type":"Polygon","coordinates":[[[-81.39032099981063,28.653037999626832],[-81.39032300035876,28.652924000106303],[-81.39016000015214,28.652918999868618],[-81.38970800024055,28.65290099964171],[-81.38955500007965,28.652896000191213],[-81.38949999982808,28.652890999952245],[-81.38933499997162,28.65287799996035],[-81.38928100044326,28.652874000083816],[-81.38929499978866,28.65361599979746],[-81.38949999982808,28.65361599979746],[-81.3901130002965,28.653619999645684],[-81.39016000015214,28.6536210000019],[-81.3903190001608,28.653496999906896],[-81.3903190001608,28.65338199973853],[-81.39032099981063,28.653037999626832]]]},"properties":{"block_id":"121170217055010","school_id":"sch_spring_lake_elementary_school","kids_est":3,"class":"red","shortest":{"len_m":7084.4,"mean_c":36.7,"peak_c":37.2,"dose":364.3},"coolest":{"len_m":7084.4,"mean_c":36.7,"peak_c":37.2,"dose":364.3},"delta_mean_c":0.0,"delta_dose_pct":0,"distance_mi":1.309,"status_now":"walk","status_rec":"bus_eligible","reason":"Coolest route mean 36.7C exceeds threshold (110 C-min dose, actual 364).","safe_until_hour":"11:00"}},{"type":"Feature","geometry":{"type":"Polygon","coordinates":[[[-81.37894500005555,28.655558999951282],[-81.37898199986547,28.655546000290215],[-81.37888999980396,28.655492999714834],[-81.3788580000169,28.655474999929794],[-81.37830300017312,28.655128000141442],[-81.37805299992789,28.654979999900483],[-81.37806899982141,28.65704699998692],[-81.37816300043104,28.6570079999758],[-81.37818799964708,28.656911000046893],[-81.37824999957138,28.656682999844254],[-81.37828800010452,28.656463000202137],[-81.37838099999092,28.65629800016759],[-81.37839400040973,28.656231999608103],[-81.37833800033324,28.656082999804593],[-81.37839199986159,28.655938000337397],[-81.37848999977088,28.65583900032505],[-81.37853199960368,28.655796000099503],[-81.37856900031191,28.65575900029458],[-81.37863799990889,28.655698000289416],[-81.37870599968093,28.65563999968301],[-81.37894500005555,28.655558999951282]]]},"properties":{"block_id":"121170218062009","school_id":"sch_spring_lake_elementary_school","kids_est":0,"class":"red","shortest":{"len_m":9333.0,"mean_c":36.61,"peak_c":37.2,"dose":467.6},"coolest":{"len_m":9333.0,"mean_c":36.61,"peak_c":37.2,"dose":467.6},"delta_mean_c":0.0,"delta_dose_pct":0,"distance_mi":1.946,"status_now":"walk","status_rec":"bus_eligible","reason":"Coolest route mean 36.6C exceeds threshold (110 C-min dose, actual 468).","safe_until_hour":"11:00"}},{"type":"Feature","geometry":{"type":"Polygon","coordinates":[[[-81.37812099969993,28.66362499973326],[-81.37809399993576,28.662858999793382],[-81.3780909995627,28.662636999960274],[-81.37799100000359,28.662636999960274],[-81.37769100042794,28.66263999998245],[-81.37759199979543,28.66264199973441],[-81.37692599962357,28.66264100025258],[-81.37618800038,28.66264100025258],[-81.37614200034923,28.662591000134817],[-81.37603000019625,28.661918000312497],[-81.37617599978611,28.661870999894067],[-81.37648200010786,28.661859999994324],[-81.37652399994066,28.661883000069984],[-81.37658099984206,28.661915000269598],[-81.37704899964722,28.661904000374523],[-81.37714900010462,28.66181600038396],[-81.37723600014327,28.661815000105964],[-81.3774980000841,28.661810999782126],[-81.37758599994764,28.661810999782126],[-81.37768399985693,28.661812000060177],[-81.37798000013294,28.661815000105964],[-81.37807899986714,28.661816999873725],[-81.37807700021733,28.661598999742132],[-81.37807399984429,28.660944999780153],[-81.37807300001937,28.660727000199824],[-81.37800500024731,28.660727000199824],[-81.37780500023077,28.660730000276654],[-81.37773800028361,28.660730999776764],[-81.37757400025208,28.660733000353407],[-81.37740600002259,28.660735000141806],[-81.37714999992954,28.660738000218405],[-81.37593300011187,28.66075400010015],[-81.37561699974438,28.66075899996408],[-81.37513300004571,28.660766999903696],[-81.3750550002279,28.66076899969138],[-81.37500199962614,28.66076899969138],[-81.37473399983753,28.66076899969138],[-81.37378599963336,28.660785999856163],[-81.37368100005138,28.660785999856163],[-81.37319900000253,28.660787000143994],[-81.37320900004828,28.6612749999383],[-81.37321499989605,28.661544000089307],[-81.37324400020839,28.66285500029765],[-81.37331299980535,28.662976999825794],[-81.37403000003083,28.662987000129732],[-81.37403099985575,28.663092999981973],[-81.37404000007658,28.663664999907713],[-81.37450799988173,28.66373499997913],[-81.37646799986418,28.66372499974654],[-81.37733300022765,28.663715000301256],[-81.37788100039874,28.663654000196235],[-81.37812099969993,28.66362499973326]],[[-81.37521699971128,28.66114500009559],[-81.37520400019082,28.661207000368105],[-81.37519300032017,28.66123599992364],[-81.37517800025155,28.661259999631213],[-81.37515999980988,28.661282000343682],[-81.37353899976115,28.661288999960274],[-81.37353200008846,28.661062000105556],[-81.37516200035803,28.661057999752995],[-81.37517999990136,28.661079999719597],[-81.37519400014506,28.661104000251225],[-81.37521699971128,28.66114500009559]]]},"properties":{"block_id":"121170218061005","school_id":"sch_spring_lake_elementary_school","kids_est":5,"class":"red","shortest":{"len_m":9941.6,"mean_c":36.59,"peak_c":37.2,"dose":496.0},"coolest":{"len_m":9941.6,"mean_c":36.59,"peak_c":37.2,"dose":496.0},"delta_mean_c":0.0,"delta_dose_pct":0,"distance_mi":2.097,"status_now":"bus","status_rec":"bus_eligible","reason":"Coolest route mean 36.6C exceeds threshold (110 C-min dose, actual 496).","safe_until_hour":"11:00"}},{"type":"Feature","geometry":{"type":"Polygon","coordinates":[[[-81.38194699995348,28.66130100020282],[-81.38196000037226,28.65995300036326],[-81.3806940001508,28.659985999871015],[-81.38068699957978,28.660210999892758],[-81.3795119995949,28.660207000295983],[-81.3788220000319,28.66020499970929],[-81.37850999986237,28.660727000199824],[-81.37825999961711,28.660744000371412],[-81.37822199998229,28.660740000006715],[-81.37810999982928,28.660730000276654],[-81.37807300001937,28.660727000199824],[-81.37807399984429,28.660944999780153],[-81.37807700021733,28.661598999742132],[-81.37807899986714,28.661816999873725],[-81.38000700006253,28.66184900009349],[-81.38140999965307,28.661872999660712],[-81.38142899991963,28.661615000280648],[-81.38142899991963,28.661463999682844],[-81.38142899991963,28.661373000052727],[-81.38149800041494,28.661312000161224],[-81.38194699995348,28.66130100020282]]]},"properties":{"block_id":"121170218061011","school_id":"sch_spring_lake_elementary_school","kids_est":1,"class":"red","shortest":{"len_m":9941.6,"mean_c":36.59,"peak_c":37.2,"dose":496.0},"coolest":{"len_m":9941.6,"mean_c":36.59,"peak_c":37.2,"dose":496.0},"delta_mean_c":0.0,"delta_dose_pct":0,"distance_mi":1.767,"status_now":"walk","status_rec":"bus_eligible","reason":"Coolest route mean 36.6C exceeds threshold (110 C-min dose, actual 496).","safe_until_hour":"11:00"}},{"type":"Feature","geometry":{"type":"Polygon","coordinates":[[[-81.41499999969126,28.652790000276227],[-81.41497700012505,28.651393999815962],[-81.41497999959978,28.6513530000998],[-81.41490500015503,28.65136600028072],[-81.41459499963531,28.65136699987009],[-81.41419499960222,28.651362000346516],[-81.41422599956438,28.652171000097688],[-81.4136210003902,28.652193000352575],[-81.41343700026718,28.65219700025509],[-81.41288700044628,28.652210000331372],[-81.41270400014817,28.652214999814525],[-81.412525000048,28.652216000184136],[-81.41199000029572,28.65222299961777],[-81.41181200002049,28.65222599993796],[-81.41162700007256,28.65222599993796],[-81.41107300005369,28.652229999839218],[-81.41088899993068,28.652231000208687],[-81.41087899988494,28.65261300032055],[-81.4108699996641,28.65296300005992],[-81.41088899993068,28.65328200010656],[-81.41084500044806,28.653611999949078],[-81.41080100006714,28.65374899979362],[-81.41074499999064,28.653931000386166],[-81.41063799986051,28.654091000022497],[-81.41078900037157,28.65412399979887],[-81.41124499958282,28.654076999827577],[-81.41149999985096,28.654051999700116],[-81.41168700034703,28.654002999779753],[-81.41181200002049,28.653928000114764],[-81.41196199980833,28.65383799981536],[-81.41213000003782,28.653761000110936],[-81.4125169996521,28.653639999672915],[-81.41276000022465,28.653600999971033],[-81.41299000037844,28.653555000122143],[-81.4130659996481,28.653540999855647],[-81.41322200018202,28.6535629998231],[-81.41337799981764,28.653602000327425],[-81.41355899956761,28.653723000020978],[-81.41355899956761,28.653690000118402],[-81.41359700010075,28.653622000358087],[-81.4136439999564,28.653544999706735],[-81.41377399965276,28.653377000311025],[-81.41390500007233,28.653219999876985],[-81.41394100005733,28.65319000010869],[-81.41403800014172,28.653112999928428],[-81.41410400026395,28.65306899980008],[-81.41424099963298,28.6529779999776],[-81.41435799980886,28.652905999880183],[-81.41450699977177,28.6528400003387],[-81.4146630003057,28.65279899961127],[-81.41479399982695,28.652777999847782],[-81.4149310000943,28.65278199972798],[-81.41499999969126,28.652790000276227]]]},"properties":{"block_id":"121170217061013","school_id":"sch_spring_lake_elementary_school","kids_est":3,"class":"green","shortest":{"len_m":961.8,"mean_c":37.2,"peak_c":37.2,"dose":55.8},"coolest":{"len_m":961.8,"mean_c":37.2,"peak_c":37.2,"dose":55.8},"delta_mean_c":0.0,"delta_dose_pct":0,"distance_mi":0.507,"status_now":"walk","status_rec":"walk","reason":"Shortest route already under threshold (dose 56).","safe_until_hour":null}},{"type":"Feature","geometry":{"type":"Polygon","coordinates":[[[-81.42350900016594,28.644182999875856],[-81.42339700001295,28.64404499970099],[-81.42324100037735,28.6439079997934],[-81.42316600003427,28.64384200010786],[-81.42313400024722,28.643786000150943],[-81.42308700039155,28.64370499993512],[-81.4225979997717,28.643707000048295],[-81.42260000031982,28.643791999697257],[-81.42259899959662,28.64381400013314],[-81.42257400038056,28.643891000045638],[-81.42255199974093,28.643930999865205],[-81.42241199999886,28.644182999875856],[-81.42234199967865,28.64426399972257],[-81.42223700009666,28.64438600038579],[-81.42220899960927,28.644393999997845],[-81.42203700008014,28.644446999875857],[-81.42188800011722,28.644512999969105],[-81.42176300044373,28.644611999637014],[-81.421753000398,28.64467799962645],[-81.42172499991058,28.644865999679418],[-81.42171300021502,28.64494699978701],[-81.42168200025289,28.64502999992002],[-81.42160100006204,28.645139999966595],[-81.42148800008412,28.645348999658463],[-81.42079000012522,28.645563999955588],[-81.42067100029954,28.64565200018476],[-81.42052099961339,28.64578400039011],[-81.42048399980347,28.645976000177235],[-81.42043399957475,28.646190999977446],[-81.42043899959761,28.64630699978567],[-81.42045299984133,28.646564999782594],[-81.42050899991783,28.64716999961167],[-81.42048399980347,28.647290999631753],[-81.42007200007481,28.647351999797436],[-81.4198040002862,28.647340999951115],[-81.41939800040535,28.647627000310568],[-81.41894899996848,28.647627000310568],[-81.418599999989,28.647697999678044],[-81.41836300016256,28.647858000152823],[-81.41811999958999,28.648127000041256],[-81.41813800003165,28.64839100036281],[-81.41823799959076,28.64863899986844],[-81.4183749998581,28.6488320003494],[-81.41849399968379,28.64897999980773],[-81.41878099973897,28.649085000021213],[-81.41896099966404,28.649277000072136],[-81.41924199987143,28.64933300025074],[-81.41941400029889,28.64960499990441],[-81.41949200011669,28.649728999871794],[-81.41949200011669,28.64978400020452],[-81.4197039998288,28.64986600005944],[-81.41987299988318,28.650084999751744],[-81.41989100032487,28.650108000045652],[-81.42011499973252,28.65038400002592],[-81.42021500018996,28.650681000255787],[-81.42010300003697,28.650905999750446],[-81.42011499973252,28.651191999847846],[-81.4200779999226,28.651235999975523],[-81.41995300024912,28.651451000029258],[-81.41988399975385,28.651626999994523],[-81.41976599975307,28.651720999747397],[-81.41973499979093,28.651813999830967],[-81.4196910003083,28.651891000176732],[-81.41968499956222,28.651978999827055],[-81.42132800025057,28.651364999902995],[-81.42186999967555,28.6506460002034],[-81.42285300003982,28.649343000279476],[-81.42184700010932,28.64823499996648],[-81.421380999954,28.647690999942448],[-81.42254699971807,28.644627999614382],[-81.42350900016594,28.644182999875856]]]},"properties":{"block_id":"121170217073003","school_id":"sch_spring_lake_elementary_school","kids_est":0,"class":"green","shortest":{"len_m":1661.3,"mean_c":37.15,"peak_c":37.2,"dose":96.0},"coolest":{"len_m":1661.8,"mean_c":37.15,"peak_c":37.2,"dose":95.9},"delta_mean_c":0.0,"delta_dose_pct":0,"distance_mi":1.025,"status_now":"walk","status_rec":"walk","reason":"Shortest route already under threshold (dose 96).","safe_until_hour":null}},{"type":"Feature","geometry":{"type":"Polygon","coordinates":[[[-81.41042699997331,28.658477999883118],[-81.41043199999619,28.658332999787053],[-81.40987899980223,28.658340999911736],[-81.40893499979602,28.658355000325507],[-81.40884000025977,28.658355000325507],[-81.40831100035527,28.658355000325507],[-81.4082229995934,28.658372000093546],[-81.40795599962972,28.658426000312033],[-81.40771799997835,28.65857399962978],[-81.40779800034427,28.658689999928942],[-81.40803799964549,28.65904100018158],[-81.40811800001143,28.65915800026736],[-81.40842299960994,28.65908099974052],[-81.40857099974795,28.65908099974052],[-81.40937800038512,28.659086999988308],[-81.409960999818,28.659080000224687],[-81.41040699988184,28.659075999796478],[-81.41040799970673,28.65905799983833],[-81.41041000025487,28.65899400004972],[-81.4104119999047,28.658912000238768],[-81.41042699997331,28.658477999883118]]]},"properties":{"block_id":"121170217054015","school_id":"sch_spring_lake_elementary_school","kids_est":2,"class":"green","shortest":{"len_m":0.0,"mean_c":0.0,"peak_c":null,"dose":0.0},"coolest":{"len_m":0.0,"mean_c":0.0,"peak_c":null,"dose":0.0},"delta_mean_c":0.0,"delta_dose_pct":0,"distance_mi":0.092,"status_now":"walk","status_rec":"walk","reason":"Shortest route already under threshold (dose 0).","safe_until_hour":null}},{"type":"Feature","geometry":{"type":"Polygon","coordinates":[[[-81.40662699965903,28.659002999640546],[-81.40672000044377,28.658755999729298],[-81.40650799983335,28.658668000249023],[-81.40618999981604,28.658612999846632],[-81.40574100027746,28.65860700035991],[-81.40566199973642,28.65860700035991],[-81.40539300012293,28.65860499974271],[-81.40469299961586,28.65860100008459],[-81.40458700020896,28.658602000393273],[-81.40431900042037,28.65860700035991],[-81.40414299979496,28.65860100008459],[-81.40361499971536,28.658584000353727],[-81.40343899998827,28.658579000385995],[-81.40333299968306,28.658576999768233],[-81.40301499966574,28.65857399962978],[-81.40290900025884,28.65857300010911],[-81.40291099990866,28.65872900010263],[-81.40291799958135,28.659197999781657],[-81.4029209999544,28.65935499993488],[-81.4034480002091,28.659364999796107],[-81.40503099972467,28.6593959996751],[-81.40555899980427,28.659406999833372],[-81.40660200044299,28.659427000333153],[-81.406594999872,28.659212000081027],[-81.40662699965903,28.659002999640546]]]},"properties":{"block_id":"121170217054006","school_id":"sch_spring_lake_elementary_school","kids_est":6,"class":"green","shortest":{"len_m":678.9,"mean_c":37.2,"peak_c":37.2,"dose":39.7},"coolest":{"len_m":678.9,"mean_c":37.2,"peak_c":37.2,"dose":39.7},"delta_mean_c":0.0,"delta_dose_pct":0,"distance_mi":0.325,"status_now":"walk","status_rec":"walk","reason":"Shortest route already under threshold (dose 40).","safe_until_hour":null}},{"type":"Feature","geometry":{"type":"Polygon","coordinates":[[[-81.41422599956438,28.652171000097688],[-81.41419499960222,28.651362000346516],[-81.41091400004504,28.651399999715416],[-81.41090900002217,28.651565999950392],[-81.41089300012864,28.652063999867046],[-81.41088899993068,28.652231000208687],[-81.41107300005369,28.652229999839218],[-81.41162700007256,28.65222599993796],[-81.41181200002049,28.65222599993796],[-81.41199000029572,28.65222299961777],[-81.412525000048,28.652216000184136],[-81.41270400014817,28.652214999814525],[-81.41288700044628,28.652210000331372],[-81.41343700026718,28.65219700025509],[-81.4136210003902,28.652193000352575],[-81.41422599956438,28.652171000097688]]]},"properties":{"block_id":"121170217061014","school_id":"sch_spring_lake_elementary_school","kids_est":1,"class":"green","shortest":{"len_m":863.3,"mean_c":37.2,"peak_c":37.2,"dose":50.1},"coolest":{"len_m":863.3,"mean_c":37.2,"peak_c":37.2,"dose":50.1},"delta_mean_c":0.0,"delta_dose_pct":0,"distance_mi":0.57,"status_now":"walk","status_rec":"walk","reason":"Shortest route already under threshold (dose 50).","safe_until_hour":null}},{"type":"Feature","geometry":{"type":"Polygon","coordinates":[[[-81.41443200032701,28.650585999973792],[-81.41442899995397,28.649929000298563],[-81.41442099955806,28.648120999954543],[-81.41438899977099,28.648050000085057],[-81.41430699975523,28.64803100018956],[-81.41424599965586,28.648016999973926],[-81.41392199979077,28.648010999880917],[-81.41365300017725,28.647994999631244],[-81.41364700032948,28.64836999971658],[-81.41362999971273,28.649496000206153],[-81.41362800006289,28.64964499990991],[-81.41359700010075,28.649838000116162],[-81.41358399968196,28.64985400008466],[-81.4135739996362,28.64985800007638],[-81.41355899956761,28.649864999667415],[-81.41349699964331,28.649876000037356],[-81.41343300006922,28.649876000037356],[-81.41300399972381,28.64988000002825],[-81.41286099960868,28.649882000023602],[-81.41271199964577,28.64988000002825],[-81.41226599958193,28.649876000037356],[-81.41217500024365,28.649876000037356],[-81.41215900035013,28.649864000063722],[-81.41212500001494,28.649848999700595],[-81.41209999990058,28.64981600015555],[-81.412080999634,28.64962800030358],[-81.41207999980908,28.649486999799286],[-81.41207599961113,28.648375000171164],[-81.41207499978623,28.648004999787574],[-81.41144499959937,28.648010999880917],[-81.41142200003316,28.648018000383587],[-81.41135199971295,28.648043999993995],[-81.41130200038255,28.648120999954543],[-81.41128300011597,28.64848899990694],[-81.41129499981155,28.649915000336293],[-81.41130099965933,28.650568999731725],[-81.41192699964822,28.650572000099228],[-81.4138049996149,28.65058200000983],[-81.41443200032701,28.650585999973792]]]},"properties":{"block_id":"121170217061019","school_id":"sch_spring_lake_elementary_school","kids_est":4,"class":"green","shortest":{"len_m":1534.9,"mean_c":37.2,"peak_c":37.2,"dose":89.1},"coolest":{"len_m":1534.9,"mean_c":37.2,"peak_c":37.2,"dose":89.1},"delta_mean_c":0.0,"delta_dose_pct":0,"distance_mi":0.712,"status_now":"walk","status_rec":"walk","reason":"Shortest route already under threshold (dose 89).","safe_until_hour":null}},{"type":"Feature","geometry":{"type":"Polygon","coordinates":[[[-81.41365300017725,28.647994999631244],[-81.41365099962911,28.64786800032222],[-81.41364800015437,28.647488000310474],[-81.41364700032948,28.64736200001501],[-81.41349300034368,28.647355999884585],[-81.41303300003612,28.647338999907227],[-81.41287999987526,28.647334000191613],[-81.4128759996773,28.647843000291143],[-81.41286399998174,28.649371999963254],[-81.41286099960868,28.649882000023602],[-81.41300399972381,28.64988000002825],[-81.41343300006922,28.649876000037356],[-81.41349699964331,28.649876000037356],[-81.41355899956761,28.649864999667415],[-81.4135739996362,28.64985800007638],[-81.41358399968196,28.64985400008466],[-81.41359700010075,28.649838000116162],[-81.41362800006289,28.64964499990991],[-81.41362999971273,28.649496000206153],[-81.41364700032948,28.64836999971658],[-81.41365300017725,28.647994999631244]]]},"properties":{"block_id":"121170217061018","school_id":"sch_spring_lake_elementary_school","kids_est":3,"class":"green","shortest":{"len_m":1561.0,"mean_c":37.18,"peak_c":37.2,"dose":90.3},"coolest":{"len_m":1561.0,"mean_c":37.18,"peak_c":37.2,"dose":90.3},"delta_mean_c":0.0,"delta_dose_pct":0,"distance_mi":0.793,"status_now":"walk","status_rec":"walk","reason":"Shortest route already under threshold (dose 90).","safe_until_hour":null}},{"type":"Feature","geometry":{"type":"Polygon","coordinates":[[[-81.41090900002217,28.651565999950392],[-81.41091400004504,28.651399999715416],[-81.41017799955297,28.651399999715416],[-81.40797200042155,28.65140399964817],[-81.4078269997583,28.651405000025527],[-81.4073840000675,28.651431999961602],[-81.40730899972442,28.65152599988936],[-81.40730299987663,28.651550999830718],[-81.4072710000896,28.651674000275655],[-81.40726600006671,28.652084000191056],[-81.4072650002418,28.652218999716265],[-81.40744299961872,28.65222299961777],[-81.40797800026935,28.652235999690834],[-81.40815700036948,28.652240999961077],[-81.40833700029455,28.652242000330443],[-81.40888000044275,28.652244999861754],[-81.40906100019272,28.65224699981207],[-81.40924000029285,28.652246000231084],[-81.40978000006803,28.652242000330443],[-81.40995999999308,28.652242000330443],[-81.41014499994102,28.65223900001066],[-81.41070300015785,28.652231999789812],[-81.41088899993068,28.652231000208687],[-81.41089300012864,28.652063999867046],[-81.41090900002217,28.651565999950392]]]},"properties":{"block_id":"121170217061005","school_id":"sch_spring_lake_elementary_school","kids_est":4,"class":"green","shortest":{"len_m":863.0,"mean_c":37.2,"peak_c":37.2,"dose":50.1},"coolest":{"len_m":863.0,"mean_c":37.2,"peak_c":37.2,"dose":50.1},"delta_mean_c":0.0,"delta_dose_pct":0,"distance_mi":0.551,"status_now":"walk","status_rec":"walk","reason":"Shortest route already under threshold (dose 50).","safe_until_hour":null}},{"type":"Feature","geometry":{"type":"Polygon","coordinates":[[[-81.41207999980908,28.647471999981022],[-81.41208200035724,28.647338999907227],[-81.41126399984941,28.647323999971313],[-81.41090599964912,28.647317999838673],[-81.41085899979343,28.64731700021069],[-81.41070599963257,28.647315000166426],[-81.40909499962959,28.647292999676495],[-81.40881299959729,28.647289000375295],[-81.4079959998127,28.647277999734],[-81.40775300013844,28.64728700033043],[-81.40702800041534,28.64731700021069],[-81.4067859996677,28.647326999643298],[-81.40678900004073,28.647539000161764],[-81.4067990000865,28.648176000342264],[-81.40680300028446,28.648389000338998],[-81.40681099978205,28.64888999999155],[-81.40681699962984,28.64921699984762],[-81.40681699962984,28.64924800036209],[-81.40679800026157,28.649967999789446],[-81.40678300019296,28.650395999940002],[-81.40676599957621,28.650897999846787],[-81.40745199983957,28.65092099996237],[-81.40759999997756,28.650922000344334],[-81.41010399993313,28.65095399994806],[-81.41093900015939,28.65096500020377],[-81.41094199963413,28.65088499960785],[-81.410954000228,28.650648000184145],[-81.41095800042596,28.650568999731725],[-81.41102600019804,28.650568999731725],[-81.41123200006236,28.650568999731725],[-81.41130099965933,28.650568999731725],[-81.41129499981155,28.649915000336293],[-81.41128300011597,28.64848899990694],[-81.41130200038255,28.648120999954543],[-81.41135199971295,28.648043999993995],[-81.41142200003316,28.648018000383587],[-81.41144499959937,28.648010999880917],[-81.41207499978623,28.648004999787574],[-81.41207599961113,28.647870999978707],[-81.41207999980908,28.647471999981022]]]},"properties":{"block_id":"121170217061022","school_id":"sch_spring_lake_elementary_school","kids_est":2,"class":"green","shortest":{"len_m":1290.3,"mean_c":37.2,"peak_c":37.2,"dose":75.1},"coolest":{"len_m":1290.3,"mean_c":37.2,"peak_c":37.2,"dose":75.1},"delta_mean_c":0.0,"delta_dose_pct":0,"distance_mi":0.74,"status_now":"walk","status_rec":"walk","reason":"Shortest route already under threshold (dose 75).","safe_until_hour":null}},{"type":"Feature","geometry":{"type":"Polygon","coordinates":[[[-81.40293299964996,28.660312000302532],[-81.40293000017525,28.660119999963147],[-81.40292299960423,28.659545999799228],[-81.4029209999544,28.65935499993488],[-81.40213799960667,28.659343999771163],[-81.39979199983486,28.659314000178604],[-81.39901000021035,28.659304000312577],[-81.39900900038543,28.659492999669506],[-81.39900900038543,28.660060999931947],[-81.39900900038543,28.66025099979353],[-81.39979299965978,28.6602630001549],[-81.40214799965241,28.660298999654295],[-81.40293299964996,28.660312000302532]]]},"properties":{"block_id":"121170217054017","school_id":"sch_spring_lake_elementary_school","kids_est":6,"class":"green","shortest":{"len_m":1210.2,"mean_c":37.19,"peak_c":37.2,"dose":70.1},"coolest":{"len_m":1210.2,"mean_c":37.19,"peak_c":37.2,"dose":70.1},"delta_mean_c":0.0,"delta_dose_pct":0,"distance_mi":0.551,"status_now":"walk","status_rec":"walk","reason":"Shortest route already under threshold (dose 70).","safe_until_hour":null}},{"type":"Feature","geometry":{"type":"Polygon","coordinates":[[[-81.37408000025955,28.65622299977941],[-81.37422300037467,28.65616799967081],[-81.3735689998984,28.65609699973161],[-81.37355300000485,28.656089999768337],[-81.37349500027854,28.65610199981772],[-81.373547999982,28.65616099971223],[-81.37360800025645,28.656217000155923],[-81.37359700038579,28.656322999759514],[-81.37357800011922,28.656353999749815],[-81.37350899962392,28.656444999795326],[-81.37365099991416,28.65638900026177],[-81.37408000025955,28.65622299977941]]]},"properties":{"block_id":"121170218064011","school_id":"sch_spring_lake_elementary_school","kids_est":0,"class":"red","shortest":{"len_m":8673.0,"mean_c":36.62,"peak_c":37.2,"dose":436.9},"coolest":{"len_m":8673.0,"mean_c":36.62,"peak_c":37.2,"dose":436.9},"delta_mean_c":0.0,"delta_dose_pct":0,"distance_mi":2.215,"status_now":"bus","status_rec":"bus_eligible","reason":"Coolest route mean 36.6C exceeds threshold (110 C-min dose, actual 437).","safe_until_hour":"11:00"}},{"type":"Feature","geometry":{"type":"Polygon","coordinates":[[[-81.41512500026305,28.649458000147316],[-81.41506900018656,28.648781999952526],[-81.41507300038452,28.64797799975752],[-81.41507599985925,28.64758799994914],[-81.41508199970704,28.647334000191613],[-81.41479399982695,28.647338999907227],[-81.41393400038464,28.647355999884585],[-81.41364700032948,28.64736200001501],[-81.41364800015437,28.647488000310474],[-81.41365099962911,28.64786800032222],[-81.41365300017725,28.647994999631244],[-81.41392199979077,28.648010999880917],[-81.41424599965586,28.648016999973926],[-81.41430699975523,28.64803100018956],[-81.41438899977099,28.648050000085057],[-81.41442099955806,28.648120999954543],[-81.41442899995397,28.649929000298563],[-81.41443200032701,28.650585999973792],[-81.4138049996149,28.65058200000983],[-81.41192699964822,28.650572000099228],[-81.41130099965933,28.650568999731725],[-81.41123200006236,28.650568999731725],[-81.41102600019804,28.650568999731725],[-81.41095800042596,28.650568999731725],[-81.410954000228,28.650648000184145],[-81.41094199963413,28.65088499960785],[-81.41093900015939,28.65096500020377],[-81.41093400013652,28.65105200025046],[-81.41091900006792,28.651312999957444],[-81.41091400004504,28.651399999715416],[-81.41419499960222,28.651362000346516],[-81.41459499963531,28.65136699987009],[-81.41490500015503,28.65136600028072],[-81.41497999959978,28.6513530000998],[-81.41512500026305,28.649458000147316]]]},"properties":{"block_id":"121170217061017","school_id":"sch_spring_lake_elementary_school","kids_est":7,"class":"green","shortest":{"len_m":1206.1,"mean_c":37.2,"peak_c":37.2,"dose":69.9},"coolest":{"len_m":1206.1,"mean_c":37.2,"peak_c":37.2,"dose":69.9},"delta_mean_c":0.0,"delta_dose_pct":0,"distance_mi":0.671,"status_now":"walk","status_rec":"walk","reason":"Shortest route already under threshold (dose 70).","safe_until_hour":null}},{"type":"Feature","geometry":{"type":"Polygon","coordinates":[[[-81.4104329998211,28.65684699973581],[-81.41043199999619,28.656795000144026],[-81.41043000034637,28.65669699969121],[-81.4104260001484,28.656439000184612],[-81.41042199995044,28.6562480001775],[-81.41042199995044,28.656234000270594],[-81.41042000030063,28.656098999608453],[-81.4097919997636,28.65610100027349],[-81.40790999959896,28.656110999656807],[-81.40728299978517,28.656115000198152],[-81.40728600015821,28.656460000003175],[-81.40728899963294,28.656863000211366],[-81.40791700016997,28.656858999698567],[-81.40980400035747,28.656849000386583],[-81.4104329998211,28.65684699973581]]]},"properties":{"block_id":"121170217054011","school_id":"sch_spring_lake_elementary_school","kids_est":3,"class":"green","shortest":{"len_m":497.4,"mean_c":37.2,"peak_c":37.2,"dose":28.9},"coolest":{"len_m":497.4,"mean_c":37.2,"peak_c":37.2,"dose":28.9},"delta_mean_c":0.0,"delta_dose_pct":0,"distance_mi":0.239,"status_now":"walk","status_rec":"walk","reason":"Shortest route already under threshold (dose 29).","safe_until_hour":null}},{"type":"Feature","geometry":{"type":"Polygon","coordinates":[[[-81.41566099984027,28.65110899986131],[-81.41559999974089,28.65098499994906],[-81.41551199987734,28.65080600012224],[-81.41548000009028,28.650740999642647],[-81.41541899999093,28.65061700008358],[-81.41539899989944,28.650574999678376],[-81.41538100035609,28.650519999760448],[-81.41521899997437,28.650013999635245],[-81.41519999970781,28.649901999975437],[-81.41512500026305,28.649458000147316],[-81.41497999959978,28.6513530000998],[-81.41503099965341,28.651345000230194],[-81.41522300017233,28.6512820000534],[-81.415486999763,28.651181999995412],[-81.41566099984027,28.65110899986131]]]},"properties":{"block_id":"121170217061016","school_id":"sch_spring_lake_elementary_school","kids_est":0,"class":"green","shortest":{"len_m":1254.5,"mean_c":37.17,"peak_c":37.2,"dose":72.6},"coolest":{"len_m":1254.5,"mean_c":37.17,"peak_c":37.2,"dose":72.6},"delta_mean_c":0.0,"delta_dose_pct":0,"distance_mi":0.699,"status_now":"walk","status_rec":"walk","reason":"Shortest route already under threshold (dose 73).","safe_until_hour":null}},{"type":"Feature","geometry":{"type":"Polygon","coordinates":[[[-81.39493799990952,28.653823000020687],[-81.39505799956011,28.653653000358602],[-81.39454100024948,28.65338399966717],[-81.3945429998993,28.65280700015823],[-81.39454500044744,28.651600999695727],[-81.39445599986068,28.65158899991948],[-81.3943310001872,28.651542999976265],[-81.39417700020142,28.65141699982277],[-81.39408199976685,28.651297000211557],[-81.39389000014623,28.651131000339078],[-81.39384800031344,28.651087000167333],[-81.39377399979529,28.65104400035793],[-81.39371299969591,28.6510159999409],[-81.39366599984024,28.650951999973127],[-81.39353500031899,28.650841999715613],[-81.39347400021963,28.65076999972818],[-81.39336700008951,28.650710999953535],[-81.3932979995942,28.650687999791835],[-81.39322399997438,28.650693999731683],[-81.3931839997914,28.650726999788784],[-81.39314699998147,28.650736000089218],[-81.39309500010293,28.65070800037828],[-81.39305800029302,28.650681000255787],[-81.39301999975986,28.65061700008358],[-81.39300600041447,28.650576999660473],[-81.39300399986635,28.650507999860498],[-81.39302099958478,28.65043900001512],[-81.39299200017076,28.650397999925584],[-81.3929879999728,28.650378000068336],[-81.39299999966838,28.65030199978774],[-81.3929310000714,28.65010899964702],[-81.3927760002607,28.65000599966347],[-81.39256899967316,28.649838000116162],[-81.39232299962586,28.64960499990441],[-81.39218100023396,28.649424000082984],[-81.39203899994374,28.64924299994913],[-81.39201300000447,28.64907499996788],[-81.39212900035542,28.648889000378556],[-81.39220700017322,28.648763999803833],[-81.3921979999524,28.648704000074172],[-81.39145399996272,28.64870200005629],[-81.39057899955348,28.64870000003843],[-81.3904320001387,28.648698999635272],[-81.39032099981063,28.648698999635272],[-81.39032400018368,28.648891000392876],[-81.39032400018368,28.649375999973373],[-81.39032400018368,28.649598000296006],[-81.39032400018368,28.6502640000209],[-81.39032400018368,28.650486999638197],[-81.39032300035876,28.652033000185067],[-81.39032300035876,28.65228700038642],[-81.39032300035876,28.652535000138403],[-81.39032300035876,28.652611999954793],[-81.39032300035876,28.65284600015542],[-81.39032300035876,28.652924000106303],[-81.39032099981063,28.653037999626832],[-81.3903190001608,28.65338199973853],[-81.3903190001608,28.653496999906896],[-81.39031699961266,28.65365700020543],[-81.39031599978776,28.65375200007014],[-81.39031099976489,28.654516999992172],[-81.39030900011505,28.654773000384864],[-81.39030300026728,28.65537300003852],[-81.39030300026728,28.655394999621585],[-81.39030300026728,28.655749000089394],[-81.39030200044236,28.656186999668595],[-81.39085800011107,28.656203999788136],[-81.39168099974344,28.656210000200602],[-81.39237700005252,28.656201000370014],[-81.39238600027336,28.65588399962562],[-81.39234199989244,28.655787999780614],[-81.39222999973944,28.655710999931628],[-81.39209500002023,28.655665999768516],[-81.39196699997372,28.655630999803492],[-81.39189300035386,28.655595999826787],[-81.39185599964563,28.65554399961453],[-81.39177500035309,28.655334999744486],[-81.39177500035309,28.65519199992525],[-81.39178799987356,28.655027000255313],[-81.39183100042959,28.65495499998833],[-81.39185599964563,28.654926999827335],[-81.39188699960776,28.654894999859437],[-81.39205599966216,28.65478499979674],[-81.39216299979229,28.654736000218946],[-81.39227400012038,28.65468600027226],[-81.39245200039561,28.654595999835173],[-81.39250500009905,28.654570000272564],[-81.39270500011558,28.654454999704534],[-81.39296700005642,28.65440499962379],[-81.39300999971412,28.65440299971471],[-81.39320999973066,28.65439399972901],[-81.39322300014946,28.654624999642866],[-81.39327900022596,28.65472999972212],[-81.39339100037894,28.654834000139896],[-81.39347199967148,28.654978000002355],[-81.39354000034186,28.655209000206124],[-81.39351500022751,28.655429000114744],[-81.39348400026537,28.655653999669237],[-81.39339700022671,28.655994999657164],[-81.39323999986789,28.656286999683036],[-81.39373699998535,28.65642099977369],[-81.39376999959731,28.656344999931527],[-81.39402599969034,28.65566199999834],[-81.39399599955313,28.655267999814907],[-81.39397100033709,28.654939000009847],[-81.39396899978895,28.654910000289046],[-81.39394100019985,28.65454599982172],[-81.39399999975109,28.654479000176202],[-81.39445900023372,28.65452499961975],[-81.39455999961774,28.654534999941674],[-81.39458200025736,28.654432999924182],[-81.39465699970212,28.65428500027883],[-81.39469100003731,28.654224000204405],[-81.39476300000732,28.65409800011929],[-81.39491699999311,28.653855000315765],[-81.39493799990952,28.653823000020687]]]},"properties":{"block_id":"121170217061000","school_id":"sch_spring_lake_elementary_school","kids_est":4,"class":"red","shortest":{"len_m":8074.4,"mean_c":36.66,"peak_c":37.2,"dose":410.4},"coolest":{"len_m":8074.4,"mean_c":36.66,"peak_c":37.2,"dose":410.4},"delta_mean_c":0.0,"delta_dose_pct":0,"distance_mi":1.194,"status_now":"walk","status_rec":"bus_eligible","reason":"Coolest route mean 36.7C exceeds threshold (110 C-min dose, actual 410).","safe_until_hour":"11:00"}},{"type":"Feature","geometry":{"type":"Polygon","coordinates":[[[-81.38202700031944,28.652118000181282],[-81.38202599959621,28.652082000237638],[-81.38202499977129,28.65205900037669],[-81.38202399994638,28.65203799967667],[-81.38194299975554,28.652037000093674],[-81.38113900038972,28.652035000139364],[-81.38120600033687,28.652203000108603],[-81.38135199992674,28.65238900012658],[-81.38136199997247,28.652595000041124],[-81.38125400001745,28.65288700007617],[-81.38123200027613,28.653026000015082],[-81.38120700016178,28.65319000010869],[-81.38097199998514,28.653280000176053],[-81.3808980003653,28.65330099983901],[-81.38084300011371,28.653278000245432],[-81.3808070001287,28.653271999665176],[-81.3807019996484,28.65331399977848],[-81.38063999972412,28.65333500022295],[-81.3805600002565,28.65333999965248],[-81.38049099976121,28.653361000091795],[-81.38042399981406,28.653392999739555],[-81.38036799973756,28.65346200000609],[-81.38029900014058,28.653520999809537],[-81.38025499975966,28.653575000161776],[-81.38019399966028,28.653622999925968],[-81.38015600002545,28.653666000254397],[-81.38013699975888,28.653708999776924],[-81.38007900003257,28.65388800016641],[-81.37999799984172,28.654027999918956],[-81.3798980002826,28.65415700035318],[-81.37979899965006,28.654269000198155],[-81.37971800035754,28.65430100035712],[-81.37966200028104,28.654332000156895],[-81.37961200005233,28.65440299971471],[-81.37955599997582,28.65443999999814],[-81.37950099972423,28.65445000032813],[-81.37945200021875,28.654448999979895],[-81.37939000029448,28.654465000033085],[-81.3792649997227,28.65462700033603],[-81.37925200020221,28.654670000252782],[-81.37927499976843,28.654805000390002],[-81.37926100042304,28.654997000215793],[-81.37925300002713,28.655124999904288],[-81.37916400033866,28.65535700012382],[-81.37901399965253,28.655539999839696],[-81.37898199986547,28.655546000290215],[-81.37894500005555,28.655558999951282],[-81.37958799976288,28.65596600022839],[-81.37972599985513,28.656049999856496],[-81.37970699958856,28.656025999744383],[-81.37967899999948,28.655990000354233],[-81.3796739999766,28.655973000199996],[-81.37962899977076,28.655825000363528],[-81.37962399974789,28.655785000350583],[-81.37961100022741,28.655670999875188],[-81.37963600034176,28.65553400017713],[-81.3797850003047,28.65527499983305],[-81.38046599964684,28.65440599997251],[-81.38073400033377,28.654092000374206],[-81.38095600009162,28.653919999653347],[-81.38107699956713,28.653828000215256],[-81.38133299966016,28.653735000341282],[-81.38151400030844,28.653653000358602],[-81.38165800024848,28.653580999936437],[-81.38173299969326,28.653522000166692],[-81.3818070002114,28.653465999860195],[-81.38189500007495,28.653383000097012],[-81.38194199993062,28.653330000004882],[-81.38197000041804,28.653239999980443],[-81.38201399990064,28.653075000391954],[-81.38201600044879,28.653020000208663],[-81.38201999974842,28.65292099980602],[-81.38202099957333,28.65281100003737],[-81.38202499977129,28.65234299974599],[-81.38202700031944,28.652118000181282]]]},"properties":{"block_id":"121170218062012","school_id":"sch_spring_lake_elementary_school","kids_est":1,"class":"red","shortest":{"len_m":9017.6,"mean_c":36.62,"peak_c":37.2,"dose":453.0},"coolest":{"len_m":9017.6,"mean_c":36.62,"peak_c":37.2,"dose":453.0},"delta_mean_c":0.0,"delta_dose_pct":0,"distance_mi":1.831,"status_now":"walk","status_rec":"bus_eligible","reason":"Coolest route mean 36.6C exceeds threshold (110 C-min dose, actual 453).","safe_until_hour":"11:00"}},{"type":"Feature","geometry":{"type":"Polygon","coordinates":[[[-81.40339399978241,28.646068999836892],[-81.40339399978241,28.64600000022443],[-81.40338200008685,28.645917999711934],[-81.40334100007897,28.64584499985551],[-81.40326400008607,28.645760000293425],[-81.40318200007033,28.645703000140433],[-81.40311699977298,28.645685999895207],[-81.40269499999859,28.64567900002528],[-81.40270099984639,28.646297000255817],[-81.40323499977376,28.646297000255817],[-81.40330000007108,28.646284999872666],[-81.40333299968306,28.646269000148052],[-81.4033569999725,28.646232000134994],[-81.40337799988889,28.64615899970879],[-81.40339399978241,28.646068999836892]]]},"properties":{"block_id":"121170217061035","school_id":"sch_spring_lake_elementary_school","kids_est":0,"class":"red","shortest":{"len_m":2139.2,"mean_c":37.2,"peak_c":37.2,"dose":124.6},"coolest":{"len_m":2139.2,"mean_c":37.2,"peak_c":37.2,"dose":124.6},"delta_mean_c":0.0,"delta_dose_pct":0,"distance_mi":1.039,"status_now":"walk","status_rec":"bus_eligible","reason":"Coolest route mean 37.2C exceeds threshold (110 C-min dose, actual 125).","safe_until_hour":"13:00"}},{"type":"Feature","geometry":{"type":"Polygon","coordinates":[[[-81.39031599978776,28.65375200007014],[-81.39031699961266,28.65365700020543],[-81.3902759996048,28.653653000358602],[-81.39016000015214,28.653655000282075],[-81.38946200019323,28.653655999849626],[-81.38944700012463,28.653655999849626],[-81.38942600020822,28.653655999849626],[-81.38927999972005,28.65377000015097],[-81.38909599959702,28.65377299963862],[-81.38913599978,28.653906000223895],[-81.38917900033601,28.654007999965735],[-81.3892060001002,28.65415400008819],[-81.38908599955128,28.654527999874116],[-81.38906999965778,28.654711000248604],[-81.38908100042671,28.655094999892743],[-81.38910900001581,28.65525100033183],[-81.38919900042751,28.65539400007061],[-81.390121999619,28.65540600019965],[-81.39030300026728,28.655394999621585],[-81.39030300026728,28.65537300003852],[-81.39030900011505,28.654773000384864],[-81.39031099976489,28.654516999992172],[-81.39031599978776,28.65375200007014]]]},"properties":{"block_id":"121170217055009","school_id":"sch_spring_lake_elementary_school","kids_est":4,"class":"red","shortest":{"len_m":7252.9,"mean_c":36.69,"peak_c":37.2,"dose":372.0},"coolest":{"len_m":7252.9,"mean_c":36.69,"peak_c":37.2,"dose":372.0},"delta_mean_c":0.0,"delta_dose_pct":0,"distance_mi":1.285,"status_now":"walk","status_rec":"bus_eligible","reason":"Coolest route mean 36.7C exceeds threshold (110 C-min dose, actual 372).","safe_until_hour":"11:00"}},{"type":"Feature","geometry":{"type":"Polygon","coordinates":[[[-81.37404000007658,28.663664999907713],[-81.37403099985575,28.663092999981973],[-81.37403000003083,28.662987000129732],[-81.37331299980535,28.662976999825794],[-81.37324400020839,28.66285500029765],[-81.37321499989605,28.661544000089307],[-81.37320900004828,28.6612749999383],[-81.37292899966579,28.66129399979876],[-81.37293000038902,28.66210399964842],[-81.37242099967767,28.662104999923617],[-81.37237100034727,28.66208000013402],[-81.37235899975339,28.66203100002467],[-81.37235600027866,28.661349999865227],[-81.37208500011701,28.661351000147626],[-81.37208000009413,28.660751000023932],[-81.37129099989863,28.660749000235903],[-81.37119100033951,28.660771000267363],[-81.37117200007295,28.660785999856163],[-81.37114699995858,28.660804000305863],[-81.37111099997357,28.663055000121616],[-81.37111199979849,28.663221000032554],[-81.37111599999645,28.663670999893103],[-81.37111599999645,28.66371899976418],[-81.37404000007658,28.663664999907713]]]},"properties":{"block_id":"121170218061002","school_id":"sch_spring_lake_elementary_school","kids_est":3,"class":"red","shortest":{"len_m":9941.6,"mean_c":36.59,"peak_c":37.2,"dose":496.0},"coolest":{"len_m":9941.6,"mean_c":36.59,"peak_c":37.2,"dose":496.0},"delta_mean_c":0.0,"delta_dose_pct":0,"distance_mi":2.303,"status_now":"bus","status_rec":"bus_eligible","reason":"Coolest route mean 36.6C exceeds threshold (110 C-min dose, actual 496).","safe_until_hour":"11:00"}},{"type":"Feature","geometry":{"type":"Polygon","coordinates":[[[-81.37807999969206,28.64781899987731],[-81.37805600030093,28.647334000191613],[-81.37803700003435,28.64678400006116],[-81.37505100002993,28.646825999619573],[-81.37499999997631,28.646825999619573],[-81.37439499990381,28.646831999780353],[-81.3746540003699,28.64709099969268],[-81.37408399955919,28.64714399978459],[-81.37128099985289,28.647410000258045],[-81.3703469998924,28.647499000141327],[-81.37033799967159,28.64795200013075],[-81.37031299955723,28.649311999793074],[-81.37030500005962,28.649766000227807],[-81.37067999997835,28.649756999844133],[-81.37180700028267,28.649730000265055],[-81.3721830000263,28.64972200027169],[-81.3721760003536,28.64921699984762],[-81.3721760003536,28.649198999773596],[-81.37218800004918,28.648763999803833],[-81.37220700031575,28.648616000040644],[-81.37223800027789,28.648451000271525],[-81.37228799960829,28.648328999606445],[-81.37241200035515,28.648185999692977],[-81.37253100018086,28.648060000236136],[-81.37255000044743,28.648048999675755],[-81.37264300033384,28.647983000230795],[-81.37275200011378,28.64795000009853],[-81.37289900042687,28.647906000168877],[-81.37325000005616,28.647881999769442],[-81.37353999958607,28.647862000220748],[-81.3736409998684,28.647856000118882],[-81.37379099965624,28.647866999911198],[-81.37406500019092,28.648048000054747],[-81.3742459999409,28.648276999732126],[-81.37442699969087,28.648505000081247],[-81.3749919995804,28.64820100029397],[-81.37500499999918,28.648191000156338],[-81.37514800011431,28.648185999692977],[-81.37540400020735,28.648170000258364],[-81.3756040002239,28.64817499993412],[-81.37563600001096,28.648170999878204],[-81.37579099982165,28.648152999624642],[-81.3759719995716,28.648181000017743],[-81.37621500014417,28.648236000374002],[-81.37632700029715,28.64827400008732],[-81.37652099956762,28.6483850002912],[-81.37671599956128,28.648075000066775],[-81.37673300017804,28.648048999675755],[-81.3768579998515,28.647906000168877],[-81.37695800030895,28.64783999984556],[-81.3770699995636,28.647824000358163],[-81.37771300016927,28.64782000028885],[-81.37807999969206,28.64781899987731]]]},"properties":{"block_id":"121170218051002","school_id":"sch_spring_lake_elementary_school","kids_est":5,"class":"red","shortest":{"len_m":8336.3,"mean_c":36.63,"peak_c":37.2,"dose":421.1},"coolest":{"len_m":8336.3,"mean_c":36.63,"peak_c":37.2,"dose":421.1},"delta_mean_c":0.0,"delta_dose_pct":0,"distance_mi":2.224,"status_now":"bus","status_rec":"bus_eligible","reason":"Coolest route mean 36.6C exceeds threshold (110 C-min dose, actual 421).","safe_until_hour":"11:00"}},{"type":"Feature","geometry":{"type":"Polygon","coordinates":[[[-81.37368100005138,28.660785999856163],[-81.37353600028642,28.66058800022345],[-81.37354899980689,28.659940999966405],[-81.37350100012632,28.65954399998813],[-81.37346099994335,28.659560000052124],[-81.3734280003314,28.659569000382618],[-81.37337899992758,28.659553000320003],[-81.37332000037635,28.659524000298934],[-81.3732669997746,28.659493999969676],[-81.37322800031484,28.659447000040927],[-81.3731539997967,28.65939399986117],[-81.37309299969733,28.659345000072697],[-81.37307199978093,28.65932899997596],[-81.37299700033617,28.65928399978926],[-81.37293700006171,28.659255999996205],[-81.37288400035827,28.65922500007581],[-81.3728249999087,28.659191000025437],[-81.3727880000988,28.659179000329566],[-81.37273100019738,28.65914899990157],[-81.37266400025024,28.65911999976874],[-81.37263699958774,28.659109000368574],[-81.37255100027232,28.65907700010062],[-81.37247199973132,28.659033999626597],[-81.37244099976915,28.65901899978703],[-81.37240499978417,28.659000999819096],[-81.37236600032439,28.658969000306396],[-81.37229400035439,28.658930000221993],[-81.37224300030076,28.658902000334386],[-81.37205800035284,28.658806999618257],[-81.37201300014698,28.658781999830328],[-81.37185199959019,28.658688999621162],[-81.37172899956654,28.65863200018952],[-81.37163300020539,28.658622000258433],[-81.37151000018174,28.658622000258433],[-81.37141300009735,28.658634000018004],[-81.37130500014233,28.65867000007682],[-81.37128400022594,28.658689999928942],[-81.37123499982214,28.6587379997162],[-81.37121499973065,28.658788999613925],[-81.37120800005796,28.658806000099815],[-81.37119499963916,28.65884099979317],[-81.37119299998933,28.65887399965098],[-81.37118999961629,28.658925000270752],[-81.37118499959341,28.658992000228118],[-81.37118799996647,28.659039000360856],[-81.37118999961629,28.659073999976425],[-81.37117100024803,28.659340999654606],[-81.3711689996999,28.65936999972636],[-81.37116600022514,28.659401999904876],[-81.37116100020229,28.65949800038193],[-81.37116000037737,28.65951499996457],[-81.37115899965414,28.65952999973316],[-81.37115000033164,28.659590999873448],[-81.37114600013368,28.659618000066324],[-81.37113500026301,28.659677999857063],[-81.37111400034662,28.65971799996115],[-81.37106300029299,28.659745000121365],[-81.37104800022438,28.6597539996477],[-81.37102800013291,28.659738999911184],[-81.37084800020786,28.660431999843365],[-81.37086800029932,28.660605999918886],[-81.37089199969046,28.66075599988808],[-81.3709860003001,28.660826000325784],[-81.37117200007295,28.660785999856163],[-81.37119100033951,28.660771000267363],[-81.37129099989863,28.660749000235903],[-81.37208000009413,28.660751000023932],[-81.37237200017219,28.66075299981199],[-81.37249500019584,28.66075400010015],[-81.37253700002863,28.66075500038821],[-81.37303300032117,28.660779000205984],[-81.37319900000253,28.660787000143994],[-81.37368100005138,28.660785999856163]]]},"properties":{"block_id":"121170218062000","school_id":"sch_spring_lake_elementary_school","kids_est":5,"class":"red","shortest":{"len_m":9852.2,"mean_c":36.59,"peak_c":37.2,"dose":491.8},"coolest":{"len_m":9852.2,"mean_c":36.59,"peak_c":37.2,"dose":491.8},"delta_mean_c":0.0,"delta_dose_pct":0,"distance_mi":2.299,"status_now":"bus","status_rec":"bus_eligible","reason":"Coolest route mean 36.6C exceeds threshold (110 C-min dose, actual 492).","safe_until_hour":"11:00"}},{"type":"Feature","geometry":{"type":"Polygon","coordinates":[[[-81.40431900042037,28.657145000112585],[-81.40431900042037,28.656779999984163],[-81.40414799981784,28.65677600025649],[-81.40363499980684,28.6567660001483],[-81.40346499992754,28.656762999958026],[-81.40345900007974,28.657126000288407],[-81.40344400001113,28.658215000044642],[-81.40343899998827,28.658579000385995],[-81.40361499971536,28.658584000353727],[-81.40414299979496,28.65860100008459],[-81.40431900042037,28.65860700035991],[-81.40431900042037,28.65824100027985],[-81.40431900042037,28.657145000112585]]]},"properties":{"block_id":"121170217054003","school_id":"sch_spring_lake_elementary_school","kids_est":4,"class":"green","shortest":{"len_m":938.5,"mean_c":37.18,"peak_c":37.2,"dose":54.7},"coolest":{"len_m":938.5,"mean_c":37.18,"peak_c":37.2,"dose":54.7},"delta_mean_c":0.0,"delta_dose_pct":0,"distance_mi":0.401,"status_now":"walk","status_rec":"walk","reason":"Shortest route already under threshold (dose 55).","safe_until_hour":null}},{"type":"Feature","geometry":{"type":"Polygon","coordinates":[[[-81.40618499979317,28.653390999811098],[-81.40620400005973,28.653038999988592],[-81.40617899994537,28.652714000167087],[-81.40610500032552,28.652537999661345],[-81.40606699979239,28.652499000337908],[-81.40577399988942,28.652378000020242],[-81.4055119999486,28.652366999912758],[-81.40501300018133,28.652361999648562],[-81.4042020002445,28.652443999852505],[-81.40380300003635,28.652550000117316],[-81.40364700040072,28.65259199973149],[-81.40330400026905,28.652790000276227],[-81.40303499975722,28.653048999663923],[-81.40277899966419,28.653363000020764],[-81.40295199991655,28.653476000283135],[-81.40347199960021,28.653815999905536],[-81.4036459996775,28.653930000032968],[-81.40402700034232,28.65421000002723],[-81.4043639997279,28.65439699998708],[-81.40463800026261,28.654463000125137],[-81.40469400033909,28.654474000012677],[-81.40475500043847,28.654475999920486],[-81.40497499964818,28.654486000247093],[-81.40524300033508,28.654413999608547],[-81.40557999972067,28.65422200029185],[-81.40587400034686,28.654065999898318],[-81.40590399958576,28.65405100013634],[-81.40609799975452,28.6538309997012],[-81.40618499979317,28.65358899963541],[-81.40618499979317,28.653390999811098]]]},"properties":{"block_id":"121170217061006","school_id":"sch_spring_lake_elementary_school","kids_est":4,"class":"red","shortest":{"len_m":9038.3,"mean_c":36.71,"peak_c":37.2,"dose":465.1},"coolest":{"len_m":9038.3,"mean_c":36.71,"peak_c":37.2,"dose":465.1},"delta_mean_c":0.0,"delta_dose_pct":0,"distance_mi":0.549,"status_now":"walk","status_rec":"bus_eligible","reason":"Coolest route mean 36.7C exceeds threshold (110 C-min dose, actual 465).","safe_until_hour":"11:00"}},{"type":"Feature","geometry":{"type":"Polygon","coordinates":[[[-81.40173599992377,28.657101000099676],[-81.40174299959646,28.65674099987373],[-81.40156400039464,28.656737999682683],[-81.40102899974403,28.656732000088663],[-81.40085100036711,28.656730000223956],[-81.40084700016915,28.657092000345575],[-81.40083499957527,28.658181999979387],[-81.40083200010054,28.65854500012611],[-81.40100700000272,28.65854500012611],[-81.40153500008232,28.65854500012611],[-81.40171099980941,28.658545999647046],[-81.40171699965721,28.658185000129052],[-81.40173599992377,28.657101000099676]]]},"properties":{"block_id":"121170217054001","school_id":"sch_spring_lake_elementary_school","kids_est":2,"class":"green","shortest":{"len_m":1134.9,"mean_c":37.18,"peak_c":37.2,"dose":65.9},"coolest":{"len_m":1134.9,"mean_c":37.18,"peak_c":37.2,"dose":65.9},"delta_mean_c":0.0,"delta_dose_pct":0,"distance_mi":0.552,"status_now":"walk","status_rec":"walk","reason":"Shortest route already under threshold (dose 66).","safe_until_hour":null}},{"type":"Feature","geometry":{"type":"Polygon","coordinates":[[[-81.39454500044744,28.651600999695727],[-81.39452000033307,28.651577999729277],[-81.39447799960197,28.651539999636533],[-81.39425599984412,28.651334000014383],[-81.39411500027713,28.651203000078596],[-81.3939229997582,28.651025999809164],[-81.3939229997582,28.65097799964445],[-81.39392199993328,28.650926999888885],[-81.39392199993328,28.650903999774613],[-81.39447599995215,28.650903999774613],[-81.39447500012723,28.65057800004572],[-81.39448099997503,28.650277999936634],[-81.39446799955623,28.64871899981271],[-81.3943739998449,28.648710000127476],[-81.3921979999524,28.648704000074172],[-81.39220700017322,28.648763999803833],[-81.39212900035542,28.648889000378556],[-81.39201300000447,28.64907499996788],[-81.39203899994374,28.64924299994913],[-81.39218100023396,28.649424000082984],[-81.39232299962586,28.64960499990441],[-81.39256899967316,28.649838000116162],[-81.3927760002607,28.65000599966347],[-81.3929310000714,28.65010899964702],[-81.39299999966838,28.65030199978774],[-81.3929879999728,28.650378000068336],[-81.39299200017076,28.650397999925584],[-81.39302099958478,28.65043900001512],[-81.39300399986635,28.650507999860498],[-81.39300600041447,28.650576999660473],[-81.39301999975986,28.65061700008358],[-81.39305800029302,28.650681000255787],[-81.39309500010293,28.65070800037828],[-81.39314699998147,28.650736000089218],[-81.3931839997914,28.650726999788784],[-81.39322399997438,28.650693999731683],[-81.3932979995942,28.650687999791835],[-81.39336700008951,28.650710999953535],[-81.39347400021963,28.65076999972818],[-81.39353500031899,28.650841999715613],[-81.39366599984024,28.650951999973127],[-81.39371299969591,28.6510159999409],[-81.39377399979529,28.65104400035793],[-81.39384800031344,28.651087000167333],[-81.39389000014623,28.651131000339078],[-81.39408199976685,28.651297000211557],[-81.39417700020142,28.65141699982277],[-81.3943310001872,28.651542999976265],[-81.39445599986068,28.65158899991948],[-81.39454500044744,28.651600999695727]]]},"properties":{"block_id":"121170217061023","school_id":"sch_spring_lake_elementary_school","kids_est":0,"class":"red","shortest":{"len_m":6897.7,"mean_c":36.72,"peak_c":37.2,"dose":355.9},"coolest":{"len_m":6897.7,"mean_c":36.72,"peak_c":37.2,"dose":355.9},"delta_mean_c":0.0,"delta_dose_pct":0,"distance_mi":1.221,"status_now":"walk","status_rec":"bus_eligible","reason":"Coolest route mean 36.7C exceeds threshold (110 C-min dose, actual 356).","safe_until_hour":"11:00"}},{"type":"Feature","geometry":{"type":"Polygon","coordinates":[[[-81.40008499973783,28.648993999894817],[-81.40009300013375,28.648667999746877],[-81.4000770002402,28.64839300038661],[-81.4000620001716,28.64811800030527],[-81.39990599963768,28.647946999656],[-81.39974400015427,28.647887000247298],[-81.39960000021424,28.647866999911198],[-81.39958099994767,28.64786499987735],[-81.39932599967953,28.647854000084816],[-81.39908600037835,28.64787500004606],[-81.3989640001796,28.647887000247298],[-81.39866399970563,28.647919999610973],[-81.39844600014574,28.647979999789154],[-81.39839099989416,28.64802300006658],[-81.39820299957319,28.648172999906212],[-81.398139999824,28.6484089997872],[-81.39813800017417,28.648429999637315],[-81.39812800012842,28.64857399962239],[-81.39815900009057,28.648794000049975],[-81.39823400043363,28.64896999974437],[-81.39839900029007,28.64914199991293],[-81.3985830004131,28.649333999859493],[-81.39871399993434,28.649432999706914],[-81.3988300002853,28.64951000022435],[-81.39891300012597,28.649564999883637],[-81.39929399989249,28.649850999696607],[-81.3995690002521,28.650044000312082],[-81.39981799977411,28.650220000273734],[-81.40000500027018,28.649999999684272],[-81.40001899961558,28.649963999801912],[-81.40006100034668,28.649862000068026],[-81.40007999971495,28.649674999904008],[-81.40007999971495,28.6492289998953],[-81.40008499973783,28.648993999894817]]]},"properties":{"block_id":"121170217061003","school_id":"sch_spring_lake_elementary_school","kids_est":2,"class":"red","shortest":{"len_m":9460.8,"mean_c":36.71,"peak_c":37.2,"dose":487.3},"coolest":{"len_m":9460.8,"mean_c":36.71,"peak_c":37.2,"dose":487.3},"delta_mean_c":0.0,"delta_dose_pct":0,"distance_mi":0.998,"status_now":"walk","status_rec":"bus_eligible","reason":"Coolest route mean 36.7C exceeds threshold (110 C-min dose, actual 487).","safe_until_hour":"10:00"}},{"type":"Feature","geometry":{"type":"Polygon","coordinates":[[[-81.38163499978396,28.648280000165215],[-81.38163599960887,28.64795200013075],[-81.38161100039282,28.64785899977565],[-81.38154899957023,28.647787000105353],[-81.38141100037627,28.64777099982151],[-81.38137799986602,28.64777099982151],[-81.38086499985502,28.647774000269077],[-81.3806940001508,28.647776000304656],[-81.38068400010505,28.648197000239033],[-81.38065800016578,28.64946099975827],[-81.38064899994495,28.64988299962713],[-81.3807229995648,28.649999999684272],[-81.38094799969569,28.65035400023462],[-81.38102300003877,28.650472000152533],[-81.38113400036686,28.650423999734294],[-81.38126599971301,28.650368000138283],[-81.38148800036916,28.65036699975105],[-81.38160999966959,28.650362000179797],[-81.38162100043857,28.6498409997163],[-81.38162899993617,28.649530999854],[-81.38163499978396,28.64888199993409],[-81.38163499978396,28.648280000165215]]]},"properties":{"block_id":"121170218051005","school_id":"sch_spring_lake_elementary_school","kids_est":4,"class":"red","shortest":{"len_m":8503.3,"mean_c":36.63,"peak_c":37.2,"dose":429.0},"coolest":{"len_m":8503.3,"mean_c":36.63,"peak_c":37.2,"dose":429.0},"delta_mean_c":0.0,"delta_dose_pct":0,"distance_mi":1.902,"status_now":"walk","status_rec":"bus_eligible","reason":"Coolest route mean 36.6C exceeds threshold (110 C-min dose, actual 429).","safe_until_hour":"11:00"}},{"type":"Feature","geometry":{"type":"Polygon","coordinates":[[[-81.39478100044899,28.642806999678754],[-81.39476200018242,28.642064000285277],[-81.39474299991585,28.64188800004002],[-81.39466199972499,28.64178299971729],[-81.39456899983858,28.641745000017522],[-81.39416600033076,28.64173299990207],[-81.39413199999557,28.64173299990207],[-81.39380800013046,28.64173900035414],[-81.39365800034264,28.641809999765268],[-81.39350799965649,28.641920000034943],[-81.39368299955869,28.642157000259804],[-81.39369299960443,28.642179000250184],[-81.39376999959731,28.642355000007225],[-81.39379499971169,28.642625000278933],[-81.3937820001912,28.643042999807815],[-81.39377399979529,28.643120000286196],[-81.39374500038127,28.64343900031462],[-81.39401900001766,28.64341699980007],[-81.39419399991985,28.64334599989985],[-81.39440599963196,28.643220000147434],[-81.39449299967059,28.643170000228736],[-81.39469299968714,28.64300499977614],[-81.39478100044899,28.642806999678754]]]},"properties":{"block_id":"121170217061007","school_id":"sch_spring_lake_elementary_school","kids_est":0,"class":"red","shortest":{"len_m":3216.9,"mean_c":37.11,"peak_c":37.2,"dose":183.3},"coolest":{"len_m":3216.9,"mean_c":37.11,"peak_c":37.2,"dose":183.3},"delta_mean_c":0.0,"delta_dose_pct":0,"distance_mi":1.529,"status_now":"walk","status_rec":"bus_eligible","reason":"Coolest route mean 37.1C exceeds threshold (110 C-min dose, actual 183).","safe_until_hour":"11:00"}},{"type":"Feature","geometry":{"type":"Polygon","coordinates":[[[-81.39995400021657,28.65708900016464],[-81.39996500008722,28.656723999841198],[-81.39978900036013,28.65671899978474],[-81.39926100028052,28.656706000267512],[-81.3990849996551,28.65670199974871],[-81.39907100030972,28.65707000033032],[-81.39903199995166,28.65817599967974],[-81.39902899957862,28.65826400036129],[-81.39902199990591,28.65854500012611],[-81.39920000018114,28.658545999647046],[-81.39973499993344,28.65854899978629],[-81.39991400003359,28.658550999616356],[-81.39992400007932,28.658185000129052],[-81.39995400021657,28.65708900016464]]]},"properties":{"block_id":"121170217054002","school_id":"sch_spring_lake_elementary_school","kids_est":2,"class":"green","shortest":{"len_m":1118.4,"mean_c":37.15,"peak_c":37.2,"dose":64.6},"coolest":{"len_m":1118.4,"mean_c":37.15,"peak_c":37.2,"dose":64.6},"delta_mean_c":0.0,"delta_dose_pct":0,"distance_mi":0.657,"status_now":"walk","status_rec":"walk","reason":"Shortest route already under threshold (dose 65).","safe_until_hour":null}},{"type":"Feature","geometry":{"type":"Polygon","coordinates":[[[-81.40814300012578,28.661273999655187],[-81.4081439999507,28.66081700010321],[-81.40779699962106,28.660818000390737],[-81.40779900016919,28.66005299993853],[-81.40779900016919,28.66001900015671],[-81.40779900016919,28.65999699996742],[-81.40779900016919,28.65994599986919],[-81.40779900016919,28.659904000047824],[-81.40779900016919,28.659751000331216],[-81.40795200033007,28.659527999921774],[-81.40799199961474,28.65946900034565],[-81.40811800001143,28.65915800026736],[-81.40803799964549,28.65904100018158],[-81.40779800034427,28.658689999928942],[-81.40771799997835,28.65857399962978],[-81.40762500009193,28.658454000326824],[-81.40740699963372,28.658173000318094],[-81.40733100036405,28.658112000140964],[-81.40721300036327,28.65801900012565],[-81.40708899961639,28.65821699988108],[-81.40696800014089,28.658393999835585],[-81.40694600039959,28.658426000312033],[-81.40672000044377,28.658755999729298],[-81.40695499972209,28.65888699968767],[-81.40712799997446,28.65915399984213],[-81.40724900034829,28.65939699997614],[-81.40728699998311,28.659442999626727],[-81.40713299999733,28.65944800034148],[-81.40706299967714,28.659450000154397],[-81.40696300011801,28.659453999780048],[-81.40660200044299,28.659427000333153],[-81.40660400009283,28.659745999630864],[-81.40660400009283,28.659767000363544],[-81.40660400009283,28.659831999977158],[-81.40660499991773,28.65985400020107],[-81.40660499991773,28.65995599967397],[-81.40660699956754,28.66026499995227],[-81.40660800029079,28.660368000105354],[-81.40659800024503,28.660667999722],[-81.40659599969689,28.660752000312097],[-81.40657200030577,28.661569000006736],[-81.40657099958254,28.661609999669263],[-81.40656599955967,28.661745000328718],[-81.4073489999074,28.661745000328718],[-81.40764400035849,28.661759999778212],[-81.40779400014632,28.661773000245244],[-81.40779599979614,28.6612749999383],[-81.40814300012578,28.661273999655187]]]},"properties":{"block_id":"121170217052017","school_id":"sch_spring_lake_elementary_school","kids_est":1,"class":"green","shortest":{"len_m":677.8,"mean_c":37.2,"peak_c":37.2,"dose":39.6},"coolest":{"len_m":677.8,"mean_c":37.2,"peak_c":37.2,"dose":39.6},"delta_mean_c":0.0,"delta_dose_pct":0,"distance_mi":0.169,"status_now":"walk","status_rec":"walk","reason":"Shortest route already under threshold (dose 40).","safe_until_hour":null}},{"type":"Feature","geometry":{"type":"Polygon","coordinates":[[[-81.41043000034637,28.6554360001222],[-81.4104329998211,28.65530100000909],[-81.41026999961447,28.65530200034925],[-81.40978400026599,28.655309000365204],[-81.40962199988428,28.65531199980877],[-81.40945100018006,28.655308000025084],[-81.40893800016907,28.655297999776884],[-81.40876699956654,28.65529500033291],[-81.40845100009736,28.65531199980877],[-81.4082500002559,28.655322999607307],[-81.408025000125,28.655272999940557],[-81.40796300020072,28.65514700032768],[-81.40794899995701,28.654773000384864],[-81.4079189998198,28.65452999978082],[-81.40788200000986,28.65447000019703],[-81.40780699966679,28.654447999631582],[-81.40771299995548,28.654447999631582],[-81.40761400022127,28.65446399968499],[-81.40746400043344,28.65450299985413],[-81.40740800035694,28.65453600028916],[-81.40731999959507,28.654579999801907],[-81.40728899963294,28.65461800036957],[-81.40727000026467,28.65465699969317],[-81.40723299955646,28.654761000183374],[-81.40725199982302,28.65500299990902],[-81.4072710000896,28.65568499985728],[-81.40728299978517,28.656115000198152],[-81.40790999959896,28.656110999656807],[-81.4097919997636,28.65610100027349],[-81.41042000030063,28.656098999608453],[-81.41042100012552,28.65601100026274],[-81.41042199995044,28.65593899988318],[-81.41043000034637,28.655460000369324],[-81.41043000034637,28.6554360001222]]]},"properties":{"block_id":"121170217054013","school_id":"sch_spring_lake_elementary_school","kids_est":1,"class":"green","shortest":{"len_m":497.4,"mean_c":37.2,"peak_c":37.2,"dose":28.9},"coolest":{"len_m":497.4,"mean_c":37.2,"peak_c":37.2,"dose":28.9},"delta_mean_c":0.0,"delta_dose_pct":0,"distance_mi":0.304,"status_now":"walk","status_rec":"walk","reason":"Shortest route already under threshold (dose 29).","safe_until_hour":null}},{"type":"Feature","geometry":{"type":"Polygon","coordinates":[[[-81.39362499983237,28.661410000241062],[-81.39362499983237,28.6612389999859],[-81.39353799979372,28.661074000374143],[-81.39336299989154,28.660842999693063],[-81.39329500011948,28.660673000378306],[-81.39326400015734,28.660139000032963],[-81.39325099973856,28.65973200019107],[-81.39327000000513,28.659187000389682],[-81.39325199956346,28.659015999661232],[-81.393234999845,28.65899799969279],[-81.39318899981426,28.65895000002457],[-81.39310799962341,28.658917000190634],[-81.39308599988209,28.658915000367603],[-81.39256000035063,28.658879000392933],[-81.39238500044846,28.65886699987312],[-81.39226599972446,28.658866000355246],[-81.3919100000723,28.65886399974297],[-81.39179200007152,28.65886399974297],[-81.39149599979551,28.658861999918884],[-81.39060899969071,28.658856999964385],[-81.39031400013793,28.658855999658144],[-81.39031300031301,28.65887300013317],[-81.39031099976489,28.658925000270752],[-81.39031099976489,28.65894300025174],[-81.39030699956693,28.659075999796478],[-81.39030699956693,28.659099999998578],[-81.39031199958981,28.659346999887585],[-81.39031300031301,28.65935600023636],[-81.3903190001608,28.6599450003616],[-81.39032800038164,28.660561999782075],[-81.39033500005434,28.66096800005652],[-81.39034000007719,28.66132300011842],[-81.390417999895,28.66187500021561],[-81.3914380000692,28.661886000113725],[-81.39358700019754,28.661775000013748],[-81.39362499983237,28.661410000241062]]]},"properties":{"block_id":"121170217053010","school_id":"sch_spring_lake_elementary_school","kids_est":2,"class":"red","shortest":{"len_m":8086.8,"mean_c":36.66,"peak_c":37.2,"dose":410.5},"coolest":{"len_m":8086.8,"mean_c":36.66,"peak_c":37.2,"dose":410.5},"delta_mean_c":0.0,"delta_dose_pct":0,"distance_mi":1.106,"status_now":"walk","status_rec":"bus_eligible","reason":"Coolest route mean 36.7C exceeds threshold (110 C-min dose, actual 410).","safe_until_hour":"11:00"}},{"type":"Feature","geometry":{"type":"Polygon","coordinates":[[[-81.38869499973903,28.661792000015378],[-81.38869700028717,28.661759999778212],[-81.38869499973903,28.661260999914518],[-81.38869499973903,28.66108400007133],[-81.3886930000892,28.66062600018991],[-81.38868700024143,28.65925200036293],[-81.38868600041651,28.658794000359872],[-81.38858900033215,28.658969999823285],[-81.38843299979821,28.659255999996205],[-81.388446000217,28.660490000163367],[-81.38845999956239,28.661744000050085],[-81.38845999956239,28.661812000060177],[-81.38869399991412,28.661812000060177],[-81.38869499973903,28.661792000015378]]]},"properties":{"block_id":"121170218031002","school_id":"sch_spring_lake_elementary_school","kids_est":0,"class":"red","shortest":{"len_m":7964.7,"mean_c":36.66,"peak_c":37.2,"dose":404.7},"coolest":{"len_m":7964.7,"mean_c":36.66,"peak_c":37.2,"dose":404.7},"delta_mean_c":0.0,"delta_dose_pct":0,"distance_mi":1.304,"status_now":"walk","status_rec":"bus_eligible","reason":"Coolest route mean 36.7C exceeds threshold (110 C-min dose, actual 405).","safe_until_hour":"11:00"}},{"type":"Feature","geometry":{"type":"Polygon","coordinates":[[[-81.40150300029526,28.646863999843685],[-81.40149099970138,28.64642399989039],[-81.40147200033314,28.64617599987735],[-81.40139699999006,28.64596700025661],[-81.40132199964698,28.64579100025299],[-81.40105399985838,28.645301000049024],[-81.40095400029925,28.64517199975781],[-81.40091699959103,28.645124999716202],[-81.40078600006979,28.644986999992263],[-81.40065499965021,28.644926999678663],[-81.4005490002433,28.644883000057536],[-81.40035000005169,28.644849999738334],[-81.39984399971338,28.6449050002646],[-81.3997380003065,28.644937999778158],[-81.39956400022922,28.64499300025827],[-81.39927700017405,28.64516800037575],[-81.39913900008179,28.6453560003388],[-81.39908899985306,28.645614000309845],[-81.39910200027185,28.64622500030155],[-81.39910200027185,28.646456999714434],[-81.39910200027185,28.64654999973597],[-81.39917000004392,28.646846999786636],[-81.3992820001969,28.647038999992922],[-81.3995130001756,28.646957000292716],[-81.39966899981121,28.646902000054094],[-81.39995599986638,28.646852000313775],[-81.40023399970075,28.646852000313775],[-81.40047999974803,28.646852999946184],[-81.40119100012572,28.646859999737757],[-81.40150300029526,28.646863999843685]]]},"properties":{"block_id":"121170217061002","school_id":"sch_spring_lake_elementary_school","kids_est":1,"class":"red","shortest":{"len_m":9801.0,"mean_c":36.72,"peak_c":37.2,"dose":506.4},"coolest":{"len_m":9801.0,"mean_c":36.72,"peak_c":37.2,"dose":506.4},"delta_mean_c":0.0,"delta_dose_pct":0,"distance_mi":1.121,"status_now":"walk","status_rec":"bus_eligible","reason":"Coolest route mean 36.7C exceeds threshold (110 C-min dose, actual 506).","safe_until_hour":"10:00"}},{"type":"Feature","geometry":{"type":"Polygon","coordinates":[[[-81.39807000040211,28.644538999660046],[-81.39807299987685,28.644178000009802],[-81.39765799977513,28.644184000322028],[-81.3964159998431,28.644203000126065],[-81.39600199956632,28.644210000094507],[-81.39588100009081,28.644210000094507],[-81.39551799986765,28.644210000094507],[-81.39539700039214,28.644210000094507],[-81.39541400011058,28.64499300025827],[-81.3954159997604,28.64507900009121],[-81.39546599998911,28.645305000214403],[-81.3955279999134,28.64547000020259],[-81.39582099981635,28.645641000160136],[-81.39641300036837,28.64588899986147],[-81.39665000019484,28.645970999608277],[-81.3967880002871,28.64598799980736],[-81.39727600018371,28.64598799980736],[-81.39806000035637,28.64598799980736],[-81.39806200000619,28.645625999981394],[-81.39807000040211,28.644538999660046]]]},"properties":{"block_id":"121170217061010","school_id":"sch_spring_lake_elementary_school","kids_est":0,"class":"red","shortest":{"len_m":3278.1,"mean_c":37.1,"peak_c":37.2,"dose":186.6},"coolest":{"len_m":3278.1,"mean_c":37.1,"peak_c":37.2,"dose":186.6},"delta_mean_c":0.0,"delta_dose_pct":0,"distance_mi":1.294,"status_now":"walk","status_rec":"bus_eligible","reason":"Coolest route mean 37.1C exceeds threshold (110 C-min dose, actual 187).","safe_until_hour":"11:00"}},{"type":"Feature","geometry":{"type":"Polygon","coordinates":[[[-81.39318200014158,28.646053000079338],[-81.39317299992074,28.6457349997599],[-81.39317000044602,28.645590000174323],[-81.39312699988999,28.644901999734962],[-81.39310500014867,28.644785999949665],[-81.39309599992785,28.644736999641605],[-81.39297100025438,28.644501000170283],[-81.39272100000912,28.64436899992711],[-81.3926709997804,28.644355000010986],[-81.39259700016056,28.644336000234542],[-81.39244700037274,28.644313999908128],[-81.3922909998388,28.64430800039168],[-81.39199799993585,28.644357000111764],[-81.39170699968271,28.64449099967988],[-81.39140499955893,28.64463199980542],[-81.3913049999998,28.644686000004622],[-81.39112500007475,28.644785999949665],[-81.39099899967806,28.64483700032642],[-81.39089400009607,28.644880000315645],[-81.39095000017258,28.645077999653527],[-81.39094799962442,28.645159000385856],[-81.39094299960156,28.645561999877888],[-81.39095000017258,28.646022000197213],[-81.39095500019543,28.64631000027512],[-81.39107400002112,28.646265999657434],[-81.3911989996946,28.646243999735844],[-81.39142999967329,28.646134999697907],[-81.3917479996906,28.646007999713397],[-81.39191799956991,28.645980999957583],[-81.39217200001312,28.645941999772408],[-81.39238399972523,28.64595099969517],[-81.39241499968738,28.645952999765456],[-81.39255199995472,28.645985999737686],[-81.3927829999334,28.646096000358444],[-81.39295799983559,28.646140000259052],[-81.39298700014791,28.646134999697907],[-81.39302599960766,28.646129999924916],[-81.39318200014158,28.646053000079338]]]},"properties":{"block_id":"121170217061008","school_id":"sch_spring_lake_elementary_school","kids_est":2,"class":"red","shortest":{"len_m":6162.8,"mean_c":36.78,"peak_c":37.2,"dose":323.2},"coolest":{"len_m":6162.8,"mean_c":36.78,"peak_c":37.2,"dose":323.2},"delta_mean_c":0.0,"delta_dose_pct":0,"distance_mi":1.478,"status_now":"walk","status_rec":"bus_eligible","reason":"Coolest route mean 36.8C exceeds threshold (110 C-min dose, actual 323).","safe_until_hour":"11:00"}},{"type":"Feature","geometry":{"type":"Polygon","coordinates":[[[-81.38632200020304,28.656322999759514],[-81.38630399976137,28.65568499985728],[-81.38629899973849,28.65549000027643],[-81.38628600021804,28.65493700011093],[-81.38629700008867,28.65462000027462],[-81.38566799972673,28.65462000027462],[-81.38361099965991,28.65462700033603],[-81.38337899985633,28.65462999979919],[-81.38330199986345,28.65463199970395],[-81.38331100008428,28.65530499979308],[-81.38331799975695,28.655789000116066],[-81.38332100013001,28.656056000277765],[-81.38331699993205,28.656167000127216],[-81.38330299968834,28.65654900008854],[-81.38332600015286,28.657153000327927],[-81.38333000035082,28.657352999995332],[-81.3840380003555,28.65735199967473],[-81.3840240001118,28.65756800011871],[-81.38401599971587,28.65769700013876],[-81.38399499979947,28.657764000092666],[-81.38390500028609,28.65782900016001],[-81.38394100027111,28.658238000131778],[-81.38442900016774,28.65831700032407],[-81.38443400019062,28.658302999905175],[-81.38446900035072,28.658215000044642],[-81.38448000022137,28.658193000265033],[-81.38451100018352,28.658137000088608],[-81.38459400002418,28.65798999968015],[-81.38498099963849,28.657670999768634],[-81.38541699965657,28.657445000281754],[-81.38582300043575,28.65728000021613],[-81.38605400041443,28.65713199985987],[-81.38619699963125,28.656905999999353],[-81.38627199997431,28.656713999728108],[-81.38632200020304,28.656322999759514]],[[-81.38509899963924,28.65640199981832],[-81.38510600021026,28.65657600027664],[-81.38500599975285,28.656609000059195],[-81.38472500044375,28.65664699989141],[-81.38468799973552,28.65666000020425],[-81.38458800017641,28.65669699969121],[-81.38457599958254,28.65670199974871],[-81.38441999994691,28.656890999855317],[-81.38416399985387,28.657202999886398],[-81.38379200030819,28.657192000285157],[-81.38353399966702,28.65718599992885],[-81.38346500007005,28.65704300026943],[-81.38346400024516,28.656980000363095],[-81.38346000004717,28.656317000141815],[-81.38345900022227,28.656096000187393],[-81.38345699967414,28.656013999686294],[-81.3834540001994,28.65577000004617],[-81.38345300037449,28.655688999626577],[-81.3834469996284,28.65527699972557],[-81.38345099982635,28.655020999775154],[-81.3834540001994,28.65486400022612],[-81.38348500016154,28.654798000340474],[-81.38354100023804,28.65477599984384],[-81.38443900021349,28.654764999987925],[-81.38496899994291,28.65478200033803],[-81.38503199969209,28.654843000087823],[-81.38505699980645,28.654963999925876],[-81.38505799963137,28.65503800008376],[-81.38507500024812,28.65570599982693],[-81.38508000027099,28.655879999863764],[-81.3850869999437,28.65609199964531],[-81.38509899963924,28.65640199981832]]]},"properties":{"block_id":"121170218032006","school_id":"sch_spring_lake_elementary_school","kids_est":2,"class":"red","shortest":{"len_m":10444.0,"mean_c":36.57,"peak_c":37.2,"dose":517.9},"coolest":{"len_m":10444.0,"mean_c":36.57,"peak_c":37.2,"dose":517.9},"delta_mean_c":0.0,"delta_dose_pct":0,"distance_mi":1.532,"status_now":"walk","status_rec":"bus_eligible","reason":"Coolest route mean 36.6C exceeds threshold (110 C-min dose, actual 518).","safe_until_hour":"11:00"}},{"type":"Feature","geometry":{"type":"Polygon","coordinates":[[[-81.38381200039969,28.660724000122894],[-81.3838059996536,28.660659000274123],[-81.38378800011024,28.660433000134518],[-81.3837639998208,28.660347999785046],[-81.38374999957708,28.66029999994671],[-81.3837069999194,28.660261999862055],[-81.38365000001798,28.66025099979353],[-81.38214699997003,28.66025000028884],[-81.38214699997003,28.66065499990618],[-81.38214699997003,28.661054000188535],[-81.38335700011503,28.66106500017287],[-81.38366900028456,28.6610490003386],[-81.3837439997293,28.66101600037722],[-81.38378100043755,28.660966000272627],[-81.38381200039969,28.660724000122894]]]},"properties":{"block_id":"121170218032005","school_id":"sch_spring_lake_elementary_school","kids_est":0,"class":"red","shortest":{"len_m":9855.2,"mean_c":36.59,"peak_c":37.2,"dose":491.8},"coolest":{"len_m":9855.2,"mean_c":36.59,"peak_c":37.2,"dose":491.8},"delta_mean_c":0.0,"delta_dose_pct":0,"distance_mi":1.645,"status_now":"walk","status_rec":"bus_eligible","reason":"Coolest route mean 36.6C exceeds threshold (110 C-min dose, actual 492).","safe_until_hour":"11:00"}},{"type":"Feature","geometry":{"type":"Polygon","coordinates":[[[-81.38378200026246,28.659161000389098],[-81.38376999966859,28.65872100000756],[-81.38368199980503,28.658665999632966],[-81.38352699999434,28.65865000022081],[-81.38302700040214,28.65865500018518],[-81.3829329997925,28.65865500018518],[-81.38214199994717,28.65865500018518],[-81.38213899957411,28.658814999706774],[-81.3821310000765,28.6592969997751],[-81.38212900042669,28.659458000193826],[-81.38292000027202,28.659458000193826],[-81.38358899991862,28.65945899970606],[-81.3837069999194,28.65943099995971],[-81.38376899984367,28.6593380003263],[-81.38378200026246,28.659161000389098]]]},"properties":{"block_id":"121170218032004","school_id":"sch_spring_lake_elementary_school","kids_est":0,"class":"red","shortest":{"len_m":10500.8,"mean_c":36.57,"peak_c":37.2,"dose":520.5},"coolest":{"len_m":10500.8,"mean_c":36.57,"peak_c":37.2,"dose":520.5},"delta_mean_c":0.0,"delta_dose_pct":0,"distance_mi":1.645,"status_now":"walk","status_rec":"bus_eligible","reason":"Coolest route mean 36.6C exceeds threshold (110 C-min dose, actual 520).","safe_until_hour":"11:00"}},{"type":"Feature","geometry":{"type":"Polygon","coordinates":[[[-81.37715699960225,28.65959899990213],[-81.377138000234,28.659511000341233],[-81.37705299984518,28.659267999683195],[-81.37703799977655,28.65922500007581],[-81.37690800008022,28.658961000229635],[-81.37685200000372,28.65877899969775],[-81.37664600013939,28.65886699987312],[-81.37647100023722,28.65892700009364],[-81.37633399996986,28.659003999945323],[-81.3761399998011,28.659091999931828],[-81.37605299976246,28.65911999976874],[-81.3759220002412,28.659124999710684],[-81.37589700012686,28.65925200036293],[-81.37587799986028,28.659493999969676],[-81.37593399993679,28.660401999773974],[-81.37593300011187,28.66075400010015],[-81.37714999992954,28.660738000218405],[-81.37715599977734,28.66029800015008],[-81.37655800027585,28.660307999921347],[-81.37644500029795,28.660274999726628],[-81.37642000018359,28.66017099997673],[-81.37645199997064,28.660065999829005],[-81.37656400012362,28.659977999871874],[-81.37673200035312,28.65987399982732],[-81.37696900017957,28.659758000050044],[-81.37710100042406,28.659669999834346],[-81.37715699960225,28.65959899990213]]]},"properties":{"block_id":"121170218062003","school_id":"sch_spring_lake_elementary_school","kids_est":2,"class":"red","shortest":{"len_m":9852.2,"mean_c":36.59,"peak_c":37.2,"dose":491.8},"coolest":{"len_m":9852.2,"mean_c":36.59,"peak_c":37.2,"dose":491.8},"delta_mean_c":0.0,"delta_dose_pct":0,"distance_mi":2.038,"status_now":"bus","status_rec":"bus_eligible","reason":"Coolest route mean 36.6C exceeds threshold (110 C-min dose, actual 492).","safe_until_hour":"11:00"}},{"type":"Feature","geometry":{"type":"Polygon","coordinates":[[[-81.39351500022751,28.655429000114744],[-81.39354000034186,28.655209000206124],[-81.39347199967148,28.654978000002355],[-81.39339100037894,28.654834000139896],[-81.39327900022596,28.65472999972212],[-81.39322300014946,28.654624999642866],[-81.39320999973066,28.65439399972901],[-81.39300999971412,28.65440299971471],[-81.39296700005642,28.65440499962379],[-81.39270500011558,28.654454999704534],[-81.39250500009905,28.654570000272564],[-81.39245200039561,28.654595999835173],[-81.39227400012038,28.65468600027226],[-81.39216299979229,28.654736000218946],[-81.39205599966216,28.65478499979674],[-81.39188699960776,28.654894999859437],[-81.39185599964563,28.654926999827335],[-81.39183100042959,28.65495499998833],[-81.39178799987356,28.655027000255313],[-81.39177500035309,28.65519199992525],[-81.39177500035309,28.655334999744486],[-81.39185599964563,28.65554399961453],[-81.39189300035386,28.655595999826787],[-81.39196699997372,28.655630999803492],[-81.39209500002023,28.655665999768516],[-81.39222999973944,28.655710999931628],[-81.39234199989244,28.655787999780614],[-81.39238600027336,28.65588399962562],[-81.39237700005252,28.656201000370014],[-81.39246099971812,28.656210000200602],[-81.39266699958245,28.656215000281332],[-81.3929160000028,28.656236999687724],[-81.39323999986789,28.656286999683036],[-81.39339700022671,28.655994999657164],[-81.39348400026537,28.655653999669237],[-81.39351500022751,28.655429000114744]]]},"properties":{"block_id":"121170217061024","school_id":"sch_spring_lake_elementary_school","kids_est":4,"class":"red","shortest":{"len_m":7849.4,"mean_c":36.67,"peak_c":37.2,"dose":399.8},"coolest":{"len_m":7849.4,"mean_c":36.67,"peak_c":37.2,"dose":399.8},"delta_mean_c":0.0,"delta_dose_pct":0,"distance_mi":1.094,"status_now":"walk","status_rec":"bus_eligible","reason":"Coolest route mean 36.7C exceeds threshold (110 C-min dose, actual 400).","safe_until_hour":"11:00"}},{"type":"Feature","geometry":{"type":"Polygon","coordinates":[[[-81.39030300026728,28.655749000089394],[-81.39030300026728,28.655394999621585],[-81.390121999619,28.65540600019965],[-81.3901070004487,28.656158999836624],[-81.39030200044236,28.656186999668595],[-81.39030300026728,28.655749000089394]]]},"properties":{"block_id":"121170217055008","school_id":"sch_spring_lake_elementary_school","kids_est":0,"class":"red","shortest":{"len_m":7389.5,"mean_c":36.69,"peak_c":37.2,"dose":378.4},"coolest":{"len_m":7389.5,"mean_c":36.69,"peak_c":37.2,"dose":378.4},"delta_mean_c":0.0,"delta_dose_pct":0,"distance_mi":1.235,"status_now":"walk","status_rec":"bus_eligible","reason":"Coolest route mean 36.7C exceeds threshold (110 C-min dose, actual 378).","safe_until_hour":"11:00"}},{"type":"Feature","geometry":{"type":"Polygon","coordinates":[[[-81.39032099981063,28.656858000161538],[-81.3903190001608,28.656843000010696],[-81.39031599978776,28.656800999734433],[-81.39031499996285,28.656786999901367],[-81.39030200044236,28.656186999668595],[-81.3901070004487,28.656158999836624],[-81.38913599978,28.656125999912444],[-81.38912999993221,28.656267000160792],[-81.38912300025952,28.65643400011457],[-81.38916099989434,28.65667099986137],[-81.38916900029027,28.65668600003688],[-81.38924200008522,28.65680799965029],[-81.38933499997162,28.65686899979788],[-81.38937099995664,28.65687000012309],[-81.38972800033201,28.656880000221292],[-81.38981500037066,28.656875999709143],[-81.38996299961033,28.65687099965999],[-81.39003399975545,28.65686800026095],[-81.39015199975623,28.656863999748346],[-81.39024899984061,28.656860000023865],[-81.39032099981063,28.656858000161538]]]},"properties":{"block_id":"121170217055007","school_id":"sch_spring_lake_elementary_school","kids_est":5,"class":"red","shortest":{"len_m":7700.7,"mean_c":36.67,"peak_c":37.2,"dose":392.6},"coolest":{"len_m":7700.7,"mean_c":36.67,"peak_c":37.2,"dose":392.6},"delta_mean_c":0.0,"delta_dose_pct":0,"distance_mi":1.254,"status_now":"walk","status_rec":"bus_eligible","reason":"Coolest route mean 36.7C exceeds threshold (110 C-min dose, actual 393).","safe_until_hour":"11:00"}},{"type":"Feature","geometry":{"type":"Polygon","coordinates":[[[-81.38987100044714,28.642887000129388],[-81.38987800011985,28.64282700019131],[-81.38945700017037,28.642252000292775],[-81.38930499983441,28.64204500009387],[-81.38901600012939,28.641734000371603],[-81.38895000000716,28.64166399980254],[-81.38859600000484,28.64119600022659],[-81.38847200015628,28.640954999864697],[-81.38844100019412,28.640768000376852],[-81.38843100014839,28.640644000064757],[-81.38841600007976,28.640469999977267],[-81.38840000018625,28.640224000258282],[-81.38831499979743,28.640224000258282],[-81.38807999962079,28.64022700013336],[-81.388001999803,28.64022900031279],[-81.3879809998866,28.64022900031279],[-81.38806399972727,28.64104899972165],[-81.38817599988027,28.641148000293498],[-81.3883130001476,28.641297000030367],[-81.38842199992756,28.641424999884034],[-81.38859400035501,28.641626999741938],[-81.3893540002382,28.64261199980293],[-81.38938699985017,28.64265400024345],[-81.38970900006544,28.643063999943898],[-81.38986499970105,28.642954000085403],[-81.38987100044714,28.642887000129388]]]},"properties":{"block_id":"121170217061021","school_id":"sch_spring_lake_elementary_school","kids_est":0,"class":"red","shortest":{"len_m":5861.2,"mean_c":36.81,"peak_c":37.2,"dose":309.9},"coolest":{"len_m":5861.2,"mean_c":36.81,"peak_c":37.2,"dose":309.9},"delta_mean_c":0.0,"delta_dose_pct":0,"distance_mi":1.798,"status_now":"walk","status_rec":"bus_eligible","reason":"Coolest route mean 36.8C exceeds threshold (110 C-min dose, actual 310).","safe_until_hour":"11:00"}},{"type":"Feature","geometry":{"type":"Polygon","coordinates":[[[-81.38640500004371,28.653285999967586],[-81.38639800037102,28.65307700032644],[-81.38639300034815,28.652879000323622],[-81.38638499995223,28.652775999907583],[-81.38328199977194,28.652792000216145],[-81.3831090004179,28.652796000095808],[-81.38285300032487,28.652798000035553],[-81.38260200025469,28.65279899961127],[-81.38239399984225,28.652799999975308],[-81.38215000034309,28.65280199991499],[-81.38202099957333,28.65281100003737],[-81.38201999974842,28.65292099980602],[-81.38201600044879,28.653020000208663],[-81.38201399990064,28.653075000391954],[-81.38197000041804,28.653239999980443],[-81.38271799970734,28.653232000254842],[-81.38417800009758,28.65321900030526],[-81.38496399992005,28.653225000100292],[-81.38571299993258,28.653230999894927],[-81.38571399975748,28.653403000169455],[-81.38571700013054,28.653921000006687],[-81.38571799995545,28.653984000174525],[-81.38568699999331,28.654060999715163],[-81.38566400042708,28.654074999912222],[-81.3855870004342,28.654121999884367],[-81.38529399963292,28.654143999729968],[-81.38496599956987,28.654145999644],[-81.38367199975927,28.65415400008819],[-81.38282999986033,28.65416800027282],[-81.38211900038095,28.654181000104796],[-81.38211199980994,28.65427400037139],[-81.38209400026659,28.654554999794378],[-81.38208800041879,28.65464900007563],[-81.38209099989353,28.65472000020709],[-81.3821019997642,28.654933999868252],[-81.38210599996215,28.655006000149726],[-81.3823620000552,28.65500100001134],[-81.3826030000796,28.655009999944927],[-81.38262999984379,28.655011999842507],[-81.38277399978382,28.65507300024673],[-81.38281099959376,28.655149999775904],[-81.38283599970812,28.655418999878147],[-81.38282900003541,28.656372000172173],[-81.38282900003541,28.656387999931976],[-81.38276700011114,28.65655299982487],[-81.38256100024681,28.65677800012032],[-81.38243700039826,28.65692400032701],[-81.38206599977919,28.65736300004747],[-81.38194299975554,28.65750999975853],[-81.38197899974053,28.65754600020333],[-81.38202999979417,28.6575980002109],[-81.38207099980205,28.65766899992184],[-81.38209799956624,28.657714000013453],[-81.38247699968291,28.657724000031212],[-81.38361499985788,28.65775400007872],[-81.38399499979947,28.657764000092666],[-81.38401599971587,28.65769700013876],[-81.3840240001118,28.65756800011871],[-81.3840380003555,28.65735199967473],[-81.38333000035082,28.657352999995332],[-81.38332600015286,28.657153000327927],[-81.38330299968834,28.65654900008854],[-81.38331699993205,28.656167000127216],[-81.38332100013001,28.656056000277765],[-81.38331799975695,28.655789000116066],[-81.38331100008428,28.65530499979308],[-81.38330199986345,28.65463199970395],[-81.38337899985633,28.65462999979919],[-81.38361099965991,28.65462700033603],[-81.38566799972673,28.65462000027462],[-81.38629700008867,28.65462000027462],[-81.38630499958629,28.654407999881606],[-81.38631800000508,28.6542789997562],[-81.38634800014229,28.653978999987388],[-81.38637999992936,28.6536770002256],[-81.38640500004371,28.653285999967586]]]},"properties":{"block_id":"121170218032009","school_id":"sch_spring_lake_elementary_school","kids_est":3,"class":"red","shortest":{"len_m":9603.2,"mean_c":36.6,"peak_c":37.2,"dose":479.2},"coolest":{"len_m":9603.2,"mean_c":36.6,"peak_c":37.2,"dose":479.2},"delta_mean_c":0.0,"delta_dose_pct":0,"distance_mi":1.533,"status_now":"walk","status_rec":"bus_eligible","reason":"Coolest route mean 36.6C exceeds threshold (110 C-min dose, actual 479).","safe_until_hour":"11:00"}},{"type":"Feature","geometry":{"type":"Polygon","coordinates":[[[-81.39806500037923,28.64665500001719],[-81.39806100018127,28.646153999936878],[-81.39806000035637,28.64598799980736],[-81.39727600018371,28.64598799980736],[-81.3967880002871,28.64598799980736],[-81.39665000019484,28.645970999608277],[-81.39641300036837,28.64588899986147],[-81.39582099981635,28.645641000160136],[-81.3955279999134,28.64547000020259],[-81.39546599998911,28.645305000214403],[-81.3954159997604,28.64507900009121],[-81.39541400011058,28.64499300025827],[-81.39539700039214,28.644210000094507],[-81.39525400027699,28.644210000094507],[-81.39508600004751,28.64425399999789],[-81.39492500038904,28.644375000228397],[-81.394817000434,28.64445700037046],[-81.39449900041669,28.64474900020185],[-81.39443699959409,28.644869999861374],[-81.39448699982282,28.64571899995138],[-81.39449199984567,28.645800000188714],[-81.39453600022661,28.64623499983827],[-81.39505400026047,28.64628999963828],[-81.39524800042922,28.646332000182866],[-81.3955279999134,28.646393999754704],[-81.39593899981713,28.646549000100688],[-81.39640699962229,28.646818000192983],[-81.39668100015697,28.646895999897296],[-81.39729000042743,28.646878999845384],[-81.39788499955586,28.64686300021139],[-81.39799699970885,28.646807999923485],[-81.39806500037923,28.64665500001719]]]},"properties":{"block_id":"121170217061011","school_id":"sch_spring_lake_elementary_school","kids_est":2,"class":"red","shortest":{"len_m":9497.0,"mean_c":36.71,"peak_c":37.2,"dose":489.2},"coolest":{"len_m":9497.0,"mean_c":36.71,"peak_c":37.2,"dose":489.2},"delta_mean_c":0.0,"delta_dose_pct":0,"distance_mi":1.282,"status_now":"walk","status_rec":"bus_eligible","reason":"Coolest route mean 36.7C exceeds threshold (110 C-min dose, actual 489).","safe_until_hour":"10:00"}},{"type":"Feature","geometry":{"type":"Polygon","coordinates":[[[-81.41922299960486,28.66044100009899],[-81.41929700012301,28.659527999921774],[-81.41912200022082,28.660024000055714],[-81.41905899957331,28.66064000029856],[-81.41903000015932,28.661095000052505],[-81.41900900024292,28.6614430000784],[-81.41900900024292,28.661822999964905],[-81.41916099968056,28.661822999964905],[-81.41916099968056,28.66151900016591],[-81.41922299960486,28.66044100009899]]]},"properties":{"block_id":"121170217081019","school_id":"sch_spring_lake_elementary_school","kids_est":0,"class":"red","shortest":{"len_m":2485.4,"mean_c":37.15,"peak_c":37.2,"dose":143.4},"coolest":{"len_m":2485.4,"mean_c":37.15,"peak_c":37.2,"dose":143.4},"delta_mean_c":0.0,"delta_dose_pct":0,"distance_mi":0.556,"status_now":"walk","status_rec":"bus_eligible","reason":"Coolest route mean 37.1C exceeds threshold (110 C-min dose, actual 143).","safe_until_hour":"13:00"}},{"type":"Feature","geometry":{"type":"Polygon","coordinates":[[[-81.40694600039959,28.658426000312033],[-81.40696800014089,28.658393999835585],[-81.40675499970556,28.658266000196786],[-81.40652600027502,28.657946000021887],[-81.40639599968037,28.657764999621048],[-81.40617200027268,28.657522999964364],[-81.40591799982946,28.657292999662193],[-81.4057079997672,28.65710400028028],[-81.40567299960709,28.657072000188606],[-81.40557899989575,28.656945000048424],[-81.4055670002002,28.656890000318604],[-81.40554799993362,28.65682999972054],[-81.40553600023806,28.65676400028419],[-81.40526400025148,28.65674000033558],[-81.40499499973966,28.65663300003784],[-81.40475700008828,28.65644799999477],[-81.40472100010327,28.656232999939327],[-81.40472100010327,28.656047999978725],[-81.4046730004227,28.655874999767054],[-81.40448799957645,28.655761999725296],[-81.4043930000402,28.655695999616682],[-81.40430299962853,28.65560099993679],[-81.40419600039672,28.655452000024788],[-81.4040549999314,28.655110000293732],[-81.40400200022796,28.655047000014164],[-81.40353400042282,28.65458399961342],[-81.40226200035355,28.653704000365],[-81.40203800004757,28.653580999936437],[-81.40203700022265,28.653610000024806],[-81.40199500038986,28.65373200006427],[-81.40193699976523,28.653906999789054],[-81.4017739995586,28.654148000346364],[-81.4017379995736,28.654204000288622],[-81.40166899997662,28.654265000374625],[-81.40147499980786,28.65443499983277],[-81.40145999973925,28.654441999906535],[-81.40120700001926,28.654577999896144],[-81.40077000017625,28.654699000040015],[-81.40068800016049,28.65470400019274],[-81.40041500034901,28.65472099976449],[-81.40020199991369,28.65475799993571],[-81.39992200042951,28.654809000192927],[-81.3996909995525,28.654880000215993],[-81.39958000012275,28.654930999625567],[-81.39938500012907,28.655022999672454],[-81.39926100028052,28.655103999818266],[-81.3989859999209,28.655286999975715],[-81.3988930000345,28.655353000341854],[-81.39877400020879,28.65544100023985],[-81.39856099977348,28.65560099993679],[-81.39829999965755,28.65579900031746],[-81.39793200030985,28.65605699982244],[-81.39791300004327,28.65606699999825],[-81.39768200006459,28.656200000038496],[-81.39750200013954,28.65632000034485],[-81.39744500023814,28.65636000015369],[-81.39719499999286,28.656463999742908],[-81.39697700043298,28.656518999696218],[-81.39689299986908,28.65652300022199],[-81.39667799978392,28.65653599976192],[-81.39622099984942,28.65655299982487],[-81.39611600026744,28.65655799988924],[-81.39551100019496,28.656545999892057],[-81.39485000004596,28.656583000207522],[-81.39481900008384,28.65658500007503],[-81.39460599964849,28.65658500007503],[-81.39454700009726,28.656580000011957],[-81.39445599986068,28.656573000080922],[-81.39445000001288,28.656658999877095],[-81.39445000001288,28.65752999983202],[-81.3944509998378,28.65778799980692],[-81.3944519996627,28.658029000114247],[-81.3944509998378,28.658200999612173],[-81.39445000001288,28.658760000169707],[-81.39444900018796,28.65924699963884],[-81.39447000010438,28.660271000132298],[-81.39482999995447,28.660255000176893],[-81.39483099977939,28.660070000219427],[-81.39483400015243,28.6595139996646],[-81.39483599980225,28.659330000277695],[-81.39483800035039,28.659179000329566],[-81.394845999848,28.658727000276023],[-81.39484900022104,28.658576999768233],[-81.3956829997241,28.658569999970553],[-81.39818699967965,28.658550999616356],[-81.39902199990591,28.65854500012611],[-81.39902899957862,28.65826400036129],[-81.39903199995166,28.65817599967974],[-81.39907100030972,28.65707000033032],[-81.3990849996551,28.65670199974871],[-81.39926100028052,28.656706000267512],[-81.39978900036013,28.65671899978474],[-81.39996500008722,28.656723999841198],[-81.40014199963922,28.656725000167793],[-81.40067300009187,28.65672800035916],[-81.40085100036711,28.656730000223956],[-81.40102899974403,28.656732000088663],[-81.40156400039464,28.656737999682683],[-81.40174299959646,28.65674099987373],[-81.4018509995515,28.656742000200087],[-81.40217799978964,28.65674599992907],[-81.4022869995696,28.656747999793534],[-81.40235400041506,28.656747999793534],[-81.4025550002565,28.656750999984236],[-81.40262200020365,28.65675200031057],[-81.40279000043314,28.656754000174917],[-81.40329599987312,28.656759999767615],[-81.40346499992754,28.656762999958026],[-81.40363499980684,28.6567660001483],[-81.40414799981784,28.65677600025649],[-81.40431900042037,28.656779999984163],[-81.40431900042037,28.657145000112585],[-81.40431900042037,28.65824100027985],[-81.40431900042037,28.65860700035991],[-81.40458700020896,28.658602000393273],[-81.40469299961586,28.65860100008459],[-81.40539300012293,28.65860499974271],[-81.40566199973642,28.65860700035991],[-81.40574100027746,28.65860700035991],[-81.40618999981604,28.658612999846632],[-81.40650799983335,28.658668000249023],[-81.40672000044377,28.658755999729298],[-81.40694600039959,28.658426000312033]]]},"properties":{"block_id":"121170217054000","school_id":"sch_spring_lake_elementary_school","kids_est":11,"class":"green","shortest":{"len_m":1307.0,"mean_c":37.15,"peak_c":37.2,"dose":75.4},"coolest":{"len_m":1315.0,"mean_c":37.11,"peak_c":37.2,"dose":75.3},"delta_mean_c":-0.04,"delta_dose_pct":0,"distance_mi":0.631,"status_now":"walk","status_rec":"walk","reason":"Shortest route already under threshold (dose 75).","safe_until_hour":null}},{"type":"Feature","geometry":{"type":"Polygon","coordinates":[[[-81.37537700044317,28.652076000377203],[-81.37538300029095,28.651817999747948],[-81.37535200032882,28.65159800014598],[-81.37531999964345,28.65152300033741],[-81.37529000040455,28.651454000371537],[-81.37517800025155,28.65136600028072],[-81.37505299967975,28.651339000327585],[-81.37500300034935,28.651326999733065],[-81.37488000032572,28.651330000078907],[-81.3745139997295,28.65133999991722],[-81.3743920004291,28.65134399985233],[-81.37422900022247,28.651349000165048],[-81.37374299997566,28.65136600028072],[-81.37358099959394,28.65137200018178],[-81.37355899985265,28.651838999703692],[-81.37354399978403,28.65216399987225],[-81.37362499997488,28.652334999951893],[-81.3737250004323,28.652406000073594],[-81.37384300043308,28.652417000176992],[-81.37426799968222,28.652439000380266],[-81.37445500017829,28.6525599998393],[-81.37478599971607,28.652890000377404],[-81.37500400017427,28.65272500023817],[-81.37501500004493,28.652714000167087],[-81.37508299981698,28.65262899986565],[-81.37515200031227,28.65254400028366],[-81.37529600025233,28.65230699987958],[-81.37537700044317,28.652076000377203]]]},"properties":{"block_id":"121170218063007","school_id":"sch_spring_lake_elementary_school","kids_est":1,"class":"red","shortest":{"len_m":8712.3,"mean_c":36.62,"peak_c":37.2,"dose":438.8},"coolest":{"len_m":8712.3,"mean_c":36.62,"peak_c":37.2,"dose":438.8},"delta_mean_c":0.0,"delta_dose_pct":0,"distance_mi":2.224,"status_now":"bus","status_rec":"bus_eligible","reason":"Coolest route mean 36.6C exceeds threshold (110 C-min dose, actual 439).","safe_until_hour":"11:00"}},{"type":"Feature","geometry":{"type":"Polygon","coordinates":[[[-81.38571799995545,28.653984000174525],[-81.38571700013054,28.653921000006687],[-81.38571399975748,28.653403000169455],[-81.38571299993258,28.653230999894927],[-81.38496399992005,28.653225000100292],[-81.38417800009758,28.65321900030526],[-81.38271799970734,28.653232000254842],[-81.38197000041804,28.653239999980443],[-81.38194199993062,28.653330000004882],[-81.38189500007495,28.653383000097012],[-81.3818070002114,28.653465999860195],[-81.38173299969326,28.653522000166692],[-81.38165800024848,28.653580999936437],[-81.38177500042435,28.65367999971587],[-81.38180100036362,28.653701999654228],[-81.38200100038016,28.65392200035996],[-81.38205499990852,28.65404000020435],[-81.38211900038095,28.654181000104796],[-81.38282999986033,28.65416800027282],[-81.38367199975927,28.65415400008819],[-81.38496599956987,28.654145999644],[-81.38529399963292,28.654143999729968],[-81.3855870004342,28.654121999884367],[-81.38566400042708,28.654074999912222],[-81.38568699999331,28.654060999715163],[-81.38571799995545,28.653984000174525]]]},"properties":{"block_id":"121170218032013","school_id":"sch_spring_lake_elementary_school","kids_est":3,"class":"red","shortest":{"len_m":10612.9,"mean_c":36.57,"peak_c":37.2,"dose":525.6},"coolest":{"len_m":10612.9,"mean_c":36.57,"peak_c":37.2,"dose":525.6},"delta_mean_c":0.0,"delta_dose_pct":0,"distance_mi":1.648,"status_now":"walk","status_rec":"bus_eligible","reason":"Coolest route mean 36.6C exceeds threshold (110 C-min dose, actual 526).","safe_until_hour":"11:00"}},{"type":"Feature","geometry":{"type":"Polygon","coordinates":[[[-81.37382599981633,28.654177999840506],[-81.37381699959552,28.654116999703884],[-81.37378300015862,28.65388199962101],[-81.37376300006714,28.653743000028562],[-81.37353200008846,28.653551000271435],[-81.3734569997454,28.653496000337817],[-81.37335700018629,28.65340800038397],[-81.37331700000331,28.653394000097933],[-81.37327599999543,28.653379999809935],[-81.37309500024546,28.65331399977848],[-81.37287500013744,28.65328799989799],[-81.37262099969423,28.653260000080152],[-81.37222200038435,28.65333999965248],[-81.37218499967612,28.653348000158143],[-81.37202200036782,28.6534300003794],[-81.37191900043565,28.653482999632665],[-81.37161099956577,28.653644999876196],[-81.37150500015889,28.653684000349973],[-81.37138100031032,28.653690000118402],[-81.37100999969122,28.653710000132286],[-81.37088699966759,28.653717000254446],[-81.37077700006274,28.653717000254446],[-81.37069400022204,28.653717000254446],[-81.37067099975752,28.653717000254446],[-81.37018899970867,28.65372800022032],[-81.37002300002732,28.65372800022032],[-81.36999500043822,28.65372800022032],[-81.36980799994215,28.653733999986216],[-81.3696630001772,28.653737000263177],[-81.36952699973477,28.65373999975178],[-81.36922899980893,28.6537249999431],[-81.36908499986889,28.65371799982141],[-81.36921000044066,28.65408099965822],[-81.36880399966151,28.65428500027883],[-81.36794900024206,28.65428500027883],[-81.36789900001335,28.65377299963862],[-81.36763700007252,28.653806000303344],[-81.36758199982094,28.653801000107734],[-81.36720699990222,28.6537680002297],[-81.36715800039673,28.654197000198902],[-81.3671569996735,28.65421399985286],[-81.36710099959701,28.654280000106052],[-81.36705799993929,28.654296000185095],[-81.36642100007977,28.654301999918513],[-81.36642100007977,28.653790000149584],[-81.36642100007977,28.65377399999332],[-81.36657699971536,28.653388999882665],[-81.36645799988968,28.653333999864024],[-81.36634599973668,28.65331700006745],[-81.3662899996602,28.65331199984852],[-81.3662210000632,28.65329500004838],[-81.36611499975803,28.65329500004838],[-81.36587799993154,28.653284000037093],[-81.36588499960423,28.654148000346364],[-81.36588799997729,28.65440299971471],[-81.36589200017525,28.65467499961865],[-81.36589999967285,28.65516899995816],[-81.36590399987081,28.655425000335523],[-81.36602000022177,28.655425000335523],[-81.36636800037631,28.655425000335523],[-81.36648399982896,28.655425000335523],[-81.36667200014993,28.6554229996576],[-81.36723700003945,28.655420000217124],[-81.36742600018533,28.655418999878147],[-81.36742600018533,28.655170999852714],[-81.3674449995536,28.65510000002664],[-81.36753800033831,28.655050000253546],[-81.36758199982094,28.655036999741057],[-81.36768200027838,28.655011000287868],[-81.36817500019788,28.655011000287868],[-81.36899799983026,28.6550069997044],[-81.3694720003815,28.655004999806728],[-81.36947400003133,28.655216999780954],[-81.36948200042725,28.655853999831308],[-81.36948499990197,28.65606699999825],[-81.36972799957621,28.65606699999825],[-81.36991000004942,28.65605499994486],[-81.37032099995315,28.655973000199996],[-81.37117999957054,28.65598200005015],[-81.37135600019597,28.65598399992912],[-81.3716060004412,28.655994999657164],[-81.37153100009814,28.65612700024475],[-81.3714800000445,28.65627099990789],[-81.37144999990728,28.656358000281884],[-81.37138799998301,28.656506999694557],[-81.37126900015731,28.65661700031543],[-81.37100100036872,28.656798000333445],[-81.37087999999488,28.656928000049046],[-81.37080800002488,28.657006999651916],[-81.37072699983402,28.65718900010702],[-81.37064599964316,28.657349000289454],[-81.37057100019841,28.65764000016781],[-81.37052400034274,28.65779499965681],[-81.37051500012191,28.657827000316168],[-81.37047800031198,28.65787700034148],[-81.37039700012114,28.657927000342884],[-81.37025300018108,28.657899000187395],[-81.36991000004942,28.657755999923953],[-81.36974799966771,28.657712000167486],[-81.36956100006995,28.65769000028232],[-81.3693669999012,28.65768500027193],[-81.3690990001126,28.65771799970541],[-81.36885600043836,28.657735000364973],[-81.36870199955425,28.657740999901527],[-81.36858100007873,28.657745999909242],[-81.36845700023018,28.657735000364973],[-81.3683819998871,28.65768500027193],[-81.36828800017578,28.657591999877834],[-81.36818199987056,28.65745400000554],[-81.36805899984692,28.657428999895025],[-81.36802000038719,28.657420999700687],[-81.3677890004085,28.657420999700687],[-81.36768599957803,28.657422000020617],[-81.36756199972946,28.65742500019205],[-81.36723500038963,28.657430000214827],[-81.3662560002233,28.65744399996203],[-81.36592999981008,28.65745000030358],[-81.36593200035821,28.657623000281124],[-81.36593999985583,28.65814500022824],[-81.36594300022888,28.658319000158563],[-81.36593999985583,28.658474999741774],[-81.36593300018312,28.65894300025174],[-81.365930999635,28.659099999998578],[-81.3659249997872,28.65937599995762],[-81.36591100044183,28.66020499970929],[-81.36590700024387,28.660482000202684],[-81.36590800006877,28.660601000047578],[-81.36591100044183,28.660960999630234],[-81.36591300009165,28.66108100000463],[-81.36591300009165,28.66130299998038],[-81.36591300009165,28.66137799988722],[-81.36590700024387,28.66196999972777],[-81.36590700024387,28.66206099962784],[-81.36590700024387,28.662192999671543],[-81.36590399987081,28.662438999882802],[-81.36589800002302,28.663177999681977],[-81.36589600037321,28.663321999906636],[-81.36632499982028,28.6634659999335],[-81.36681600008997,28.663605000034455],[-81.36723100019167,28.663697000351526],[-81.36753199959223,28.663748000201135],[-81.36788200029491,28.66377000039138],[-81.36818000022073,28.663775000111524],[-81.36817299964974,28.66353399961462],[-81.36816000012927,28.66336899967441],[-81.36817900039584,28.663248000078653],[-81.36822899972624,28.66313800010992],[-81.36829099965051,28.663082999688204],[-81.36842799991786,28.663071999915648],[-81.37111099997357,28.663055000121616],[-81.37114699995858,28.660804000305863],[-81.37117200007295,28.660785999856163],[-81.3709860003001,28.660826000325784],[-81.37089199969046,28.66075599988808],[-81.37086800029932,28.660605999918886],[-81.37084800020786,28.660431999843365],[-81.37102800013291,28.659738999911184],[-81.37077799988764,28.659819000057663],[-81.37039799994604,28.659886000231843],[-81.37016699996737,28.659995999672056],[-81.37004200029389,28.65996300016744],[-81.36989900017876,28.659985000363818],[-81.36989300033098,28.660040000046425],[-81.36994900040747,28.66007800021156],[-81.37002999970002,28.660044999944503],[-81.3700919996243,28.6600620002267],[-81.37013000015745,28.660100000383842],[-81.37018000038616,28.660336999725512],[-81.36996799977574,28.660656000195193],[-81.36973099994927,28.660782999780924],[-81.3697059998349,28.66101899965759],[-81.36996199992795,28.66129999991995],[-81.36999500043822,28.661374000334963],[-81.37001200015666,28.661410000241062],[-81.37002600040039,28.661513000057262],[-81.37003700027101,28.661586000041776],[-81.37002499967714,28.661640999672553],[-81.37003700027101,28.661739999723554],[-81.36990000000368,28.66191099994959],[-81.3698380000794,28.661971000004307],[-81.36948200042725,28.6621469996513],[-81.36939600021353,28.662158000309184],[-81.36842799991786,28.662284999651565],[-81.36832199961265,28.662279999860342],[-81.36810300022785,28.66229099971596],[-81.36802899970968,28.662275000068888],[-81.36798500022708,28.662275000068888],[-81.3678670002263,28.662302000358668],[-81.3678100003249,28.662302000358668],[-81.36757500014825,28.662233999878264],[-81.3673170004054,28.662153999998438],[-81.36718599998582,28.66206000014043],[-81.36708600042671,28.66191700003545],[-81.36705499956625,28.6617360001851],[-81.36698699979421,28.66169199973438],[-81.36693999993852,28.661404999619855],[-81.36693599974056,28.66137799988722],[-81.3670920002745,28.661118999792382],[-81.36722299979574,28.661019999943143],[-81.36723600021453,28.660810999954375],[-81.36739799969793,28.66076200004006],[-81.36759699988956,28.66076200004006],[-81.36779100005832,28.660821999964202],[-81.36799699992265,28.660848999840002],[-81.36815900030435,28.660910000001014],[-81.36831499993995,28.660991999825516],[-81.3685579996142,28.66116800032808],[-81.36884499966938,28.66122300017825],[-81.36916299968671,28.66116299969537],[-81.3694940001228,28.661057999752995],[-81.36959399968191,28.66080499980526],[-81.36953099993273,28.660694999637464],[-81.36948099970401,28.6605740001079],[-81.36957500031366,28.660248999995893],[-81.36950599981837,28.660001000360474],[-81.3693810001449,28.660001000360474],[-81.36935600003055,28.66000499996512],[-81.36895699982237,28.66008399961407],[-81.36853300039816,28.66011199997422],[-81.36825800003854,28.660035000148135],[-81.36803399973256,28.65984799999712],[-81.36792699960245,28.659500999705667],[-81.36790300021131,28.659434000073688],[-81.36778400038563,28.659104999941473],[-81.3677900002334,28.658912999756218],[-81.36798900042503,28.658796999703814],[-81.36881899973012,28.65849499963117],[-81.3689309998831,28.65845499984864],[-81.3691760001055,28.658276999685345],[-81.36914900034131,28.65825600023073],[-81.36918799980106,28.65825499991875],[-81.36925899994617,28.658253000083086],[-81.36926999981682,28.658253000083086],[-81.36933900031211,28.658253000083086],[-81.36950400016855,28.658251999771082],[-81.3695490003744,28.658256999754425],[-81.36974799966771,28.658277999997107],[-81.3698239998357,28.658320999992952],[-81.3699500002324,28.658393999835585],[-81.3701410000281,28.658477999883118],[-81.37033699984667,28.658528999907276],[-81.37036899963373,28.658535000186653],[-81.37044499980172,28.658553000234612],[-81.37052500016766,28.658558999724413],[-81.37061800005407,28.65855199992552],[-81.3707260000091,28.658532000047003],[-81.37082100044367,28.65851200016473],[-81.37090400028434,28.658487999827955],[-81.3709569999878,28.65846199965399],[-81.37100399984344,28.658438999616003],[-81.37113100006506,28.658337999766463],[-81.37114699995858,28.658244999951634],[-81.37106400011793,28.658057999760672],[-81.37108900023226,28.657712000167486],[-81.37117799992072,28.657586999862765],[-81.3712199997535,28.65752999983202],[-81.37138799998301,28.657260000095],[-81.37168799955866,28.657067999683758],[-81.37193100013123,28.656929999909973],[-81.37201200032209,28.65651699982739],[-81.37218700022426,28.65627099990789],[-81.37223599972974,28.656203999788136],[-81.37231299972264,28.656151999877434],[-81.37262300024236,28.655945000310876],[-81.37298499974229,28.656087999891326],[-81.37318399993391,28.656274999654833],[-81.37324099983533,28.656422999644303],[-81.3733089996074,28.656473000339208],[-81.37350899962392,28.656444999795326],[-81.37357800011922,28.656353999749815],[-81.37359700038579,28.656322999759514],[-81.37360800025645,28.656217000155923],[-81.373547999982,28.65616099971223],[-81.37349500027854,28.65610199981772],[-81.3734149999126,28.65606000003298],[-81.37312799985743,28.65605499994486],[-81.37291600014532,28.655912000319333],[-81.37290500027466,28.655902000128737],[-81.37272199997655,28.65573599966358],[-81.37264800035672,28.65555399983928],[-81.37270400043322,28.65535000011115],[-81.37284099980225,28.65510300026457],[-81.37297800006958,28.654894000303692],[-81.37317700026124,28.654672999714645],[-81.37321499989605,28.65447000019703],[-81.37335800001118,28.654267000286403],[-81.37338300012554,28.65423300020468],[-81.37360099968544,28.654172999662617],[-81.37379599967912,28.654170000186454],[-81.37382599981633,28.654177999840506]]]},"properties":{"block_id":"121170218064003","school_id":"sch_spring_lake_elementary_school","kids_est":10,"class":"red","shortest":{"len_m":8839.9,"mean_c":36.62,"peak_c":37.2,"dose":444.8},"coolest":{"len_m":8839.9,"mean_c":36.62,"peak_c":37.2,"dose":444.8},"delta_mean_c":0.0,"delta_dose_pct":0,"distance_mi":2.493,"status_now":"bus","status_rec":"bus_eligible","reason":"Coolest route mean 36.6C exceeds threshold (110 C-min dose, actual 445).","safe_until_hour":"11:00"}}]}