{"type":"FeatureCollection","features":[{"type":"Feature","geometry":{"type":"Polygon","coordinates":[[[-81.37890300022273,28.538583000009503],[-81.37892800033713,28.53839200035217],[-81.37867999974168,28.538388999937506],[-81.37804299988213,28.53841399997086],[-81.37741500024342,28.538421999759347],[-81.3773990003499,28.538421999759347],[-81.37740299964953,28.538515999793177],[-81.37741600006834,28.539040000325294],[-81.37783799984271,28.53902900018729],[-81.3785469996723,28.53902900018729],[-81.37888700032923,28.539024999921622],[-81.37890300022273,28.538583000009503]]]},"properties":{"block_id":"120950189021046","school_id":"sch_lake_eola_charter","kids_est":0,"class":"green","shortest":{"len_m":718.0,"mean_c":36.83,"peak_c":37.5,"dose":37.9},"coolest":{"len_m":718.0,"mean_c":36.83,"peak_c":37.5,"dose":37.9},"delta_mean_c":0.0,"delta_dose_pct":0,"distance_mi":0.388,"status_now":"walk","status_rec":"walk","reason":"Shortest route already under threshold (dose 38).","safe_until_hour":null}},{"type":"Feature","geometry":{"type":"Polygon","coordinates":[[[-81.37745999955094,28.542151999698678],[-81.37746999959668,28.542131999750733],[-81.37745000040351,28.54132099961033],[-81.3765339999864,28.54131600037339],[-81.37587299983741,28.54131800006823],[-81.37587799986028,28.54218199961347],[-81.37602500017337,28.542174000110506],[-81.37628899976401,28.542175999789],[-81.37687999959282,28.542153000327286],[-81.37731800015905,28.542155000006186],[-81.37745999955094,28.542151999698678]]]},"properties":{"block_id":"120950189022012","school_id":"sch_lake_eola_charter","kids_est":2,"class":"green","shortest":{"len_m":451.3,"mean_c":37.17,"peak_c":37.5,"dose":26.1},"coolest":{"len_m":451.3,"mean_c":37.17,"peak_c":37.5,"dose":26.1},"delta_mean_c":0.0,"delta_dose_pct":0,"distance_mi":0.177,"status_now":"walk","status_rec":"walk","reason":"Shortest route already under threshold (dose 26).","safe_until_hour":null}},{"type":"Feature","geometry":{"type":"Polygon","coordinates":[[[-81.37867700026695,28.53675199976992],[-81.37865700017547,28.536447000301518],[-81.37862200001535,28.536323999898656],[-81.37856400028905,28.536207000306117],[-81.37850499983949,28.53605999972329],[-81.37846600037975,28.53602799984844],[-81.378448999763,28.536013999702856],[-81.37838099999092,28.535957999890936],[-81.37828899992944,28.535883000392236],[-81.3782239996321,28.535900000251726],[-81.37803500038451,28.5359480001187],[-81.37797099991212,28.535964999967703],[-81.37781899957615,28.536018999980524],[-81.3776100002371,28.53610000034246],[-81.37731700033413,28.536208000201988],[-81.37732099963377,28.536240000022236],[-81.37732499983174,28.5362719998327],[-81.37733200040275,28.536314000161163],[-81.37733499987748,28.536333999635204],[-81.3773420004485,28.536361999839546],[-81.37736699966453,28.536398999872667],[-81.37738699975601,28.536434000105327],[-81.37738799958093,28.536734000157008],[-81.37738799958093,28.536813000188975],[-81.37738799958093,28.537034000143642],[-81.37789100044448,28.537035999919762],[-81.37845499961078,28.53702899991414],[-81.37860199992387,28.5370149999015],[-81.37864899977956,28.537009999671096],[-81.37867700026695,28.53675199976992]]]},"properties":{"block_id":"120950189021052","school_id":"sch_lake_eola_charter","kids_est":2,"class":"green","shortest":{"len_m":1069.4,"mean_c":36.54,"peak_c":37.5,"dose":52.2},"coolest":{"len_m":1069.4,"mean_c":36.54,"peak_c":37.5,"dose":52.2},"delta_mean_c":0.0,"delta_dose_pct":0,"distance_mi":0.536,"status_now":"walk","status_rec":"walk","reason":"Shortest route already under threshold (dose 52).","safe_until_hour":null}},{"type":"Feature","geometry":{"type":"Polygon","coordinates":[[[-81.38084999978639,28.53248100033833],[-81.38083399989289,28.531819000363967],[-81.38082800004508,28.531112000328235],[-81.38074500020443,28.531112000328235],[-81.38010800034486,28.53111899993769],[-81.38010800034486,28.53208799979051],[-81.38009800029913,28.53248799985686],[-81.38084999978639,28.53248100033833]]]},"properties":{"block_id":"120950103003024","school_id":"sch_lake_eola_charter","kids_est":0,"class":"green","shortest":{"len_m":1773.5,"mean_c":36.3,"peak_c":37.5,"dose":80.5},"coolest":{"len_m":1773.5,"mean_c":36.3,"peak_c":37.5,"dose":80.5},"delta_mean_c":0.0,"delta_dose_pct":0,"distance_mi":0.881,"status_now":"walk","status_rec":"walk","reason":"Shortest route already under threshold (dose 80).","safe_until_hour":null}},{"type":"Feature","geometry":{"type":"Polygon","coordinates":[[[-81.37848599957292,28.533514000022436],[-81.37848800012105,28.53324600021389],[-81.37848399992309,28.533079000147442],[-81.37848100044837,28.532934999717067],[-81.37847899990024,28.532851000295864],[-81.37847300005244,28.53259999998218],[-81.37847200022753,28.53251700022485],[-81.3784699996794,28.532239000124186],[-81.37846899985449,28.53204999988674],[-81.37845399978586,28.531407999981553],[-81.37844799993807,28.531132000000397],[-81.37825600031746,28.53113299994445],[-81.37768300003202,28.53113899960853],[-81.37749200023632,28.531141000285704],[-81.37749300006124,28.5315260001075],[-81.37751999982541,28.53312499987084],[-81.37751999982541,28.533512000179535],[-81.37808600043816,28.53352200018295],[-81.37815099983717,28.533533000106733],[-81.37845999963366,28.53365300006114],[-81.37847499970226,28.533628999607703],[-81.37848599957292,28.533594999942405],[-81.37848599957292,28.533514000022436]]]},"properties":{"block_id":"120950103003013","school_id":"sch_lake_eola_charter","kids_est":17,"class":"green","shortest":{"len_m":1621.2,"mean_c":36.3,"peak_c":37.5,"dose":73.9},"coolest":{"len_m":1621.2,"mean_c":36.3,"peak_c":37.5,"dose":73.9},"delta_mean_c":0.0,"delta_dose_pct":0,"distance_mi":0.822,"status_now":"walk","status_rec":"walk","reason":"Shortest route already under threshold (dose 74).","safe_until_hour":null}},{"type":"Feature","geometry":{"type":"Polygon","coordinates":[[[-81.37474999973105,28.535382000098625],[-81.37474300005836,28.53506300033854],[-81.3747389998604,28.53482600007462],[-81.3747380000355,28.53474800004098],[-81.37473600038567,28.53462699984425],[-81.37293899971154,28.534343000304165],[-81.37244499996713,28.534260000341227],[-81.37245300036305,28.53482899980156],[-81.37245900021082,28.535192000068395],[-81.37247699975417,28.536282000363396],[-81.37248000012723,28.536421999801348],[-81.37248799962482,28.53664600025139],[-81.37268000014377,28.53664399967873],[-81.37279300012167,28.53664299978699],[-81.37325699972884,28.536645000359666],[-81.37345000007271,28.53664600025139],[-81.37345400027066,28.536427000059717],[-81.37345199972253,28.536323999898656],[-81.3734369996539,28.535358000038926],[-81.3734350000041,28.53524100016295],[-81.37383599986208,28.535318999831656],[-81.37391399967987,28.535350000017814],[-81.37399700041888,28.535392999828183],[-81.37400599974139,28.53541500007307],[-81.37399700041888,28.535624000197608],[-81.37401400013732,28.535636999704582],[-81.37434100037547,28.535636999704582],[-81.37436300011676,28.53563300009925],[-81.37437599963724,28.535615000295177],[-81.37438099966012,28.535397000231757],[-81.37440699959937,28.53538399990603],[-81.37474999973105,28.535382000098625]]]},"properties":{"block_id":"120950103002008","school_id":"sch_lake_eola_charter","kids_est":4,"class":"green","shortest":{"len_m":1276.6,"mean_c":36.67,"peak_c":37.5,"dose":65.5},"coolest":{"len_m":1277.5,"mean_c":36.67,"peak_c":37.5,"dose":65.4},"delta_mean_c":0.0,"delta_dose_pct":0,"distance_mi":0.658,"status_now":"walk","status_rec":"walk","reason":"Shortest route already under threshold (dose 66).","safe_until_hour":null}},{"type":"Feature","geometry":{"type":"Polygon","coordinates":[[[-81.37288099998523,28.541313999889404],[-81.37287799961217,28.541140000251552],[-81.37286900028964,28.54062000011075],[-81.37286699974152,28.54044699997138],[-81.37256799999076,28.540452000038727],[-81.37167099984022,28.540468000094677],[-81.37137299991439,28.54047400001642],[-81.37139300000588,28.54132899996722],[-81.37204599975895,28.54131600037339],[-81.37272600017452,28.5413099997105],[-81.37288099998523,28.541313999889404]]]},"properties":{"block_id":"120950102023002","school_id":"sch_lake_eola_charter","kids_est":1,"class":"green","shortest":{"len_m":750.5,"mean_c":37.51,"peak_c":37.6,"dose":47.1},"coolest":{"len_m":751.4,"mean_c":37.51,"peak_c":37.6,"dose":47.0},"delta_mean_c":0.0,"delta_dose_pct":0,"distance_mi":0.383,"status_now":"walk","status_rec":"walk","reason":"Shortest route already under threshold (dose 47).","safe_until_hour":null}},{"type":"Feature","geometry":{"type":"Polygon","coordinates":[[[-81.37285599987086,28.539788999774725],[-81.37285500004594,28.53912500020514],[-81.37260200032597,28.53913000033518],[-81.37202400001763,28.539139999805403],[-81.37135100017308,28.539158999664323],[-81.37136299986865,28.53981500012676],[-81.3718299998489,28.539799999833367],[-81.37285599987086,28.539788999774725]]]},"properties":{"block_id":"120950102023008","school_id":"sch_lake_eola_charter","kids_est":3,"class":"green","shortest":{"len_m":916.1,"mean_c":37.47,"peak_c":37.6,"dose":56.8},"coolest":{"len_m":917.0,"mean_c":37.46,"peak_c":37.6,"dose":56.7},"delta_mean_c":-0.01,"delta_dose_pct":0,"distance_mi":0.45,"status_now":"walk","status_rec":"walk","reason":"Shortest route already under threshold (dose 57).","safe_until_hour":null}},{"type":"Feature","geometry":{"type":"Polygon","coordinates":[[[-81.38240200023816,28.542743000233873],[-81.38241499975864,28.54201500029491],[-81.38236700007805,28.54201500029491],[-81.38231699984934,28.54201500029491],[-81.38226900016876,28.542016000135682],[-81.38217899975709,28.54201699997643],[-81.38210900033519,28.54201699997643],[-81.38219600037384,28.54277600027016],[-81.38240200023816,28.542743000233873]]]},"properties":{"block_id":"120950189021026","school_id":"sch_lake_eola_charter","kids_est":0,"class":"green","shortest":{"len_m":711.1,"mean_c":37.06,"peak_c":37.5,"dose":40.2},"coolest":{"len_m":711.5,"mean_c":37.05,"peak_c":37.5,"dose":40.1},"delta_mean_c":-0.01,"delta_dose_pct":0,"distance_mi":0.34,"status_now":"walk","status_rec":"walk","reason":"Shortest route already under threshold (dose 40).","safe_until_hour":null}},{"type":"Feature","geometry":{"type":"Polygon","coordinates":[[[-81.38241300010881,28.540247000240836],[-81.38241700030677,28.540222999711037],[-81.38223499983357,28.540222999711037],[-81.382215999567,28.540222999711037],[-81.38217100025948,28.540226999931225],[-81.38193100005996,28.54024600038328],[-81.38196500039516,28.540583999836],[-81.3820110004259,28.541031000073495],[-81.3820520004338,28.541272999823736],[-81.38215000034309,28.5412770000041],[-81.38217499955913,28.541278999699628],[-81.3822370003817,28.541278999699628],[-81.38225800029811,28.541278999699628],[-81.38232500024526,28.541278999699628],[-81.3824120002839,28.541278999699628],[-81.38241399993372,28.541219999984666],[-81.38241099956066,28.54060999999182],[-81.38241099956066,28.540581000272905],[-81.38241099956066,28.54042800034474],[-81.38241300010881,28.540247000240836]]]},"properties":{"block_id":"120950189021038","school_id":"sch_lake_eola_charter","kids_est":0,"class":"green","shortest":{"len_m":901.0,"mean_c":36.88,"peak_c":37.5,"dose":48.4},"coolest":{"len_m":905.4,"mean_c":36.79,"peak_c":37.5,"dose":47.9},"delta_mean_c":-0.09,"delta_dose_pct":-1,"distance_mi":0.393,"status_now":"walk","status_rec":"walk","reason":"Shortest route already under threshold (dose 48).","safe_until_hour":null}},{"type":"Feature","geometry":{"type":"Polygon","coordinates":[[[-81.3820520004338,28.541272999823736],[-81.3820110004259,28.541031000073495],[-81.38196500039516,28.540583999836],[-81.38193100005996,28.54024600038328],[-81.38185700044012,28.54025099967093],[-81.38172400037072,28.540259000109092],[-81.38172400037072,28.540421999631267],[-81.38172400037072,28.54058600033384],[-81.38172799967037,28.540929000318705],[-81.38173100004343,28.541271999975915],[-81.3818919997019,28.541271999975915],[-81.3820520004338,28.541272999823736]]]},"properties":{"block_id":"120950189021037","school_id":"sch_lake_eola_charter","kids_est":0,"class":"green","shortest":{"len_m":796.2,"mean_c":36.96,"peak_c":37.5,"dose":43.6},"coolest":{"len_m":796.7,"mean_c":36.92,"peak_c":37.5,"dose":43.3},"delta_mean_c":-0.04,"delta_dose_pct":-1,"distance_mi":0.375,"status_now":"walk","status_rec":"walk","reason":"Shortest route already under threshold (dose 44).","safe_until_hour":null}},{"type":"Feature","geometry":{"type":"Polygon","coordinates":[[[-81.38236799990297,28.54748899970847],[-81.38232199987222,28.546869000196],[-81.38230900035174,28.546575999969736],[-81.38228800043534,28.546087000017444],[-81.38225599974997,28.54572999982394],[-81.38203499981704,28.545730999629434],[-81.38194500030367,28.545720999995783],[-81.38192199983915,28.545716999984165],[-81.38188800040226,28.54570999976628],[-81.38192299966404,28.5460129996413],[-81.38193299970978,28.54610600020165],[-81.38194399958044,28.546458000127775],[-81.38195799982414,28.54749400023061],[-81.38213500027446,28.547491000075183],[-81.38236799990297,28.54748899970847]]]},"properties":{"block_id":"120950189021017","school_id":"sch_lake_eola_charter","kids_est":0,"class":"green","shortest":{"len_m":776.4,"mean_c":37.61,"peak_c":37.9,"dose":49.7},"coolest":{"len_m":776.4,"mean_c":37.61,"peak_c":37.9,"dose":49.7},"delta_mean_c":0.0,"delta_dose_pct":0,"distance_mi":0.344,"status_now":"walk","status_rec":"walk","reason":"Shortest route already under threshold (dose 50).","safe_until_hour":null}},{"type":"Feature","geometry":{"type":"Polygon","coordinates":[[[-81.38195799982414,28.54749400023061],[-81.38194399958044,28.546458000127775],[-81.38193299970978,28.54610600020165],[-81.38192299966404,28.5460129996413],[-81.38188800040226,28.54570999976628],[-81.38181300005918,28.54568999970478],[-81.38174899958676,28.54567799966607],[-81.38168400018776,28.545669999639472],[-81.3815670000119,28.54566700022121],[-81.38132299961441,28.545668999833392],[-81.38109099981084,28.54567100023466],[-81.38097000033531,28.545672000040792],[-81.3809059998629,28.545672999846843],[-81.38092299958134,28.547558999895013],[-81.38098000038106,28.54755800010686],[-81.38109099981084,28.54755800010686],[-81.38113500019176,28.54755800010686],[-81.38138000041414,28.547543999915334],[-81.38169099986045,28.54750699985104],[-81.38191400034151,28.54749500001936],[-81.38195799982414,28.54749400023061]]]},"properties":{"block_id":"120950189021016","school_id":"sch_lake_eola_charter","kids_est":0,"class":"green","shortest":{"len_m":818.7,"mean_c":37.62,"peak_c":37.9,"dose":52.6},"coolest":{"len_m":818.7,"mean_c":37.62,"peak_c":37.9,"dose":52.6},"delta_mean_c":0.0,"delta_dose_pct":0,"distance_mi":0.306,"status_now":"walk","status_rec":"walk","reason":"Shortest route already under threshold (dose 53).","safe_until_hour":null}},{"type":"Feature","geometry":{"type":"Polygon","coordinates":[[[-81.38495800007226,28.541223000318773],[-81.38495700024735,28.54108400000765],[-81.38495600042245,28.541022999693972],[-81.38495399987428,28.540841999823186],[-81.38495399987428,28.540782000011],[-81.38494800002651,28.540181000151684],[-81.38387299960075,28.540181000151684],[-81.38323400009138,28.54018200000986],[-81.38285099977672,28.540197000248856],[-81.38285699962452,28.540215000059302],[-81.38284800030199,28.540393999716738],[-81.38286099982247,28.540578999774976],[-81.3828909999597,28.541110999889376],[-81.38289000013478,28.54127799985187],[-81.38288799958664,28.541479999684267],[-81.38288599993682,28.541585999863265],[-81.38288299956376,28.54190399976029],[-81.38288299956376,28.54196600019421],[-81.38288599993682,28.542011000142622],[-81.3830049997625,28.54201000030181],[-81.38329699984057,28.542007999831018],[-81.38336200013788,28.542007999831018],[-81.38348199978849,28.542007999831018],[-81.38358300007083,28.542007999831018],[-81.38388699984445,28.542007999831018],[-81.3839889999517,28.54200899967184],[-81.38408299966302,28.54200899967184],[-81.38436499969532,28.54200899967184],[-81.38445900030496,28.54201000030181],[-81.38455499966614,28.54201000030181],[-81.38484300044453,28.54201000030181],[-81.38493999963059,28.542011000142622],[-81.38494399982855,28.541825000389206],[-81.38495600042245,28.54126899964327],[-81.38495800007226,28.541223000318773]]]},"properties":{"block_id":"120950189014017","school_id":"sch_lake_eola_charter","kids_est":0,"class":"green","shortest":{"len_m":915.5,"mean_c":36.92,"peak_c":37.5,"dose":49.7},"coolest":{"len_m":917.8,"mean_c":36.86,"peak_c":37.5,"dose":49.0},"delta_mean_c":-0.06,"delta_dose_pct":-1,"distance_mi":0.467,"status_now":"walk","status_rec":"walk","reason":"Shortest route already under threshold (dose 50).","safe_until_hour":null}},{"type":"Feature","geometry":{"type":"Polygon","coordinates":[[[-81.37583199982953,28.538434999710226],[-81.37580400024045,28.537584000268243],[-81.37577300027829,28.5371320001752],[-81.37577800030117,28.537004000341263],[-81.37563500018602,28.536992999990673],[-81.37552800005592,28.536972999852534],[-81.37542299957562,28.536942000143874],[-81.37532300001651,28.53690199984435],[-81.37526500029017,28.53687499967313],[-81.3751399997184,28.53691099963685],[-81.37480499998266,28.536998000221907],[-81.37455700028553,28.537055000158063],[-81.37435999974373,28.537086999721065],[-81.37420999995588,28.537113999838013],[-81.37386000015152,28.537162999827952],[-81.3735069999741,28.537200000368983],[-81.3731549996216,28.537224000009065],[-81.37300700038192,28.53722900022937],[-81.37280200034249,28.53723700010783],[-81.37255399974708,28.53723700010783],[-81.37255100027232,28.537400000359636],[-81.37255000044743,28.53746499993945],[-81.3726190000444,28.53747800000843],[-81.37268900036459,28.53749800005072],[-81.37275700013666,28.53752500006234],[-81.37280499981723,28.53754899962839],[-81.37282099971075,28.53755800015481],[-81.37288000016031,28.53759599965065],[-81.37293500041189,28.5376400000051],[-81.37298499974229,28.537687999868602],[-81.37302900012322,28.537740000024847],[-81.37306599993315,28.537797000348764],[-81.3730969998953,28.537855999613168],[-81.37312000035982,28.537918000061897],[-81.37321099969809,28.53821899971082],[-81.37321999991893,28.53824800007992],[-81.37325400025412,28.538318000094343],[-81.3733029997596,28.53838100014651],[-81.37336600040712,28.538434999710226],[-81.37355999967755,28.538433999835473],[-81.37414499965857,28.538433999835473],[-81.37433999965222,28.538433999835473],[-81.37444900033049,28.538433999835473],[-81.37477800021847,28.538433999835473],[-81.37488799982331,28.538433999835473],[-81.37583199982953,28.538434999710226]]]},"properties":{"block_id":"120950189023009","school_id":"sch_lake_eola_charter","kids_est":4,"class":"green","shortest":{"len_m":1025.4,"mean_c":36.83,"peak_c":37.5,"dose":54.9},"coolest":{"len_m":1026.3,"mean_c":36.83,"peak_c":37.5,"dose":54.8},"delta_mean_c":0.0,"delta_dose_pct":0,"distance_mi":0.479,"status_now":"walk","status_rec":"walk","reason":"Shortest route already under threshold (dose 55).","safe_until_hour":null}},{"type":"Feature","geometry":{"type":"Polygon","coordinates":[[[-81.37236200012644,28.528399999849192],[-81.37235899975339,28.528234999939237],[-81.37235200008071,28.5277400002382],[-81.37235000043088,28.52757600006216],[-81.37214600021638,28.52757600006216],[-81.37153399957288,28.527578000017705],[-81.3713310000816,28.52757899999546],[-81.37113899956266,28.527579999973213],[-81.37056500035064,28.527584999861862],[-81.37037399965661,28.527586999817238],[-81.3703800004027,28.528334000231897],[-81.37037700002965,28.528413000247234],[-81.37060800000833,28.528412000277395],[-81.37095799981269,28.52840799960866],[-81.37195399969742,28.528399999849192],[-81.37201099959884,28.528399999849192],[-81.37236200012644,28.528399999849192]]]},"properties":{"block_id":"120950113004015","school_id":"sch_lake_eola_charter","kids_est":9,"class":"green","shortest":{"len_m":2192.6,"mean_c":36.35,"peak_c":37.5,"dose":102.3},"coolest":{"len_m":2193.5,"mean_c":36.35,"peak_c":37.5,"dose":102.2},"delta_mean_c":0.0,"delta_dose_pct":0,"distance_mi":1.173,"status_now":"walk","status_rec":"walk","reason":"Shortest route already under threshold (dose 102).","safe_until_hour":null}},{"type":"Feature","geometry":{"type":"Polygon","coordinates":[[[-81.38241499975864,28.54201500029491],[-81.38240600043612,28.541472000127985],[-81.3824120002839,28.541278999699628],[-81.38232500024526,28.541278999699628],[-81.38225800029811,28.541278999699628],[-81.3822370003817,28.541278999699628],[-81.38217499955913,28.541278999699628],[-81.38215000034309,28.5412770000041],[-81.3820520004338,28.541272999823736],[-81.38206900015223,28.541371999704868],[-81.38210900033519,28.54201699997643],[-81.38217899975709,28.54201699997643],[-81.38226900016876,28.542016000135682],[-81.38231699984934,28.54201500029491],[-81.38236700007805,28.54201500029491],[-81.38241499975864,28.54201500029491]]]},"properties":{"block_id":"120950189021027","school_id":"sch_lake_eola_charter","kids_est":0,"class":"green","shortest":{"len_m":755.5,"mean_c":36.99,"peak_c":37.5,"dose":41.6},"coolest":{"len_m":756.0,"mean_c":36.94,"peak_c":37.5,"dose":41.3},"delta_mean_c":-0.05,"delta_dose_pct":-1,"distance_mi":0.361,"status_now":"walk","status_rec":"walk","reason":"Shortest route already under threshold (dose 42).","safe_until_hour":null}},{"type":"Feature","geometry":{"type":"Polygon","coordinates":[[[-81.37904200013992,28.54262199974934],[-81.37903799994196,28.54252499992573],[-81.37902799989622,28.54223499975763],[-81.37902500042149,28.542138000366805],[-81.3788780001084,28.54213599989844],[-81.37843899971726,28.542133000379547],[-81.37829200030248,28.54213699973811],[-81.37829499977721,28.54248699984028],[-81.37829599960213,28.5426309998423],[-81.37844499956505,28.542628000337498],[-81.37889200035211,28.542623000373442],[-81.37904200013992,28.54262199974934]]]},"properties":{"block_id":"120950189022009","school_id":"sch_lake_eola_charter","kids_est":0,"class":"green","shortest":{"len_m":384.0,"mean_c":37.27,"peak_c":37.5,"dose":22.6},"coolest":{"len_m":384.4,"mean_c":37.25,"peak_c":37.5,"dose":22.5},"delta_mean_c":-0.02,"delta_dose_pct":0,"distance_mi":0.161,"status_now":"walk","status_rec":"walk","reason":"Shortest route already under threshold (dose 23).","safe_until_hour":null}},{"type":"Feature","geometry":{"type":"Polygon","coordinates":[[[-81.37587799986028,28.54218199961347],[-81.37587299983741,28.54131800006823],[-81.37519800034302,28.541332000298176],[-81.37459300027055,28.541328000119947],[-81.37359700038579,28.54130499968393],[-81.372963000001,28.541314999736816],[-81.37288099998523,28.541313999889404],[-81.37288400035827,28.541501000390788],[-81.37289299968077,28.54206199990311],[-81.37289600005384,28.542249999704307],[-81.37349199990548,28.542238999901482],[-81.3735349995632,28.542238999901482],[-81.3751320002208,28.542198000195814],[-81.37528100018372,28.542195999728584],[-81.37567299982088,28.542194000050472],[-81.37587799986028,28.54218199961347]]]},"properties":{"block_id":"120950189023000","school_id":"sch_lake_eola_charter","kids_est":3,"class":"green","shortest":{"len_m":559.5,"mean_c":37.33,"peak_c":37.5,"dose":33.7},"coolest":{"len_m":560.4,"mean_c":37.32,"peak_c":37.5,"dose":33.6},"delta_mean_c":-0.01,"delta_dose_pct":0,"distance_mi":0.242,"status_now":"walk","status_rec":"walk","reason":"Shortest route already under threshold (dose 34).","safe_until_hour":null}},{"type":"Feature","geometry":{"type":"Polygon","coordinates":[[[-81.37638300037368,28.535667999797184],[-81.37632099955107,28.535641000098884],[-81.37616300026563,28.535571999786193],[-81.37526699994,28.535191000162804],[-81.37500300034935,28.53508499986317],[-81.37492600035647,28.535043999740964],[-81.37485799968609,28.534991999832602],[-81.3748009997847,28.53493099993766],[-81.37475599957885,28.534862999857893],[-81.3747389998604,28.53482600007462],[-81.37474300005836,28.53506300033854],[-81.37474999973105,28.535382000098625],[-81.37477200037068,28.536338999897694],[-81.37477700039355,28.536525999759533],[-81.3747730001956,28.53665799974068],[-81.37477499984541,28.5367019996976],[-81.37477700039355,28.536748000206934],[-81.37490899973972,28.536712000187467],[-81.3755620003911,28.536535000373277],[-81.3759210004163,28.536414999754985],[-81.37601099992968,28.53618500022659],[-81.37621500014417,28.535857999758306],[-81.37638300037368,28.535667999797184]]]},"properties":{"block_id":"120950103003000","school_id":"sch_lake_eola_charter","kids_est":0,"class":"green","shortest":{"len_m":1119.5,"mean_c":36.74,"peak_c":37.5,"dose":58.3},"coolest":{"len_m":1120.4,"mean_c":36.73,"peak_c":37.5,"dose":58.2},"delta_mean_c":-0.01,"delta_dose_pct":0,"distance_mi":0.587,"status_now":"walk","status_rec":"walk","reason":"Shortest route already under threshold (dose 58).","safe_until_hour":null}},{"type":"Feature","geometry":{"type":"Polygon","coordinates":[[[-81.38166800029423,28.534319999921607],[-81.38167099976896,28.534060999831173],[-81.38134600007896,28.53406500028532],[-81.38037299976043,28.534077999984618],[-81.38004899989532,28.534083000354155],[-81.37997699992532,28.53408400027027],[-81.37986899997027,28.534087999934314],[-81.3797579996422,28.534107999830862],[-81.37969499989299,28.534127999723665],[-81.37974000009885,28.534189000083387],[-81.37976299966506,28.534242000302633],[-81.37979600017535,28.53433500020598],[-81.37981299989379,28.53438299999665],[-81.37995199981094,28.534875000339373],[-81.37995400035909,28.53494799995074],[-81.3799419997652,28.535008999835785],[-81.37994000011538,28.535020000393494],[-81.3799200000239,28.535065000152052],[-81.3798630001225,28.53514800027006],[-81.37981000041904,28.535195999690384],[-81.37975099996949,28.53524599968815],[-81.37969300024318,28.535294999757593],[-81.38001899975811,28.53523499994319],[-81.38068800030301,28.535128999687817],[-81.38129699967514,28.535116000118183],[-81.38133000018543,28.53504800015785],[-81.38135199992674,28.53500999974308],[-81.38148199962308,28.5348230003476],[-81.3815460000955,28.5347519996799],[-81.38159799997403,28.53467400038069],[-81.38163599960887,28.534589999978106],[-81.38166099972322,28.534501999860318],[-81.38166699957101,28.534456999861376],[-81.38166800029423,28.534319999921607]]]},"properties":{"block_id":"120950103003005","school_id":"sch_lake_eola_charter","kids_est":2,"class":"green","shortest":{"len_m":1561.0,"mean_c":36.34,"peak_c":37.5,"dose":71.8},"coolest":{"len_m":1561.0,"mean_c":36.34,"peak_c":37.5,"dose":71.8},"delta_mean_c":0.0,"delta_dose_pct":0,"distance_mi":0.701,"status_now":"walk","status_rec":"walk","reason":"Shortest route already under threshold (dose 72).","safe_until_hour":null}},{"type":"Feature","geometry":{"type":"Polygon","coordinates":[[[-81.37283499995446,28.53177899969817],[-81.37281599968789,28.531135999776502],[-81.37216600030787,28.531143000173603],[-81.37215799991193,28.531298000052836],[-81.37116600022514,28.531304999649937],[-81.37117100024803,28.53109099991866],[-81.3709860003001,28.53109700037432],[-81.37097000040659,28.530803999689073],[-81.3706470003664,28.530811000108223],[-81.37065099966604,28.53091799991785],[-81.3706480001913,28.530942000199527],[-81.37065900006195,28.531488000001133],[-81.37066099971179,28.531809000198894],[-81.37071500013845,28.531809000198894],[-81.37283499995446,28.53177899969817]]]},"properties":{"block_id":"120950113004001","school_id":"sch_lake_eola_charter","kids_est":6,"class":"green","shortest":{"len_m":2106.8,"mean_c":36.45,"peak_c":37.5,"dose":101.5},"coolest":{"len_m":2107.7,"mean_c":36.45,"peak_c":37.5,"dose":101.4},"delta_mean_c":0.0,"delta_dose_pct":0,"distance_mi":0.942,"status_now":"walk","status_rec":"walk","reason":"Shortest route already under threshold (dose 102).","safe_until_hour":null}},{"type":"Feature","geometry":{"type":"Polygon","coordinates":[[[-81.3775549999855,28.547539999973],[-81.37755400016059,28.547421999632878],[-81.37755300033568,28.547205999911608],[-81.37754699958958,28.547068999979345],[-81.3775419995667,28.546951999694528],[-81.37752999987116,28.546693999679537],[-81.37751499980253,28.545984999634726],[-81.37751399997761,28.54593199979917],[-81.37751399997761,28.545676999860067],[-81.37677199963777,28.545640999735372],[-81.37593099956374,28.54567799966607],[-81.3759349997617,28.545870999925615],[-81.37594599963234,28.54626500015481],[-81.37596200042418,28.546384000012296],[-81.37597499994466,28.546438000208305],[-81.37601599995253,28.54655699987039],[-81.37607000037922,28.54666699965063],[-81.37613899997619,28.546769999957615],[-81.37624100008344,28.54688900003363],[-81.37635999990914,28.546996000086647],[-81.37647200006212,28.547087999986378],[-81.37656800032158,28.547191999673277],[-81.37664299976635,28.547300999788767],[-81.37667799992644,28.54737400025917],[-81.37669999966775,28.54745199962488],[-81.37670700023877,28.547536000030476],[-81.37676599979,28.547535000242107],[-81.37692399997374,28.547531000299443],[-81.37739799962667,28.547521000047517],[-81.37743799980964,28.547521000047517],[-81.37751700035066,28.54752800014507],[-81.3775549999855,28.547539999973]]]},"properties":{"block_id":"120950189021064","school_id":"sch_lake_eola_charter","kids_est":4,"class":"green","shortest":{"len_m":313.8,"mean_c":37.7,"peak_c":37.8,"dose":20.4},"coolest":{"len_m":313.8,"mean_c":37.7,"peak_c":37.8,"dose":20.4},"delta_mean_c":0.0,"delta_dose_pct":0,"distance_mi":0.152,"status_now":"walk","status_rec":"walk","reason":"Shortest route already under threshold (dose 20).","safe_until_hour":null}},{"type":"Feature","geometry":{"type":"Polygon","coordinates":[[[-81.37336600040712,28.538434999710226],[-81.3733029997596,28.53838100014651],[-81.37325400025412,28.538318000094343],[-81.37321999991893,28.53824800007992],[-81.37321099969809,28.53821899971082],[-81.37312000035982,28.537918000061897],[-81.3730969998953,28.537855999613168],[-81.37306599993315,28.537797000348764],[-81.37302900012322,28.537740000024847],[-81.37298499974229,28.537687999868602],[-81.37293500041189,28.5376400000051],[-81.37288000016031,28.53759599965065],[-81.37282099971075,28.53755800015481],[-81.37280499981723,28.53754899962839],[-81.37275700013666,28.53752500006234],[-81.37268900036459,28.53749800005072],[-81.3726190000444,28.53747800000843],[-81.37255000044743,28.53746499993945],[-81.37255100027232,28.537400000359636],[-81.37255399974708,28.53723700010783],[-81.37065999988687,28.53724200032746],[-81.37032500015111,28.537250000204928],[-81.3683800002373,28.53725800008178],[-81.36838299971203,28.537438999796652],[-81.36839799978063,28.53822800017999],[-81.36840399962843,28.538490999783946],[-81.36868900003377,28.538485999623585],[-81.36954699982626,28.53847299967894],[-81.36983300005652,28.538469000181326],[-81.37013600000522,28.538464999894334],[-81.37049500003043,28.53846200027091],[-81.37104700039947,28.53845600023458],[-81.37135100017308,28.538452999821732],[-81.37255100027232,28.538440999747756],[-81.37336600040712,28.538434999710226]]]},"properties":{"block_id":"120950102023012","school_id":"sch_lake_eola_charter","kids_est":1,"class":"green","shortest":{"len_m":1530.7,"mean_c":37.01,"peak_c":37.5,"dose":85.7},"coolest":{"len_m":1531.6,"mean_c":37.01,"peak_c":37.5,"dose":85.6},"delta_mean_c":0.0,"delta_dose_pct":0,"distance_mi":0.589,"status_now":"walk","status_rec":"walk","reason":"Shortest route already under threshold (dose 86).","safe_until_hour":null}},{"type":"Feature","geometry":{"type":"Polygon","coordinates":[[[-81.37377599958762,28.533112000053965],[-81.3737739999378,28.532841000228725],[-81.37377300011289,28.53249500016414],[-81.3737660004402,28.53203100032435],[-81.37376300006714,28.53176199996308],[-81.37283499995446,28.53177899969817],[-81.37282999993158,28.531824000051465],[-81.37284300035037,28.53301999978661],[-81.37285000002306,28.533123000020485],[-81.373034999971,28.533120000244995],[-81.37358999981478,28.533113999904458],[-81.37377599958762,28.533112000053965]]]},"properties":{"block_id":"120950103002010","school_id":"sch_lake_eola_charter","kids_est":4,"class":"green","shortest":{"len_m":1682.8,"mean_c":36.53,"peak_c":37.5,"dose":82.8},"coolest":{"len_m":1683.7,"mean_c":36.53,"peak_c":37.5,"dose":82.7},"delta_mean_c":0.0,"delta_dose_pct":0,"distance_mi":0.846,"status_now":"walk","status_rec":"walk","reason":"Shortest route already under threshold (dose 83).","safe_until_hour":null}},{"type":"Feature","geometry":{"type":"Polygon","coordinates":[[[-81.37285000002306,28.533123000020485],[-81.37284300035037,28.53301999978661],[-81.37282999993158,28.531824000051465],[-81.37283499995446,28.53177899969817],[-81.37071500013845,28.531809000198894],[-81.37066099971179,28.531809000198894],[-81.37062800009983,28.531922000193223],[-81.37055399958166,28.532000999886765],[-81.37046200041847,28.532068000299763],[-81.37012500013456,28.53229500033402],[-81.3700840001267,28.532333000149453],[-81.37004800014168,28.532373999748003],[-81.37001600035462,28.532418999847234],[-81.36999000041537,28.53246599979011],[-81.36997000032386,28.532515000363016],[-81.36995500025525,28.532566999915325],[-81.36994600003443,28.532619000231193],[-81.36994299966138,28.532673000380335],[-81.36996799977574,28.532921999876766],[-81.36997899964639,28.533079000147442],[-81.37004499976862,28.53369699969457],[-81.37007499990587,28.533790999997667],[-81.37010500004308,28.533850999845086],[-81.37014400040114,28.533906000069788],[-81.37023899993738,28.534011999977054],[-81.37030199968657,28.534100999630777],[-81.3703529997402,28.53419600027768],[-81.37039700012114,28.534295999620085],[-81.37043899995393,28.534447999859278],[-81.37045300019764,28.534525000203082],[-81.37049000000755,28.534847999648743],[-81.37054600008405,28.53485699961668],[-81.37060999965814,28.534873999641633],[-81.37064499981824,28.534882999607355],[-81.37097500042945,28.534946000135005],[-81.37109699972987,28.534970000288542],[-81.3712320003474,28.534979000246047],[-81.37136899971642,28.534975999734183],[-81.37150400033397,28.534959999633347],[-81.37153199992306,28.53495400018679],[-81.37163599968012,28.53493099993766],[-81.37184300026767,28.534863999766525],[-81.37195200004761,28.53484400001347],[-81.37245300036305,28.53482899980156],[-81.37244499996713,28.534260000341227],[-81.37243300027154,28.533175000062],[-81.37244900016509,28.533146999800028],[-81.37247799957909,28.533130000285606],[-81.37248900034807,28.533126999721084],[-81.37255200009726,28.53312599979596],[-81.37277499968,28.533123000020485],[-81.37285000002306,28.533123000020485]]]},"properties":{"block_id":"120950103002007","school_id":"sch_lake_eola_charter","kids_est":1,"class":"green","shortest":{"len_m":2106.8,"mean_c":36.45,"peak_c":37.5,"dose":101.5},"coolest":{"len_m":2107.7,"mean_c":36.45,"peak_c":37.5,"dose":101.4},"delta_mean_c":0.0,"delta_dose_pct":0,"distance_mi":0.86,"status_now":"walk","status_rec":"walk","reason":"Shortest route already under threshold (dose 102).","safe_until_hour":null}},{"type":"Feature","geometry":{"type":"Polygon","coordinates":[[[-81.3798920004348,28.539078999944444],[-81.38015000017766,28.53838999981268],[-81.37982999961221,28.538396999727812],[-81.37903000044437,28.53839300022732],[-81.37892800033713,28.53839200035217],[-81.37890300022273,28.538583000009503],[-81.37888700032923,28.539024999921622],[-81.37894400023063,28.540359000010458],[-81.37901799985049,28.540359000010458],[-81.3794620002645,28.540348000010184],[-81.37988900006177,28.540342999937902],[-81.3798920004348,28.539078999944444]]]},"properties":{"block_id":"120950189021045","school_id":"sch_lake_eola_charter","kids_est":0,"class":"green","shortest":{"len_m":836.6,"mean_c":36.76,"peak_c":37.5,"dose":43.9},"coolest":{"len_m":837.0,"mean_c":36.75,"peak_c":37.5,"dose":43.8},"delta_mean_c":-0.01,"delta_dose_pct":0,"distance_mi":0.368,"status_now":"walk","status_rec":"walk","reason":"Shortest route already under threshold (dose 44).","safe_until_hour":null}},{"type":"Feature","geometry":{"type":"Polygon","coordinates":[[[-81.38271000020973,28.532444999650284],[-81.38268099989742,28.53217399968823],[-81.38267900024759,28.53215400021386],[-81.38265099976019,28.531873000133743],[-81.38261200030044,28.53148300029763],[-81.38259999970656,28.531363000239853],[-81.38257299994238,28.531092999807502],[-81.38254299980517,28.531092999807502],[-81.38250500017033,28.531092999807502],[-81.38246499998735,28.531092999807502],[-81.3824540001167,28.531092999807502],[-81.38242499980439,28.531092999807502],[-81.38204599968768,28.531092999807502],[-81.38182599957966,28.531098000318753],[-81.38143599959233,28.53110799976199],[-81.38082800004508,28.531112000328235],[-81.38083399989289,28.531819000363967],[-81.38084999978639,28.53248100033833],[-81.38185099969401,28.5324700003048],[-81.38199299998425,28.53246599979011],[-81.3824189999566,28.532452999891934],[-81.38256100024681,28.532450000097374],[-81.38258999966081,28.53244900016578],[-81.38263900006461,28.53244700030266],[-81.3826800000725,28.532444999650284],[-81.38271000020973,28.532444999650284]]]},"properties":{"block_id":"120950103003025","school_id":"sch_lake_eola_charter","kids_est":0,"class":"green","shortest":{"len_m":1913.6,"mean_c":36.28,"peak_c":37.5,"dose":86.5},"coolest":{"len_m":1913.6,"mean_c":36.28,"peak_c":37.5,"dose":86.5},"delta_mean_c":0.0,"delta_dose_pct":0,"distance_mi":0.903,"status_now":"walk","status_rec":"walk","reason":"Shortest route already under threshold (dose 86).","safe_until_hour":null}},{"type":"Feature","geometry":{"type":"Polygon","coordinates":[[[-81.38266300035406,28.53615699997522],[-81.38268099989742,28.536116000270148],[-81.3823059999787,28.536135999781834],[-81.38205800028157,28.53614499963975],[-81.38195600017431,28.53614999991121],[-81.38158399973032,28.536179999956733],[-81.38140399980527,28.536196999768308],[-81.38126300023828,28.536226999800476],[-81.38126300023828,28.536269000146852],[-81.38126300023828,28.53639999976672],[-81.38125900004032,28.53656399962755],[-81.38125599966727,28.536699000023987],[-81.3812570003905,28.536768000387784],[-81.3812580002154,28.53692399977424],[-81.38118000039759,28.53702999980221],[-81.38107800029034,28.537189999925435],[-81.38097399963496,28.537380000298732],[-81.38088199957345,28.537607999820857],[-81.38082100037239,28.537797000348764],[-81.38078100018942,28.537969000225516],[-81.38075400042524,28.538152000052136],[-81.38073900035663,28.53838000027125],[-81.38078100018942,28.538377999731516],[-81.38104099958211,28.53837400023025],[-81.38130199969802,28.538370999815058],[-81.38140100033054,28.538368000188903],[-81.38155199994327,28.53837400023025],[-81.38159399977607,28.53837400023025],[-81.38164900002766,28.53837400023025],[-81.38182399992984,28.53837500010556],[-81.38193100005996,28.538375999980875],[-81.38204200038804,28.5377710002879],[-81.38237200010093,28.536841000266016],[-81.38266300035406,28.53615699997522]]]},"properties":{"block_id":"120950189021058","school_id":"sch_lake_eola_charter","kids_est":3,"class":"green","shortest":{"len_m":1205.7,"mean_c":36.45,"peak_c":37.5,"dose":57.5},"coolest":{"len_m":1205.7,"mean_c":36.45,"peak_c":37.5,"dose":57.5},"delta_mean_c":0.0,"delta_dose_pct":0,"distance_mi":0.556,"status_now":"walk","status_rec":"walk","reason":"Shortest route already under threshold (dose 58).","safe_until_hour":null}},{"type":"Feature","geometry":{"type":"Polygon","coordinates":[[[-81.37586899963945,28.540387999790454],[-81.37585500029405,28.53996399992595],[-81.37585399957085,28.53929100029256],[-81.3758500002712,28.539066999941763],[-81.37508199999208,28.539084999945295],[-81.37434700022324,28.539096999945915],[-81.37434999969798,28.539360999614004],[-81.37435399989594,28.53978399967597],[-81.3743589999188,28.540153000173174],[-81.37436300011676,28.540417000351656],[-81.37585100009609,28.540387999790454],[-81.37586899963945,28.540387999790454]]]},"properties":{"block_id":"120950189023002","school_id":"sch_lake_eola_charter","kids_est":0,"class":"green","shortest":{"len_m":709.7,"mean_c":37.1,"peak_c":37.5,"dose":40.7},"coolest":{"len_m":710.6,"mean_c":37.1,"peak_c":37.5,"dose":40.6},"delta_mean_c":0.0,"delta_dose_pct":0,"distance_mi":0.336,"status_now":"walk","status_rec":"walk","reason":"Shortest route already under threshold (dose 41).","safe_until_hour":null}},{"type":"Feature","geometry":{"type":"Polygon","coordinates":[[[-81.37662299967486,28.53359699978373],[-81.3765699999714,28.532845999867803],[-81.37652099956762,28.532334000082095],[-81.37646700003926,28.531572999659392],[-81.37652599959047,28.53115299961262],[-81.37549000042107,28.531165999671092],[-81.37534599958272,28.53116699961481],[-81.37491700013564,28.53117100017888],[-81.3747740000205,28.531173000066193],[-81.3747670003478,28.531254000207056],[-81.3747599997768,28.531287999838373],[-81.37470100022557,28.531632000041128],[-81.37469899967743,28.53164899979718],[-81.37469399965457,28.53174800003987],[-81.37469500037778,28.531826999863913],[-81.37469799985253,28.532063999769818],[-81.37469899967743,28.532144000080592],[-81.3748230004243,28.532141000277214],[-81.37519499996998,28.532135999815534],[-81.37531999964345,28.53213399994641],[-81.37543799964422,28.532132000077315],[-81.37579500001961,28.532126999615148],[-81.3758090002633,28.532126999615148],[-81.37584500024832,28.532123999811287],[-81.3758850004313,28.53213399994641],[-81.37590799999751,28.532148999752735],[-81.37592399989104,28.532169000017284],[-81.37593200028695,28.532205999944303],[-81.37593300011187,28.53233899974523],[-81.37594099960947,28.532930000082224],[-81.3759430001576,28.533006000030607],[-81.37592899991391,28.53304199973778],[-81.3758999996016,28.533070000027667],[-81.37586000031693,28.533084999700765],[-81.37575400001172,28.533085999626266],[-81.37543799964422,28.53308800026647],[-81.37533300006224,28.53309000011741],[-81.37471100027132,28.533099000235495],[-81.37473600038567,28.53462699984425],[-81.3747380000355,28.53474800004098],[-81.3747389998604,28.53482600007462],[-81.37475599957885,28.534862999857893],[-81.3748009997847,28.53493099993766],[-81.37485799968609,28.534991999832602],[-81.37492600035647,28.535043999740964],[-81.3748640004322,28.534869000098837],[-81.37487500030284,28.534762000354842],[-81.37491299993768,28.534593999622956],[-81.37510100025867,28.534428000027194],[-81.37537900009299,28.534121000314062],[-81.37544799968997,28.534058999998653],[-81.37552499968287,28.53400399985381],[-81.37560900024677,28.53395799972493],[-81.37615099967175,28.533744999775866],[-81.37636300028217,28.53365100022087],[-81.37643400042728,28.53362499992616],[-81.37654599968197,28.533602000176163],[-81.37662299967486,28.53359699978373]]]},"properties":{"block_id":"120950103003018","school_id":"sch_lake_eola_charter","kids_est":0,"class":"green","shortest":{"len_m":1458.3,"mean_c":36.34,"peak_c":37.5,"dose":67.2},"coolest":{"len_m":1458.3,"mean_c":36.34,"peak_c":37.5,"dose":67.2},"delta_mean_c":0.0,"delta_dose_pct":0,"distance_mi":0.774,"status_now":"walk","status_rec":"walk","reason":"Shortest route already under threshold (dose 67).","safe_until_hour":null}},{"type":"Feature","geometry":{"type":"Polygon","coordinates":[[[-81.37434700022324,28.539096999945915],[-81.37434200020037,28.539052000331054],[-81.37433999965222,28.538433999835473],[-81.37414499965857,28.538433999835473],[-81.37355999967755,28.538433999835473],[-81.37336600040712,28.538434999710226],[-81.37255100027232,28.538440999747756],[-81.37258100040957,28.53863499972407],[-81.37259599957984,28.538830999874268],[-81.37260200032597,28.53913000033518],[-81.37285500004594,28.53912500020514],[-81.37434700022324,28.539096999945915]]]},"properties":{"block_id":"120950189023005","school_id":"sch_lake_eola_charter","kids_est":1,"class":"green","shortest":{"len_m":930.8,"mean_c":37.01,"peak_c":37.5,"dose":52.2},"coolest":{"len_m":931.7,"mean_c":37.01,"peak_c":37.5,"dose":52.1},"delta_mean_c":0.0,"delta_dose_pct":0,"distance_mi":0.44,"status_now":"walk","status_rec":"walk","reason":"Shortest route already under threshold (dose 52).","safe_until_hour":null}},{"type":"Feature","geometry":{"type":"Polygon","coordinates":[[[-81.37710100042406,28.53487999988195],[-81.3770699995636,28.53467299968104],[-81.37686399969928,28.53400399985381],[-81.37679799957705,28.533550000345354],[-81.37662299967486,28.53359699978373],[-81.37676599979,28.534134999921957],[-81.37686399969928,28.534418000109774],[-81.37702400043116,28.534723999836935],[-81.37710100042406,28.53487999988195]]]},"properties":{"block_id":"120950103003016","school_id":"sch_lake_eola_charter","kids_est":0,"class":"green","shortest":{"len_m":1193.2,"mean_c":36.46,"peak_c":37.5,"dose":57.0},"coolest":{"len_m":1193.2,"mean_c":36.46,"peak_c":37.5,"dose":57.0},"delta_mean_c":0.0,"delta_dose_pct":0,"distance_mi":0.7,"status_now":"walk","status_rec":"walk","reason":"Shortest route already under threshold (dose 57).","safe_until_hour":null}},{"type":"Feature","geometry":{"type":"Polygon","coordinates":[[[-81.38485299959197,28.53648699998451],[-81.3848490002923,28.536443999831445],[-81.38484799956909,28.536374000150293],[-81.38484599991926,28.53604000019724],[-81.38484599991926,28.535905999644413],[-81.38484599991926,28.535864999841664],[-81.38483800042167,28.535632000197918],[-81.38483199967557,28.535479000185457],[-81.3848340002237,28.535339000283752],[-81.3848340002237,28.535297000355875],[-81.38425400026557,28.535294999757593],[-81.38397200023324,28.535293999853057],[-81.38367599995726,28.535292999948496],[-81.38334700006928,28.535292999948496],[-81.38332199995492,28.535340000187883],[-81.38329900038869,28.535385999713398],[-81.38324400013711,28.53549600011012],[-81.38316100029644,28.53569700007922],[-81.38305499999124,28.535955000196143],[-81.38301200033352,28.53611299979065],[-81.3831300003343,28.536119999857124],[-81.38371699996513,28.536151999704035],[-81.38386099990517,28.536180999852874],[-81.38397300005816,28.536203999829212],[-81.38407199979237,28.53622500000906],[-81.38445000008414,28.536331999845824],[-81.38471899969765,28.53644000025676],[-81.38485299959197,28.53648699998451]]]},"properties":{"block_id":"120950105001034","school_id":"sch_lake_eola_charter","kids_est":0,"class":"green","shortest":{"len_m":1670.8,"mean_c":36.4,"peak_c":37.5,"dose":78.5},"coolest":{"len_m":1670.8,"mean_c":36.4,"peak_c":37.5,"dose":78.5},"delta_mean_c":0.0,"delta_dose_pct":0,"distance_mi":0.72,"status_now":"walk","status_rec":"walk","reason":"Shortest route already under threshold (dose 78).","safe_until_hour":null}},{"type":"Feature","geometry":{"type":"Polygon","coordinates":[[[-81.37920699999638,28.554974999959246],[-81.37919799977554,28.55396599981494],[-81.37919600012572,28.553793000292398],[-81.37919199992776,28.553276000276156],[-81.37919100010284,28.55310400014451],[-81.37872499994752,28.553105999615493],[-81.37856500011397,28.553107000140045],[-81.3773290000297,28.553119000121317],[-81.37686399969928,28.553124000376112],[-81.37687100027028,28.553472999742283],[-81.3768720000952,28.554236999740738],[-81.37687600029317,28.55494999991136],[-81.37920699999638,28.554974999959246]]]},"properties":{"block_id":"120950188004011","school_id":"sch_lake_eola_charter","kids_est":0,"class":"green","shortest":{"len_m":1333.0,"mean_c":37.75,"peak_c":37.9,"dose":88.0},"coolest":{"len_m":1333.0,"mean_c":37.75,"peak_c":37.9,"dose":88.0},"delta_mean_c":0.0,"delta_dose_pct":0,"distance_mi":0.672,"status_now":"walk","status_rec":"walk","reason":"Shortest route already under threshold (dose 88).","safe_until_hour":null}},{"type":"Feature","geometry":{"type":"Polygon","coordinates":[[[-81.37995400035909,28.53494799995074],[-81.37995199981094,28.534875000339373],[-81.37981299989379,28.53438299999665],[-81.37979600017535,28.53433500020598],[-81.37976299966506,28.534242000302633],[-81.37974000009885,28.534189000083387],[-81.37969499989299,28.534127999723665],[-81.37964100036464,28.534079999816782],[-81.37958799976288,28.534048000129786],[-81.37946399991432,28.534000000186502],[-81.37934000006575,28.53395300013866],[-81.37870800022908,28.53374699961434],[-81.37864799995462,28.533728000357904],[-81.37845999963366,28.53365300006114],[-81.37815099983717,28.533533000106733],[-81.37808600043816,28.53352200018295],[-81.37751999982541,28.533512000179535],[-81.37686100022455,28.533533000106733],[-81.37679799957705,28.533550000345354],[-81.37686399969928,28.53400399985381],[-81.3770699995636,28.53467299968104],[-81.37710100042406,28.53487999988195],[-81.37714300025685,28.534990999925114],[-81.3771750000439,28.535064000245264],[-81.37721199985383,28.535134999913545],[-81.37725600023475,28.535202999817788],[-81.37730499974025,28.53526799996374],[-81.37736199964165,28.535332000165397],[-81.37742000026628,28.53538800030995],[-81.37748300001547,28.535441999829278],[-81.37755300033568,28.535490999807628],[-81.3776260001306,28.535536000154142],[-81.37781699992632,28.535631000296576],[-81.37792499988137,28.53568499969135],[-81.37805100027806,28.535742000337812],[-81.37824999957138,28.535692999687033],[-81.37888399995619,28.535446000230987],[-81.37969300024318,28.535294999757593],[-81.37975099996949,28.53524599968815],[-81.37981000041904,28.535195999690384],[-81.3798630001225,28.53514800027006],[-81.3799200000239,28.535065000152052],[-81.37994000011538,28.535020000393494],[-81.3799419997652,28.535008999835785],[-81.37995400035909,28.53494799995074]]]},"properties":{"block_id":"120950103003004","school_id":"sch_lake_eola_charter","kids_est":0,"class":"green","shortest":{"len_m":1192.1,"mean_c":36.46,"peak_c":37.5,"dose":56.9},"coolest":{"len_m":1192.1,"mean_c":36.46,"peak_c":37.5,"dose":56.9},"delta_mean_c":0.0,"delta_dose_pct":0,"distance_mi":0.622,"status_now":"walk","status_rec":"walk","reason":"Shortest route already under threshold (dose 57).","safe_until_hour":null}},{"type":"Feature","geometry":{"type":"Polygon","coordinates":[[[-81.3849050003688,28.53833100005811],[-81.38486099998788,28.537605000173034],[-81.38485400031519,28.53731499987728],[-81.38485000011723,28.53716700016433],[-81.38485000011723,28.537143999609082],[-81.38485000011723,28.53672600024036],[-81.38485299959197,28.53648699998451],[-81.38471899969765,28.53644000025676],[-81.38445000008414,28.536331999845824],[-81.38407199979237,28.53622500000906],[-81.38397300005816,28.536203999829212],[-81.38386099990517,28.536180999852874],[-81.38371699996513,28.536151999704035],[-81.3831300003343,28.536119999857124],[-81.38301200033352,28.53611299979065],[-81.38299200024204,28.536176000372098],[-81.38294200001332,28.536329000161615],[-81.3828630003706,28.536575000022925],[-81.38274600019474,28.53695299971059],[-81.38272500027834,28.537034000143642],[-81.38267000002675,28.537283000383525],[-81.3826030000796,28.537666999980285],[-81.38257700014034,28.537881999653067],[-81.38255600022394,28.53805400018018],[-81.38254700000311,28.538156000351023],[-81.38255000037616,28.538173999721],[-81.38254899965294,28.53819500029739],[-81.38254299980517,28.538275999775614],[-81.38254199998025,28.53829399991428],[-81.38254000033041,28.538316000342622],[-81.38253799978229,28.538361000271838],[-81.38253699995737,28.53838000027125],[-81.38258299998812,28.53838100014651],[-81.38264400008748,28.53838100014651],[-81.38282599966237,28.538382999897014],[-81.38291799972387,28.538383999772236],[-81.38306400021206,28.538386000311846],[-81.38318399986265,28.538383999772236],[-81.38370899956921,28.538378999606802],[-81.38384199963859,28.53834499989583],[-81.38399899999744,28.538342000269],[-81.38401200041622,28.538343000144618],[-81.38446000012988,28.53834100039337],[-81.3849050003688,28.53833100005811]]]},"properties":{"block_id":"120950105001033","school_id":"sch_lake_eola_charter","kids_est":0,"class":"green","shortest":{"len_m":1250.4,"mean_c":36.55,"peak_c":37.5,"dose":62.0},"coolest":{"len_m":1250.8,"mean_c":36.55,"peak_c":37.5,"dose":61.9},"delta_mean_c":0.0,"delta_dose_pct":0,"distance_mi":0.625,"status_now":"walk","status_rec":"walk","reason":"Shortest route already under threshold (dose 62).","safe_until_hour":null}},{"type":"Feature","geometry":{"type":"Polygon","coordinates":[[[-81.38307400025779,28.538576999980116],[-81.38318399986265,28.538383999772236],[-81.38306400021206,28.538386000311846],[-81.38291799972387,28.538383999772236],[-81.38282599966237,28.538382999897014],[-81.38264400008748,28.53838100014651],[-81.38258299998812,28.53838100014651],[-81.38253699995737,28.53838000027125],[-81.38248699972864,28.538974000269235],[-81.38244499989585,28.539815999988413],[-81.38241700030677,28.540222999711037],[-81.38259300003386,28.540219000279805],[-81.38264400008748,28.540217999632826],[-81.38270299963871,28.54021199969649],[-81.38278700020261,28.540204999901952],[-81.38285099977672,28.540197000248856],[-81.38285300032487,28.539862999788518],[-81.38284900012691,28.539275999924627],[-81.3829470000362,28.53903400032195],[-81.38307400025779,28.538576999980116]]]},"properties":{"block_id":"120950105001000","school_id":"sch_lake_eola_charter","kids_est":0,"class":"green","shortest":{"len_m":1189.2,"mean_c":36.58,"peak_c":37.5,"dose":59.4},"coolest":{"len_m":1189.6,"mean_c":36.57,"peak_c":37.5,"dose":59.3},"delta_mean_c":-0.01,"delta_dose_pct":0,"distance_mi":0.485,"status_now":"walk","status_rec":"walk","reason":"Shortest route already under threshold (dose 59).","safe_until_hour":null}},{"type":"Feature","geometry":{"type":"Polygon","coordinates":[[[-81.38150799956234,28.539508000326244],[-81.38142399989677,28.539179000176688],[-81.38140100033054,28.538850999659722],[-81.38138700008685,28.538521999826038],[-81.38140100033054,28.538368000188903],[-81.38130199969802,28.538370999815058],[-81.38104099958211,28.53837400023025],[-81.38078100018942,28.538377999731516],[-81.38073900035663,28.53838000027125],[-81.38076100009795,28.540320999932856],[-81.38080100028093,28.540319000219146],[-81.38089599981716,28.540311999642473],[-81.3809900004268,28.54030399999752],[-81.38099200007663,28.539678999914173],[-81.38150799956234,28.539508000326244]]]},"properties":{"block_id":"120950189021042","school_id":"sch_lake_eola_charter","kids_est":0,"class":"green","shortest":{"len_m":1018.2,"mean_c":36.63,"peak_c":37.5,"dose":51.8},"coolest":{"len_m":1018.6,"mean_c":36.63,"peak_c":37.5,"dose":51.7},"delta_mean_c":0.0,"delta_dose_pct":0,"distance_mi":0.425,"status_now":"walk","status_rec":"walk","reason":"Shortest route already under threshold (dose 52).","safe_until_hour":null}},{"type":"Feature","geometry":{"type":"Polygon","coordinates":[[[-81.37473600038567,28.53462699984425],[-81.37471100027132,28.533099000235495],[-81.37377599958762,28.533112000053965],[-81.37358999981478,28.533113999904458],[-81.373034999971,28.533120000244995],[-81.37285000002306,28.533123000020485],[-81.37277499968,28.533123000020485],[-81.37255200009726,28.53312599979596],[-81.37248900034807,28.533126999721084],[-81.37247799957909,28.533130000285606],[-81.37244900016509,28.533146999800028],[-81.37243300027154,28.533175000062],[-81.37244499996713,28.534260000341227],[-81.37293899971154,28.534343000304165],[-81.37473600038567,28.53462699984425]]]},"properties":{"block_id":"120950103002011","school_id":"sch_lake_eola_charter","kids_est":2,"class":"green","shortest":{"len_m":1483.9,"mean_c":36.52,"peak_c":37.5,"dose":72.9},"coolest":{"len_m":1484.8,"mean_c":36.52,"peak_c":37.5,"dose":72.8},"delta_mean_c":0.0,"delta_dose_pct":0,"distance_mi":0.752,"status_now":"walk","status_rec":"walk","reason":"Shortest route already under threshold (dose 73).","safe_until_hour":null}},{"type":"Feature","geometry":{"type":"Polygon","coordinates":[[[-81.38157899970746,28.527861999635775],[-81.38155799979107,28.527717999969507],[-81.38155199994327,28.52766700036938],[-81.38149300039206,28.527079999651512],[-81.38147400012546,28.526884999727685],[-81.3800609995909,28.5269060001861],[-81.3800749998346,28.527770000310184],[-81.38007999985746,28.527879999974843],[-81.38069699962551,28.52787300015027],[-81.38157899970746,28.527861999635775]]]},"properties":{"block_id":"120950185003008","school_id":"sch_lake_eola_charter","kids_est":3,"class":"green","shortest":{"len_m":2258.0,"mean_c":36.25,"peak_c":37.5,"dose":101.2},"coolest":{"len_m":2258.0,"mean_c":36.25,"peak_c":37.5,"dose":101.2},"delta_mean_c":0.0,"delta_dose_pct":0,"distance_mi":1.182,"status_now":"walk","status_rec":"walk","reason":"Shortest route already under threshold (dose 101).","safe_until_hour":null}},{"type":"Feature","geometry":{"type":"Polygon","coordinates":[[[-81.37325099988107,28.550974999649217],[-81.37319900000253,28.550043999651958],[-81.3729649996508,28.550051000370857],[-81.37296200017607,28.549867999910617],[-81.37268199979358,28.54987199976452],[-81.37268900036459,28.550305999977436],[-81.37269100001441,28.55044000036177],[-81.3726969998622,28.550844000005657],[-81.37269900041032,28.550979000250152],[-81.37290399955144,28.550976999949697],[-81.37325099988107,28.550974999649217]]]},"properties":{"block_id":"120950102011012","school_id":"sch_lake_eola_charter","kids_est":0,"class":"green","shortest":{"len_m":1105.5,"mean_c":37.76,"peak_c":37.8,"dose":73.0},"coolest":{"len_m":1107.0,"mean_c":37.74,"peak_c":37.8,"dose":72.9},"delta_mean_c":-0.02,"delta_dose_pct":0,"distance_mi":0.494,"status_now":"walk","status_rec":"walk","reason":"Shortest route already under threshold (dose 73).","safe_until_hour":null}},{"type":"Feature","geometry":{"type":"Polygon","coordinates":[[[-81.37741600006834,28.539040000325294],[-81.37740299964953,28.538515999793177],[-81.3773990003499,28.538421999759347],[-81.3762589996268,28.538433999835473],[-81.37583199982953,28.538434999710226],[-81.3758500002712,28.539066999941763],[-81.37617499996121,28.53905900020227],[-81.37741600006834,28.539040000325294]]]},"properties":{"block_id":"120950189023007","school_id":"sch_lake_eola_charter","kids_est":1,"class":"green","shortest":{"len_m":723.7,"mean_c":36.87,"peak_c":37.5,"dose":38.7},"coolest":{"len_m":723.7,"mean_c":36.87,"peak_c":37.5,"dose":38.7},"delta_mean_c":0.0,"delta_dose_pct":0,"distance_mi":0.382,"status_now":"walk","status_rec":"walk","reason":"Shortest route already under threshold (dose 39).","safe_until_hour":null}},{"type":"Feature","geometry":{"type":"Polygon","coordinates":[[[-81.37907700030003,28.544615999900234],[-81.37905899985836,28.544363000357652],[-81.37904100031503,28.543959000314707],[-81.37901500037574,28.543541000366005],[-81.37887200026061,28.5435439998448],[-81.3784420000903,28.543552999859035],[-81.37829999980009,28.543556999952838],[-81.37813599976856,28.543561999872505],[-81.3776450003972,28.543576999630165],[-81.37748200019057,28.543583000163977],[-81.37748600038853,28.543791999867764],[-81.37749999973391,28.54442299970838],[-81.3775049997568,28.544632999928787],[-81.37766399976546,28.54462999969186],[-81.37814199961633,28.54462499982288],[-81.37830200034823,28.544624000006827],[-81.37907700030003,28.544615999900234]]]},"properties":{"block_id":"120950189022004","school_id":"sch_lake_eola_charter","kids_est":0,"class":"green","shortest":{"len_m":278.8,"mean_c":37.57,"peak_c":37.6,"dose":17.7},"coolest":{"len_m":278.8,"mean_c":37.57,"peak_c":37.6,"dose":17.7},"delta_mean_c":0.0,"delta_dose_pct":0,"distance_mi":0.071,"status_now":"walk","status_rec":"walk","reason":"Shortest route already under threshold (dose 18).","safe_until_hour":null}},{"type":"Feature","geometry":{"type":"Polygon","coordinates":[[[-81.37747499961955,28.54288799971842],[-81.37745999955094,28.542151999698678],[-81.37731800015905,28.542155000006186],[-81.37687999959282,28.542153000327286],[-81.37628899976401,28.542175999789],[-81.37602500017337,28.542174000110506],[-81.37587799986028,28.54218199961347],[-81.37587899968518,28.542325000194612],[-81.3758850004313,28.542753999984065],[-81.37588700008111,28.542896999788706],[-81.376068999656,28.542894000291476],[-81.37620799957317,28.542895999956304],[-81.37692499979865,28.542889000340043],[-81.37715699960225,28.54288799971842],[-81.37747499961955,28.54288799971842]]]},"properties":{"block_id":"120950189022013","school_id":"sch_lake_eola_charter","kids_est":0,"class":"green","shortest":{"len_m":337.4,"mean_c":37.3,"peak_c":37.5,"dose":20.1},"coolest":{"len_m":337.4,"mean_c":37.3,"peak_c":37.5,"dose":20.1},"delta_mean_c":0.0,"delta_dose_pct":0,"distance_mi":0.124,"status_now":"walk","status_rec":"walk","reason":"Shortest route already under threshold (dose 20).","safe_until_hour":null}},{"type":"Feature","geometry":{"type":"Polygon","coordinates":[[[-81.37803200001149,28.542141999725178],[-81.37803100018657,28.541975000343275],[-81.37801799976776,28.541662999725393],[-81.37801299974491,28.541513999961744],[-81.37801100009509,28.541479999684267],[-81.37800400042238,28.54134099971224],[-81.37801100009509,28.54131700022079],[-81.37789800011717,28.54131700022079],[-81.37756199965821,28.541318999915607],[-81.37745000040351,28.54132099961033],[-81.37746999959668,28.542131999750733],[-81.37745999955094,28.542151999698678],[-81.37803200001149,28.542141999725178]]]},"properties":{"block_id":"120950189022011","school_id":"sch_lake_eola_charter","kids_est":0,"class":"green","shortest":{"len_m":390.9,"mean_c":37.23,"peak_c":37.5,"dose":23.0},"coolest":{"len_m":391.3,"mean_c":37.22,"peak_c":37.5,"dose":22.9},"delta_mean_c":-0.01,"delta_dose_pct":0,"distance_mi":0.18,"status_now":"walk","status_rec":"walk","reason":"Shortest route already under threshold (dose 23).","safe_until_hour":null}},{"type":"Feature","geometry":{"type":"Polygon","coordinates":[[[-81.3774350003349,28.540362000369043],[-81.37742399956593,28.53931500024552],[-81.37741600006834,28.539040000325294],[-81.37617499996121,28.53905900020227],[-81.3758500002712,28.539066999941763],[-81.37585399957085,28.53929100029256],[-81.37585500029405,28.53996399992595],[-81.37586899963945,28.540387999790454],[-81.37638800039653,28.54038199986386],[-81.37674599969851,28.54037000000961],[-81.3774350003349,28.540362000369043]]]},"properties":{"block_id":"120950189022017","school_id":"sch_lake_eola_charter","kids_est":0,"class":"green","shortest":{"len_m":713.7,"mean_c":36.88,"peak_c":37.5,"dose":38.3},"coolest":{"len_m":713.7,"mean_c":36.88,"peak_c":37.5,"dose":38.3},"delta_mean_c":0.0,"delta_dose_pct":0,"distance_mi":0.316,"status_now":"walk","status_rec":"walk","reason":"Shortest route already under threshold (dose 38).","safe_until_hour":null}},{"type":"Feature","geometry":{"type":"Polygon","coordinates":[[[-81.3773990003499,28.538421999759347],[-81.37738799958093,28.537034000143642],[-81.37664799978921,28.537037999695784],[-81.37626799984761,28.53702899991414],[-81.37589899977668,28.537009999671096],[-81.37580300041553,28.53700500022958],[-81.37577800030117,28.537004000341263],[-81.37577300027829,28.5371320001752],[-81.37580400024045,28.537584000268243],[-81.37583199982953,28.538434999710226],[-81.3762589996268,28.538433999835473],[-81.3773990003499,28.538421999759347]]]},"properties":{"block_id":"120950189023008","school_id":"sch_lake_eola_charter","kids_est":0,"class":"green","shortest":{"len_m":880.8,"mean_c":36.92,"peak_c":37.5,"dose":48.1},"coolest":{"len_m":881.7,"mean_c":36.91,"peak_c":37.5,"dose":48.0},"delta_mean_c":-0.01,"delta_dose_pct":0,"distance_mi":0.452,"status_now":"walk","status_rec":"walk","reason":"Shortest route already under threshold (dose 48).","safe_until_hour":null}},{"type":"Feature","geometry":{"type":"Polygon","coordinates":[[[-81.3758500002712,28.539066999941763],[-81.37583199982953,28.538434999710226],[-81.37488799982331,28.538433999835473],[-81.37477800021847,28.538433999835473],[-81.37444900033049,28.538433999835473],[-81.37433999965222,28.538433999835473],[-81.37434200020037,28.539052000331054],[-81.37434700022324,28.539096999945915],[-81.37508199999208,28.539084999945295],[-81.3758500002712,28.539066999941763]]]},"properties":{"block_id":"120950189023006","school_id":"sch_lake_eola_charter","kids_est":0,"class":"green","shortest":{"len_m":769.5,"mean_c":37.05,"peak_c":37.5,"dose":43.5},"coolest":{"len_m":770.4,"mean_c":37.04,"peak_c":37.5,"dose":43.4},"delta_mean_c":-0.01,"delta_dose_pct":0,"distance_mi":0.4,"status_now":"walk","status_rec":"walk","reason":"Shortest route already under threshold (dose 44).","safe_until_hour":null}},{"type":"Feature","geometry":{"type":"Polygon","coordinates":[[[-81.37931900014937,28.535577000084906],[-81.3792720002937,28.53558699989234],[-81.37915699976766,28.535615000295177],[-81.37910900008707,28.535626000000434],[-81.37904499961468,28.53564299990138],[-81.37881799983394,28.535707999775905],[-81.37862100019046,28.5357709998103],[-81.37859500025118,28.535779999699386],[-81.37849200031901,28.535814000238076],[-81.37828899992944,28.535883000392236],[-81.37838099999092,28.535957999890936],[-81.378448999763,28.536013999702856],[-81.37846600037975,28.53602799984844],[-81.37850499983949,28.53605999972329],[-81.37865200015258,28.536017000185165],[-81.37873400016836,28.53596599986588],[-81.37888800015415,28.53587399972273],[-81.37905399983549,28.53576199992044],[-81.37919399957758,28.53566899969817],[-81.37931900014937,28.535577000084906]]]},"properties":{"block_id":"120950189021063","school_id":"sch_lake_eola_charter","kids_est":0,"class":"green","shortest":{"len_m":1115.3,"mean_c":36.5,"peak_c":37.5,"dose":54.0},"coolest":{"len_m":1115.3,"mean_c":36.5,"peak_c":37.5,"dose":54.0},"delta_mean_c":0.0,"delta_dose_pct":0,"distance_mi":0.589,"status_now":"walk","status_rec":"walk","reason":"Shortest route already under threshold (dose 54).","safe_until_hour":null}},{"type":"Feature","geometry":{"type":"Polygon","coordinates":[[[-81.38010800034486,28.53208799979051],[-81.38010800034486,28.53111899993769],[-81.3795259998386,28.531127000280012],[-81.37844799993807,28.531132000000397],[-81.37845399978586,28.531407999981553],[-81.37846899985449,28.53204999988674],[-81.3784699996794,28.532239000124186],[-81.37847200022753,28.53251700022485],[-81.37879699991755,28.532510999850043],[-81.37977199988589,28.5324930003019],[-81.38009800029913,28.53248799985686],[-81.38010800034486,28.53208799979051]]]},"properties":{"block_id":"120950103003023","school_id":"sch_lake_eola_charter","kids_est":0,"class":"green","shortest":{"len_m":1723.9,"mean_c":36.28,"peak_c":37.5,"dose":78.1},"coolest":{"len_m":1723.9,"mean_c":36.28,"peak_c":37.5,"dose":78.1},"delta_mean_c":0.0,"delta_dose_pct":0,"distance_mi":0.867,"status_now":"walk","status_rec":"walk","reason":"Shortest route already under threshold (dose 78).","safe_until_hour":null}},{"type":"Feature","geometry":{"type":"Polygon","coordinates":[[[-81.38009999994895,28.53270299983734],[-81.38010499997183,28.532505000264063],[-81.38009800029913,28.53248799985686],[-81.37977199988589,28.5324930003019],[-81.37879699991755,28.532510999850043],[-81.37847200022753,28.53251700022485],[-81.37847300005244,28.53259999998218],[-81.37847899990024,28.532851000295864],[-81.37848100044837,28.532934999717067],[-81.3788000002906,28.533060999907114],[-81.37928700036231,28.53325399960553],[-81.37946399991432,28.534000000186502],[-81.37958799976288,28.534048000129786],[-81.37964100036464,28.534079999816782],[-81.37969499989299,28.534127999723665],[-81.3797579996422,28.534107999830862],[-81.37986899997027,28.534087999934314],[-81.37997699992532,28.53408400027027],[-81.38004899989532,28.534083000354155],[-81.3800549997431,28.533980000269462],[-81.38006999981172,28.53373100011609],[-81.38007200035985,28.533672000120372],[-81.3800759996595,28.53357000034401],[-81.38008300023051,28.533352999918815],[-81.38009099972811,28.533138999611044],[-81.38009999994895,28.53270299983734]]]},"properties":{"block_id":"120950103003011","school_id":"sch_lake_eola_charter","kids_est":1,"class":"green","shortest":{"len_m":1541.0,"mean_c":36.34,"peak_c":37.5,"dose":70.9},"coolest":{"len_m":1541.0,"mean_c":36.34,"peak_c":37.5,"dose":70.9},"delta_mean_c":0.0,"delta_dose_pct":0,"distance_mi":0.781,"status_now":"walk","status_rec":"walk","reason":"Shortest route already under threshold (dose 71).","safe_until_hour":null}},{"type":"Feature","geometry":{"type":"Polygon","coordinates":[[[-81.38074500020443,28.531112000328235],[-81.38072199973988,28.529182000300285],[-81.38071300041737,28.528855000199783],[-81.38069699962551,28.52787300015027],[-81.38007999985746,28.527879999974843],[-81.37829200030248,28.52790300018439],[-81.37813800031668,28.52789399962258],[-81.37798699980563,28.527884999849256],[-81.37703799977655,28.527901000235005],[-81.3770410001496,28.528234999939237],[-81.37704500034756,28.52857100010033],[-81.37703899960147,28.528625999923673],[-81.37693200036966,28.52889499960761],[-81.3769159995778,28.528951999980674],[-81.37691200027817,28.529095000365373],[-81.37690499970718,28.529124000088537],[-81.37688499961567,28.5291479999895],[-81.37685500037678,28.529163000220812],[-81.37682600006444,28.529163000220812],[-81.37649200015362,28.5291670000717],[-81.3765120002451,28.530303999666156],[-81.37651100042018,28.530637999647784],[-81.37651100042018,28.53079600011147],[-81.37652599959047,28.53115299961262],[-81.37749200023632,28.531141000285704],[-81.37768300003202,28.53113899960853],[-81.37825600031746,28.53113299994445],[-81.37844799993807,28.531132000000397],[-81.3795259998386,28.531127000280012],[-81.38010800034486,28.53111899993769],[-81.38074500020443,28.531112000328235]]]},"properties":{"block_id":"120950185003000","school_id":"sch_lake_eola_charter","kids_est":0,"class":"green","shortest":{"len_m":1744.3,"mean_c":36.28,"peak_c":37.5,"dose":79.1},"coolest":{"len_m":1744.3,"mean_c":36.28,"peak_c":37.5,"dose":79.1},"delta_mean_c":0.0,"delta_dose_pct":0,"distance_mi":0.959,"status_now":"walk","status_rec":"walk","reason":"Shortest route already under threshold (dose 79).","safe_until_hour":null}},{"type":"Feature","geometry":{"type":"Polygon","coordinates":[[[-81.37805100027806,28.535742000337812],[-81.37792499988137,28.53568499969135],[-81.37781699992632,28.535631000296576],[-81.3776260001306,28.535536000154142],[-81.37755300033568,28.535490999807628],[-81.37748300001547,28.535441999829278],[-81.37742000026628,28.53538800030995],[-81.37736199964165,28.535332000165397],[-81.37730499974025,28.53526799996374],[-81.37725600023475,28.535202999817788],[-81.37721199985383,28.535134999913545],[-81.3771750000439,28.535064000245264],[-81.37714300025685,28.534990999925114],[-81.37710100042406,28.53487999988195],[-81.37712999983808,28.53512599996936],[-81.37718000006679,28.53526099984065],[-81.37724199999106,28.53539100002094],[-81.3773159996109,28.535516999641857],[-81.37737599988536,28.535599000291384],[-81.37744700003046,28.53567699969507],[-81.37749300006124,28.535718000360124],[-81.3775270003964,28.535748999639736],[-81.37761500025995,28.535811999649614],[-81.37766399976546,28.535839999992668],[-81.37805100027806,28.535742000337812]]]},"properties":{"block_id":"120950103003003","school_id":"sch_lake_eola_charter","kids_est":0,"class":"green","shortest":{"len_m":1061.8,"mean_c":36.54,"peak_c":37.5,"dose":51.9},"coolest":{"len_m":1061.8,"mean_c":36.54,"peak_c":37.5,"dose":51.9},"delta_mean_c":0.0,"delta_dose_pct":0,"distance_mi":0.601,"status_now":"walk","status_rec":"walk","reason":"Shortest route already under threshold (dose 52).","safe_until_hour":null}},{"type":"Feature","geometry":{"type":"Polygon","coordinates":[[[-81.37652599959047,28.53115299961262],[-81.37651100042018,28.53079600011147],[-81.37651100042018,28.530637999647784],[-81.3765120002451,28.530303999666156],[-81.37649200015362,28.5291670000717],[-81.3764910003287,28.52913900032326],[-81.37648899978056,28.52905500024419],[-81.37648899978056,28.529027999640768],[-81.37628399974116,28.529086999868806],[-81.37601699977745,28.529165000146293],[-81.37567199999596,28.52926500031639],[-81.37554499977435,28.52930199968443],[-81.37546799978146,28.5293239996225],[-81.37547199997942,28.529691999699025],[-81.37548500039821,28.5307970000587],[-81.37549000042107,28.531165999671092],[-81.37652599959047,28.53115299961262]]]},"properties":{"block_id":"120950113004004","school_id":"sch_lake_eola_charter","kids_est":1,"class":"green","shortest":{"len_m":1715.6,"mean_c":36.29,"peak_c":37.5,"dose":78.0},"coolest":{"len_m":1715.6,"mean_c":36.29,"peak_c":37.5,"dose":78.0},"delta_mean_c":0.0,"delta_dose_pct":0,"distance_mi":0.973,"status_now":"walk","status_rec":"walk","reason":"Shortest route already under threshold (dose 78).","safe_until_hour":null}},{"type":"Feature","geometry":{"type":"Polygon","coordinates":[[[-81.37289600005384,28.542249999704307],[-81.37289299968077,28.54206199990311],[-81.37288400035827,28.541501000390788],[-81.37288099998523,28.541313999889404],[-81.37272600017452,28.5413099997105],[-81.37204599975895,28.54131600037339],[-81.37139300000588,28.54132899996722],[-81.37141200027246,28.542274999610605],[-81.37172100006894,28.542274999610605],[-81.37289600005384,28.542249999704307]]]},"properties":{"block_id":"120950102024002","school_id":"sch_lake_eola_charter","kids_est":7,"class":"green","shortest":{"len_m":759.9,"mean_c":37.52,"peak_c":37.7,"dose":47.7},"coolest":{"len_m":760.8,"mean_c":37.51,"peak_c":37.7,"dose":47.6},"delta_mean_c":-0.01,"delta_dose_pct":0,"distance_mi":0.348,"status_now":"walk","status_rec":"walk","reason":"Shortest route already under threshold (dose 48).","safe_until_hour":null}},{"type":"Feature","geometry":{"type":"Polygon","coordinates":[[[-81.37286699974152,28.54044699997138],[-81.37285599987086,28.539788999774725],[-81.3718299998489,28.539799999833367],[-81.37136299986865,28.53981500012676],[-81.37136700006661,28.53994600007268],[-81.37136899971642,28.54000899994045],[-81.37137100026456,28.540342000081267],[-81.37137299991439,28.54047400001642],[-81.37167099984022,28.540468000094677],[-81.37256799999076,28.540452000038727],[-81.37286699974152,28.54044699997138]]]},"properties":{"block_id":"120950102023003","school_id":"sch_lake_eola_charter","kids_est":4,"class":"green","shortest":{"len_m":907.5,"mean_c":37.47,"peak_c":37.6,"dose":56.3},"coolest":{"len_m":908.4,"mean_c":37.46,"peak_c":37.6,"dose":56.2},"delta_mean_c":-0.01,"delta_dose_pct":0,"distance_mi":0.418,"status_now":"walk","status_rec":"walk","reason":"Shortest route already under threshold (dose 56).","safe_until_hour":null}},{"type":"Feature","geometry":{"type":"Polygon","coordinates":[[[-81.37436300011676,28.540417000351656],[-81.3743589999188,28.540153000173174],[-81.37435399989594,28.53978399967597],[-81.37285599987086,28.539788999774725],[-81.37286699974152,28.54044699997138],[-81.37436300011676,28.540417000351656]]]},"properties":{"block_id":"120950189023003","school_id":"sch_lake_eola_charter","kids_est":0,"class":"green","shortest":{"len_m":889.1,"mean_c":37.46,"peak_c":37.6,"dose":55.2},"coolest":{"len_m":890.0,"mean_c":37.46,"peak_c":37.6,"dose":55.1},"delta_mean_c":0.0,"delta_dose_pct":0,"distance_mi":0.358,"status_now":"walk","status_rec":"walk","reason":"Shortest route already under threshold (dose 55).","safe_until_hour":null}},{"type":"Feature","geometry":{"type":"Polygon","coordinates":[[[-81.37677199963777,28.545640999735372],[-81.37676900016305,28.544632999928787],[-81.37676400014017,28.54442599995126],[-81.37674999989648,28.543804999945127],[-81.37674599969851,28.543598999744372],[-81.37657499999428,28.54360000035924],[-81.3760629998082,28.543605000276923],[-81.3758929999289,28.54360799975391],[-81.37589799995177,28.54385599962618],[-81.37591300002039,28.544601000290477],[-81.37591800004324,28.54485000000599],[-81.37593099956374,28.54567799966607],[-81.37677199963777,28.545640999735372]]]},"properties":{"block_id":"120950189022000","school_id":"sch_lake_eola_charter","kids_est":11,"class":"green","shortest":{"len_m":138.6,"mean_c":37.58,"peak_c":37.6,"dose":8.7},"coolest":{"len_m":138.6,"mean_c":37.58,"peak_c":37.6,"dose":8.7},"delta_mean_c":0.0,"delta_dose_pct":0,"distance_mi":0.053,"status_now":"walk","status_rec":"walk","reason":"Shortest route already under threshold (dose 9).","safe_until_hour":null}},{"type":"Feature","geometry":{"type":"Polygon","coordinates":[[[-81.38696200043562,28.540160999829606],[-81.38695999988748,28.53982199994723],[-81.38694900001684,28.53925799995374],[-81.38694200034415,28.539241999713965],[-81.3862359999893,28.539247999705527],[-81.38528600013531,28.53924400023729],[-81.38502900021737,28.539246999838497],[-81.38493200013299,28.53924300037022],[-81.38493700015586,28.539002999641344],[-81.38493100030807,28.538878999984338],[-81.3849050003688,28.53833100005811],[-81.38446000012988,28.53834100039337],[-81.38401200041622,28.538343000144618],[-81.38399899999744,28.538342000269],[-81.38384199963859,28.53834499989583],[-81.38370899956921,28.538378999606802],[-81.38318399986265,28.538383999772236],[-81.38307400025779,28.538576999980116],[-81.3829470000362,28.53903400032195],[-81.38284900012691,28.539275999924627],[-81.38285300032487,28.539862999788518],[-81.38285099977672,28.540197000248856],[-81.38323400009138,28.54018200000986],[-81.38387299960075,28.540181000151684],[-81.38494800002651,28.540181000151684],[-81.3859890001171,28.54017099999109],[-81.38618300028587,28.540169000274545],[-81.38676700044196,28.54016199968797],[-81.38696200043562,28.540160999829606]]]},"properties":{"block_id":"120950105001001","school_id":"sch_lake_eola_charter","kids_est":0,"class":"green","shortest":{"len_m":1319.9,"mean_c":36.61,"peak_c":37.5,"dose":66.3},"coolest":{"len_m":1320.3,"mean_c":36.61,"peak_c":37.5,"dose":66.2},"delta_mean_c":0.0,"delta_dose_pct":0,"distance_mi":0.564,"status_now":"walk","status_rec":"walk","reason":"Shortest route already under threshold (dose 66).","safe_until_hour":null}},{"type":"Feature","geometry":{"type":"Polygon","coordinates":[[[-81.38039100020208,28.539329999818786],[-81.380392000027,28.539078999944444],[-81.38029199956956,28.539078999944444],[-81.37999199999392,28.539078999944444],[-81.3798920004348,28.539078999944444],[-81.37988900006177,28.540342999937902],[-81.38039100020208,28.54033700000869],[-81.38039100020208,28.540085000306984],[-81.38039100020208,28.539329999818786]]]},"properties":{"block_id":"120950189021044","school_id":"sch_lake_eola_charter","kids_est":2,"class":"green","shortest":{"len_m":784.7,"mean_c":36.81,"peak_c":37.5,"dose":41.7},"coolest":{"len_m":785.1,"mean_c":36.8,"peak_c":37.5,"dose":41.6},"delta_mean_c":-0.01,"delta_dose_pct":0,"distance_mi":0.364,"status_now":"walk","status_rec":"walk","reason":"Shortest route already under threshold (dose 42).","safe_until_hour":null}},{"type":"Feature","geometry":{"type":"Polygon","coordinates":[[[-81.37801100009509,28.54131700022079],[-81.37801500029305,28.54119599967653],[-81.37800799972203,28.540782000011],[-81.37800699989714,28.54036300022549],[-81.3774350003349,28.540362000369043],[-81.37743799980964,28.540815999724604],[-81.37745000040351,28.54132099961033],[-81.37756199965821,28.541318999915607],[-81.37789800011717,28.54131700022079],[-81.37801100009509,28.54131700022079]]]},"properties":{"block_id":"120950189022015","school_id":"sch_lake_eola_charter","kids_est":1,"class":"green","shortest":{"len_m":483.4,"mean_c":37.12,"peak_c":37.5,"dose":27.7},"coolest":{"len_m":483.8,"mean_c":37.11,"peak_c":37.5,"dose":27.6},"delta_mean_c":-0.01,"delta_dose_pct":0,"distance_mi":0.24,"status_now":"walk","status_rec":"walk","reason":"Shortest route already under threshold (dose 28).","safe_until_hour":null}},{"type":"Feature","geometry":{"type":"Polygon","coordinates":[[[-81.37581799958583,28.53675899979389],[-81.37583400037767,28.536687999641565],[-81.37552999970573,28.536792000126322],[-81.37526500029017,28.53687499967313],[-81.37532300001651,28.53690199984435],[-81.37542299957562,28.536942000143874],[-81.37552800005592,28.536972999852534],[-81.37563500018602,28.536992999990673],[-81.37577800030117,28.537004000341263],[-81.3758090002633,28.53679800025736],[-81.37581799958583,28.53675899979389]]]},"properties":{"block_id":"120950189023012","school_id":"sch_lake_eola_charter","kids_est":0,"class":"green","shortest":{"len_m":1603.2,"mean_c":36.5,"peak_c":37.5,"dose":78.0},"coolest":{"len_m":1604.1,"mean_c":36.5,"peak_c":37.5,"dose":77.9},"delta_mean_c":0.0,"delta_dose_pct":0,"distance_mi":0.518,"status_now":"walk","status_rec":"walk","reason":"Shortest route already under threshold (dose 78).","safe_until_hour":null}},{"type":"Feature","geometry":{"type":"Polygon","coordinates":[[[-81.38182599957966,28.531098000318753],[-81.38178100027214,28.52815599979047],[-81.38179499961751,28.527859999685624],[-81.38175100013491,28.527859999685624],[-81.38162200026348,28.527860999660707],[-81.38157899970746,28.527861999635775],[-81.38069699962551,28.52787300015027],[-81.38071300041737,28.528855000199783],[-81.38072199973988,28.529182000300285],[-81.38074500020443,28.531112000328235],[-81.38082800004508,28.531112000328235],[-81.38143599959233,28.53110799976199],[-81.38182599957966,28.531098000318753]]]},"properties":{"block_id":"120950185003001","school_id":"sch_lake_eola_charter","kids_est":0,"class":"green","shortest":{"len_m":2080.6,"mean_c":36.26,"peak_c":37.5,"dose":93.6},"coolest":{"len_m":2080.6,"mean_c":36.26,"peak_c":37.5,"dose":93.6},"delta_mean_c":0.0,"delta_dose_pct":0,"distance_mi":1.048,"status_now":"walk","status_rec":"walk","reason":"Shortest route already under threshold (dose 94).","safe_until_hour":null}},{"type":"Feature","geometry":{"type":"Polygon","coordinates":[[[-81.37533300006224,28.53309000011741],[-81.37532999968919,28.532898000046007],[-81.37532200019159,28.53232499989868],[-81.37531999964345,28.53213399994641],[-81.37519499996998,28.532135999815534],[-81.3748230004243,28.532141000277214],[-81.37469899967743,28.532144000080592],[-81.37471100027132,28.533099000235495],[-81.37533300006224,28.53309000011741]]]},"properties":{"block_id":"120950103003020","school_id":"sch_lake_eola_charter","kids_est":1,"class":"green","shortest":{"len_m":1510.3,"mean_c":36.51,"peak_c":37.5,"dose":74.0},"coolest":{"len_m":1511.5,"mean_c":36.5,"peak_c":37.5,"dose":73.8},"delta_mean_c":-0.01,"delta_dose_pct":0,"distance_mi":0.812,"status_now":"walk","status_rec":"walk","reason":"Shortest route already under threshold (dose 74).","safe_until_hour":null}},{"type":"Feature","geometry":{"type":"Polygon","coordinates":[[[-81.38176000035574,28.54202000028784],[-81.38175600015778,28.541975000343275],[-81.38175399960964,28.541793999740722],[-81.38173299969326,28.541391999797092],[-81.38173100004343,28.541271999975915],[-81.38134500025404,28.541282000031995],[-81.38109099981084,28.541283999727483],[-81.38108999998592,28.541431999970108],[-81.38108999998592,28.54187899976594],[-81.38108999998592,28.542027999802496],[-81.38122399988022,28.54202600012113],[-81.38162499973822,28.542021000128553],[-81.38176000035574,28.54202000028784]]]},"properties":{"block_id":"120950189021029","school_id":"sch_lake_eola_charter","kids_est":0,"class":"green","shortest":{"len_m":729.7,"mean_c":37.0,"peak_c":37.5,"dose":40.3},"coolest":{"len_m":730.2,"mean_c":36.95,"peak_c":37.5,"dose":40.0},"delta_mean_c":-0.05,"delta_dose_pct":-1,"distance_mi":0.318,"status_now":"walk","status_rec":"walk","reason":"Shortest route already under threshold (dose 40).","safe_until_hour":null}},{"type":"Feature","geometry":{"type":"Polygon","coordinates":[[[-81.38484500009434,28.53114699994934],[-81.38485000011723,28.531057000223772],[-81.38469600013143,28.53106199994744],[-81.38463800040512,28.5310669996709],[-81.38454100032074,28.53107799985089],[-81.3843839999619,28.531081999629095],[-81.38400200037049,28.531081999629095],[-81.38379099958497,28.531083000362838],[-81.38354700008581,28.53108400030735],[-81.38281599961662,28.531089999974213],[-81.38257299994238,28.531092999807502],[-81.38259999970656,28.531363000239853],[-81.38261200030044,28.53148300029763],[-81.38265099976019,28.531873000133743],[-81.38267900024759,28.53215400021386],[-81.38268099989742,28.53217399968823],[-81.38271000020973,28.532444999650284],[-81.3827439996466,28.532765000161405],[-81.38283999990607,28.533728000357904],[-81.38284699957877,28.533799000137147],[-81.38287199969312,28.534049000046206],[-81.38284099973097,28.534049000046206],[-81.3827510002176,28.534049999962562],[-81.3827210000804,28.534049999962562],[-81.38272799975307,28.534149000317253],[-81.38273600014901,28.534272000102238],[-81.38273500032409,28.534291000049794],[-81.38273500032409,28.534498000211908],[-81.3827160000575,28.534697999806973],[-81.38267900024759,28.534898999719882],[-81.38264999993528,28.535007999928514],[-81.38264200043766,28.535041000020154],[-81.38262099962294,28.53509900013219],[-81.38281700033986,28.53509900013219],[-81.38317100034217,28.535098000225794],[-81.38319800010636,28.535041999927095],[-81.38328799961972,28.534861000040586],[-81.3835660003524,28.53430999999393],[-81.38358399989573,28.534274999844943],[-81.3836879996528,28.534077000068528],[-81.38386799957786,28.533838000117836],[-81.38410699995246,28.53352100026158],[-81.38466799964404,28.532681999744806],[-81.38481199958407,28.53246499985865],[-81.38480999993425,28.532322000100404],[-81.38480900010936,28.532182999884544],[-81.38482599982778,28.531510000272114],[-81.38482699965269,28.53148300029763],[-81.38483300039879,28.531372999657954],[-81.38484500009434,28.53114699994934]]]},"properties":{"block_id":"120950103003007","school_id":"sch_lake_eola_charter","kids_est":0,"class":"green","shortest":{"len_m":1854.0,"mean_c":36.3,"peak_c":37.5,"dose":84.4},"coolest":{"len_m":1854.0,"mean_c":36.3,"peak_c":37.5,"dose":84.4},"delta_mean_c":0.0,"delta_dose_pct":0,"distance_mi":0.892,"status_now":"walk","status_rec":"walk","reason":"Shortest route already under threshold (dose 84).","safe_until_hour":null}},{"type":"Feature","geometry":{"type":"Polygon","coordinates":[[[-81.38200999970269,28.534058000082386],[-81.38197799991563,28.53374000017943],[-81.38188199965617,28.53278700016574],[-81.38185099969401,28.5324700003048],[-81.38084999978639,28.53248100033833],[-81.38009800029913,28.53248799985686],[-81.38010499997183,28.532505000264063],[-81.38009999994895,28.53270299983734],[-81.38009099972811,28.533138999611044],[-81.38008300023051,28.533352999918815],[-81.3800759996595,28.53357000034401],[-81.38007200035985,28.533672000120372],[-81.38006999981172,28.53373100011609],[-81.3800549997431,28.533980000269462],[-81.38004899989532,28.534083000354155],[-81.38037299976043,28.534077999984618],[-81.38134600007896,28.53406500028532],[-81.38167099976896,28.534060999831173],[-81.38173799971611,28.534059999914916],[-81.38194199993062,28.534058000082386],[-81.38200999970269,28.534058000082386]]]},"properties":{"block_id":"120950103003010","school_id":"sch_lake_eola_charter","kids_est":2,"class":"green","shortest":{"len_m":1724.9,"mean_c":36.31,"peak_c":37.5,"dose":78.8},"coolest":{"len_m":1724.9,"mean_c":36.31,"peak_c":37.5,"dose":78.8},"delta_mean_c":0.0,"delta_dose_pct":0,"distance_mi":0.792,"status_now":"walk","status_rec":"walk","reason":"Shortest route already under threshold (dose 79).","safe_until_hour":null}},{"type":"Feature","geometry":{"type":"Polygon","coordinates":[[[-81.38257299994238,28.531092999807502],[-81.38255500039904,28.53089600031251],[-81.38255000037616,28.53083900020165],[-81.38253000028467,28.530553999974117],[-81.38250000014745,28.530304999618096],[-81.38247699968291,28.53010900018234],[-81.38245699959144,28.52991099968165],[-81.38244200042114,28.529750000387402],[-81.3823989998651,28.52931999977758],[-81.38238799999445,28.529199999624666],[-81.38237999959853,28.52912300012544],[-81.38235500038249,28.528877000231155],[-81.38228800043534,28.528213999745663],[-81.38228199968924,28.528140000232693],[-81.38226199959774,28.527895000386607],[-81.38218799997792,28.527881999924674],[-81.38214199994717,28.5278720001753],[-81.3821019997642,28.527860999660707],[-81.38207599982492,28.52785799973544],[-81.38193400043302,28.527855999785135],[-81.38179499961751,28.527859999685624],[-81.38178100027214,28.52815599979047],[-81.38182599957966,28.531098000318753],[-81.38204599968768,28.531092999807502],[-81.38242499980439,28.531092999807502],[-81.3824540001167,28.531092999807502],[-81.38246499998735,28.531092999807502],[-81.38250500017033,28.531092999807502],[-81.38254299980517,28.531092999807502],[-81.38257299994238,28.531092999807502]]]},"properties":{"block_id":"120950185003002","school_id":"sch_lake_eola_charter","kids_est":0,"class":"green","shortest":{"len_m":2086.0,"mean_c":36.26,"peak_c":37.5,"dose":93.8},"coolest":{"len_m":2086.0,"mean_c":36.26,"peak_c":37.5,"dose":93.8},"delta_mean_c":0.0,"delta_dose_pct":0,"distance_mi":1.054,"status_now":"walk","status_rec":"walk","reason":"Shortest route already under threshold (dose 94).","safe_until_hour":null}},{"type":"Feature","geometry":{"type":"Polygon","coordinates":[[[-81.37375899986918,28.55430199997731],[-81.37376399989206,28.553881999804062],[-81.37375800004428,28.553495000156428],[-81.37375600039445,28.55336200023661],[-81.37375700021936,28.55312599984671],[-81.37355200017996,28.553128999841594],[-81.37293799988663,28.553139000350065],[-81.37273399967212,28.553143000079707],[-81.37243999994426,28.553146000074122],[-81.37239999976129,28.55314699980921],[-81.37156000041045,28.55317000002642],[-81.37150199978582,28.553172000285198],[-81.37126699960919,28.553173000020045],[-81.37124400004296,28.55332799983859],[-81.37122700032452,28.55336200023661],[-81.37121599955555,28.553388000394357],[-81.37117999957054,28.55342899968926],[-81.37113699991285,28.553498999872623],[-81.3711050001258,28.553572999722768],[-81.37101300006428,28.553899999642958],[-81.37099299997281,28.553971999756776],[-81.37096399966047,28.554089000132656],[-81.37095299978984,28.55418400011288],[-81.37095299978984,28.554213000031638],[-81.37095600016288,28.55427200035864],[-81.3709729998813,28.554358000294684],[-81.37100399984344,28.554439999691084],[-81.37104800022438,28.554518999857546],[-81.3710780003616,28.554558000057668],[-81.37110400030089,28.55459100033713],[-81.3711689996999,28.554643999760057],[-81.37127300035527,28.554728999672125],[-81.37133899957921,28.554795000113515],[-81.37137499956421,28.554831999984202],[-81.371464000151,28.554943000307237],[-81.37149500011313,28.55500200022516],[-81.37155399966436,28.555086000131535],[-81.37162399998456,28.555161999876336],[-81.37174899965802,28.55526600026882],[-81.37179399986388,28.555299000326368],[-81.3718240000011,28.555321000358973],[-81.37190400036704,28.555371000272558],[-81.37194500037494,28.55539400000385],[-81.37198999968244,28.555416999730213],[-81.37202999986542,28.555437000311482],[-81.37207300042145,28.55545600038673],[-81.37211600007915,28.555470000315378],[-81.37215200006416,28.55547800038654],[-81.37220399994268,28.555487000169915],[-81.37224900014854,28.555490000097535],[-81.37226599986698,28.555490000097535],[-81.37229400035439,28.555490000097535],[-81.3723389996619,28.555487000169915],[-81.37238399986776,28.555479999812416],[-81.37242800024869,28.555470000315378],[-81.37247000008148,28.55545600038673],[-81.37251100008936,28.555440000240527],[-81.37259599957984,28.555396000220405],[-81.37270000023526,28.555344000101208],[-81.37290399955144,28.555239999785833],[-81.37336499968389,28.555007000390592],[-81.37344099985187,28.55498399978561],[-81.37353100026355,28.554974000241508],[-81.37373799995278,28.5549800001259],[-81.37375800004428,28.554971000299194],[-81.3737599996941,28.554882000129993],[-81.37375899986918,28.554600999917668],[-81.37375899986918,28.55430199997731]]]},"properties":{"block_id":"120950188003035","school_id":"sch_lake_eola_charter","kids_est":0,"class":"green","shortest":{"len_m":1405.0,"mean_c":37.74,"peak_c":37.8,"dose":92.8},"coolest":{"len_m":1405.0,"mean_c":37.74,"peak_c":37.8,"dose":92.8},"delta_mean_c":0.0,"delta_dose_pct":0,"distance_mi":0.693,"status_now":"walk","status_rec":"walk","reason":"Shortest route already under threshold (dose 93).","safe_until_hour":null}},{"type":"Feature","geometry":{"type":"Polygon","coordinates":[[[-81.37925700022508,28.557361999813878],[-81.37924200015648,28.556750000018297],[-81.37919100010284,28.55675399961077],[-81.37831099967075,28.556757999992133],[-81.3783209997165,28.557023999763256],[-81.3783280002875,28.55707399965702],[-81.37833900015814,28.55747200014252],[-81.3783280002875,28.557501999638408],[-81.37830200034823,28.5575319999147],[-81.37826299999017,28.557552000094176],[-81.37822799983006,28.557557000138445],[-81.37791999985849,28.557564000357814],[-81.37771700036723,28.55757500013807],[-81.3770329997537,28.557598000176913],[-81.37691099955495,28.55760500039356],[-81.37691499975291,28.558412999956808],[-81.3775130001527,28.558415000115986],[-81.37759599999339,28.558410000112477],[-81.37767700018425,28.55839599978578],[-81.37779500018503,28.558360999749805],[-81.37786899980486,28.558327000177123],[-81.37808100041528,28.558211999939935],[-81.3782239996321,28.55812300014353],[-81.37870700040418,28.557782999997983],[-81.37907599957681,28.557493999721032],[-81.37925700022508,28.557361999813878]]]},"properties":{"block_id":"120950188004002","school_id":"sch_lake_eola_charter","kids_est":1,"class":"red","shortest":{"len_m":1737.1,"mean_c":37.75,"peak_c":37.9,"dose":114.5},"coolest":{"len_m":1737.1,"mean_c":37.75,"peak_c":37.9,"dose":114.5},"delta_mean_c":0.0,"delta_dose_pct":0,"distance_mi":0.919,"status_now":"walk","status_rec":"bus_eligible","reason":"Coolest route mean 37.8C exceeds threshold (110 C-min dose, actual 114).","safe_until_hour":"14:00"}},{"type":"Feature","geometry":{"type":"Polygon","coordinates":[[[-81.37691499975291,28.558412999956808],[-81.37691099955495,28.55760500039356],[-81.37643799972693,28.557598000176913],[-81.37506100007569,28.557596999695054],[-81.37374600034869,28.557580999874222],[-81.37374700017361,28.558252000036692],[-81.37374399980057,28.558410000112477],[-81.37633700034293,28.558410000112477],[-81.37691499975291,28.558412999956808]]]},"properties":{"block_id":"120950188004001","school_id":"sch_lake_eola_charter","kids_est":1,"class":"red","shortest":{"len_m":1936.9,"mean_c":37.76,"peak_c":37.9,"dose":127.8},"coolest":{"len_m":1936.9,"mean_c":37.76,"peak_c":37.9,"dose":127.8},"delta_mean_c":0.0,"delta_dose_pct":0,"distance_mi":0.948,"status_now":"walk","status_rec":"bus_eligible","reason":"Coolest route mean 37.8C exceeds threshold (110 C-min dose, actual 128).","safe_until_hour":"14:00"}},{"type":"Feature","geometry":{"type":"Polygon","coordinates":[[[-81.37375600039445,28.55509400023182],[-81.37375800004428,28.554971000299194],[-81.37373799995278,28.5549800001259],[-81.37353100026355,28.554974000241508],[-81.37344099985187,28.55498399978561],[-81.37336499968389,28.555007000390592],[-81.37290399955144,28.555239999785833],[-81.37270000023526,28.555344000101208],[-81.37272799982435,28.55546899981329],[-81.37272600017452,28.5556249999086],[-81.3727189996035,28.55630900002551],[-81.37272000032672,28.556477000052674],[-81.37272199997655,28.556762000373347],[-81.37292700001598,28.556760999883537],[-81.37322900013976,28.55676000018276],[-81.37354299995911,28.556760999883537],[-81.37374899982345,28.55676300007411],[-81.37374999964834,28.556404000369664],[-81.37375499967122,28.5553289996524],[-81.37375600039445,28.55509400023182]]]},"properties":{"block_id":"120950188003034","school_id":"sch_lake_eola_charter","kids_est":2,"class":"green","shortest":{"len_m":1650.7,"mean_c":37.74,"peak_c":37.8,"dose":108.8},"coolest":{"len_m":1650.7,"mean_c":37.74,"peak_c":37.8,"dose":108.8},"delta_mean_c":0.0,"delta_dose_pct":0,"distance_mi":0.833,"status_now":"walk","status_rec":"walk","reason":"Shortest route already under threshold (dose 109).","safe_until_hour":null}},{"type":"Feature","geometry":{"type":"Polygon","coordinates":[[[-81.38483599987353,28.535100999945026],[-81.38483699969844,28.534927000305547],[-81.38483199967557,28.534800000069822],[-81.38483000002576,28.534749999860498],[-81.38482800037592,28.534704000057257],[-81.38482199962982,28.534561000180542],[-81.38483300039879,28.534198000107608],[-81.38482599982778,28.534024999682902],[-81.38481999997998,28.533877000084036],[-81.38481900015509,28.53374699961434],[-81.38481900015509,28.532916000314184],[-81.38481900015509,28.532903999609605],[-81.38481900015509,28.532861000361994],[-81.38481800033017,28.532807000309198],[-81.38481699960695,28.532770999732524],[-81.384743999812,28.532898999973277],[-81.38438099958886,28.533464999914028],[-81.38400499984522,28.534070999782486],[-81.38395799998956,28.534161000090833],[-81.38381499987442,28.53443400029291],[-81.38378800011024,28.534488000301128],[-81.38374000042965,28.53458099998737],[-81.38346900026801,28.535068999778886],[-81.38345300037449,28.535097000319375],[-81.38362699955344,28.53509599962373],[-81.3838359997908,28.5350949997173],[-81.38414399976239,28.5350949997173],[-81.38421999993037,28.5350949997173],[-81.38453499957464,28.535098000225794],[-81.38483599987353,28.535100999945026]]]},"properties":{"block_id":"120950104001000","school_id":"sch_lake_eola_charter","kids_est":0,"class":"red","shortest":{"len_m":2569.6,"mean_c":36.31,"peak_c":37.5,"dose":117.9},"coolest":{"len_m":2569.6,"mean_c":36.31,"peak_c":37.5,"dose":117.9},"delta_mean_c":0.0,"delta_dose_pct":0,"distance_mi":0.814,"status_now":"walk","status_rec":"bus_eligible","reason":"Coolest route mean 36.3C exceeds threshold (110 C-min dose, actual 118).","safe_until_hour":"14:00"}},{"type":"Feature","geometry":{"type":"Polygon","coordinates":[[[-81.37903600029215,28.542805000173978],[-81.37904200013992,28.54262199974934],[-81.37889200035211,28.542623000373442],[-81.37844499956505,28.542628000337498],[-81.37829599960213,28.5426309998423],[-81.37829599960213,28.542815999917707],[-81.37829899997517,28.543370999772655],[-81.37829999980009,28.543556999952838],[-81.3784420000903,28.543552999859035],[-81.37887200026061,28.5435439998448],[-81.37901500037574,28.543541000366005],[-81.37902000039863,28.543356999813692],[-81.37903600029215,28.542805000173978]]]},"properties":{"block_id":"120950189022008","school_id":"sch_lake_eola_charter","kids_est":0,"class":"green","shortest":{"len_m":319.1,"mean_c":37.32,"peak_c":37.5,"dose":19.1},"coolest":{"len_m":319.1,"mean_c":37.32,"peak_c":37.5,"dose":19.1},"delta_mean_c":0.0,"delta_dose_pct":0,"distance_mi":0.125,"status_now":"walk","status_rec":"walk","reason":"Shortest route already under threshold (dose 19).","safe_until_hour":null}},{"type":"Feature","geometry":{"type":"Polygon","coordinates":[[[-81.37386199980135,28.54848400030162],[-81.37385400030374,28.547550000223083],[-81.37368600007426,28.54755800010686],[-81.37361300027932,28.54755800010686],[-81.37327599999543,28.547558999895013],[-81.37309299969733,28.54756100026039],[-81.37289299968077,28.547562999836607],[-81.37282400008381,28.54756399962471],[-81.37265300037957,28.547566999778127],[-81.37265400020449,28.54775100007774],[-81.3726550000294,28.54791499962779],[-81.37308500019971,28.54791300005825],[-81.37308100000175,28.548209999638335],[-81.3731119999639,28.54821599990821],[-81.37312700003251,28.548485999860322],[-81.37386199980135,28.54848400030162]]]},"properties":{"block_id":"120950102011026","school_id":"sch_lake_eola_charter","kids_est":0,"class":"green","shortest":{"len_m":744.6,"mean_c":37.76,"peak_c":37.8,"dose":49.1},"coolest":{"len_m":744.6,"mean_c":37.76,"peak_c":37.8,"dose":49.1},"delta_mean_c":0.0,"delta_dose_pct":0,"distance_mi":0.34,"status_now":"walk","status_rec":"walk","reason":"Shortest route already under threshold (dose 49).","safe_until_hour":null}},{"type":"Feature","geometry":{"type":"Polygon","coordinates":[[[-81.37738799958093,28.536813000188975],[-81.37738799958093,28.536734000157008],[-81.37738699975601,28.536434000105327],[-81.37736699966453,28.536398999872667],[-81.3773420004485,28.536361999839546],[-81.37733499987748,28.536333999635204],[-81.37733200040275,28.536314000161163],[-81.37732499983174,28.5362719998327],[-81.37732099963377,28.536240000022236],[-81.37731700033413,28.536208000201988],[-81.37706600026397,28.536285999944074],[-81.37687700011809,28.536344000159996],[-81.37678099985861,28.536384999776317],[-81.37583400037767,28.536687999641565],[-81.37581799958583,28.53675899979389],[-81.3758090002633,28.53679800025736],[-81.37577800030117,28.537004000341263],[-81.37580300041553,28.53700500022958],[-81.37589899977668,28.537009999671096],[-81.37626799984761,28.53702899991414],[-81.37664799978921,28.537037999695784],[-81.37738799958093,28.537034000143642],[-81.37738799958093,28.536813000188975]]]},"properties":{"block_id":"120950189023013","school_id":"sch_lake_eola_charter","kids_est":0,"class":"green","shortest":{"len_m":968.6,"mean_c":36.64,"peak_c":37.5,"dose":48.8},"coolest":{"len_m":968.6,"mean_c":36.64,"peak_c":37.5,"dose":48.8},"delta_mean_c":0.0,"delta_dose_pct":0,"distance_mi":0.52,"status_now":"walk","status_rec":"walk","reason":"Shortest route already under threshold (dose 49).","safe_until_hour":null}},{"type":"Feature","geometry":{"type":"Polygon","coordinates":[[[-81.37648899978056,28.529027999640768],[-81.37648600030582,28.528955999839496],[-81.37647799990991,28.528742000074036],[-81.37647600026008,28.5286710000448],[-81.37625699997697,28.528672000012186],[-81.37601400030272,28.52867399994693],[-81.37590299997463,28.528686000343935],[-81.37579400019469,28.52871200027872],[-81.3756119997215,28.52876400012893],[-81.37540300038245,28.52882499964737],[-81.37554499977435,28.52930199968443],[-81.37567199999596,28.52926500031639],[-81.37601699977745,28.529165000146293],[-81.37628399974116,28.529086999868806],[-81.37648899978056,28.529027999640768]]]},"properties":{"block_id":"120950113004030","school_id":"sch_lake_eola_charter","kids_est":0,"class":"green","shortest":{"len_m":1816.9,"mean_c":36.27,"peak_c":37.5,"dose":82.4},"coolest":{"len_m":1816.9,"mean_c":36.27,"peak_c":37.5,"dose":82.4},"delta_mean_c":0.0,"delta_dose_pct":0,"distance_mi":1.057,"status_now":"walk","status_rec":"walk","reason":"Shortest route already under threshold (dose 82).","safe_until_hour":null}},{"type":"Feature","geometry":{"type":"Polygon","coordinates":[[[-81.38300999978539,28.53542599979919],[-81.38307500008271,28.53529200004393],[-81.3827369999739,28.53528900033012],[-81.38255000037616,28.535295999662143],[-81.38138899973667,28.53530999990318],[-81.38124899999457,28.53530600028544],[-81.38124399997172,28.53534299990017],[-81.38124200032189,28.535400999846036],[-81.38124599962153,28.53546100035506],[-81.38125900004032,28.535600000193032],[-81.38126300023828,28.5357520001296],[-81.38126300023828,28.536141000053714],[-81.38126300023828,28.536226999800476],[-81.38140399980527,28.536196999768308],[-81.38158399973032,28.536179999956733],[-81.38195600017431,28.53614999991121],[-81.38205800028157,28.53614499963975],[-81.3823059999787,28.536135999781834],[-81.38268099989742,28.536116000270148],[-81.38269599996603,28.536080000034797],[-81.38285499997468,28.53574699983926],[-81.38293100014268,28.535587999794107],[-81.38298300002121,28.535480000088235],[-81.38300999978539,28.53542599979919]]]},"properties":{"block_id":"120950189021057","school_id":"sch_lake_eola_charter","kids_est":0,"class":"green","shortest":{"len_m":1304.3,"mean_c":36.4,"peak_c":37.5,"dose":61.3},"coolest":{"len_m":1304.3,"mean_c":36.4,"peak_c":37.5,"dose":61.3},"delta_mean_c":0.0,"delta_dose_pct":0,"distance_mi":0.661,"status_now":"walk","status_rec":"walk","reason":"Shortest route already under threshold (dose 61).","safe_until_hour":null}},{"type":"Feature","geometry":{"type":"Polygon","coordinates":[[[-81.38126300023828,28.536141000053714],[-81.38126300023828,28.5357520001296],[-81.38125900004032,28.535600000193032],[-81.38124599962153,28.53546100035506],[-81.38124200032189,28.535400999846036],[-81.38124399997172,28.53534299990017],[-81.38124899999457,28.53530600028544],[-81.38094699987079,28.53532300023803],[-81.38085800018233,28.535330000357],[-81.38058700002068,28.535355000326984],[-81.38022899982037,28.535400999846036],[-81.37987300016823,28.53545899975992],[-81.37969999991587,28.535492999612973],[-81.37957799971714,28.535518000333507],[-81.37941600023373,28.5355539999717],[-81.37931900014937,28.535577000084906],[-81.37919399957758,28.53566899969817],[-81.37905399983549,28.53576199992044],[-81.37888800015415,28.53587399972273],[-81.37873400016836,28.53596599986588],[-81.37865200015258,28.536017000185165],[-81.37850499983949,28.53605999972329],[-81.37856400028905,28.536207000306117],[-81.37862200001535,28.536323999898656],[-81.37865700017547,28.536447000301518],[-81.37867700026695,28.53675199976992],[-81.37864899977956,28.537009999671096],[-81.37875599990966,28.536991000213813],[-81.37888200030638,28.536962000287907],[-81.37900000030713,28.53692700023062],[-81.37985300007676,28.53674299996386],[-81.3799750002755,28.53670999961607],[-81.38011400019265,28.536676000155698],[-81.38037899960821,28.536532999798503],[-81.3807229995648,28.536383999882098],[-81.38084700031168,28.536344000159996],[-81.3810670004197,28.5362719998327],[-81.38126300023828,28.536226999800476],[-81.38126300023828,28.536141000053714]]]},"properties":{"block_id":"120950189021051","school_id":"sch_lake_eola_charter","kids_est":0,"class":"green","shortest":{"len_m":1164.8,"mean_c":36.47,"peak_c":37.5,"dose":55.9},"coolest":{"len_m":1164.8,"mean_c":36.47,"peak_c":37.5,"dose":55.9},"delta_mean_c":0.0,"delta_dose_pct":0,"distance_mi":0.588,"status_now":"walk","status_rec":"walk","reason":"Shortest route already under threshold (dose 56).","safe_until_hour":null}},{"type":"Feature","geometry":{"type":"Polygon","coordinates":[[[-81.37265300037957,28.547566999778127],[-81.37265000000653,28.547382000156265],[-81.3726409997857,28.54682700013015],[-81.37263900013588,28.54664299979446],[-81.37242999989851,28.54664400038041],[-81.37180200025979,28.54664800035675],[-81.37159399984732,28.546649999950322],[-81.37159800004528,28.546732999621426],[-81.37159800004528,28.546834000273837],[-81.3715989998702,28.54738900026307],[-81.37159999969512,28.547573999872565],[-81.37180999975739,28.54757200029655],[-81.37244199959407,28.547568000355287],[-81.37265300037957,28.547566999778127]]]},"properties":{"block_id":"120950102011031","school_id":"sch_lake_eola_charter","kids_est":0,"class":"green","shortest":{"len_m":772.0,"mean_c":37.75,"peak_c":37.8,"dose":51.0},"coolest":{"len_m":772.4,"mean_c":37.75,"peak_c":37.8,"dose":50.9},"delta_mean_c":0.0,"delta_dose_pct":0,"distance_mi":0.36,"status_now":"walk","status_rec":"walk","reason":"Shortest route already under threshold (dose 51).","safe_until_hour":null}},{"type":"Feature","geometry":{"type":"Polygon","coordinates":[[[-81.37435399989594,28.53978399967597],[-81.37434999969798,28.539360999614004],[-81.37434700022324,28.539096999945915],[-81.37285500004594,28.53912500020514],[-81.37285599987086,28.539788999774725],[-81.37435399989594,28.53978399967597]]]},"properties":{"block_id":"120950189023004","school_id":"sch_lake_eola_charter","kids_est":1,"class":"green","shortest":{"len_m":847.8,"mean_c":37.14,"peak_c":37.5,"dose":49.1},"coolest":{"len_m":848.7,"mean_c":37.14,"peak_c":37.5,"dose":49.0},"delta_mean_c":0.0,"delta_dose_pct":0,"distance_mi":0.395,"status_now":"walk","status_rec":"walk","reason":"Shortest route already under threshold (dose 49).","safe_until_hour":null}},{"type":"Feature","geometry":{"type":"Polygon","coordinates":[[[-81.38197299989275,28.55094400011573],[-81.38197200006785,28.5509329996427],[-81.38196899969479,28.550756999808996],[-81.38195899964906,28.549387999766548],[-81.38192000018931,28.549386999995697],[-81.38119700011605,28.54938600022491],[-81.38104399995515,28.54938600022491],[-81.3809400001981,28.549384999665016],[-81.38088999996937,28.549384999665016],[-81.38085099961131,28.549384999665016],[-81.38087300025094,28.550944999871735],[-81.38091199971069,28.55094400011573],[-81.38145200038417,28.55094000030249],[-81.38197299989275,28.55094400011573]]]},"properties":{"block_id":"120950189021005","school_id":"sch_lake_eola_charter","kids_est":0,"class":"green","shortest":{"len_m":1099.9,"mean_c":37.79,"peak_c":37.9,"dose":72.8},"coolest":{"len_m":1099.9,"mean_c":37.79,"peak_c":37.9,"dose":72.8},"delta_mean_c":0.0,"delta_dose_pct":0,"distance_mi":0.48,"status_now":"walk","status_rec":"walk","reason":"Shortest route already under threshold (dose 73).","safe_until_hour":null}},{"type":"Feature","geometry":{"type":"Polygon","coordinates":[[[-81.38243499985012,28.54938600022491],[-81.38236799990297,28.54748899970847],[-81.38213500027446,28.547491000075183],[-81.38195799982414,28.54749400023061],[-81.38191400034151,28.54749500001936],[-81.38191400034151,28.54794500026846],[-81.38189500007495,28.548553999826826],[-81.38191599999134,28.549258000288017],[-81.38192000018931,28.549386999995697],[-81.38195899964906,28.549387999766548],[-81.38243499985012,28.54938600022491]]]},"properties":{"block_id":"120950189021011","school_id":"sch_lake_eola_charter","kids_est":0,"class":"green","shortest":{"len_m":1013.6,"mean_c":37.79,"peak_c":37.9,"dose":67.5},"coolest":{"len_m":1017.1,"mean_c":37.67,"peak_c":37.9,"dose":65.9},"delta_mean_c":-0.12,"delta_dose_pct":-2,"distance_mi":0.419,"status_now":"walk","status_rec":"walk","reason":"Shortest route already under threshold (dose 68).","safe_until_hour":null}},{"type":"Feature","geometry":{"type":"Polygon","coordinates":[[[-81.38256299989663,28.54748700013079],[-81.38253399958433,28.546681999755215],[-81.3825329997594,28.546615999752458],[-81.38252100006385,28.546098000207557],[-81.38251400039114,28.54572500000717],[-81.38240600043612,28.545729000018433],[-81.38225599974997,28.54572999982394],[-81.38228800043534,28.546087000017444],[-81.38230900035174,28.546575999969736],[-81.38232199987222,28.546869000196],[-81.38236799990297,28.54748899970847],[-81.382483000429,28.547487999919653],[-81.38256299989663,28.54748700013079]]]},"properties":{"block_id":"120950189021018","school_id":"sch_lake_eola_charter","kids_est":0,"class":"green","shortest":{"len_m":776.4,"mean_c":37.61,"peak_c":37.9,"dose":49.7},"coolest":{"len_m":776.4,"mean_c":37.61,"peak_c":37.9,"dose":49.7},"delta_mean_c":0.0,"delta_dose_pct":0,"distance_mi":0.358,"status_now":"walk","status_rec":"walk","reason":"Shortest route already under threshold (dose 50).","safe_until_hour":null}},{"type":"Feature","geometry":{"type":"Polygon","coordinates":[[[-81.38192000018931,28.549386999995697],[-81.38191599999134,28.549258000288017],[-81.38189500007495,28.548553999826826],[-81.38191400034151,28.54794500026846],[-81.38191400034151,28.54749500001936],[-81.38169099986045,28.54750699985104],[-81.38138000041414,28.547543999915334],[-81.38113500019176,28.54755800010686],[-81.38109099981084,28.54755800010686],[-81.38098000038106,28.54755800010686],[-81.38092299958134,28.547558999895013],[-81.3809400001981,28.549384999665016],[-81.38104399995515,28.54938600022491],[-81.38119700011605,28.54938600022491],[-81.38192000018931,28.549386999995697]]]},"properties":{"block_id":"120950189021010","school_id":"sch_lake_eola_charter","kids_est":0,"class":"green","shortest":{"len_m":945.9,"mean_c":37.79,"peak_c":37.9,"dose":62.9},"coolest":{"len_m":946.7,"mean_c":37.79,"peak_c":37.9,"dose":62.8},"delta_mean_c":0.0,"delta_dose_pct":0,"distance_mi":0.387,"status_now":"walk","status_rec":"walk","reason":"Shortest route already under threshold (dose 63).","safe_until_hour":null}},{"type":"Feature","geometry":{"type":"Polygon","coordinates":[[[-81.38225599974997,28.54572999982394],[-81.382215999567,28.543858999885167],[-81.3820530002587,28.54385999970842],[-81.38202399994638,28.54385999970842],[-81.38179799999058,28.54386100032081],[-81.38179399979262,28.54409799998865],[-81.38180499966326,28.544769000058594],[-81.38185700044012,28.54559199974317],[-81.38188800040226,28.54570999976628],[-81.38192199983915,28.545716999984165],[-81.38194500030367,28.545720999995783],[-81.38203499981704,28.545730999629434],[-81.38225599974997,28.54572999982394]]]},"properties":{"block_id":"120950189021020","school_id":"sch_lake_eola_charter","kids_est":0,"class":"green","shortest":{"len_m":579.9,"mean_c":37.57,"peak_c":37.6,"dose":36.8},"coolest":{"len_m":579.9,"mean_c":37.57,"peak_c":37.6,"dose":36.8},"delta_mean_c":0.0,"delta_dose_pct":0,"distance_mi":0.3,"status_now":"walk","status_rec":"walk","reason":"Shortest route already under threshold (dose 37).","safe_until_hour":null}},{"type":"Feature","geometry":{"type":"Polygon","coordinates":[[[-81.382215999567,28.543858999885167],[-81.38219600037384,28.54277600027016],[-81.38210900033519,28.54201699997643],[-81.38197000041804,28.542017999817226],[-81.38188099983125,28.542017999817226],[-81.38176000035574,28.54202000028784],[-81.38177399970112,28.54319999986456],[-81.38180399983835,28.543656000054764],[-81.38179799999058,28.54386100032081],[-81.38202399994638,28.54385999970842],[-81.3820530002587,28.54385999970842],[-81.382215999567,28.543858999885167]]]},"properties":{"block_id":"120950189021024","school_id":"sch_lake_eola_charter","kids_est":0,"class":"green","shortest":{"len_m":701.4,"mean_c":37.29,"peak_c":37.5,"dose":41.7},"coolest":{"len_m":701.4,"mean_c":37.29,"peak_c":37.5,"dose":41.7},"delta_mean_c":0.0,"delta_dose_pct":0,"distance_mi":0.309,"status_now":"walk","status_rec":"walk","reason":"Shortest route already under threshold (dose 42).","safe_until_hour":null}},{"type":"Feature","geometry":{"type":"Polygon","coordinates":[[[-81.38188800040226,28.54570999976628],[-81.38185700044012,28.54559199974317],[-81.38180499966326,28.544769000058594],[-81.3811729998266,28.54476999987322],[-81.38111500010027,28.544773999920743],[-81.38105800019886,28.544765999825497],[-81.38100399977219,28.544746000373923],[-81.38095899956633,28.544723999710143],[-81.38091500008375,28.544704000250558],[-81.38091099988577,28.544964000031108],[-81.3809059998629,28.545672999846843],[-81.38097000033531,28.545672000040792],[-81.38109099981084,28.54567100023466],[-81.38132299961441,28.545668999833392],[-81.3815670000119,28.54566700022121],[-81.38168400018776,28.545669999639472],[-81.38174899958676,28.54567799966607],[-81.38181300005918,28.54568999970478],[-81.38188800040226,28.54570999976628]]]},"properties":{"block_id":"120950189021021","school_id":"sch_lake_eola_charter","kids_est":0,"class":"green","shortest":{"len_m":708.1,"mean_c":37.58,"peak_c":37.7,"dose":45.1},"coolest":{"len_m":708.1,"mean_c":37.58,"peak_c":37.7,"dose":45.1},"delta_mean_c":0.0,"delta_dose_pct":0,"distance_mi":0.266,"status_now":"walk","status_rec":"walk","reason":"Shortest route already under threshold (dose 45).","safe_until_hour":null}},{"type":"Feature","geometry":{"type":"Polygon","coordinates":[[[-81.3768720000952,28.554236999740738],[-81.37687100027028,28.553472999742283],[-81.37686399969928,28.553124000376112],[-81.37652200029083,28.55313000036592],[-81.37636300028217,28.553133000360702],[-81.37549600026887,28.553140000085218],[-81.37545100006302,28.55314099982037],[-81.37515499978701,28.553140000085218],[-81.37516300018292,28.553155999791894],[-81.37516200035803,28.553357999726217],[-81.37516200035803,28.55362100021625],[-81.37516700038088,28.55402099979515],[-81.37516999985563,28.55424199994243],[-81.37532300001651,28.554249000382224],[-81.37566299977513,28.554247999868537],[-81.37631100040365,28.554236999740738],[-81.3768720000952,28.554236999740738]]]},"properties":{"block_id":"120950188004014","school_id":"sch_lake_eola_charter","kids_est":0,"class":"green","shortest":{"len_m":1425.4,"mean_c":37.75,"peak_c":37.9,"dose":94.0},"coolest":{"len_m":1425.4,"mean_c":37.75,"peak_c":37.9,"dose":94.0},"delta_mean_c":0.0,"delta_dose_pct":0,"distance_mi":0.649,"status_now":"walk","status_rec":"walk","reason":"Shortest route already under threshold (dose 94).","safe_until_hour":null}},{"type":"Feature","geometry":{"type":"Polygon","coordinates":[[[-81.38090099984004,28.55303500022373],[-81.38087300025094,28.550944999871735],[-81.38048699956323,28.550947999928756],[-81.37916500016358,28.550945999627714],[-81.37917000018645,28.551377000103933],[-81.37918500025506,28.552671999895967],[-81.37919100010284,28.55310400014451],[-81.37930200043091,28.553051999682413],[-81.38021100027703,28.553044000215976],[-81.38069699962551,28.55303800022127],[-81.38090099984004,28.55303500022373]]]},"properties":{"block_id":"120950189021001","school_id":"sch_lake_eola_charter","kids_est":5,"class":"green","shortest":{"len_m":1241.9,"mean_c":37.76,"peak_c":37.9,"dose":82.1},"coolest":{"len_m":1241.9,"mean_c":37.76,"peak_c":37.9,"dose":82.1},"delta_mean_c":0.0,"delta_dose_pct":0,"distance_mi":0.558,"status_now":"walk","status_rec":"walk","reason":"Shortest route already under threshold (dose 82).","safe_until_hour":null}},{"type":"Feature","geometry":{"type":"Polygon","coordinates":[[[-81.3809400001981,28.549384999665016],[-81.38092299958134,28.547558999895013],[-81.38086800022806,28.547558999895013],[-81.38082800004508,28.54755800010686],[-81.38071000004432,28.547558999895013],[-81.38035600004198,28.547562000048504],[-81.3802380000412,28.547562999836607],[-81.3800129999103,28.54756399962471],[-81.37934199971558,28.54756900014334],[-81.37911800030791,28.547570999719404],[-81.37912900017858,28.547934000271265],[-81.37913300037653,28.548033999988288],[-81.37913599985126,28.54851000008561],[-81.37914500007209,28.549025000280924],[-81.37915199974479,28.549389000326357],[-81.3794909996785,28.549387999766548],[-81.38051099985269,28.549384999665016],[-81.38085099961131,28.549384999665016],[-81.38088999996937,28.549384999665016],[-81.3809400001981,28.549384999665016]]]},"properties":{"block_id":"120950189021009","school_id":"sch_lake_eola_charter","kids_est":0,"class":"green","shortest":{"len_m":826.9,"mean_c":37.78,"peak_c":37.9,"dose":54.7},"coolest":{"len_m":826.9,"mean_c":37.78,"peak_c":37.9,"dose":54.7},"delta_mean_c":0.0,"delta_dose_pct":0,"distance_mi":0.337,"status_now":"walk","status_rec":"walk","reason":"Shortest route already under threshold (dose 55).","safe_until_hour":null}},{"type":"Feature","geometry":{"type":"Polygon","coordinates":[[[-81.38096399958923,28.543840000084767],[-81.38092699977929,28.543822999928228],[-81.38088699959633,28.543804999945127],[-81.38083899991575,28.543773000055292],[-81.38082600039527,28.543759000149763],[-81.38079799990787,28.543731000333132],[-81.38069199960266,28.543623000294154],[-81.38061899980774,28.5435719997112],[-81.38053400031723,28.54353899992428],[-81.38049499995917,28.543533000177113],[-81.38044300008062,28.543526999640502],[-81.37971300033466,28.543535999656186],[-81.37938500027161,28.543537000271655],[-81.37913300037653,28.543538000097975],[-81.37901500037574,28.543541000366005],[-81.37904100031503,28.543959000314707],[-81.37905899985836,28.544363000357652],[-81.37907700030003,28.544615999900234],[-81.38054099998993,28.544595999631003],[-81.38064499974699,28.54460299992297],[-81.38072699976276,28.544623000190825],[-81.38080200010583,28.54465800005865],[-81.38084999978639,28.54467400026494],[-81.38088099974854,28.544688000048858],[-81.38091500008375,28.544704000250558],[-81.38092400030456,28.544636999981496],[-81.38096399958923,28.543840000084767]]]},"properties":{"block_id":"120950189021032","school_id":"sch_lake_eola_charter","kids_est":0,"class":"green","shortest":{"len_m":413.8,"mean_c":37.34,"peak_c":37.5,"dose":24.9},"coolest":{"len_m":413.8,"mean_c":37.34,"peak_c":37.5,"dose":24.9},"delta_mean_c":0.0,"delta_dose_pct":0,"distance_mi":0.174,"status_now":"walk","status_rec":"walk","reason":"Shortest route already under threshold (dose 25).","safe_until_hour":null}},{"type":"Feature","geometry":{"type":"Polygon","coordinates":[[[-81.37751399997761,28.545676999860067],[-81.3775130001527,28.545467999950954],[-81.37751099960457,28.54499099970746],[-81.37750800012984,28.54484100010263],[-81.3775049997568,28.544632999928787],[-81.37735699961878,28.54463500034972],[-81.37719199976235,28.544637999797448],[-81.3769159995778,28.54463200011286],[-81.37686799989724,28.54463100029693],[-81.37676900016305,28.544632999928787],[-81.37677199963777,28.545640999735372],[-81.37751399997761,28.545676999860067]]]},"properties":{"block_id":"120950189022001","school_id":"sch_lake_eola_charter","kids_est":0,"class":"green","shortest":{"len_m":176.1,"mean_c":37.63,"peak_c":37.7,"dose":11.2},"coolest":{"len_m":176.1,"mean_c":37.63,"peak_c":37.7,"dose":11.2},"delta_mean_c":0.0,"delta_dose_pct":0,"distance_mi":0.059,"status_now":"walk","status_rec":"walk","reason":"Shortest route already under threshold (dose 11).","safe_until_hour":null}},{"type":"Feature","geometry":{"type":"Polygon","coordinates":[[[-81.37748200019057,28.543583000163977],[-81.37747999964245,28.54344399981041],[-81.3774760003428,28.54302700001658],[-81.37747499961955,28.54288799971842],[-81.37715699960225,28.54288799971842],[-81.37692499979865,28.542889000340043],[-81.37620799957317,28.542895999956304],[-81.376068999656,28.542894000291476],[-81.37588700008111,28.542896999788706],[-81.37588799990603,28.543039000357314],[-81.37589100027907,28.543465000125355],[-81.3758929999289,28.54360799975391],[-81.3760629998082,28.543605000276923],[-81.37657499999428,28.54360000035924],[-81.37674599969851,28.543598999744372],[-81.37689300001159,28.54359700009289],[-81.37712300016537,28.54359399982645],[-81.37733400005256,28.543587000256572],[-81.37748200019057,28.543583000163977]]]},"properties":{"block_id":"120950189022006","school_id":"sch_lake_eola_charter","kids_est":0,"class":"green","shortest":{"len_m":128.2,"mean_c":37.46,"peak_c":37.5,"dose":7.9},"coolest":{"len_m":128.2,"mean_c":37.46,"peak_c":37.5,"dose":7.9},"delta_mean_c":0.0,"delta_dose_pct":0,"distance_mi":0.077,"status_now":"walk","status_rec":"walk","reason":"Shortest route already under threshold (dose 8).","safe_until_hour":null}},{"type":"Feature","geometry":{"type":"Polygon","coordinates":[[[-81.37375700021936,28.55312599984671],[-81.37375499967122,28.552949999733155],[-81.37374899982345,28.55242400026757],[-81.37374799999853,28.5522490003024],[-81.3735410003093,28.552250000045998],[-81.37320900004828,28.55225200032227],[-81.37292299981802,28.55225800036182],[-81.3728249999087,28.552261000381453],[-81.37271799977859,28.552261000381453],[-81.37273200002231,28.552277999965042],[-81.37273799987008,28.552433000312057],[-81.37274000041822,28.552483999760344],[-81.37274200006804,28.55290399998673],[-81.37273899969499,28.552964999731877],[-81.37273399967212,28.553143000079707],[-81.37293799988663,28.553139000350065],[-81.37355200017996,28.553128999841594],[-81.37375700021936,28.55312599984671]]]},"properties":{"block_id":"120950102011002","school_id":"sch_lake_eola_charter","kids_est":0,"class":"green","shortest":{"len_m":1291.6,"mean_c":37.75,"peak_c":37.8,"dose":85.3},"coolest":{"len_m":1291.6,"mean_c":37.75,"peak_c":37.8,"dose":85.3},"delta_mean_c":0.0,"delta_dose_pct":0,"distance_mi":0.623,"status_now":"walk","status_rec":"walk","reason":"Shortest route already under threshold (dose 85).","safe_until_hour":null}},{"type":"Feature","geometry":{"type":"Polygon","coordinates":[[[-81.3726609998772,28.548488999987402],[-81.37265900022737,28.548303999617893],[-81.3726550000294,28.54791499962779],[-81.37265400020449,28.54775100007774],[-81.37265300037957,28.547566999778127],[-81.37244199959407,28.547568000355287],[-81.37180999975739,28.54757200029655],[-81.37159999969512,28.547573999872565],[-81.3713949996557,28.54757499966057],[-81.37077899971256,28.547580000178673],[-81.37057500039637,28.547581999754534],[-81.37057899969602,28.547766000027938],[-81.37059399976464,28.548317999708402],[-81.37059899978749,28.54850300005332],[-81.37101100041446,28.548499000147437],[-81.37224800032362,28.548491000335122],[-81.3726609998772,28.548488999987402]]]},"properties":{"block_id":"120950102011024","school_id":"sch_lake_eola_charter","kids_est":2,"class":"green","shortest":{"len_m":996.4,"mean_c":37.74,"peak_c":37.8,"dose":65.6},"coolest":{"len_m":996.4,"mean_c":37.74,"peak_c":37.8,"dose":65.6},"delta_mean_c":0.0,"delta_dose_pct":0,"distance_mi":0.422,"status_now":"walk","status_rec":"walk","reason":"Shortest route already under threshold (dose 66).","safe_until_hour":null}},{"type":"Feature","geometry":{"type":"Polygon","coordinates":[[[-81.38108999998592,28.541431999970108],[-81.38109099981084,28.541283999727483],[-81.38102700023673,28.541283999727483],[-81.38095199989365,28.54128600021203],[-81.38083600044101,28.54128600021203],[-81.38081399980139,28.54128700005971],[-81.3807729997935,28.541287999907393],[-81.37898299969038,28.54131200019455],[-81.37902500042149,28.542138000366805],[-81.3793769998757,28.54212699976318],[-81.38043600040793,28.542099000301846],[-81.38057399960188,28.542095999992746],[-81.38064800012003,28.54209699983273],[-81.38072199973988,28.542081999864273],[-81.38078299983924,28.54205600007181],[-81.38082200019731,28.542042999778587],[-81.3808420002888,28.542038999627355],[-81.38088999996937,28.54203000027292],[-81.38102700023673,28.542027999802496],[-81.38108999998592,28.542027999802496],[-81.38108999998592,28.54187899976594],[-81.38108999998592,28.541431999970108]]]},"properties":{"block_id":"120950189021034","school_id":"sch_lake_eola_charter","kids_est":0,"class":"green","shortest":{"len_m":634.2,"mean_c":36.98,"peak_c":37.5,"dose":35.2},"coolest":{"len_m":634.6,"mean_c":36.97,"peak_c":37.5,"dose":35.1},"delta_mean_c":-0.01,"delta_dose_pct":0,"distance_mi":0.251,"status_now":"walk","status_rec":"walk","reason":"Shortest route already under threshold (dose 35).","safe_until_hour":null}},{"type":"Feature","geometry":{"type":"Polygon","coordinates":[[[-81.38102700023673,28.541283999727483],[-81.38109099981084,28.541283999727483],[-81.3809900004268,28.54030399999752],[-81.38089599981716,28.540311999642473],[-81.38080100028093,28.540319000219146],[-81.38076100009795,28.540320999932856],[-81.38068699957978,28.540326000006115],[-81.38056299973121,28.540335000295304],[-81.38046499982194,28.540336000152003],[-81.38039100020208,28.54033700000869],[-81.37988900006177,28.540342999937902],[-81.3794620002645,28.540348000010184],[-81.37901799985049,28.540359000010458],[-81.37894400023063,28.540359000010458],[-81.37895400027638,28.540517999958034],[-81.37898299969038,28.54131200019455],[-81.3807729997935,28.541287999907393],[-81.38081399980139,28.54128700005971],[-81.38083600044101,28.54128600021203],[-81.38095199989365,28.54128600021203],[-81.38102700023673,28.541283999727483]]]},"properties":{"block_id":"120950189021035","school_id":"sch_lake_eola_charter","kids_est":4,"class":"green","shortest":{"len_m":633.0,"mean_c":36.97,"peak_c":37.5,"dose":35.1},"coolest":{"len_m":633.4,"mean_c":36.96,"peak_c":37.5,"dose":35.0},"delta_mean_c":-0.01,"delta_dose_pct":0,"distance_mi":0.296,"status_now":"walk","status_rec":"walk","reason":"Shortest route already under threshold (dose 35).","safe_until_hour":null}},{"type":"Feature","geometry":{"type":"Polygon","coordinates":[[[-81.37902500042149,28.542138000366805],[-81.37898299969038,28.54131200019455],[-81.37814400016447,28.54131600037339],[-81.37801100009509,28.54131700022079],[-81.37800400042238,28.54134099971224],[-81.37801100009509,28.541479999684267],[-81.37801299974491,28.541513999961744],[-81.37801799976776,28.541662999725393],[-81.37803100018657,28.541975000343275],[-81.37803200001149,28.542141999725178],[-81.37829200030248,28.54213699973811],[-81.37843899971726,28.542133000379547],[-81.3788780001084,28.54213599989844],[-81.37902500042149,28.542138000366805]]]},"properties":{"block_id":"120950189022010","school_id":"sch_lake_eola_charter","kids_est":0,"class":"green","shortest":{"len_m":430.8,"mean_c":37.19,"peak_c":37.5,"dose":25.1},"coolest":{"len_m":431.2,"mean_c":37.18,"peak_c":37.5,"dose":25.0},"delta_mean_c":-0.01,"delta_dose_pct":0,"distance_mi":0.195,"status_now":"walk","status_rec":"walk","reason":"Shortest route already under threshold (dose 25).","safe_until_hour":null}},{"type":"Feature","geometry":{"type":"Polygon","coordinates":[[[-81.38076100009795,28.540320999932856],[-81.38073900035663,28.53838000027125],[-81.38039399967683,28.538386000311846],[-81.3803929998519,28.538524000363036],[-81.380392000027,28.53893999996111],[-81.380392000027,28.539078999944444],[-81.38039100020208,28.539329999818786],[-81.38039100020208,28.540085000306984],[-81.38039100020208,28.54033700000869],[-81.38046499982194,28.540336000152003],[-81.38056299973121,28.540335000295304],[-81.38068699957978,28.540326000006115],[-81.38076100009795,28.540320999932856]]]},"properties":{"block_id":"120950189021043","school_id":"sch_lake_eola_charter","kids_est":0,"class":"green","shortest":{"len_m":1092.5,"mean_c":36.55,"peak_c":37.5,"dose":54.0},"coolest":{"len_m":1092.9,"mean_c":36.55,"peak_c":37.5,"dose":53.9},"delta_mean_c":0.0,"delta_dose_pct":0,"distance_mi":0.398,"status_now":"walk","status_rec":"walk","reason":"Shortest route already under threshold (dose 54).","safe_until_hour":null}},{"type":"Feature","geometry":{"type":"Polygon","coordinates":[[[-81.37894400023063,28.540359000010458],[-81.37888700032923,28.539024999921622],[-81.3785469996723,28.53902900018729],[-81.37783799984271,28.53902900018729],[-81.37741600006834,28.539040000325294],[-81.37742399956593,28.53931500024552],[-81.3774350003349,28.540362000369043],[-81.37800699989714,28.54036300022549],[-81.37837500014315,28.540364999938372],[-81.37894400023063,28.540359000010458]]]},"properties":{"block_id":"120950189022018","school_id":"sch_lake_eola_charter","kids_est":0,"class":"green","shortest":{"len_m":662.2,"mean_c":36.89,"peak_c":37.5,"dose":35.5},"coolest":{"len_m":662.2,"mean_c":36.89,"peak_c":37.5,"dose":35.5},"delta_mean_c":0.0,"delta_dose_pct":0,"distance_mi":0.322,"status_now":"walk","status_rec":"walk","reason":"Shortest route already under threshold (dose 36).","safe_until_hour":null}},{"type":"Feature","geometry":{"type":"Polygon","coordinates":[[[-81.38126300023828,28.536269000146852],[-81.38126300023828,28.536226999800476],[-81.3810670004197,28.5362719998327],[-81.38084700031168,28.536344000159996],[-81.3807229995648,28.536383999882098],[-81.38037899960821,28.536532999798503],[-81.38011400019265,28.536676000155698],[-81.3801250000633,28.537356999789917],[-81.38015000017766,28.53815700022841],[-81.38015000017766,28.53838999981268],[-81.38039399967683,28.538386000311846],[-81.38073900035663,28.53838000027125],[-81.38075400042524,28.538152000052136],[-81.38078100018942,28.537969000225516],[-81.38082100037239,28.537797000348764],[-81.38088199957345,28.537607999820857],[-81.38097399963496,28.537380000298732],[-81.38107800029034,28.537189999925435],[-81.38118000039759,28.53702999980221],[-81.3812580002154,28.53692399977424],[-81.3812570003905,28.536768000387784],[-81.38125599966727,28.536699000023987],[-81.38125900004032,28.53656399962755],[-81.38126300023828,28.53639999976672],[-81.38126300023828,28.536269000146852]]]},"properties":{"block_id":"120950189021049","school_id":"sch_lake_eola_charter","kids_est":0,"class":"green","shortest":{"len_m":1102.6,"mean_c":36.54,"peak_c":37.5,"dose":54.5},"coolest":{"len_m":1108.4,"mean_c":36.51,"peak_c":37.5,"dose":54.0},"delta_mean_c":-0.03,"delta_dose_pct":-1,"distance_mi":0.528,"status_now":"walk","status_rec":"walk","reason":"Shortest route already under threshold (dose 54).","safe_until_hour":null}},{"type":"Feature","geometry":{"type":"Polygon","coordinates":[[[-81.3803929998519,28.538524000363036],[-81.38039399967683,28.538386000311846],[-81.38015000017766,28.53838999981268],[-81.3798920004348,28.539078999944444],[-81.37999199999392,28.539078999944444],[-81.38029199956956,28.539078999944444],[-81.380392000027,28.539078999944444],[-81.380392000027,28.53893999996111],[-81.3803929998519,28.538524000363036]]]},"properties":{"block_id":"120950189021050","school_id":"sch_lake_eola_charter","kids_est":0,"class":"green","shortest":{"len_m":965.0,"mean_c":36.64,"peak_c":37.5,"dose":49.0},"coolest":{"len_m":965.4,"mean_c":36.63,"peak_c":37.5,"dose":48.9},"delta_mean_c":-0.01,"delta_dose_pct":0,"distance_mi":0.423,"status_now":"walk","status_rec":"walk","reason":"Shortest route already under threshold (dose 49).","safe_until_hour":null}},{"type":"Feature","geometry":{"type":"Polygon","coordinates":[[[-81.37892800033713,28.53839200035217],[-81.37880299976533,28.53815499968445],[-81.37875099988679,28.538033000364887],[-81.37871400007687,28.537906999806747],[-81.37869200033555,28.537778000244213],[-81.37868399993964,28.53764899973456],[-81.37869200033555,28.53751899997265],[-81.37864899977956,28.537009999671096],[-81.37860199992387,28.5370149999015],[-81.37845499961078,28.53702899991414],[-81.37789100044448,28.537035999919762],[-81.37738799958093,28.537034000143642],[-81.3773990003499,28.538421999759347],[-81.37741500024342,28.538421999759347],[-81.37804299988213,28.53841399997086],[-81.37867999974168,28.538388999937506],[-81.37892800033713,28.53839200035217]]]},"properties":{"block_id":"120950189021047","school_id":"sch_lake_eola_charter","kids_est":0,"class":"green","shortest":{"len_m":748.3,"mean_c":36.81,"peak_c":37.5,"dose":39.4},"coolest":{"len_m":748.3,"mean_c":36.81,"peak_c":37.5,"dose":39.4},"delta_mean_c":0.0,"delta_dose_pct":0,"distance_mi":0.454,"status_now":"walk","status_rec":"walk","reason":"Shortest route already under threshold (dose 39).","safe_until_hour":null}},{"type":"Feature","geometry":{"type":"Polygon","coordinates":[[[-81.37684600015594,28.552215000334044],[-81.37684199995799,28.55196100036229],[-81.37683299973715,28.551198999927063],[-81.37683000026242,28.550945999627714],[-81.37666799988071,28.55094700017279],[-81.37618199963389,28.55094899968472],[-81.37602099997541,28.550950999985698],[-81.3755620003911,28.550957999855274],[-81.37537300024522,28.550960999911936],[-81.3745420002169,28.550960999911936],[-81.37418599966645,28.5509639999685],[-81.37372799990705,28.550969000325633],[-81.37373299992991,28.55122400007642],[-81.37374200015074,28.551652999916303],[-81.37374499962549,28.551992000385464],[-81.37374799999853,28.5522490003024],[-81.37402699965779,28.55224300026239],[-81.37417700034392,28.55224099998594],[-81.37486699990691,28.552237999965687],[-81.37514700028942,28.55223700022197],[-81.37548600022312,28.55223199992504],[-81.37650600039731,28.552219000098788],[-81.37684600015594,28.552215000334044]]]},"properties":{"block_id":"120950102011005","school_id":"sch_lake_eola_charter","kids_est":0,"class":"green","shortest":{"len_m":1250.5,"mean_c":37.75,"peak_c":37.9,"dose":82.5},"coolest":{"len_m":1250.5,"mean_c":37.75,"peak_c":37.9,"dose":82.5},"delta_mean_c":0.0,"delta_dose_pct":0,"distance_mi":0.514,"status_now":"walk","status_rec":"walk","reason":"Shortest route already under threshold (dose 82).","safe_until_hour":null}},{"type":"Feature","geometry":{"type":"Polygon","coordinates":[[[-81.38495600042245,28.542607999690787],[-81.3849470002016,28.542490000138294],[-81.38494100035382,28.5422739997723],[-81.38493999963059,28.542209000002913],[-81.38493999963059,28.542011000142622],[-81.38484300044453,28.54201000030181],[-81.38455499966614,28.54201000030181],[-81.38445900030496,28.54201000030181],[-81.38436499969532,28.54200899967184],[-81.38408299966302,28.54200899967184],[-81.3839889999517,28.54200899967184],[-81.38388699984445,28.542007999831018],[-81.38358300007083,28.542007999831018],[-81.38348199978849,28.542007999831018],[-81.38336200013788,28.542007999831018],[-81.38329699984057,28.542007999831018],[-81.3830049997625,28.54201000030181],[-81.38288599993682,28.542011000142622],[-81.38287300041635,28.542678999799268],[-81.38290000018051,28.54385800006189],[-81.3835939999415,28.54385599962618],[-81.38379599960784,28.54385499980289],[-81.3844049998783,28.543853000156215],[-81.38460800026787,28.543853000156215],[-81.38465000010068,28.543853000156215],[-81.38466799964404,28.543837999648716],[-81.3847000003294,28.543777000140725],[-81.3847000003294,28.543674000063334],[-81.38470899965192,28.54350899960682],[-81.38472100024579,28.54335400032957],[-81.38477099957619,28.543200999694086],[-81.3848550001401,28.54298599982847],[-81.38487500023159,28.54295000036233],[-81.38492000043743,28.5428390000238],[-81.38492799993503,28.542801999884983],[-81.3849470002016,28.542725000066273],[-81.38495600042245,28.542607999690787]]]},"properties":{"block_id":"120950189014001","school_id":"sch_lake_eola_charter","kids_est":0,"class":"green","shortest":{"len_m":936.1,"mean_c":37.31,"peak_c":37.5,"dose":55.9},"coolest":{"len_m":936.1,"mean_c":37.31,"peak_c":37.5,"dose":55.9},"delta_mean_c":0.0,"delta_dose_pct":0,"distance_mi":0.42,"status_now":"walk","status_rec":"walk","reason":"Shortest route already under threshold (dose 56).","safe_until_hour":null}},{"type":"Feature","geometry":{"type":"Polygon","coordinates":[[[-81.38694200034415,28.539241999713965],[-81.38694599964379,28.539030000056396],[-81.3869389999711,28.53830099983585],[-81.38690299998608,28.53830099983585],[-81.38679500003106,28.538301999711862],[-81.38675999987096,28.53830300037705],[-81.38661199973295,28.538304000253035],[-81.38616900004216,28.53831000029797],[-81.38602199972907,28.538312000049867],[-81.3849050003688,28.53833100005811],[-81.38493100030807,28.538878999984338],[-81.38493700015586,28.539002999641344],[-81.38493200013299,28.53924300037022],[-81.38502900021737,28.539246999838497],[-81.38528600013531,28.53924400023729],[-81.3862359999893,28.539247999705527],[-81.38694200034415,28.539241999713965]]]},"properties":{"block_id":"120950105001016","school_id":"sch_lake_eola_charter","kids_est":1,"class":"green","shortest":{"len_m":1521.9,"mean_c":36.54,"peak_c":37.5,"dose":75.3},"coolest":{"len_m":1522.3,"mean_c":36.54,"peak_c":37.5,"dose":75.2},"delta_mean_c":0.0,"delta_dose_pct":0,"distance_mi":0.656,"status_now":"walk","status_rec":"walk","reason":"Shortest route already under threshold (dose 75).","safe_until_hour":null}},{"type":"Feature","geometry":{"type":"Polygon","coordinates":[[[-81.38675999987096,28.53830300037705],[-81.38675400002316,28.53795399966929],[-81.3867490000003,28.537545999978903],[-81.38673300010679,28.537152000283175],[-81.3867280000839,28.536908999858426],[-81.3867210004112,28.53656099994996],[-81.38609299987418,28.536574000130525],[-81.38555999977171,28.536553000020177],[-81.38511600025599,28.53650800010795],[-81.38485299959197,28.53648699998451],[-81.38485000011723,28.53672600024036],[-81.38485000011723,28.537143999609082],[-81.38485000011723,28.53716700016433],[-81.38485400031519,28.53731499987728],[-81.38486099998788,28.537605000173034],[-81.3849050003688,28.53833100005811],[-81.38602199972907,28.538312000049867],[-81.38616900004216,28.53831000029797],[-81.38661199973295,28.538304000253035],[-81.38675999987096,28.53830300037705]]]},"properties":{"block_id":"120950105001032","school_id":"sch_lake_eola_charter","kids_est":0,"class":"green","shortest":{"len_m":1640.0,"mean_c":36.57,"peak_c":37.5,"dose":81.4},"coolest":{"len_m":1640.6,"mean_c":36.56,"peak_c":37.5,"dose":81.2},"delta_mean_c":-0.01,"delta_dose_pct":0,"distance_mi":0.707,"status_now":"walk","status_rec":"walk","reason":"Shortest route already under threshold (dose 81).","safe_until_hour":null}},{"type":"Feature","geometry":{"type":"Polygon","coordinates":[[[-81.38288799958664,28.541479999684267],[-81.38289000013478,28.54127799985187],[-81.38266500000388,28.54127799985187],[-81.3824120002839,28.541278999699628],[-81.38240600043612,28.541472000127985],[-81.38241499975864,28.54201500029491],[-81.38247000001022,28.54201399966499],[-81.3826089999274,28.54201199998342],[-81.38270400036195,28.542011000142622],[-81.38278200017976,28.542011000142622],[-81.38288599993682,28.542011000142622],[-81.38288299956376,28.54196600019421],[-81.38288299956376,28.54190399976029],[-81.38288599993682,28.541585999863265],[-81.38288799958664,28.541479999684267]]]},"properties":{"block_id":"120950189014018","school_id":"sch_lake_eola_charter","kids_est":0,"class":"green","shortest":{"len_m":879.2,"mean_c":36.93,"peak_c":37.5,"dose":47.9},"coolest":{"len_m":879.6,"mean_c":36.93,"peak_c":37.5,"dose":47.8},"delta_mean_c":0.0,"delta_dose_pct":0,"distance_mi":0.382,"status_now":"walk","status_rec":"walk","reason":"Shortest route already under threshold (dose 48).","safe_until_hour":null}},{"type":"Feature","geometry":{"type":"Polygon","coordinates":[[[-81.38179799999058,28.54386100032081],[-81.38180399983835,28.543656000054764],[-81.38177399970112,28.54319999986456],[-81.38176000035574,28.54202000028784],[-81.38162499973822,28.542021000128553],[-81.38122399988022,28.54202600012113],[-81.38108999998592,28.542027999802496],[-81.38106400004663,28.5423899998924],[-81.38098799987867,28.5434769996271],[-81.38096399958923,28.543840000084767],[-81.38099700009948,28.543849999897063],[-81.38108699961286,28.543863999790496],[-81.38179799999058,28.54386100032081]]]},"properties":{"block_id":"120950189021030","school_id":"sch_lake_eola_charter","kids_est":0,"class":"green","shortest":{"len_m":758.3,"mean_c":37.26,"peak_c":37.5,"dose":44.8},"coolest":{"len_m":778.0,"mean_c":37.04,"peak_c":37.5,"dose":43.7},"delta_mean_c":-0.22,"delta_dose_pct":-2,"distance_mi":0.275,"status_now":"walk","status_rec":"walk","reason":"Shortest route already under threshold (dose 45).","safe_until_hour":null}},{"type":"Feature","geometry":{"type":"Polygon","coordinates":[[[-81.38248699972864,28.538974000269235],[-81.38253699995737,28.53838000027125],[-81.38229099991008,28.538377999731516],[-81.38210900033519,28.538376999856162],[-81.38201999974842,28.538375999980875],[-81.38193100005996,28.538375999980875],[-81.38190400029578,28.538558999889794],[-81.38190199974764,28.53858000038944],[-81.381898000448,28.53860999974308],[-81.38188800040226,28.53870299973692],[-81.38188199965617,28.5387589996682],[-81.38186800031077,28.538959999725865],[-81.38185999991485,28.539214000275006],[-81.38185999991485,28.53936200026913],[-81.38186699958754,28.53956299996553],[-81.38188099983125,28.53976400006763],[-81.38193100005996,28.54024600038328],[-81.38217100025948,28.540226999931225],[-81.382215999567,28.540222999711037],[-81.38223499983357,28.540222999711037],[-81.38241700030677,28.540222999711037],[-81.38244499989585,28.539815999988413],[-81.38248699972864,28.538974000269235]]]},"properties":{"block_id":"120950189021039","school_id":"sch_lake_eola_charter","kids_est":0,"class":"green","shortest":{"len_m":1028.4,"mean_c":36.63,"peak_c":37.5,"dose":52.2},"coolest":{"len_m":1028.8,"mean_c":36.62,"peak_c":37.5,"dose":52.1},"delta_mean_c":-0.01,"delta_dose_pct":0,"distance_mi":0.462,"status_now":"walk","status_rec":"walk","reason":"Shortest route already under threshold (dose 52).","safe_until_hour":null}},{"type":"Feature","geometry":{"type":"Polygon","coordinates":[[[-81.38173100004343,28.541271999975915],[-81.38172799967037,28.540929000318705],[-81.38172400037072,28.54058600033384],[-81.38172400037072,28.540421999631267],[-81.38172400037072,28.540259000109092],[-81.38165800024848,28.54026199968136],[-81.38142300007185,28.540270999976002],[-81.3809900004268,28.54030399999752],[-81.38109099981084,28.541283999727483],[-81.38134500025404,28.541282000031995],[-81.38173100004343,28.541271999975915]]]},"properties":{"block_id":"120950189021036","school_id":"sch_lake_eola_charter","kids_est":0,"class":"green","shortest":{"len_m":886.2,"mean_c":36.89,"peak_c":37.5,"dose":47.7},"coolest":{"len_m":889.0,"mean_c":36.8,"peak_c":37.5,"dose":47.1},"delta_mean_c":-0.09,"delta_dose_pct":-1,"distance_mi":0.354,"status_now":"walk","status_rec":"walk","reason":"Shortest route already under threshold (dose 48).","safe_until_hour":null}},{"type":"Feature","geometry":{"type":"Polygon","coordinates":[[[-81.38190400029578,28.538558999889794],[-81.38193100005996,28.538375999980875],[-81.38182399992984,28.53837500010556],[-81.38164900002766,28.53837400023025],[-81.38159399977607,28.53837400023025],[-81.38155199994327,28.53837400023025],[-81.38140100033054,28.538368000188903],[-81.38138700008685,28.538521999826038],[-81.38140100033054,28.538850999659722],[-81.38142399989677,28.539179000176688],[-81.38150799956234,28.539508000326244],[-81.38165599970036,28.540066999685152],[-81.38166400009628,28.54016400019383],[-81.38165800024848,28.54026199968136],[-81.38172400037072,28.540259000109092],[-81.38185700044012,28.54025099967093],[-81.38193100005996,28.54024600038328],[-81.38188099983125,28.53976400006763],[-81.38186699958754,28.53956299996553],[-81.38185999991485,28.53936200026913],[-81.38185999991485,28.539214000275006],[-81.38186800031077,28.538959999725865],[-81.38188199965617,28.5387589996682],[-81.38188800040226,28.53870299973692],[-81.381898000448,28.53860999974308],[-81.38190199974764,28.53858000038944],[-81.38190400029578,28.538558999889794]]]},"properties":{"block_id":"120950189021040","school_id":"sch_lake_eola_charter","kids_est":0,"class":"green","shortest":{"len_m":1028.4,"mean_c":36.63,"peak_c":37.5,"dose":52.2},"coolest":{"len_m":1028.8,"mean_c":36.62,"peak_c":37.5,"dose":52.1},"delta_mean_c":-0.01,"delta_dose_pct":0,"distance_mi":0.446,"status_now":"walk","status_rec":"walk","reason":"Shortest route already under threshold (dose 52).","safe_until_hour":null}},{"type":"Feature","geometry":{"type":"Polygon","coordinates":[[[-81.37915199974479,28.549389000326357],[-81.37914500007209,28.549025000280924],[-81.37913599985126,28.54851000008561],[-81.37913300037653,28.548033999988288],[-81.37912900017858,28.547934000271265],[-81.37911800030791,28.547570999719404],[-81.37886899988757,28.547570999719404],[-81.37812499989789,28.547573000084565],[-81.37787700020078,28.54757499966057],[-81.37781199990346,28.547570999719404],[-81.37763799982618,28.54756100026039],[-81.3776179997347,28.547554999953263],[-81.3775549999855,28.547539999973],[-81.37751700035066,28.54752800014507],[-81.37743799980964,28.547521000047517],[-81.37739799962667,28.547521000047517],[-81.37692399997374,28.547531000299443],[-81.37676599979,28.547535000242107],[-81.37670700023877,28.547536000030476],[-81.37677099981288,28.547663999693068],[-81.37677900020878,28.548051000254247],[-81.3767819996835,28.548180999644515],[-81.37678599988146,28.54842400010788],[-81.37680000012519,28.54915400027408],[-81.37680500014805,28.54939799984113],[-81.37727399977811,28.54939799984113],[-81.37839000021177,28.549400999942243],[-81.37868200028981,28.549396000299758],[-81.37915199974479,28.549389000326357]]]},"properties":{"block_id":"120950189021008","school_id":"sch_lake_eola_charter","kids_est":0,"class":"green","shortest":{"len_m":786.8,"mean_c":37.78,"peak_c":37.9,"dose":52.2},"coolest":{"len_m":786.8,"mean_c":37.78,"peak_c":37.9,"dose":52.2},"delta_mean_c":0.0,"delta_dose_pct":0,"distance_mi":0.292,"status_now":"walk","status_rec":"walk","reason":"Shortest route already under threshold (dose 52).","safe_until_hour":null}},{"type":"Feature","geometry":{"type":"Polygon","coordinates":[[[-81.3759430001576,28.533006000030607],[-81.37594099960947,28.532930000082224],[-81.37593300011187,28.53233899974523],[-81.37593200028695,28.532205999944303],[-81.37592399989104,28.532169000017284],[-81.37590799999751,28.532148999752735],[-81.3758850004313,28.53213399994641],[-81.37584500024832,28.532123999811287],[-81.3758090002633,28.532126999615148],[-81.37579500001961,28.532126999615148],[-81.37543799964422,28.532132000077315],[-81.37531999964345,28.53213399994641],[-81.37532200019159,28.53232499989868],[-81.37532999968919,28.532898000046007],[-81.37533300006224,28.53309000011741],[-81.37543799964422,28.53308800026647],[-81.37575400001172,28.533085999626266],[-81.37586000031693,28.533084999700765],[-81.3758999996016,28.533070000027667],[-81.37592899991391,28.53304199973778],[-81.3759430001576,28.533006000030607]]]},"properties":{"block_id":"120950103003019","school_id":"sch_lake_eola_charter","kids_est":0,"class":"green","shortest":{"len_m":1473.0,"mean_c":36.34,"peak_c":37.5,"dose":68.1},"coolest":{"len_m":1473.0,"mean_c":36.34,"peak_c":37.5,"dose":68.1},"delta_mean_c":0.0,"delta_dose_pct":0,"distance_mi":0.808,"status_now":"walk","status_rec":"walk","reason":"Shortest route already under threshold (dose 68).","safe_until_hour":null}},{"type":"Feature","geometry":{"type":"Polygon","coordinates":[[[-81.37471100027132,28.533099000235495],[-81.37469899967743,28.532144000080592],[-81.37469799985253,28.532063999769818],[-81.37469500037778,28.531826999863913],[-81.37469399965457,28.53174800003987],[-81.37450700005681,28.531749999916254],[-81.37394899983998,28.531758000210665],[-81.37376300006714,28.53176199996308],[-81.3737660004402,28.53203100032435],[-81.37377300011289,28.53249500016414],[-81.3737739999378,28.532841000228725],[-81.37377599958762,28.533112000053965],[-81.37471100027132,28.533099000235495]]]},"properties":{"block_id":"120950103002012","school_id":"sch_lake_eola_charter","kids_est":1,"class":"green","shortest":{"len_m":1505.4,"mean_c":36.51,"peak_c":37.5,"dose":73.9},"coolest":{"len_m":1506.3,"mean_c":36.51,"peak_c":37.5,"dose":73.8},"delta_mean_c":0.0,"delta_dose_pct":0,"distance_mi":0.833,"status_now":"walk","status_rec":"walk","reason":"Shortest route already under threshold (dose 74).","safe_until_hour":null}},{"type":"Feature","geometry":{"type":"Polygon","coordinates":[[[-81.3822220003131,28.55315299979777],[-81.38224700042745,28.55301599971156],[-81.38216700006151,28.553014999975222],[-81.38192299966404,28.553011999977095],[-81.38171599997482,28.55301899970965],[-81.38148099979817,28.553027999703207],[-81.3809400001981,28.5530339996985],[-81.38090099984004,28.55303500022373],[-81.38069699962551,28.55303800022127],[-81.38021100027703,28.553044000215976],[-81.37930200043091,28.553051999682413],[-81.37919100010284,28.55310400014451],[-81.37930699955548,28.55314800033336],[-81.38090199966494,28.55314800033336],[-81.38094199984792,28.553146000074122],[-81.38177500042435,28.553154000321868],[-81.38190099992273,28.55316000030997],[-81.3822220003131,28.55315299979777]]]},"properties":{"block_id":"120950189021002","school_id":"sch_lake_eola_charter","kids_est":0,"class":"green","shortest":{"len_m":1432.1,"mean_c":37.76,"peak_c":37.9,"dose":94.3},"coolest":{"len_m":1432.1,"mean_c":37.76,"peak_c":37.9,"dose":94.3},"delta_mean_c":0.0,"delta_dose_pct":0,"distance_mi":0.645,"status_now":"walk","status_rec":"walk","reason":"Shortest route already under threshold (dose 94).","safe_until_hour":null}},{"type":"Feature","geometry":{"type":"Polygon","coordinates":[[[-81.37934000006575,28.53395300013866],[-81.37946399991432,28.534000000186502],[-81.37928700036231,28.53325399960553],[-81.3788000002906,28.533060999907114],[-81.37848100044837,28.532934999717067],[-81.37848399992309,28.533079000147442],[-81.37848800012105,28.53324600021389],[-81.37848599957292,28.533514000022436],[-81.37848599957292,28.533594999942405],[-81.37847499970226,28.533628999607703],[-81.37845999963366,28.53365300006114],[-81.37864799995462,28.533728000357904],[-81.37870800022908,28.53374699961434],[-81.37934000006575,28.53395300013866]]]},"properties":{"block_id":"120950103003012","school_id":"sch_lake_eola_charter","kids_est":3,"class":"green","shortest":{"len_m":1461.7,"mean_c":36.34,"peak_c":37.5,"dose":67.5},"coolest":{"len_m":1461.7,"mean_c":36.34,"peak_c":37.5,"dose":67.5},"delta_mean_c":0.0,"delta_dose_pct":0,"distance_mi":0.751,"status_now":"walk","status_rec":"walk","reason":"Shortest route already under threshold (dose 68).","safe_until_hour":null}},{"type":"Feature","geometry":{"type":"Polygon","coordinates":[[[-81.3747730001956,28.53665799974068],[-81.37477700039355,28.536525999759533],[-81.37477200037068,28.536338999897694],[-81.37474999973105,28.535382000098625],[-81.37440699959937,28.53538399990603],[-81.37438099966012,28.535397000231757],[-81.37437599963724,28.535615000295177],[-81.37436300011676,28.53563300009925],[-81.37434100037547,28.535636999704582],[-81.37401400013732,28.535636999704582],[-81.37399700041888,28.535624000197608],[-81.37400599974139,28.53541500007307],[-81.37399700041888,28.535392999828183],[-81.37391399967987,28.535350000017814],[-81.37383599986208,28.535318999831656],[-81.3734350000041,28.53524100016295],[-81.3734369996539,28.535358000038926],[-81.37345199972253,28.536323999898656],[-81.37345400027066,28.536427000059717],[-81.37345000007271,28.53664600025139],[-81.37353100026355,28.53664600025139],[-81.3737739999378,28.536647000143105],[-81.37385500012864,28.536648000034816],[-81.37403800042675,28.536647000143105],[-81.3745899998975,28.53664600025139],[-81.37462000003472,28.53664399967873],[-81.37471200009622,28.536647000143105],[-81.3747730001956,28.53665799974068]]]},"properties":{"block_id":"120950103002009","school_id":"sch_lake_eola_charter","kids_est":1,"class":"green","shortest":{"len_m":1151.5,"mean_c":36.72,"peak_c":37.5,"dose":59.9},"coolest":{"len_m":1153.4,"mean_c":36.72,"peak_c":37.5,"dose":59.7},"delta_mean_c":0.0,"delta_dose_pct":0,"distance_mi":0.597,"status_now":"walk","status_rec":"walk","reason":"Shortest route already under threshold (dose 60).","safe_until_hour":null}},{"type":"Feature","geometry":{"type":"Polygon","coordinates":[[[-81.37919100010284,28.55310400014451],[-81.37918500025506,28.552671999895967],[-81.37917000018645,28.551377000103933],[-81.37916500016358,28.550945999627714],[-81.37869800018335,28.550945999627714],[-81.37729700024265,28.550945999627714],[-81.37683000026242,28.550945999627714],[-81.37683299973715,28.551198999927063],[-81.37684199995799,28.55196100036229],[-81.37684600015594,28.552215000334044],[-81.37684899963065,28.552396000387354],[-81.37686000039963,28.552942000259034],[-81.37686399969928,28.553124000376112],[-81.3773290000297,28.553119000121317],[-81.37856500011397,28.553107000140045],[-81.37872499994752,28.553105999615493],[-81.37919100010284,28.55310400014451]]]},"properties":{"block_id":"120950189021000","school_id":"sch_lake_eola_charter","kids_est":0,"class":"green","shortest":{"len_m":1215.1,"mean_c":37.76,"peak_c":37.9,"dose":80.2},"coolest":{"len_m":1215.1,"mean_c":37.76,"peak_c":37.9,"dose":80.2},"delta_mean_c":0.0,"delta_dose_pct":0,"distance_mi":0.534,"status_now":"walk","status_rec":"walk","reason":"Shortest route already under threshold (dose 80).","safe_until_hour":null}},{"type":"Feature","geometry":{"type":"Polygon","coordinates":[[[-81.37687600029317,28.55494999991136],[-81.3768720000952,28.554236999740738],[-81.37631100040365,28.554236999740738],[-81.37566299977513,28.554247999868537],[-81.37532300001651,28.554249000382224],[-81.37516999985563,28.55424199994243],[-81.37517099968053,28.554385999653096],[-81.37517400005359,28.554818999689886],[-81.37517599970342,28.554963999907347],[-81.37544699986506,28.5549619996826],[-81.37687600029317,28.55494999991136]]]},"properties":{"block_id":"120950188004012","school_id":"sch_lake_eola_charter","kids_est":0,"class":"green","shortest":{"len_m":1324.7,"mean_c":37.75,"peak_c":37.9,"dose":87.4},"coolest":{"len_m":1324.7,"mean_c":37.75,"peak_c":37.9,"dose":87.4},"delta_mean_c":0.0,"delta_dose_pct":0,"distance_mi":0.711,"status_now":"walk","status_rec":"walk","reason":"Shortest route already under threshold (dose 87).","safe_until_hour":null}},{"type":"Feature","geometry":{"type":"Polygon","coordinates":[[[-81.38087300025094,28.550944999871735],[-81.38085099961131,28.549384999665016],[-81.38051099985269,28.549384999665016],[-81.3794909996785,28.549387999766548],[-81.37915199974479,28.549389000326357],[-81.37915400029293,28.549700000385243],[-81.37916199979053,28.550634000333453],[-81.37916500016358,28.550945999627714],[-81.38048699956323,28.550947999928756],[-81.38087300025094,28.550944999871735]]]},"properties":{"block_id":"120950189021006","school_id":"sch_lake_eola_charter","kids_est":1,"class":"green","shortest":{"len_m":1028.4,"mean_c":37.79,"peak_c":37.9,"dose":68.1},"coolest":{"len_m":1028.4,"mean_c":37.79,"peak_c":37.9,"dose":68.1},"delta_mean_c":0.0,"delta_dose_pct":0,"distance_mi":0.44,"status_now":"walk","status_rec":"walk","reason":"Shortest route already under threshold (dose 68).","safe_until_hour":null}},{"type":"Feature","geometry":{"type":"Polygon","coordinates":[[[-81.37686399969928,28.553124000376112],[-81.37686000039963,28.552942000259034],[-81.37684899963065,28.552396000387354],[-81.37684600015594,28.552215000334044],[-81.37650600039731,28.552219000098788],[-81.37548600022312,28.55223199992504],[-81.37514700028942,28.55223700022197],[-81.37514700028942,28.55241699970644],[-81.37514899993923,28.55274499979943],[-81.37516499983276,28.552861000222812],[-81.3751609996348,28.552958999732667],[-81.37515499978701,28.553140000085218],[-81.37545100006302,28.55314099982037],[-81.37549600026887,28.553140000085218],[-81.37636300028217,28.553133000360702],[-81.37652200029083,28.55313000036592],[-81.37686399969928,28.553124000376112]]]},"properties":{"block_id":"120950102011004","school_id":"sch_lake_eola_charter","kids_est":0,"class":"green","shortest":{"len_m":1263.9,"mean_c":37.75,"peak_c":37.9,"dose":83.4},"coolest":{"len_m":1263.9,"mean_c":37.75,"peak_c":37.9,"dose":83.4},"delta_mean_c":0.0,"delta_dose_pct":0,"distance_mi":0.58,"status_now":"walk","status_rec":"walk","reason":"Shortest route already under threshold (dose 83).","safe_until_hour":null}},{"type":"Feature","geometry":{"type":"Polygon","coordinates":[[[-81.37680500014805,28.54939799984113],[-81.37680000012519,28.54915400027408],[-81.37678599988146,28.54842400010788],[-81.3767819996835,28.548180999644515],[-81.37677900020878,28.548051000254247],[-81.37677099981288,28.547663999693068],[-81.37670700023877,28.547536000030476],[-81.37659099988781,28.547536000030476],[-81.37629899980978,28.54753699981882],[-81.37606600018125,28.54753699981882],[-81.37589100027907,28.54753799960718],[-81.37569000043763,28.54753799960718],[-81.37537800026809,28.547539000184617],[-81.37508700001494,28.547536000030476],[-81.37488699999842,28.547535000242107],[-81.3748929998462,28.548227999657744],[-81.37490700008989,28.548896000129808],[-81.37490799991481,28.549210999945423],[-81.37490399971684,28.549408999685415],[-81.37600400025698,28.54940199971294],[-81.37616400009055,28.549400000171584],[-81.37664399959127,28.54939799984113],[-81.37680500014805,28.54939799984113]]]},"properties":{"block_id":"120950102011016","school_id":"sch_lake_eola_charter","kids_est":1,"class":"green","shortest":{"len_m":666.3,"mean_c":37.77,"peak_c":37.9,"dose":44.1},"coolest":{"len_m":666.3,"mean_c":37.77,"peak_c":37.9,"dose":44.1},"delta_mean_c":0.0,"delta_dose_pct":0,"distance_mi":0.298,"status_now":"walk","status_rec":"walk","reason":"Shortest route already under threshold (dose 44).","safe_until_hour":null}},{"type":"Feature","geometry":{"type":"Polygon","coordinates":[[[-81.37602099997541,28.550950999985698],[-81.37602000015052,28.550810000372675],[-81.37602000015052,28.550526000271287],[-81.37600699973171,28.55039100023513],[-81.37599400021124,28.550252000186543],[-81.37551200016239,28.550253999711718],[-81.37372200005926,28.550275000247012],[-81.37372700008213,28.550463000381175],[-81.37372799990705,28.550969000325633],[-81.37418599966645,28.5509639999685],[-81.3745420002169,28.550960999911936],[-81.37537300024522,28.550960999911936],[-81.3755620003911,28.550957999855274],[-81.37602099997541,28.550950999985698]]]},"properties":{"block_id":"120950102011014","school_id":"sch_lake_eola_charter","kids_est":1,"class":"green","shortest":{"len_m":1070.3,"mean_c":37.77,"peak_c":37.9,"dose":70.8},"coolest":{"len_m":1070.3,"mean_c":37.77,"peak_c":37.9,"dose":70.8},"delta_mean_c":0.0,"delta_dose_pct":0,"distance_mi":0.455,"status_now":"walk","status_rec":"walk","reason":"Shortest route already under threshold (dose 71).","safe_until_hour":null}},{"type":"Feature","geometry":{"type":"Polygon","coordinates":[[[-81.3760050000819,28.550112999954525],[-81.37600400025698,28.55008200016722],[-81.37600400025698,28.549572000040907],[-81.37600400025698,28.54940199971294],[-81.37490399971684,28.549408999685415],[-81.37385900032662,28.549414000116386],[-81.37371299983843,28.549414000116386],[-81.37371500038655,28.550056999746726],[-81.37372200005926,28.550275000247012],[-81.37551200016239,28.550253999711718],[-81.37599400021124,28.550252000186543],[-81.37600199970885,28.550192999974218],[-81.3760050000819,28.550112999954525]]]},"properties":{"block_id":"120950102011017","school_id":"sch_lake_eola_charter","kids_est":1,"class":"green","shortest":{"len_m":873.3,"mean_c":37.76,"peak_c":37.8,"dose":57.7},"coolest":{"len_m":873.3,"mean_c":37.76,"peak_c":37.8,"dose":57.7},"delta_mean_c":0.0,"delta_dose_pct":0,"distance_mi":0.405,"status_now":"walk","status_rec":"walk","reason":"Shortest route already under threshold (dose 58).","safe_until_hour":null}},{"type":"Feature","geometry":{"type":"Polygon","coordinates":[[[-81.38092299958134,28.547558999895013],[-81.3809059998629,28.545672999846843],[-81.38084899996149,28.545672999846843],[-81.38080899977852,28.545673999652873],[-81.3802220001477,28.545675000248036],[-81.3802220001477,28.546051999835353],[-81.38022399979752,28.54675499986555],[-81.38023100036854,28.547185000342502],[-81.3802380000412,28.547562999836607],[-81.38035600004198,28.547562000048504],[-81.38071000004432,28.547558999895013],[-81.38082800004508,28.54755800010686],[-81.38086800022806,28.547558999895013],[-81.38092299958134,28.547558999895013]]]},"properties":{"block_id":"120950189021015","school_id":"sch_lake_eola_charter","kids_est":0,"class":"green","shortest":{"len_m":640.3,"mean_c":37.71,"peak_c":37.9,"dose":42.0},"coolest":{"len_m":641.4,"mean_c":37.68,"peak_c":37.9,"dose":41.6},"delta_mean_c":-0.03,"delta_dose_pct":-1,"distance_mi":0.263,"status_now":"walk","status_rec":"walk","reason":"Shortest route already under threshold (dose 42).","safe_until_hour":null}},{"type":"Feature","geometry":{"type":"Polygon","coordinates":[[[-81.3802380000412,28.547562999836607],[-81.38023100036854,28.547185000342502],[-81.38022399979752,28.54675499986555],[-81.3802220001477,28.546051999835353],[-81.3802220001477,28.545675000248036],[-81.3799970000168,28.54567100023466],[-81.3793219996241,28.54566400001375],[-81.37909800021644,28.545660999806188],[-81.3791030002393,28.5460430000347],[-81.37910700043726,28.546325999800114],[-81.37911199956181,28.547187999717522],[-81.37911400010995,28.547443999733037],[-81.37911800030791,28.547570999719404],[-81.37934199971558,28.54756900014334],[-81.3800129999103,28.54756399962471],[-81.3802380000412,28.547562999836607]]]},"properties":{"block_id":"120950189021023","school_id":"sch_lake_eola_charter","kids_est":0,"class":"green","shortest":{"len_m":613.7,"mean_c":37.73,"peak_c":37.9,"dose":40.3},"coolest":{"len_m":613.7,"mean_c":37.73,"peak_c":37.9,"dose":40.3},"delta_mean_c":0.0,"delta_dose_pct":0,"distance_mi":0.222,"status_now":"walk","status_rec":"walk","reason":"Shortest route already under threshold (dose 40).","safe_until_hour":null}},{"type":"Feature","geometry":{"type":"Polygon","coordinates":[[[-81.37911800030791,28.547570999719404],[-81.37911400010995,28.547443999733037],[-81.37911199956181,28.547187999717522],[-81.37910700043726,28.546325999800114],[-81.3791030002393,28.5460430000347],[-81.37909800021644,28.545660999806188],[-81.37893599983472,28.545663000207607],[-81.37845399978586,28.54566400001375],[-81.37829300012739,28.545665999625985],[-81.37824600027173,28.54566700022121],[-81.37813699959348,28.54566700022121],[-81.37766999961323,28.54567600005405],[-81.37751399997761,28.545676999860067],[-81.37751399997761,28.54593199979917],[-81.37751499980253,28.545984999634726],[-81.37752999987116,28.546693999679537],[-81.3775419995667,28.546951999694528],[-81.37754699958958,28.547068999979345],[-81.37755300033568,28.547205999911608],[-81.37755400016059,28.547421999632878],[-81.3775549999855,28.547539999973],[-81.3776179997347,28.547554999953263],[-81.37763799982618,28.54756100026039],[-81.37781199990346,28.547570999719404],[-81.37787700020078,28.54757499966057],[-81.37812499989789,28.547573000084565],[-81.37886899988757,28.547570999719404],[-81.37911800030791,28.547570999719404]]]},"properties":{"block_id":"120950189021014","school_id":"sch_lake_eola_charter","kids_est":0,"class":"green","shortest":{"len_m":457.1,"mean_c":37.71,"peak_c":37.9,"dose":30.0},"coolest":{"len_m":457.1,"mean_c":37.71,"peak_c":37.9,"dose":30.0},"delta_mean_c":0.0,"delta_dose_pct":0,"distance_mi":0.175,"status_now":"walk","status_rec":"walk","reason":"Shortest route already under threshold (dose 30).","safe_until_hour":null}},{"type":"Feature","geometry":{"type":"Polygon","coordinates":[[[-81.37909800021644,28.545660999806188],[-81.37907700030003,28.544615999900234],[-81.37830200034823,28.544624000006827],[-81.37829999980009,28.544833000012474],[-81.37829499977721,28.54545699969504],[-81.37829300012739,28.545665999625985],[-81.37845399978586,28.54566400001375],[-81.37893599983472,28.545663000207607],[-81.37909800021644,28.545660999806188]]]},"properties":{"block_id":"120950189022003","school_id":"sch_lake_eola_charter","kids_est":0,"class":"green","shortest":{"len_m":328.3,"mean_c":37.62,"peak_c":37.7,"dose":21.0},"coolest":{"len_m":328.3,"mean_c":37.62,"peak_c":37.7,"dose":21.0},"delta_mean_c":0.0,"delta_dose_pct":0,"distance_mi":0.112,"status_now":"walk","status_rec":"walk","reason":"Shortest route already under threshold (dose 21).","safe_until_hour":null}},{"type":"Feature","geometry":{"type":"Polygon","coordinates":[[[-81.38106400004663,28.5423899998924],[-81.38108999998592,28.542027999802496],[-81.38102700023673,28.542027999802496],[-81.38088999996937,28.54203000027292],[-81.3808420002888,28.542038999627355],[-81.38082200019731,28.542042999778587],[-81.38078299983924,28.54205600007181],[-81.38072199973988,28.542081999864273],[-81.38064800012003,28.54209699983273],[-81.38057399960188,28.542095999992746],[-81.38043600040793,28.542099000301846],[-81.3793769998757,28.54212699976318],[-81.37902500042149,28.542138000366805],[-81.37902799989622,28.54223499975763],[-81.37903799994196,28.54252499992573],[-81.37904200013992,28.54262199974934],[-81.37903600029215,28.542805000173978],[-81.37902000039863,28.543356999813692],[-81.37901500037574,28.543541000366005],[-81.37913300037653,28.543538000097975],[-81.37938500027161,28.543537000271655],[-81.37971300033466,28.543535999656186],[-81.38044300008062,28.543526999640502],[-81.38049499995917,28.543533000177113],[-81.38053400031723,28.54353899992428],[-81.38061899980774,28.5435719997112],[-81.38069199960266,28.543623000294154],[-81.38079799990787,28.543731000333132],[-81.38082600039527,28.543759000149763],[-81.38083899991575,28.543773000055292],[-81.38088699959633,28.543804999945127],[-81.38092699977929,28.543822999928228],[-81.38096399958923,28.543840000084767],[-81.38098799987867,28.5434769996271],[-81.38106400004663,28.5423899998924]]]},"properties":{"block_id":"120950189021033","school_id":"sch_lake_eola_charter","kids_est":0,"class":"green","shortest":{"len_m":600.4,"mean_c":37.13,"peak_c":37.5,"dose":34.4},"coolest":{"len_m":600.8,"mean_c":37.12,"peak_c":37.5,"dose":34.3},"delta_mean_c":-0.01,"delta_dose_pct":0,"distance_mi":0.205,"status_now":"walk","status_rec":"walk","reason":"Shortest route already under threshold (dose 34).","safe_until_hour":null}},{"type":"Feature","geometry":{"type":"Polygon","coordinates":[[[-81.37670700023877,28.547536000030476],[-81.37669999966775,28.54745199962488],[-81.37667799992644,28.54737400025917],[-81.37664299976635,28.547300999788767],[-81.37656800032158,28.547191999673277],[-81.37647200006212,28.547087999986378],[-81.37635999990914,28.546996000086647],[-81.37624100008344,28.54688900003363],[-81.37613899997619,28.546769999957615],[-81.37607000037922,28.54666699965063],[-81.37601599995253,28.54655699987039],[-81.37597499994466,28.546438000208305],[-81.37596499989893,28.54645000016044],[-81.3759220002412,28.546579000151294],[-81.3759060003477,28.54659999984117],[-81.37588100023333,28.546615999752458],[-81.37588799990603,28.546727999852212],[-81.37588700008111,28.546800000135324],[-81.37588700008111,28.546893000000672],[-81.37589200010399,28.547151000317292],[-81.37588799990603,28.547318000173046],[-81.37588899973095,28.54735299993444],[-81.37589499957872,28.547449000257302],[-81.37589100027907,28.54753799960718],[-81.37606600018125,28.54753699981882],[-81.37629899980978,28.54753699981882],[-81.37659099988781,28.547536000030476],[-81.37670700023877,28.547536000030476]]]},"properties":{"block_id":"120950102011028","school_id":"sch_lake_eola_charter","kids_est":0,"class":"green","shortest":{"len_m":465.5,"mean_c":37.74,"peak_c":37.9,"dose":30.7},"coolest":{"len_m":465.5,"mean_c":37.74,"peak_c":37.9,"dose":30.7},"delta_mean_c":0.0,"delta_dose_pct":0,"distance_mi":0.206,"status_now":"walk","status_rec":"walk","reason":"Shortest route already under threshold (dose 31).","safe_until_hour":null}},{"type":"Feature","geometry":{"type":"Polygon","coordinates":[[[-81.37589100027907,28.54753799960718],[-81.37589499957872,28.547449000257302],[-81.37588899973095,28.54735299993444],[-81.37588799990603,28.547318000173046],[-81.37589200010399,28.547151000317292],[-81.37588700008111,28.546893000000672],[-81.37588700008111,28.546800000135324],[-81.37588799990603,28.546727999852212],[-81.37588100023333,28.546615999752458],[-81.37584100005036,28.546626999887255],[-81.37523299960483,28.546622999910117],[-81.3751320002208,28.546622999910117],[-81.3742950003447,28.546626999887255],[-81.37328699986608,28.546635999638063],[-81.37263900013588,28.54664299979446],[-81.3726409997857,28.54682700013015],[-81.37265000000653,28.547382000156265],[-81.37265300037957,28.547566999778127],[-81.37282400008381,28.54756399962471],[-81.37289299968077,28.547562999836607],[-81.37309299969733,28.54756100026039],[-81.37327599999543,28.547558999895013],[-81.37361300027932,28.54755800010686],[-81.37368600007426,28.54755800010686],[-81.37385400030374,28.547550000223083],[-81.37406000016807,28.547539999973],[-81.37407100003873,28.547539999973],[-81.37449100016327,28.547532999876246],[-81.37468000030917,28.547532999876246],[-81.37488699999842,28.547535000242107],[-81.37508700001494,28.547536000030476],[-81.37537800026809,28.547539000184617],[-81.37569000043763,28.54753799960718],[-81.37589100027907,28.54753799960718]]]},"properties":{"block_id":"120950102011027","school_id":"sch_lake_eola_charter","kids_est":0,"class":"green","shortest":{"len_m":545.2,"mean_c":37.74,"peak_c":37.8,"dose":35.9},"coolest":{"len_m":545.2,"mean_c":37.74,"peak_c":37.8,"dose":35.9},"delta_mean_c":0.0,"delta_dose_pct":0,"distance_mi":0.259,"status_now":"walk","status_rec":"walk","reason":"Shortest route already under threshold (dose 36).","safe_until_hour":null}},{"type":"Feature","geometry":{"type":"Polygon","coordinates":[[[-81.37596499989893,28.54645000016044],[-81.37597499994466,28.546438000208305],[-81.37596200042418,28.546384000012296],[-81.37594599963234,28.54626500015481],[-81.3759349997617,28.545870999925615],[-81.37593099956374,28.54567799966607],[-81.37262700044032,28.545712999972455],[-81.37262700044032,28.545898999962493],[-81.37262999991505,28.546305000055597],[-81.37263400011301,28.546457000329177],[-81.37263900013588,28.54664299979446],[-81.37328699986608,28.546635999638063],[-81.3742950003447,28.546626999887255],[-81.3751320002208,28.546622999910117],[-81.37523299960483,28.546622999910117],[-81.37584100005036,28.546626999887255],[-81.37588100023333,28.546615999752458],[-81.3759060003477,28.54659999984117],[-81.3759220002412,28.546579000151294],[-81.37596499989893,28.54645000016044]]]},"properties":{"block_id":"120950102011029","school_id":"sch_lake_eola_charter","kids_est":0,"class":"green","shortest":{"len_m":536.3,"mean_c":37.74,"peak_c":37.8,"dose":35.3},"coolest":{"len_m":536.3,"mean_c":37.74,"peak_c":37.8,"dose":35.3},"delta_mean_c":0.0,"delta_dose_pct":0,"distance_mi":0.215,"status_now":"walk","status_rec":"walk","reason":"Shortest route already under threshold (dose 35).","safe_until_hour":null}},{"type":"Feature","geometry":{"type":"Polygon","coordinates":[[[-81.37829999980009,28.544833000012474],[-81.37830200034823,28.544624000006827],[-81.37814199961633,28.54462499982288],[-81.37766399976546,28.54462999969186],[-81.3775049997568,28.544632999928787],[-81.37750800012984,28.54484100010263],[-81.37751099960457,28.54499099970746],[-81.3775130001527,28.545467999950954],[-81.37751399997761,28.545676999860067],[-81.37766999961323,28.54567600005405],[-81.37813699959348,28.54566700022121],[-81.37824600027173,28.54566700022121],[-81.37829300012739,28.545665999625985],[-81.37829499977721,28.54545699969504],[-81.37829999980009,28.544833000012474]]]},"properties":{"block_id":"120950189022002","school_id":"sch_lake_eola_charter","kids_est":0,"class":"green","shortest":{"len_m":230.6,"mean_c":37.59,"peak_c":37.7,"dose":14.7},"coolest":{"len_m":230.6,"mean_c":37.59,"peak_c":37.7,"dose":14.7},"delta_mean_c":0.0,"delta_dose_pct":0,"distance_mi":0.075,"status_now":"walk","status_rec":"walk","reason":"Shortest route already under threshold (dose 15).","safe_until_hour":null}},{"type":"Feature","geometry":{"type":"Polygon","coordinates":[[[-81.3775049997568,28.544632999928787],[-81.37749999973391,28.54442299970838],[-81.37748600038853,28.543791999867764],[-81.37748200019057,28.543583000163977],[-81.37733400005256,28.543587000256572],[-81.37712300016537,28.54359399982645],[-81.37689300001159,28.54359700009289],[-81.37674599969851,28.543598999744372],[-81.37674999989648,28.543804999945127],[-81.37676400014017,28.54442599995126],[-81.37676900016305,28.544632999928787],[-81.37686799989724,28.54463100029693],[-81.3769159995778,28.54463200011286],[-81.37719199976235,28.544637999797448],[-81.37735699961878,28.54463500034972],[-81.3775049997568,28.544632999928787]]]},"properties":{"block_id":"120950189022005","school_id":"sch_lake_eola_charter","kids_est":1,"class":"green","shortest":{"len_m":29.2,"mean_c":37.5,"peak_c":37.5,"dose":1.8},"coolest":{"len_m":29.2,"mean_c":37.5,"peak_c":37.5,"dose":1.8},"delta_mean_c":0.0,"delta_dose_pct":0,"distance_mi":0.012,"status_now":"walk","status_rec":"walk","reason":"Shortest route already under threshold (dose 2).","safe_until_hour":null}},{"type":"Feature","geometry":{"type":"Polygon","coordinates":[[[-81.3751609996348,28.552958999732667],[-81.37516499983276,28.552861000222812],[-81.37514899993923,28.55274499979943],[-81.37514700028942,28.55241699970644],[-81.37514700028942,28.55223700022197],[-81.37486699990691,28.552237999965687],[-81.37417700034392,28.55224099998594],[-81.37402699965779,28.55224300026239],[-81.37374799999853,28.5522490003024],[-81.37374899982345,28.55242400026757],[-81.37375499967122,28.552949999733155],[-81.37375700021936,28.55312599984671],[-81.37395600041098,28.553125000111415],[-81.37403599987861,28.55312599984671],[-81.37475700030207,28.553137999825815],[-81.37487500030284,28.553137999825815],[-81.37515499978701,28.553140000085218],[-81.3751609996348,28.552958999732667]]]},"properties":{"block_id":"120950102011003","school_id":"sch_lake_eola_charter","kids_est":0,"class":"green","shortest":{"len_m":1308.9,"mean_c":37.75,"peak_c":37.9,"dose":86.5},"coolest":{"len_m":1309.1,"mean_c":37.75,"peak_c":37.9,"dose":86.4},"delta_mean_c":0.0,"delta_dose_pct":0,"distance_mi":0.599,"status_now":"walk","status_rec":"walk","reason":"Shortest route already under threshold (dose 86).","safe_until_hour":null}},{"type":"Feature","geometry":{"type":"Polygon","coordinates":[[[-81.38091000006087,28.554037999883633],[-81.38090900023595,28.55395099995881],[-81.38090699968781,28.553674999857517],[-81.38090199966494,28.55314800033336],[-81.37930699955548,28.55314800033336],[-81.37919100010284,28.55310400014451],[-81.37919199992776,28.553276000276156],[-81.37919600012572,28.553793000292398],[-81.37919799977554,28.55396599981494],[-81.37920699999638,28.554974999959246],[-81.3792089996462,28.555255000247314],[-81.37921000036943,28.55532400029133],[-81.37923600030868,28.55637399977192],[-81.37924200015648,28.556750000018297],[-81.37992400022185,28.55671599992533],[-81.38000200003967,28.556728000284245],[-81.38011099981962,28.556572999947853],[-81.38020899972891,28.55642199977744],[-81.38023399984326,28.556378999872127],[-81.38029599976754,28.556274999790105],[-81.3803209998819,28.556226999717563],[-81.38043600040793,28.556010000201574],[-81.38055400040872,28.55575099978647],[-81.38061399978486,28.555600000015126],[-81.38066700038662,28.55545299966911],[-81.38075500025016,28.555161999876336],[-81.38080999960344,28.55493800013884],[-81.38085399998437,28.554702999845528],[-81.38087499990077,28.554543000285886],[-81.38088400012158,28.554475999964055],[-81.3809059998629,28.554181000148045],[-81.38091000006087,28.554037999883633]]]},"properties":{"block_id":"120950188004005","school_id":"sch_lake_eola_charter","kids_est":5,"class":"green","shortest":{"len_m":1544.6,"mean_c":37.75,"peak_c":37.9,"dose":102.0},"coolest":{"len_m":1544.6,"mean_c":37.75,"peak_c":37.9,"dose":102.0},"delta_mean_c":0.0,"delta_dose_pct":0,"distance_mi":0.74,"status_now":"walk","status_rec":"walk","reason":"Shortest route already under threshold (dose 102).","safe_until_hour":null}},{"type":"Feature","geometry":{"type":"Polygon","coordinates":[[[-81.3783280002875,28.557501999638408],[-81.37833900015814,28.55747200014252],[-81.3783280002875,28.55707399965702],[-81.3783209997165,28.557023999763256],[-81.37831099967075,28.556757999992133],[-81.37690300005734,28.556768999856597],[-81.376913999928,28.55755499996296],[-81.37690999973003,28.55758899978497],[-81.37691099955495,28.55760500039356],[-81.3770329997537,28.557598000176913],[-81.37771700036723,28.55757500013807],[-81.37791999985849,28.557564000357814],[-81.37822799983006,28.557557000138445],[-81.37826299999017,28.557552000094176],[-81.37830200034823,28.5575319999147],[-81.3783280002875,28.557501999638408]]]},"properties":{"block_id":"120950188004007","school_id":"sch_lake_eola_charter","kids_est":0,"class":"red","shortest":{"len_m":1705.0,"mean_c":37.75,"peak_c":37.9,"dose":112.4},"coolest":{"len_m":1705.0,"mean_c":37.75,"peak_c":37.9,"dose":112.4},"delta_mean_c":0.0,"delta_dose_pct":0,"distance_mi":0.885,"status_now":"walk","status_rec":"bus_eligible","reason":"Coolest route mean 37.8C exceeds threshold (110 C-min dose, actual 112).","safe_until_hour":"14:00"}},{"type":"Feature","geometry":{"type":"Polygon","coordinates":[[[-81.37691899995087,28.55897400011686],[-81.37691499975291,28.558412999956808],[-81.37633700034293,28.558410000112477],[-81.37374399980057,28.558410000112477],[-81.37374200015074,28.558771999911425],[-81.37373799995278,28.559857999729132],[-81.37373700012787,28.560220999739563],[-81.37373700012787,28.56029199980824],[-81.37373700012787,28.560504999726934],[-81.37373700012787,28.56057700005754],[-81.37373700012787,28.560629999622964],[-81.37373700012787,28.560790000188515],[-81.37373799995278,28.560844000097664],[-81.37393100029662,28.56066800026255],[-81.3739859996499,28.560622999607418],[-81.37415300005448,28.560492000133152],[-81.37434200020037,28.560355999795718],[-81.3745759996538,28.560210000235802],[-81.37481599985328,28.560072000195373],[-81.37484799964034,28.560053999833748],[-81.37510999958116,28.55991700004863],[-81.3754710001545,28.559727999764444],[-81.37655699955262,28.55916199970983],[-81.37691899995087,28.55897400011686]]]},"properties":{"block_id":"120950188004000","school_id":"sch_lake_eola_charter","kids_est":0,"class":"red","shortest":{"len_m":2106.8,"mean_c":37.75,"peak_c":37.8,"dose":138.8},"coolest":{"len_m":2106.8,"mean_c":37.75,"peak_c":37.8,"dose":138.8},"delta_mean_c":0.0,"delta_dose_pct":0,"distance_mi":1.033,"status_now":"walk","status_rec":"bus_eligible","reason":"Coolest route mean 37.8C exceeds threshold (110 C-min dose, actual 139).","safe_until_hour":"14:00"}},{"type":"Feature","geometry":{"type":"Polygon","coordinates":[[[-81.37690999973003,28.55758899978497],[-81.376913999928,28.55755499996296],[-81.37690300005734,28.556768999856597],[-81.37632499974903,28.556762000373347],[-81.37546600013164,28.55676300007411],[-81.37512200017505,28.55676300007411],[-81.37409199995513,28.55676300007411],[-81.37374899982345,28.55676300007411],[-81.37374399980057,28.557005999669425],[-81.37374600034869,28.557580999874222],[-81.37506100007569,28.557596999695054],[-81.37643799972693,28.557598000176913],[-81.37691099955495,28.55760500039356],[-81.37690999973003,28.55758899978497]]]},"properties":{"block_id":"120950188004008","school_id":"sch_lake_eola_charter","kids_est":2,"class":"red","shortest":{"len_m":1673.9,"mean_c":37.74,"peak_c":37.9,"dose":110.4},"coolest":{"len_m":1673.9,"mean_c":37.74,"peak_c":37.9,"dose":110.4},"delta_mean_c":0.0,"delta_dose_pct":0,"distance_mi":0.892,"status_now":"walk","status_rec":"bus_eligible","reason":"Coolest route mean 37.7C exceeds threshold (110 C-min dose, actual 110).","safe_until_hour":"14:00"}},{"type":"Feature","geometry":{"type":"Polygon","coordinates":[[[-81.37374399980057,28.557005999669425],[-81.37374899982345,28.55676300007411],[-81.37354299995911,28.556760999883537],[-81.37322900013976,28.55676000018276],[-81.37292700001598,28.556760999883537],[-81.37272199997655,28.556762000373347],[-81.37245199963981,28.556762000373347],[-81.37164200042622,28.556762000373347],[-81.37137200008948,28.556762000373347],[-81.37062899992473,28.55676000018276],[-81.36960100025293,28.55676000018276],[-81.36960700010071,28.557035000388915],[-81.36960000042802,28.55754700004968],[-81.36959200003209,28.557704999605573],[-81.36950300034364,28.557690000282157],[-81.36902299994462,28.55768200037907],[-81.36796699978542,28.557690999974092],[-81.36784100028704,28.557706000086363],[-81.3677600000962,28.557729000096657],[-81.36766200018688,28.557770999759327],[-81.36757699979808,28.55782399994845],[-81.36746899984304,28.557925999909884],[-81.36732400007809,28.558049000335295],[-81.36722399962065,28.55814800022692],[-81.36713300028237,28.558254000198946],[-81.3670370000229,28.558390000096015],[-81.3669590002051,28.55853299997237],[-81.36691999984706,28.558627000204595],[-81.36688399986204,28.5587349998474],[-81.36687399981629,28.558786999869717],[-81.36685600027293,28.558888000006473],[-81.36684899970194,28.55899199987419],[-81.36685100025008,28.55909499996056],[-81.36687700018932,28.559285000269064],[-81.3669030001286,28.559390000209405],[-81.36692300022008,28.55944699986258],[-81.36697500009863,28.55955599991637],[-81.36701399955837,28.559625999971008],[-81.36727899987225,28.56016300004795],[-81.36730300016168,28.560210999903806],[-81.36738099997949,28.560334999693197],[-81.36746399982019,28.560437000377572],[-81.3675650001025,28.560536000390368],[-81.3676200003541,28.56058199995816],[-81.36774000000469,28.560664000029778],[-81.3678399995638,28.56071000033065],[-81.36791099970891,28.560732999684543],[-81.36798500022708,28.56075000026716],[-81.36823299992419,28.560771000286937],[-81.36828700035086,28.560788000074467],[-81.36833300038161,28.56081800020332],[-81.3683450000772,28.56083099975681],[-81.36837500021441,28.560883000321677],[-81.3683889995598,28.560932999960553],[-81.36839299975776,28.56110099970938],[-81.36841000037451,28.561190000143917],[-81.36844200016155,28.561275000293648],[-81.36847099957558,28.561328999954025],[-81.36947499985624,28.561335000265235],[-81.36964599956046,28.56134499999414],[-81.36977100013225,28.561361999688962],[-81.36996299975286,28.56139899961855],[-81.37058700009193,28.56156999995597],[-81.3707610001692,28.56160499971393],[-81.37090199973619,28.561615000206242],[-81.37102099956189,28.561613999762553],[-81.37106199956978,28.561613999762553],[-81.37114500030876,28.561606999812447],[-81.37130099994437,28.56157999966256],[-81.37138999963283,28.561556999704745],[-81.37147300037184,28.56153000033103],[-81.37154699999168,28.561501000060872],[-81.37161300011391,28.561469000025596],[-81.37293100021394,28.560746999700473],[-81.37303800034405,28.560683999614184],[-81.37313600025334,28.560612999809926],[-81.37327599999543,28.560485000108507],[-81.37336800005694,28.56050299960745],[-81.37364400024146,28.560558000117563],[-81.37373700012787,28.56057700005754],[-81.37373700012787,28.560504999726934],[-81.37373700012787,28.56029199980824],[-81.37373700012787,28.560220999739563],[-81.37373799995278,28.559857999729132],[-81.37374200015074,28.558771999911425],[-81.37374399980057,28.558410000112477],[-81.37374700017361,28.558252000036692],[-81.37374600034869,28.557580999874222],[-81.37374399980057,28.557005999669425]]]},"properties":{"block_id":"120950188003008","school_id":"sch_lake_eola_charter","kids_est":2,"class":"red","shortest":{"len_m":2264.5,"mean_c":37.73,"peak_c":37.8,"dose":149.3},"coolest":{"len_m":2264.8,"mean_c":37.73,"peak_c":37.8,"dose":149.2},"delta_mean_c":0.0,"delta_dose_pct":0,"distance_mi":1.053,"status_now":"walk","status_rec":"bus_eligible","reason":"Coolest route mean 37.7C exceeds threshold (110 C-min dose, actual 149).","safe_until_hour":"14:00"}},{"type":"Feature","geometry":{"type":"Polygon","coordinates":[[[-81.37813800031668,28.52789399962258],[-81.37813999996652,28.527582999906393],[-81.37813499994364,28.527284999809822],[-81.37813599976856,28.526927999835003],[-81.37813599976856,28.526887999680714],[-81.37784299986559,28.526886999696398],[-81.37646500038943,28.52685700016232],[-81.37644899959759,28.527487999612212],[-81.37645399962047,28.527911999956178],[-81.3765699999714,28.52790900003236],[-81.37692099960069,28.527902000209707],[-81.37703799977655,28.527901000235005],[-81.37798699980563,28.527884999849256],[-81.37813800031668,28.52789399962258]]]},"properties":{"block_id":"120950185003010","school_id":"sch_lake_eola_charter","kids_est":0,"class":"green","shortest":{"len_m":2125.7,"mean_c":36.25,"peak_c":37.5,"dose":96.0},"coolest":{"len_m":2127.6,"mean_c":36.25,"peak_c":37.5,"dose":95.7},"delta_mean_c":0.0,"delta_dose_pct":0,"distance_mi":1.161,"status_now":"walk","status_rec":"walk","reason":"Shortest route already under threshold (dose 96).","safe_until_hour":null}},{"type":"Feature","geometry":{"type":"Polygon","coordinates":[[[-81.37898299969038,28.54131200019455],[-81.37895400027638,28.540517999958034],[-81.37894400023063,28.540359000010458],[-81.37837500014315,28.540364999938372],[-81.37800699989714,28.54036300022549],[-81.37800799972203,28.540782000011],[-81.37801500029305,28.54119599967653],[-81.37801100009509,28.54131700022079],[-81.37814400016447,28.54131600037339],[-81.37898299969038,28.54131200019455]]]},"properties":{"block_id":"120950189022014","school_id":"sch_lake_eola_charter","kids_est":0,"class":"green","shortest":{"len_m":494.1,"mean_c":37.1,"peak_c":37.5,"dose":28.2},"coolest":{"len_m":494.5,"mean_c":37.09,"peak_c":37.5,"dose":28.1},"delta_mean_c":-0.01,"delta_dose_pct":0,"distance_mi":0.251,"status_now":"walk","status_rec":"walk","reason":"Shortest route already under threshold (dose 28).","safe_until_hour":null}},{"type":"Feature","geometry":{"type":"Polygon","coordinates":[[[-81.38483599987353,28.53515800011821],[-81.38483599987353,28.535100999945026],[-81.38453499957464,28.535098000225794],[-81.38421999993037,28.5350949997173],[-81.38414399976239,28.5350949997173],[-81.3838359997908,28.5350949997173],[-81.38362699955344,28.53509599962373],[-81.38345300037449,28.535097000319375],[-81.38334700006928,28.535292999948496],[-81.38367599995726,28.535292999948496],[-81.38397200023324,28.535293999853057],[-81.38425400026557,28.535294999757593],[-81.3848340002237,28.535297000355875],[-81.38483500004861,28.535216000165843],[-81.38483599987353,28.53515800011821]]]},"properties":{"block_id":"120950105001056","school_id":"sch_lake_eola_charter","kids_est":0,"class":"red","shortest":{"len_m":2569.6,"mean_c":36.31,"peak_c":37.5,"dose":117.9},"coolest":{"len_m":2569.6,"mean_c":36.31,"peak_c":37.5,"dose":117.9},"delta_mean_c":0.0,"delta_dose_pct":0,"distance_mi":0.755,"status_now":"walk","status_rec":"bus_eligible","reason":"Coolest route mean 36.3C exceeds threshold (110 C-min dose, actual 118).","safe_until_hour":"14:00"}},{"type":"Feature","geometry":{"type":"Polygon","coordinates":[[[-81.38334700006928,28.535292999948496],[-81.38345300037449,28.535097000319375],[-81.38317100034217,28.535098000225794],[-81.38310500021994,28.53523200022781],[-81.38307500008271,28.53529200004393],[-81.38334700006928,28.535292999948496]]]},"properties":{"block_id":"120950189021061","school_id":"sch_lake_eola_charter","kids_est":0,"class":"green","shortest":{"len_m":1670.8,"mean_c":36.4,"peak_c":37.5,"dose":78.5},"coolest":{"len_m":1670.8,"mean_c":36.4,"peak_c":37.5,"dose":78.5},"delta_mean_c":0.0,"delta_dose_pct":0,"distance_mi":0.728,"status_now":"walk","status_rec":"walk","reason":"Shortest route already under threshold (dose 78).","safe_until_hour":null}},{"type":"Feature","geometry":{"type":"Polygon","coordinates":[[[-81.38310500021994,28.53523200022781],[-81.38317100034217,28.535098000225794],[-81.38281700033986,28.53509900013219],[-81.38262099962294,28.53509900013219],[-81.3816039998218,28.535102999757775],[-81.38129699967514,28.535116000118183],[-81.38127599975874,28.535170999682613],[-81.3812570003905,28.535244999783146],[-81.38124899999457,28.53530600028544],[-81.38138899973667,28.53530999990318],[-81.38255000037616,28.535295999662143],[-81.3827369999739,28.53528900033012],[-81.38307500008271,28.53529200004393],[-81.38310500021994,28.53523200022781]]]},"properties":{"block_id":"120950189021062","school_id":"sch_lake_eola_charter","kids_est":0,"class":"green","shortest":{"len_m":1611.1,"mean_c":36.33,"peak_c":37.5,"dose":73.9},"coolest":{"len_m":1611.1,"mean_c":36.33,"peak_c":37.5,"dose":73.9},"delta_mean_c":0.0,"delta_dose_pct":0,"distance_mi":0.696,"status_now":"walk","status_rec":"walk","reason":"Shortest route already under threshold (dose 74).","safe_until_hour":null}},{"type":"Feature","geometry":{"type":"Polygon","coordinates":[[[-81.38127599975874,28.535170999682613],[-81.38129699967514,28.535116000118183],[-81.38068800030301,28.535128999687817],[-81.38001899975811,28.53523499994319],[-81.37969300024318,28.535294999757593],[-81.3796179999001,28.53535999984679],[-81.37957100004444,28.535392999828183],[-81.37955599997582,28.53540500024931],[-81.37950800029525,28.53543900011979],[-81.37948099963276,28.53545899975992],[-81.3794200004317,28.535504000120163],[-81.37931900014937,28.535577000084906],[-81.37941600023373,28.5355539999717],[-81.37957799971714,28.535518000333507],[-81.37969999991587,28.535492999612973],[-81.37987300016823,28.53545899975992],[-81.38022899982037,28.535400999846036],[-81.38058700002068,28.535355000326984],[-81.38085800018233,28.535330000357],[-81.38094699987079,28.53532300023803],[-81.38124899999457,28.53530600028544],[-81.3812570003905,28.535244999783146],[-81.38127599975874,28.535170999682613]]]},"properties":{"block_id":"120950189021053","school_id":"sch_lake_eola_charter","kids_est":0,"class":"green","shortest":{"len_m":1585.1,"mean_c":36.33,"peak_c":37.5,"dose":72.8},"coolest":{"len_m":1585.1,"mean_c":36.33,"peak_c":37.5,"dose":72.8},"delta_mean_c":0.0,"delta_dose_pct":0,"distance_mi":0.649,"status_now":"walk","status_rec":"walk","reason":"Shortest route already under threshold (dose 73).","safe_until_hour":null}},{"type":"Feature","geometry":{"type":"Polygon","coordinates":[[[-81.3796179999001,28.53535999984679],[-81.37969300024318,28.535294999757593],[-81.37888399995619,28.535446000230987],[-81.37824999957138,28.535692999687033],[-81.37805100027806,28.535742000337812],[-81.37807399984429,28.5357530000298],[-81.37819199984504,28.535817999836464],[-81.37823200002802,28.53584299969073],[-81.37826299999017,28.535863999942535],[-81.37828899992944,28.535883000392236],[-81.37849200031901,28.535814000238076],[-81.37859500025118,28.535779999699386],[-81.37862100019046,28.5357709998103],[-81.37881799983394,28.535707999775905],[-81.37904499961468,28.53564299990138],[-81.37910900008707,28.535626000000434],[-81.37915699976766,28.535615000295177],[-81.3792720002937,28.53558699989234],[-81.37931900014937,28.535577000084906],[-81.3794200004317,28.535504000120163],[-81.37948099963276,28.53545899975992],[-81.37950800029525,28.53543900011979],[-81.37955599997582,28.53540500024931],[-81.37957100004444,28.535392999828183],[-81.3796179999001,28.53535999984679]]]},"properties":{"block_id":"120950189021054","school_id":"sch_lake_eola_charter","kids_est":0,"class":"green","shortest":{"len_m":1192.1,"mean_c":36.46,"peak_c":37.5,"dose":56.9},"coolest":{"len_m":1192.1,"mean_c":36.46,"peak_c":37.5,"dose":56.9},"delta_mean_c":0.0,"delta_dose_pct":0,"distance_mi":0.607,"status_now":"walk","status_rec":"walk","reason":"Shortest route already under threshold (dose 57).","safe_until_hour":null}},{"type":"Feature","geometry":{"type":"Polygon","coordinates":[[[-81.37828899992944,28.535883000392236],[-81.37826299999017,28.535863999942535],[-81.37823200002802,28.53584299969073],[-81.37819199984504,28.535817999836464],[-81.37807399984429,28.5357530000298],[-81.37805100027806,28.535742000337812],[-81.37766399976546,28.535839999992668],[-81.37770999979621,28.53586699963997],[-81.37785100026151,28.535927999782192],[-81.37791499983561,28.535950999813746],[-81.37797099991212,28.535964999967703],[-81.37803500038451,28.5359480001187],[-81.3782239996321,28.535900000251726],[-81.37828899992944,28.535883000392236]]]},"properties":{"block_id":"120950189021055","school_id":"sch_lake_eola_charter","kids_est":0,"class":"green","shortest":{"len_m":1124.1,"mean_c":36.5,"peak_c":37.5,"dose":54.3},"coolest":{"len_m":1124.1,"mean_c":36.5,"peak_c":37.5,"dose":54.3},"delta_mean_c":0.0,"delta_dose_pct":0,"distance_mi":0.582,"status_now":"walk","status_rec":"walk","reason":"Shortest route already under threshold (dose 54).","safe_until_hour":null}},{"type":"Feature","geometry":{"type":"Polygon","coordinates":[[[-81.37585699994389,28.536582999951026],[-81.3759210004163,28.536414999754985],[-81.3755620003911,28.536535000373277],[-81.37490899973972,28.536712000187467],[-81.37510299990848,28.536800999928225],[-81.37518199955119,28.536836999917274],[-81.37526500029017,28.53687499967313],[-81.37552999970573,28.536792000126322],[-81.37583400037767,28.536687999641565],[-81.37585699994389,28.536582999951026]]]},"properties":{"block_id":"120950189023011","school_id":"sch_lake_eola_charter","kids_est":0,"class":"green","shortest":{"len_m":1603.2,"mean_c":36.5,"peak_c":37.5,"dose":78.0},"coolest":{"len_m":1604.1,"mean_c":36.5,"peak_c":37.5,"dose":77.9},"delta_mean_c":0.0,"delta_dose_pct":0,"distance_mi":0.533,"status_now":"walk","status_rec":"walk","reason":"Shortest route already under threshold (dose 78).","safe_until_hour":null}},{"type":"Feature","geometry":{"type":"Polygon","coordinates":[[[-81.37526500029017,28.53687499967313],[-81.37518199955119,28.536836999917274],[-81.37510299990848,28.536800999928225],[-81.37490899973972,28.536712000187467],[-81.37477700039355,28.536748000206934],[-81.37440599977448,28.536849000173927],[-81.3735499996318,28.536999000110324],[-81.37255899976994,28.537006000117895],[-81.37255399974708,28.53723700010783],[-81.37280200034249,28.53723700010783],[-81.37300700038192,28.53722900022937],[-81.3731549996216,28.537224000009065],[-81.3735069999741,28.537200000368983],[-81.37386000015152,28.537162999827952],[-81.37420999995588,28.537113999838013],[-81.37435999974373,28.537086999721065],[-81.37455700028553,28.537055000158063],[-81.37480499998266,28.536998000221907],[-81.3751399997184,28.53691099963685],[-81.37526500029017,28.53687499967313]]]},"properties":{"block_id":"120950189023010","school_id":"sch_lake_eola_charter","kids_est":0,"class":"green","shortest":{"len_m":1078.3,"mean_c":36.76,"peak_c":37.5,"dose":56.7},"coolest":{"len_m":1079.2,"mean_c":36.76,"peak_c":37.5,"dose":56.6},"delta_mean_c":0.0,"delta_dose_pct":0,"distance_mi":0.537,"status_now":"walk","status_rec":"walk","reason":"Shortest route already under threshold (dose 57).","safe_until_hour":null}},{"type":"Feature","geometry":{"type":"Polygon","coordinates":[[[-81.37255399974708,28.53723700010783],[-81.37255899976994,28.537006000117895],[-81.37241400000498,28.537007999894538],[-81.37171199984812,28.536998000221907],[-81.37052299961952,28.53701400001326],[-81.36837199984137,28.536990000325343],[-81.36837500021441,28.537077000055977],[-81.3683800002373,28.53725800008178],[-81.37032500015111,28.537250000204928],[-81.37065999988687,28.53724200032746],[-81.37255399974708,28.53723700010783]]]},"properties":{"block_id":"120950102023013","school_id":"sch_lake_eola_charter","kids_est":0,"class":"green","shortest":{"len_m":1858.9,"mean_c":36.59,"peak_c":37.5,"dose":93.1},"coolest":{"len_m":1859.8,"mean_c":36.59,"peak_c":37.5,"dose":93.0},"delta_mean_c":0.0,"delta_dose_pct":0,"distance_mi":0.639,"status_now":"walk","status_rec":"walk","reason":"Shortest route already under threshold (dose 93).","safe_until_hour":null}},{"type":"Feature","geometry":{"type":"Polygon","coordinates":[[[-81.38210900033519,28.54201699997643],[-81.38206900015223,28.541371999704868],[-81.3820520004338,28.541272999823736],[-81.3818919997019,28.541271999975915],[-81.38173100004343,28.541271999975915],[-81.38173299969326,28.541391999797092],[-81.38175399960964,28.541793999740722],[-81.38175600015778,28.541975000343275],[-81.38176000035574,28.54202000028784],[-81.38188099983125,28.542017999817226],[-81.38197000041804,28.542017999817226],[-81.38210900033519,28.54201699997643]]]},"properties":{"block_id":"120950189021028","school_id":"sch_lake_eola_charter","kids_est":0,"class":"green","shortest":{"len_m":755.5,"mean_c":36.99,"peak_c":37.5,"dose":41.6},"coolest":{"len_m":756.0,"mean_c":36.94,"peak_c":37.5,"dose":41.3},"delta_mean_c":-0.05,"delta_dose_pct":-1,"distance_mi":0.343,"status_now":"walk","status_rec":"walk","reason":"Shortest route already under threshold (dose 42).","safe_until_hour":null}},{"type":"Feature","geometry":{"type":"Polygon","coordinates":[[[-81.38197399971767,28.551079999986744],[-81.38197299989275,28.55094400011573],[-81.38145200038417,28.55094000030249],[-81.38091199971069,28.55094400011573],[-81.38087300025094,28.550944999871735],[-81.38090099984004,28.55303500022373],[-81.3809400001981,28.5530339996985],[-81.38148099979817,28.553027999703207],[-81.38171599997482,28.55301899970965],[-81.38167800033997,28.552930000257586],[-81.38166099972322,28.55282999966641],[-81.38161899989042,28.552681999658763],[-81.38157899970746,28.552586999901433],[-81.38142499972166,28.552284000003056],[-81.38140200015545,28.55222399960731],[-81.38138799991175,28.55216099994401],[-81.38138200006397,28.55209699970888],[-81.38138399971379,28.55203300022386],[-81.38139399975952,28.551968999910937],[-81.3814120002012,28.551908000377868],[-81.38143899996537,28.551847999767816],[-81.38147300030057,28.551790999945716],[-81.3815460000955,28.551699000209222],[-81.38186900013568,28.55132500036709],[-81.38191099996848,28.551269000014766],[-81.38194299975554,28.551208999829676],[-81.38196399967191,28.551146000348176],[-81.38197399971767,28.551079999986744]]]},"properties":{"block_id":"120950189021004","school_id":"sch_lake_eola_charter","kids_est":0,"class":"green","shortest":{"len_m":1185.5,"mean_c":37.77,"peak_c":37.9,"dose":78.5},"coolest":{"len_m":1185.5,"mean_c":37.77,"peak_c":37.9,"dose":78.5},"delta_mean_c":0.0,"delta_dose_pct":0,"distance_mi":0.58,"status_now":"walk","status_rec":"walk","reason":"Shortest route already under threshold (dose 78).","safe_until_hour":null}},{"type":"Feature","geometry":{"type":"Polygon","coordinates":[[[-81.38246400016243,28.54385800006189],[-81.38244900009381,28.54360299983642],[-81.38240200023816,28.542743000233873],[-81.38219600037384,28.54277600027016],[-81.382215999567,28.543858999885167],[-81.38235399965927,28.543858999885167],[-81.38246400016243,28.54385800006189]]]},"properties":{"block_id":"120950189021025","school_id":"sch_lake_eola_charter","kids_est":0,"class":"green","shortest":{"len_m":646.2,"mean_c":37.32,"peak_c":37.5,"dose":38.6},"coolest":{"len_m":646.2,"mean_c":37.32,"peak_c":37.5,"dose":38.6},"delta_mean_c":0.0,"delta_dose_pct":0,"distance_mi":0.323,"status_now":"walk","status_rec":"walk","reason":"Shortest route already under threshold (dose 39).","safe_until_hour":null}},{"type":"Feature","geometry":{"type":"Polygon","coordinates":[[[-81.37269900041032,28.550979000250152],[-81.3726969998622,28.550844000005657],[-81.37269100001441,28.55044000036177],[-81.37268900036459,28.550305999977436],[-81.37268199979358,28.54987199976452],[-81.37267500012089,28.549417000217094],[-81.37173000028977,28.549425999729422],[-81.3706139998561,28.549428999829725],[-81.37061600040424,28.54959100038541],[-81.37062200025203,28.550079000085518],[-81.37062499972677,28.55024200019304],[-81.3706270002749,28.55039199999638],[-81.37063300012268,28.550841999702644],[-81.37063599959743,28.550992999985038],[-81.37104800022438,28.550987999629065],[-81.37140999972432,28.550985000362196],[-81.37228599995845,28.550980000005826],[-81.37269900041032,28.550979000250152]]]},"properties":{"block_id":"120950102011011","school_id":"sch_lake_eola_charter","kids_est":6,"class":"green","shortest":{"len_m":1397.2,"mean_c":37.75,"peak_c":37.8,"dose":92.1},"coolest":{"len_m":1398.4,"mean_c":37.73,"peak_c":37.8,"dose":92.0},"delta_mean_c":-0.02,"delta_dose_pct":0,"distance_mi":0.525,"status_now":"walk","status_rec":"walk","reason":"Shortest route already under threshold (dose 92).","safe_until_hour":null}},{"type":"Feature","geometry":{"type":"Polygon","coordinates":[[[-81.37927599959335,28.558047000169157],[-81.37927499976843,28.557994999781357],[-81.37927399994354,28.557984000045007],[-81.37926800009573,28.55779300006438],[-81.37926200024795,28.557601999737173],[-81.37926100042304,28.557550999611884],[-81.37902000039863,28.557754000273594],[-81.37881100016125,28.557913999687518],[-81.37862700003824,28.558042999836776],[-81.37842299982373,28.558171999827973],[-81.37819900041606,28.55830400029755],[-81.37691899995087,28.55897400011686],[-81.3769199997758,28.55901500039248],[-81.37692499979865,28.55928000030688],[-81.37692999982153,28.55954600001751],[-81.3771730003941,28.559400999798786],[-81.37850599966441,28.558632999880874],[-81.37868999978743,28.558517999977898],[-81.37906700025428,28.558227999664865],[-81.37927599959335,28.558047000169157]]]},"properties":{"block_id":"120950188001049","school_id":"sch_lake_eola_charter","kids_est":2,"class":"red","shortest":{"len_m":1902.1,"mean_c":37.75,"peak_c":37.9,"dose":125.5},"coolest":{"len_m":1902.1,"mean_c":37.75,"peak_c":37.9,"dose":125.5},"delta_mean_c":0.0,"delta_dose_pct":0,"distance_mi":0.985,"status_now":"walk","status_rec":"bus_eligible","reason":"Coolest route mean 37.8C exceeds threshold (110 C-min dose, actual 126).","safe_until_hour":"14:00"}},{"type":"Feature","geometry":{"type":"Polygon","coordinates":[[[-81.37690300005734,28.556768999856597],[-81.37689399983651,28.555997000052738],[-81.37688100031603,28.5549880002343],[-81.37687600029317,28.55494999991136],[-81.37544699986506,28.5549619996826],[-81.37545899956062,28.555706000185523],[-81.37545899956062,28.556172999807067],[-81.37546500030673,28.556407000271207],[-81.37546600013164,28.55676300007411],[-81.37632499974903,28.556762000373347],[-81.37690300005734,28.556768999856597]]]},"properties":{"block_id":"120950188004009","school_id":"sch_lake_eola_charter","kids_est":0,"class":"green","shortest":{"len_m":1482.3,"mean_c":37.74,"peak_c":37.9,"dose":97.8},"coolest":{"len_m":1482.3,"mean_c":37.74,"peak_c":37.9,"dose":97.8},"delta_mean_c":0.0,"delta_dose_pct":0,"distance_mi":0.797,"status_now":"walk","status_rec":"walk","reason":"Shortest route already under threshold (dose 98).","safe_until_hour":null}},{"type":"Feature","geometry":{"type":"Polygon","coordinates":[[[-81.37546600013164,28.55676300007411],[-81.37546500030673,28.556407000271207],[-81.37545899956062,28.556172999807067],[-81.37545899956062,28.555706000185523],[-81.37544699986506,28.5549619996826],[-81.37517599970342,28.554963999907347],[-81.37489200002128,28.554966000132055],[-81.3740409999015,28.554972000016953],[-81.37394899983998,28.5549729997347],[-81.37375800004428,28.554971000299194],[-81.37375600039445,28.55509400023182],[-81.37375499967122,28.5553289996524],[-81.37374999964834,28.556404000369664],[-81.37374899982345,28.55676300007411],[-81.37409199995513,28.55676300007411],[-81.37512200017505,28.55676300007411],[-81.37546600013164,28.55676300007411]]]},"properties":{"block_id":"120950188004010","school_id":"sch_lake_eola_charter","kids_est":0,"class":"green","shortest":{"len_m":1618.3,"mean_c":37.74,"peak_c":37.9,"dose":106.7},"coolest":{"len_m":1618.3,"mean_c":37.74,"peak_c":37.9,"dose":106.7},"delta_mean_c":0.0,"delta_dose_pct":0,"distance_mi":0.81,"status_now":"walk","status_rec":"walk","reason":"Shortest route already under threshold (dose 107).","safe_until_hour":null}},{"type":"Feature","geometry":{"type":"Polygon","coordinates":[[[-81.38609299987418,28.534747000131254],[-81.38609100022435,28.53428900022164],[-81.38608700002638,28.53400800031012],[-81.38607600015575,28.53323800003244],[-81.38607299978268,28.533167999799943],[-81.38606199991203,28.532887999983373],[-81.38582900028352,28.53288999983812],[-81.38537999984665,28.5328960001914],[-81.38513100032462,28.53289999990056],[-81.38489899962272,28.532902999682374],[-81.38481900015509,28.532903999609605],[-81.38481900015509,28.532916000314184],[-81.38481900015509,28.53374699961434],[-81.38481999997998,28.533877000084036],[-81.38482599982778,28.534024999682902],[-81.38483300039879,28.534198000107608],[-81.38482199962982,28.534561000180542],[-81.38482800037592,28.534704000057257],[-81.38483000002576,28.534749999860498],[-81.38526699986875,28.53475300037879],[-81.38609299987418,28.534747000131254]]]},"properties":{"block_id":"120950104001030","school_id":"sch_lake_eola_charter","kids_est":7,"class":"red","shortest":{"len_m":2767.9,"mean_c":36.86,"peak_c":37.6,"dose":148.4},"coolest":{"len_m":2895.2,"mean_c":36.37,"peak_c":37.5,"dose":135.1},"delta_mean_c":-0.49,"delta_dose_pct":-9,"distance_mi":0.879,"status_now":"walk","status_rec":"bus_eligible","reason":"Coolest route mean 36.4C exceeds threshold (110 C-min dose, actual 135).","safe_until_hour":"14:00"}},{"type":"Feature","geometry":{"type":"Polygon","coordinates":[[[-81.37916500016358,28.550945999627714],[-81.37916199979053,28.550634000333453],[-81.37915400029293,28.549700000385243],[-81.37915199974479,28.549389000326357],[-81.37868200028981,28.549396000299758],[-81.37839000021177,28.549400999942243],[-81.37727399977811,28.54939799984113],[-81.37680500014805,28.54939799984113],[-81.37681000017093,28.549707000337907],[-81.37682500023953,28.55063599985133],[-81.37683000026242,28.550945999627714],[-81.37729700024265,28.550945999627714],[-81.37869800018335,28.550945999627714],[-81.37916500016358,28.550945999627714]]]},"properties":{"block_id":"120950189021007","school_id":"sch_lake_eola_charter","kids_est":0,"class":"green","shortest":{"len_m":924.4,"mean_c":37.78,"peak_c":37.9,"dose":61.2},"coolest":{"len_m":924.4,"mean_c":37.78,"peak_c":37.9,"dose":61.2},"delta_mean_c":0.0,"delta_dose_pct":0,"distance_mi":0.407,"status_now":"walk","status_rec":"walk","reason":"Shortest route already under threshold (dose 61).","safe_until_hour":null}},{"type":"Feature","geometry":{"type":"Polygon","coordinates":[[[-81.38091099988577,28.544964000031108],[-81.38091500008375,28.544704000250558],[-81.38088099974854,28.544688000048858],[-81.38084999978639,28.54467400026494],[-81.38080200010583,28.54465800005865],[-81.38072699976276,28.544623000190825],[-81.38064499974699,28.54460299992297],[-81.38054099998993,28.544595999631003],[-81.37907700030003,28.544615999900234],[-81.37909800021644,28.545660999806188],[-81.3793219996241,28.54566400001375],[-81.3799970000168,28.54567100023466],[-81.3802220001477,28.545675000248036],[-81.38080899977852,28.545673999652873],[-81.38084899996149,28.545672999846843],[-81.3809059998629,28.545672999846843],[-81.38091099988577,28.544964000031108]]]},"properties":{"block_id":"120950189021022","school_id":"sch_lake_eola_charter","kids_est":0,"class":"green","shortest":{"len_m":419.9,"mean_c":37.59,"peak_c":37.7,"dose":26.6},"coolest":{"len_m":419.9,"mean_c":37.59,"peak_c":37.7,"dose":26.6},"delta_mean_c":0.0,"delta_dose_pct":0,"distance_mi":0.184,"status_now":"walk","status_rec":"walk","reason":"Shortest route already under threshold (dose 27).","safe_until_hour":null}},{"type":"Feature","geometry":{"type":"Polygon","coordinates":[[[-81.37829999980009,28.543556999952838],[-81.37829899997517,28.543370999772655],[-81.37829599960213,28.542815999917707],[-81.37829599960213,28.5426309998423],[-81.37829499977721,28.54248699984028],[-81.37829200030248,28.54213699973811],[-81.37803200001149,28.542141999725178],[-81.37745999955094,28.542151999698678],[-81.37747499961955,28.54288799971842],[-81.3774760003428,28.54302700001658],[-81.37747999964245,28.54344399981041],[-81.37748200019057,28.543583000163977],[-81.3776450003972,28.543576999630165],[-81.37813599976856,28.543561999872505],[-81.37829999980009,28.543556999952838]]]},"properties":{"block_id":"120950189022007","school_id":"sch_lake_eola_charter","kids_est":1,"class":"green","shortest":{"len_m":271.3,"mean_c":37.37,"peak_c":37.5,"dose":16.4},"coolest":{"len_m":271.7,"mean_c":37.35,"peak_c":37.5,"dose":16.3},"delta_mean_c":-0.02,"delta_dose_pct":-1,"distance_mi":0.109,"status_now":"walk","status_rec":"walk","reason":"Shortest route already under threshold (dose 16).","safe_until_hour":null}},{"type":"Feature","geometry":{"type":"Polygon","coordinates":[[[-81.37924200015648,28.556750000018297],[-81.37923600030868,28.55637399977192],[-81.37921000036943,28.55532400029133],[-81.3792089996462,28.555255000247314],[-81.37920699999638,28.554974999959246],[-81.37687600029317,28.55494999991136],[-81.37688100031603,28.5549880002343],[-81.37689399983651,28.555997000052738],[-81.37690300005734,28.556768999856597],[-81.37831099967075,28.556757999992133],[-81.37919100010284,28.55675399961077],[-81.37924200015648,28.556750000018297]]]},"properties":{"block_id":"120950188004006","school_id":"sch_lake_eola_charter","kids_est":5,"class":"green","shortest":{"len_m":1521.1,"mean_c":37.75,"peak_c":37.9,"dose":100.4},"coolest":{"len_m":1521.1,"mean_c":37.75,"peak_c":37.9,"dose":100.4},"delta_mean_c":0.0,"delta_dose_pct":0,"distance_mi":0.797,"status_now":"walk","status_rec":"walk","reason":"Shortest route already under threshold (dose 100).","safe_until_hour":null}},{"type":"Feature","geometry":{"type":"Polygon","coordinates":[[[-81.37731700033413,28.536208000201988],[-81.37724600018902,28.535994000168003],[-81.3768500003539,28.536105999723702],[-81.3759210004163,28.536414999754985],[-81.37585699994389,28.536582999951026],[-81.37583400037767,28.536687999641565],[-81.37678099985861,28.536384999776317],[-81.37687700011809,28.536344000159996],[-81.37706600026397,28.536285999944074],[-81.37731700033413,28.536208000201988]]]},"properties":{"block_id":"120950189023014","school_id":"sch_lake_eola_charter","kids_est":0,"class":"green","shortest":{"len_m":1083.2,"mean_c":36.54,"peak_c":37.5,"dose":52.8},"coolest":{"len_m":1083.2,"mean_c":36.54,"peak_c":37.5,"dose":52.8},"delta_mean_c":0.0,"delta_dose_pct":0,"distance_mi":0.548,"status_now":"walk","status_rec":"walk","reason":"Shortest route already under threshold (dose 53).","safe_until_hour":null}},{"type":"Feature","geometry":{"type":"Polygon","coordinates":[[[-81.37647600026008,28.5286710000448],[-81.37647100023722,28.528519000154844],[-81.37645799981841,28.52806299995908],[-81.37645399962047,28.527911999956178],[-81.37644899959759,28.527487999612212],[-81.37646500038943,28.52685700016232],[-81.3764700004123,28.526407999802032],[-81.37639199969618,28.526396999923918],[-81.37631700025142,28.526374000175025],[-81.37624799975615,28.526338999758195],[-81.37572600042265,28.525978999757715],[-81.37523199977991,28.5256360000429],[-81.37489000037145,28.525410999870008],[-81.3745260003234,28.525186000006123],[-81.37437800018539,28.52519300000913],[-81.37414300000873,28.52519000000792],[-81.37361199955609,28.52519700001067],[-81.37282599973362,28.52572299967583],[-81.37253000035594,28.525927000111988],[-81.37232699996635,28.526055999975174],[-81.37235000043088,28.52757600006216],[-81.37235200008071,28.5277400002382],[-81.37235899975339,28.528234999939237],[-81.37236200012644,28.528399999849192],[-81.37236499960119,28.52860799971202],[-81.37236700014931,28.528681999685606],[-81.37237299999711,28.528735000306725],[-81.37240099958619,28.52883999992466],[-81.37242099967767,28.528889999781157],[-81.37244699961695,28.528938999649053],[-81.37251100008936,28.529030000358002],[-81.37259099955699,28.529109999814967],[-81.37263599976282,28.52914600006375],[-81.37280499981723,28.52926199964182],[-81.37291899962005,28.52933899982876],[-81.37326099992681,28.529572999928522],[-81.37337599955455,28.529651999804425],[-81.3734350000041,28.52969299965673],[-81.37361499992915,28.52981599990726],[-81.37367500020359,28.529856999695774],[-81.37384300043308,28.529785999628384],[-81.37393899979423,28.52975700008731],[-81.37467899958595,28.529543000369728],[-81.37475399992901,28.529521999647503],[-81.3750269997405,28.5294470003036],[-81.37511499960404,28.529421999721205],[-81.37537900009299,28.529348000267163],[-81.37546799978146,28.5293239996225],[-81.37554499977435,28.52930199968443],[-81.37540300038245,28.52882499964737],[-81.3756119997215,28.52876400012893],[-81.37579400019469,28.52871200027872],[-81.37590299997463,28.528686000343935],[-81.37601400030272,28.52867399994693],[-81.37625699997697,28.528672000012186],[-81.37647600026008,28.5286710000448]]]},"properties":{"block_id":"120950113004005","school_id":"sch_lake_eola_charter","kids_est":10,"class":"green","shortest":{"len_m":2178.3,"mean_c":36.35,"peak_c":37.5,"dose":101.6},"coolest":{"len_m":2179.2,"mean_c":36.35,"peak_c":37.5,"dose":101.5},"delta_mean_c":0.0,"delta_dose_pct":0,"distance_mi":1.096,"status_now":"walk","status_rec":"walk","reason":"Shortest route already under threshold (dose 102).","safe_until_hour":null}},{"type":"Feature","geometry":{"type":"Polygon","coordinates":[[[-81.37477700039355,28.536748000206934],[-81.37477499984541,28.5367019996976],[-81.3747730001956,28.53665799974068],[-81.37471200009622,28.536647000143105],[-81.37462000003472,28.53664399967873],[-81.3745899998975,28.53664600025139],[-81.37403800042675,28.536647000143105],[-81.37385500012864,28.536648000034816],[-81.3737739999378,28.536647000143105],[-81.37353100026355,28.53664600025139],[-81.37345000007271,28.53664600025139],[-81.37325699972884,28.536645000359666],[-81.37279300012167,28.53664299978699],[-81.37268000014377,28.53664399967873],[-81.37248799962482,28.53664600025139],[-81.37221300016353,28.536648000034816],[-81.37138899980792,28.53665400017411],[-81.37111500017153,28.536656999849004],[-81.37083899998701,28.53665799974068],[-81.37001399980649,28.536663999879337],[-81.36973900034519,28.536667000343137],[-81.36946399998558,28.53666900012622],[-81.36863999962996,28.53667400037281],[-81.36836599999359,28.536677000047195],[-81.36836799964341,28.53677700019172],[-81.36837199984137,28.536990000325343],[-81.37052299961952,28.53701400001326],[-81.37171199984812,28.536998000221907],[-81.37241400000498,28.537007999894538],[-81.37255899976994,28.537006000117895],[-81.3735499996318,28.536999000110324],[-81.37440599977448,28.536849000173927],[-81.37477700039355,28.536748000206934]]]},"properties":{"block_id":"120950103002000","school_id":"sch_lake_eola_charter","kids_est":0,"class":"green","shortest":{"len_m":1366.2,"mean_c":36.68,"peak_c":37.5,"dose":70.2},"coolest":{"len_m":1367.1,"mean_c":36.68,"peak_c":37.5,"dose":70.1},"delta_mean_c":0.0,"delta_dose_pct":0,"distance_mi":0.618,"status_now":"walk","status_rec":"walk","reason":"Shortest route already under threshold (dose 70).","safe_until_hour":null}},{"type":"Feature","geometry":{"type":"Polygon","coordinates":[[[-81.3747740000205,28.531173000066193],[-81.37477499984541,28.531103999984765],[-81.37476800017272,28.53100399998109],[-81.37474999973105,28.53090499982873],[-81.3747239997918,28.530814999896513],[-81.37468199995898,28.53070700003425],[-81.3746259998825,28.53060299985764],[-81.37455700028553,28.53050600001782],[-81.37451700010256,28.530460999890966],[-81.374429000239,28.53037700007624],[-81.3743799998352,28.530339000344835],[-81.37397399995434,28.530061000023352],[-81.37367500020359,28.529856999695774],[-81.37361499992915,28.52981599990726],[-81.3734350000041,28.52969299965673],[-81.37337599955455,28.529651999804425],[-81.37326099992681,28.529572999928522],[-81.37291899962005,28.52933899982876],[-81.37280499981723,28.52926199964182],[-81.37280099961927,28.529361999719924],[-81.37279499977149,28.52953799978475],[-81.3727959995964,28.52966200017411],[-81.37279800014453,28.529762999829735],[-81.37280999984011,28.530778000270413],[-81.37281099966502,28.53093199995129],[-81.37281599968789,28.531135999776502],[-81.37283499995446,28.53177899969817],[-81.37376300006714,28.53176199996308],[-81.37394899983998,28.531758000210665],[-81.37450700005681,28.531749999916254],[-81.37469399965457,28.53174800003987],[-81.37469899967743,28.53164899979718],[-81.37470100022557,28.531632000041128],[-81.3747599997768,28.531287999838373],[-81.3747670003478,28.531254000207056],[-81.3747740000205,28.531173000066193]]]},"properties":{"block_id":"120950113004002","school_id":"sch_lake_eola_charter","kids_est":2,"class":"green","shortest":{"len_m":1771.5,"mean_c":36.41,"peak_c":37.5,"dose":84.3},"coolest":{"len_m":1772.4,"mean_c":36.41,"peak_c":37.5,"dose":84.2},"delta_mean_c":0.0,"delta_dose_pct":0,"distance_mi":0.95,"status_now":"walk","status_rec":"walk","reason":"Shortest route already under threshold (dose 84).","safe_until_hour":null}},{"type":"Feature","geometry":{"type":"Polygon","coordinates":[[[-81.37549000042107,28.531165999671092],[-81.37548500039821,28.5307970000587],[-81.37547199997942,28.529691999699025],[-81.37546799978146,28.5293239996225],[-81.37537900009299,28.529348000267163],[-81.37511499960404,28.529421999721205],[-81.3750269997405,28.5294470003036],[-81.37475399992901,28.529521999647503],[-81.37467899958595,28.529543000369728],[-81.37393899979423,28.52975700008731],[-81.37384300043308,28.529785999628384],[-81.37367500020359,28.529856999695774],[-81.37397399995434,28.530061000023352],[-81.3743799998352,28.530339000344835],[-81.374429000239,28.53037700007624],[-81.37451700010256,28.530460999890966],[-81.37455700028553,28.53050600001782],[-81.3746259998825,28.53060299985764],[-81.37468199995898,28.53070700003425],[-81.3747239997918,28.530814999896513],[-81.37474999973105,28.53090499982873],[-81.37476800017272,28.53100399998109],[-81.37477499984541,28.531103999984765],[-81.3747740000205,28.531173000066193],[-81.37491700013564,28.53117100017888],[-81.37534599958272,28.53116699961481],[-81.37549000042107,28.531165999671092]]]},"properties":{"block_id":"120950113004003","school_id":"sch_lake_eola_charter","kids_est":0,"class":"green","shortest":{"len_m":1819.1,"mean_c":36.26,"peak_c":37.5,"dose":82.2},"coolest":{"len_m":1819.1,"mean_c":36.26,"peak_c":37.5,"dose":82.2},"delta_mean_c":0.0,"delta_dose_pct":0,"distance_mi":0.977,"status_now":"walk","status_rec":"walk","reason":"Shortest route already under threshold (dose 82).","safe_until_hour":null}},{"type":"Feature","geometry":{"type":"Polygon","coordinates":[[[-81.38273500032409,28.534291000049794],[-81.38273600014901,28.534272000102238],[-81.38272799975307,28.534149000317253],[-81.3827210000804,28.534049999962562],[-81.38257799996526,28.534050999878918],[-81.38243400002521,28.53405199979526],[-81.3821519999929,28.534056000249752],[-81.38200999970269,28.534058000082386],[-81.38194199993062,28.534058000082386],[-81.38173799971611,28.534059999914916],[-81.38167099976896,28.534060999831173],[-81.38166800029423,28.534319999921607],[-81.38166699957101,28.534456999861376],[-81.38166099972322,28.534501999860318],[-81.38163599960887,28.534589999978106],[-81.38159799997403,28.53467400038069],[-81.3815460000955,28.5347519996799],[-81.38148199962308,28.5348230003476],[-81.38135199992674,28.53500999974308],[-81.38133000018543,28.53504800015785],[-81.38129699967514,28.535116000118183],[-81.3816039998218,28.535102999757775],[-81.38262099962294,28.53509900013219],[-81.38264200043766,28.535041000020154],[-81.38264999993528,28.535007999928514],[-81.38267900024759,28.534898999719882],[-81.3827160000575,28.534697999806973],[-81.38273500032409,28.534498000211908],[-81.38273500032409,28.534291000049794]]]},"properties":{"block_id":"120950103003006","school_id":"sch_lake_eola_charter","kids_est":0,"class":"green","shortest":{"len_m":1622.2,"mean_c":36.33,"peak_c":37.5,"dose":74.5},"coolest":{"len_m":1622.2,"mean_c":36.33,"peak_c":37.5,"dose":74.5},"delta_mean_c":0.0,"delta_dose_pct":0,"distance_mi":0.732,"status_now":"walk","status_rec":"walk","reason":"Shortest route already under threshold (dose 74).","safe_until_hour":null}},{"type":"Feature","geometry":{"type":"Polygon","coordinates":[[[-81.38289000013478,28.54127799985187],[-81.3828909999597,28.541110999889376],[-81.38286099982247,28.540578999774976],[-81.38284800030199,28.540393999716738],[-81.38285699962452,28.540215000059302],[-81.38285099977672,28.540197000248856],[-81.38278700020261,28.540204999901952],[-81.38270299963871,28.54021199969649],[-81.38264400008748,28.540217999632826],[-81.38259300003386,28.540219000279805],[-81.38241700030677,28.540222999711037],[-81.38241300010881,28.540247000240836],[-81.38241099956066,28.54042800034474],[-81.38241099956066,28.540581000272905],[-81.38241099956066,28.54060999999182],[-81.38241399993372,28.541219999984666],[-81.3824120002839,28.541278999699628],[-81.38266500000388,28.54127799985187],[-81.38289000013478,28.54127799985187]]]},"properties":{"block_id":"120950189014019","school_id":"sch_lake_eola_charter","kids_est":0,"class":"green","shortest":{"len_m":992.3,"mean_c":36.82,"peak_c":37.5,"dose":52.4},"coolest":{"len_m":996.7,"mean_c":36.73,"peak_c":37.5,"dose":51.9},"delta_mean_c":-0.09,"delta_dose_pct":-1,"distance_mi":0.414,"status_now":"walk","status_rec":"walk","reason":"Shortest route already under threshold (dose 52).","safe_until_hour":null}},{"type":"Feature","geometry":{"type":"Polygon","coordinates":[[[-81.38362200042889,28.54568999970478],[-81.383609999835,28.544606999976835],[-81.3835939999415,28.54385599962618],[-81.38290000018051,28.54385800006189],[-81.38287300041635,28.544524000208625],[-81.38286599984535,28.54521500008753],[-81.38287400024127,28.54554500013184],[-81.38287699971599,28.54569900032478],[-81.38296100027989,28.545693999717365],[-81.38362200042889,28.54568999970478]]]},"properties":{"block_id":"120950189012023","school_id":"sch_lake_eola_charter","kids_est":0,"class":"green","shortest":{"len_m":809.6,"mean_c":37.35,"peak_c":37.5,"dose":48.7},"coolest":{"len_m":809.6,"mean_c":37.35,"peak_c":37.5,"dose":48.7},"delta_mean_c":0.0,"delta_dose_pct":0,"distance_mi":0.373,"status_now":"walk","status_rec":"walk","reason":"Shortest route already under threshold (dose 49).","safe_until_hour":null}},{"type":"Feature","geometry":{"type":"Polygon","coordinates":[[[-81.38015000017766,28.53838999981268],[-81.38015000017766,28.53815700022841],[-81.3801250000633,28.537356999789917],[-81.38011400019265,28.536676000155698],[-81.3799750002755,28.53670999961607],[-81.37985300007676,28.53674299996386],[-81.37900000030713,28.53692700023062],[-81.37888200030638,28.536962000287907],[-81.37875599990966,28.536991000213813],[-81.37864899977956,28.537009999671096],[-81.37869200033555,28.53751899997265],[-81.37868399993964,28.53764899973456],[-81.37869200033555,28.537778000244213],[-81.37871400007687,28.537906999806747],[-81.37875099988679,28.538033000364887],[-81.37880299976533,28.53815499968445],[-81.37892800033713,28.53839200035217],[-81.37903000044437,28.53839300022732],[-81.37982999961221,28.538396999727812],[-81.38015000017766,28.53838999981268]]]},"properties":{"block_id":"120950189021048","school_id":"sch_lake_eola_charter","kids_est":4,"class":"green","shortest":{"len_m":1132.9,"mean_c":36.52,"peak_c":37.5,"dose":55.7},"coolest":{"len_m":1138.7,"mean_c":36.49,"peak_c":37.5,"dose":55.2},"delta_mean_c":-0.03,"delta_dose_pct":-1,"distance_mi":0.481,"status_now":"walk","status_rec":"walk","reason":"Shortest route already under threshold (dose 56).","safe_until_hour":null}},{"type":"Feature","geometry":{"type":"Polygon","coordinates":[[[-81.37926100042304,28.557550999611884],[-81.37925700022508,28.557361999813878],[-81.37907599957681,28.557493999721032],[-81.37870700040418,28.557782999997983],[-81.3782239996321,28.55812300014353],[-81.37808100041528,28.558211999939935],[-81.37786899980486,28.558327000177123],[-81.37779500018503,28.558360999749805],[-81.37767700018425,28.55839599978578],[-81.37759599999339,28.558410000112477],[-81.3775130001527,28.558415000115986],[-81.37691499975291,28.558412999956808],[-81.37691899995087,28.55897400011686],[-81.37819900041606,28.55830400029755],[-81.37842299982373,28.558171999827973],[-81.37862700003824,28.558042999836776],[-81.37881100016125,28.557913999687518],[-81.37902000039863,28.557754000273594],[-81.37926100042304,28.557550999611884]]]},"properties":{"block_id":"120950188004003","school_id":"sch_lake_eola_charter","kids_est":0,"class":"red","shortest":{"len_m":1896.0,"mean_c":37.76,"peak_c":37.9,"dose":125.3},"coolest":{"len_m":1896.0,"mean_c":37.76,"peak_c":37.9,"dose":125.3},"delta_mean_c":0.0,"delta_dose_pct":0,"distance_mi":0.981,"status_now":"walk","status_rec":"bus_eligible","reason":"Coolest route mean 37.8C exceeds threshold (110 C-min dose, actual 125).","safe_until_hour":"14:00"}},{"type":"Feature","geometry":{"type":"Polygon","coordinates":[[[-81.38000200003967,28.556728000284245],[-81.37992400022185,28.55671599992533],[-81.37924200015648,28.556750000018297],[-81.37925700022508,28.557361999813878],[-81.37926100042304,28.557550999611884],[-81.37930999992852,28.557508000167754],[-81.3794909996785,28.55733000009836],[-81.37966399993086,28.557146999664486],[-81.37976400038829,28.55703199971628],[-81.37988300021397,28.556884999791713],[-81.38000200003967,28.556728000284245]]]},"properties":{"block_id":"120950188004004","school_id":"sch_lake_eola_charter","kids_est":0,"class":"red","shortest":{"len_m":1714.2,"mean_c":37.75,"peak_c":37.9,"dose":113.0},"coolest":{"len_m":1714.2,"mean_c":37.75,"peak_c":37.9,"dose":113.0},"delta_mean_c":0.0,"delta_dose_pct":0,"distance_mi":0.886,"status_now":"walk","status_rec":"bus_eligible","reason":"Coolest route mean 37.8C exceeds threshold (110 C-min dose, actual 113).","safe_until_hour":"14:00"}},{"type":"Feature","geometry":{"type":"Polygon","coordinates":[[[-81.38481699960695,28.532770999732524],[-81.38481499995713,28.532638999617387],[-81.38481199958407,28.53246499985865],[-81.38466799964404,28.532681999744806],[-81.38410699995246,28.53352100026158],[-81.38386799957786,28.533838000117836],[-81.3836879996528,28.534077000068528],[-81.38358399989573,28.534274999844943],[-81.3835660003524,28.53430999999393],[-81.38328799961972,28.534861000040586],[-81.38319800010636,28.535041999927095],[-81.38317100034217,28.535098000225794],[-81.38345300037449,28.535097000319375],[-81.38346900026801,28.535068999778886],[-81.38374000042965,28.53458099998737],[-81.38378800011024,28.534488000301128],[-81.38381499987442,28.53443400029291],[-81.38395799998956,28.534161000090833],[-81.38400499984522,28.534070999782486],[-81.38438099958886,28.533464999914028],[-81.384743999812,28.532898999973277],[-81.38481699960695,28.532770999732524]]]},"properties":{"block_id":"120950103003008","school_id":"sch_lake_eola_charter","kids_est":0,"class":"red","shortest":{"len_m":2569.6,"mean_c":36.31,"peak_c":37.5,"dose":117.9},"coolest":{"len_m":2569.6,"mean_c":36.31,"peak_c":37.5,"dose":117.9},"delta_mean_c":0.0,"delta_dose_pct":0,"distance_mi":0.823,"status_now":"walk","status_rec":"bus_eligible","reason":"Coolest route mean 36.3C exceeds threshold (110 C-min dose, actual 118).","safe_until_hour":"14:00"}},{"type":"Feature","geometry":{"type":"Polygon","coordinates":[[[-81.38332199995492,28.535340000187883],[-81.38334700006928,28.535292999948496],[-81.38307500008271,28.53529200004393],[-81.38300999978539,28.53542599979919],[-81.38298300002121,28.535480000088235],[-81.38293100014268,28.535587999794107],[-81.38285499997468,28.53574699983926],[-81.38269599996603,28.536080000034797],[-81.38268099989742,28.536116000270148],[-81.38301200033352,28.53611299979065],[-81.38305499999124,28.535955000196143],[-81.38316100029644,28.53569700007922],[-81.38324400013711,28.53549600011012],[-81.38329900038869,28.535385999713398],[-81.38332199995492,28.535340000187883]]]},"properties":{"block_id":"120950189021060","school_id":"sch_lake_eola_charter","kids_est":0,"class":"green","shortest":{"len_m":1670.8,"mean_c":36.4,"peak_c":37.5,"dose":78.5},"coolest":{"len_m":1670.8,"mean_c":36.4,"peak_c":37.5,"dose":78.5},"delta_mean_c":0.0,"delta_dose_pct":0,"distance_mi":0.689,"status_now":"walk","status_rec":"walk","reason":"Shortest route already under threshold (dose 78).","safe_until_hour":null}},{"type":"Feature","geometry":{"type":"Polygon","coordinates":[[[-81.38299200024204,28.536176000372098],[-81.38301200033352,28.53611299979065],[-81.38268099989742,28.536116000270148],[-81.38266300035406,28.53615699997522],[-81.38237200010093,28.536841000266016],[-81.38204200038804,28.5377710002879],[-81.38193100005996,28.538375999980875],[-81.38201999974842,28.538375999980875],[-81.38210900033519,28.538376999856162],[-81.38229099991008,28.538377999731516],[-81.38253699995737,28.53838000027125],[-81.38253799978229,28.538361000271838],[-81.38254000033041,28.538316000342622],[-81.38254199998025,28.53829399991428],[-81.38254299980517,28.538275999775614],[-81.38254899965294,28.53819500029739],[-81.38255000037616,28.538173999721],[-81.38254700000311,28.538156000351023],[-81.38255600022394,28.53805400018018],[-81.38257700014034,28.537881999653067],[-81.3826030000796,28.537666999980285],[-81.38267000002675,28.537283000383525],[-81.38272500027834,28.537034000143642],[-81.38274600019474,28.53695299971059],[-81.3828630003706,28.536575000022925],[-81.38294200001332,28.536329000161615],[-81.38299200024204,28.536176000372098]]]},"properties":{"block_id":"120950189021059","school_id":"sch_lake_eola_charter","kids_est":0,"class":"green","shortest":{"len_m":1244.9,"mean_c":36.49,"peak_c":37.5,"dose":60.4},"coolest":{"len_m":1245.3,"mean_c":36.48,"peak_c":37.5,"dose":60.3},"delta_mean_c":-0.01,"delta_dose_pct":0,"distance_mi":0.575,"status_now":"walk","status_rec":"walk","reason":"Shortest route already under threshold (dose 60).","safe_until_hour":null}},{"type":"Feature","geometry":{"type":"Polygon","coordinates":[[[-81.38290000018051,28.54385800006189],[-81.38287300041635,28.542678999799268],[-81.38288599993682,28.542011000142622],[-81.38278200017976,28.542011000142622],[-81.38270400036195,28.542011000142622],[-81.3826089999274,28.54201199998342],[-81.38247000001022,28.54201399966499],[-81.38241499975864,28.54201500029491],[-81.38240200023816,28.542743000233873],[-81.38244900009381,28.54360299983642],[-81.38246400016243,28.54385800006189],[-81.38262599964582,28.54385800006189],[-81.3826869997452,28.54385800006189],[-81.38290000018051,28.54385800006189]]]},"properties":{"block_id":"120950189014000","school_id":"sch_lake_eola_charter","kids_est":0,"class":"green","shortest":{"len_m":802.4,"mean_c":37.31,"peak_c":37.5,"dose":47.9},"coolest":{"len_m":802.4,"mean_c":37.31,"peak_c":37.5,"dose":47.9},"delta_mean_c":0.0,"delta_dose_pct":0,"distance_mi":0.349,"status_now":"walk","status_rec":"walk","reason":"Shortest route already under threshold (dose 48).","safe_until_hour":null}},{"type":"Feature","geometry":{"type":"Polygon","coordinates":[[[-81.38287300041635,28.544524000208625],[-81.38290000018051,28.54385800006189],[-81.3826869997452,28.54385800006189],[-81.38262599964582,28.54385800006189],[-81.38246400016243,28.54385800006189],[-81.38248099988087,28.544143999636034],[-81.3824909999266,28.544662999926118],[-81.38251400039114,28.54572500000717],[-81.38262099962294,28.545722999606937],[-81.38285800034772,28.545700999936354],[-81.38287699971599,28.54569900032478],[-81.38287400024127,28.54554500013184],[-81.38286599984535,28.54521500008753],[-81.38287300041635,28.544524000208625]]]},"properties":{"block_id":"120950189012017","school_id":"sch_lake_eola_charter","kids_est":0,"class":"green","shortest":{"len_m":579.9,"mean_c":37.57,"peak_c":37.6,"dose":36.8},"coolest":{"len_m":579.9,"mean_c":37.57,"peak_c":37.6,"dose":36.8},"delta_mean_c":0.0,"delta_dose_pct":0,"distance_mi":0.339,"status_now":"walk","status_rec":"walk","reason":"Shortest route already under threshold (dose 37).","safe_until_hour":null}},{"type":"Feature","geometry":{"type":"Polygon","coordinates":[[[-81.38295100023416,28.547483000186304],[-81.38294399966314,28.547307000110422],[-81.38292899959454,28.546886999655495],[-81.38292299974674,28.546781000076383],[-81.38291400042424,28.54660600020276],[-81.38288500011193,28.546098000207557],[-81.38285800034772,28.545700999936354],[-81.38262099962294,28.545722999606937],[-81.38251400039114,28.54572500000717],[-81.38252100006385,28.546098000207557],[-81.3825329997594,28.546615999752458],[-81.38253399958433,28.546681999755215],[-81.38256299989663,28.54748700013079],[-81.38274700001965,28.547484999764],[-81.38295100023416,28.547483000186304]]]},"properties":{"block_id":"120950189012015","school_id":"sch_lake_eola_charter","kids_est":0,"class":"green","shortest":{"len_m":867.5,"mean_c":37.61,"peak_c":37.8,"dose":55.8},"coolest":{"len_m":867.5,"mean_c":37.61,"peak_c":37.8,"dose":55.8},"delta_mean_c":0.0,"delta_dose_pct":0,"distance_mi":0.376,"status_now":"walk","status_rec":"walk","reason":"Shortest route already under threshold (dose 56).","safe_until_hour":null}},{"type":"Feature","geometry":{"type":"Polygon","coordinates":[[[-81.38304300029566,28.549383000123388],[-81.38304900014344,28.549338000168195],[-81.38302900005196,28.549208999611395],[-81.38299999973964,28.548688000073263],[-81.38299100041712,28.54851499977016],[-81.38298300002121,28.548380000312367],[-81.38297999964816,28.5483080003203],[-81.38295799990685,28.5476889998926],[-81.38295100023416,28.547483000186304],[-81.38274700001965,28.547484999764],[-81.38256299989663,28.54748700013079],[-81.38263300021684,28.549384999665016],[-81.38304300029566,28.549383000123388]]]},"properties":{"block_id":"120950189012016","school_id":"sch_lake_eola_charter","kids_est":0,"class":"green","shortest":{"len_m":1086.8,"mean_c":37.65,"peak_c":37.9,"dose":70.4},"coolest":{"len_m":1086.8,"mean_c":37.65,"peak_c":37.9,"dose":70.4},"delta_mean_c":0.0,"delta_dose_pct":0,"distance_mi":0.447,"status_now":"walk","status_rec":"walk","reason":"Shortest route already under threshold (dose 70).","safe_until_hour":null}},{"type":"Feature","geometry":{"type":"Polygon","coordinates":[[[-81.37312700003251,28.548485999860322],[-81.3731119999639,28.54821599990821],[-81.37308100000175,28.548209999638335],[-81.37308500019971,28.54791300005825],[-81.3726550000294,28.54791499962779],[-81.37265900022737,28.548303999617893],[-81.3726609998772,28.548488999987402],[-81.3729789998945,28.548486999639657],[-81.37312700003251,28.548485999860322]]]},"properties":{"block_id":"120950102011025","school_id":"sch_lake_eola_charter","kids_est":0,"class":"green","shortest":{"len_m":906.8,"mean_c":37.76,"peak_c":37.8,"dose":59.9},"coolest":{"len_m":906.8,"mean_c":37.76,"peak_c":37.8,"dose":59.9},"delta_mean_c":0.0,"delta_dose_pct":0,"distance_mi":0.373,"status_now":"walk","status_rec":"walk","reason":"Shortest route already under threshold (dose 60).","safe_until_hour":null}},{"type":"Feature","geometry":{"type":"Polygon","coordinates":[[[-81.38180499966326,28.544769000058594],[-81.38179399979262,28.54409799998865],[-81.38179799999058,28.54386100032081],[-81.38108699961286,28.543863999790496],[-81.38099700009948,28.543849999897063],[-81.38096399958923,28.543840000084767],[-81.38092400030456,28.544636999981496],[-81.38091500008375,28.544704000250558],[-81.38095899956633,28.544723999710143],[-81.38100399977219,28.544746000373923],[-81.38105800019886,28.544765999825497],[-81.38111500010027,28.544773999920743],[-81.3811729998266,28.54476999987322],[-81.38180499966326,28.544769000058594]]]},"properties":{"block_id":"120950189021031","school_id":"sch_lake_eola_charter","kids_est":0,"class":"green","shortest":{"len_m":556.0,"mean_c":37.57,"peak_c":37.6,"dose":35.3},"coolest":{"len_m":558.3,"mean_c":37.33,"peak_c":37.5,"dose":33.5},"delta_mean_c":-0.24,"delta_dose_pct":-5,"distance_mi":0.258,"status_now":"walk","status_rec":"walk","reason":"Shortest route already under threshold (dose 35).","safe_until_hour":null}},{"type":"Feature","geometry":{"type":"Polygon","coordinates":[[[-81.38287199969312,28.534049000046206],[-81.38284699957877,28.533799000137147],[-81.38283999990607,28.533728000357904],[-81.3827439996466,28.532765000161405],[-81.38271000020973,28.532444999650284],[-81.3826800000725,28.532444999650284],[-81.38263900006461,28.53244700030266],[-81.38258999966081,28.53244900016578],[-81.38256100024681,28.532450000097374],[-81.3824189999566,28.532452999891934],[-81.38199299998425,28.53246599979011],[-81.38185099969401,28.5324700003048],[-81.38188199965617,28.53278700016574],[-81.38197799991563,28.53374000017943],[-81.38200999970269,28.534058000082386],[-81.3821519999929,28.534056000249752],[-81.38243400002521,28.53405199979526],[-81.38257799996526,28.534050999878918],[-81.3827210000804,28.534049999962562],[-81.3827510002176,28.534049999962562],[-81.38284099973097,28.534049000046206],[-81.38287199969312,28.534049000046206]]]},"properties":{"block_id":"120950103003009","school_id":"sch_lake_eola_charter","kids_est":0,"class":"green","shortest":{"len_m":1854.0,"mean_c":36.3,"peak_c":37.5,"dose":84.4},"coolest":{"len_m":1854.0,"mean_c":36.3,"peak_c":37.5,"dose":84.4},"delta_mean_c":0.0,"delta_dose_pct":0,"distance_mi":0.822,"status_now":"walk","status_rec":"walk","reason":"Shortest route already under threshold (dose 84).","safe_until_hour":null}},{"type":"Feature","geometry":{"type":"Polygon","coordinates":[[[-81.37281599968789,28.531135999776502],[-81.37281099966502,28.53093199995129],[-81.37280999984011,28.530778000270413],[-81.37208099991905,28.530789999638614],[-81.37121399990573,28.530798999953127],[-81.37097000040659,28.530803999689073],[-81.3709860003001,28.53109700037432],[-81.37117100024803,28.53109099991866],[-81.37116600022514,28.531304999649937],[-81.37215799991193,28.531298000052836],[-81.37216600030787,28.531143000173603],[-81.37281599968789,28.531135999776502]]]},"properties":{"block_id":"120950113004008","school_id":"sch_lake_eola_charter","kids_est":1,"class":"green","shortest":{"len_m":1872.5,"mean_c":36.38,"peak_c":37.5,"dose":88.2},"coolest":{"len_m":1873.4,"mean_c":36.38,"peak_c":37.5,"dose":88.1},"delta_mean_c":0.0,"delta_dose_pct":0,"distance_mi":0.966,"status_now":"walk","status_rec":"walk","reason":"Shortest route already under threshold (dose 88).","safe_until_hour":null}},{"type":"Feature","geometry":{"type":"Polygon","coordinates":[[[-81.37280999984011,28.530778000270413],[-81.37279800014453,28.529762999829735],[-81.37236399977627,28.52976799961484],[-81.37106300029299,28.529782999757895],[-81.37079799997913,28.529787000374444],[-81.37062999974965,28.529795000028635],[-81.3706349997725,28.53009599999349],[-81.3706470003664,28.530811000108223],[-81.37097000040659,28.530803999689073],[-81.37121399990573,28.530798999953127],[-81.37208099991905,28.530789999638614],[-81.37280999984011,28.530778000270413]]]},"properties":{"block_id":"120950113004007","school_id":"sch_lake_eola_charter","kids_est":0,"class":"green","shortest":{"len_m":2224.8,"mean_c":36.34,"peak_c":37.5,"dose":103.5},"coolest":{"len_m":2225.7,"mean_c":36.34,"peak_c":37.5,"dose":103.4},"delta_mean_c":0.0,"delta_dose_pct":0,"distance_mi":1.017,"status_now":"walk","status_rec":"walk","reason":"Shortest route already under threshold (dose 104).","safe_until_hour":null}},{"type":"Feature","geometry":{"type":"Polygon","coordinates":[[[-81.38257700014034,28.54938600022491],[-81.38263300021684,28.549384999665016],[-81.38256299989663,28.54748700013079],[-81.382483000429,28.547487999919653],[-81.38236799990297,28.54748899970847],[-81.38243499985012,28.54938600022491],[-81.38257700014034,28.54938600022491]]]},"properties":{"block_id":"120950189021012","school_id":"sch_lake_eola_charter","kids_est":0,"class":"green","shortest":{"len_m":1111.3,"mean_c":37.66,"peak_c":37.9,"dose":72.0},"coolest":{"len_m":1111.3,"mean_c":37.66,"peak_c":37.9,"dose":72.0},"delta_mean_c":0.0,"delta_dose_pct":0,"distance_mi":0.433,"status_now":"walk","status_rec":"walk","reason":"Shortest route already under threshold (dose 72).","safe_until_hour":null}},{"type":"Feature","geometry":{"type":"Polygon","coordinates":[[[-81.38251400039114,28.54572500000717],[-81.3824909999266,28.544662999926118],[-81.38248099988087,28.544143999636034],[-81.38246400016243,28.54385800006189],[-81.38235399965927,28.543858999885167],[-81.382215999567,28.543858999885167],[-81.38225599974997,28.54572999982394],[-81.38240600043612,28.545729000018433],[-81.38251400039114,28.54572500000717]]]},"properties":{"block_id":"120950189021019","school_id":"sch_lake_eola_charter","kids_est":0,"class":"green","shortest":{"len_m":579.9,"mean_c":37.57,"peak_c":37.6,"dose":36.8},"coolest":{"len_m":579.9,"mean_c":37.57,"peak_c":37.6,"dose":36.8},"delta_mean_c":0.0,"delta_dose_pct":0,"distance_mi":0.32,"status_now":"walk","status_rec":"walk","reason":"Shortest route already under threshold (dose 37).","safe_until_hour":null}},{"type":"Feature","geometry":{"type":"Polygon","coordinates":[[[-81.37683000026242,28.550945999627714],[-81.37682500023953,28.55063599985133],[-81.37681000017093,28.549707000337907],[-81.37680500014805,28.54939799984113],[-81.37664399959127,28.54939799984113],[-81.37616400009055,28.549400000171584],[-81.37600400025698,28.54940199971294],[-81.37600400025698,28.549572000040907],[-81.37600400025698,28.55008200016722],[-81.3760050000819,28.550112999954525],[-81.37600199970885,28.550192999974218],[-81.37599400021124,28.550252000186543],[-81.37600699973171,28.55039100023513],[-81.37602000015052,28.550526000271287],[-81.37602000015052,28.550810000372675],[-81.37602099997541,28.550950999985698],[-81.37618199963389,28.55094899968472],[-81.37666799988071,28.55094700017279],[-81.37683000026242,28.550945999627714]]]},"properties":{"block_id":"120950102011015","school_id":"sch_lake_eola_charter","kids_est":0,"class":"green","shortest":{"len_m":797.1,"mean_c":37.77,"peak_c":37.9,"dose":52.8},"coolest":{"len_m":797.1,"mean_c":37.77,"peak_c":37.9,"dose":52.8},"delta_mean_c":0.0,"delta_dose_pct":0,"distance_mi":0.406,"status_now":"walk","status_rec":"walk","reason":"Shortest route already under threshold (dose 53).","safe_until_hour":null}},{"type":"Feature","geometry":{"type":"Polygon","coordinates":[[[-81.37490799991481,28.549210999945423],[-81.37490700008989,28.548896000129808],[-81.3748929998462,28.548227999657744],[-81.37488699999842,28.547535000242107],[-81.37468000030917,28.547532999876246],[-81.37449100016327,28.547532999876246],[-81.37407100003873,28.547539999973],[-81.37406000016807,28.547539999973],[-81.37385400030374,28.547550000223083],[-81.37386199980135,28.54848400030162],[-81.373872999672,28.549189999986993],[-81.37385900032662,28.549414000116386],[-81.37490399971684,28.549408999685415],[-81.37490799991481,28.549210999945423]]]},"properties":{"block_id":"120950102011018","school_id":"sch_lake_eola_charter","kids_est":4,"class":"green","shortest":{"len_m":790.1,"mean_c":37.76,"peak_c":37.8,"dose":52.2},"coolest":{"len_m":790.1,"mean_c":37.76,"peak_c":37.8,"dose":52.2},"delta_mean_c":0.0,"delta_dose_pct":0,"distance_mi":0.332,"status_now":"walk","status_rec":"walk","reason":"Shortest route already under threshold (dose 52).","safe_until_hour":null}},{"type":"Feature","geometry":{"type":"Polygon","coordinates":[[[-81.37272600017452,28.5556249999086],[-81.37272799982435,28.55546899981329],[-81.37270000023526,28.555344000101208],[-81.37259599957984,28.555396000220405],[-81.37251100008936,28.555440000240527],[-81.37247000008148,28.55545600038673],[-81.37242800024869,28.555470000315378],[-81.37238399986776,28.555479999812416],[-81.3723389996619,28.555487000169915],[-81.37229400035439,28.555490000097535],[-81.37226599986698,28.555490000097535],[-81.37224900014854,28.555490000097535],[-81.37220399994268,28.555487000169915],[-81.37215200006416,28.55547800038654],[-81.37211600007915,28.555470000315378],[-81.37207300042145,28.55545600038673],[-81.37202999986542,28.555437000311482],[-81.37198999968244,28.555416999730213],[-81.37194500037494,28.55539400000385],[-81.37190400036704,28.555371000272558],[-81.3718240000011,28.555321000358973],[-81.37179399986388,28.555299000326368],[-81.37174899965802,28.55526600026882],[-81.37162399998456,28.555161999876336],[-81.37155399966436,28.555086000131535],[-81.37149500011313,28.55500200022516],[-81.371464000151,28.554943000307237],[-81.37137499956421,28.554831999984202],[-81.37133899957921,28.554795000113515],[-81.37127300035527,28.554728999672125],[-81.3711689996999,28.554643999760057],[-81.3710570004452,28.554710000254726],[-81.37070300044289,28.554882999848605],[-81.3706769996053,28.554896999853483],[-81.37057799987109,28.55491999968835],[-81.37059399976464,28.55566299998784],[-81.37062899992473,28.55676000018276],[-81.37137200008948,28.556762000373347],[-81.37164200042622,28.556762000373347],[-81.37245199963981,28.556762000373347],[-81.37272199997655,28.556762000373347],[-81.37272000032672,28.556477000052674],[-81.3727189996035,28.55630900002551],[-81.37272600017452,28.5556249999086]]]},"properties":{"block_id":"120950188003033","school_id":"sch_lake_eola_charter","kids_est":1,"class":"red","shortest":{"len_m":2048.3,"mean_c":37.73,"peak_c":37.8,"dose":135.1},"coolest":{"len_m":2048.3,"mean_c":37.73,"peak_c":37.8,"dose":135.1},"delta_mean_c":0.0,"delta_dose_pct":0,"distance_mi":0.867,"status_now":"walk","status_rec":"bus_eligible","reason":"Coolest route mean 37.7C exceeds threshold (110 C-min dose, actual 135).","safe_until_hour":"14:00"}},{"type":"Feature","geometry":{"type":"Polygon","coordinates":[[[-81.37263900013588,28.54664299979446],[-81.37263400011301,28.546457000329177],[-81.37262999991505,28.546305000055597],[-81.37262700044032,28.545898999962493],[-81.37262700044032,28.545712999972455],[-81.37241700037804,28.5457139997781],[-81.37178600036627,28.545720000190123],[-81.3715770001289,28.545722999606937],[-81.37157999960363,28.545907999775523],[-81.37158999964936,28.546463999708337],[-81.37159399984732,28.546649999950322],[-81.37180200025979,28.54664800035675],[-81.37242999989851,28.54664400038041],[-81.37263900013588,28.54664299979446]]]},"properties":{"block_id":"120950102011030","school_id":"sch_lake_eola_charter","kids_est":1,"class":"green","shortest":{"len_m":695.9,"mean_c":37.74,"peak_c":37.8,"dose":45.7},"coolest":{"len_m":696.0,"mean_c":37.74,"peak_c":37.8,"dose":45.6},"delta_mean_c":0.0,"delta_dose_pct":0,"distance_mi":0.331,"status_now":"walk","status_rec":"walk","reason":"Shortest route already under threshold (dose 46).","safe_until_hour":null}},{"type":"Feature","geometry":{"type":"Polygon","coordinates":[[[-81.38165800024848,28.54026199968136],[-81.38166400009628,28.54016400019383],[-81.38165599970036,28.540066999685152],[-81.38150799956234,28.539508000326244],[-81.38099200007663,28.539678999914173],[-81.3809900004268,28.54030399999752],[-81.38142300007185,28.540270999976002],[-81.38165800024848,28.54026199968136]]]},"properties":{"block_id":"120950189021041","school_id":"sch_lake_eola_charter","kids_est":0,"class":"green","shortest":{"len_m":897.5,"mean_c":36.72,"peak_c":37.5,"dose":46.7},"coolest":{"len_m":897.9,"mean_c":36.71,"peak_c":37.5,"dose":46.6},"delta_mean_c":-0.01,"delta_dose_pct":0,"distance_mi":0.392,"status_now":"walk","status_rec":"walk","reason":"Shortest route already under threshold (dose 47).","safe_until_hour":null}},{"type":"Feature","geometry":{"type":"Polygon","coordinates":[[[-81.37587299983741,28.54131800006823],[-81.37586699998963,28.541059999668484],[-81.37586799981455,28.540448999682656],[-81.37586899963945,28.540387999790454],[-81.37585100009609,28.540387999790454],[-81.37436300011676,28.540417000351656],[-81.37286699974152,28.54044699997138],[-81.37286900028964,28.54062000011075],[-81.37287799961217,28.541140000251552],[-81.37288099998523,28.541313999889404],[-81.372963000001,28.541314999736816],[-81.37359700038579,28.54130499968393],[-81.37459300027055,28.541328000119947],[-81.37519800034302,28.541332000298176],[-81.37587299983741,28.54131800006823]]]},"properties":{"block_id":"120950189023001","school_id":"sch_lake_eola_charter","kids_est":0,"class":"green","shortest":{"len_m":665.9,"mean_c":37.24,"peak_c":37.5,"dose":39.3},"coolest":{"len_m":666.8,"mean_c":37.23,"peak_c":37.5,"dose":39.2},"delta_mean_c":-0.01,"delta_dose_pct":0,"distance_mi":0.288,"status_now":"walk","status_rec":"walk","reason":"Shortest route already under threshold (dose 39).","safe_until_hour":null}},{"type":"Feature","geometry":{"type":"Polygon","coordinates":[[[-81.37751999982541,28.533512000179535],[-81.37751999982541,28.53312499987084],[-81.37749300006124,28.5315260001075],[-81.37749200023632,28.531141000285704],[-81.37652599959047,28.53115299961262],[-81.37663000024588,28.531552000130908],[-81.37667899975135,28.532035000066333],[-81.37681000017093,28.533379000280647],[-81.37679799957705,28.533550000345354],[-81.37686100022455,28.533533000106733],[-81.37751999982541,28.533512000179535]]]},"properties":{"block_id":"120950103003014","school_id":"sch_lake_eola_charter","kids_est":1,"class":"green","shortest":{"len_m":1536.7,"mean_c":36.32,"peak_c":37.5,"dose":70.5},"coolest":{"len_m":1536.7,"mean_c":36.32,"peak_c":37.5,"dose":70.5},"delta_mean_c":0.0,"delta_dose_pct":0,"distance_mi":0.825,"status_now":"walk","status_rec":"walk","reason":"Shortest route already under threshold (dose 70).","safe_until_hour":null}},{"type":"Feature","geometry":{"type":"Polygon","coordinates":[[[-81.38007999985746,28.527879999974843],[-81.3800749998346,28.527770000310184],[-81.3800609995909,28.5269060001861],[-81.37849300014393,28.526927999835003],[-81.37813599976856,28.526927999835003],[-81.37813499994364,28.527284999809822],[-81.37813999996652,28.527582999906393],[-81.37813800031668,28.52789399962258],[-81.37829200030248,28.52790300018439],[-81.38007999985746,28.527879999974843]]]},"properties":{"block_id":"120950185003009","school_id":"sch_lake_eola_charter","kids_est":0,"class":"green","shortest":{"len_m":2237.5,"mean_c":36.24,"peak_c":37.5,"dose":100.5},"coolest":{"len_m":2237.5,"mean_c":36.24,"peak_c":37.5,"dose":100.5},"delta_mean_c":0.0,"delta_dose_pct":0,"distance_mi":1.166,"status_now":"walk","status_rec":"walk","reason":"Shortest route already under threshold (dose 100).","safe_until_hour":null}},{"type":"Feature","geometry":{"type":"Polygon","coordinates":[[[-81.37280099961927,28.529361999719924],[-81.37280499981723,28.52926199964182],[-81.37263599976282,28.52914600006375],[-81.37259099955699,28.529109999814967],[-81.37251100008936,28.529030000358002],[-81.37244699961695,28.528938999649053],[-81.37242099967767,28.528889999781157],[-81.37240099958619,28.52883999992466],[-81.37237299999711,28.528735000306725],[-81.37236700014931,28.528681999685606],[-81.37236499960119,28.52860799971202],[-81.37236200012644,28.528399999849192],[-81.37201099959884,28.528399999849192],[-81.37195399969742,28.528399999849192],[-81.37095799981269,28.52840799960866],[-81.37060800000833,28.528412000277395],[-81.37062200025203,28.529253999947173],[-81.37062999974965,28.529795000028635],[-81.37079799997913,28.529787000374444],[-81.37106300029299,28.529782999757895],[-81.37236399977627,28.52976799961484],[-81.37279800014453,28.529762999829735],[-81.3727959995964,28.52966200017411],[-81.37279499977149,28.52953799978475],[-81.37280099961927,28.529361999719924]]]},"properties":{"block_id":"120950113004006","school_id":"sch_lake_eola_charter","kids_est":2,"class":"green","shortest":{"len_m":2158.5,"mean_c":36.35,"peak_c":37.5,"dose":100.7},"coolest":{"len_m":2159.4,"mean_c":36.35,"peak_c":37.5,"dose":100.6},"delta_mean_c":0.0,"delta_dose_pct":0,"distance_mi":1.094,"status_now":"walk","status_rec":"walk","reason":"Shortest route already under threshold (dose 101).","safe_until_hour":null}},{"type":"Feature","geometry":{"type":"Polygon","coordinates":[[[-81.37704500034756,28.52857100010033],[-81.3770410001496,28.528234999939237],[-81.37703799977655,28.527901000235005],[-81.37692099960069,28.527902000209707],[-81.3765699999714,28.52790900003236],[-81.37645399962047,28.527911999956178],[-81.37645799981841,28.52806299995908],[-81.37647100023722,28.528519000154844],[-81.37647600026008,28.5286710000448],[-81.37647799990991,28.528742000074036],[-81.37648600030582,28.528955999839496],[-81.37648899978056,28.529027999640768],[-81.37648899978056,28.52905500024419],[-81.3764910003287,28.52913900032326],[-81.37649200015362,28.5291670000717],[-81.37682600006444,28.529163000220812],[-81.37685500037678,28.529163000220812],[-81.37688499961567,28.5291479999895],[-81.37690499970718,28.529124000088537],[-81.37691200027817,28.529095000365373],[-81.3769159995778,28.528951999980674],[-81.37693200036966,28.52889499960761],[-81.37703899960147,28.528625999923673],[-81.37704500034756,28.52857100010033]]]},"properties":{"block_id":"120950185003011","school_id":"sch_lake_eola_charter","kids_est":0,"class":"green","shortest":{"len_m":1884.3,"mean_c":36.27,"peak_c":37.5,"dose":85.3},"coolest":{"len_m":1884.3,"mean_c":36.27,"peak_c":37.5,"dose":85.3},"delta_mean_c":0.0,"delta_dose_pct":0,"distance_mi":1.085,"status_now":"walk","status_rec":"walk","reason":"Shortest route already under threshold (dose 85).","safe_until_hour":null}},{"type":"Feature","geometry":{"type":"Polygon","coordinates":[[[-81.37679799957705,28.533550000345354],[-81.37681000017093,28.533379000280647],[-81.37667899975135,28.532035000066333],[-81.37663000024588,28.531552000130908],[-81.37652599959047,28.53115299961262],[-81.37646700003926,28.531572999659392],[-81.37652099956762,28.532334000082095],[-81.3765699999714,28.532845999867803],[-81.37662299967486,28.53359699978373],[-81.37679799957705,28.533550000345354]]]},"properties":{"block_id":"120950103003015","school_id":"sch_lake_eola_charter","kids_est":0,"class":"green","shortest":{"len_m":1395.4,"mean_c":36.36,"peak_c":37.5,"dose":64.9},"coolest":{"len_m":1395.4,"mean_c":36.36,"peak_c":37.5,"dose":64.9},"delta_mean_c":0.0,"delta_dose_pct":0,"distance_mi":0.811,"status_now":"walk","status_rec":"walk","reason":"Shortest route already under threshold (dose 65).","safe_until_hour":null}},{"type":"Feature","geometry":{"type":"Polygon","coordinates":[[[-81.37745000040351,28.54132099961033],[-81.37743799980964,28.540815999724604],[-81.3774350003349,28.540362000369043],[-81.37674599969851,28.54037000000961],[-81.37638800039653,28.54038199986386],[-81.37586899963945,28.540387999790454],[-81.37586799981455,28.540448999682656],[-81.37586699998963,28.541059999668484],[-81.37587299983741,28.54131800006823],[-81.3765339999864,28.54131600037339],[-81.37745000040351,28.54132099961033]]]},"properties":{"block_id":"120950189022016","school_id":"sch_lake_eola_charter","kids_est":0,"class":"green","shortest":{"len_m":563.8,"mean_c":37.04,"peak_c":37.5,"dose":31.4},"coolest":{"len_m":563.8,"mean_c":37.04,"peak_c":37.5,"dose":31.4},"delta_mean_c":0.0,"delta_dose_pct":0,"distance_mi":0.238,"status_now":"walk","status_rec":"walk","reason":"Shortest route already under threshold (dose 31).","safe_until_hour":null}},{"type":"Feature","geometry":{"type":"Polygon","coordinates":[[[-81.37686399969928,28.53473900006374],[-81.37686399969928,28.534418000109774],[-81.37676599979,28.534134999921957],[-81.37662299967486,28.53359699978373],[-81.37654599968197,28.533602000176163],[-81.37643400042728,28.53362499992616],[-81.37636300028217,28.53365100022087],[-81.37615099967175,28.533744999775866],[-81.37560900024677,28.53395799972493],[-81.37552499968287,28.53400399985381],[-81.37544799968997,28.534058999998653],[-81.37537900009299,28.534121000314062],[-81.37510100025867,28.534428000027194],[-81.37491299993768,28.534593999622956],[-81.37487500030284,28.534762000354842],[-81.3748640004322,28.534869000098837],[-81.37492600035647,28.535043999740964],[-81.37500300034935,28.53508499986317],[-81.37526699994,28.535191000162804],[-81.37616300026563,28.535571999786193],[-81.37632099955107,28.535641000098884],[-81.37638300037368,28.535667999797184],[-81.37661400035233,28.535320999640255],[-81.37674999989648,28.535125000063207],[-81.37683199991224,28.534966999776422],[-81.37686399969928,28.53473900006374]]]},"properties":{"block_id":"120950103003017","school_id":"sch_lake_eola_charter","kids_est":0,"class":"green","shortest":{"len_m":1277.4,"mean_c":36.42,"peak_c":37.5,"dose":60.2},"coolest":{"len_m":1277.4,"mean_c":36.42,"peak_c":37.5,"dose":60.2},"delta_mean_c":0.0,"delta_dose_pct":0,"distance_mi":0.717,"status_now":"walk","status_rec":"walk","reason":"Shortest route already under threshold (dose 60).","safe_until_hour":null}},{"type":"Feature","geometry":{"type":"Polygon","coordinates":[[[-81.37248799962482,28.53664600025139],[-81.37248000012723,28.536421999801348],[-81.37247699975417,28.536282000363396],[-81.37245900021082,28.535192000068395],[-81.37245300036305,28.53482899980156],[-81.37195200004761,28.53484400001347],[-81.37184300026767,28.534863999766525],[-81.37163599968012,28.53493099993766],[-81.37153199992306,28.53495400018679],[-81.37150400033397,28.534959999633347],[-81.37136899971642,28.534975999734183],[-81.3712320003474,28.534979000246047],[-81.37109699972987,28.534970000288542],[-81.37110099992783,28.535307000189878],[-81.37111400034662,28.536318999635398],[-81.37111599999645,28.53640300023804],[-81.37111500017153,28.536656999849004],[-81.37138899980792,28.53665400017411],[-81.37221300016353,28.536648000034816],[-81.37248799962482,28.53664600025139]]]},"properties":{"block_id":"120950103002001","school_id":"sch_lake_eola_charter","kids_est":1,"class":"green","shortest":{"len_m":1493.9,"mean_c":36.66,"peak_c":37.5,"dose":76.2},"coolest":{"len_m":1494.8,"mean_c":36.66,"peak_c":37.5,"dose":76.1},"delta_mean_c":0.0,"delta_dose_pct":0,"distance_mi":0.668,"status_now":"walk","status_rec":"walk","reason":"Shortest route already under threshold (dose 76).","safe_until_hour":null}},{"type":"Feature","geometry":{"type":"Polygon","coordinates":[[[-81.37593099956374,28.54567799966607],[-81.37591800004324,28.54485000000599],[-81.37591300002039,28.544601000290477],[-81.37589799995177,28.54385599962618],[-81.3758929999289,28.54360799975391],[-81.37589100027907,28.543465000125355],[-81.37588799990603,28.543039000357314],[-81.37588700008111,28.542896999788706],[-81.3758850004313,28.542753999984065],[-81.37587899968518,28.542325000194612],[-81.37587799986028,28.54218199961347],[-81.37567299982088,28.542194000050472],[-81.37528100018372,28.542195999728584],[-81.3751320002208,28.542198000195814],[-81.3735349995632,28.542238999901482],[-81.37349199990548,28.542238999901482],[-81.37289600005384,28.542249999704307],[-81.37172100006894,28.542274999610605],[-81.37141200027246,28.542274999610605],[-81.36990300037672,28.542306000117517],[-81.36992799959276,28.543623000294154],[-81.36994100001156,28.5440459998142],[-81.36994299966138,28.544077999621116],[-81.3699589995549,28.545318000236243],[-81.36996500030101,28.545741999856734],[-81.37008199957856,28.54574000024594],[-81.37043399993105,28.54573499964052],[-81.37055199993185,28.545733999835065],[-81.37075600014634,28.545730999629434],[-81.37137200008948,28.54572500000717],[-81.3715770001289,28.545722999606937],[-81.37178600036627,28.545720000190123],[-81.37241700037804,28.5457139997781],[-81.37262700044032,28.545712999972455],[-81.37593099956374,28.54567799966607]]]},"properties":{"block_id":"120950102011036","school_id":"sch_lake_eola_charter","kids_est":7,"class":"green","shortest":{"len_m":671.2,"mean_c":37.52,"peak_c":37.8,"dose":42.3},"coolest":{"len_m":672.1,"mean_c":37.51,"peak_c":37.8,"dose":42.2},"delta_mean_c":-0.01,"delta_dose_pct":0,"distance_mi":0.357,"status_now":"walk","status_rec":"walk","reason":"Shortest route already under threshold (dose 42).","safe_until_hour":null}},{"type":"Feature","geometry":{"type":"Polygon","coordinates":[[[-81.37517599970342,28.554963999907347],[-81.37517400005359,28.554818999689886],[-81.37517099968053,28.554385999653096],[-81.37516999985563,28.55424199994243],[-81.37516700038088,28.55402099979515],[-81.37516200035803,28.55362100021625],[-81.37516200035803,28.553357999726217],[-81.37516300018292,28.553155999791894],[-81.37515499978701,28.553140000085218],[-81.37487500030284,28.553137999825815],[-81.37475700030207,28.553137999825815],[-81.37403599987861,28.55312599984671],[-81.37395600041098,28.553125000111415],[-81.37375700021936,28.55312599984671],[-81.37375600039445,28.55336200023661],[-81.37375800004428,28.553495000156428],[-81.37376399989206,28.553881999804062],[-81.37375899986918,28.55430199997731],[-81.37375899986918,28.554600999917668],[-81.3737599996941,28.554882000129993],[-81.37375800004428,28.554971000299194],[-81.37394899983998,28.5549729997347],[-81.3740409999015,28.554972000016953],[-81.37489200002128,28.554966000132055],[-81.37517599970342,28.554963999907347]]]},"properties":{"block_id":"120950188004013","school_id":"sch_lake_eola_charter","kids_est":1,"class":"green","shortest":{"len_m":1492.6,"mean_c":37.74,"peak_c":37.8,"dose":98.5},"coolest":{"len_m":1492.6,"mean_c":37.74,"peak_c":37.8,"dose":98.4},"delta_mean_c":0.0,"delta_dose_pct":0,"distance_mi":0.69,"status_now":"walk","status_rec":"walk","reason":"Shortest route already under threshold (dose 98).","safe_until_hour":null}},{"type":"Feature","geometry":{"type":"Polygon","coordinates":[[[-81.37374799999853,28.5522490003024],[-81.37374499962549,28.551992000385464],[-81.37374200015074,28.551652999916303],[-81.37373299992991,28.55122400007642],[-81.37372799990705,28.550969000325633],[-81.37360200040865,28.550967999780774],[-81.37352200004271,28.550969000325633],[-81.37325099988107,28.550974999649217],[-81.37290399955144,28.550976999949697],[-81.37269900041032,28.550979000250152],[-81.37270500025814,28.551234999729974],[-81.37271299975572,28.55153099965962],[-81.37271600012876,28.552003999704734],[-81.37271799977859,28.552261000381453],[-81.3728249999087,28.552261000381453],[-81.37292299981802,28.55225800036182],[-81.37320900004828,28.55225200032227],[-81.3735410003093,28.552250000045998],[-81.37374799999853,28.5522490003024]]]},"properties":{"block_id":"120950102011006","school_id":"sch_lake_eola_charter","kids_est":0,"class":"green","shortest":{"len_m":1262.2,"mean_c":37.75,"peak_c":37.8,"dose":83.4},"coolest":{"len_m":1262.2,"mean_c":37.75,"peak_c":37.8,"dose":83.4},"delta_mean_c":0.0,"delta_dose_pct":0,"distance_mi":0.556,"status_now":"walk","status_rec":"walk","reason":"Shortest route already under threshold (dose 83).","safe_until_hour":null}},{"type":"Feature","geometry":{"type":"Polygon","coordinates":[[[-81.37271799977859,28.552261000381453],[-81.37271600012876,28.552003999704734],[-81.37271299975572,28.55153099965962],[-81.37270500025814,28.551234999729974],[-81.37269900041032,28.550979000250152],[-81.37228599995845,28.550980000005826],[-81.37140999972432,28.550985000362196],[-81.37104800022438,28.550987999629065],[-81.37063599959743,28.550992999985038],[-81.37063899997047,28.551249999973013],[-81.37065099966604,28.552021000118884],[-81.370654999864,28.552278999708363],[-81.37106699959264,28.552274999945897],[-81.37230500022504,28.55226399961191],[-81.37271799977859,28.552261000381453]]]},"properties":{"block_id":"120950102011007","school_id":"sch_lake_eola_charter","kids_est":4,"class":"green","shortest":{"len_m":1492.8,"mean_c":37.74,"peak_c":37.8,"dose":98.4},"coolest":{"len_m":1492.8,"mean_c":37.74,"peak_c":37.8,"dose":98.4},"delta_mean_c":0.0,"delta_dose_pct":0,"distance_mi":0.603,"status_now":"walk","status_rec":"walk","reason":"Shortest route already under threshold (dose 98).","safe_until_hour":null}},{"type":"Feature","geometry":{"type":"Polygon","coordinates":[[[-81.37274200006804,28.55290399998673],[-81.37274000041822,28.552483999760344],[-81.37273799987008,28.552433000312057],[-81.37273200002231,28.552277999965042],[-81.37271799977859,28.552261000381453],[-81.37230500022504,28.55226399961191],[-81.37106699959264,28.552274999945897],[-81.370654999864,28.552278999708363],[-81.3706559996889,28.552306999619688],[-81.37065800023703,28.552458000168446],[-81.37066699955956,28.552996999985062],[-81.37067099975752,28.553176999748416],[-81.3707899995832,28.553175000278785],[-81.37114699995858,28.553173000020045],[-81.37126699960919,28.553173000020045],[-81.37150199978582,28.553172000285198],[-81.37156000041045,28.55317000002642],[-81.37239999976129,28.55314699980921],[-81.37243999994426,28.553146000074122],[-81.37273399967212,28.553143000079707],[-81.37273899969499,28.552964999731877],[-81.37274200006804,28.55290399998673]]]},"properties":{"block_id":"120950102011001","school_id":"sch_lake_eola_charter","kids_est":0,"class":"green","shortest":{"len_m":1474.3,"mean_c":37.74,"peak_c":37.8,"dose":97.3},"coolest":{"len_m":1474.3,"mean_c":37.74,"peak_c":37.8,"dose":97.3},"delta_mean_c":0.0,"delta_dose_pct":0,"distance_mi":0.666,"status_now":"walk","status_rec":"walk","reason":"Shortest route already under threshold (dose 97).","safe_until_hour":null}},{"type":"Feature","geometry":{"type":"Polygon","coordinates":[[[-81.37372799990705,28.550969000325633],[-81.37372700008213,28.550463000381175],[-81.37372200005926,28.550275000247012],[-81.37371500038655,28.550056999746726],[-81.37371299983843,28.549414000116386],[-81.37267500012089,28.549417000217094],[-81.37268199979358,28.54987199976452],[-81.37296200017607,28.549867999910617],[-81.3729649996508,28.550051000370857],[-81.37319900000253,28.550043999651958],[-81.37325099988107,28.550974999649217],[-81.37352200004271,28.550969000325633],[-81.37360200040865,28.550967999780774],[-81.37372799990705,28.550969000325633]]]},"properties":{"block_id":"120950102011013","school_id":"sch_lake_eola_charter","kids_est":0,"class":"green","shortest":{"len_m":1046.2,"mean_c":37.76,"peak_c":37.8,"dose":69.1},"coolest":{"len_m":1046.2,"mean_c":37.76,"peak_c":37.8,"dose":69.1},"delta_mean_c":0.0,"delta_dose_pct":0,"distance_mi":0.458,"status_now":"walk","status_rec":"walk","reason":"Shortest route already under threshold (dose 69).","safe_until_hour":null}},{"type":"Feature","geometry":{"type":"Polygon","coordinates":[[[-81.373872999672,28.549189999986993],[-81.37386199980135,28.54848400030162],[-81.37312700003251,28.548485999860322],[-81.3729789998945,28.548486999639657],[-81.3726609998772,28.548488999987402],[-81.37267500012089,28.549417000217094],[-81.37371299983843,28.549414000116386],[-81.37385900032662,28.549414000116386],[-81.373872999672,28.549189999986993]]]},"properties":{"block_id":"120950102011019","school_id":"sch_lake_eola_charter","kids_est":1,"class":"green","shortest":{"len_m":972.1,"mean_c":37.77,"peak_c":37.8,"dose":64.2},"coolest":{"len_m":972.1,"mean_c":37.77,"peak_c":37.8,"dose":64.2},"delta_mean_c":0.0,"delta_dose_pct":0,"distance_mi":0.397,"status_now":"walk","status_rec":"walk","reason":"Shortest route already under threshold (dose 64).","safe_until_hour":null}},{"type":"Feature","geometry":{"type":"Polygon","coordinates":[[[-81.37267500012089,28.549417000217094],[-81.3726609998772,28.548488999987402],[-81.37224800032362,28.548491000335122],[-81.37101100041446,28.548499000147437],[-81.37059899978749,28.54850300005332],[-81.37060499963526,28.548613999946433],[-81.37060499963526,28.548688000073263],[-81.37061100038139,28.54924299976122],[-81.3706139998561,28.549428999829725],[-81.37173000028977,28.549425999729422],[-81.37267500012089,28.549417000217094]]]},"properties":{"block_id":"120950102011020","school_id":"sch_lake_eola_charter","kids_est":0,"class":"green","shortest":{"len_m":1003.5,"mean_c":37.74,"peak_c":37.8,"dose":66.1},"coolest":{"len_m":1003.5,"mean_c":37.74,"peak_c":37.8,"dose":66.1},"delta_mean_c":0.0,"delta_dose_pct":0,"distance_mi":0.463,"status_now":"walk","status_rec":"walk","reason":"Shortest route already under threshold (dose 66).","safe_until_hour":null}},{"type":"Feature","geometry":{"type":"Polygon","coordinates":[[[-81.37797099991212,28.535964999967703],[-81.37791499983561,28.535950999813746],[-81.37785100026151,28.535927999782192],[-81.37770999979621,28.53586699963997],[-81.37766399976546,28.535839999992668],[-81.37733300022765,28.535970000247765],[-81.37724600018902,28.535994000168003],[-81.37731700033413,28.536208000201988],[-81.3776100002371,28.53610000034246],[-81.37781899957615,28.536018999980524],[-81.37797099991212,28.535964999967703]]]},"properties":{"block_id":"120950189021056","school_id":"sch_lake_eola_charter","kids_est":0,"class":"green","shortest":{"len_m":1003.9,"mean_c":36.59,"peak_c":37.5,"dose":49.6},"coolest":{"len_m":1003.9,"mean_c":36.59,"peak_c":37.5,"dose":49.6},"delta_mean_c":0.0,"delta_dose_pct":0,"distance_mi":0.569,"status_now":"walk","status_rec":"walk","reason":"Shortest route already under threshold (dose 50).","safe_until_hour":null}},{"type":"Feature","geometry":{"type":"Polygon","coordinates":[[[-81.37724600018902,28.535994000168003],[-81.37733300022765,28.535970000247765],[-81.37713400003604,28.535955000196143],[-81.37695199956282,28.535917000108476],[-81.37638300037368,28.535667999797184],[-81.37621500014417,28.535857999758306],[-81.37601099992968,28.53618500022659],[-81.3759210004163,28.536414999754985],[-81.3768500003539,28.536105999723702],[-81.37724600018902,28.535994000168003]]]},"properties":{"block_id":"120950103003001","school_id":"sch_lake_eola_charter","kids_est":0,"class":"green","shortest":{"len_m":1083.2,"mean_c":36.54,"peak_c":37.5,"dose":52.8},"coolest":{"len_m":1083.2,"mean_c":36.54,"peak_c":37.5,"dose":52.8},"delta_mean_c":0.0,"delta_dose_pct":0,"distance_mi":0.569,"status_now":"walk","status_rec":"walk","reason":"Shortest route already under threshold (dose 53).","safe_until_hour":null}},{"type":"Feature","geometry":{"type":"Polygon","coordinates":[[[-81.37766399976546,28.535839999992668],[-81.37761500025995,28.535811999649614],[-81.3775270003964,28.535748999639736],[-81.37749300006124,28.535718000360124],[-81.37744700003046,28.53567699969507],[-81.37737599988536,28.535599000291384],[-81.3773159996109,28.535516999641857],[-81.37724199999106,28.53539100002094],[-81.37718000006679,28.53526099984065],[-81.37712999983808,28.53512599996936],[-81.37710100042406,28.53487999988195],[-81.37702400043116,28.534723999836935],[-81.37686399969928,28.534418000109774],[-81.37686399969928,28.53473900006374],[-81.37683199991224,28.534966999776422],[-81.37674999989648,28.535125000063207],[-81.37661400035233,28.535320999640255],[-81.37638300037368,28.535667999797184],[-81.37695199956282,28.535917000108476],[-81.37713400003604,28.535955000196143],[-81.37733300022765,28.535970000247765],[-81.37766399976546,28.535839999992668]]]},"properties":{"block_id":"120950103003002","school_id":"sch_lake_eola_charter","kids_est":0,"class":"green","shortest":{"len_m":1061.8,"mean_c":36.54,"peak_c":37.5,"dose":51.9},"coolest":{"len_m":1061.8,"mean_c":36.54,"peak_c":37.5,"dose":51.9},"delta_mean_c":0.0,"delta_dose_pct":0,"distance_mi":0.607,"status_now":"walk","status_rec":"walk","reason":"Shortest route already under threshold (dose 52).","safe_until_hour":null}},{"type":"Feature","geometry":{"type":"Polygon","coordinates":[[[-81.37260200032597,28.53913000033518],[-81.37259599957984,28.538830999874268],[-81.37258100040957,28.53863499972407],[-81.37255100027232,28.538440999747756],[-81.37135100017308,28.538452999821732],[-81.37135100017308,28.539158999664323],[-81.37202400001763,28.539139999805403],[-81.37260200032597,28.53913000033518]]]},"properties":{"block_id":"120950102023009","school_id":"sch_lake_eola_charter","kids_est":0,"class":"green","shortest":{"len_m":1024.4,"mean_c":37.41,"peak_c":37.6,"dose":62.7},"coolest":{"len_m":1025.3,"mean_c":37.41,"peak_c":37.6,"dose":62.6},"delta_mean_c":0.0,"delta_dose_pct":0,"distance_mi":0.491,"status_now":"walk","status_rec":"walk","reason":"Shortest route already under threshold (dose 63).","safe_until_hour":null}}]}