{"type":"FeatureCollection","features":[{"type":"Feature","geometry":{"type":"Polygon","coordinates":[[[-81.4765409998448,28.62977400038781],[-81.4765330003472,28.62874699997628],[-81.4765059996847,28.628069999769703],[-81.47645299998126,28.627671999976865],[-81.47642700004198,28.627300000272125],[-81.47636000009483,28.626356999849097],[-81.47633400015556,28.625722999953243],[-81.47617900034486,28.625724999620655],[-81.47622799985035,28.626529999857162],[-81.47625399978963,28.627180999702475],[-81.47638299966104,28.628135999914363],[-81.47639799972967,28.628626999664046],[-81.47637000014058,28.630795999708347],[-81.4764699996997,28.630795999708347],[-81.47652800032432,28.630795999708347],[-81.4765409998448,28.62977400038781]]]},"properties":{"block_id":"120950151051044","school_id":"sch_wekiva_high","kids_est":0,"class":"red","shortest":{"len_m":7376.3,"mean_c":36.44,"peak_c":37.0,"dose":351.2},"coolest":{"len_m":7376.6,"mean_c":36.44,"peak_c":37.0,"dose":351.1},"delta_mean_c":0.0,"delta_dose_pct":0,"distance_mi":0.7,"status_now":"walk","status_rec":"bus_eligible","reason":"Coolest route mean 36.4C exceeds threshold (110 C-min dose, actual 351).","safe_until_hour":"11:00"}},{"type":"Feature","geometry":{"type":"Polygon","coordinates":[[[-81.47633400015556,28.625722999953243],[-81.4763230002849,28.62005699995155],[-81.4763080002163,28.618196000096173],[-81.47630099964529,28.6171519998369],[-81.47619100004044,28.61606299964868],[-81.47611900007041,28.61564599983654],[-81.47611900007041,28.616028999803554],[-81.47611599969736,28.616113999790112],[-81.47610499982672,28.61654399987368],[-81.47611599969736,28.616710999974273],[-81.4761240000933,28.616799999872185],[-81.4761240000933,28.617040999713296],[-81.47612800029125,28.6180340003148],[-81.47612999994107,28.61836499974296],[-81.47613800033699,28.61900300029255],[-81.47614699965952,28.619713000178464],[-81.4761459998346,28.619993000024095],[-81.47615199968237,28.62030199974465],[-81.47614900020764,28.620411999691118],[-81.47615400023051,28.620919999611946],[-81.4761609999032,28.6215590002815],[-81.47616000007828,28.621881000016472],[-81.47616000007828,28.622227000306086],[-81.47616699975099,28.622849999976335],[-81.47617199977385,28.623173000341136],[-81.47617699979673,28.62368300001441],[-81.4761890003906,28.6248860001763],[-81.47617799962165,28.625213999778094],[-81.47617299959877,28.625378999820157],[-81.47617900034486,28.625724999620655],[-81.47633400015556,28.625722999953243]]]},"properties":{"block_id":"120950151052008","school_id":"sch_wekiva_high","kids_est":0,"class":"red","shortest":{"len_m":7832.9,"mean_c":36.43,"peak_c":37.0,"dose":373.0},"coolest":{"len_m":7833.2,"mean_c":36.43,"peak_c":37.0,"dose":372.9},"delta_mean_c":0.0,"delta_dose_pct":0,"distance_mi":1.202,"status_now":"walk","status_rec":"bus_eligible","reason":"Coolest route mean 36.4C exceeds threshold (110 C-min dose, actual 373).","safe_until_hour":"11:00"}},{"type":"Feature","geometry":{"type":"Polygon","coordinates":[[[-81.47245600002348,28.627497999668616],[-81.47246000022145,28.626315999809968],[-81.4720409999218,28.62631999991063],[-81.47196200027906,28.62631999991063],[-81.47162300034536,28.626323000183202],[-81.47161699959926,28.62750300032953],[-81.4720359998989,28.627500000090684],[-81.47217700036423,28.627499000273893],[-81.47245600002348,28.627497999668616]]]},"properties":{"block_id":"120950151051034","school_id":"sch_wekiva_high","kids_est":35,"class":"red","shortest":{"len_m":7323.3,"mean_c":36.44,"peak_c":37.0,"dose":348.8},"coolest":{"len_m":7323.6,"mean_c":36.44,"peak_c":37.0,"dose":348.7},"delta_mean_c":0.0,"delta_dose_pct":0,"distance_mi":0.778,"status_now":"walk","status_rec":"bus_eligible","reason":"Coolest route mean 36.4C exceeds threshold (110 C-min dose, actual 349).","safe_until_hour":"11:00"}},{"type":"Feature","geometry":{"type":"Polygon","coordinates":[[[-81.47617799962165,28.625213999778094],[-81.4761890003906,28.6248860001763],[-81.47617699979673,28.62368300001441],[-81.47617199977385,28.623173000341136],[-81.4760610003441,28.623173000341136],[-81.47572800025816,28.623174000199135],[-81.47561799975499,28.62317500005708],[-81.47562100012803,28.623745000353143],[-81.47563000034887,28.624945000281222],[-81.47562600015091,28.625104999971192],[-81.47560400040959,28.625152000306926],[-81.47556400022661,28.625188999868538],[-81.47551200034809,28.625211000262354],[-81.47542399958623,28.62521899975926],[-81.47532099965406,28.62521799992074],[-81.47519199978264,28.62521799992074],[-81.47498599991832,28.625222000063292],[-81.47475099974167,28.62521799992074],[-81.47456199959578,28.625222000063292],[-81.47431999974644,28.625227999882522],[-81.47399599988135,28.625225000367188],[-81.47394400000283,28.625225000367188],[-81.47380799956038,28.625227000044088],[-81.47380799956038,28.625329999911205],[-81.47380799956038,28.6256400003177],[-81.47380799956038,28.625743999613107],[-81.47428200011163,28.625738999656942],[-81.47432200029458,28.625738999656942],[-81.47489700022984,28.625732999866912],[-81.47504899966751,28.625732000033288],[-81.475216999897,28.625731000199654],[-81.47552499986858,28.625732999866912],[-81.47570399996872,28.625730000366016],[-81.47617900034486,28.625724999620655],[-81.47617299959877,28.625378999820157],[-81.47617799962165,28.625213999778094]]]},"properties":{"block_id":"120950151061011","school_id":"sch_wekiva_high","kids_est":1,"class":"red","shortest":{"len_m":7376.3,"mean_c":36.44,"peak_c":37.0,"dose":351.2},"coolest":{"len_m":7376.6,"mean_c":36.44,"peak_c":37.0,"dose":351.1},"delta_mean_c":0.0,"delta_dose_pct":0,"distance_mi":0.886,"status_now":"walk","status_rec":"bus_eligible","reason":"Coolest route mean 36.4C exceeds threshold (110 C-min dose, actual 351).","safe_until_hour":"11:00"}},{"type":"Feature","geometry":{"type":"Polygon","coordinates":[[[-81.47380799956038,28.625329999911205],[-81.47380799956038,28.625227000044088],[-81.47307199996662,28.625233999701408],[-81.47300500001947,28.625237000005022],[-81.47276700036811,28.625251000106385],[-81.4706750001412,28.62526299974119],[-81.47063199958517,28.625250000268167],[-81.47060399999609,28.625232000024646],[-81.47059499977524,28.625227000044088],[-81.47056700018615,28.625196000316922],[-81.4705489997445,28.625154999824346],[-81.47054000042198,28.62484000035213],[-81.47053899969873,28.624449999696104],[-81.47053600022402,28.624054999920425],[-81.4705279998281,28.622870000350012],[-81.47052600017828,28.62247600001404],[-81.47034200005525,28.62247600001404],[-81.46979200023435,28.62248000026102],[-81.46960899993626,28.622481000125607],[-81.46939100037635,28.622481000125607],[-81.46873799972496,28.62248399971935],[-81.46852099998999,28.62248600023701],[-81.4681910002771,28.62248600023701],[-81.46788900015332,28.62248600023701],[-81.46773500016752,28.622492000212596],[-81.4676919996115,28.622505999891477],[-81.46765499980158,28.622530999651396],[-81.46762999968722,28.62256399989312],[-81.46761700016675,28.622603000093726],[-81.46761700016675,28.622961000267463],[-81.46761700016675,28.62329100007763],[-81.46762300001453,28.624737000004266],[-81.46763700025824,28.6248250003537],[-81.46766800022037,28.624910000316554],[-81.46769900018252,28.624965000255795],[-81.46789699965093,28.62519499968966],[-81.46794600005472,28.625270000184635],[-81.46798399968955,28.625348999975145],[-81.46801100035204,28.625431999840785],[-81.46802700024558,28.625517000100615],[-81.46803100044355,28.625559000287097],[-81.46802499969743,28.625783000209438],[-81.46819399975183,28.625798999903978],[-81.4683450002629,28.625822000002678],[-81.46853000021082,28.625865999731857],[-81.4688520004261,28.625961000320775],[-81.46903900002384,28.626009000104254],[-81.46913399956009,28.626026000383664],[-81.46928000004827,28.626037000099213],[-81.46937700013264,28.626036000268464],[-81.46947400021703,28.6260280000453],[-81.46981999982344,28.625957000206423],[-81.47017600037391,28.62587499979965],[-81.47043499994167,28.62582299983545],[-81.47064599982886,28.625795999616443],[-81.47077399987538,28.62578700033039],[-81.47136800007722,28.625769000179016],[-81.47239099972616,28.625754000313314],[-81.47274200025376,28.62575799964685],[-81.47333100043272,28.62575199985793],[-81.47342599996895,28.625750000191026],[-81.47371200019921,28.62574500023514],[-81.47380799956038,28.625743999613107],[-81.47380799956038,28.6256400003177],[-81.47380799956038,28.625329999911205]]]},"properties":{"block_id":"120950151061010","school_id":"sch_wekiva_high","kids_est":76,"class":"red","shortest":{"len_m":7342.0,"mean_c":36.44,"peak_c":37.0,"dose":349.8},"coolest":{"len_m":7342.3,"mean_c":36.44,"peak_c":37.0,"dose":349.7},"delta_mean_c":0.0,"delta_dose_pct":0,"distance_mi":0.982,"status_now":"walk","status_rec":"bus_eligible","reason":"Coolest route mean 36.4C exceeds threshold (110 C-min dose, actual 350).","safe_until_hour":"11:00"}},{"type":"Feature","geometry":{"type":"Polygon","coordinates":[[[-81.45656000025389,28.64019300023036],[-81.45651900024602,28.64011800015028],[-81.45642100033673,28.639957999695163],[-81.45596500022715,28.63928399996755],[-81.45558699993538,28.638677000174305],[-81.45553000003396,28.63857900013561],[-81.45533800041335,28.63868000009362],[-81.45614299960407,28.639894000075557],[-81.45630300033595,28.64014400014204],[-81.45632500007726,28.64018000024134],[-81.45633699977283,28.640198000286343],[-81.45656000025389,28.64019300023036]]]},"properties":{"block_id":"120950151033003","school_id":"sch_wekiva_high","kids_est":0,"class":"red","shortest":{"len_m":3842.9,"mean_c":36.33,"peak_c":37.1,"dose":177.4},"coolest":{"len_m":3842.9,"mean_c":36.33,"peak_c":37.1,"dose":177.4},"delta_mean_c":0.0,"delta_dose_pct":0,"distance_mi":1.073,"status_now":"walk","status_rec":"bus_eligible","reason":"Coolest route mean 36.3C exceeds threshold (110 C-min dose, actual 177).","safe_until_hour":"12:00"}},{"type":"Feature","geometry":{"type":"Polygon","coordinates":[[[-81.48044499991616,28.636868999835958],[-81.48043999989328,28.635992000173],[-81.48043700041855,28.6353499998319],[-81.48042200034993,28.635193999752723],[-81.48039600041065,28.635048000044616],[-81.48035500040278,28.634901000387163],[-81.48031600004472,28.63478900035974],[-81.48030799964879,28.634771000175235],[-81.48015700003606,28.634428000274394],[-81.48010000013467,28.63429699972444],[-81.47980300003374,28.63429099963516],[-81.47763100033919,28.634251999834834],[-81.47631999991185,28.634251999834834],[-81.47627200023129,28.634467999759725],[-81.47622899967526,28.63464900015737],[-81.47604299990243,28.635137999910306],[-81.47564100021953,28.63611299968314],[-81.47521000022431,28.637196999834927],[-81.47506000043647,28.637665999624193],[-81.47491800014625,28.638310000202583],[-81.47482600008473,28.6391299996303],[-81.47480500016835,28.64110399987568],[-81.47479799959736,28.642030999867576],[-81.47480500016835,28.642664000120593],[-81.47481299966594,28.643002999649582],[-81.47482100006188,28.64338899971191],[-81.47479799959736,28.643914000121107],[-81.47475099974167,28.64425300034071],[-81.47464299978662,28.64455399999424],[-81.47449999967151,28.644887000238842],[-81.47459699975587,28.644951999616413],[-81.47586800000025,28.645800000188714],[-81.47629200032277,28.646083000312554],[-81.47703299993938,28.646577000133647],[-81.4792580002357,28.648062000266258],[-81.47999999967723,28.648556999842466],[-81.4800609997766,28.648597999863465],[-81.48016999955655,28.648669999765396],[-81.48024700044775,28.648722000233157],[-81.48030900037203,28.648763999803833],[-81.48033500031131,28.648781000338513],[-81.48041599960384,28.64882699991661],[-81.4804409997182,28.648851999713127],[-81.4804409997182,28.648792999647718],[-81.48044300026633,28.648640000272092],[-81.48033000028843,28.648570000369993],[-81.48002499979158,28.648367000074366],[-81.4762949997975,28.64587900029172],[-81.47628599957667,28.64484699999545],[-81.47627899990398,28.643935999743025],[-81.4772949998802,28.643937999851783],[-81.47803800004496,28.64390099980486],[-81.47817399958909,28.64389500026478],[-81.47950699975772,28.64390999990269],[-81.48044300026633,28.643865000194094],[-81.48044200044143,28.64368399992738],[-81.48044200044143,28.64361599998604],[-81.4804409997182,28.643366000309648],[-81.48043999989328,28.643163999858455],[-81.48043900006837,28.643142000074633],[-81.48043900006837,28.642961999806616],[-81.48043800024345,28.64277900021616],[-81.48043599969532,28.642233000135363],[-81.48043599969532,28.64205099973976],[-81.48043499987043,28.642001000052275],[-81.48043499987043,28.641851999738478],[-81.48043499987043,28.64180299963668],[-81.4804340000455,28.641631000047425],[-81.4804340000455,28.641234000125156],[-81.48043599969532,28.641115000376075],[-81.48043900006837,28.640944000135928],[-81.48043700041855,28.639849000221087],[-81.48043700041855,28.639705000083943],[-81.48043700041855,28.63922299984047],[-81.48044499991616,28.638666999917124],[-81.48044200044143,28.638530999793677],[-81.48044400009125,28.6382570003777],[-81.48043900006837,28.63795600000165],[-81.48044499991616,28.636868999835958]]]},"properties":{"block_id":"120950175042025","school_id":"sch_wekiva_high","kids_est":3,"class":"green","shortest":{"len_m":285.7,"mean_c":35.97,"peak_c":36.0,"dose":11.8},"coolest":{"len_m":285.7,"mean_c":35.97,"peak_c":36.0,"dose":11.8},"delta_mean_c":0.0,"delta_dose_pct":0,"distance_mi":0.275,"status_now":"walk","status_rec":"walk","reason":"Shortest route already under threshold (dose 12).","safe_until_hour":null}},{"type":"Feature","geometry":{"type":"Polygon","coordinates":[[[-81.4763090000412,28.647417000012457],[-81.4763090000412,28.647279000150697],[-81.47630400001835,28.647260999744],[-81.47630099964529,28.647139000059678],[-81.4762949997975,28.64708300028629],[-81.47627600042925,28.64704999987091],[-81.47624600029201,28.647024000014095],[-81.47622700002545,28.64701399976423],[-81.47620799975887,28.64700999966404],[-81.47617000012404,28.64700099983214],[-81.47605899979595,28.64699199999953],[-81.47543399963196,28.64699600010041],[-81.47537199970769,28.646987999898485],[-81.47522899959256,28.646970999861487],[-81.4751249998355,28.64697200028112],[-81.4750419999948,28.64697200028112],[-81.47485500039706,28.646972999912382],[-81.47463600011395,28.646972999912382],[-81.47463899958868,28.64742100009714],[-81.47474999991675,28.64742100009714],[-81.47493700041282,28.64741999968179],[-81.47513599970614,28.64741999968179],[-81.4753859999514,28.647419000054793],[-81.47546700014226,28.647419000054793],[-81.4755480003331,28.64741799963947],[-81.4757099998165,28.64741799963947],[-81.47580000022819,28.64741799963947],[-81.47587200019821,28.647417000012457],[-81.47603399968159,28.647417000012457],[-81.47613499996393,28.647417000012457],[-81.47621500032987,28.64741600038544],[-81.4763090000412,28.647417000012457]]]},"properties":{"block_id":"120950175042015","school_id":"sch_wekiva_high","kids_est":0,"class":"green","shortest":{"len_m":1735.5,"mean_c":35.98,"peak_c":36.0,"dose":71.3},"coolest":{"len_m":1735.5,"mean_c":35.98,"peak_c":36.0,"dose":71.3},"delta_mean_c":0.0,"delta_dose_pct":0,"distance_mi":0.632,"status_now":"walk","status_rec":"walk","reason":"Shortest route already under threshold (dose 71).","safe_until_hour":null}},{"type":"Feature","geometry":{"type":"Polygon","coordinates":[[[-81.46227899964441,28.625785999708768],[-81.46228000036766,28.625608999924026],[-81.46185299967206,28.625594999870398],[-81.4618329995806,28.625593000200507],[-81.46162699971626,28.625578000309655],[-81.46094399982596,28.62556099995764],[-81.4604960001123,28.625545000226804],[-81.46005000004847,28.625531000164653],[-81.45999899999484,28.62552899970508],[-81.45997100040576,28.625527999869508],[-81.45984800038211,28.625535000295272],[-81.45979800015338,28.6255379998017],[-81.45971899961236,28.625536999966272],[-81.45971500031273,28.625671999747958],[-81.45970799974171,28.625878000084946],[-81.45971299976456,28.626418000358534],[-81.46003800035291,28.626416999742915],[-81.46124199975179,28.626452999820433],[-81.46176499980852,28.62647599977588],[-81.46185699987004,28.62647900004394],[-81.46186699991577,28.626477000390892],[-81.46192299999227,28.626470000028],[-81.46213399987947,28.62647900004394],[-81.46217499988735,28.626483000138442],[-81.4622779998195,28.62649399980604],[-81.4622779998195,28.626315999809968],[-81.46227899964441,28.625785999708768]]]},"properties":{"block_id":"120950151051026","school_id":"sch_wekiva_high","kids_est":1,"class":"red","shortest":{"len_m":5831.5,"mean_c":36.43,"peak_c":37.0,"dose":277.0},"coolest":{"len_m":5831.5,"mean_c":36.43,"peak_c":37.0,"dose":277.0},"delta_mean_c":0.0,"delta_dose_pct":0,"distance_mi":1.131,"status_now":"walk","status_rec":"bus_eligible","reason":"Coolest route mean 36.4C exceeds threshold (110 C-min dose, actual 277).","safe_until_hour":"11:00"}},{"type":"Feature","geometry":{"type":"Polygon","coordinates":[[[-81.47475099974167,28.62521799992074],[-81.47473999987102,28.624810000353104],[-81.47473700039629,28.62469799980792],[-81.4747380002212,28.624338000343858],[-81.47473099965018,28.623869999983523],[-81.47473099965018,28.62358900037217],[-81.47473099965018,28.623445999857474],[-81.4747380002212,28.623181999851276],[-81.47431100042394,28.623181999851276],[-81.47415099969206,28.623180000135406],[-81.47394800020078,28.623177999630975],[-81.47389899979697,28.623185000213464],[-81.47385500031436,28.62320499973483],[-81.47382000015426,28.623236000049932],[-81.47379800041296,28.623275000000838],[-81.47379000001703,28.62331999986565],[-81.47379300039007,28.6242200002071],[-81.47379900023788,28.62464000019669],[-81.47380799956038,28.625227000044088],[-81.47394400000283,28.625225000367188],[-81.47399599988135,28.625225000367188],[-81.47431999974644,28.625227999882522],[-81.47456199959578,28.625222000063292],[-81.47475099974167,28.62521799992074]]]},"properties":{"block_id":"120950151061016","school_id":"sch_wekiva_high","kids_est":24,"class":"red","shortest":{"len_m":7699.6,"mean_c":36.44,"peak_c":37.0,"dose":366.8},"coolest":{"len_m":7699.9,"mean_c":36.44,"peak_c":37.0,"dose":366.7},"delta_mean_c":0.0,"delta_dose_pct":0,"distance_mi":0.96,"status_now":"walk","status_rec":"bus_eligible","reason":"Coolest route mean 36.4C exceeds threshold (110 C-min dose, actual 367).","safe_until_hour":"11:00"}},{"type":"Feature","geometry":{"type":"Polygon","coordinates":[[[-81.46670099974963,28.624887000017974],[-81.46669200042712,28.623256000350064],[-81.46668999987898,28.62286799983968],[-81.4666849998561,28.622834999693563],[-81.46667399998546,28.622802000325574],[-81.46665800009191,28.62277199974415],[-81.46661100023627,28.622718999957726],[-81.46658100009903,28.622697999692765],[-81.46655299961162,28.622684000039417],[-81.46651300032696,28.62266899973293],[-81.46647399996891,28.622661000041703],[-81.4663469997473,28.622661000041703],[-81.4661979997844,28.622661999904587],[-81.46605399984435,28.6226780000748],[-81.46591300027734,28.62270700003209],[-81.4657769998349,28.622748999765726],[-81.46573300035229,28.622766999646448],[-81.46554099983337,28.622849000115256],[-81.46545899981759,28.622883999978505],[-81.4652129997703,28.622991999866034],[-81.46513199957946,28.623028000329608],[-81.46499299966227,28.62308799976045],[-81.464966999723,28.623099999642488],[-81.46493999995882,28.62311800025156],[-81.46489399992807,28.62315800010452],[-81.46485899976797,28.623206000381025],[-81.46483600020176,28.62325800006447],[-81.4648250003311,28.623313999937317],[-81.4648250003311,28.62347100018209],[-81.4648250003311,28.623623000135073],[-81.46482799980582,28.62413299998787],[-81.4648329998287,28.6248860001763],[-81.46485000044545,28.624963999626384],[-81.46487600038472,28.625019000325853],[-81.46491400001956,28.625068000379976],[-81.46497400029402,28.62511599978324],[-81.46504700008894,28.62514900000088],[-81.4650999997924,28.625160999647406],[-81.46546300001555,28.625173000081013],[-81.4659729996535,28.62519100033465],[-81.46608999982936,28.625196000316922],[-81.4663469997473,28.62519899983308],[-81.46640600019684,28.625189999707338],[-81.46646300009826,28.625173000081013],[-81.4665169996266,28.62514900000088],[-81.46656500020552,28.62511699962274],[-81.46657899955089,28.625104000131643],[-81.46660799986321,28.625080000035734],[-81.46664399984823,28.62503699981738],[-81.4666709996124,28.624990000218695],[-81.46669099970389,28.62493899965729],[-81.46670099974963,28.624887000017974]]]},"properties":{"block_id":"120950151061006","school_id":"sch_wekiva_high","kids_est":130,"class":"red","shortest":{"len_m":6986.7,"mean_c":36.44,"peak_c":37.0,"dose":333.2},"coolest":{"len_m":6987.0,"mean_c":36.44,"peak_c":37.0,"dose":333.1},"delta_mean_c":0.0,"delta_dose_pct":0,"distance_mi":1.082,"status_now":"walk","status_rec":"bus_eligible","reason":"Coolest route mean 36.4C exceeds threshold (110 C-min dose, actual 333).","safe_until_hour":"11:00"}},{"type":"Feature","geometry":{"type":"Polygon","coordinates":[[[-81.47562600015091,28.625104999971192],[-81.47563000034887,28.624945000281222],[-81.47562100012803,28.623745000353143],[-81.47561799975499,28.62317500005708],[-81.47544100020298,28.62317500005708],[-81.47530700030867,28.62317500005708],[-81.47491300012338,28.62317900027747],[-81.4747380002212,28.623181999851276],[-81.47473099965018,28.623445999857474],[-81.47473099965018,28.62358900037217],[-81.47473099965018,28.623869999983523],[-81.4747380002212,28.624338000343858],[-81.47473700039629,28.62469799980792],[-81.47473999987102,28.624810000353104],[-81.47475099974167,28.62521799992074],[-81.47498599991832,28.625222000063292],[-81.47519199978264,28.62521799992074],[-81.47532099965406,28.62521799992074],[-81.47542399958623,28.62521899975926],[-81.47551200034809,28.625211000262354],[-81.47556400022661,28.625188999868538],[-81.47560400040959,28.625152000306926],[-81.47562600015091,28.625104999971192]]]},"properties":{"block_id":"120950151061012","school_id":"sch_wekiva_high","kids_est":1,"class":"red","shortest":{"len_m":7598.0,"mean_c":36.43,"peak_c":37.0,"dose":361.8},"coolest":{"len_m":7598.3,"mean_c":36.43,"peak_c":37.0,"dose":361.7},"delta_mean_c":0.0,"delta_dose_pct":0,"distance_mi":0.964,"status_now":"walk","status_rec":"bus_eligible","reason":"Coolest route mean 36.4C exceeds threshold (110 C-min dose, actual 362).","safe_until_hour":"11:00"}},{"type":"Feature","geometry":{"type":"Polygon","coordinates":[[[-81.47617199977385,28.623173000341136],[-81.47616699975099,28.622849999976335],[-81.47616000007828,28.622227000306086],[-81.47616000007828,28.621881000016472],[-81.4761609999032,28.6215590002815],[-81.4759149998559,28.621557999619558],[-81.47585899977942,28.621557999619558],[-81.47518000008708,28.621562999774852],[-81.4749359996896,28.62156500031006],[-81.4745900000832,28.621566000183375],[-81.47430300002803,28.62156799992997],[-81.47355200036564,28.62157100033829],[-81.47320699968584,28.62157300008478],[-81.47320800040906,28.62172999977882],[-81.4732109998838,28.622203000341027],[-81.47321199970871,28.622360999747297],[-81.47334700032623,28.622358000150033],[-81.47384299972047,28.622355999629992],[-81.47430700022599,28.62235499976422],[-81.4750910003986,28.62235300003261],[-81.47533499989777,28.622347000049075],[-81.47542699995928,28.622347999914936],[-81.47551700037097,28.622361999613016],[-81.47553499991432,28.622370999981207],[-81.47556500005155,28.62239599977322],[-81.4755969998386,28.622441000014778],[-81.47561199990722,28.622492000212596],[-81.47561199990722,28.62254300038564],[-81.47561799975499,28.62317500005708],[-81.47572800025816,28.623174000199135],[-81.4760610003441,28.623173000341136],[-81.47617199977385,28.623173000341136]]]},"properties":{"block_id":"120950151061015","school_id":"sch_wekiva_high","kids_est":8,"class":"red","shortest":{"len_m":7757.3,"mean_c":36.44,"peak_c":37.0,"dose":369.7},"coolest":{"len_m":7757.6,"mean_c":36.44,"peak_c":37.0,"dose":369.6},"delta_mean_c":0.0,"delta_dose_pct":0,"distance_mi":1.107,"status_now":"walk","status_rec":"bus_eligible","reason":"Coolest route mean 36.4C exceeds threshold (110 C-min dose, actual 370).","safe_until_hour":"11:00"}},{"type":"Feature","geometry":{"type":"Polygon","coordinates":[[[-81.47553900011226,28.619857000147242],[-81.47552900006653,28.619297999667463],[-81.47550200030236,28.619257000025815],[-81.47546200011938,28.619225000217437],[-81.47542899960911,28.619210000205292],[-81.47539400034734,28.619202000250525],[-81.4752520000571,28.619201000354703],[-81.47508999967539,28.619205999833724],[-81.47457599983949,28.619205999833724],[-81.47445899966363,28.619206999729496],[-81.47429299998227,28.619210000205292],[-81.47359000000048,28.619210000205292],[-81.47351899985537,28.619202000250525],[-81.47344600006045,28.619176999697967],[-81.47334800015115,28.61932699976975],[-81.47323000015038,28.619510999933183],[-81.47321900027973,28.6195339998324],[-81.47320699968584,28.619559000299912],[-81.47319300034046,28.61962400038377],[-81.4731899999674,28.619822999953424],[-81.4731899999674,28.61989399999784],[-81.47319499999028,28.620002999694986],[-81.47421199979142,28.61999499980065],[-81.47429600035532,28.61999499980065],[-81.47515400014781,28.619990000359184],[-81.47541100006575,28.61997999989855],[-81.47544899970059,28.619967999659874],[-81.47548300003577,28.61994800031046],[-81.47550999979995,28.61992200004661],[-81.47552900006653,28.619891000330107],[-81.47553900011226,28.619857000147242]]]},"properties":{"block_id":"120950151061003","school_id":"sch_wekiva_high","kids_est":54,"class":"red","shortest":{"len_m":7858.7,"mean_c":36.44,"peak_c":37.0,"dose":374.6},"coolest":{"len_m":7859.0,"mean_c":36.44,"peak_c":37.0,"dose":374.5},"delta_mean_c":0.0,"delta_dose_pct":0,"distance_mi":1.275,"status_now":"walk","status_rec":"bus_eligible","reason":"Coolest route mean 36.4C exceeds threshold (110 C-min dose, actual 374).","safe_until_hour":"11:00"}},{"type":"Feature","geometry":{"type":"Polygon","coordinates":[[[-81.4761609999032,28.6215590002815],[-81.47615400023051,28.620919999611946],[-81.47614900020764,28.620411999691118],[-81.47615199968237,28.62030199974465],[-81.4761459998346,28.619993000024095],[-81.47614699965952,28.619713000178464],[-81.47613800033699,28.61900300029255],[-81.47612999994107,28.61836499974296],[-81.4760119999403,28.61836499974296],[-81.47575900022031,28.6183680002428],[-81.47565799993797,28.618367000339028],[-81.47554099976209,28.61836599964673],[-81.47534800031654,28.618367000339028],[-81.47477000000825,28.618370999954045],[-81.47457800038762,28.618372999761487],[-81.47438400021888,28.618375000357407],[-81.47428899978432,28.6183760002611],[-81.47380199971259,28.61837999987576],[-81.47360800044216,28.618381999683027],[-81.47360800044216,28.618460999925063],[-81.47361000009198,28.618698000294625],[-81.47361099991689,28.618778000198837],[-81.47361099991689,28.618816000329073],[-81.4736040002442,28.618866000022997],[-81.47360000004623,28.61890500002011],[-81.4735690000841,28.618990000044427],[-81.47349399974102,28.619103000267057],[-81.47344600006045,28.619176999697967],[-81.47351899985537,28.619202000250525],[-81.47359000000048,28.619210000205292],[-81.47429299998227,28.619210000205292],[-81.47445899966363,28.619206999729496],[-81.47457599983949,28.619205999833724],[-81.47508999967539,28.619205999833724],[-81.4752520000571,28.619201000354703],[-81.47539400034734,28.619202000250525],[-81.47542899960911,28.619210000205292],[-81.47546200011938,28.619225000217437],[-81.47550200030236,28.619257000025815],[-81.47552900006653,28.619297999667463],[-81.47553900011226,28.619857000147242],[-81.47552900006653,28.619891000330107],[-81.47550999979995,28.61992200004661],[-81.47548300003577,28.61994800031046],[-81.47544899970059,28.619967999659874],[-81.47541100006575,28.61997999989855],[-81.47515400014781,28.619990000359184],[-81.47429600035532,28.61999499980065],[-81.47421199979142,28.61999499980065],[-81.47319499999028,28.620002999694986],[-81.47320000001314,28.62011299995466],[-81.47320000001314,28.62015900027286],[-81.47320199966298,28.620630000262445],[-81.47320300038619,28.62078699978943],[-81.47369200010775,28.62078400014728],[-81.47429999965497,28.620782000385752],[-81.47452499978587,28.620778999954826],[-81.47481199984105,28.62079100010081],[-81.47486600026771,28.62080900031721],[-81.47489600040495,28.620831999932058],[-81.47491800014625,28.620859999730637],[-81.47492999984182,28.620892999709024],[-81.47493499986469,28.62105399993267],[-81.47493499986469,28.621074999737974],[-81.4749359996896,28.62156500031006],[-81.47518000008708,28.621562999774852],[-81.47585899977942,28.621557999619558],[-81.4759149998559,28.621557999619558],[-81.4761609999032,28.6215590002815]]]},"properties":{"block_id":"120950151061014","school_id":"sch_wekiva_high","kids_est":53,"class":"red","shortest":{"len_m":7757.3,"mean_c":36.44,"peak_c":37.0,"dose":369.7},"coolest":{"len_m":7757.6,"mean_c":36.44,"peak_c":37.0,"dose":369.6},"delta_mean_c":0.0,"delta_dose_pct":0,"distance_mi":1.2,"status_now":"walk","status_rec":"bus_eligible","reason":"Coolest route mean 36.4C exceeds threshold (110 C-min dose, actual 370).","safe_until_hour":"11:00"}},{"type":"Feature","geometry":{"type":"Polygon","coordinates":[[[-81.45969900041918,28.644652999623396],[-81.459701000069,28.64459000015687],[-81.45969500022123,28.644474999681623],[-81.4596929996731,28.644442999677768],[-81.45968900037344,28.644357000111764],[-81.45961200038056,28.644288999818325],[-81.45832600006759,28.642834000251565],[-81.4578199997293,28.64206599964132],[-81.45749900023723,28.641650999995804],[-81.4572570003879,28.64131700004247],[-81.4568070001261,28.64068200016325],[-81.45662999967578,28.640323000031874],[-81.45656000025389,28.64019300023036],[-81.45633699977283,28.640198000286343],[-81.45640899974283,28.640317999981857],[-81.45745300020648,28.641920000034943],[-81.4581510001654,28.642899999782976],[-81.45830699980101,28.64311399991305],[-81.45850699981754,28.643362000070326],[-81.45873799979623,28.64363700000741],[-81.45907500008012,28.643995000175536],[-81.45961400003037,28.64454599960599],[-81.45969900041918,28.644652999623396]]]},"properties":{"block_id":"121170217041029","school_id":"sch_wekiva_high","kids_est":0,"class":"red","shortest":{"len_m":3399.3,"mean_c":36.24,"peak_c":37.0,"dose":152.3},"coolest":{"len_m":3399.3,"mean_c":36.24,"peak_c":37.0,"dose":152.3},"delta_mean_c":0.0,"delta_dose_pct":0,"distance_mi":0.988,"status_now":"walk","status_rec":"bus_eligible","reason":"Coolest route mean 36.2C exceeds threshold (110 C-min dose, actual 152).","safe_until_hour":"13:00"}},{"type":"Feature","geometry":{"type":"Polygon","coordinates":[[[-81.46433700043447,28.63393700006736],[-81.46348999961431,28.633881000342612],[-81.46219400015391,28.633756000018515],[-81.45983099976536,28.633415000263202],[-81.45944599980089,28.633376000137325],[-81.45938800007455,28.633576000204783],[-81.46115999973603,28.633778000193544],[-81.46302400035731,28.63404000006031],[-81.46332800013093,28.63406599998132],[-81.46433700043447,28.63393700006736]]]},"properties":{"block_id":"120950151051006","school_id":"sch_wekiva_high","kids_est":0,"class":"red","shortest":{"len_m":4890.0,"mean_c":36.4,"peak_c":37.0,"dose":230.0},"coolest":{"len_m":4890.0,"mean_c":36.4,"peak_c":37.0,"dose":230.0},"delta_mean_c":0.0,"delta_dose_pct":0,"distance_mi":0.786,"status_now":"walk","status_rec":"bus_eligible","reason":"Coolest route mean 36.4C exceeds threshold (110 C-min dose, actual 230).","safe_until_hour":"11:00"}},{"type":"Feature","geometry":{"type":"Polygon","coordinates":[[[-81.47212899978534,28.62949099963824],[-81.47212899978534,28.629366000393254],[-81.46802800007048,28.629382000330114],[-81.46386700008118,28.62939900006331],[-81.46369800002678,28.629297000046048],[-81.46365299982095,28.629310999605927],[-81.463580000026,28.629319000367385],[-81.46346799987302,28.629316999979935],[-81.46243000015546,28.62930199983273],[-81.46219099978087,28.62929899964537],[-81.46208399965074,28.629294999658164],[-81.46162099986849,28.629288000271654],[-81.46023400017147,28.629266999743777],[-81.45989500023778,28.629262999755426],[-81.45986500010054,28.629260000355394],[-81.45981099967386,28.629235999632755],[-81.45978700028273,28.629213000282043],[-81.45977499968886,28.629194000128997],[-81.45975200012263,28.629115999879637],[-81.45974600027486,28.629055000149656],[-81.45975700014549,28.628807999885254],[-81.45976399981821,28.62848799972226],[-81.45975899979534,28.628152999849355],[-81.45972199998539,28.627599000041243],[-81.45807499999741,28.62760600032892],[-81.4580170002711,28.626245999994623],[-81.45675400042265,28.626288999717765],[-81.45675299969943,28.627704000364663],[-81.45706200039423,28.62787000024863],[-81.45773299969065,28.62823000021607],[-81.45797799991303,28.628375000138874],[-81.45817799992957,28.628507999810303],[-81.45842899999974,28.62870100026703],[-81.45855000037358,28.628807000080915],[-81.45878899984986,28.62904399996187],[-81.45894600020868,28.629222000062864],[-81.4589610002773,28.629238999821972],[-81.4589830000186,28.629265000143896],[-81.45915999957062,28.62949700000197],[-81.45927599992157,28.629671000150424],[-81.45940099959505,28.629890000212676],[-81.4594829996108,28.630052999627576],[-81.45948799963368,28.63006200012481],[-81.4595959995887,28.630316999700486],[-81.45967900032771,28.63056599993134],[-81.45968299962736,28.63057699995956],[-81.45972799983319,28.630743000030684],[-81.45974000042708,28.63080199999746],[-81.45977600041208,28.63097899969879],[-81.45977899988681,28.630988999900236],[-81.45978599955951,28.631039000104472],[-81.45980300017627,28.631169000208686],[-81.45980800019913,28.631242999807924],[-81.45981700041997,28.63135900037461],[-81.45982099971961,28.631605000377274],[-81.45980700037423,28.63185300014236],[-81.45977899988681,28.632065000392657],[-81.45975899979534,28.632180000278584],[-81.4597499995745,28.63221500018454],[-81.45964599981741,28.63266300031567],[-81.45960700035768,28.63281200027517],[-81.45955399975591,28.63301100007633],[-81.45950600007534,28.633171999849317],[-81.45944599980089,28.633376000137325],[-81.45983099976536,28.633415000263202],[-81.46219400015391,28.633756000018515],[-81.46348999961431,28.633881000342612],[-81.46433700043447,28.63393700006736],[-81.46519699987678,28.633827000100982],[-81.46672400021417,28.633632000092348],[-81.46761399979371,28.633517999980082],[-81.46850300044665,28.633403999743976],[-81.46863300014299,28.633385000349634],[-81.4686699999529,28.63337999996899],[-81.46883700035748,28.63335699994946],[-81.46955000038501,28.633266000371425],[-81.47026199968933,28.633174000163233],[-81.47212799996042,28.63293499982834],[-81.47212899978534,28.62992000033686],[-81.47212899978534,28.62949099963824]]]},"properties":{"block_id":"120950151051008","school_id":"sch_wekiva_high","kids_est":1,"class":"red","shortest":{"len_m":5155.6,"mean_c":36.41,"peak_c":37.0,"dose":242.8},"coolest":{"len_m":5155.6,"mean_c":36.41,"peak_c":37.0,"dose":242.8},"delta_mean_c":0.0,"delta_dose_pct":0,"distance_mi":0.707,"status_now":"walk","status_rec":"bus_eligible","reason":"Coolest route mean 36.4C exceeds threshold (110 C-min dose, actual 243).","safe_until_hour":"11:00"}},{"type":"Feature","geometry":{"type":"Polygon","coordinates":[[[-81.474118999905,28.631292999891222],[-81.47411300005723,28.631228999717262],[-81.47410999968416,28.631011999650195],[-81.47410100036166,28.630168999932593],[-81.47409899981352,28.629887999836164],[-81.47350999963453,28.629887999836164],[-81.47344799971026,28.629888999630147],[-81.47295899998872,28.62989499997111],[-81.47290600028526,28.629895999765093],[-81.47282099989647,28.62989400017718],[-81.47278499991145,28.629897000347544],[-81.47271700013938,28.629918999754626],[-81.47268700000217,28.629936999982856],[-81.47266000023798,28.629959000170047],[-81.47263699977346,28.629983999732005],[-81.4726190002301,28.630012000243614],[-81.4726059998113,28.630042000332878],[-81.47259800031371,28.630073000205904],[-81.47259900013863,28.630142000042966],[-81.47260699963621,28.63022699964273],[-81.47270100024588,28.630830000290842],[-81.47270899974346,28.63092500032937],[-81.47270100024588,28.631056000357777],[-81.47267399958336,28.631184999870747],[-81.47262300042806,28.631367000191453],[-81.47261500003214,28.631407000055013],[-81.47263900032159,28.63141599964771],[-81.47271299994142,28.631431000281207],[-81.4727520002995,28.631429999713436],[-81.47291299995798,28.631406000275447],[-81.4734490004335,28.631329999653616],[-81.47369999960534,28.63130399984324],[-81.47381500013138,28.631298000371316],[-81.47395300022364,28.631292000110562],[-81.474118999905,28.631292999891222]]]},"properties":{"block_id":"120950151051016","school_id":"sch_wekiva_high","kids_est":119,"class":"red","shortest":{"len_m":5722.7,"mean_c":36.42,"peak_c":37.0,"dose":270.2},"coolest":{"len_m":5722.7,"mean_c":36.42,"peak_c":37.0,"dose":270.2},"delta_mean_c":0.0,"delta_dose_pct":0,"distance_mi":0.518,"status_now":"walk","status_rec":"bus_eligible","reason":"Coolest route mean 36.4C exceeds threshold (110 C-min dose, actual 270).","safe_until_hour":"11:00"}},{"type":"Feature","geometry":{"type":"Polygon","coordinates":[[[-81.47418400020231,28.645088000087966],[-81.47438199967073,28.644808999828907],[-81.47417400015658,28.644670000036097],[-81.4734369998396,28.644178000009802],[-81.47255099955973,28.643587999950995],[-81.471225999787,28.64270500008003],[-81.47048900036835,28.642213999974555],[-81.46989799964125,28.641819999722866],[-81.46812500015487,28.640638000338402],[-81.46756199991515,28.64026300020411],[-81.46753599997591,28.640243999686522],[-81.46752199973218,28.64026300020411],[-81.4671059998056,28.640804000262026],[-81.46699799985055,28.640931999928803],[-81.46690599978903,28.641005999738844],[-81.46683600036715,28.641045000182395],[-81.46675600000123,28.64107599995854],[-81.46668099965814,28.641095000325514],[-81.4664379999839,28.641111000050905],[-81.46503600021829,28.641115000376075],[-81.46446100028302,28.641111000050905],[-81.46328899977287,28.64111399990058],[-81.46224900040552,28.64111800022567],[-81.46213300005455,28.64111399990058],[-81.46228500039054,28.64122400011169],[-81.46274099960178,28.641554000052835],[-81.46289299993775,28.641665000272795],[-81.46401900041714,28.642481999684353],[-81.46557500016854,28.64360999964128],[-81.46664100037349,28.644387000041682],[-81.46739899970855,28.64493200029739],[-81.46740899975428,28.64493900021718],[-81.46820499962249,28.645495999656248],[-81.46853299968556,28.6457400003401],[-81.46869599989218,28.64586200007502],[-81.46918799998676,28.646228000004967],[-81.46925099973595,28.646275000340715],[-81.46935299984321,28.646349000323386],[-81.46936200006405,28.646356000148614],[-81.46951000020205,28.646462999896283],[-81.46990799968698,28.646751999973365],[-81.46997600035736,28.64667899990903],[-81.47211500043993,28.64438000008513],[-81.4721260003106,28.645914999999647],[-81.47212700013552,28.646016999630444],[-81.47213100033348,28.646527999873946],[-81.47213200015838,28.646754000028434],[-81.4721339998082,28.64698100011545],[-81.47213700018125,28.647427999850812],[-81.47228600014417,28.647427999850812],[-81.47240800034291,28.647427999850812],[-81.4724510000006,28.647368999772617],[-81.47256999982629,28.647202000360284],[-81.47367000036643,28.645760000293425],[-81.47418400020231,28.645088000087966]]]},"properties":{"block_id":"120950175042017","school_id":"sch_wekiva_high","kids_est":1,"class":"green","shortest":{"len_m":2237.6,"mean_c":36.0,"peak_c":36.1,"dose":93.0},"coolest":{"len_m":2237.6,"mean_c":36.0,"peak_c":36.1,"dose":93.0},"delta_mean_c":0.0,"delta_dose_pct":0,"distance_mi":0.467,"status_now":"walk","status_rec":"walk","reason":"Shortest route already under threshold (dose 93).","safe_until_hour":null}},{"type":"Feature","geometry":{"type":"Polygon","coordinates":[[[-81.47608499973522,28.6345230002098],[-81.47613800033699,28.634251999834834],[-81.47444600014315,28.634251999834834],[-81.47322699977731,28.6342559996331],[-81.47114799996919,28.634232999805572],[-81.4687679998622,28.634232999805572],[-81.46862499974706,28.634232999805572],[-81.46699899967547,28.634231000300307],[-81.46643200013612,28.634232999805572],[-81.46484200004953,28.634187000135483],[-81.46418300044868,28.6341420001987],[-81.46332800013093,28.63406599998132],[-81.46189100020521,28.634251999834834],[-81.46134999970681,28.6343119999462],[-81.460614999938,28.634406000235558],[-81.45930600005879,28.634576000343834],[-81.45917499963925,28.634592000274893],[-81.45911000024022,28.63460100038291],[-81.45909299962346,28.634612999737243],[-81.45911299971495,28.63461800005915],[-81.45916200011875,28.634637000018692],[-81.45921399999729,28.634671000145257],[-81.45955299993102,28.634898000359865],[-81.45966699973381,28.63497399997462],[-81.46124199975179,28.63602500012494],[-81.46136499977544,28.63610699969768],[-81.46190100025096,28.636483000225716],[-81.46596000013301,28.639192000305215],[-81.46753599997591,28.640243999686522],[-81.46756199991515,28.64026300020411],[-81.46812500015487,28.640638000338402],[-81.46989799964125,28.641819999722866],[-81.47048900036835,28.642213999974555],[-81.471225999787,28.64270500008003],[-81.47255099955973,28.643587999950995],[-81.4734369998396,28.644178000009802],[-81.47417400015658,28.644670000036097],[-81.47438199967073,28.644808999828907],[-81.47445100016603,28.64465400006514],[-81.47453700037974,28.644437999824106],[-81.47458900025828,28.644152000229386],[-81.47462699989312,28.643912999672303],[-81.47464299978662,28.64355799979256],[-81.47465000035764,28.64301800020344],[-81.4746479998095,28.642440999637756],[-81.47464299978662,28.641088999836537],[-81.47465799985525,28.639155000161143],[-81.47470800008396,28.63854399998698],[-81.47480000014548,28.638017000076925],[-81.47497599987257,28.637313999850832],[-81.47526899977554,28.636577999877552],[-81.47556199967849,28.63590500024998],[-81.47586100032755,28.635158000307953],[-81.4760270000089,28.634693999876745],[-81.47608499973522,28.6345230002098]]]},"properties":{"block_id":"120950175042020","school_id":"sch_wekiva_high","kids_est":1,"class":"red","shortest":{"len_m":5433.8,"mean_c":36.38,"peak_c":37.0,"dose":253.7},"coolest":{"len_m":5433.8,"mean_c":36.38,"peak_c":37.0,"dose":253.7},"delta_mean_c":0.0,"delta_dose_pct":0,"distance_mi":0.248,"status_now":"walk","status_rec":"bus_eligible","reason":"Coolest route mean 36.4C exceeds threshold (110 C-min dose, actual 254).","safe_until_hour":"11:00"}},{"type":"Feature","geometry":{"type":"Polygon","coordinates":[[[-81.48045099976393,28.64550100024785],[-81.48045300031207,28.64526399969449],[-81.48044400009125,28.644736999641605],[-81.48044200044143,28.644629999709895],[-81.48043999989328,28.6444789998785],[-81.48043999989328,28.64431100014998],[-81.4804409997182,28.64420500022967],[-81.4804409997182,28.644136000179415],[-81.48044200044143,28.644055999892988],[-81.48044200044143,28.643932999974062],[-81.48044300026633,28.6439079997934],[-81.48044300026633,28.643865000194094],[-81.47950699975772,28.64390999990269],[-81.47817399958909,28.64389500026478],[-81.47803800004496,28.64390099980486],[-81.4772949998802,28.643937999851783],[-81.47627899990398,28.643935999743025],[-81.47628599957667,28.64484699999545],[-81.4762949997975,28.64587900029172],[-81.48002499979158,28.648367000074366],[-81.48033000028843,28.648570000369993],[-81.48044300026633,28.648640000272092],[-81.48044300026633,28.648618999675733],[-81.48044400009125,28.648560999883664],[-81.48044699956597,28.648166999822134],[-81.48044599974108,28.64779599986975],[-81.48044599974108,28.647709000275295],[-81.48044499991616,28.64677399978842],[-81.48045099976393,28.64550100024785]]]},"properties":{"block_id":"120950175042026","school_id":"sch_wekiva_high","kids_est":4,"class":"green","shortest":{"len_m":1913.7,"mean_c":35.98,"peak_c":36.0,"dose":78.6},"coolest":{"len_m":1913.7,"mean_c":35.98,"peak_c":36.0,"dose":78.6},"delta_mean_c":0.0,"delta_dose_pct":0,"distance_mi":0.602,"status_now":"walk","status_rec":"walk","reason":"Shortest route already under threshold (dose 79).","safe_until_hour":null}},{"type":"Feature","geometry":{"type":"Polygon","coordinates":[[[-81.47612999994107,28.61836499974296],[-81.47612800029125,28.6180340003148],[-81.4761240000933,28.617040999713296],[-81.4761240000933,28.616799999872185],[-81.47611599969736,28.616710999974273],[-81.47600100006964,28.616710999974273],[-81.47565499956491,28.616713999732845],[-81.47554099976209,28.61671499965229],[-81.47553599973924,28.61677999991941],[-81.47553800028737,28.617045000167344],[-81.47554199958701,28.617471999856257],[-81.47554099976209,28.618035000221738],[-81.47554099976209,28.61836599964673],[-81.47565799993797,28.618367000339028],[-81.47575900022031,28.6183680002428],[-81.4760119999403,28.61836499974296],[-81.47612999994107,28.61836499974296]]]},"properties":{"block_id":"120950151061007","school_id":"sch_wekiva_high","kids_est":15,"class":"red","shortest":{"len_m":8231.8,"mean_c":36.44,"peak_c":37.0,"dose":392.1},"coolest":{"len_m":8232.1,"mean_c":36.44,"peak_c":37.0,"dose":392.0},"delta_mean_c":0.0,"delta_dose_pct":0,"distance_mi":1.423,"status_now":"walk","status_rec":"bus_eligible","reason":"Coolest route mean 36.4C exceeds threshold (110 C-min dose, actual 392).","safe_until_hour":"11:00"}},{"type":"Feature","geometry":{"type":"Polygon","coordinates":[[[-81.4804409997182,28.648987000245704],[-81.4804409997182,28.648851999713127],[-81.48041599960384,28.64882699991661],[-81.48033500031131,28.648781000338513],[-81.48030900037203,28.648763999803833],[-81.48024700044775,28.648722000233157],[-81.48016999955655,28.648669999765396],[-81.4800609997766,28.648597999863465],[-81.47999999967723,28.648556999842466],[-81.4792580002357,28.648062000266258],[-81.47703299993938,28.646577000133647],[-81.47629200032277,28.646083000312554],[-81.47586800000025,28.645800000188714],[-81.47459699975587,28.644951999616413],[-81.47449999967151,28.644887000238842],[-81.47436099975434,28.645083999914316],[-81.4738650003601,28.645769999874535],[-81.47292999967641,28.6469779996452],[-81.47258300024508,28.64742700022389],[-81.47269100020011,28.64742700022389],[-81.47273100038309,28.64742700022389],[-81.47304500020245,28.647425999808604],[-81.47337800028838,28.647425000181666],[-81.4734700003499,28.647425999808604],[-81.4734700003499,28.647397000375037],[-81.47347500037276,28.647051000289792],[-81.4734209999461,28.64700400030178],[-81.47338300031124,28.64697200028112],[-81.47338499996108,28.646751000340004],[-81.47338499996108,28.64651900000076],[-81.47356400006122,28.64652199969577],[-81.47360099987115,28.64652199969577],[-81.4736750003893,28.646521000060197],[-81.47375800022998,28.646521000060197],[-81.47394499982772,28.646521000060197],[-81.47404899958481,28.646519999636276],[-81.47413200032379,28.646519999636276],[-81.47420599994363,28.646519999636276],[-81.47420400029382,28.64629300012821],[-81.47420199974569,28.646066999768756],[-81.47432200029458,28.646066000128865],[-81.47461000017468,28.64606499970066],[-81.47475099974167,28.64606499970066],[-81.47486299989467,28.64606499970066],[-81.47505000039074,28.646064000060743],[-81.47515400014781,28.646064000060743],[-81.47523699998848,28.646064000060743],[-81.47542399958623,28.646062999632445],[-81.47552800024162,28.646062999632445],[-81.4756110000823,28.64606199999252],[-81.47579799968004,28.64606199999252],[-81.47589200028968,28.64606199999252],[-81.47595400021397,28.64606199999252],[-81.47607100038984,28.646138000192277],[-81.47620000026126,28.646221999809622],[-81.4761950002384,28.646833999833834],[-81.47620100008618,28.646923000205955],[-81.47620399956091,28.646968000179314],[-81.47620799975887,28.64700999966404],[-81.47622700002545,28.64701399976423],[-81.47624600029201,28.647024000014095],[-81.47627600042925,28.64704999987091],[-81.4762949997975,28.64708300028629],[-81.47630099964529,28.647139000059678],[-81.47630400001835,28.647260999744],[-81.4763090000412,28.647279000150697],[-81.4763090000412,28.647417000012457],[-81.4763090000412,28.647575999713695],[-81.4763090000412,28.647669000319752],[-81.4763090000412,28.64794800006632],[-81.47630999986612,28.648041000342456],[-81.47854000018529,28.648062000266258],[-81.47870099984378,28.648062999887127],[-81.47895899958664,28.64807000038626],[-81.47944099963549,28.64839100036281],[-81.48009799958652,28.6488289999321],[-81.4802990003263,28.648963000093655],[-81.4804409997182,28.64905499985833],[-81.4804409997182,28.648987000245704]]]},"properties":{"block_id":"120950175042013","school_id":"sch_wekiva_high","kids_est":3,"class":"green","shortest":{"len_m":1913.7,"mean_c":35.98,"peak_c":36.0,"dose":78.6},"coolest":{"len_m":1913.7,"mean_c":35.98,"peak_c":36.0,"dose":78.6},"delta_mean_c":0.0,"delta_dose_pct":0,"distance_mi":0.631,"status_now":"walk","status_rec":"walk","reason":"Shortest route already under threshold (dose 79).","safe_until_hour":null}},{"type":"Feature","geometry":{"type":"Polygon","coordinates":[[[-81.45722600042576,28.637574999840734],[-81.45724099959607,28.637555999624777],[-81.4565109998501,28.63703099972322],[-81.45637299975782,28.636926999785388],[-81.45613500010647,28.636737000239314],[-81.45601999958043,28.636636999717588],[-81.45589099970898,28.636513999772966],[-81.45564700020982,28.63628000019186],[-81.45457599998201,28.6351920002657],[-81.45345899972344,28.63533499975852],[-81.45435000002621,28.63675800006079],[-81.4544410002628,28.636899000330374],[-81.45478900041734,28.63743599992391],[-81.45553000003396,28.63857900013561],[-81.45558699993538,28.638677000174305],[-81.45596500022715,28.63928399996755],[-81.45642100033673,28.639957999695163],[-81.45651900024602,28.64011800015028],[-81.45655199985798,28.640105999848668],[-81.45660299991161,28.640079999847497],[-81.45662999967578,28.640066999844468],[-81.45664100044475,28.64005300014267],[-81.45665300014032,28.640037000255887],[-81.45666999985875,28.639964000248806],[-81.4566869995772,28.63984100026243],[-81.45670699966868,28.638699000106033],[-81.45670400019395,28.63853399971711],[-81.45671599988951,28.63837600021479],[-81.45674000017894,28.638268000388177],[-81.45677600016396,28.638161999880776],[-81.45683399989029,28.638034999704605],[-81.45688999996678,28.637936999854695],[-81.4569550002641,28.637847999742707],[-81.45707699956453,28.637715000081393],[-81.45722600042576,28.637574999840734]]]},"properties":{"block_id":"120950151051001","school_id":"sch_wekiva_high","kids_est":1,"class":"red","shortest":{"len_m":4085.0,"mean_c":36.38,"peak_c":37.1,"dose":190.5},"coolest":{"len_m":4085.0,"mean_c":36.38,"peak_c":37.1,"dose":190.5},"delta_mean_c":0.0,"delta_dose_pct":0,"distance_mi":1.096,"status_now":"walk","status_rec":"bus_eligible","reason":"Coolest route mean 36.4C exceeds threshold (110 C-min dose, actual 190).","safe_until_hour":"12:00"}},{"type":"Feature","geometry":{"type":"Polygon","coordinates":[[[-81.45909299962346,28.634612999737243],[-81.45907900027808,28.634599999845292],[-81.45905300033881,28.634583000166156],[-81.45899800008722,28.634545999973714],[-81.4587710003065,28.63439700011088],[-81.45842099960382,28.63421699981977],[-81.45752000015364,28.633615000256334],[-81.45737799986341,28.633521999806273],[-81.45668999995023,28.6335289996989],[-81.4567080003919,28.633651000230383],[-81.45671300041477,28.633772999831628],[-81.45670400019395,28.633904000247234],[-81.4566799999045,28.63404000006031],[-81.45663999972153,28.63417400019077],[-81.45658399964503,28.634302999813382],[-81.45651400022314,28.634425999984334],[-81.45643600040533,28.634533000073482],[-81.45635600003939,28.6346230003808],[-81.45626700035093,28.63470699975703],[-81.45616900044165,28.63478400004599],[-81.45606499978626,28.634852999939522],[-81.45595400035648,28.634911999961066],[-81.45583999965535,28.63496199987311],[-81.45566099955522,28.635023000112046],[-81.45548800020117,28.6350649996485],[-81.45514900026745,28.63511800029725],[-81.45457599998201,28.6351920002657],[-81.45564700020982,28.63628000019186],[-81.45589099970898,28.636513999772966],[-81.45601999958043,28.636636999717588],[-81.45613500010647,28.636737000239314],[-81.45637299975782,28.636926999785388],[-81.4565109998501,28.63703099972322],[-81.45724099959607,28.637555999624777],[-81.45727499993124,28.63758000002155],[-81.45808900024112,28.638177000338402],[-81.45812699987594,28.637989999841217],[-81.4582509997245,28.637512999787155],[-81.45901499980566,28.634877000166085],[-81.45909299962346,28.634612999737243]]]},"properties":{"block_id":"120950151051003","school_id":"sch_wekiva_high","kids_est":0,"class":"red","shortest":{"len_m":4101.5,"mean_c":36.37,"peak_c":37.0,"dose":191.0},"coolest":{"len_m":4101.5,"mean_c":36.37,"peak_c":37.0,"dose":191.0},"delta_mean_c":0.0,"delta_dose_pct":0,"distance_mi":1.006,"status_now":"walk","status_rec":"bus_eligible","reason":"Coolest route mean 36.4C exceeds threshold (110 C-min dose, actual 191).","safe_until_hour":"12:00"}},{"type":"Feature","geometry":{"type":"Polygon","coordinates":[[[-81.47076499965456,28.62883100011315],[-81.47076899985252,28.62823000021607],[-81.46849300040091,28.628243000108558],[-81.46849099985276,28.62885400033607],[-81.4685019997234,28.628891999973316],[-81.46852400036303,28.628927000187314],[-81.46855500032517,28.628955000192402],[-81.46859399978493,28.62897400038873],[-81.46863800016587,28.628983999992702],[-81.47062099971451,28.62897100019198],[-81.47066699974526,28.62896200038965],[-81.47070799975315,28.628940999796544],[-81.47073899971528,28.628910000377736],[-81.47075899980678,28.62887199995844],[-81.47076499965456,28.62883100011315]]]},"properties":{"block_id":"120950151051033","school_id":"sch_wekiva_high","kids_est":12,"class":"red","shortest":{"len_m":7795.3,"mean_c":36.43,"peak_c":37.0,"dose":371.4},"coolest":{"len_m":7795.6,"mean_c":36.43,"peak_c":37.0,"dose":371.3},"delta_mean_c":0.0,"delta_dose_pct":0,"distance_mi":0.698,"status_now":"walk","status_rec":"bus_eligible","reason":"Coolest route mean 36.4C exceeds threshold (110 C-min dose, actual 371).","safe_until_hour":"11:00"}},{"type":"Feature","geometry":{"type":"Polygon","coordinates":[[[-81.47240800034291,28.647427999850812],[-81.47228600014417,28.647427999850812],[-81.47213700018125,28.647427999850812],[-81.4721339998082,28.64698100011545],[-81.47213200015838,28.646754000028434],[-81.47213100033348,28.646527999873946],[-81.47212700013552,28.646016999630444],[-81.4721260003106,28.645914999999647],[-81.47211500043993,28.64438000008513],[-81.46997600035736,28.64667899990903],[-81.46990799968698,28.646751999973365],[-81.46998100038024,28.646805000236643],[-81.47013899966565,28.646919999733985],[-81.47041900004815,28.64712400009516],[-81.47049799969086,28.64718100026429],[-81.47070000025553,28.647328000059545],[-81.47132000039664,28.647776999928247],[-81.47157999978933,28.647964999944904],[-81.47186099999672,28.648168000230356],[-81.47218700040996,28.64772699981669],[-81.47240800034291,28.647427999850812]]]},"properties":{"block_id":"120950175042016","school_id":"sch_wekiva_high","kids_est":0,"class":"green","shortest":{"len_m":1496.9,"mean_c":35.98,"peak_c":36.0,"dose":61.6},"coolest":{"len_m":1496.9,"mean_c":35.98,"peak_c":36.0,"dose":61.6},"delta_mean_c":0.0,"delta_dose_pct":0,"distance_mi":0.587,"status_now":"walk","status_rec":"walk","reason":"Shortest route already under threshold (dose 62).","safe_until_hour":null}},{"type":"Feature","geometry":{"type":"Polygon","coordinates":[[[-81.47495099975822,28.627094000360213],[-81.47491800014625,28.62625699968707],[-81.47489700022984,28.625732999866912],[-81.47432200029458,28.625738999656942],[-81.47428200011163,28.625738999656942],[-81.47380799956038,28.625743999613107],[-81.47371200019921,28.62574500023514],[-81.47342599996895,28.625750000191026],[-81.47333100043272,28.62575199985793],[-81.47274200025376,28.62575799964685],[-81.47239099972616,28.625754000313314],[-81.47136800007722,28.625769000179016],[-81.47077399987538,28.62578700033039],[-81.47064599982886,28.625795999616443],[-81.47043499994167,28.62582299983545],[-81.47017600037391,28.62587499979965],[-81.46981999982344,28.625957000206423],[-81.46947400021703,28.6260280000453],[-81.46937700013264,28.626036000268464],[-81.46928000004827,28.626037000099213],[-81.46913399956009,28.626026000383664],[-81.46903900002384,28.626009000104254],[-81.4688520004261,28.625961000320775],[-81.46853000021082,28.625865999731857],[-81.4683450002629,28.625822000002678],[-81.46819399975183,28.625798999903978],[-81.46802499969743,28.625783000209438],[-81.46599199992006,28.625714999706208],[-81.46545799999267,28.62571600032852],[-81.46515199967092,28.625703999956983],[-81.46477500010238,28.625684000123158],[-81.46377300036986,28.625655000199682],[-81.4634739997208,28.625645000278634],[-81.46257800029348,28.62561800001379],[-81.46228000036766,28.625608999924026],[-81.46227899964441,28.625785999708768],[-81.4622779998195,28.626315999809968],[-81.4622779998195,28.62649399980604],[-81.46236400003323,28.626496000247293],[-81.46262400032423,28.6265019999937],[-81.46271100036287,28.62650500026107],[-81.46291899987702,28.62650900035453],[-81.46334300019954,28.62651900019333],[-81.46354400004101,28.62652800020508],[-81.4636789997602,28.626533999949718],[-81.46370499969947,28.62653800004207],[-81.4637499999053,28.626555000235875],[-81.4637690001719,28.626568000335794],[-81.46380099995895,28.62660100009699],[-81.46382000022552,28.626641000199903],[-81.46381799967737,28.62673699991145],[-81.46381500020264,28.62699099985836],[-81.46381400037774,28.627367999748532],[-81.46381400037774,28.627578999780003],[-81.46381299965451,28.6277709997652],[-81.46381000017978,28.628346000170325],[-81.46381000017978,28.628539000136406],[-81.46380900035487,28.628675999610987],[-81.46380699980672,28.62908899971914],[-81.46380699980672,28.629120999674946],[-81.46379799958589,28.62918399975659],[-81.46378199969236,28.629222999863256],[-81.46376999999681,28.629242000011047],[-81.46373800020976,28.629273999920212],[-81.46369800002678,28.629297000046048],[-81.46386700008118,28.62939900006331],[-81.46802800007048,28.629382000330114],[-81.47212899978534,28.629366000393254],[-81.47287100012517,28.629366000393254],[-81.47361500011483,28.629366000393254],[-81.47362400033568,28.627419999735903],[-81.47362599998549,28.627082999966902],[-81.47378400016925,28.62708399978766],[-81.47495099975822,28.627094000360213]],[[-81.47331800001393,28.626306999779985],[-81.47330799996818,28.626455000262464],[-81.4733020001204,28.626649000376293],[-81.47329899974734,28.626866999824486],[-81.4732950004477,28.627379999929847],[-81.47328200002892,28.627414999859504],[-81.47325899956438,28.627445999719896],[-81.47322799960224,28.627470999880387],[-81.4731899999674,28.62748700010618],[-81.47314899995953,28.627493999612803],[-81.47245600002348,28.627497999668616],[-81.47217700036423,28.627499000273893],[-81.4720359998989,28.627500000090684],[-81.47161699959926,28.62750300032953],[-81.47077700024845,28.627507000384952],[-81.47076899985252,28.62823000021607],[-81.47076499965456,28.62883100011315],[-81.47075899980678,28.62887199995844],[-81.47073899971528,28.628910000377736],[-81.47070799975315,28.628940999796544],[-81.47066699974526,28.62896200038965],[-81.47062099971451,28.62897100019198],[-81.46863800016587,28.628983999992702],[-81.46859399978493,28.62897400038873],[-81.46855500032517,28.628955000192402],[-81.46852400036303,28.628927000187314],[-81.4685019997234,28.628891999973316],[-81.46849099985276,28.62885400033607],[-81.46849300040091,28.628243000108558],[-81.4685019997234,28.62749699985181],[-81.46850400027154,28.626985000139893],[-81.46850799957119,28.62687300033822],[-81.46852199981491,28.626833000323778],[-81.4685510001272,28.62679800020007],[-81.46858999958695,28.626772999879215],[-81.4686359996177,28.626758999980837],[-81.46981399997564,28.6267490001649],[-81.46990600003716,28.626741999820137],[-81.4699939999007,28.626722000184067],[-81.4706340001333,28.626492000153288],[-81.47104500003704,28.626348999650386],[-81.47114999961902,28.62633100038389],[-81.47123599983274,28.626325999667163],[-81.47162300034536,28.626323000183202],[-81.47196200027906,28.62631999991063],[-81.4720409999218,28.62631999991063],[-81.47246000022145,28.626315999809968],[-81.47288899966851,28.626311999709156],[-81.47297900008022,28.626310000052925],[-81.47331800001393,28.626306999779985]],[[-81.46765700034972,28.627491000162273],[-81.4676559996265,28.62750199972424],[-81.4676499997787,28.628422999606943],[-81.46763200023537,28.628460000381086],[-81.46761100031895,28.62847999968602],[-81.46758399965647,28.62849300033599],[-81.46753799962572,28.62849899996833],[-81.46715000018652,28.628494000143327],[-81.4671059998056,28.62847999968602],[-81.46707300019364,28.62845099974648],[-81.46705499975195,28.628412000141427],[-81.46705599957689,28.628052999821275],[-81.46705800012501,28.627405000106123],[-81.46756399956499,28.627409000165283],[-81.467607000121,28.627422999976975],[-81.46763999973297,28.627453000017766],[-81.46765700034972,28.627491000162273]],[[-81.46648300018974,28.62699599975496],[-81.46648099964162,28.627400000229],[-81.46647700034197,28.62771099985682],[-81.46646100044843,28.627747000279058],[-81.46643100031122,28.62777399999625],[-81.46639000030332,28.627789000361805],[-81.4659309998207,28.627787999759263],[-81.46549200032787,28.627785000317132],[-81.46544999959676,28.627773000182053],[-81.46541500033499,28.627747000279058],[-81.46539500024348,28.62771099985682],[-81.46539100004553,28.627684999938456],[-81.46539400041858,28.62739200010985],[-81.46539500024348,28.62698699978327],[-81.4654169999848,28.626919999882315],[-81.46542700003053,28.626901999925195],[-81.46545299996981,28.626848000035295],[-81.46551999991696,28.626776999962523],[-81.4655440002064,28.626760999628516],[-81.46554199965827,28.626735000263302],[-81.4655719997955,28.62662099975606],[-81.46558699986412,28.626591000266068],[-81.46559299971189,28.62657700034335],[-81.46567899992561,28.626582000259656],[-81.46588399996503,28.626623000194883],[-81.46594000004154,28.626646000113094],[-81.46599199992006,28.626619000105777],[-81.46604999964639,28.626602999747682],[-81.4661710000202,28.626583000085187],[-81.46629300021894,28.62657700034335],[-81.46629800024182,28.626588999826634],[-81.46634000007461,28.626674999762802],[-81.46635400031832,28.62673900034806],[-81.46635799961795,28.626777999786135],[-81.46641299986955,28.626829000242605],[-81.46644200018186,28.626871999726927],[-81.46645800007539,28.626904000358675],[-81.46647800016687,28.62695699960929],[-81.46648300018974,28.62699599975496]],[[-81.46644100035695,28.62839600005671],[-81.46643999963372,28.62851299963464],[-81.46643899980882,28.628938000387365],[-81.46643399978593,28.62898200038736],[-81.46641700006751,28.629019000176026],[-81.46638399955722,28.629047000156568],[-81.46634199972443,28.62906200034016],[-81.46557500016854,28.62905900014593],[-81.46550700039649,28.629055000149656],[-81.46547700025926,28.62904600035451],[-81.4654389997261,28.62902099978064],[-81.46541500033499,28.628983999992702],[-81.46540799976397,28.628938000387365],[-81.46541199996193,28.628511999827495],[-81.46541299978684,28.62841299994953],[-81.46541899963462,28.62837000030796],[-81.46543500042645,28.62834200014681],[-81.46546200019063,28.62831999962075],[-81.46549599962752,28.628309000144426],[-81.46592599979782,28.628309000144426],[-81.46631599978515,28.628309999953522],[-81.46637000021184,28.62831499978721],[-81.46640899967159,28.628335999717056],[-81.46642700011324,28.6283569996427],[-81.46644100035695,28.62839600005671]],[[-81.4648110000874,28.627389999685683],[-81.46480299969147,28.628265999671818],[-81.46479699984368,28.6289689997979],[-81.46478299959999,28.62900200038127],[-81.46475699966071,28.629027999973474],[-81.46471099962996,28.629050000351143],[-81.46431399996992,28.629048999760663],[-81.46426799993918,28.629039000162887],[-81.46424199999991,28.629023000173675],[-81.46421299968759,28.628990000385397],[-81.46420000016712,28.628948999797696],[-81.46420900038795,28.627705000179507],[-81.46421100003778,28.62747700035959],[-81.46421600006063,28.627451000383267],[-81.46423799980195,28.627417000283213],[-81.46427399978697,28.627392999927658],[-81.46430300009928,28.627385999625798],[-81.4648110000874,28.627389999685683]]]},"properties":{"block_id":"120950151051027","school_id":"sch_wekiva_high","kids_est":343,"class":"red","shortest":{"len_m":6507.9,"mean_c":36.44,"peak_c":37.0,"dose":310.0},"coolest":{"len_m":6508.2,"mean_c":36.44,"peak_c":37.0,"dose":309.9},"delta_mean_c":0.0,"delta_dose_pct":0,"distance_mi":0.937,"status_now":"walk","status_rec":"bus_eligible","reason":"Coolest route mean 36.4C exceeds threshold (110 C-min dose, actual 310).","safe_until_hour":"11:00"}},{"type":"Feature","geometry":{"type":"Polygon","coordinates":[[[-81.47639799972967,28.628626999664046],[-81.47638299966104,28.628135999914363],[-81.47625399978963,28.627180999702475],[-81.47622799985035,28.626529999857162],[-81.47617900034486,28.625724999620655],[-81.47570399996872,28.625730000366016],[-81.47552499986858,28.625732999866912],[-81.475216999897,28.625731000199654],[-81.47504899966751,28.625732000033288],[-81.47489700022984,28.625732999866912],[-81.47491800014625,28.62625699968707],[-81.47495099975822,28.627094000360213],[-81.47378400016925,28.62708399978766],[-81.47362599998549,28.627082999966902],[-81.47362400033568,28.627419999735903],[-81.47361500011483,28.629366000393254],[-81.47287100012517,28.629366000393254],[-81.47212899978534,28.629366000393254],[-81.47212899978534,28.62949099963824],[-81.47212899978534,28.62992000033686],[-81.47212799996042,28.63293499982834],[-81.47435300025674,28.632650999949885],[-81.47436300030247,28.63264899962601],[-81.47459900030402,28.632619000281885],[-81.47482600008473,28.632585000279015],[-81.47537500008075,28.632483999973537],[-81.47625399978963,28.63229100016553],[-81.47636699976754,28.63226600036457],[-81.47636699976754,28.63178799974559],[-81.47637000014058,28.630795999708347],[-81.47639799972967,28.628626999664046]],[[-81.47579799968004,28.631231999849508],[-81.47580000022819,28.63147100012038],[-81.47579600003023,28.63180799999323],[-81.47579100000735,28.631819999666977],[-81.47577900031179,28.631850999803266],[-81.47574900017456,28.631887000382424],[-81.47570700034176,28.631913000048378],[-81.47526700012571,28.632014999888682],[-81.47481500021408,28.632101000109934],[-81.47435099970859,28.632166000312907],[-81.47400400027726,28.632208000204272],[-81.4738519999413,28.63221100030853],[-81.47357300028204,28.63219000036553],[-81.47346199995397,28.632188999804985],[-81.47329600027261,28.632205000099976],[-81.47313399989092,28.632237999665882],[-81.47291399978289,28.63231100031731],[-81.47284500018591,28.632326999805276],[-81.4728090002009,28.632326999805276],[-81.47279099975923,28.63232299993355],[-81.4727389998807,28.632315000189568],[-81.4726769999564,28.63228400019032],[-81.47265100001715,28.632263000261943],[-81.47262900027584,28.632237999665882],[-81.47259800031371,28.632181000050785],[-81.47259099974269,28.632150000011976],[-81.47258900009287,28.631979000141918],[-81.47259400011575,28.631538000270208],[-81.47261500003214,28.631407000055013],[-81.47262300042806,28.631367000191453],[-81.47267399958336,28.631184999870747],[-81.47270100024588,28.631056000357777],[-81.47270899974346,28.63092500032937],[-81.47270100024588,28.630830000290842],[-81.47260699963621,28.63022699964273],[-81.47259900013863,28.630142000042966],[-81.47259800031371,28.630073000205904],[-81.4726059998113,28.630042000332878],[-81.4726190002301,28.630012000243614],[-81.47263699977346,28.629983999732005],[-81.47266000023798,28.629959000170047],[-81.47268700000217,28.629936999982856],[-81.47271700013938,28.629918999754626],[-81.47278499991145,28.629897000347544],[-81.47282099989647,28.62989400017718],[-81.47290600028526,28.629895999765093],[-81.47295899998872,28.62989499997111],[-81.47344799971026,28.629888999630147],[-81.47350999963453,28.629887999836164],[-81.47409899981352,28.629887999836164],[-81.47410100036166,28.630168999932593],[-81.47410999968416,28.631011999650195],[-81.47411300005723,28.631228999717262],[-81.474118999905,28.631292999891222],[-81.47424100010373,28.63129699980221],[-81.47434700040895,28.631296000021585],[-81.47444899961788,28.631289999760707],[-81.47447899975512,28.63128400028798],[-81.4745699999917,28.631268999633413],[-81.47473099965018,28.631219000327228],[-81.47483500030557,28.63117200034265],[-81.47493200038997,28.6311150001486],[-81.47523699998848,28.630876999640094],[-81.47530499976055,28.630838000148017],[-81.47538000010361,28.630810999642023],[-81.47543199998215,28.630801000212116],[-81.47545899974632,28.630797000282225],[-81.4757940003804,28.630795999708347],[-81.4757859999845,28.630875999855466],[-81.47576800044114,28.630974999775695],[-81.4757669997179,28.631064999980495],[-81.47579799968004,28.631231999849508]],[[-81.47571099964141,28.628745000366425],[-81.47570499979362,28.62883299972135],[-81.47568800007518,28.628868999758794],[-81.475661000311,28.628902000373596],[-81.4756269999758,28.628927000187314],[-81.47558599996793,28.628944999797234],[-81.47554199958701,28.628954000389463],[-81.47532599967694,28.62895800038966],[-81.47471999977954,28.628960999798263],[-81.4743370003632,28.628963000192496],[-81.47413499979852,28.628963000192496],[-81.47413599962344,28.628653000137557],[-81.47414099964632,28.62772499962823],[-81.47414200036953,28.627685999753492],[-81.47414499984428,28.627660999644135],[-81.47416499993575,28.627613999643312],[-81.47419900027094,28.62757399991125],[-81.47424500030169,28.627544999721398],[-81.47427200006587,28.627535999796777],[-81.4743299997922,28.627530999925977],[-81.47458699971014,28.62752799968793],[-81.47535800036232,28.627522000000152],[-81.475477000188,28.627522000000152],[-81.47561500028026,28.627529000292956],[-81.47566299996082,28.628111999723217],[-81.47570099959567,28.62855900021473],[-81.47571099964141,28.628745000366425]]]},"properties":{"block_id":"120950151051014","school_id":"sch_wekiva_high","kids_est":46,"class":"red","shortest":{"len_m":7367.8,"mean_c":36.44,"peak_c":37.0,"dose":350.9},"coolest":{"len_m":7368.1,"mean_c":36.44,"peak_c":37.0,"dose":350.8},"delta_mean_c":0.0,"delta_dose_pct":0,"distance_mi":0.592,"status_now":"walk","status_rec":"bus_eligible","reason":"Coolest route mean 36.4C exceeds threshold (110 C-min dose, actual 351).","safe_until_hour":"11:00"}},{"type":"Feature","geometry":{"type":"Polygon","coordinates":[[[-81.47554099976209,28.618035000221738],[-81.47554199958701,28.617471999856257],[-81.47553800028737,28.617045000167344],[-81.47553599973924,28.61677999991941],[-81.47554099976209,28.61671499965229],[-81.47535800036232,28.61671499965229],[-81.4753159996312,28.61671499965229],[-81.47516599984337,28.616706000376453],[-81.47507700015493,28.61668299985787],[-81.4748379997803,28.61657299994794],[-81.47467299992387,28.61649800033763],[-81.4746469999846,28.61653200003092],[-81.4746190003955,28.616588000336776],[-81.47458400023541,28.61669399976368],[-81.47457199964153,28.61678199975716],[-81.47457300036476,28.616855000116974],[-81.47457599983949,28.616996000311776],[-81.47457400018966,28.617525999837298],[-81.47457599983949,28.617993000179617],[-81.47457800038762,28.618372999761487],[-81.47477000000825,28.618370999954045],[-81.47534800031654,28.618367000339028],[-81.47554099976209,28.61836599964673],[-81.47554099976209,28.618035000221738]]]},"properties":{"block_id":"120950151061008","school_id":"sch_wekiva_high","kids_est":57,"class":"red","shortest":{"len_m":8324.3,"mean_c":36.44,"peak_c":37.0,"dose":396.9},"coolest":{"len_m":8324.6,"mean_c":36.44,"peak_c":37.0,"dose":396.8},"delta_mean_c":0.0,"delta_dose_pct":0,"distance_mi":1.422,"status_now":"walk","status_rec":"bus_eligible","reason":"Coolest route mean 36.4C exceeds threshold (110 C-min dose, actual 397).","safe_until_hour":"11:00"}},{"type":"Feature","geometry":{"type":"Polygon","coordinates":[[[-81.47330799996818,28.626455000262464],[-81.47331800001393,28.626306999779985],[-81.47297900008022,28.626310000052925],[-81.47288899966851,28.626311999709156],[-81.47246000022145,28.626315999809968],[-81.47245600002348,28.627497999668616],[-81.47314899995953,28.627493999612803],[-81.4731899999674,28.62748700010618],[-81.47322799960224,28.627470999880387],[-81.47325899956438,28.627445999719896],[-81.47328200002892,28.627414999859504],[-81.4732950004477,28.627379999929847],[-81.47329899974734,28.626866999824486],[-81.4733020001204,28.626649000376293],[-81.47330799996818,28.626455000262464]]]},"properties":{"block_id":"120950151051036","school_id":"sch_wekiva_high","kids_est":89,"class":"red","shortest":{"len_m":7241.8,"mean_c":36.44,"peak_c":37.0,"dose":344.9},"coolest":{"len_m":7242.1,"mean_c":36.44,"peak_c":37.0,"dose":344.8},"delta_mean_c":0.0,"delta_dose_pct":0,"distance_mi":0.775,"status_now":"walk","status_rec":"bus_eligible","reason":"Coolest route mean 36.4C exceeds threshold (110 C-min dose, actual 345).","safe_until_hour":"11:00"}},{"type":"Feature","geometry":{"type":"Polygon","coordinates":[[[-81.45633699977283,28.640198000286343],[-81.45632500007726,28.64018000024134],[-81.45630300033595,28.64014400014204],[-81.45614299960407,28.639894000075557],[-81.45533800041335,28.63868000009362],[-81.4553290001925,28.638685999931944],[-81.45493599983212,28.638889999749626],[-81.45484499959552,28.63896400021156],[-81.45481899965627,28.63897700035126],[-81.45463399970834,28.63907400031167],[-81.45394499997025,28.639419000200085],[-81.45383500036539,28.639467000135827],[-81.45371900001443,28.63949999978322],[-81.45246700003666,28.63972100002134],[-81.45204199988922,28.63980200015972],[-81.4515899999776,28.639878999863367],[-81.45150399976387,28.639880000350644],[-81.4514350001669,28.63987000020813],[-81.45139599980884,28.63987000020813],[-81.45135999982384,28.639886000120335],[-81.4513430001054,28.639904000215797],[-81.451322000189,28.639957999695163],[-81.45130399974732,28.640190000354302],[-81.45627200037381,28.640193999926225],[-81.45633699977283,28.640198000286343]]]},"properties":{"block_id":"120950151033002","school_id":"sch_wekiva_high","kids_est":0,"class":"red","shortest":{"len_m":4092.7,"mean_c":36.38,"peak_c":37.1,"dose":191.5},"coolest":{"len_m":4092.7,"mean_c":36.38,"peak_c":37.1,"dose":191.5},"delta_mean_c":0.0,"delta_dose_pct":0,"distance_mi":1.178,"status_now":"walk","status_rec":"bus_eligible","reason":"Coolest route mean 36.4C exceeds threshold (110 C-min dose, actual 192).","safe_until_hour":"12:00"}},{"type":"Feature","geometry":{"type":"Polygon","coordinates":[[[-81.47161699959926,28.62750300032953],[-81.47162300034536,28.626323000183202],[-81.47123599983274,28.626325999667163],[-81.47114999961902,28.62633100038389],[-81.47104500003704,28.626348999650386],[-81.4706340001333,28.626492000153288],[-81.47068699983674,28.626592000091456],[-81.47075100030918,28.626754999896917],[-81.4707749997003,28.62686799964731],[-81.47077899989826,28.626999000008134],[-81.47077700024845,28.627490000345393],[-81.47077700024845,28.627507000384952],[-81.47161699959926,28.62750300032953]]]},"properties":{"block_id":"120950151051031","school_id":"sch_wekiva_high","kids_est":58,"class":"red","shortest":{"len_m":7422.2,"mean_c":36.43,"peak_c":37.0,"dose":353.5},"coolest":{"len_m":7422.5,"mean_c":36.43,"peak_c":37.0,"dose":353.4},"delta_mean_c":0.0,"delta_dose_pct":0,"distance_mi":0.786,"status_now":"walk","status_rec":"bus_eligible","reason":"Coolest route mean 36.4C exceeds threshold (110 C-min dose, actual 353).","safe_until_hour":"11:00"}},{"type":"Feature","geometry":{"type":"Polygon","coordinates":[[[-81.47570499979362,28.62883299972135],[-81.47571099964141,28.628745000366425],[-81.47570099959567,28.62855900021473],[-81.47566299996082,28.628111999723217],[-81.47561500028026,28.627529000292956],[-81.475477000188,28.627522000000152],[-81.47535800036232,28.627522000000152],[-81.47458699971014,28.62752799968793],[-81.4743299997922,28.627530999925977],[-81.47427200006587,28.627535999796777],[-81.47424500030169,28.627544999721398],[-81.47419900027094,28.62757399991125],[-81.47416499993575,28.627613999643312],[-81.47414499984428,28.627660999644135],[-81.47414200036953,28.627685999753492],[-81.47414099964632,28.62772499962823],[-81.47413599962344,28.628653000137557],[-81.47413499979852,28.628963000192496],[-81.4743370003632,28.628963000192496],[-81.47471999977954,28.628960999798263],[-81.47532599967694,28.62895800038966],[-81.47554199958701,28.628954000389463],[-81.47558599996793,28.628944999797234],[-81.4756269999758,28.628927000187314],[-81.475661000311,28.628902000373596],[-81.47568800007518,28.628868999758794],[-81.47570499979362,28.62883299972135]]]},"properties":{"block_id":"120950151051015","school_id":"sch_wekiva_high","kids_est":18,"class":"red","shortest":{"len_m":7367.8,"mean_c":36.44,"peak_c":37.0,"dose":350.9},"coolest":{"len_m":7368.1,"mean_c":36.44,"peak_c":37.0,"dose":350.8},"delta_mean_c":0.0,"delta_dose_pct":0,"distance_mi":0.686,"status_now":"walk","status_rec":"bus_eligible","reason":"Coolest route mean 36.4C exceeds threshold (110 C-min dose, actual 351).","safe_until_hour":"11:00"}},{"type":"Feature","geometry":{"type":"Polygon","coordinates":[[[-81.4676559996265,28.62750199972424],[-81.46765700034972,28.627491000162273],[-81.46763999973297,28.627453000017766],[-81.467607000121,28.627422999976975],[-81.46756399956499,28.627409000165283],[-81.46705800012501,28.627405000106123],[-81.46705599957689,28.628052999821275],[-81.46705499975195,28.628412000141427],[-81.46707300019364,28.62845099974648],[-81.4671059998056,28.62847999968602],[-81.46715000018652,28.628494000143327],[-81.46753799962572,28.62849899996833],[-81.46758399965647,28.62849300033599],[-81.46761100031895,28.62847999968602],[-81.46763200023537,28.628460000381086],[-81.4676499997787,28.628422999606943],[-81.4676559996265,28.62750199972424]]]},"properties":{"block_id":"120950151051035","school_id":"sch_wekiva_high","kids_est":14,"class":"red","shortest":{"len_m":6637.4,"mean_c":36.44,"peak_c":37.0,"dose":316.2},"coolest":{"len_m":6637.7,"mean_c":36.44,"peak_c":37.0,"dose":316.1},"delta_mean_c":0.0,"delta_dose_pct":0,"distance_mi":0.796,"status_now":"walk","status_rec":"bus_eligible","reason":"Coolest route mean 36.4C exceeds threshold (110 C-min dose, actual 316).","safe_until_hour":"11:00"}},{"type":"Feature","geometry":{"type":"Polygon","coordinates":[[[-81.46381299965451,28.6277709997652],[-81.46381400037774,28.627578999780003],[-81.46368100030834,28.627583999648536],[-81.46362500023186,28.627583999648536],[-81.46324600011516,28.627587999700932],[-81.46305799979417,28.627582999832597],[-81.46293800014358,28.627581000200568],[-81.46287100019643,28.62756499998911],[-81.46281299957181,28.62765300033333],[-81.46270999963964,28.627748999907922],[-81.46231200015471,28.62812700004042],[-81.46225799972801,28.628178999651794],[-81.46220900022254,28.628234000243797],[-81.462185999758,28.628267000269755],[-81.46214800012316,28.628323999645037],[-81.46212399983372,28.628391000226785],[-81.46211200013815,28.628441999899568],[-81.46210899976509,28.628460000381086],[-81.46210399974224,28.62849499995064],[-81.46212800003168,28.62849800016104],[-81.46219599980375,28.628507000003168],[-81.46244400039917,28.628511999827495],[-81.46346799987302,28.62853400031338],[-81.46353999984304,28.628535999927177],[-81.46381000017978,28.628539000136406],[-81.46381000017978,28.628346000170325],[-81.46381299965451,28.6277709997652]]]},"properties":{"block_id":"120950151051039","school_id":"sch_wekiva_high","kids_est":34,"class":"red","shortest":{"len_m":6264.5,"mean_c":36.44,"peak_c":37.0,"dose":298.3},"coolest":{"len_m":6264.5,"mean_c":36.44,"peak_c":37.0,"dose":298.3},"delta_mean_c":0.0,"delta_dose_pct":0,"distance_mi":0.939,"status_now":"walk","status_rec":"bus_eligible","reason":"Coolest route mean 36.4C exceeds threshold (110 C-min dose, actual 298).","safe_until_hour":"11:00"}},{"type":"Feature","geometry":{"type":"Polygon","coordinates":[[[-81.45978599955951,28.631039000104472],[-81.45977899988681,28.630988999900236],[-81.45977600041208,28.63097899969879],[-81.45974000042708,28.63080199999746],[-81.45972799983319,28.630743000030684],[-81.45968299962736,28.63057699995956],[-81.45967900032771,28.63056599993134],[-81.4595959995887,28.630316999700486],[-81.45948799963368,28.63006200012481],[-81.4594829996108,28.630052999627576],[-81.45940099959505,28.629890000212676],[-81.45933500037111,28.62992000033686],[-81.4592490001574,28.629932000226415],[-81.45898600039166,28.629930999644294],[-81.45772000017017,28.629928000263345],[-81.45729800039578,28.629928000263345],[-81.45729800039578,28.63015300011564],[-81.45729800039578,28.630831999860966],[-81.4572990002207,28.631057999923524],[-81.45779600033815,28.631057999923524],[-81.45928900034036,28.631058999706422],[-81.45961800022833,28.631060000277795],[-81.45974899974958,28.63104600016272],[-81.45978599955951,28.631039000104472]]]},"properties":{"block_id":"120950151051012","school_id":"sch_wekiva_high","kids_est":3,"class":"red","shortest":{"len_m":4855.9,"mean_c":36.4,"peak_c":37.0,"dose":228.4},"coolest":{"len_m":4855.9,"mean_c":36.4,"peak_c":37.0,"dose":228.4},"delta_mean_c":0.0,"delta_dose_pct":0,"distance_mi":1.056,"status_now":"walk","status_rec":"bus_eligible","reason":"Coolest route mean 36.4C exceeds threshold (110 C-min dose, actual 228).","safe_until_hour":"11:00"}},{"type":"Feature","geometry":{"type":"Polygon","coordinates":[[[-81.45972299981032,28.64787599966871],[-81.45972199998539,28.645617999674972],[-81.45969799969598,28.644792999879133],[-81.45969799969598,28.644704999717685],[-81.45969900041918,28.644652999623396],[-81.45961400003037,28.64454599960599],[-81.45907500008012,28.643995000175536],[-81.45873799979623,28.64363700000741],[-81.45850699981754,28.643362000070326],[-81.45830699980101,28.64311399991305],[-81.4581510001654,28.642899999782976],[-81.45745300020648,28.641920000034943],[-81.45737200001562,28.641959000138645],[-81.45728999999986,28.641981000170563],[-81.45717700002194,28.64199399993642],[-81.45715299973253,28.64199699976089],[-81.45631099983356,28.641991999790644],[-81.45613599993136,28.641991999790644],[-81.45602399977838,28.64200300019786],[-81.4559619998541,28.642042000270763],[-81.45585600044721,28.642086000295173],[-81.45577500025635,28.642179000250184],[-81.45572699967745,28.64226599970117],[-81.45571199960884,28.64229499976487],[-81.45569400006549,28.642427000252766],[-81.45569400006549,28.643248999947403],[-81.45569400006549,28.64349199988675],[-81.45569400006549,28.64379700037009],[-81.45564399983678,28.643891000045638],[-81.45564100036205,28.644127999759345],[-81.45563399979105,28.644840999721097],[-81.45563200014122,28.64507900009121],[-81.45562899976817,28.64527400011122],[-81.45562200009547,28.64586200007502],[-81.45562000044563,28.64605799985602],[-81.45580500039357,28.646118000311024],[-81.45621200009936,28.646251000356372],[-81.4563419997957,28.646336000308924],[-81.45650500000231,28.646443000077014],[-81.45676100009534,28.646680000331454],[-81.45680200010324,28.646741999697586],[-81.45691699973095,28.646917000050365],[-81.45697299980745,28.64708700038371],[-81.45706099967099,28.6474829998136],[-81.45706099967099,28.64756000018602],[-81.4572289999005,28.647676000056812],[-81.45738200006136,28.647797999904856],[-81.45742899991703,28.647835000153837],[-81.45756600018439,28.647956999816902],[-81.45769099985786,28.64808799986575],[-81.45789000004947,28.64800200013498],[-81.45795899964645,28.647973000072376],[-81.45824599970165,28.647896000003104],[-81.45852199988616,28.64786800032222],[-81.45873899962115,28.64788500021383],[-81.45959300011398,28.647877000079717],[-81.4596659999089,28.64787599966871],[-81.45972299981032,28.64787599966871]]]},"properties":{"block_id":"121170217041025","school_id":"sch_wekiva_high","kids_est":50,"class":"red","shortest":{"len_m":3592.7,"mean_c":36.3,"peak_c":37.0,"dose":163.8},"coolest":{"len_m":3592.7,"mean_c":36.3,"peak_c":37.0,"dose":163.8},"delta_mean_c":0.0,"delta_dose_pct":0,"distance_mi":1.077,"status_now":"walk","status_rec":"bus_eligible","reason":"Coolest route mean 36.3C exceeds threshold (110 C-min dose, actual 164).","safe_until_hour":"13:00"}},{"type":"Feature","geometry":{"type":"Polygon","coordinates":[[[-81.47321199970871,28.622360999747297],[-81.4732109998838,28.622203000341027],[-81.47320800040906,28.62172999977882],[-81.47320699968584,28.62157300008478],[-81.47285400040674,28.62157399995802],[-81.4721689999683,28.621577000366173],[-81.47210399967098,28.62158500014003],[-81.47197300014973,28.62161899976328],[-81.47188100008822,28.6216340002198],[-81.47180300027041,28.621635000092454],[-81.47158099961425,28.621640000244135],[-81.47154399980431,28.621636999837737],[-81.47145299956773,28.62161999963609],[-81.4714369996742,28.621654999909094],[-81.47142699962845,28.621710999848464],[-81.47143099982641,28.62212800002064],[-81.47143300037456,28.622322000245358],[-81.47143800039743,28.62235200016679],[-81.47145599994077,28.622388999926677],[-81.47149000027596,28.62242200021303],[-81.47152399971284,28.622442999744656],[-81.4715639998958,28.622453999835624],[-81.47193399979167,28.622451000241032],[-81.471999000089,28.622446000128026],[-81.47210600021911,28.62242800019228],[-81.47225900037999,28.62238700019572],[-81.47244900035079,28.622364000132944],[-81.47269899969773,28.622363000267235],[-81.47321199970871,28.622360999747297]]]},"properties":{"block_id":"120950151061002","school_id":"sch_wekiva_high","kids_est":36,"class":"red","shortest":{"len_m":7414.7,"mean_c":36.44,"peak_c":37.0,"dose":353.4},"coolest":{"len_m":7415.0,"mean_c":36.44,"peak_c":37.0,"dose":353.3},"delta_mean_c":0.0,"delta_dose_pct":0,"distance_mi":1.113,"status_now":"walk","status_rec":"bus_eligible","reason":"Coolest route mean 36.4C exceeds threshold (110 C-min dose, actual 353).","safe_until_hour":"11:00"}},{"type":"Feature","geometry":{"type":"Polygon","coordinates":[[[-81.45851299966532,28.64249200036628],[-81.45850000014487,28.642410000264952],[-81.45833199991536,28.641981000170563],[-81.45810699978446,28.641342999737073],[-81.45805099970798,28.641028999658506],[-81.45803999983731,28.64095400017608],[-81.45800300002738,28.64063699985835],[-81.45799800000452,28.640579000382974],[-81.4579750004383,28.640336000003135],[-81.45797100024035,28.640305999703102],[-81.45796500039256,28.640250000223816],[-81.45796299984443,28.64021900020353],[-81.4579620000195,28.640196999802107],[-81.45656000025389,28.64019300023036],[-81.45662999967578,28.640323000031874],[-81.4568070001261,28.64068200016325],[-81.4572570003879,28.64131700004247],[-81.45749900023723,28.641650999995804],[-81.4578199997293,28.64206599964132],[-81.45832600006759,28.642834000251565],[-81.4584690001827,28.6427020002758],[-81.45849400029705,28.642647000171184],[-81.45851299966532,28.64249200036628]]]},"properties":{"block_id":"121170217041030","school_id":"sch_wekiva_high","kids_est":0,"class":"red","shortest":{"len_m":3604.6,"mean_c":36.29,"peak_c":37.0,"dose":163.7},"coolest":{"len_m":3604.6,"mean_c":36.29,"peak_c":37.0,"dose":163.7},"delta_mean_c":0.0,"delta_dose_pct":0,"distance_mi":0.988,"status_now":"walk","status_rec":"bus_eligible","reason":"Coolest route mean 36.3C exceeds threshold (110 C-min dose, actual 164).","safe_until_hour":"13:00"}},{"type":"Feature","geometry":{"type":"Polygon","coordinates":[[[-81.45562899976817,28.64527400011122],[-81.45563200014122,28.64507900009121],[-81.45360500021164,28.645052000096243],[-81.45364799986932,28.64512299963013],[-81.45367999965637,28.64568500025168],[-81.45407399984168,28.645721000026157],[-81.4541469996366,28.64572799989329],[-81.4544339996918,28.64577199994827],[-81.45486499968702,28.645855000216834],[-81.45523799995591,28.64595099969517],[-81.45537600004819,28.64598700016672],[-81.45562000044563,28.64605799985602],[-81.45562200009547,28.64586200007502],[-81.45562899976817,28.64527400011122]]]},"properties":{"block_id":"121170217041026","school_id":"sch_wekiva_high","kids_est":9,"class":"red","shortest":{"len_m":3628.2,"mean_c":36.31,"peak_c":37.0,"dose":165.9},"coolest":{"len_m":3628.2,"mean_c":36.31,"peak_c":37.0,"dose":165.9},"delta_mean_c":0.0,"delta_dose_pct":0,"distance_mi":1.249,"status_now":"walk","status_rec":"bus_eligible","reason":"Coolest route mean 36.3C exceeds threshold (110 C-min dose, actual 166).","safe_until_hour":"13:00"}},{"type":"Feature","geometry":{"type":"Polygon","coordinates":[[[-81.47561799975499,28.62317500005708],[-81.47561199990722,28.62254300038564],[-81.47561199990722,28.622492000212596],[-81.4755969998386,28.622441000014778],[-81.47556500005155,28.62239599977322],[-81.47553499991432,28.622370999981207],[-81.47551700037097,28.622361999613016],[-81.47542699995928,28.622347999914936],[-81.47533499989777,28.622347000049075],[-81.4750910003986,28.62235300003261],[-81.47430700022599,28.62235499976422],[-81.47384299972047,28.622355999629992],[-81.47334700032623,28.622358000150033],[-81.47321199970871,28.622360999747297],[-81.47269899969773,28.622363000267235],[-81.47244900035079,28.622364000132944],[-81.47225900037999,28.62238700019572],[-81.47210600021911,28.62242800019228],[-81.471999000089,28.622446000128026],[-81.47193399979167,28.622451000241032],[-81.4715639998958,28.622453999835624],[-81.47152399971284,28.622442999744656],[-81.47149000027596,28.62242200021303],[-81.47145599994077,28.622388999926677],[-81.47143800039743,28.62235200016679],[-81.47143300037456,28.622322000245358],[-81.47143099982641,28.62212800002064],[-81.47142699962845,28.621710999848464],[-81.4714369996742,28.621654999909094],[-81.47145299956773,28.62161999963609],[-81.47139499984142,28.62160099968582],[-81.47133700011508,28.621587999759317],[-81.47126900034303,28.621586999886205],[-81.47112399967976,28.62158500014003],[-81.47070399955518,28.621587999759317],[-81.47051600013252,28.621590000294052],[-81.4705200003305,28.62176699975795],[-81.47052199998032,28.62183700019423],[-81.47052399963013,28.622298000302003],[-81.47052600017828,28.62247600001404],[-81.4705279998281,28.622870000350012],[-81.47053600022402,28.624054999920425],[-81.47053899969873,28.624449999696104],[-81.47054000042198,28.62484000035213],[-81.4705489997445,28.625154999824346],[-81.47056700018615,28.625196000316922],[-81.47059499977524,28.625227000044088],[-81.47060399999609,28.625232000024646],[-81.47063199958517,28.625250000268167],[-81.4706750001412,28.62526299974119],[-81.47276700036811,28.625251000106385],[-81.47300500001947,28.625237000005022],[-81.47307199996662,28.625233999701408],[-81.47380799956038,28.625227000044088],[-81.47379900023788,28.62464000019669],[-81.47379300039007,28.6242200002071],[-81.47379000001703,28.62331999986565],[-81.47379800041296,28.623275000000838],[-81.47382000015426,28.623236000049932],[-81.47385500031436,28.62320499973483],[-81.47389899979697,28.623185000213464],[-81.47394800020078,28.623177999630975],[-81.47415099969206,28.623180000135406],[-81.47431100042394,28.623181999851276],[-81.4747380002212,28.623181999851276],[-81.47491300012338,28.62317900027747],[-81.47530700030867,28.62317500005708],[-81.47544100020298,28.62317500005708],[-81.47561799975499,28.62317500005708]]]},"properties":{"block_id":"120950151061004","school_id":"sch_wekiva_high","kids_est":118,"class":"red","shortest":{"len_m":7699.6,"mean_c":36.44,"peak_c":37.0,"dose":366.8},"coolest":{"len_m":7699.9,"mean_c":36.44,"peak_c":37.0,"dose":366.7},"delta_mean_c":0.0,"delta_dose_pct":0,"distance_mi":1.005,"status_now":"walk","status_rec":"bus_eligible","reason":"Coolest route mean 36.4C exceeds threshold (110 C-min dose, actual 367).","safe_until_hour":"11:00"}},{"type":"Feature","geometry":{"type":"Polygon","coordinates":[[[-81.46380900035487,28.628675999610987],[-81.46381000017978,28.628539000136406],[-81.46353999984304,28.628535999927177],[-81.46346799987302,28.62853400031338],[-81.46244400039917,28.628511999827495],[-81.46219599980375,28.628507000003168],[-81.46212800003168,28.62849800016104],[-81.46210399974224,28.62849499995064],[-81.46210299991732,28.62861899963833],[-81.46210200009241,28.62865499974917],[-81.46209200004668,28.629135000046794],[-81.46209100022176,28.629206999902095],[-81.46208399965074,28.629294999658164],[-81.46219099978087,28.62929899964537],[-81.46243000015546,28.62930199983273],[-81.46346799987302,28.629316999979935],[-81.463580000026,28.629319000367385],[-81.46365299982095,28.629310999605927],[-81.46369800002678,28.629297000046048],[-81.46373800020976,28.629273999920212],[-81.46376999999681,28.629242000011047],[-81.46378199969236,28.629222999863256],[-81.46379799958589,28.62918399975659],[-81.46380699980672,28.629120999674946],[-81.46380699980672,28.62908899971914],[-81.46380900035487,28.628675999610987]]]},"properties":{"block_id":"120950151051013","school_id":"sch_wekiva_high","kids_est":15,"class":"red","shortest":{"len_m":6383.2,"mean_c":36.44,"peak_c":37.0,"dose":304.2},"coolest":{"len_m":6383.2,"mean_c":36.44,"peak_c":37.0,"dose":304.2},"delta_mean_c":0.0,"delta_dose_pct":0,"distance_mi":0.905,"status_now":"walk","status_rec":"bus_eligible","reason":"Coolest route mean 36.4C exceeds threshold (110 C-min dose, actual 304).","safe_until_hour":"11:00"}},{"type":"Feature","geometry":{"type":"Polygon","coordinates":[[[-81.47611900007041,28.61564599983654],[-81.4761330003141,28.615296000210147],[-81.47569999977075,28.615265999849886],[-81.47560000021163,28.615568999703406],[-81.4755759999222,28.61590500022866],[-81.47568800007518,28.61596499978684],[-81.47576900026604,28.616026000025418],[-81.47560699988433,28.61604799997351],[-81.47545700009651,28.61603700000003],[-81.4749080001005,28.61588300025061],[-81.4746460001597,28.615652000203042],[-81.47439099989157,28.61548699985796],[-81.47406000035376,28.61545399975786],[-81.47362400033568,28.61545399975786],[-81.4735139998325,28.615487999789153],[-81.47298199955495,28.61565799978055],[-81.47275099957625,28.61604899989937],[-81.47270100024588,28.61657699963126],[-81.47260099978844,28.616719000118803],[-81.47253899986414,28.616808000009936],[-81.47226500022778,28.61694000022349],[-81.47221300034924,28.6169449998101],[-81.47206000018836,28.616961999980063],[-81.47200900013475,28.616969000188455],[-81.47180699957005,28.616990999938945],[-81.47149199992579,28.61702800001082],[-81.47122099976413,28.617131000035627],[-81.47103300034148,28.61720400015283],[-81.47093100023423,28.617242999978565],[-81.47065599987461,28.617281999789856],[-81.47048699982021,28.617327999771085],[-81.47043800031473,28.617342000138493],[-81.47026300041253,28.61747399968081],[-81.4701699996278,28.61771600025081],[-81.4701699996278,28.617832999902795],[-81.4701699996278,28.618113000030107],[-81.47013299981788,28.618332999662695],[-81.46990199983921,28.618514000283735],[-81.46917299991816,28.618937999824343],[-81.46859299996001,28.619857000147242],[-81.46841800005782,28.62000000003038],[-81.46798200003973,28.62024300018467],[-81.46781399981023,28.620293999873077],[-81.46773299961939,28.620320000044863],[-81.46746400000588,28.620270000254735],[-81.46710900017864,28.620138000284353],[-81.46664300002331,28.620207000343353],[-81.46643499961085,28.620237999966516],[-81.46621700005095,28.620359000290442],[-81.4660870003546,28.620454000342765],[-81.46606800008806,28.620469000177216],[-81.46544399974898,28.620627999709413],[-81.46459000015444,28.620727999713473],[-81.4642550004187,28.620714999678867],[-81.46384100014193,28.62069999987963],[-81.46363799975232,28.62066500007685],[-81.46333200032889,28.62061200001536],[-81.46323600006941,28.620596000318873],[-81.46284400043226,28.62047500026805],[-81.46265000026351,28.62027100014038],[-81.46254300013338,28.620176999809026],[-81.46250100030059,28.620139000171257],[-81.4623539999875,28.62004999994908],[-81.46229700008608,28.620189000023775],[-81.46228100019255,28.62027100014038],[-81.46223400033689,28.6205179999893],[-81.46221900026828,28.62060099973142],[-81.46227399962156,28.620587999681142],[-81.46233999974379,28.620591000117525],[-81.46238199957658,28.62060300028496],[-81.46242000010973,28.62062400018039],[-81.46243600000327,28.620637000226264],[-81.46249700010264,28.620709000390296],[-81.46250600032346,28.62071899999301],[-81.46287700004422,28.621039000181852],[-81.46294399999137,28.621079999916258],[-81.4630169997863,28.621113999703116],[-81.46309399977919,28.6211379999171],[-81.46317400014514,28.621152999653756],[-81.46332399993297,28.621157999828352],[-81.46333700035176,28.621158999705536],[-81.4636500003462,28.621158999705536],[-81.46368100030834,28.621158999705536],[-81.46372399996606,28.621175000104795],[-81.46375699957802,28.621201999935202],[-81.46377699966949,28.621237000347488],[-81.46377699966949,28.621380999803304],[-81.46377900021764,28.621813000140026],[-81.46378000004255,28.621957000382917],[-81.46378000004255,28.622222000182408],[-81.46378000004255,28.6230199998772],[-81.46378099986747,28.623286000004633],[-81.46377699966949,28.623758999864943],[-81.46377599984459,28.624034999772427],[-81.46378000004255,28.624868999712277],[-81.46377699966949,28.62518100036934],[-81.46377300036986,28.625655000199682],[-81.46477500010238,28.625684000123158],[-81.46515199967092,28.625703999956983],[-81.46545799999267,28.62571600032852],[-81.46599199992006,28.625714999706208],[-81.46802499969743,28.625783000209438],[-81.46803100044355,28.625559000287097],[-81.46802700024558,28.625517000100615],[-81.46801100035204,28.625431999840785],[-81.46798399968955,28.625348999975145],[-81.46794600005472,28.625270000184635],[-81.46789699965093,28.62519499968966],[-81.46769900018252,28.624965000255795],[-81.46766800022037,28.624910000316554],[-81.46763700025824,28.6248250003537],[-81.46762300001453,28.624737000004266],[-81.46761700016675,28.62329100007763],[-81.46761700016675,28.622961000267463],[-81.46761700016675,28.622603000093726],[-81.46762999968722,28.62256399989312],[-81.46765499980158,28.622530999651396],[-81.4676919996115,28.622505999891477],[-81.46773500016752,28.622492000212596],[-81.46788900015332,28.62248600023701],[-81.4681910002771,28.62248600023701],[-81.46852099998999,28.62248600023701],[-81.46873799972496,28.62248399971935],[-81.46939100037635,28.622481000125607],[-81.46960899993626,28.622481000125607],[-81.46979200023435,28.62248000026102],[-81.47034200005525,28.62247600001404],[-81.47052600017828,28.62247600001404],[-81.47052399963013,28.622298000302003],[-81.47052199998032,28.62183700019423],[-81.4705200003305,28.62176699975795],[-81.47051600013252,28.621590000294052],[-81.47070399955518,28.621587999759317],[-81.47112399967976,28.62158500014003],[-81.47126900034303,28.621586999886205],[-81.47133700011508,28.621587999759317],[-81.47139499984142,28.62160099968582],[-81.47145299956773,28.62161999963609],[-81.47154399980431,28.621636999837737],[-81.47158099961425,28.621640000244135],[-81.47180300027041,28.621635000092454],[-81.47188100008822,28.6216340002198],[-81.47197300014973,28.62161899976328],[-81.47210399967098,28.62158500014003],[-81.4721689999683,28.621577000366173],[-81.47285400040674,28.62157399995802],[-81.47320699968584,28.62157300008478],[-81.47320599986092,28.621415000281246],[-81.47320300038619,28.620943999870278],[-81.47320300038619,28.62078699978943],[-81.47320199966298,28.620630000262445],[-81.47320000001314,28.62015900027286],[-81.47320000001314,28.62011299995466],[-81.47319499999028,28.620002999694986],[-81.4731899999674,28.61989399999784],[-81.4731899999674,28.619822999953424],[-81.47319300034046,28.61962400038377],[-81.47320699968584,28.619559000299912],[-81.47321900027973,28.6195339998324],[-81.47323000015038,28.619510999933183],[-81.47334800015115,28.61932699976975],[-81.47344600006045,28.619176999697967],[-81.47349399974102,28.619103000267057],[-81.4735690000841,28.618990000044427],[-81.47360000004623,28.61890500002011],[-81.4736040002442,28.618866000022997],[-81.47361099991689,28.618816000329073],[-81.47361099991689,28.618778000198837],[-81.47361000009198,28.618698000294625],[-81.47360800044216,28.618460999925063],[-81.47360800044216,28.618381999683027],[-81.47360699971892,28.618190999780538],[-81.47360699971892,28.617620000176142],[-81.47360699971892,28.617430000377535],[-81.47360300041927,28.617273999688226],[-81.47360300041927,28.616942000058188],[-81.4736040002442,28.616652999893844],[-81.47360000004623,28.616256000115115],[-81.47360800044216,28.616222000332456],[-81.47363199983327,28.616180000353765],[-81.47366000032069,28.61615499987032],[-81.47370700017636,28.616131000094583],[-81.4737590000549,28.616120000129808],[-81.47406000035376,28.616120000129808],[-81.47415800026307,28.616136999644723],[-81.47423299970782,28.6161600002829],[-81.47427899973857,28.616187999750203],[-81.47428999960924,28.61619599993458],[-81.47432599959423,28.616223000256582],[-81.47461299964942,28.61646100007902],[-81.47467299992387,28.61649800033763],[-81.4748379997803,28.61657299994794],[-81.47507700015493,28.61668299985787],[-81.47516599984337,28.616706000376453],[-81.4753159996312,28.61671499965229],[-81.47535800036232,28.61671499965229],[-81.47554099976209,28.61671499965229],[-81.47565499956491,28.616713999732845],[-81.47600100006964,28.616710999974273],[-81.47611599969736,28.616710999974273],[-81.47610499982672,28.61654399987368],[-81.47611599969736,28.616113999790112],[-81.47611900007041,28.616028999803554],[-81.47611900007041,28.61564599983654]],[[-81.46669200042712,28.623256000350064],[-81.46670099974963,28.624887000017974],[-81.46669099970389,28.62493899965729],[-81.4666709996124,28.624990000218695],[-81.46664399984823,28.62503699981738],[-81.46660799986321,28.625080000035734],[-81.46657899955089,28.625104000131643],[-81.46656500020552,28.62511699962274],[-81.4665169996266,28.62514900000088],[-81.46646300009826,28.625173000081013],[-81.46640600019684,28.625189999707338],[-81.4663469997473,28.62519899983308],[-81.46608999982936,28.625196000316922],[-81.4659729996535,28.62519100033465],[-81.46546300001555,28.625173000081013],[-81.4650999997924,28.625160999647406],[-81.46504700008894,28.62514900000088],[-81.46497400029402,28.62511599978324],[-81.46491400001956,28.625068000379976],[-81.46487600038472,28.625019000325853],[-81.46485000044545,28.624963999626384],[-81.4648329998287,28.6248860001763],[-81.46482799980582,28.62413299998787],[-81.4648250003311,28.623623000135073],[-81.4648250003311,28.62347100018209],[-81.4648250003311,28.623313999937317],[-81.46483600020176,28.62325800006447],[-81.46485899976797,28.623206000381025],[-81.46489399992807,28.62315800010452],[-81.46493999995882,28.62311800025156],[-81.464966999723,28.623099999642488],[-81.46499299966227,28.62308799976045],[-81.46513199957946,28.623028000329608],[-81.4652129997703,28.622991999866034],[-81.46545899981759,28.622883999978505],[-81.46554099983337,28.622849000115256],[-81.46573300035229,28.622766999646448],[-81.4657769998349,28.622748999765726],[-81.46591300027734,28.62270700003209],[-81.46605399984435,28.6226780000748],[-81.4661979997844,28.622661999904587],[-81.4663469997473,28.622661000041703],[-81.46647399996891,28.622661000041703],[-81.46651300032696,28.62266899973293],[-81.46655299961162,28.622684000039417],[-81.46658100009903,28.622697999692765],[-81.46661100023627,28.622718999957726],[-81.46665800009191,28.62277199974415],[-81.46667399998546,28.622802000325574],[-81.4666849998561,28.622834999693563],[-81.46668999987898,28.62286799983968],[-81.46669200042712,28.623256000350064]]]},"properties":{"block_id":"120950151061001","school_id":"sch_wekiva_high","kids_est":274,"class":"red","shortest":{"len_m":7143.2,"mean_c":36.44,"peak_c":37.0,"dose":340.4},"coolest":{"len_m":7143.5,"mean_c":36.44,"peak_c":37.0,"dose":340.3},"delta_mean_c":0.0,"delta_dose_pct":0,"distance_mi":1.229,"status_now":"walk","status_rec":"bus_eligible","reason":"Coolest route mean 36.4C exceeds threshold (110 C-min dose, actual 340).","safe_until_hour":"11:00"}},{"type":"Feature","geometry":{"type":"Polygon","coordinates":[[[-81.47077700024845,28.627507000384952],[-81.47077700024845,28.627490000345393],[-81.4685019997234,28.62749699985181],[-81.46849300040091,28.628243000108558],[-81.47076899985252,28.62823000021607],[-81.47077700024845,28.627507000384952]]]},"properties":{"block_id":"120950151051032","school_id":"sch_wekiva_high","kids_est":93,"class":"red","shortest":{"len_m":7712.4,"mean_c":36.43,"peak_c":37.0,"dose":367.4},"coolest":{"len_m":7712.7,"mean_c":36.43,"peak_c":37.0,"dose":367.3},"delta_mean_c":0.0,"delta_dose_pct":0,"distance_mi":0.746,"status_now":"walk","status_rec":"bus_eligible","reason":"Coolest route mean 36.4C exceeds threshold (110 C-min dose, actual 367).","safe_until_hour":"11:00"}},{"type":"Feature","geometry":{"type":"Polygon","coordinates":[[[-81.46101400014615,28.627397999805037],[-81.46095600041984,28.627379000111908],[-81.46069299975578,28.62735899980875],[-81.46049199991434,28.627349000050025],[-81.46009000023143,28.627349000050025],[-81.45971199993966,28.62734099992692],[-81.45971100011475,28.627422000159445],[-81.45972199998539,28.627599000041243],[-81.45975899979534,28.628152999849355],[-81.45976399981821,28.62848799972226],[-81.46026000011075,28.628485000300145],[-81.46060200041751,28.628490000125513],[-81.46058999982363,28.628407000312343],[-81.46058599962566,28.62828599980216],[-81.46059900004447,28.62816599975138],[-81.46062699963356,28.628047000163505],[-81.46067000018957,28.627933000292632],[-81.4607279999159,28.627823000341394],[-81.4608839995515,28.627581000200568],[-81.46101400014615,28.627397999805037]]]},"properties":{"block_id":"120950151051011","school_id":"sch_wekiva_high","kids_est":0,"class":"red","shortest":{"len_m":6154.9,"mean_c":36.44,"peak_c":37.0,"dose":293.0},"coolest":{"len_m":6154.9,"mean_c":36.44,"peak_c":37.0,"dose":293.0},"delta_mean_c":0.0,"delta_dose_pct":0,"distance_mi":1.074,"status_now":"walk","status_rec":"bus_eligible","reason":"Coolest route mean 36.4C exceeds threshold (110 C-min dose, actual 293).","safe_until_hour":"11:00"}},{"type":"Feature","geometry":{"type":"Polygon","coordinates":[[[-81.47580000022819,28.63147100012038],[-81.47579799968004,28.631231999849508],[-81.4757669997179,28.631064999980495],[-81.47576800044114,28.630974999775695],[-81.4757859999845,28.630875999855466],[-81.4757940003804,28.630795999708347],[-81.47545899974632,28.630797000282225],[-81.47543199998215,28.630801000212116],[-81.47538000010361,28.630810999642023],[-81.47530499976055,28.630838000148017],[-81.47523699998848,28.630876999640094],[-81.47493200038997,28.6311150001486],[-81.47483500030557,28.63117200034265],[-81.47473099965018,28.631219000327228],[-81.4745699999917,28.631268999633413],[-81.47447899975512,28.63128400028798],[-81.47444899961788,28.631289999760707],[-81.47434700040895,28.631296000021585],[-81.47424100010373,28.63129699980221],[-81.474118999905,28.631292999891222],[-81.47395300022364,28.631292000110562],[-81.47381500013138,28.631298000371316],[-81.47369999960534,28.63130399984324],[-81.4734490004335,28.631329999653616],[-81.47291299995798,28.631406000275447],[-81.4727520002995,28.631429999713436],[-81.47271299994142,28.631431000281207],[-81.47263900032159,28.63141599964771],[-81.47261500003214,28.631407000055013],[-81.47259400011575,28.631538000270208],[-81.47258900009287,28.631979000141918],[-81.47259099974269,28.632150000011976],[-81.47259800031371,28.632181000050785],[-81.47262900027584,28.632237999665882],[-81.47265100001715,28.632263000261943],[-81.4726769999564,28.63228400019032],[-81.4727389998807,28.632315000189568],[-81.47279099975923,28.63232299993355],[-81.4728090002009,28.632326999805276],[-81.47284500018591,28.632326999805276],[-81.47291399978289,28.63231100031731],[-81.47313399989092,28.632237999665882],[-81.47329600027261,28.632205000099976],[-81.47346199995397,28.632188999804985],[-81.47357300028204,28.63219000036553],[-81.4738519999413,28.63221100030853],[-81.47400400027726,28.632208000204272],[-81.47435099970859,28.632166000312907],[-81.47481500021408,28.632101000109934],[-81.47526700012571,28.632014999888682],[-81.47570700034176,28.631913000048378],[-81.47574900017456,28.631887000382424],[-81.47577900031179,28.631850999803266],[-81.47579100000735,28.631819999666977],[-81.47579600003023,28.63180799999323],[-81.47580000022819,28.63147100012038]]]},"properties":{"block_id":"120950151051017","school_id":"sch_wekiva_high","kids_est":31,"class":"red","shortest":{"len_m":5722.7,"mean_c":36.42,"peak_c":37.0,"dose":270.2},"coolest":{"len_m":5722.7,"mean_c":36.42,"peak_c":37.0,"dose":270.2},"delta_mean_c":0.0,"delta_dose_pct":0,"distance_mi":0.449,"status_now":"walk","status_rec":"bus_eligible","reason":"Coolest route mean 36.4C exceeds threshold (110 C-min dose, actual 270).","safe_until_hour":"11:00"}},{"type":"Feature","geometry":{"type":"Polygon","coordinates":[[[-81.45564100036205,28.644127999759345],[-81.45564399983678,28.643891000045638],[-81.45466499967046,28.643874000295067],[-81.45372300021239,28.643858000202677],[-81.45376699969502,28.644006000372773],[-81.45378500013669,28.644127000100983],[-81.45378500013669,28.644198999918654],[-81.45371700036462,28.64435299991023],[-81.45358000009728,28.644622999769545],[-81.45355499998293,28.644744000362792],[-81.45354900013511,28.644792999879133],[-81.45355499998293,28.64489200007116],[-81.45360500021164,28.645052000096243],[-81.45563200014122,28.64507900009121],[-81.45563399979105,28.644840999721097],[-81.45564100036205,28.644127999759345]]]},"properties":{"block_id":"121170217041024","school_id":"sch_wekiva_high","kids_est":8,"class":"red","shortest":{"len_m":3876.7,"mean_c":36.35,"peak_c":37.1,"dose":179.9},"coolest":{"len_m":3876.7,"mean_c":36.35,"peak_c":37.1,"dose":179.9},"delta_mean_c":0.0,"delta_dose_pct":0,"distance_mi":1.227,"status_now":"walk","status_rec":"bus_eligible","reason":"Coolest route mean 36.4C exceeds threshold (110 C-min dose, actual 180).","safe_until_hour":"12:00"}},{"type":"Feature","geometry":{"type":"Polygon","coordinates":[[[-81.46381799967737,28.62673699991145],[-81.46382000022552,28.626641000199903],[-81.46380099995895,28.62660100009699],[-81.4637690001719,28.626568000335794],[-81.4637499999053,28.626555000235875],[-81.46370499969947,28.62653800004207],[-81.4636789997602,28.626533999949718],[-81.46354400004101,28.62652800020508],[-81.46334300019954,28.62651900019333],[-81.46291899987702,28.62650900035453],[-81.46271100036287,28.62650500026107],[-81.46277300028714,28.626685000374245],[-81.46278199960967,28.626714000013163],[-81.46292899992277,28.627187000198248],[-81.4629399997934,28.627258999812806],[-81.46294099961833,28.62733199998482],[-81.46293700031869,28.62735499974768],[-81.46293099957259,28.627405000106123],[-81.4629110003794,28.627475999754125],[-81.46287100019643,28.62756499998911],[-81.46293800014358,28.627581000200568],[-81.46305799979417,28.627582999832597],[-81.46324600011516,28.627587999700932],[-81.46362500023186,28.627583999648536],[-81.46368100030834,28.627583999648536],[-81.46381400037774,28.627578999780003],[-81.46381400037774,28.627367999748532],[-81.46381500020264,28.62699099985836],[-81.46381799967737,28.62673699991145]]]},"properties":{"block_id":"120950151051029","school_id":"sch_wekiva_high","kids_est":3,"class":"red","shortest":{"len_m":6264.5,"mean_c":36.44,"peak_c":37.0,"dose":298.3},"coolest":{"len_m":6264.5,"mean_c":36.44,"peak_c":37.0,"dose":298.3},"delta_mean_c":0.0,"delta_dose_pct":0,"distance_mi":0.985,"status_now":"walk","status_rec":"bus_eligible","reason":"Coolest route mean 36.4C exceeds threshold (110 C-min dose, actual 298).","safe_until_hour":"11:00"}},{"type":"Feature","geometry":{"type":"Polygon","coordinates":[[[-81.46455699964419,28.649271999660566],[-81.46474300031532,28.649123999825967],[-81.46421699988555,28.648642000291158],[-81.46404100015846,28.64848600026814],[-81.46343799973579,28.64795499978477],[-81.4629730003037,28.647499000141327],[-81.46281099992198,28.647277999734],[-81.46137399999628,28.6459210002125],[-81.46058300015095,28.64519800007373],[-81.46052899972426,28.645137999880816],[-81.46024699969196,28.64487199995227],[-81.45986199972748,28.64450199982511],[-81.45968900037344,28.644357000111764],[-81.4596929996731,28.644442999677768],[-81.45969500022123,28.644474999681623],[-81.459701000069,28.64459000015687],[-81.45969900041918,28.644652999623396],[-81.45974799992467,28.644697999782274],[-81.45993500042074,28.64487199995227],[-81.46073700013672,28.64561600038662],[-81.46206899958213,28.646882000318524],[-81.46254800015625,28.647355000256987],[-81.46262199977609,28.647429000266033],[-81.46276499989123,28.647570000383826],[-81.46299800041804,28.6478010003517],[-81.4639800000591,28.64870699970669],[-81.46404700000623,28.648773000272747],[-81.46455699964419,28.649271999660566]]]},"properties":{"block_id":"120950175034036","school_id":"sch_wekiva_high","kids_est":0,"class":"red","shortest":{"len_m":2836.7,"mean_c":36.13,"peak_c":36.6,"dose":122.6},"coolest":{"len_m":2836.7,"mean_c":36.13,"peak_c":36.6,"dose":122.6},"delta_mean_c":0.0,"delta_dose_pct":0,"distance_mi":0.913,"status_now":"walk","status_rec":"bus_eligible","reason":"Coolest route mean 36.1C exceeds threshold (110 C-min dose, actual 123).","safe_until_hour":"14:00"}},{"type":"Feature","geometry":{"type":"Polygon","coordinates":[[[-81.4749359996896,28.62156500031006],[-81.47493499986469,28.621074999737974],[-81.47493499986469,28.62105399993267],[-81.47492999984182,28.620892999709024],[-81.47491800014625,28.620859999730637],[-81.47489600040495,28.620831999932058],[-81.47486600026771,28.62080900031721],[-81.47481199984105,28.62079100010081],[-81.47452499978587,28.620778999954826],[-81.47429999965497,28.620782000385752],[-81.47369200010775,28.62078400014728],[-81.47320300038619,28.62078699978943],[-81.47320300038619,28.620943999870278],[-81.47320599986092,28.621415000281246],[-81.47320699968584,28.62157300008478],[-81.47355200036564,28.62157100033829],[-81.47430300002803,28.62156799992997],[-81.4745900000832,28.621566000183375],[-81.4749359996896,28.62156500031006]]]},"properties":{"block_id":"120950151061009","school_id":"sch_wekiva_high","kids_est":76,"class":"red","shortest":{"len_m":7675.6,"mean_c":36.44,"peak_c":37.0,"dose":365.8},"coolest":{"len_m":7675.9,"mean_c":36.44,"peak_c":37.0,"dose":365.7},"delta_mean_c":0.0,"delta_dose_pct":0,"distance_mi":1.167,"status_now":"walk","status_rec":"bus_eligible","reason":"Coolest route mean 36.4C exceeds threshold (110 C-min dose, actual 366).","safe_until_hour":"11:00"}},{"type":"Feature","geometry":{"type":"Polygon","coordinates":[[[-81.46262199977609,28.647429000266033],[-81.46254800015625,28.647355000256987],[-81.46206899958213,28.646882000318524],[-81.46073700013672,28.64561600038662],[-81.45993500042074,28.64487199995227],[-81.45974799992467,28.644697999782274],[-81.45969900041918,28.644652999623396],[-81.45969799969598,28.644704999717685],[-81.45969799969598,28.644792999879133],[-81.45972199998539,28.645617999674972],[-81.45972299981032,28.64787599966871],[-81.46058300015095,28.647873000012375],[-81.46122199966031,28.64787599966871],[-81.46173399984639,28.64787599966871],[-81.46187100011373,28.647873000012375],[-81.46200699965786,28.647845999948352],[-81.46213200022966,28.647785999693493],[-81.46236099966018,28.647610000377124],[-81.46249600027772,28.647499000141327],[-81.46262199977609,28.647429000266033]]]},"properties":{"block_id":"120950175034037","school_id":"sch_wekiva_high","kids_est":0,"class":"red","shortest":{"len_m":2932.0,"mean_c":36.15,"peak_c":36.7,"dose":127.6},"coolest":{"len_m":2932.0,"mean_c":36.15,"peak_c":36.7,"dose":127.6},"delta_mean_c":0.0,"delta_dose_pct":0,"distance_mi":0.976,"status_now":"walk","status_rec":"bus_eligible","reason":"Coolest route mean 36.1C exceeds threshold (110 C-min dose, actual 128).","safe_until_hour":"14:00"}},{"type":"Feature","geometry":{"type":"Polygon","coordinates":[[[-81.47654900024072,28.63272800017055],[-81.47653900019498,28.632422000065706],[-81.4765330003472,28.632229000143667],[-81.47643600026281,28.63225099985042],[-81.47636699976754,28.63226600036457],[-81.47636599994262,28.632343000079235],[-81.47636199974465,28.632746999683835],[-81.4762880001248,28.633419000093312],[-81.47624700011693,28.633696000377707],[-81.47617199977385,28.634078999939412],[-81.476358000445,28.63407800018529],[-81.47645299998126,28.633651000230383],[-81.47648200029357,28.6333679996852],[-81.47654900024072,28.63272800017055]]]},"properties":{"block_id":"120950175042029","school_id":"sch_wekiva_high","kids_est":0,"class":"green","shortest":{"len_m":391.6,"mean_c":36.15,"peak_c":36.3,"dose":17.2},"coolest":{"len_m":391.6,"mean_c":36.15,"peak_c":36.3,"dose":17.2},"delta_mean_c":0.0,"delta_dose_pct":0,"distance_mi":0.383,"status_now":"walk","status_rec":"walk","reason":"Shortest route already under threshold (dose 17).","safe_until_hour":null}},{"type":"Feature","geometry":{"type":"Polygon","coordinates":[[[-81.46648099964162,28.627400000229],[-81.46648300018974,28.62699599975496],[-81.46647800016687,28.62695699960929],[-81.46645800007539,28.626904000358675],[-81.46644200018186,28.626871999726927],[-81.46641299986955,28.626829000242605],[-81.46635799961795,28.626777999786135],[-81.46635400031832,28.62673900034806],[-81.46634000007461,28.626674999762802],[-81.46629800024182,28.626588999826634],[-81.46629300021894,28.62657700034335],[-81.4661710000202,28.626583000085187],[-81.46604999964639,28.626602999747682],[-81.46599199992006,28.626619000105777],[-81.46594000004154,28.626646000113094],[-81.46588399996503,28.626623000194883],[-81.46567899992561,28.626582000259656],[-81.46559299971189,28.62657700034335],[-81.46558699986412,28.626591000266068],[-81.4655719997955,28.62662099975606],[-81.46554199965827,28.626735000263302],[-81.4655440002064,28.626760999628516],[-81.46551999991696,28.626776999962523],[-81.46545299996981,28.626848000035295],[-81.46542700003053,28.626901999925195],[-81.4654169999848,28.626919999882315],[-81.46539500024348,28.62698699978327],[-81.46539400041858,28.62739200010985],[-81.46539100004553,28.627684999938456],[-81.46539500024348,28.62771099985682],[-81.46541500033499,28.627747000279058],[-81.46544999959676,28.627773000182053],[-81.46549200032787,28.627785000317132],[-81.4659309998207,28.627787999759263],[-81.46639000030332,28.627789000361805],[-81.46643100031122,28.62777399999625],[-81.46646100044843,28.627747000279058],[-81.46647700034197,28.62771099985682],[-81.46648099964162,28.627400000229]]]},"properties":{"block_id":"120950151051038","school_id":"sch_wekiva_high","kids_est":16,"class":"red","shortest":{"len_m":6540.9,"mean_c":36.44,"peak_c":37.0,"dose":311.6},"coolest":{"len_m":6541.2,"mean_c":36.44,"peak_c":37.0,"dose":311.5},"delta_mean_c":0.0,"delta_dose_pct":0,"distance_mi":0.883,"status_now":"walk","status_rec":"bus_eligible","reason":"Coolest route mean 36.4C exceeds threshold (110 C-min dose, actual 312).","safe_until_hour":"11:00"}},{"type":"Feature","geometry":{"type":"Polygon","coordinates":[[[-81.47077700024845,28.627490000345393],[-81.47077899989826,28.626999000008134],[-81.4707749997003,28.62686799964731],[-81.47075100030918,28.626754999896917],[-81.47068699983674,28.626592000091456],[-81.4706340001333,28.626492000153288],[-81.4699939999007,28.626722000184067],[-81.46990600003716,28.626741999820137],[-81.46981399997564,28.6267490001649],[-81.4686359996177,28.626758999980837],[-81.46858999958695,28.626772999879215],[-81.4685510001272,28.62679800020007],[-81.46852199981491,28.626833000323778],[-81.46850799957119,28.62687300033822],[-81.46850400027154,28.626985000139893],[-81.4685019997234,28.62749699985181],[-81.47077700024845,28.627490000345393]]]},"properties":{"block_id":"120950151051028","school_id":"sch_wekiva_high","kids_est":20,"class":"red","shortest":{"len_m":7422.2,"mean_c":36.43,"peak_c":37.0,"dose":353.5},"coolest":{"len_m":7422.5,"mean_c":36.43,"peak_c":37.0,"dose":353.4},"delta_mean_c":0.0,"delta_dose_pct":0,"distance_mi":0.795,"status_now":"walk","status_rec":"bus_eligible","reason":"Coolest route mean 36.4C exceeds threshold (110 C-min dose, actual 353).","safe_until_hour":"11:00"}},{"type":"Feature","geometry":{"type":"Polygon","coordinates":[[[-81.48037499959594,28.61812900010494],[-81.48036899974817,28.617753999976845],[-81.48036600027345,28.617505000110818],[-81.48036100025055,28.61662900023193],[-81.48036000042566,28.616254000267343],[-81.4803570000526,28.615753000143],[-81.48035299985465,28.615025999813966],[-81.4803560002277,28.61496199997462],[-81.48035200002973,28.614849999964765],[-81.48035299985465,28.614322000224664],[-81.48035100020482,28.614253000241796],[-81.48034299980891,28.613950999691742],[-81.48033899961095,28.61375299998259],[-81.48024200042488,28.61375299998259],[-81.48019100037126,28.61375299998259],[-81.47995100017175,28.613746000348502],[-81.47985800028533,28.613748000244023],[-81.47965700044388,28.613751000087223],[-81.47905400002121,28.613764000195296],[-81.47897600020339,28.613766000090475],[-81.47885400000465,28.613765000142887],[-81.47843300005518,28.613770999828237],[-81.47831800042745,28.61377700030181],[-81.47805800013646,28.613791000354],[-81.4776249995931,28.61379999987966],[-81.47724300000168,28.613793000248656],[-81.47711699960499,28.61378599982863],[-81.47691900013659,28.61378599982863],[-81.47671099972412,28.613774999618236],[-81.47667300008928,28.613772999723224],[-81.47641100014847,28.61374700029627],[-81.4762870002999,28.613737000029648],[-81.47617799962165,28.613728999657965],[-81.47617000012404,28.614325000051476],[-81.4761679995759,28.61449700022953],[-81.4761330003141,28.615296000210147],[-81.47611900007041,28.61564599983654],[-81.47619100004044,28.61606299964868],[-81.47630099964529,28.6171519998369],[-81.4763080002163,28.618196000096173],[-81.47755699982103,28.61819799990695],[-81.4782089997492,28.618181999842612],[-81.48037499959594,28.61812900010494]]]},"properties":{"block_id":"120950151052002","school_id":"sch_wekiva_high","kids_est":5,"class":"red","shortest":{"len_m":8462.6,"mean_c":36.44,"peak_c":37.0,"dose":403.1},"coolest":{"len_m":8462.9,"mean_c":36.44,"peak_c":37.0,"dose":403.0},"delta_mean_c":0.0,"delta_dose_pct":0,"distance_mi":1.552,"status_now":"walk","status_rec":"bus_eligible","reason":"Coolest route mean 36.4C exceeds threshold (110 C-min dose, actual 403).","safe_until_hour":"11:00"}},{"type":"Feature","geometry":{"type":"Polygon","coordinates":[[[-81.4746469999846,28.61653200003092],[-81.47467299992387,28.61649800033763],[-81.47461299964942,28.61646100007902],[-81.47432599959423,28.616223000256582],[-81.47428999960924,28.61619599993458],[-81.47427899973857,28.616187999750203],[-81.47423299970782,28.6161600002829],[-81.47415800026307,28.616136999644723],[-81.47406000035376,28.616120000129808],[-81.4737590000549,28.616120000129808],[-81.47370700017636,28.616131000094583],[-81.47366000032069,28.61615499987032],[-81.47363199983327,28.616180000353765],[-81.47360800044216,28.616222000332456],[-81.47360000004623,28.616256000115115],[-81.4736040002442,28.616652999893844],[-81.47360300041927,28.616942000058188],[-81.47360300041927,28.617273999688226],[-81.47360699971892,28.617430000377535],[-81.47360699971892,28.617620000176142],[-81.47360699971892,28.618190999780538],[-81.47360800044216,28.618381999683027],[-81.47380199971259,28.61837999987576],[-81.47428899978432,28.6183760002611],[-81.47438400021888,28.618375000357407],[-81.47457800038762,28.618372999761487],[-81.47457599983949,28.617993000179617],[-81.47457400018966,28.617525999837298],[-81.47457599983949,28.616996000311776],[-81.47457300036476,28.616855000116974],[-81.47457199964153,28.61678199975716],[-81.47458400023541,28.61669399976368],[-81.4746190003955,28.616588000336776],[-81.4746469999846,28.61653200003092]]]},"properties":{"block_id":"120950151061005","school_id":"sch_wekiva_high","kids_est":12,"class":"red","shortest":{"len_m":8258.4,"mean_c":36.44,"peak_c":37.0,"dose":393.8},"coolest":{"len_m":8258.7,"mean_c":36.44,"peak_c":37.0,"dose":393.7},"delta_mean_c":0.0,"delta_dose_pct":0,"distance_mi":1.435,"status_now":"walk","status_rec":"bus_eligible","reason":"Coolest route mean 36.4C exceeds threshold (110 C-min dose, actual 394).","safe_until_hour":"11:00"}},{"type":"Feature","geometry":{"type":"Polygon","coordinates":[[[-81.47067199976813,28.647345000038683],[-81.47070000025553,28.647328000059545],[-81.47049799969086,28.64718100026429],[-81.47041900004815,28.64712400009516],[-81.47013899966565,28.646919999733985],[-81.46998100038024,28.646805000236643],[-81.46990799968698,28.646751999973365],[-81.46951000020205,28.646462999896283],[-81.46936200006405,28.646356000148614],[-81.46935299984321,28.646349000323386],[-81.46925099973595,28.646275000340715],[-81.46918799998676,28.646228000004967],[-81.46869599989218,28.64586200007502],[-81.46853299968556,28.6457400003401],[-81.46820499962249,28.645495999656248],[-81.46740899975428,28.64493900021718],[-81.46739899970855,28.64493200029739],[-81.46664100037349,28.644387000041682],[-81.46557500016854,28.64360999964128],[-81.46401900041714,28.642481999684353],[-81.46289299993775,28.641665000272795],[-81.46274099960178,28.641554000052835],[-81.46228500039054,28.64122400011169],[-81.46213300005455,28.64111399990058],[-81.461861000068,28.640914999698705],[-81.46156200031724,28.640697000260584],[-81.46106500019978,28.640340000357895],[-81.46104299956015,28.640323999726505],[-81.46077399994665,28.640123000209844],[-81.45959999978666,28.639270999865875],[-81.45945699967153,28.639166000077473],[-81.45902900004936,28.63885399999617],[-81.45888699975914,28.638750000288482],[-81.45868799956752,28.638604999720396],[-81.45808900024112,28.638177000338402],[-81.45805499990594,28.638363000000677],[-81.45799800000452,28.638723999951214],[-81.4579750004383,28.639048999761513],[-81.45795600017173,28.639512999856514],[-81.4579620000195,28.64018199963329],[-81.4579620000195,28.640196999802107],[-81.45972799983319,28.64019600010627],[-81.45972700000829,28.642611000130117],[-81.45971799978744,28.64365599991053],[-81.45968900037344,28.644357000111764],[-81.45986199972748,28.64450199982511],[-81.46024699969196,28.64487199995227],[-81.46052899972426,28.645137999880816],[-81.46058300015095,28.64519800007373],[-81.46137399999628,28.6459210002125],[-81.46281099992198,28.647277999734],[-81.4629730003037,28.647499000141327],[-81.46343799973579,28.64795499978477],[-81.46404100015846,28.64848600026814],[-81.46411099958034,28.648429999637315],[-81.46462500031454,28.647952999752675],[-81.46516900028767,28.647448999897307],[-81.46590499988143,28.647446999855546],[-81.46600699998868,28.64744600022881],[-81.4669300000785,28.647444000186933],[-81.46797600019195,28.64744099972994],[-81.46909299955222,28.647436999646008],[-81.4704159996751,28.64743500039234],[-81.47042499989593,28.647423999766346],[-81.47052600017828,28.647395999959524],[-81.47058800010255,28.647378999988643],[-81.47067199976813,28.647345000038683]]]},"properties":{"block_id":"120950175042018","school_id":"sch_wekiva_high","kids_est":14,"class":"red","shortest":{"len_m":3086.9,"mean_c":36.16,"peak_c":36.6,"dose":134.7},"coolest":{"len_m":3086.9,"mean_c":36.16,"peak_c":36.6,"dose":134.7},"delta_mean_c":0.0,"delta_dose_pct":0,"distance_mi":0.745,"status_now":"walk","status_rec":"bus_eligible","reason":"Coolest route mean 36.2C exceeds threshold (110 C-min dose, actual 135).","safe_until_hour":"13:00"}},{"type":"Feature","geometry":{"type":"Polygon","coordinates":[[[-81.47627200023129,28.634467999759725],[-81.47631999991185,28.634251999834834],[-81.47613800033699,28.634251999834834],[-81.47608499973522,28.6345230002098],[-81.4760270000089,28.634693999876745],[-81.47586100032755,28.635158000307953],[-81.47556199967849,28.63590500024998],[-81.47526899977554,28.636577999877552],[-81.47497599987257,28.637313999850832],[-81.47480000014548,28.638017000076925],[-81.47470800008396,28.63854399998698],[-81.47465799985525,28.639155000161143],[-81.47464299978662,28.641088999836537],[-81.4746479998095,28.642440999637756],[-81.47465000035764,28.64301800020344],[-81.47464299978662,28.64355799979256],[-81.47462699989312,28.643912999672303],[-81.47458900025828,28.644152000229386],[-81.47453700037974,28.644437999824106],[-81.47445100016603,28.64465400006514],[-81.47438199967073,28.644808999828907],[-81.47418400020231,28.645088000087966],[-81.47367000036643,28.645760000293425],[-81.47256999982629,28.647202000360284],[-81.4724510000006,28.647368999772617],[-81.47240800034291,28.647427999850812],[-81.47258300024508,28.64742700022389],[-81.47292999967641,28.6469779996452],[-81.4738650003601,28.645769999874535],[-81.47436099975434,28.645083999914316],[-81.47449999967151,28.644887000238842],[-81.47464299978662,28.64455399999424],[-81.47475099974167,28.64425300034071],[-81.47479799959736,28.643914000121107],[-81.47482100006188,28.64338899971191],[-81.47481299966594,28.643002999649582],[-81.47480500016835,28.642664000120593],[-81.47479799959736,28.642030999867576],[-81.47480500016835,28.64110399987568],[-81.47482600008473,28.6391299996303],[-81.47491800014625,28.638310000202583],[-81.47506000043647,28.637665999624193],[-81.47521000022431,28.637196999834927],[-81.47564100021953,28.63611299968314],[-81.47604299990243,28.635137999910306],[-81.47622899967526,28.63464900015737],[-81.47627200023129,28.634467999759725]]]},"properties":{"block_id":"120950175042021","school_id":"sch_wekiva_high","kids_est":0,"class":"green","shortest":{"len_m":285.7,"mean_c":35.97,"peak_c":36.0,"dose":11.8},"coolest":{"len_m":285.7,"mean_c":35.97,"peak_c":36.0,"dose":11.8},"delta_mean_c":0.0,"delta_dose_pct":0,"distance_mi":0.198,"status_now":"walk","status_rec":"walk","reason":"Shortest route already under threshold (dose 12).","safe_until_hour":null}},{"type":"Feature","geometry":{"type":"Polygon","coordinates":[[[-81.46752199973218,28.64026300020411],[-81.46753599997591,28.640243999686522],[-81.46596000013301,28.639192000305215],[-81.46190100025096,28.636483000225716],[-81.46136499977544,28.63610699969768],[-81.46124199975179,28.63602500012494],[-81.45966699973381,28.63497399997462],[-81.45955299993102,28.634898000359865],[-81.45921399999729,28.634671000145257],[-81.45916200011875,28.634637000018692],[-81.45911299971495,28.63461800005915],[-81.45909299962346,28.634612999737243],[-81.45901499980566,28.634877000166085],[-81.4582509997245,28.637512999787155],[-81.45812699987594,28.637989999841217],[-81.45808900024112,28.638177000338402],[-81.45868799956752,28.638604999720396],[-81.45888699975914,28.638750000288482],[-81.45902900004936,28.63885399999617],[-81.45945699967153,28.639166000077473],[-81.45959999978666,28.639270999865875],[-81.46077399994665,28.640123000209844],[-81.46104299956015,28.640323999726505],[-81.46106500019978,28.640340000357895],[-81.46156200031724,28.640697000260584],[-81.461861000068,28.640914999698705],[-81.46213300005455,28.64111399990058],[-81.46224900040552,28.64111800022567],[-81.46328899977287,28.64111399990058],[-81.46446100028302,28.641111000050905],[-81.46503600021829,28.641115000376075],[-81.4664379999839,28.641111000050905],[-81.46668099965814,28.641095000325514],[-81.46675600000123,28.64107599995854],[-81.46683600036715,28.641045000182395],[-81.46690599978903,28.641005999738844],[-81.46699799985055,28.640931999928803],[-81.4671059998056,28.640804000262026],[-81.46752199973218,28.64026300020411]]]},"properties":{"block_id":"120950175042019","school_id":"sch_wekiva_high","kids_est":8,"class":"red","shortest":{"len_m":4222.6,"mean_c":36.38,"peak_c":37.0,"dose":197.5},"coolest":{"len_m":4222.6,"mean_c":36.38,"peak_c":37.0,"dose":197.5},"delta_mean_c":0.0,"delta_dose_pct":0,"distance_mi":0.692,"status_now":"walk","status_rec":"bus_eligible","reason":"Coolest route mean 36.4C exceeds threshold (110 C-min dose, actual 198).","safe_until_hour":"11:00"}},{"type":"Feature","geometry":{"type":"Polygon","coordinates":[[[-81.45972700000829,28.642611000130117],[-81.45972799983319,28.64019600010627],[-81.4579620000195,28.640196999802107],[-81.45796299984443,28.64021900020353],[-81.45796500039256,28.640250000223816],[-81.45797100024035,28.640305999703102],[-81.4579750004383,28.640336000003135],[-81.45799800000452,28.640579000382974],[-81.45800300002738,28.64063699985835],[-81.45803999983731,28.64095400017608],[-81.45805099970798,28.641028999658506],[-81.45810699978446,28.641342999737073],[-81.45833199991536,28.641981000170563],[-81.45850000014487,28.642410000264952],[-81.45851299966532,28.64249200036628],[-81.45849400029705,28.642647000171184],[-81.4584690001827,28.6427020002758],[-81.45832600006759,28.642834000251565],[-81.45961200038056,28.644288999818325],[-81.45968900037344,28.644357000111764],[-81.45971799978744,28.64365599991053],[-81.45972700000829,28.642611000130117]]]},"properties":{"block_id":"121170217041031","school_id":"sch_wekiva_high","kids_est":24,"class":"red","shortest":{"len_m":3560.8,"mean_c":36.28,"peak_c":37.0,"dose":161.3},"coolest":{"len_m":3560.8,"mean_c":36.28,"peak_c":37.0,"dose":161.3},"delta_mean_c":0.0,"delta_dose_pct":0,"distance_mi":0.918,"status_now":"walk","status_rec":"bus_eligible","reason":"Coolest route mean 36.3C exceeds threshold (110 C-min dose, actual 161).","safe_until_hour":"13:00"}},{"type":"Feature","geometry":{"type":"Polygon","coordinates":[[[-81.47636599994262,28.632343000079235],[-81.47636699976754,28.63226600036457],[-81.47625399978963,28.63229100016553],[-81.47537500008075,28.632483999973537],[-81.47482600008473,28.632585000279015],[-81.47459900030402,28.632619000281885],[-81.47436300030247,28.63264899962601],[-81.47435300025674,28.632650999949885],[-81.47212799996042,28.63293499982834],[-81.47026199968933,28.633174000163233],[-81.46955000038501,28.633266000371425],[-81.46883700035748,28.63335699994946],[-81.4686699999529,28.63337999996899],[-81.46863300014299,28.633385000349634],[-81.46850300044665,28.633403999743976],[-81.46761399979371,28.633517999980082],[-81.46672400021417,28.633632000092348],[-81.46519699987678,28.633827000100982],[-81.46433700043447,28.63393700006736],[-81.46536400028135,28.63400599972936],[-81.46634199972443,28.634017000185494],[-81.4671409999657,28.634021999747326],[-81.46795500027555,28.634027999852],[-81.46916399969733,28.63403900030581],[-81.47057999970663,28.63405099972446],[-81.47321599990669,28.634062000175863],[-81.4749290000169,28.63408599979489],[-81.47617199977385,28.634078999939412],[-81.47624700011693,28.633696000377707],[-81.4762880001248,28.633419000093312],[-81.47636199974465,28.632746999683835],[-81.47636599994262,28.632343000079235]]]},"properties":{"block_id":"120950175042028","school_id":"sch_wekiva_high","kids_est":0,"class":"green","shortest":{"len_m":300.2,"mean_c":36.13,"peak_c":36.3,"dose":13.0},"coolest":{"len_m":300.2,"mean_c":36.13,"peak_c":36.3,"dose":13.0},"delta_mean_c":0.0,"delta_dose_pct":0,"distance_mi":0.332,"status_now":"walk","status_rec":"walk","reason":"Shortest route already under threshold (dose 13).","safe_until_hour":null}},{"type":"Feature","geometry":{"type":"Polygon","coordinates":[[[-81.46332800013093,28.63406599998132],[-81.46302400035731,28.63404000006031],[-81.46115999973603,28.633778000193544],[-81.45938800007455,28.633576000204783],[-81.4593420000438,28.6337379996568],[-81.45919700027885,28.63425300037576],[-81.4591589997457,28.634390000276152],[-81.4591079996921,28.634562999658854],[-81.45909299962346,28.634612999737243],[-81.45911000024022,28.63460100038291],[-81.45917499963925,28.634592000274893],[-81.45930600005879,28.634576000343834],[-81.460614999938,28.634406000235558],[-81.46134999970681,28.6343119999462],[-81.46189100020521,28.634251999834834],[-81.46332800013093,28.63406599998132]]]},"properties":{"block_id":"120950151051005","school_id":"sch_wekiva_high","kids_est":0,"class":"red","shortest":{"len_m":4756.1,"mean_c":36.4,"peak_c":37.0,"dose":223.5},"coolest":{"len_m":4756.1,"mean_c":36.4,"peak_c":37.0,"dose":223.5},"delta_mean_c":0.0,"delta_dose_pct":0,"distance_mi":0.835,"status_now":"walk","status_rec":"bus_eligible","reason":"Coolest route mean 36.4C exceeds threshold (110 C-min dose, actual 224).","safe_until_hour":"11:00"}},{"type":"Feature","geometry":{"type":"Polygon","coordinates":[[[-81.4593420000438,28.6337379996568],[-81.45938800007455,28.633576000204783],[-81.45927400027176,28.633563000184388],[-81.45872899957538,28.633527999939524],[-81.45766099972062,28.633517000220618],[-81.45745900005427,28.633520000287408],[-81.45737799986341,28.633521999806273],[-81.45752000015364,28.633615000256334],[-81.45842099960382,28.63421699981977],[-81.4587710003065,28.63439700011088],[-81.45899800008722,28.634545999973714],[-81.45905300033881,28.634583000166156],[-81.45907900027808,28.634599999845292],[-81.45909299962346,28.634612999737243],[-81.4591079996921,28.634562999658854],[-81.4591589997457,28.634390000276152],[-81.45919700027885,28.63425300037576],[-81.4593420000438,28.6337379996568]]]},"properties":{"block_id":"120950151051004","school_id":"sch_wekiva_high","kids_est":0,"class":"red","shortest":{"len_m":5144.9,"mean_c":36.41,"peak_c":37.0,"dose":242.8},"coolest":{"len_m":5144.9,"mean_c":36.41,"peak_c":37.0,"dose":242.8},"delta_mean_c":0.0,"delta_dose_pct":0,"distance_mi":0.954,"status_now":"walk","status_rec":"bus_eligible","reason":"Coolest route mean 36.4C exceeds threshold (110 C-min dose, actual 243).","safe_until_hour":"11:00"}},{"type":"Feature","geometry":{"type":"Polygon","coordinates":[[[-81.48010000013467,28.63429699972444],[-81.48007500002029,28.634239999650774],[-81.48002200031686,28.634082999744283],[-81.47958200010079,28.63408100023609],[-81.47752500003398,28.634071000329293],[-81.476358000445,28.63407800018529],[-81.47617199977385,28.634078999939412],[-81.47613800033699,28.634251999834834],[-81.47631999991185,28.634251999834834],[-81.47763100033919,28.634251999834834],[-81.47980300003374,28.63429099963516],[-81.48010000013467,28.63429699972444]]]},"properties":{"block_id":"120950175042030","school_id":"sch_wekiva_high","kids_est":0,"class":"green","shortest":{"len_m":391.6,"mean_c":36.15,"peak_c":36.3,"dose":17.2},"coolest":{"len_m":391.6,"mean_c":36.15,"peak_c":36.3,"dose":17.2},"delta_mean_c":0.0,"delta_dose_pct":0,"distance_mi":0.392,"status_now":"walk","status_rec":"walk","reason":"Shortest route already under threshold (dose 17).","safe_until_hour":null}},{"type":"Feature","geometry":{"type":"Polygon","coordinates":[[[-81.45805499990594,28.638363000000677],[-81.45808900024112,28.638177000338402],[-81.45727499993124,28.63758000002155],[-81.45724099959607,28.637555999624777],[-81.45722600042576,28.637574999840734],[-81.45707699956453,28.637715000081393],[-81.4569550002641,28.637847999742707],[-81.45688999996678,28.637936999854695],[-81.45683399989029,28.638034999704605],[-81.45677600016396,28.638161999880776],[-81.45674000017894,28.638268000388177],[-81.45671599988951,28.63837600021479],[-81.45670400019395,28.63853399971711],[-81.45670699966868,28.638699000106033],[-81.4566869995772,28.63984100026243],[-81.45666999985875,28.639964000248806],[-81.45665300014032,28.640037000255887],[-81.45664100044475,28.64005300014267],[-81.45662999967578,28.640066999844468],[-81.45660299991161,28.640079999847497],[-81.45655199985798,28.640105999848668],[-81.45651900024602,28.64011800015028],[-81.45656000025389,28.64019300023036],[-81.4579620000195,28.640196999802107],[-81.4579620000195,28.64018199963329],[-81.45795600017173,28.639512999856514],[-81.4579750004383,28.639048999761513],[-81.45799800000452,28.638723999951214],[-81.45805499990594,28.638363000000677]]]},"properties":{"block_id":"120950151051000","school_id":"sch_wekiva_high","kids_est":8,"class":"red","shortest":{"len_m":3788.2,"mean_c":36.32,"peak_c":37.0,"dose":173.9},"coolest":{"len_m":3788.2,"mean_c":36.32,"peak_c":37.0,"dose":173.9},"delta_mean_c":0.0,"delta_dose_pct":0,"distance_mi":0.986,"status_now":"walk","status_rec":"bus_eligible","reason":"Coolest route mean 36.3C exceeds threshold (110 C-min dose, actual 174).","safe_until_hour":"12:00"}},{"type":"Feature","geometry":{"type":"Polygon","coordinates":[[[-81.46378099986747,28.623286000004633],[-81.46378000004255,28.6230199998772],[-81.46378000004255,28.622222000182408],[-81.46378000004255,28.621957000382917],[-81.46345000032966,28.621957000382917],[-81.46246000029271,28.621957000382917],[-81.46213100040472,28.62195800025248],[-81.46213100040472,28.622263000243354],[-81.46213200022966,28.62306700035778],[-81.46212600038184,28.623108000088788],[-81.46211299996307,28.623147999945566],[-81.46209799989447,28.623174000199135],[-81.46209299987159,28.623185000213464],[-81.4620669999323,28.623219999964743],[-81.46203400032034,28.623249999629593],[-81.46199699961211,28.623275000000838],[-81.46195599960423,28.623293999648215],[-81.46191200012161,28.623308000008702],[-81.46184299962633,28.623315999650618],[-81.46182900028094,28.623304999650028],[-81.46144000011851,28.62329299979136],[-81.4602219995776,28.623257000207275],[-81.45996300000982,28.623249999629593],[-81.45981700041997,28.623258999921667],[-81.45982300026775,28.62339500012308],[-81.45981900006979,28.623600000343068],[-81.45981900006979,28.62362900004567],[-81.45981499987182,28.624626999857995],[-81.45981499987182,28.624706000132395],[-81.45980700037423,28.62496899961946],[-81.45980300017627,28.62508199971541],[-81.45980300017627,28.6251119996367],[-81.45980300017627,28.625410000281814],[-81.45980200035135,28.6254240003601],[-81.45979800015338,28.6255379998017],[-81.45984800038211,28.625535000295272],[-81.45997100040576,28.625527999869508],[-81.45999899999484,28.62552899970508],[-81.46005000004847,28.625531000164653],[-81.4604960001123,28.625545000226804],[-81.46094399982596,28.62556099995764],[-81.46162699971626,28.625578000309655],[-81.4618329995806,28.625593000200507],[-81.46185299967206,28.625594999870398],[-81.46228000036766,28.625608999924026],[-81.46257800029348,28.62561800001379],[-81.4634739997208,28.625645000278634],[-81.46377300036986,28.625655000199682],[-81.46377699966949,28.62518100036934],[-81.46378000004255,28.624868999712277],[-81.46377599984459,28.624034999772427],[-81.46377699966949,28.623758999864943],[-81.46378099986747,28.623286000004633]]]},"properties":{"block_id":"120950151061000","school_id":"sch_wekiva_high","kids_est":4,"class":"red","shortest":{"len_m":6545.9,"mean_c":36.44,"peak_c":37.0,"dose":312.1},"coolest":{"len_m":6546.2,"mean_c":36.44,"peak_c":37.0,"dose":312.0},"delta_mean_c":0.0,"delta_dose_pct":0,"distance_mi":1.248,"status_now":"walk","status_rec":"bus_eligible","reason":"Coolest route mean 36.4C exceeds threshold (110 C-min dose, actual 312).","safe_until_hour":"11:00"}},{"type":"Feature","geometry":{"type":"Polygon","coordinates":[[[-81.46480299969147,28.628265999671818],[-81.4648110000874,28.627389999685683],[-81.46430300009928,28.627385999625798],[-81.46427399978697,28.627392999927658],[-81.46423799980195,28.627417000283213],[-81.46421600006063,28.627451000383267],[-81.46421100003778,28.62747700035959],[-81.46420900038795,28.627705000179507],[-81.46420000016712,28.628948999797696],[-81.46421299968759,28.628990000385397],[-81.46424199999991,28.629023000173675],[-81.46426799993918,28.629039000162887],[-81.46431399996992,28.629048999760663],[-81.46471099962996,28.629050000351143],[-81.46475699966071,28.629027999973474],[-81.46478299959999,28.62900200038127],[-81.46479699984368,28.6289689997979],[-81.46480299969147,28.628265999671818]]]},"properties":{"block_id":"120950151051030","school_id":"sch_wekiva_high","kids_est":51,"class":"red","shortest":{"len_m":6464.1,"mean_c":36.44,"peak_c":37.0,"dose":308.0},"coolest":{"len_m":6464.1,"mean_c":36.44,"peak_c":37.0,"dose":308.0},"delta_mean_c":0.0,"delta_dose_pct":0,"distance_mi":0.877,"status_now":"walk","status_rec":"bus_eligible","reason":"Coolest route mean 36.4C exceeds threshold (110 C-min dose, actual 308).","safe_until_hour":"11:00"}},{"type":"Feature","geometry":{"type":"Polygon","coordinates":[[[-81.46643999963372,28.62851299963464],[-81.46644100035695,28.62839600005671],[-81.46642700011324,28.6283569996427],[-81.46640899967159,28.628335999717056],[-81.46637000021184,28.62831499978721],[-81.46631599978515,28.628309999953522],[-81.46592599979782,28.628309000144426],[-81.46549599962752,28.628309000144426],[-81.46546200019063,28.62831999962075],[-81.46543500042645,28.62834200014681],[-81.46541899963462,28.62837000030796],[-81.46541299978684,28.62841299994953],[-81.46541199996193,28.628511999827495],[-81.46540799976397,28.628938000387365],[-81.46541500033499,28.628983999992702],[-81.4654389997261,28.62902099978064],[-81.46547700025926,28.62904600035451],[-81.46550700039649,28.629055000149656],[-81.46557500016854,28.62905900014593],[-81.46634199972443,28.62906200034016],[-81.46638399955722,28.629047000156568],[-81.46641700006751,28.629019000176026],[-81.46643399978593,28.62898200038736],[-81.46643899980882,28.628938000387365],[-81.46643999963372,28.62851299963464]]]},"properties":{"block_id":"120950151051037","school_id":"sch_wekiva_high","kids_est":8,"class":"red","shortest":{"len_m":6730.5,"mean_c":36.44,"peak_c":37.0,"dose":320.7},"coolest":{"len_m":6730.8,"mean_c":36.44,"peak_c":37.0,"dose":320.6},"delta_mean_c":0.0,"delta_dose_pct":0,"distance_mi":0.799,"status_now":"walk","status_rec":"bus_eligible","reason":"Coolest route mean 36.4C exceeds threshold (110 C-min dose, actual 321).","safe_until_hour":"11:00"}},{"type":"Feature","geometry":{"type":"Polygon","coordinates":[[[-81.46210299991732,28.62861899963833],[-81.46210399974224,28.62849499995064],[-81.46208500037397,28.628485000300145],[-81.46203799962,28.628491999740216],[-81.46200599983295,28.62849300033599],[-81.46186600009085,28.628501000371298],[-81.4618059998164,28.62849899996833],[-81.46163400028728,28.62849499995064],[-81.46090299981807,28.628490999932865],[-81.46060200041751,28.628490000125513],[-81.46026000011075,28.628485000300145],[-81.45976399981821,28.62848799972226],[-81.45975700014549,28.628807999885254],[-81.45974600027486,28.629055000149656],[-81.45975200012263,28.629115999879637],[-81.45977499968886,28.629194000128997],[-81.45978700028273,28.629213000282043],[-81.45981099967386,28.629235999632755],[-81.45986500010054,28.629260000355394],[-81.45989500023778,28.629262999755426],[-81.46023400017147,28.629266999743777],[-81.46162099986849,28.629288000271654],[-81.46208399965074,28.629294999658164],[-81.46209100022176,28.629206999902095],[-81.46209200004668,28.629135000046794],[-81.46210200009241,28.62865499974917],[-81.46210299991732,28.62861899963833]]]},"properties":{"block_id":"120950151051009","school_id":"sch_wekiva_high","kids_est":77,"class":"red","shortest":{"len_m":6154.9,"mean_c":36.44,"peak_c":37.0,"dose":293.0},"coolest":{"len_m":6154.9,"mean_c":36.44,"peak_c":37.0,"dose":293.0},"delta_mean_c":0.0,"delta_dose_pct":0,"distance_mi":0.997,"status_now":"walk","status_rec":"bus_eligible","reason":"Coolest route mean 36.4C exceeds threshold (110 C-min dose, actual 293).","safe_until_hour":"11:00"}},{"type":"Feature","geometry":{"type":"Polygon","coordinates":[[[-81.47613800033699,28.634251999834834],[-81.47617199977385,28.634078999939412],[-81.4749290000169,28.63408599979489],[-81.47321599990669,28.634062000175863],[-81.47057999970663,28.63405099972446],[-81.46916399969733,28.63403900030581],[-81.46795500027555,28.634027999852],[-81.4671409999657,28.634021999747326],[-81.46634199972443,28.634017000185494],[-81.46536400028135,28.63400599972936],[-81.46433700043447,28.63393700006736],[-81.46332800013093,28.63406599998132],[-81.46418300044868,28.6341420001987],[-81.46484200004953,28.634187000135483],[-81.46643200013612,28.634232999805572],[-81.46699899967547,28.634231000300307],[-81.46862499974706,28.634232999805572],[-81.4687679998622,28.634232999805572],[-81.47114799996919,28.634232999805572],[-81.47322699977731,28.6342559996331],[-81.47444600014315,28.634251999834834],[-81.47613800033699,28.634251999834834]]]},"properties":{"block_id":"120950175042027","school_id":"sch_wekiva_high","kids_est":0,"class":"red","shortest":{"len_m":5519.0,"mean_c":36.38,"peak_c":37.0,"dose":258.1},"coolest":{"len_m":5519.0,"mean_c":36.38,"peak_c":37.0,"dose":258.1},"delta_mean_c":0.0,"delta_dose_pct":0,"distance_mi":0.361,"status_now":"walk","status_rec":"bus_eligible","reason":"Coolest route mean 36.4C exceeds threshold (110 C-min dose, actual 258).","safe_until_hour":"11:00"}},{"type":"Feature","geometry":{"type":"Polygon","coordinates":[[[-81.46294099961833,28.62733199998482],[-81.4629399997934,28.627258999812806],[-81.46292899992277,28.627187000198248],[-81.46278199960967,28.626714000013163],[-81.46277300028714,28.626685000374245],[-81.46271100036287,28.62650500026107],[-81.46262400032423,28.6265019999937],[-81.46236400003323,28.626496000247293],[-81.4622779998195,28.62649399980604],[-81.46217499988735,28.626483000138442],[-81.46213399987947,28.62647900004394],[-81.46192299999227,28.626470000028],[-81.46186699991577,28.626477000390892],[-81.46185699987004,28.62647900004394],[-81.46176499980852,28.62647599977588],[-81.46136499977544,28.626968000015797],[-81.46117399997972,28.62719100026573],[-81.46101400014615,28.627397999805037],[-81.4608839995515,28.627581000200568],[-81.4607279999159,28.627823000341394],[-81.46067000018957,28.627933000292632],[-81.46062699963356,28.628047000163505],[-81.46059900004447,28.62816599975138],[-81.46058599962566,28.62828599980216],[-81.46058999982363,28.628407000312343],[-81.46060200041751,28.628490000125513],[-81.46090299981807,28.628490999932865],[-81.46163400028728,28.62849499995064],[-81.4618059998164,28.62849899996833],[-81.46186600009085,28.628501000371298],[-81.46200599983295,28.62849300033599],[-81.46203799962,28.628491999740216],[-81.46208500037397,28.628485000300145],[-81.46210399974224,28.62849499995064],[-81.46210899976509,28.628460000381086],[-81.46211200013815,28.628441999899568],[-81.46212399983372,28.628391000226785],[-81.46214800012316,28.628323999645037],[-81.462185999758,28.628267000269755],[-81.46220900022254,28.628234000243797],[-81.46225799972801,28.628178999651794],[-81.46231200015471,28.62812700004042],[-81.46270999963964,28.627748999907922],[-81.46281299957181,28.62765300033333],[-81.46287100019643,28.62756499998911],[-81.4629110003794,28.627475999754125],[-81.46293099957259,28.627405000106123],[-81.46293700031869,28.62735499974768],[-81.46294099961833,28.62733199998482]]]},"properties":{"block_id":"120950151051040","school_id":"sch_wekiva_high","kids_est":0,"class":"red","shortest":{"len_m":6076.1,"mean_c":36.44,"peak_c":37.0,"dose":289.1},"coolest":{"len_m":6076.1,"mean_c":36.44,"peak_c":37.0,"dose":289.1},"delta_mean_c":0.0,"delta_dose_pct":0,"distance_mi":1.02,"status_now":"walk","status_rec":"bus_eligible","reason":"Coolest route mean 36.4C exceeds threshold (110 C-min dose, actual 289).","safe_until_hour":"11:00"}},{"type":"Feature","geometry":{"type":"Polygon","coordinates":[[[-81.45982099971961,28.631605000377274],[-81.45981700041997,28.63135900037461],[-81.45980800019913,28.631242999807924],[-81.45980300017627,28.631169000208686],[-81.45978599955951,28.631039000104472],[-81.45974899974958,28.63104600016272],[-81.45961800022833,28.631060000277795],[-81.45928900034036,28.631058999706422],[-81.45779600033815,28.631057999923524],[-81.4572990002207,28.631057999923524],[-81.45730099987051,28.631255000334697],[-81.45730500006847,28.631567000145225],[-81.45730300041866,28.631849000252558],[-81.45730199969543,28.63204800030282],[-81.45779700016307,28.632049000076268],[-81.45928299959427,28.63205500029375],[-81.45961999987817,28.63205699984053],[-81.45977899988681,28.632065000392657],[-81.45980700037423,28.63185300014236],[-81.45982099971961,28.631605000377274]]]},"properties":{"block_id":"120950151051010","school_id":"sch_wekiva_high","kids_est":8,"class":"red","shortest":{"len_m":4725.3,"mean_c":36.4,"peak_c":37.0,"dose":222.0},"coolest":{"len_m":4725.3,"mean_c":36.4,"peak_c":37.0,"dose":222.0},"delta_mean_c":0.0,"delta_dose_pct":0,"distance_mi":1.018,"status_now":"walk","status_rec":"bus_eligible","reason":"Coolest route mean 36.4C exceeds threshold (110 C-min dose, actual 222).","safe_until_hour":"11:00"}},{"type":"Feature","geometry":{"type":"Polygon","coordinates":[[[-81.47576900026604,28.616026000025418],[-81.47568800007518,28.61596499978684],[-81.4755759999222,28.61590500022866],[-81.47560000021163,28.615568999703406],[-81.47569999977075,28.615265999849886],[-81.47551900002078,28.615084999939373],[-81.47523199996562,28.61489199968676],[-81.4752450003844,28.61454599967393],[-81.47508200017778,28.614364000157824],[-81.4749139999483,28.61404000035141],[-81.47480799964309,28.61404000035141],[-81.47427200006587,28.614100000186536],[-81.47407200004933,28.614282000160134],[-81.47372899991765,28.61449099979709],[-81.47355999986326,28.61461700013189],[-81.47344299968738,28.61470600022719],[-81.47300599984439,28.614876999844277],[-81.47238300022856,28.614882000317703],[-81.47189000030905,28.614722999971043],[-81.47160599972861,28.61448200033064],[-81.4712040000457,28.614140000320443],[-81.47042400007102,28.613986000155094],[-81.47012500032028,28.614042000241344],[-81.46993199997642,28.614078999774968],[-81.46963200040078,28.614046999965968],[-81.46920800007825,28.613882000253675],[-81.46865999990716,28.613882000253675],[-81.46864499983855,28.613887999932285],[-81.46832900036937,28.61402299970845],[-81.46821100036858,28.61407400005192],[-81.46777399962725,28.614173999988516],[-81.46723200020229,28.614019999873012],[-81.46637100003674,28.614031000057757],[-81.46616599999734,28.61421200020759],[-81.46610999992083,28.61430099985756],[-81.46626599955646,28.614746000130303],[-81.46633400022682,28.615104000280073],[-81.46657699990108,28.615214000151543],[-81.46690800033718,28.61523600026969],[-81.46709499993493,28.615318000311106],[-81.4673319997614,28.615609999996384],[-81.46723899987497,28.61587400011488],[-81.46685800010847,28.616358000185606],[-81.46652800039558,28.616462999922838],[-81.46637799970945,28.616600000173076],[-81.46621600022605,28.616671999950913],[-81.4657419996748,28.617387000180337],[-81.46543100022849,28.617964999616458],[-81.46513199957946,28.618493999868807],[-81.46480699988943,28.61882400031324],[-81.46379699976099,28.618751999645216],[-81.46326700003156,28.61859799993442],[-81.4629730003037,28.618570000321167],[-81.46281199974689,28.6185550002155],[-81.46229399971303,28.618565999925224],[-81.46170799990712,28.619143000072473],[-81.46130299985117,28.61967700015537],[-81.46117800017768,28.619727000227883],[-81.4606359998544,28.619721000094287],[-81.46041099972349,28.619737999814834],[-81.46021800027796,28.61985399968993],[-81.46006199974403,28.61988699998449],[-81.46004500002559,28.619908999912212],[-81.46001200041363,28.619952999753906],[-81.45985599987971,28.62006300006596],[-81.45969400039633,28.620151000390393],[-81.45925800037821,28.620238999852464],[-81.45908900032383,28.62030999961559],[-81.45897700017082,28.620421000226415],[-81.45878399982698,28.620348999864884],[-81.45875299986484,28.620278000128117],[-81.4585529998483,28.620311000289426],[-81.45854799982543,28.62033599978341],[-81.45852199988616,28.62049799995608],[-81.4583970002127,28.620591000117525],[-81.45841700030417,28.6208020003648],[-81.45844099969531,28.62105900011197],[-81.45836000040276,28.621136000162313],[-81.45825999994534,28.62126300028576],[-81.45820399986886,28.621361999809796],[-81.4582289999832,28.621527000386113],[-81.4583980000376,28.62165300016415],[-81.45861599959748,28.621697000063502],[-81.45880899994133,28.621691999914606],[-81.45906500003437,28.621708000232637],[-81.45929600001305,28.62177999966224],[-81.45950799972516,28.62187300026522],[-81.45959499976381,28.621813000140026],[-81.45969500022123,28.621697000063502],[-81.45973600022913,28.621656999653993],[-81.45982599974248,28.621569999676524],[-81.45991299978111,28.621393999755444],[-81.45989400041286,28.621174000227764],[-81.45979399995542,28.62106400029108],[-81.4599189996289,28.620657000232935],[-81.46003699962966,28.620657000232935],[-81.46011899964545,28.62067299992013],[-81.4601809995697,28.620645999953766],[-81.46049299973926,28.62045899976213],[-81.46064900027318,28.620415000132475],[-81.46072299989302,28.620452999670352],[-81.46089199994744,28.620416000016732],[-81.46107900044349,28.620375999907697],[-81.46108500029128,28.620260999706435],[-81.46115999973603,28.620183999803036],[-81.46130299985117,28.6201670001547],[-81.4613969995625,28.62020000035088],[-81.46149000034724,28.620283000344376],[-81.46151499956328,28.620277000242552],[-81.46163400028728,28.62020000035088],[-81.4617770004024,28.62005699995155],[-81.46213300005455,28.62004599960951],[-81.4622200000932,28.62014500028097],[-81.46229700008608,28.620189000023775],[-81.4623539999875,28.62004999994908],[-81.46250100030059,28.620139000171257],[-81.46254300013338,28.620176999809026],[-81.46265000026351,28.62027100014038],[-81.46284400043226,28.62047500026805],[-81.46323600006941,28.620596000318873],[-81.46333200032889,28.62061200001536],[-81.46363799975232,28.62066500007685],[-81.46384100014193,28.62069999987963],[-81.4642550004187,28.620714999678867],[-81.46459000015444,28.620727999713473],[-81.46544399974898,28.620627999709413],[-81.46606800008806,28.620469000177216],[-81.4660870003546,28.620454000342765],[-81.46621700005095,28.620359000290442],[-81.46643499961085,28.620237999966516],[-81.46664300002331,28.620207000343353],[-81.46710900017864,28.620138000284353],[-81.46746400000588,28.620270000254735],[-81.46773299961939,28.620320000044863],[-81.46781399981023,28.620293999873077],[-81.46798200003973,28.62024300018467],[-81.46841800005782,28.62000000003038],[-81.46859299996001,28.619857000147242],[-81.46917299991816,28.618937999824343],[-81.46990199983921,28.618514000283735],[-81.47013299981788,28.618332999662695],[-81.4701699996278,28.618113000030107],[-81.4701699996278,28.617832999902795],[-81.4701699996278,28.61771600025081],[-81.47026300041253,28.61747399968081],[-81.47043800031473,28.617342000138493],[-81.47048699982021,28.617327999771085],[-81.47065599987461,28.617281999789856],[-81.47093100023423,28.617242999978565],[-81.47103300034148,28.61720400015283],[-81.47122099976413,28.617131000035627],[-81.47149199992579,28.61702800001082],[-81.47180699957005,28.616990999938945],[-81.47200900013475,28.616969000188455],[-81.47206000018836,28.616961999980063],[-81.47221300034924,28.6169449998101],[-81.47226500022778,28.61694000022349],[-81.47253899986414,28.616808000009936],[-81.47260099978844,28.616719000118803],[-81.47270100024588,28.61657699963126],[-81.47275099957625,28.61604899989937],[-81.47298199955495,28.61565799978055],[-81.4735139998325,28.615487999789153],[-81.47362400033568,28.61545399975786],[-81.47406000035376,28.61545399975786],[-81.47439099989157,28.61548699985796],[-81.4746460001597,28.615652000203042],[-81.4749080001005,28.61588300025061],[-81.47545700009651,28.61603700000003],[-81.47560699988433,28.61604799997351],[-81.47576900026604,28.616026000025418]]]},"properties":{"block_id":"120950151062000","school_id":"sch_wekiva_high","kids_est":0,"class":"red","shortest":{"len_m":9214.8,"mean_c":36.46,"peak_c":37.0,"dose":442.8},"coolest":{"len_m":9214.8,"mean_c":36.46,"peak_c":37.0,"dose":442.8},"delta_mean_c":0.0,"delta_dose_pct":0,"distance_mi":1.469,"status_now":"walk","status_rec":"bus_eligible","reason":"Coolest route mean 36.5C exceeds threshold (110 C-min dose, actual 443).","safe_until_hour":"11:00"}},{"type":"Feature","geometry":{"type":"Polygon","coordinates":[[[-81.46136499977544,28.626968000015797],[-81.46176499980852,28.62647599977588],[-81.46124199975179,28.626452999820433],[-81.46003800035291,28.626416999742915],[-81.45971299976456,28.626418000358534],[-81.45971000028985,28.626754000073014],[-81.45971199993966,28.62718399995038],[-81.45971199993966,28.62734099992692],[-81.46009000023143,28.627349000050025],[-81.46049199991434,28.627349000050025],[-81.46069299975578,28.62735899980875],[-81.46095600041984,28.627379000111908],[-81.46101400014615,28.627397999805037],[-81.46117399997972,28.62719100026573],[-81.46136499977544,28.626968000015797]]]},"properties":{"block_id":"120950151051041","school_id":"sch_wekiva_high","kids_est":9,"class":"red","shortest":{"len_m":6076.1,"mean_c":36.44,"peak_c":37.0,"dose":289.1},"coolest":{"len_m":6076.1,"mean_c":36.44,"peak_c":37.0,"dose":289.1},"delta_mean_c":0.0,"delta_dose_pct":0,"distance_mi":1.106,"status_now":"walk","status_rec":"bus_eligible","reason":"Coolest route mean 36.4C exceeds threshold (110 C-min dose, actual 289).","safe_until_hour":"11:00"}}]}