{"type":"FeatureCollection","features":[{"type":"Feature","geometry":{"type":"Polygon","coordinates":[[[-81.41751899971545,28.602039999829373],[-81.41749799979905,28.60195200010446],[-81.41706799962874,28.600140999609046],[-81.41704000003963,28.599968000296492],[-81.41703099981882,28.59988500002367],[-81.41700999990243,28.59951800010331],[-81.4170140001004,28.599291999987443],[-81.41702699962086,28.59913100032046],[-81.41704400023761,28.599020000083044],[-81.41699099963584,28.598908999728394],[-81.41694600032832,28.59881900035668],[-81.41690699997027,28.598742999810636],[-81.41673700009095,28.59841899993795],[-81.41665199970213,28.59825699962703],[-81.41664400020451,28.598243999966165],[-81.41669400043324,28.598218999946422],[-81.41687000016033,28.59813499977336],[-81.41681599973366,28.59801900036297],[-81.41663099978572,28.5981000003387],[-81.41657300005942,28.598130000080175],[-81.41640400000503,28.59821799985085],[-81.41626799956258,28.598284999922562],[-81.41528000007375,28.598802999706628],[-81.41311699970173,28.599878000254282],[-81.41299200002825,28.599939999660652],[-81.41273000008745,28.600063999941057],[-81.41228599967341,28.60028200015573],[-81.41213800043373,28.600355000151847],[-81.41205499969473,28.600392999848825],[-81.41186300007412,28.600481000090653],[-81.41180699999762,28.600503000139632],[-81.4117219996088,28.600537000277868],[-81.41169400001971,28.600547000223695],[-81.41161000035414,28.600581000347706],[-81.41158299969162,28.600592000362255],[-81.41139400044408,28.60066700028758],[-81.41130700040543,28.600698000156953],[-81.4110870002974,28.600757999725488],[-81.41100600010654,28.600786000143373],[-81.41040400040708,28.600957000336432],[-81.40987899980223,28.6012169999446],[-81.40974400008302,28.601320999765488],[-81.40905899964457,28.601887000125817],[-81.40857099974795,28.60233799969503],[-81.4078900004058,28.603034000334354],[-81.40729000035618,28.603583000176567],[-81.4072359999295,28.603645999806904],[-81.40726900043978,28.603672000156614],[-81.40735800012823,28.60374200003481],[-81.40739699958796,28.603771999742992],[-81.40765699987898,28.603517000373106],[-81.40777300022992,28.60360799970891],[-81.40759099975672,28.603787999636392],[-81.40751299993892,28.603863999688496],[-81.40766699992471,28.60398599998916],[-81.40862199980158,28.603995000354807],[-81.4088560001533,28.603996999647283],[-81.4088550003284,28.60403799972519],[-81.40884799975738,28.60498500038026],[-81.40902299965958,28.605130000066822],[-81.40913800018562,28.605224999698546],[-81.40936199959329,28.605410000146236],[-81.40948600034015,28.60551299973424],[-81.40948499961694,28.605143999694167],[-81.40948399979203,28.604042999925976],[-81.40948399979203,28.604006000011985],[-81.4104610003085,28.604010000173854],[-81.41053300027853,28.60401100021429],[-81.41053300027853,28.60405200028674],[-81.41054199960107,28.60496399972376],[-81.4106160001192,28.604962999692386],[-81.4106360002107,28.60493799969376],[-81.41065499957895,28.60492199997543],[-81.4107009996097,28.60490000006304],[-81.41075099983841,28.60489199980692],[-81.41080000024222,28.604889999742795],[-81.41132599977368,28.604879000178155],[-81.4115020003991,28.60487600008163],[-81.41168200032415,28.604872999984984],[-81.41213199968763,28.6048659997591],[-81.41222200009932,28.6048659997591],[-81.41240299984929,28.6048659997591],[-81.41258399959925,28.60486299966223],[-81.41312799957238,28.60485600022436],[-81.41331000004557,28.604855000191954],[-81.41349099979554,28.60485200009469],[-81.41403499976867,28.604844999867485],[-81.41408400017247,28.604844999867485],[-81.41414500027183,28.604850000029867],[-81.41416899966298,28.604860000353877],[-81.41418600027973,28.604871999952742],[-81.41421100039408,28.604870999920486],[-81.41420899984594,28.60477599996867],[-81.4142060003712,28.604493999705287],[-81.41420499964799,28.604400000237963],[-81.41420399982306,28.604377000179326],[-81.41420399982306,28.60431000004838],[-81.41420399982306,28.60428800000777],[-81.41426499992244,28.60428800000777],[-81.4144530002434,28.60428599993214],[-81.41472299968184,28.6042829998187],[-81.41471799965896,28.60396900008503],[-81.41650000026448,28.603950000096177],[-81.41678599959643,28.60394699997308],[-81.41676200020531,28.60279299990274],[-81.41675800000735,28.602597999829605],[-81.41677399990087,28.602049000361767],[-81.4168740003583,28.602048000302645],[-81.41694899980305,28.60204700024352],[-81.41751899971545,28.602039999829373]]]},"properties":{"block_id":"120950152022038","school_id":"sch_lake_weston_elementary","kids_est":0,"class":"red","shortest":{"len_m":2319.2,"mean_c":37.6,"peak_c":37.6,"dose":147.1},"coolest":{"len_m":2319.2,"mean_c":37.6,"peak_c":37.6,"dose":147.1},"delta_mean_c":0.0,"delta_dose_pct":0,"distance_mi":0.693,"status_now":"walk","status_rec":"bus_eligible","reason":"Coolest route mean 37.6C exceeds threshold (110 C-min dose, actual 147).","safe_until_hour":"13:00"}},{"type":"Feature","geometry":{"type":"Polygon","coordinates":[[[-81.41142700005604,28.616409000183758],[-81.41138500022323,28.616309999932856],[-81.41136099993378,28.616269999836835],[-81.41132900014672,28.616215999998524],[-81.41126700022245,28.61613900028331],[-81.4112350004354,28.616108000238597],[-81.41111700043463,28.615995999873764],[-81.41110300019092,28.615981000188963],[-81.41105200013729,28.615927000202056],[-81.41093699961125,28.615803999646296],[-81.41089399995356,28.615773000291306],[-81.41083500040232,28.615731000133092],[-81.41071099965544,28.61564399997723],[-81.41058000013419,28.615551000165965],[-81.41043199999619,28.6154509999633],[-81.40975599977858,28.615115000351256],[-81.40974599973285,28.615109999888926],[-81.4097420004332,28.61481000010127],[-81.40983500031963,28.614811000038895],[-81.41011399997889,28.614813999851737],[-81.4102079996902,28.61481499978934],[-81.41020900041342,28.614535000331752],[-81.4102000001926,28.614019999873012],[-81.41019299962159,28.613599000038466],[-81.4101859999489,28.612568000075253],[-81.41017099988026,28.611635000294292],[-81.41017000005537,28.6115459999625],[-81.41017000005537,28.61083999996648],[-81.40991700033537,28.610841999917316],[-81.40915800027709,28.610850999695614],[-81.40890600038202,28.610853999621508],[-81.40871499968799,28.610856000360727],[-81.40814200030086,28.610864000162625],[-81.40795200033007,28.6108670000882],[-81.40792200019283,28.6108670000882],[-81.40783500015421,28.610868000063366],[-81.4078059998419,28.610869000038527],[-81.40764299963527,28.61087099998884],[-81.40715599956356,28.610879999764634],[-81.40699400008018,28.610882999689764],[-81.40647699987122,28.610890000303282],[-81.40627699985465,28.610894000202983],[-81.40623599984679,28.610891000278237],[-81.4061949998389,28.610882999689764],[-81.40615700020409,28.610869000038527],[-81.40612200004396,28.61084999972028],[-81.40609100008183,28.610826000309515],[-81.40606400031766,28.610799000177252],[-81.40604300040125,28.610768000133643],[-81.40602800033264,28.610734000151613],[-81.40601900011181,28.610699000181793],[-81.40601599973877,28.61047800035104],[-81.40600900006606,28.610443000295966],[-81.40599499982237,28.61041000018827],[-81.40597599955579,28.61038000000967],[-81.40595100033975,28.610351999782697],[-81.40592100020251,28.61032900023846],[-81.40588799969225,28.61030999982253],[-81.40585099988232,28.610296000094934],[-81.40581200042257,28.61028800024978],[-81.40577200023961,28.61028500030767],[-81.40533500039659,28.610281000384713],[-81.40521700039584,28.610281000384713],[-81.40481900001257,28.61028500030767],[-81.40482200038562,28.61050999967022],[-81.4048280002334,28.61064699979954],[-81.40484199957878,28.610722999621576],[-81.40489699983037,28.610841999917316],[-81.40522999991629,28.611560000312075],[-81.40530699990919,28.611698999795134],[-81.40543699960554,28.61188899971001],[-81.40560599965994,28.612151999755593],[-81.40564699966782,28.612226000141444],[-81.40565599988864,28.61227299993314],[-81.40565099986578,28.612319999703878],[-81.40563300032242,28.61235799980512],[-81.40558300009371,28.61242600028405],[-81.40521900004565,28.612750000337734],[-81.40508699980117,28.612867999958098],[-81.40469299961586,28.613223000342327],[-81.40456200009461,28.61334200017153],[-81.40475600026336,28.61350999979363],[-81.40533899969624,28.614016000092352],[-81.40553399968991,28.61418500015713],[-81.40542200043524,28.614273999829962],[-81.40525099983269,28.61443200012659],[-81.40518399988554,28.614464999759218],[-81.40512799980905,28.614476999838153],[-81.40474000036986,28.61447999966054],[-81.40205399994109,28.614506999635175],[-81.4011590003387,28.614516999828478],[-81.40097600004057,28.614517999768903],[-81.4004289996944,28.61452400019979],[-81.40024700011952,28.61452600008049],[-81.4000699996692,28.61452700002083],[-81.39953900011487,28.614532999662604],[-81.39950700032782,28.61453400039148],[-81.39936300038777,28.61452400019979],[-81.3991969998081,28.614493999619018],[-81.3990479998452,28.614446000091473],[-81.3989080001031,28.614381999898693],[-81.39881400039177,28.614323000166948],[-81.39874700044462,28.614271999944453],[-81.39872800017804,28.614257000013424],[-81.39862400042098,28.61415800009971],[-81.39853900003216,28.614047999910806],[-81.39851599956762,28.614018999927904],[-81.39846299986418,28.613929000092977],[-81.3984219998563,28.613833999657807],[-81.39839199971908,28.613736000081783],[-81.39838000002351,28.613671000296492],[-81.3983740001757,28.613634999779343],[-81.39836800032793,28.613534000168322],[-81.39796099972385,28.613540999816593],[-81.39767399966867,28.61354600035363],[-81.39716999987851,28.61355000015225],[-81.39707600016719,28.613542999715953],[-81.39693700025002,28.613518000182008],[-81.39680300035572,28.613478999761526],[-81.3967539999519,28.613458999964912],[-81.39664199979892,28.613413999817183],[-81.39638200040623,28.613296999973663],[-81.39598499984788,28.61311799973164],[-81.39500999987952,28.612679000194838],[-81.39494799995525,28.61264799991746],[-81.39489199987877,28.61260500012816],[-81.394845999848,28.61255399985999],[-81.39482800030466,28.612525000253143],[-81.39480099964216,28.6124650003069],[-81.39476600038039,28.612288000147515],[-81.39476300000732,28.61225299990689],[-81.3947689998551,28.61218100025405],[-81.3947899997715,28.612111999653187],[-81.39480700038825,28.612080000033465],[-81.39485000004596,28.612018999868816],[-81.39487199978727,28.61199699986537],[-81.39490600012246,28.611967000140037],[-81.39493899973442,28.61194600009062],[-81.39500999987952,28.611913999631692],[-81.39508699987243,28.6118950002911],[-81.39516700023837,28.611890999640888],[-81.39520700042135,28.6118950002911],[-81.39526900034562,28.611908999805586],[-81.39528400041424,28.611912999666533],[-81.39540099969179,28.6119620003164],[-81.39549199992838,28.61180000038208],[-81.3955210002407,28.61175099965658],[-81.39555999970044,28.6116549996496],[-81.3955849998148,28.611555999649106],[-81.39559099966259,28.611505999629326],[-81.39560499990628,28.611262999762065],[-81.39560999992915,28.61118099970921],[-81.39561999997491,28.61107900013111],[-81.3955000003243,28.611076000211654],[-81.39403400008628,28.611085999943],[-81.39387699972742,28.611061999797514],[-81.3937820001912,28.61105699993085],[-81.3930640001408,28.611065999690716],[-81.38932300027606,28.611097999619368],[-81.38937199978156,28.61034699988218],[-81.38942100018535,28.609594000321604],[-81.38950300020112,28.608366000075943],[-81.38952300029261,28.608275000129346],[-81.38954199966088,28.608224000124743],[-81.38935500006312,28.608129000050262],[-81.38883000035656,28.607826000027256],[-81.38862600014205,28.607665000029076],[-81.38843500034635,28.607467000300407],[-81.3880870001918,28.60709600000325],[-81.38781400038033,28.606804000308397],[-81.38770300005226,28.606685000170323],[-81.38759799957194,28.606574000025983],[-81.38750700023367,28.606475999985875],[-81.38729899982121,28.606352000174223],[-81.38709600032995,28.606232000293478],[-81.38695999988748,28.60616899984772],[-81.38667700003028,28.606057999946948],[-81.3865530001817,28.606041000378063],[-81.38660000003738,28.607273000236184],[-81.38660500006026,28.607433000038604],[-81.3866229996036,28.607969999733307],[-81.38664799971797,28.608725999880743],[-81.38666500033472,28.60925600013035],[-81.38666500033472,28.61029900003673],[-81.38671200019037,28.61122999991198],[-81.38671200019037,28.61139799975769],[-81.38671200019037,28.611524999828912],[-81.3870539995988,28.611525999797824],[-81.388001999803,28.61151700007736],[-81.39152599993275,28.611480999610475],[-81.39399200025349,28.61146000025252],[-81.39417499965326,28.611454999616175],[-81.39420099959254,28.612392000050054],[-81.39419100044512,28.61280500033766],[-81.39596700030452,28.613601999885862],[-81.39598800022092,28.614892999623546],[-81.39661699968455,28.614884000191598],[-81.3980200001734,28.614864999811036],[-81.3980209999983,28.614875999907273],[-81.3980629998311,28.61546499979233],[-81.39807100022702,28.615853000058106],[-81.39825100015207,28.615974999841317],[-81.39903799979946,28.61651000018421],[-81.39926100028052,28.617462999856716],[-81.3995979996661,28.617288000062835],[-81.39965100026787,28.617261000014576],[-81.40148700040173,28.616306000239355],[-81.40169900011384,28.61619599993458],[-81.40175000016747,28.616169000394102],[-81.40172599987802,28.615897000022123],[-81.4017030003118,28.615635999750793],[-81.40168800024321,28.615462999929505],[-81.40167099962645,28.615272000238054],[-81.40164200021245,28.614940999735413],[-81.40561200040604,28.614902999780096],[-81.40561400005585,28.6151729997039],[-81.40562400010161,28.616815000228545],[-81.40669600015433,28.6165659997132],[-81.40682400020086,28.61653699963702],[-81.40870499964225,28.616500000180736],[-81.40897900017696,28.616493999862694],[-81.40925399963824,28.616489000254607],[-81.40952800017295,28.616482999935993],[-81.40963699995291,28.616481000092545],[-81.41071800022645,28.61645900023515],[-81.41071800022645,28.616412999873276],[-81.41142700005604,28.616409000183758]],[[-81.40789299988053,28.612430000125254],[-81.40789700007849,28.6124819996248],[-81.40788299983478,28.612529000090596],[-81.40785500024568,28.612570999952116],[-81.40783299960607,28.612590999917806],[-81.40778999994836,28.612614999713937],[-81.40773700024492,28.61262899992101],[-81.4075740000383,28.6126309998378],[-81.40677300014723,28.612643000126287],[-81.40650600018353,28.61264799991746],[-81.4065110002064,28.612504000315287],[-81.40650899965827,28.61247100006646],[-81.40648299971899,28.61194100026604],[-81.40648000024426,28.611876000158443],[-81.40648299971899,28.611852000193462],[-81.40650199998557,28.611806000179616],[-81.40652499955178,28.611777000366253],[-81.40657999980338,28.611739000054815],[-81.4066319996819,28.61172399976204],[-81.40678200036807,28.611720999860985],[-81.40759800032774,28.611710000222963],[-81.4078700003143,28.61170700032146],[-81.40787399961394,28.6118869997791],[-81.40788399965969,28.612266000200417],[-81.40789299988053,28.612430000125254]]]},"properties":{"block_id":"120950152023006","school_id":"sch_lake_weston_elementary","kids_est":33,"class":"red","shortest":{"len_m":2279.9,"mean_c":37.59,"peak_c":37.6,"dose":144.9},"coolest":{"len_m":2281.1,"mean_c":37.59,"peak_c":37.6,"dose":144.8},"delta_mean_c":0.0,"delta_dose_pct":0,"distance_mi":0.478,"status_now":"walk","status_rec":"bus_eligible","reason":"Coolest route mean 37.6C exceeds threshold (110 C-min dose, actual 145).","safe_until_hour":"13:00"}},{"type":"Feature","geometry":{"type":"Polygon","coordinates":[[[-81.41267300018603,28.606743000234594],[-81.41267200036111,28.606646000367437],[-81.41267099963788,28.60641799977414],[-81.41266899998807,28.60635800028293],[-81.41266700033825,28.60626200007938],[-81.41266399996519,28.606184000145074],[-81.41265800011742,28.605953000060676],[-81.41265599956927,28.605875999919714],[-81.41265499974436,28.605862000389884],[-81.41265399991946,28.605821000235085],[-81.41265399991946,28.605807999932665],[-81.41260399969073,28.605807999932665],[-81.41245399990291,28.605807999932665],[-81.4124039996742,28.605807999932665],[-81.41222700012219,28.605806999909326],[-81.4119030002571,28.605805999885977],[-81.41169599966953,28.60580999997926],[-81.41151999994244,28.605815000095713],[-81.41133499999452,28.60581700014222],[-81.411030000396,28.605822000258307],[-81.41078299962547,28.60581800016547],[-81.41074699964045,28.60581800016547],[-81.41059900040077,28.605820000211875],[-81.41059799967755,28.60586399964684],[-81.41059400037791,28.605984999969557],[-81.41059000017995,28.606166999807968],[-81.41058000013419,28.606253999926974],[-81.41056800043863,28.606294999912798],[-81.41054699962392,28.606344000028713],[-81.41053400010343,28.606374999800508],[-81.41048399987473,28.60644800029559],[-81.41063299983763,28.606567999929613],[-81.41108200027452,28.606930999624545],[-81.41123200006236,28.60705200029565],[-81.41133199962147,28.60693599968759],[-81.41141100016249,28.606861000293723],[-81.41144999962225,28.606834999944525],[-81.41149200035335,28.606810000391345],[-81.41155299955442,28.60678500004356],[-81.41164899981388,28.606762999732606],[-81.41207599961113,28.606749000320978],[-81.41236299966633,28.6067460002778],[-81.41237400043528,28.6067460002778],[-81.41267300018603,28.606743000234594]]]},"properties":{"block_id":"120950152022010","school_id":"sch_lake_weston_elementary","kids_est":6,"class":"green","shortest":{"len_m":1298.5,"mean_c":37.6,"peak_c":37.6,"dose":82.3},"coolest":{"len_m":1298.5,"mean_c":37.6,"peak_c":37.6,"dose":82.3},"delta_mean_c":0.0,"delta_dose_pct":0,"distance_mi":0.401,"status_now":"walk","status_rec":"walk","reason":"Shortest route already under threshold (dose 82).","safe_until_hour":null}},{"type":"Feature","geometry":{"type":"Polygon","coordinates":[[[-81.41209300022788,28.600239000037053],[-81.41207599961113,28.600192000382428],[-81.41207200031148,28.60014900022692],[-81.41168700034703,28.60021800000935],[-81.41166700025552,28.600216999932808],[-81.41160699998109,28.600216999932808],[-81.41158699988958,28.600216999932808],[-81.41154500005679,28.600213999703122],[-81.4113340001696,28.60022100023892],[-81.41130999988016,28.600222000315423],[-81.41116400029028,28.60022599983258],[-81.41080699991491,28.6002379999607],[-81.41079100002139,28.600239000037053],[-81.4107919998463,28.60025699983204],[-81.41079400039443,28.600277999851947],[-81.41082600018149,28.600381999813425],[-81.41085999961837,28.600498999844245],[-81.41092900011365,28.60063500033651],[-81.41100500028163,28.60061200024244],[-81.4112350004354,28.60054099978309],[-81.41130800023033,28.600518999742125],[-81.4117070004385,28.600402999808292],[-81.41181799986828,28.60037099977688],[-81.41209300022788,28.600239000037053]]]},"properties":{"block_id":"120950125001004","school_id":"sch_lake_weston_elementary","kids_est":0,"class":"red","shortest":{"len_m":2275.5,"mean_c":37.6,"peak_c":37.6,"dose":144.3},"coolest":{"len_m":2275.5,"mean_c":37.6,"peak_c":37.6,"dose":144.3},"delta_mean_c":0.0,"delta_dose_pct":0,"distance_mi":0.809,"status_now":"walk","status_rec":"bus_eligible","reason":"Coolest route mean 37.6C exceeds threshold (110 C-min dose, actual 144).","safe_until_hour":"13:00"}},{"type":"Feature","geometry":{"type":"Polygon","coordinates":[[[-81.41380200014017,28.614904999653582],[-81.41380600033813,28.614654000251562],[-81.41374000021587,28.614650999645555],[-81.41354299967406,28.614642000192852],[-81.41347800027505,28.614640000314356],[-81.41321100031136,28.614643000132084],[-81.41246499977358,28.614652000373294],[-81.41240100019947,28.61466299970322],[-81.41234099992501,28.61468499993685],[-81.4121790004416,28.61478999976956],[-81.41221000040376,28.61486799962234],[-81.41221899972626,28.614902999780096],[-81.41222200009932,28.615028999620662],[-81.4122279999471,28.61523700020326],[-81.41226800013007,28.615768999788813],[-81.41228700039665,28.616015999975865],[-81.41282399979876,28.616015999975865],[-81.41285999978378,28.616015999975865],[-81.41343300006922,28.6160150000497],[-81.41348300029793,28.616000000367606],[-81.41351400026007,28.61598000026248],[-81.41355299971981,28.615949000170897],[-81.41373199981996,28.615806000291233],[-81.41376699998006,28.615774000219773],[-81.4137900004446,28.615728000346444],[-81.41379499956915,28.615698000109667],[-81.41380299996506,28.615418999783664],[-81.41380200014017,28.615191000094722],[-81.41380200014017,28.614904999653582]]]},"properties":{"block_id":"120950152024010","school_id":"sch_lake_weston_elementary","kids_est":30,"class":"green","shortest":{"len_m":640.6,"mean_c":37.6,"peak_c":37.6,"dose":40.5},"coolest":{"len_m":641.8,"mean_c":37.6,"peak_c":37.6,"dose":40.4},"delta_mean_c":0.0,"delta_dose_pct":0,"distance_mi":0.233,"status_now":"walk","status_rec":"walk","reason":"Shortest route already under threshold (dose 40).","safe_until_hour":null}},{"type":"Feature","geometry":{"type":"Polygon","coordinates":[[[-81.41685500009173,28.6084859998851],[-81.41685099989377,28.608288000126496],[-81.41684199967294,28.607695000194365],[-81.4168390001982,28.607497999740893],[-81.41642300027159,28.60750199976975],[-81.41638700028658,28.607502999776965],[-81.4151920002102,28.607536000009215],[-81.4151779999665,28.607536000009215],[-81.41502599963053,28.607546000077548],[-81.41476600023785,28.60758400032858],[-81.41477600028361,28.607767999772225],[-81.414789999629,28.608023999867918],[-81.41479399982695,28.608323000110975],[-81.41479800002492,28.60850799983524],[-81.41520899992864,28.608502999846948],[-81.41644300036307,28.608489999876337],[-81.41685500009173,28.6084859998851]]]},"properties":{"block_id":"120950152022016","school_id":"sch_lake_weston_elementary","kids_est":1,"class":"green","shortest":{"len_m":1096.1,"mean_c":37.6,"peak_c":37.6,"dose":69.4},"coolest":{"len_m":1096.1,"mean_c":37.6,"peak_c":37.6,"dose":69.4},"delta_mean_c":0.0,"delta_dose_pct":0,"distance_mi":0.379,"status_now":"walk","status_rec":"walk","reason":"Shortest route already under threshold (dose 69).","safe_until_hour":null}},{"type":"Feature","geometry":{"type":"Polygon","coordinates":[[[-81.41228700039665,28.616015999975865],[-81.41226800013007,28.615768999788813],[-81.4122279999471,28.61523700020326],[-81.41222200009932,28.615028999620662],[-81.41221899972626,28.614902999780096],[-81.41221000040376,28.61486799962234],[-81.4121790004416,28.61478999976956],[-81.41214099990846,28.614813999851737],[-81.41202999958038,28.61488700000234],[-81.41199299977046,28.61491199999903],[-81.4119380004172,28.614948000078456],[-81.41191300030283,28.614959000166003],[-81.41182799991402,28.6149980000369],[-81.41175000009622,28.615021000135933],[-81.41166999973028,28.61503699989332],[-81.41164899981388,28.615037999828797],[-81.41155699975238,28.615044000229975],[-81.4115600001254,28.615255999727903],[-81.41157000017117,28.615323999907748],[-81.41157199982099,28.615334000023253],[-81.41159699993536,28.615409999608175],[-81.41179399957883,28.615788000005814],[-81.41189099966321,28.61595900022689],[-81.41192300034857,28.615989000389114],[-81.41196400035645,28.616008999703936],[-81.41200500036435,28.61601799982809],[-81.41228700039665,28.616015999975865]]]},"properties":{"block_id":"120950152024008","school_id":"sch_lake_weston_elementary","kids_est":10,"class":"green","shortest":{"len_m":777.4,"mean_c":37.6,"peak_c":37.6,"dose":49.2},"coolest":{"len_m":778.6,"mean_c":37.6,"peak_c":37.6,"dose":49.1},"delta_mean_c":0.0,"delta_dose_pct":0,"distance_mi":0.227,"status_now":"walk","status_rec":"walk","reason":"Shortest route already under threshold (dose 49).","safe_until_hour":null}},{"type":"Feature","geometry":{"type":"Polygon","coordinates":[[[-81.41347800027505,28.614640000314356],[-81.4134730002522,28.614248999681344],[-81.41347200042728,28.614057000203022],[-81.41346400003137,28.614026000332423],[-81.41344099956683,28.614001000124762],[-81.41340799995487,28.613988000046035],[-81.41253099989581,28.613998000288763],[-81.4121939996119,28.614002000070112],[-81.41214099990846,28.614002000070112],[-81.41171800030916,28.614000000179423],[-81.41161799985174,28.614002000070112],[-81.41147100043696,28.614003999960747],[-81.411030000396,28.614009999632447],[-81.41095199967987,28.61401200031149],[-81.41093099976347,28.614015000147155],[-81.41088899993068,28.614035999782914],[-81.4108610003416,28.614071000217937],[-81.41085399977058,28.614098000297723],[-81.41087200021224,28.614297000087536],[-81.41087999970983,28.614375000306513],[-81.41091300022013,28.614653000312433],[-81.41095800042596,28.614951999823685],[-81.41097599996931,28.614991999633098],[-81.41099799971062,28.615012999862042],[-81.41104100026665,28.615033000151335],[-81.41107700025167,28.615035000022353],[-81.41129499981155,28.615047000036164],[-81.41135000006312,28.615046000100776],[-81.41139100007102,28.615045000165377],[-81.41151499991958,28.615044000229975],[-81.41155699975238,28.615044000229975],[-81.41164899981388,28.615037999828797],[-81.41166999973028,28.61503699989332],[-81.41175000009622,28.615021000135933],[-81.41182799991402,28.6149980000369],[-81.41191300030283,28.614959000166003],[-81.4119380004172,28.614948000078456],[-81.41199299977046,28.61491199999903],[-81.41202999958038,28.61488700000234],[-81.41214099990846,28.614813999851737],[-81.4121790004416,28.61478999976956],[-81.41234099992501,28.61468499993685],[-81.41240100019947,28.61466299970322],[-81.41246499977358,28.614652000373294],[-81.41321100031136,28.614643000132084],[-81.41347800027505,28.614640000314356]]]},"properties":{"block_id":"120950152024009","school_id":"sch_lake_weston_elementary","kids_est":50,"class":"green","shortest":{"len_m":708.6,"mean_c":37.6,"peak_c":37.6,"dose":44.8},"coolest":{"len_m":709.8,"mean_c":37.6,"peak_c":37.6,"dose":44.7},"delta_mean_c":0.0,"delta_dose_pct":0,"distance_mi":0.159,"status_now":"walk","status_rec":"walk","reason":"Shortest route already under threshold (dose 45).","safe_until_hour":null}},{"type":"Feature","geometry":{"type":"Polygon","coordinates":[[[-81.41479800002492,28.60850799983524],[-81.41479399982695,28.608323000110975],[-81.414789999629,28.608023999867918],[-81.41477600028361,28.607767999772225],[-81.41476600023785,28.60758400032858],[-81.414284000189,28.607607999691368],[-81.41336000027428,28.60761299972225],[-81.41298600018048,28.607622999783256],[-81.41270099977511,28.607634999855208],[-81.41271199964577,28.60782700003138],[-81.41269699957715,28.607928999612565],[-81.41267599966076,28.607995999801613],[-81.41264499969863,28.608058999940354],[-81.41258399959925,28.608147000070943],[-81.412741999783,28.608263000130496],[-81.41323200022775,28.608665000134234],[-81.41333500015992,28.608576999648978],[-81.41339200006134,28.6085469997355],[-81.41347499990202,28.608522999798556],[-81.41354000019935,28.608514999818386],[-81.41383499975211,28.608510999828038],[-81.41479800002492,28.60850799983524]]]},"properties":{"block_id":"120950152022004","school_id":"sch_lake_weston_elementary","kids_est":10,"class":"green","shortest":{"len_m":846.2,"mean_c":37.6,"peak_c":37.6,"dose":53.6},"coolest":{"len_m":846.2,"mean_c":37.6,"peak_c":37.6,"dose":53.6},"delta_mean_c":0.0,"delta_dose_pct":0,"distance_mi":0.307,"status_now":"walk","status_rec":"walk","reason":"Shortest route already under threshold (dose 54).","safe_until_hour":null}},{"type":"Feature","geometry":{"type":"Polygon","coordinates":[[[-81.41223399979488,28.61080899993497],[-81.41223299996997,28.61063999995846],[-81.41222999959692,28.610132999974816],[-81.412228999772,28.60996499968312],[-81.41205499969473,28.609965999666887],[-81.41153400018615,28.609973000341512],[-81.41136099993378,28.609976000292544],[-81.41092300026587,28.609984000161457],[-81.4108699996641,28.609984000161457],[-81.40940000012644,28.61000099988094],[-81.40890999968167,28.61000699978123],[-81.40890899985676,28.610175999987515],[-81.40890600038202,28.61068399974055],[-81.40890600038202,28.610853999621508],[-81.40915800027709,28.610850999695614],[-81.40991700033537,28.610841999917316],[-81.41017000005537,28.61083999996648],[-81.41058199978401,28.6108340001137],[-81.41182100024133,28.61081699974044],[-81.41192199962535,28.61081599976479],[-81.41223399979488,28.61080899993497]]]},"properties":{"block_id":"120950152022002","school_id":"sch_lake_weston_elementary","kids_est":5,"class":"green","shortest":{"len_m":1649.2,"mean_c":37.6,"peak_c":37.6,"dose":104.5},"coolest":{"len_m":1649.2,"mean_c":37.6,"peak_c":37.6,"dose":104.5},"delta_mean_c":0.0,"delta_dose_pct":0,"distance_mi":0.137,"status_now":"walk","status_rec":"walk","reason":"Shortest route already under threshold (dose 104).","safe_until_hour":null}},{"type":"Feature","geometry":{"type":"Polygon","coordinates":[[[-81.41136099993378,28.609976000292544],[-81.41135799956074,28.6097989998821],[-81.41135099988804,28.609269999996556],[-81.41134900023823,28.609093999965808],[-81.41084799992281,28.60910099990996],[-81.40982299972573,28.60911699978046],[-81.40972599964134,28.60911099982933],[-81.40963100010511,28.60908900000547],[-81.40954400006648,28.609050000306375],[-81.40938699970765,28.60895100021662],[-81.40933200035437,28.608915999652776],[-81.40925399963824,28.60887999987177],[-81.40917099979758,28.608855000016593],[-81.40908499958385,28.608841000095083],[-81.40890999968167,28.608839000106194],[-81.40890999968167,28.6090720001384],[-81.40890999968167,28.609773000260038],[-81.40890999968167,28.61000699978123],[-81.40940000012644,28.61000099988094],[-81.4108699996641,28.609984000161457],[-81.41092300026587,28.609984000161457],[-81.41136099993378,28.609976000292544]]]},"properties":{"block_id":"120950152022006","school_id":"sch_lake_weston_elementary","kids_est":3,"class":"green","shortest":{"len_m":1507.3,"mean_c":37.6,"peak_c":37.6,"dose":95.5},"coolest":{"len_m":1507.3,"mean_c":37.6,"peak_c":37.6,"dose":95.5},"delta_mean_c":0.0,"delta_dose_pct":0,"distance_mi":0.205,"status_now":"walk","status_rec":"walk","reason":"Shortest route already under threshold (dose 96).","safe_until_hour":null}},{"type":"Feature","geometry":{"type":"Polygon","coordinates":[[[-81.40890899985676,28.610175999987515],[-81.40890999968167,28.61000699978123],[-81.40871800006104,28.61000699978123],[-81.40824100003506,28.610009999731282],[-81.4081439999507,28.60999999989751],[-81.4080960002701,28.609994999980238],[-81.40795599962972,28.609967999634364],[-81.40795900000276,28.61014699972414],[-81.40795999982768,28.610179999914468],[-81.40795399997988,28.610686999671252],[-81.40795200033007,28.6108670000882],[-81.40814200030086,28.610864000162625],[-81.40871499968799,28.610856000360727],[-81.40890600038202,28.610853999621508],[-81.40890600038202,28.61068399974055],[-81.40890899985676,28.610175999987515]]]},"properties":{"block_id":"120950152022001","school_id":"sch_lake_weston_elementary","kids_est":1,"class":"green","shortest":{"len_m":1507.3,"mean_c":37.6,"peak_c":37.6,"dose":95.5},"coolest":{"len_m":1507.3,"mean_c":37.6,"peak_c":37.6,"dose":95.5},"delta_mean_c":0.0,"delta_dose_pct":0,"distance_mi":0.23,"status_now":"walk","status_rec":"walk","reason":"Shortest route already under threshold (dose 96).","safe_until_hour":null}},{"type":"Feature","geometry":{"type":"Polygon","coordinates":[[[-81.40795999982768,28.610179999914468],[-81.40795900000276,28.61014699972414],[-81.40795599962972,28.609967999634364],[-81.40781000003985,28.609925000325163],[-81.40775200031352,28.60990199989879],[-81.4076660000998,28.609867999636503],[-81.40752999965737,28.609794999940643],[-81.40735899995315,28.60967600003606],[-81.40726100004385,28.60961900000091],[-81.40719300027179,28.609586999621726],[-81.407103999685,28.609547000119758],[-81.40699400008018,28.609509999778325],[-81.40699400008018,28.609784000100912],[-81.40699499990507,28.609841000046586],[-81.4069909997071,28.610108999611654],[-81.40699200043034,28.610607999890284],[-81.40699400008018,28.610882999689764],[-81.40715599956356,28.610879999764634],[-81.40764299963527,28.61087099998884],[-81.4078059998419,28.610869000038527],[-81.40783500015421,28.610868000063366],[-81.40792200019283,28.6108670000882],[-81.40795200033007,28.6108670000882],[-81.40795399997988,28.610686999671252],[-81.40795999982768,28.610179999914468]]]},"properties":{"block_id":"120950152022000","school_id":"sch_lake_weston_elementary","kids_est":0,"class":"green","shortest":{"len_m":1600.5,"mean_c":37.6,"peak_c":37.6,"dose":101.4},"coolest":{"len_m":1600.5,"mean_c":37.6,"peak_c":37.6,"dose":101.4},"delta_mean_c":0.0,"delta_dose_pct":0,"distance_mi":0.287,"status_now":"walk","status_rec":"walk","reason":"Shortest route already under threshold (dose 101).","safe_until_hour":null}},{"type":"Feature","geometry":{"type":"Polygon","coordinates":[[[-81.41060699989838,28.60497500006817],[-81.4106160001192,28.604962999692386],[-81.41054199960107,28.60496399972376],[-81.41053300027853,28.60405200028674],[-81.41053300027853,28.60401100021429],[-81.4104610003085,28.604010000173854],[-81.40948399979203,28.604006000011985],[-81.40948399979203,28.604042999925976],[-81.40948499961694,28.605143999694167],[-81.40948600034015,28.60551299973424],[-81.40936199959329,28.605410000146236],[-81.40913800018562,28.605224999698546],[-81.40902299965958,28.605130000066822],[-81.40884799975738,28.60498500038026],[-81.4088550003284,28.60403799972519],[-81.4088560001533,28.603996999647283],[-81.40862199980158,28.603995000354807],[-81.40766699992471,28.60398599998916],[-81.40751299993892,28.603863999688496],[-81.40759099975672,28.603787999636392],[-81.40777300022992,28.60360799970891],[-81.40765699987898,28.603517000373106],[-81.40739699958796,28.603771999742992],[-81.40735800012823,28.60374200003481],[-81.40726900043978,28.603672000156614],[-81.4072359999295,28.603645999806904],[-81.40718599970077,28.60370500001488],[-81.40728399961006,28.603797000019046],[-81.40739499993815,28.603873000064603],[-81.40777999990263,28.60418700008509],[-81.40788299983478,28.604303999822637],[-81.40792100036793,28.60437500010539],[-81.40866000033473,28.604973000005618],[-81.40902400038279,28.60526800014289],[-81.4091020002006,28.605331000340257],[-81.40933599965402,28.605519999916947],[-81.40941500019505,28.60558399998867],[-81.40948799998998,28.605642999897],[-81.40970800009801,28.605820000211875],[-81.40978199971786,28.60588000001039],[-81.40992200035825,28.605993000142398],[-81.41002199991736,28.60607400028089],[-81.41026299994179,28.60626800019323],[-81.41034300030772,28.60633399984598],[-81.41037300044496,28.60635800028293],[-81.41048399987473,28.60644800029559],[-81.41053400010343,28.606374999800508],[-81.41054699962392,28.606344000028713],[-81.41056800043863,28.606294999912798],[-81.41058000013419,28.606253999926974],[-81.41059000017995,28.606166999807968],[-81.41059400037791,28.605984999969557],[-81.41059799967755,28.60586399964684],[-81.41059900040077,28.605820000211875],[-81.41060000022568,28.605717000136227],[-81.41060100005058,28.605689000243657],[-81.41059699985263,28.605408000091966],[-81.41059600002772,28.605305999640535],[-81.4105950002028,28.605255999800576],[-81.41059299965467,28.605109000227955],[-81.41059299965467,28.60506000032472],[-81.41059199982976,28.605033000287783],[-81.41059199982976,28.605018999856952],[-81.41060699989838,28.60497500006817]]]},"properties":{"block_id":"120950152022009","school_id":"sch_lake_weston_elementary","kids_est":0,"class":"green","shortest":{"len_m":1400.0,"mean_c":37.6,"peak_c":37.6,"dose":88.9},"coolest":{"len_m":1400.0,"mean_c":37.6,"peak_c":37.6,"dose":88.9},"delta_mean_c":0.0,"delta_dose_pct":0,"distance_mi":0.516,"status_now":"walk","status_rec":"walk","reason":"Shortest route already under threshold (dose 89).","safe_until_hour":null}},{"type":"Feature","geometry":{"type":"Polygon","coordinates":[[[-81.41245399990291,28.62034099999691],[-81.41245499972781,28.620280999784807],[-81.41244499968207,28.6199959996889],[-81.41244100038243,28.61988099986003],[-81.41237299971206,28.61987999997067],[-81.4122780001758,28.61985899992638],[-81.41219600016005,28.61982599962303],[-81.41210900012142,28.61977600038624],[-81.41204999967186,28.61973099979108],[-81.41200100016638,28.619675000372773],[-81.4119669998312,28.619611000212476],[-81.4119469997397,28.619541999761875],[-81.41193699969396,28.619347000026018],[-81.41193500004415,28.619206999729496],[-81.41193400021923,28.618961999747125],[-81.4113890004212,28.618962999645223],[-81.41128099956784,28.618967000026043],[-81.41124600030606,28.61897699979464],[-81.41123600026032,28.618981000174998],[-81.41119699990226,28.619005000087945],[-81.41116599994011,28.619037999860755],[-81.41114599984863,28.61907599989691],[-81.41114500002371,28.619181999966703],[-81.41115500006944,28.619627000059058],[-81.41115400024455,28.61995999976285],[-81.41116099991726,28.620332000243252],[-81.41117299961282,28.620373000253743],[-81.41119799972718,28.62040900003818],[-81.41123200006236,28.62043799983362],[-81.41127499972006,28.620456999994417],[-81.41132099975081,28.620465999737334],[-81.41176400033991,28.62045899976213],[-81.41188300016559,28.620457999878266],[-81.41245399990291,28.620456999994417],[-81.41245399990291,28.62034099999691]]]},"properties":{"block_id":"120950152041025","school_id":"sch_lake_weston_elementary","kids_est":1,"class":"green","shortest":{"len_m":1326.3,"mean_c":37.6,"peak_c":37.6,"dose":84.2},"coolest":{"len_m":1327.5,"mean_c":37.6,"peak_c":37.6,"dose":84.1},"delta_mean_c":0.0,"delta_dose_pct":0,"distance_mi":0.526,"status_now":"walk","status_rec":"walk","reason":"Shortest route already under threshold (dose 84).","safe_until_hour":null}},{"type":"Feature","geometry":{"type":"Polygon","coordinates":[[[-81.41843400030766,28.594902999893947],[-81.41843900033054,28.59488399984339],[-81.41843299958443,28.594642999651274],[-81.41842099988887,28.59460899997244],[-81.41839699959942,28.594581000275042],[-81.41836499981237,28.59456100003591],[-81.41832700017754,28.594551000309323],[-81.41811700011525,28.594556000172705],[-81.41736200025493,28.594577999884457],[-81.4172559999497,28.594577999884457],[-81.41696899989454,28.594577999884457],[-81.41673200006808,28.594575999624087],[-81.4166199999151,28.594575999624087],[-81.41625199966906,28.594581000275042],[-81.41620499981339,28.594593000258918],[-81.41614899973689,28.59462699994298],[-81.4161210001478,28.59466099961598],[-81.41611100010205,28.594679000366366],[-81.41609900040649,28.59472700024895],[-81.41608199978974,28.594803999883467],[-81.41606000004843,28.59485000024253],[-81.41602700043646,28.59489200007269],[-81.41598600042859,28.59492599965999],[-81.41617300002633,28.594913999714123],[-81.41648799967061,28.594894000327102],[-81.41673600026603,28.594882000377538],[-81.41689000025183,28.594875999613546],[-81.41692299986379,28.59488399984339],[-81.41695600037407,28.594901999766837],[-81.41706900035197,28.594996999969023],[-81.41712200005541,28.59501999971448],[-81.41718099960664,28.59502799993342],[-81.41726400034564,28.595025999681553],[-81.4178679996949,28.595013999747064],[-81.418311000284,28.5949959998428],[-81.41835200029189,28.594985000031276],[-81.41838800027689,28.594964999869003],[-81.41840499999535,28.594945999829655],[-81.418415999866,28.594936000139644],[-81.41843400030766,28.594902999893947]]]},"properties":{"block_id":"120950124031085","school_id":"sch_lake_weston_elementary","kids_est":2,"class":"red","shortest":{"len_m":2657.8,"mean_c":37.52,"peak_c":37.6,"dose":166.4},"coolest":{"len_m":2658.1,"mean_c":37.52,"peak_c":37.6,"dose":166.3},"delta_mean_c":0.0,"delta_dose_pct":0,"distance_mi":1.241,"status_now":"walk","status_rec":"bus_eligible","reason":"Coolest route mean 37.5C exceeds threshold (110 C-min dose, actual 166).","safe_until_hour":"13:00"}},{"type":"Feature","geometry":{"type":"Polygon","coordinates":[[[-81.40521900004565,28.612750000337734],[-81.40509500019708,28.61265199975028],[-81.40460200027759,28.612220000367877],[-81.40453500033044,28.612153999681404],[-81.4044759998809,28.612081999960704],[-81.40442800020031,28.612003999616018],[-81.40401499974843,28.611120999783857],[-81.40390900034154,28.610932000031546],[-81.40382399995273,28.61080899993497],[-81.40366400011916,28.610612999778386],[-81.40359200014913,28.610503999798603],[-81.40355699998904,28.610431999735457],[-81.40351299960811,28.610300000017318],[-81.40349000004188,28.610167000151396],[-81.40347900017123,28.609472000224],[-81.40261399980773,28.609476000177747],[-81.40259200006645,28.609866999651814],[-81.40256399957903,28.610264999902885],[-81.40255199988347,28.61049300003312],[-81.40253199979196,28.610603000002016],[-81.40248800030936,28.610766000181396],[-81.40258700004355,28.610829000236183],[-81.40270000002147,28.610905999901284],[-81.4027090002423,28.61091299972469],[-81.4028210003953,28.611006999673535],[-81.40292199977931,28.611109000110133],[-81.40302100041183,28.611228999940256],[-81.40311099992519,28.61136300000917],[-81.40318100024541,28.6114910000919],[-81.4031879999181,28.611502999721996],[-81.4032869996523,28.611722999795013],[-81.40335500032266,28.611874000227274],[-81.40339100030768,28.6119539998095],[-81.40356700003477,28.612326000260346],[-81.40358100027848,28.612353999961115],[-81.40365099970037,28.612470000106544],[-81.40376399967828,28.61262300017048],[-81.40380600040939,28.61266899982654],[-81.40387599983127,28.612744999762796],[-81.40437100029891,28.613175000233895],[-81.40456200009461,28.61334200017153],[-81.40469299961586,28.613223000342327],[-81.40508699980117,28.612867999958098],[-81.40521900004565,28.612750000337734]]]},"properties":{"block_id":"120950152021008","school_id":"sch_lake_weston_elementary","kids_est":11,"class":"red","shortest":{"len_m":2418.7,"mean_c":37.57,"peak_c":37.6,"dose":152.9},"coolest":{"len_m":2418.7,"mean_c":37.57,"peak_c":37.6,"dose":152.9},"delta_mean_c":0.0,"delta_dose_pct":0,"distance_mi":0.49,"status_now":"walk","status_rec":"bus_eligible","reason":"Coolest route mean 37.6C exceeds threshold (110 C-min dose, actual 153).","safe_until_hour":"13:00"}},{"type":"Feature","geometry":{"type":"Polygon","coordinates":[[[-81.41858400009549,28.606258000003244],[-81.4185930003163,28.606089999823794],[-81.41857900007261,28.60573599980559],[-81.41846799974454,28.60511699967882],[-81.41844600000321,28.60502199994944],[-81.41835399994171,28.604638000035045],[-81.41808100013023,28.603486999803465],[-81.41798999989365,28.603103999848884],[-81.41777200033376,28.603102999799823],[-81.41818900008528,28.604879000178155],[-81.41828399962151,28.605258999886296],[-81.41837300020829,28.60568200007221],[-81.41840099979738,28.60601499982593],[-81.41839800032265,28.606304000080637],[-81.41835999978949,28.60658900026551],[-81.4185509995852,28.606645000352067],[-81.41858400009549,28.606258000003244]]]},"properties":{"block_id":"120950152022034","school_id":"sch_lake_weston_elementary","kids_est":0,"class":"red","shortest":{"len_m":2972.6,"mean_c":37.53,"peak_c":37.6,"dose":187.1},"coolest":{"len_m":2972.6,"mean_c":37.53,"peak_c":37.6,"dose":187.1},"delta_mean_c":0.0,"delta_dose_pct":0,"distance_mi":0.643,"status_now":"walk","status_rec":"bus_eligible","reason":"Coolest route mean 37.5C exceeds threshold (110 C-min dose, actual 187).","safe_until_hour":"12:00"}},{"type":"Feature","geometry":{"type":"Polygon","coordinates":[[[-81.4215840003436,28.596290999943097],[-81.4215840003436,28.596232000304916],[-81.42158299962037,28.596183000205944],[-81.42158199979546,28.59593300035938],[-81.42157900032072,28.595691000086674],[-81.42157599994766,28.595450000167375],[-81.4215719997497,28.595208999695494],[-81.42156900027499,28.59496700012203],[-81.42156599990193,28.594726000120225],[-81.42145600029708,28.59472700024895],[-81.4206960004139,28.594732000104027],[-81.42020900034217,28.59472999984652],[-81.42013700037214,28.59472999984652],[-81.42009700018916,28.594730999975276],[-81.42005600018129,28.594733000232768],[-81.42001599999831,28.59473699995886],[-81.41996699959451,28.594742999942092],[-81.41992399993681,28.59475000005349],[-81.41987500043132,28.594759999761212],[-81.41983299970022,28.594770000256666],[-81.41978599984456,28.594783000347288],[-81.4197330001411,28.594801000288022],[-81.41968499956222,28.594819000225677],[-81.41962500018606,28.594845999731973],[-81.41956699956144,28.594874000147538],[-81.41957900015531,28.59476499961471],[-81.41958599982802,28.594679000366366],[-81.41959199967579,28.594585000006923],[-81.41959300039902,28.59455399991192],[-81.41968600028544,28.594521999676978],[-81.41979199969234,28.594493999956452],[-81.41989100032487,28.594474999831966],[-81.41994300020339,28.594467999702182],[-81.42005000033352,28.594457999966753],[-81.42013700037214,28.59445500036142],[-81.42020699979403,28.59445500036142],[-81.42069300004083,28.59445699983539],[-81.42068700019306,28.593792000299363],[-81.42068399982001,28.593543999778515],[-81.42067999962204,28.593121999779925],[-81.42067499959919,28.59267200024766],[-81.41971300004961,28.592678999708212],[-81.41946000032964,28.592681000004752],[-81.4191769995741,28.59267800034871],[-81.41913399991638,28.59267800034871],[-81.41896900005995,28.592319000139156],[-81.41863799962385,28.59189300012125],[-81.4185990001641,28.59183999974095],[-81.41859099976817,28.591790999960825],[-81.4185849999204,28.591282000201883],[-81.41813700020674,28.591573000275893],[-81.41847399959231,28.591972999930427],[-81.41857599969956,28.59204500002212],[-81.4186970000734,28.592175999646123],[-81.41884199983835,28.59236000004053],[-81.41896999988488,28.59256000013829],[-81.41903400035727,28.592679999856482],[-81.41914200031232,28.59288700036965],[-81.419289999552,28.593270999842076],[-81.41937099974285,28.59352400013084],[-81.41944100006305,28.593894000095716],[-81.41948200007094,28.59434199965311],[-81.41948200007094,28.594462999834562],[-81.41948399972077,28.594539999662405],[-81.41946600017741,28.594836000032494],[-81.41943799969,28.59500400006358],[-81.41937699959065,28.595242999968992],[-81.41931499966635,28.59545899968661],[-81.41926000031307,28.59563300023185],[-81.41917800029732,28.595827999820585],[-81.41894800014356,28.596271000029354],[-81.41900400022004,28.596301000292897],[-81.41905400044877,28.59630800030061],[-81.41939800040535,28.596315000307836],[-81.41980299956299,28.596303999845546],[-81.42020000012133,28.59629699983763],[-81.42028600033507,28.59629499960992],[-81.4204930000243,28.59629300017091],[-81.42064500036025,28.596292000057016],[-81.4208450003768,28.596290999943097],[-81.42137299955809,28.596290999943097],[-81.42146600034282,28.596290999943097],[-81.4215840003436,28.596290999943097]]]},"properties":{"block_id":"120950124031006","school_id":"sch_lake_weston_elementary","kids_est":0,"class":"red","shortest":{"len_m":2708.2,"mean_c":37.52,"peak_c":37.6,"dose":169.6},"coolest":{"len_m":2708.2,"mean_c":37.52,"peak_c":37.6,"dose":169.6},"delta_mean_c":0.0,"delta_dose_pct":0,"distance_mi":1.354,"status_now":"walk","status_rec":"bus_eligible","reason":"Coolest route mean 37.5C exceeds threshold (110 C-min dose, actual 170).","safe_until_hour":"13:00"}},{"type":"Feature","geometry":{"type":"Polygon","coordinates":[[[-81.42573699993697,28.608644000213335],[-81.42578100031791,28.608584999624444],[-81.42543999983607,28.608355000086572],[-81.42447900011142,28.60772200033587],[-81.42443200025575,28.607787999863778],[-81.42436100011064,28.607889000267967],[-81.42567099981474,28.60872999986291],[-81.42573699993697,28.608644000213335]]]},"properties":{"block_id":"120950152022043","school_id":"sch_lake_weston_elementary","kids_est":0,"class":"red","shortest":{"len_m":3056.7,"mean_c":37.61,"peak_c":37.7,"dose":195.2},"coolest":{"len_m":3056.7,"mean_c":37.61,"peak_c":37.7,"dose":195.2},"delta_mean_c":0.0,"delta_dose_pct":0,"distance_mi":0.856,"status_now":"walk","status_rec":"bus_eligible","reason":"Coolest route mean 37.6C exceeds threshold (110 C-min dose, actual 195).","safe_until_hour":"12:00"}},{"type":"Feature","geometry":{"type":"Polygon","coordinates":[[[-81.42151700039645,28.605342999885345],[-81.42152599971895,28.60533599969078],[-81.42143200000763,28.605228999814006],[-81.42115099980025,28.604910999625464],[-81.42086100027032,28.604537999695562],[-81.42062199989573,28.60423599960679],[-81.4202329997333,28.603743000077802],[-81.42004899961029,28.603478000182946],[-81.4197120002247,28.60300499967678],[-81.41942000014666,28.602521000384627],[-81.41868000035495,28.601175000275937],[-81.41827899959864,28.600422999724444],[-81.41796399995438,28.599785999973687],[-81.41789199998435,28.5996389998469],[-81.41743300040004,28.598820999747637],[-81.41732200007195,28.59861000030021],[-81.41728699991187,28.598748000263324],[-81.41726099997258,28.59889999971584],[-81.41775700026514,28.59987099969562],[-81.41808899962784,28.600489999967806],[-81.41816700034396,28.600628999900977],[-81.4186429996467,28.601513999713912],[-81.41866500028634,28.601556000035785],[-81.41905299972554,28.602266999613178],[-81.41942699981935,28.602898999843227],[-81.41990200019549,28.603623000371897],[-81.42023899958109,28.60405300032678],[-81.42048299997855,28.60439900020123],[-81.42098199974585,28.60499399987165],[-81.42139900039567,28.605454999779607],[-81.42149099955887,28.605364999704978],[-81.42151700039645,28.605342999885345]]]},"properties":{"block_id":"120950124021016","school_id":"sch_lake_weston_elementary","kids_est":0,"class":"red","shortest":{"len_m":2606.7,"mean_c":37.54,"peak_c":37.6,"dose":164.1},"coolest":{"len_m":2606.7,"mean_c":37.54,"peak_c":37.6,"dose":164.1},"delta_mean_c":0.0,"delta_dose_pct":0,"distance_mi":0.826,"status_now":"walk","status_rec":"bus_eligible","reason":"Coolest route mean 37.5C exceeds threshold (110 C-min dose, actual 164).","safe_until_hour":"13:00"}},{"type":"Feature","geometry":{"type":"Polygon","coordinates":[[[-81.41703400019186,28.598061999812547],[-81.41697499974232,28.597949999925397],[-81.41681599973366,28.59801900036297],[-81.41687000016033,28.59813499977336],[-81.41694899980305,28.5980980001453],[-81.41703400019186,28.598061999812547]]]},"properties":{"block_id":"120950152022044","school_id":"sch_lake_weston_elementary","kids_est":0,"class":"red","shortest":{"len_m":2184.7,"mean_c":37.55,"peak_c":37.6,"dose":137.7},"coolest":{"len_m":2184.7,"mean_c":37.55,"peak_c":37.6,"dose":137.7},"delta_mean_c":0.0,"delta_dose_pct":0,"distance_mi":1.019,"status_now":"walk","status_rec":"bus_eligible","reason":"Coolest route mean 37.5C exceeds threshold (110 C-min dose, actual 138).","safe_until_hour":"13:00"}},{"type":"Feature","geometry":{"type":"Polygon","coordinates":[[[-81.41932899991006,28.594325999898956],[-81.41931300001653,28.594031999941024],[-81.41921599993215,28.59345399975644],[-81.4191349997413,28.593171999871988],[-81.41901799956544,28.59288100028053],[-81.41887299980048,28.59258600007572],[-81.41875300014988,28.592400999925935],[-81.41860199963884,28.59217000030515],[-81.41847399959231,28.591972999930427],[-81.41813700020674,28.591573000275893],[-81.41806199986367,28.59148900031285],[-81.41805099999301,28.59147699997462],[-81.41799499991652,28.591414000148248],[-81.41796399995438,28.591372999877905],[-81.41790000038029,28.59128499989776],[-81.41786100002221,28.591231999999646],[-81.41772399975486,28.591045999669568],[-81.41756899994415,28.590835000389475],[-81.41738200034641,28.590522000082917],[-81.41719300020053,28.59013699986168],[-81.41701900012325,28.589626999805034],[-81.41690699997027,28.58929800011524],[-81.41680900006098,28.58866499994516],[-81.41680800023606,28.588411999794314],[-81.4165859995799,28.58839199995904],[-81.41659800017378,28.58864200038681],[-81.41663499998369,28.588836000138755],[-81.41666799959566,28.589040999967434],[-81.41668299966429,28.58909800012198],[-81.4169310002597,28.590045999904515],[-81.41700200040482,28.590318000157655],[-81.41746900038505,28.59109300025901],[-81.41795499973354,28.591681000017132],[-81.4181210003132,28.591881999985002],[-81.41825799968224,28.592047999696163],[-81.41844199980525,28.59227099994569],[-81.41858800029345,28.592477999686757],[-81.41870200009625,28.592688000253535],[-81.41882099992195,28.592902000196712],[-81.4189449997705,28.593175999657483],[-81.4190140002658,28.593434000091644],[-81.41910700015221,28.593909999915645],[-81.41913100044167,28.594164999723414],[-81.41913899993926,28.5944999999535],[-81.41912600041879,28.594613999833125],[-81.41910299995425,28.594807000267537],[-81.41904600005284,28.59513000010783],[-81.41894099957254,28.595469000115617],[-81.41871499961674,28.59594199983732],[-81.41853700023981,28.596216000049758],[-81.41850600027769,28.596267999687022],[-81.41864000017198,28.596258000122834],[-81.41875099960176,28.596249999997514],[-81.41896999988488,28.595868999930794],[-81.41907000034229,28.595606000138893],[-81.41918400014511,28.595320000014205],[-81.41927200000866,28.594900000301326],[-81.41930499962062,28.5946699999916],[-81.41930200014588,28.594613999833125],[-81.41932899991006,28.594325999898956]]]},"properties":{"block_id":"120950124031004","school_id":"sch_lake_weston_elementary","kids_est":0,"class":"red","shortest":{"len_m":2686.3,"mean_c":37.5,"peak_c":37.6,"dose":168.2},"coolest":{"len_m":2686.3,"mean_c":37.5,"peak_c":37.6,"dose":168.2},"delta_mean_c":0.0,"delta_dose_pct":0,"distance_mi":1.367,"status_now":"walk","status_rec":"bus_eligible","reason":"Coolest route mean 37.5C exceeds threshold (110 C-min dose, actual 168).","safe_until_hour":"13:00"}},{"type":"Feature","geometry":{"type":"Polygon","coordinates":[[[-81.41677700027392,28.59792399973736],[-81.41674100028891,28.597834999621302],[-81.41596499961388,28.596450999904764],[-81.41560800013681,28.59576500023573],[-81.41552699994597,28.59576500023573],[-81.41546400019678,28.595764000116823],[-81.41540100044759,28.595764000116823],[-81.41511799969204,28.595760999760003],[-81.41409099984516,28.5957530003856],[-81.41386300023954,28.595751000147533],[-81.413847000346,28.595764000116823],[-81.41382800007942,28.595798000210795],[-81.41371599992644,28.596006000221465],[-81.41370300040596,28.596110999793677],[-81.413727999622,28.59618799999175],[-81.41386499988936,28.59621000015066],[-81.41388400015593,28.596137999756902],[-81.41386499988936,28.596022999836304],[-81.41383999977499,28.595951000103174],[-81.41391500011807,28.59591800017617],[-81.41398399971503,28.595901999873202],[-81.41404099961645,28.595940000391593],[-81.41406499990589,28.59595700001712],[-81.41404599963931,28.596061000310954],[-81.41402899992089,28.59627599981098],[-81.41402700027106,28.596303999845546],[-81.41394000023243,28.5963920003564],[-81.41381499966064,28.59640300002074],[-81.4137839996985,28.596435999795485],[-81.41377200000292,28.596496000219805],[-81.41380999963778,28.596511999643663],[-81.41389000000372,28.596546000284338],[-81.41386499988936,28.59664999999542],[-81.413727999622,28.59666700029479],[-81.41357799983416,28.596716000168183],[-81.41300500044706,28.5972659999961],[-81.41278600016393,28.597315999694388],[-81.41264300004879,28.597321000214972],[-81.41259100017027,28.59731300017062],[-81.41256100003302,28.597307999649587],[-81.41256400040608,28.59754599973508],[-81.41258100012452,28.598799000135273],[-81.41254500013952,28.598904000072025],[-81.41254699978933,28.599014000343967],[-81.41254900033746,28.599074000085256],[-81.41254900033746,28.599278000369118],[-81.41254900033746,28.599722999606488],[-81.41259600019313,28.599918000282543],[-81.4123829997578,28.600022999889983],[-81.41231599981064,28.600057000183593],[-81.41207200031148,28.60014900022692],[-81.41207599961113,28.600192000382428],[-81.41209300022788,28.600239000037053],[-81.4165859995799,28.598010000274133],[-81.41677700027392,28.59792399973736]]]},"properties":{"block_id":"120950125001011","school_id":"sch_lake_weston_elementary","kids_est":0,"class":"red","shortest":{"len_m":2447.2,"mean_c":37.54,"peak_c":37.6,"dose":154.1},"coolest":{"len_m":2447.2,"mean_c":37.54,"peak_c":37.6,"dose":154.1},"delta_mean_c":0.0,"delta_dose_pct":0,"distance_mi":1.006,"status_now":"walk","status_rec":"bus_eligible","reason":"Coolest route mean 37.5C exceeds threshold (110 C-min dose, actual 154).","safe_until_hour":"13:00"}},{"type":"Feature","geometry":{"type":"Polygon","coordinates":[[[-81.40096699981974,28.627095000180862],[-81.40096599999484,28.626941000091236],[-81.40096299962178,28.626483000138442],[-81.40096299962178,28.626329999767428],[-81.40096199979688,28.626267000338384],[-81.40096099997197,28.626080999738267],[-81.40096099997197,28.626018999990634],[-81.40083999959815,28.626018000159732],[-81.40081100018413,28.626018000159732],[-81.40060000029695,28.62599699976615],[-81.40047899992312,28.625991999822034],[-81.40035900027252,28.62598799970888],[-81.40035300042474,28.626060000145753],[-81.40034599985373,28.6261700003675],[-81.40034900022678,28.62627899985706],[-81.4003519997015,28.626352999749848],[-81.4003519997015,28.626502999819994],[-81.40035500007455,28.626953000321425],[-81.40035599989946,28.62710300032272],[-81.40047800009819,28.62710000007245],[-81.40054400022045,28.627099000251828],[-81.40068300013762,28.62710099989303],[-81.40084399979611,28.62709699982213],[-81.40096699981974,28.627095000180862]]]},"properties":{"block_id":"120950152043002","school_id":"sch_lake_weston_elementary","kids_est":1,"class":"red","shortest":{"len_m":3691.4,"mean_c":37.43,"peak_c":37.8,"dose":227.1},"coolest":{"len_m":3752.5,"mean_c":37.1,"peak_c":37.6,"dose":213.2},"delta_mean_c":-0.33,"delta_dose_pct":-6,"distance_mi":1.195,"status_now":"walk","status_rec":"bus_eligible","reason":"Coolest route mean 37.1C exceeds threshold (110 C-min dose, actual 213).","safe_until_hour":"11:00"}},{"type":"Feature","geometry":{"type":"Polygon","coordinates":[[[-81.41755399987555,28.61236600028124],[-81.41768899959477,28.612225000179187],[-81.41752299991342,28.612097000202294],[-81.41706699980384,28.611744999855837],[-81.41702599979594,28.611713000124315],[-81.41691899966582,28.61162899969836],[-81.41686199976442,28.611584000343772],[-81.41650600011228,28.61130500012976],[-81.41624900019431,28.61110200029977],[-81.41583800029058,28.61076900010977],[-81.41544199955715,28.61046599981526],[-81.41537799998305,28.610418000024122],[-81.41527900024884,28.61032500031718],[-81.41524900011161,28.610297000075537],[-81.41510699982139,28.61050799971305],[-81.4150239999807,28.610686999671252],[-81.41492600007142,28.611215000335136],[-81.4149310000943,28.61141500003697],[-81.4149310000943,28.612046999651426],[-81.41494299978987,28.612903999949527],[-81.414945000338,28.61293500015136],[-81.41496999955405,28.6133989997636],[-81.41497600030013,28.61439799975338],[-81.41658899995294,28.614380000015245],[-81.41696300004675,28.614372999634327],[-81.41707400037484,28.61435499989192],[-81.41717899995682,28.614320000340136],[-81.41721199956878,28.614303999684907],[-81.41724400025414,28.61428699987328],[-81.41727500021629,28.614268000173347],[-81.4173039996303,28.614246999795363],[-81.41743599987477,28.614134999811625],[-81.417466000012,28.613312999993624],[-81.41745699979117,28.613142000195957],[-81.41744400027069,28.613102999635846],[-81.41743400022496,28.613084999675785],[-81.41741900015634,28.61306899962108],[-81.4174020004379,28.613055000261205],[-81.41738399999623,28.613043000019793],[-81.41736300007985,28.61304100011085],[-81.41734100033852,28.6130279999133],[-81.41731700004908,28.61302100023083],[-81.41710399961374,28.613012999804592],[-81.417057999583,28.61299599978402],[-81.41702099977307,28.61296399964499],[-81.41700099968159,28.61292299989623],[-81.41699800020685,28.612908999728344],[-81.4170640003291,28.612871999782534],[-81.41714600034486,28.612784999624143],[-81.417317999874,28.61260500012816],[-81.41752899976119,28.612393999971363],[-81.41755399987555,28.61236600028124]]]},"properties":{"block_id":"120950151041023","school_id":"sch_lake_weston_elementary","kids_est":6,"class":"green","shortest":{"len_m":400.5,"mean_c":37.6,"peak_c":37.6,"dose":25.2},"coolest":{"len_m":400.5,"mean_c":37.6,"peak_c":37.6,"dose":25.2},"delta_mean_c":0.0,"delta_dose_pct":0,"distance_mi":0.269,"status_now":"walk","status_rec":"walk","reason":"Shortest route already under threshold (dose 25).","safe_until_hour":null}},{"type":"Feature","geometry":{"type":"Polygon","coordinates":[[[-81.41786199984713,28.607789999872743],[-81.41802500005375,28.607499999755316],[-81.4168390001982,28.607497999740893],[-81.41684199967294,28.607695000194365],[-81.41685099989377,28.608288000126496],[-81.41685500009173,28.6084859998851],[-81.41644300036307,28.608489999876337],[-81.41520899992864,28.608502999846948],[-81.41479800002492,28.60850799983524],[-81.41383499975211,28.608510999828038],[-81.41354000019935,28.608514999818386],[-81.41347499990202,28.608522999798556],[-81.41339200006134,28.6085469997355],[-81.41333500015992,28.608576999648978],[-81.41323200022775,28.608665000134234],[-81.41439899981674,28.60960700015559],[-81.41509900032379,28.610173000042263],[-81.41533699997517,28.609784000100912],[-81.41562999987812,28.609498999908762],[-81.41584999998616,28.609329000200777],[-81.41599800012416,28.609214999722887],[-81.41658999977786,28.60887999987177],[-81.41685900028969,28.608719999907283],[-81.41704599988745,28.608610000332458],[-81.41720599972099,28.60848199989366],[-81.41734899983614,28.608368000073888],[-81.4177120000593,28.607985999776115],[-81.41786199984713,28.607789999872743]]]},"properties":{"block_id":"120950152022015","school_id":"sch_lake_weston_elementary","kids_est":2,"class":"green","shortest":{"len_m":1155.8,"mean_c":37.6,"peak_c":37.6,"dose":73.2},"coolest":{"len_m":1155.8,"mean_c":37.6,"peak_c":37.6,"dose":73.2},"delta_mean_c":0.0,"delta_dose_pct":0,"distance_mi":0.327,"status_now":"walk","status_rec":"walk","reason":"Shortest route already under threshold (dose 73).","safe_until_hour":null}},{"type":"Feature","geometry":{"type":"Polygon","coordinates":[[[-81.41786900041812,28.602594999667957],[-81.4178390002809,28.60246599973246],[-81.41774999969412,28.6020779997058],[-81.4177410003716,28.602036000381208],[-81.41762199964762,28.602037999711023],[-81.41751899971545,28.602039999829373],[-81.41765099995992,28.602594999667957],[-81.41774600039449,28.602594999667957],[-81.41786900041812,28.602594999667957]]]},"properties":{"block_id":"120950152022033","school_id":"sch_lake_weston_elementary","kids_est":0,"class":"green","shortest":{"len_m":1592.7,"mean_c":37.56,"peak_c":37.6,"dose":100.7},"coolest":{"len_m":1592.7,"mean_c":37.56,"peak_c":37.6,"dose":100.7},"delta_mean_c":0.0,"delta_dose_pct":0,"distance_mi":0.767,"status_now":"walk","status_rec":"walk","reason":"Shortest route already under threshold (dose 101).","safe_until_hour":null}},{"type":"Feature","geometry":{"type":"Polygon","coordinates":[[[-81.41722699963739,28.599096999727255],[-81.41726099997258,28.59889999971584],[-81.41712200005541,28.598628000374273],[-81.41708199987244,28.59876500022338],[-81.417057999583,28.59892599966241],[-81.41704400023761,28.599020000083044],[-81.4172049998961,28.599407000274656],[-81.41721499994183,28.599269999685013],[-81.41722699963739,28.599096999727255]]]},"properties":{"block_id":"120950152022036","school_id":"sch_lake_weston_elementary","kids_est":0,"class":"red","shortest":{"len_m":2281.7,"mean_c":37.54,"peak_c":37.6,"dose":143.7},"coolest":{"len_m":2281.7,"mean_c":37.54,"peak_c":37.6,"dose":143.7},"delta_mean_c":0.0,"delta_dose_pct":0,"distance_mi":0.962,"status_now":"walk","status_rec":"bus_eligible","reason":"Coolest route mean 37.5C exceeds threshold (110 C-min dose, actual 144).","safe_until_hour":"13:00"}},{"type":"Feature","geometry":{"type":"Polygon","coordinates":[[[-81.41728699991187,28.598748000263324],[-81.41732200007195,28.59861000030021],[-81.41719700039849,28.598372000258085],[-81.41712200005541,28.598628000374273],[-81.41726099997258,28.59889999971584],[-81.41728699991187,28.598748000263324]]]},"properties":{"block_id":"120950124021021","school_id":"sch_lake_weston_elementary","kids_est":0,"class":"red","shortest":{"len_m":2281.7,"mean_c":37.54,"peak_c":37.6,"dose":143.7},"coolest":{"len_m":2281.7,"mean_c":37.54,"peak_c":37.6,"dose":143.7},"delta_mean_c":0.0,"delta_dose_pct":0,"distance_mi":0.987,"status_now":"walk","status_rec":"bus_eligible","reason":"Coolest route mean 37.5C exceeds threshold (110 C-min dose, actual 144).","safe_until_hour":"13:00"}},{"type":"Feature","geometry":{"type":"Polygon","coordinates":[[[-81.41735899988187,28.598466999689993],[-81.41739700041502,28.598355000234456],[-81.41731399967604,28.59819700020803],[-81.41728100006408,28.59813499977336],[-81.41723099983535,28.598255000225333],[-81.41719700039849,28.598372000258085],[-81.41732200007195,28.59861000030021],[-81.41735899988187,28.598466999689993]]]},"properties":{"block_id":"120950124021023","school_id":"sch_lake_weston_elementary","kids_est":0,"class":"red","shortest":{"len_m":2140.7,"mean_c":37.55,"peak_c":37.6,"dose":135.0},"coolest":{"len_m":2140.7,"mean_c":37.55,"peak_c":37.6,"dose":135.0},"delta_mean_c":0.0,"delta_dose_pct":0,"distance_mi":1.006,"status_now":"walk","status_rec":"bus_eligible","reason":"Coolest route mean 37.5C exceeds threshold (110 C-min dose, actual 135).","safe_until_hour":"14:00"}},{"type":"Feature","geometry":{"type":"Polygon","coordinates":[[[-81.41774999969412,28.59760500021307],[-81.41781599981638,28.59751699992909],[-81.41750600019496,28.5976770003906],[-81.41738399999623,28.59788900023245],[-81.41728100006408,28.59813499977336],[-81.41731399967604,28.59819700020803],[-81.41739700041502,28.598355000234456],[-81.41746900038505,28.59814000025498],[-81.41758400001277,28.59790199993723],[-81.41774999969412,28.59760500021307]]]},"properties":{"block_id":"120950124021024","school_id":"sch_lake_weston_elementary","kids_est":0,"class":"red","shortest":{"len_m":2143.0,"mean_c":37.55,"peak_c":37.6,"dose":135.1},"coolest":{"len_m":2143.0,"mean_c":37.55,"peak_c":37.6,"dose":135.1},"delta_mean_c":0.0,"delta_dose_pct":0,"distance_mi":1.039,"status_now":"walk","status_rec":"bus_eligible","reason":"Coolest route mean 37.5C exceeds threshold (110 C-min dose, actual 135).","safe_until_hour":"14:00"}},{"type":"Feature","geometry":{"type":"Polygon","coordinates":[[[-81.41913899993926,28.5944999999535],[-81.41913100044167,28.594164999723414],[-81.41910700015221,28.593909999915645],[-81.4190140002658,28.593434000091644],[-81.4189449997705,28.593175999657483],[-81.41882099992195,28.592902000196712],[-81.41888600021929,28.593287999899253],[-81.4189730002579,28.59379600006127],[-81.41898999997635,28.59404600025818],[-81.4189659996869,28.594613999833125],[-81.41890100028787,28.594989999874063],[-81.41880500002841,28.595318999891052],[-81.41871999963962,28.595530999756818],[-81.41864400036994,28.59570199982431],[-81.41855499978315,28.595886999685554],[-81.41831299993383,28.596274000371604],[-81.41837599968302,28.59627800003906],[-81.41850600027769,28.596267999687022],[-81.41853700023981,28.596216000049758],[-81.41871499961674,28.59594199983732],[-81.41894099957254,28.595469000115617],[-81.41904600005284,28.59513000010783],[-81.41910299995425,28.594807000267537],[-81.41912600041879,28.594613999833125],[-81.41913899993926,28.5944999999535]]]},"properties":{"block_id":"120950124031003","school_id":"sch_lake_weston_elementary","kids_est":0,"class":"red","shortest":{"len_m":2521.3,"mean_c":37.53,"peak_c":37.6,"dose":158.3},"coolest":{"len_m":2521.3,"mean_c":37.53,"peak_c":37.6,"dose":158.3},"delta_mean_c":0.0,"delta_dose_pct":0,"distance_mi":1.229,"status_now":"walk","status_rec":"bus_eligible","reason":"Coolest route mean 37.5C exceeds threshold (110 C-min dose, actual 158).","safe_until_hour":"13:00"}},{"type":"Feature","geometry":{"type":"Polygon","coordinates":[[[-81.40357100023273,28.61847899975229],[-81.40356600020988,28.618079999966607],[-81.403561000187,28.618037000035585],[-81.40353799972247,28.618008000365545],[-81.40350299956235,28.617993000179617],[-81.40338899975956,28.61798500013213],[-81.40311500012315,28.61798699994693],[-81.40256399957903,28.617989999668985],[-81.40253000014215,28.617997999716152],[-81.40250300037798,28.61801800022549],[-81.40248999995917,28.618045999985927],[-81.40248900013428,28.618085000287532],[-81.40248800030936,28.61848400005427],[-81.40270400021943,28.61848200024894],[-81.40324999984237,28.618479999654994],[-81.40335399959945,28.61847899975229],[-81.40357100023273,28.61847899975229]]]},"properties":{"block_id":"120950152024006","school_id":"sch_lake_weston_elementary","kids_est":0,"class":"red","shortest":{"len_m":2054.8,"mean_c":37.6,"peak_c":37.6,"dose":131.1},"coolest":{"len_m":2056.0,"mean_c":37.6,"peak_c":37.6,"dose":131.0},"delta_mean_c":0.0,"delta_dose_pct":0,"distance_mi":0.672,"status_now":"walk","status_rec":"bus_eligible","reason":"Coolest route mean 37.6C exceeds threshold (110 C-min dose, actual 131).","safe_until_hour":"14:00"}},{"type":"Feature","geometry":{"type":"Polygon","coordinates":[[[-81.40160000037966,28.627082999966902],[-81.4015839995878,28.626705999841725],[-81.40158000028816,28.626542000134272],[-81.40157699991511,28.626328000111556],[-81.40151699964065,28.626328000111556],[-81.40134000008864,28.626328000111556],[-81.40128099963911,28.626328999939492],[-81.40128099963911,28.62648099969696],[-81.40128099963911,28.626937000014237],[-81.40128099963911,28.627088999679835],[-81.40143999964776,28.62708600021767],[-81.40149499989936,28.62708399978766],[-81.40160000037966,28.627082999966902]]]},"properties":{"block_id":"120950152043007","school_id":"sch_lake_weston_elementary","kids_est":2,"class":"red","shortest":{"len_m":3687.2,"mean_c":37.12,"peak_c":37.6,"dose":210.3},"coolest":{"len_m":3688.4,"mean_c":37.12,"peak_c":37.6,"dose":210.2},"delta_mean_c":0.0,"delta_dose_pct":0,"distance_mi":1.179,"status_now":"walk","status_rec":"bus_eligible","reason":"Coolest route mean 37.1C exceeds threshold (110 C-min dose, actual 210).","safe_until_hour":"11:00"}},{"type":"Feature","geometry":{"type":"Polygon","coordinates":[[[-81.4183959997745,28.596454000241888],[-81.41850600027769,28.596267999687022],[-81.41837599968302,28.59627800003906],[-81.41831299993383,28.596274000371604],[-81.41795700028167,28.596739000326167],[-81.41769000031799,28.59708100019596],[-81.41749500032434,28.597337000301916],[-81.41733799996548,28.597506999695014],[-81.41691399964294,28.59783300021158],[-81.41697499974232,28.597949999925397],[-81.41704000003963,28.597917999935728],[-81.41750600019496,28.5976770003906],[-81.41765699980772,28.59741499970502],[-81.41797200035029,28.597000000223602],[-81.4183959997745,28.596454000241888]]]},"properties":{"block_id":"120950124021026","school_id":"sch_lake_weston_elementary","kids_est":0,"class":"red","shortest":{"len_m":2234.2,"mean_c":37.54,"peak_c":37.6,"dose":140.8},"coolest":{"len_m":2234.2,"mean_c":37.54,"peak_c":37.6,"dose":140.8},"delta_mean_c":0.0,"delta_dose_pct":0,"distance_mi":1.093,"status_now":"walk","status_rec":"bus_eligible","reason":"Coolest route mean 37.5C exceeds threshold (110 C-min dose, actual 141).","safe_until_hour":"13:00"}},{"type":"Feature","geometry":{"type":"Polygon","coordinates":[[[-81.4230339997898,28.60387700023147],[-81.42293800042863,28.60113800014082],[-81.42203799990503,28.601153000367653],[-81.4212970002884,28.601165999668734],[-81.42015699956532,28.60118600022832],[-81.42001500017342,28.600914999775153],[-81.4187690000434,28.600935999663573],[-81.41844400035339,28.60031699965236],[-81.41816499979582,28.59978499989305],[-81.41812899981082,28.59971699990755],[-81.41802400022881,28.59976199961294],[-81.41799099971855,28.599774999874764],[-81.41796399995438,28.599785999973687],[-81.41827899959864,28.600422999724444],[-81.41868000035495,28.601175000275937],[-81.41942000014666,28.602521000384627],[-81.4197120002247,28.60300499967678],[-81.42004899961029,28.603478000182946],[-81.4202329997333,28.603743000077802],[-81.42062199989573,28.60423599960679],[-81.42105000041622,28.603899999610945],[-81.42183500041376,28.6038899999842],[-81.4230339997898,28.60387700023147]]]},"properties":{"block_id":"120950124021020","school_id":"sch_lake_weston_elementary","kids_est":0,"class":"red","shortest":{"len_m":2778.6,"mean_c":37.54,"peak_c":37.6,"dose":174.8},"coolest":{"len_m":2778.6,"mean_c":37.54,"peak_c":37.6,"dose":174.8},"delta_mean_c":0.0,"delta_dose_pct":0,"distance_mi":0.881,"status_now":"walk","status_rec":"bus_eligible","reason":"Coolest route mean 37.5C exceeds threshold (110 C-min dose, actual 175).","safe_until_hour":"13:00"}},{"type":"Feature","geometry":{"type":"Polygon","coordinates":[[[-81.41503200037664,28.618401000215783],[-81.41499399984349,28.61573299999081],[-81.41497600030013,28.61439799975338],[-81.41480100039796,28.614402000308147],[-81.41480100039796,28.61463000013281],[-81.41479999967473,28.61586300012318],[-81.4148110004437,28.616391999924286],[-81.4148110004437,28.61641399979565],[-81.41480899989557,28.616766000265663],[-81.4148530002765,28.618403000022653],[-81.41503200037664,28.618401000215783]]]},"properties":{"block_id":"120950151041021","school_id":"sch_lake_weston_elementary","kids_est":0,"class":"green","shortest":{"len_m":671.3,"mean_c":37.6,"peak_c":37.6,"dose":42.4},"coolest":{"len_m":671.3,"mean_c":37.6,"peak_c":37.6,"dose":42.4},"delta_mean_c":0.0,"delta_dose_pct":0,"distance_mi":0.353,"status_now":"walk","status_rec":"walk","reason":"Shortest route already under threshold (dose 42).","safe_until_hour":null}},{"type":"Feature","geometry":{"type":"Polygon","coordinates":[[[-81.41497600030013,28.61439799975338],[-81.41496999955405,28.6133989997636],[-81.414945000338,28.61293500015136],[-81.41478600032934,28.612934000195857],[-81.41477899975833,28.61341099996434],[-81.41480100039796,28.614402000308147],[-81.41497600030013,28.61439799975338]]]},"properties":{"block_id":"120950151041022","school_id":"sch_lake_weston_elementary","kids_est":0,"class":"green","shortest":{"len_m":326.2,"mean_c":37.6,"peak_c":37.6,"dose":20.6},"coolest":{"len_m":326.2,"mean_c":37.6,"peak_c":37.6,"dose":20.6},"delta_mean_c":0.0,"delta_dose_pct":0,"distance_mi":0.221,"status_now":"walk","status_rec":"walk","reason":"Shortest route already under threshold (dose 21).","safe_until_hour":null}},{"type":"Feature","geometry":{"type":"Polygon","coordinates":[[[-81.41948399972077,28.594539999662405],[-81.41948200007094,28.594462999834562],[-81.41948200007094,28.59434199965311],[-81.41944100006305,28.593894000095716],[-81.41937099974285,28.59352400013084],[-81.419289999552,28.593270999842076],[-81.41914200031232,28.59288700036965],[-81.41903400035727,28.592679999856482],[-81.41896999988488,28.59256000013829],[-81.41884199983835,28.59236000004053],[-81.4186970000734,28.592175999646123],[-81.41857599969956,28.59204500002212],[-81.41847399959231,28.591972999930427],[-81.41860199963884,28.59217000030515],[-81.41875300014988,28.592400999925935],[-81.41887299980048,28.59258600007572],[-81.41901799956544,28.59288100028053],[-81.4191349997413,28.593171999871988],[-81.41921599993215,28.59345399975644],[-81.41931300001653,28.594031999941024],[-81.41932899991006,28.594325999898956],[-81.41930200014588,28.594613999833125],[-81.41930499962062,28.5946699999916],[-81.41927200000866,28.594900000301326],[-81.41918400014511,28.595320000014205],[-81.41907000034229,28.595606000138893],[-81.41896999988488,28.595868999930794],[-81.41875099960176,28.596249999997514],[-81.41889100024214,28.59623999964287],[-81.41894800014356,28.596271000029354],[-81.41917800029732,28.595827999820585],[-81.41926000031307,28.59563300023185],[-81.41931499966635,28.59545899968661],[-81.41937699959065,28.595242999968992],[-81.41943799969,28.59500400006358],[-81.41946600017741,28.594836000032494],[-81.41948399972077,28.594539999662405]]]},"properties":{"block_id":"120950124031005","school_id":"sch_lake_weston_elementary","kids_est":0,"class":"red","shortest":{"len_m":2521.3,"mean_c":37.53,"peak_c":37.6,"dose":158.3},"coolest":{"len_m":2521.3,"mean_c":37.53,"peak_c":37.6,"dose":158.3},"delta_mean_c":0.0,"delta_dose_pct":0,"distance_mi":1.251,"status_now":"walk","status_rec":"bus_eligible","reason":"Coolest route mean 37.5C exceeds threshold (110 C-min dose, actual 158).","safe_until_hour":"13:00"}},{"type":"Feature","geometry":{"type":"Polygon","coordinates":[[[-81.41681599973366,28.59801900036297],[-81.41677700027392,28.59792399973736],[-81.4165859995799,28.598010000274133],[-81.41209300022788,28.600239000037053],[-81.41181799986828,28.60037099977688],[-81.4117070004385,28.600402999808292],[-81.41130800023033,28.600518999742125],[-81.4112350004354,28.60054099978309],[-81.41100500028163,28.60061200024244],[-81.41092900011365,28.60063500033651],[-81.41072300024932,28.600700000300876],[-81.41010800013109,28.600935999663573],[-81.40979099993868,28.601115000156796],[-81.40954599971629,28.601301000020246],[-81.40915200042932,28.601609000248978],[-81.40854499980868,28.602165000055876],[-81.4084679998158,28.60224800010521],[-81.40857099974795,28.60233799969503],[-81.40905899964457,28.601887000125817],[-81.40974400008302,28.601320999765488],[-81.40987899980223,28.6012169999446],[-81.41040400040708,28.600957000336432],[-81.41100600010654,28.600786000143373],[-81.4110870002974,28.600757999725488],[-81.41130700040543,28.600698000156953],[-81.41139400044408,28.60066700028758],[-81.41158299969162,28.600592000362255],[-81.41161000035414,28.600581000347706],[-81.41169400001971,28.600547000223695],[-81.4117219996088,28.600537000277868],[-81.41180699999762,28.600503000139632],[-81.41186300007412,28.600481000090653],[-81.41205499969473,28.600392999848825],[-81.41213800043373,28.600355000151847],[-81.41228599967341,28.60028200015573],[-81.41273000008745,28.600063999941057],[-81.41299200002825,28.599939999660652],[-81.41311699970173,28.599878000254282],[-81.41528000007375,28.598802999706628],[-81.41626799956258,28.598284999922562],[-81.41640400000503,28.59821799985085],[-81.41657300005942,28.598130000080175],[-81.41663099978572,28.5981000003387],[-81.41681599973366,28.59801900036297]]]},"properties":{"block_id":"120950125001003","school_id":"sch_lake_weston_elementary","kids_est":0,"class":"red","shortest":{"len_m":2351.5,"mean_c":37.6,"peak_c":37.6,"dose":149.1},"coolest":{"len_m":2351.5,"mean_c":37.6,"peak_c":37.6,"dose":149.1},"delta_mean_c":0.0,"delta_dose_pct":0,"distance_mi":0.827,"status_now":"walk","status_rec":"bus_eligible","reason":"Coolest route mean 37.6C exceeds threshold (110 C-min dose, actual 149).","safe_until_hour":"13:00"}},{"type":"Feature","geometry":{"type":"Polygon","coordinates":[[[-81.40602699960941,28.624508000200795],[-81.40601400008894,28.624397999814573],[-81.40595200016466,28.624111000156685],[-81.40590799978372,28.62400100014303],[-81.40563999999513,28.62357799961164],[-81.40557800007086,28.62351199975527],[-81.4054409998035,28.623461999908198],[-81.4053780000543,28.623406999970012],[-81.4052850001679,28.623280000074416],[-81.40524099978695,28.62320300001942],[-81.40521599967259,28.62310399986574],[-81.40515399974832,28.62270799989453],[-81.40514200005275,28.62240500013849],[-81.40514200005275,28.622346000183203],[-81.40514200005275,28.622289999793974],[-81.40515999959611,28.622206999809904],[-81.40523499993917,28.62210800029409],[-81.40534100024438,28.622058999646985],[-81.40535399976486,28.622036000300866],[-81.40440300008596,28.62203399977468],[-81.40378999961754,28.62203700016969],[-81.40227400004912,28.622040999644888],[-81.40206499981174,28.622043000170947],[-81.40027899990658,28.622058999646985],[-81.40026999968573,28.621969000394273],[-81.4002379998987,28.62167100023277],[-81.40020100008877,28.621316999894308],[-81.39965499956752,28.62111500036922],[-81.39962699997842,28.62109000027219],[-81.3996189995825,28.62110200038259],[-81.39955500000839,28.621199000304834],[-81.39943000033492,28.62147399997121],[-81.39940500022057,28.621660999932168],[-81.3994000001977,28.62187799961702],[-81.39939799964955,28.621974999610853],[-81.39945399972605,28.622140000012394],[-81.39950399995479,28.622222000182408],[-81.39962899962823,28.622343999662867],[-81.39965999959037,28.62239900015793],[-81.39966600033647,28.622492000212596],[-81.3996909995525,28.62260200023028],[-81.39982199997208,28.622783999662307],[-81.40000899956983,28.62309799992513],[-81.40021500033248,28.623334000222666],[-81.4006759995666,28.6237250001461],[-81.40078799971961,28.623852000291926],[-81.40093099983473,28.6239490000391],[-81.40095699977401,28.623966999714018],[-81.40134299956338,28.624308000201378],[-81.40143100032525,28.624407000008226],[-81.40153000005944,28.624457000193775],[-81.40153699973216,28.62451800023021],[-81.4015559999987,28.624548000312682],[-81.40158600013594,28.624595000109196],[-81.40169900011384,28.624644000361265],[-81.40179200000027,28.624573000374827],[-81.40190400015327,28.624544999989386],[-81.40200399971238,28.6245509998473],[-81.40207499985749,28.62459900027549],[-81.40217299976676,28.62466600008076],[-81.4021750003149,28.624707999819183],[-81.40217899961456,28.624753999701188],[-81.40214799965241,28.624803999721447],[-81.40217299976676,28.62484200003637],[-81.4022160003228,28.624820000353754],[-81.40227900007199,28.624852999875976],[-81.40239700007277,28.62496899961946],[-81.40252199974623,28.62498000023424],[-81.40273400035665,28.624963999626384],[-81.40277100016657,28.624913999682267],[-81.40276500031878,28.62486399971437],[-81.40283399991576,28.62485399971798],[-81.40337600023906,28.624837000037243],[-81.40350500011051,28.62479000034902],[-81.40381899992985,28.624677999782424],[-81.40408300041881,28.62465199990139],[-81.40466099982883,28.624595000109196],[-81.4046730004227,28.62468899963923],[-81.40496600032566,28.624700000283333],[-81.40500399996048,28.624682999789187],[-81.40513500038006,28.624706000132395],[-81.40520599962686,28.62469399964539],[-81.40537200020653,28.62466699992455],[-81.40555899980427,28.624683999632808],[-81.40567099995725,28.624672999775484],[-81.40571500033819,28.62465100005746],[-81.40582699959288,28.62462900033482],[-81.40588299966937,28.624590000098298],[-81.40594499959366,28.62457900023114],[-81.4059830001268,28.624568000362885],[-81.40602699960941,28.624508000200795]]]},"properties":{"block_id":"120950152043009","school_id":"sch_lake_weston_elementary","kids_est":0,"class":"red","shortest":{"len_m":3827.1,"mean_c":37.09,"peak_c":37.6,"dose":217.0},"coolest":{"len_m":3828.3,"mean_c":37.09,"peak_c":37.6,"dose":216.9},"delta_mean_c":0.0,"delta_dose_pct":0,"distance_mi":0.935,"status_now":"walk","status_rec":"bus_eligible","reason":"Coolest route mean 37.1C exceeds threshold (110 C-min dose, actual 217).","safe_until_hour":"11:00"}},{"type":"Feature","geometry":{"type":"Polygon","coordinates":[[[-81.40608900043202,28.60775299970105],[-81.40608000021118,28.60771900032046],[-81.40605699974664,28.607688000156593],[-81.40602900015756,28.607668000046008],[-81.40599300017254,28.60765599997782],[-81.40496700015058,28.607657999989225],[-81.40491299972389,28.60903799960747],[-81.40490199985324,28.60945800038478],[-81.406053000447,28.609450999675754],[-81.406053000447,28.609253000158823],[-81.40608900043202,28.60775299970105]]]},"properties":{"block_id":"120950152021025","school_id":"sch_lake_weston_elementary","kids_est":0,"class":"red","shortest":{"len_m":2108.7,"mean_c":37.59,"peak_c":37.6,"dose":133.5},"coolest":{"len_m":2108.7,"mean_c":37.59,"peak_c":37.6,"dose":133.5},"delta_mean_c":0.0,"delta_dose_pct":0,"distance_mi":0.449,"status_now":"walk","status_rec":"bus_eligible","reason":"Coolest route mean 37.6C exceeds threshold (110 C-min dose, actual 134).","safe_until_hour":"14:00"}},{"type":"Feature","geometry":{"type":"Polygon","coordinates":[[[-81.40452100008673,28.625896000217633],[-81.40451600006386,28.625849000215066],[-81.40444999994162,28.625735000322617],[-81.40440399991087,28.62562499964509],[-81.40438200016958,28.62552899970508],[-81.40437999962141,28.62551399980508],[-81.40437600032178,28.625479999866087],[-81.40432199989509,28.625479999866087],[-81.40423700040462,28.625480999702102],[-81.40416200006153,28.62549099963885],[-81.40412299970347,28.625498000067093],[-81.40411000018298,28.62549999973878],[-81.40379999966328,28.625570000051578],[-81.40365300024851,28.62560399996136],[-81.40352900039994,28.6256410001522],[-81.40344499983604,28.625660000159908],[-81.40331599996463,28.625675999873213],[-81.40285900003012,28.625698999998857],[-81.40254199983772,28.62571600032852],[-81.40254199983772,28.626014000047558],[-81.40254199983772,28.62647900004394],[-81.40254699986059,28.626515999926365],[-81.40263600044737,28.626897000024194],[-81.40270400021943,28.627188000018016],[-81.40274900042527,28.627192999905176],[-81.40331900033765,28.62719100026573],[-81.40389699974767,28.627188999837784],[-81.40393500028081,28.627175999814703],[-81.40396399969482,28.627148000123565],[-81.40405199955836,28.626989000215122],[-81.40410599998503,28.62686799964731],[-81.40416799990932,28.626584999736224],[-81.40419999969636,28.626411999818796],[-81.40421599958991,28.626380999653044],[-81.40432500026816,28.626210999675195],[-81.40441599960643,28.626090999617773],[-81.4044270003754,28.62607400013742],[-81.4045060000181,28.625953000091883],[-81.40452100008673,28.625896000217633]]]},"properties":{"block_id":"120950152043006","school_id":"sch_lake_weston_elementary","kids_est":11,"class":"red","shortest":{"len_m":3484.6,"mean_c":37.16,"peak_c":37.6,"dose":201.2},"coolest":{"len_m":3485.8,"mean_c":37.16,"peak_c":37.6,"dose":201.1},"delta_mean_c":0.0,"delta_dose_pct":0,"distance_mi":1.096,"status_now":"walk","status_rec":"bus_eligible","reason":"Coolest route mean 37.2C exceeds threshold (110 C-min dose, actual 201).","safe_until_hour":"11:00"}},{"type":"Feature","geometry":{"type":"Polygon","coordinates":[[[-81.40035599989946,28.62710300032272],[-81.40035500007455,28.626953000321425],[-81.4003519997015,28.626502999819994],[-81.4003519997015,28.626352999749848],[-81.40028999977723,28.62635199992213],[-81.4001049998293,28.62635000026665],[-81.40004399972993,28.62635000026665],[-81.40004399972993,28.626500000341085],[-81.40004600027807,28.626953000321425],[-81.40004700010299,28.627104000143227],[-81.40010800020235,28.627104000143227],[-81.4001890003932,28.627104000143227],[-81.40029399997519,28.62710300032272],[-81.40033099978511,28.62710300032272],[-81.40035599989946,28.62710300032272]]]},"properties":{"block_id":"120950152043004","school_id":"sch_lake_weston_elementary","kids_est":1,"class":"red","shortest":{"len_m":3691.4,"mean_c":37.43,"peak_c":37.8,"dose":227.1},"coolest":{"len_m":3752.5,"mean_c":37.1,"peak_c":37.6,"dose":213.2},"delta_mean_c":-0.33,"delta_dose_pct":-6,"distance_mi":1.221,"status_now":"walk","status_rec":"bus_eligible","reason":"Coolest route mean 37.1C exceeds threshold (110 C-min dose, actual 213).","safe_until_hour":"11:00"}},{"type":"Feature","geometry":{"type":"Polygon","coordinates":[[[-81.41524900011161,28.610297000075537],[-81.41521899997437,28.610268999826438],[-81.41509900032379,28.610173000042263],[-81.41490400033013,28.61050799971305],[-81.41480100039796,28.610770000085818],[-81.41475399964398,28.611189000274987],[-81.41475199999415,28.611275000206792],[-81.41475899966686,28.61160599964509],[-81.41477799993342,28.612602000252217],[-81.41478600032934,28.612934000195857],[-81.414945000338,28.61293500015136],[-81.41494299978987,28.612903999949527],[-81.4149310000943,28.612046999651426],[-81.4149310000943,28.61141500003697],[-81.41492600007142,28.611215000335136],[-81.4150239999807,28.610686999671252],[-81.41510699982139,28.61050799971305],[-81.41524900011161,28.610297000075537]]]},"properties":{"block_id":"120950151041027","school_id":"sch_lake_weston_elementary","kids_est":0,"class":"green","shortest":{"len_m":442.1,"mean_c":37.6,"peak_c":37.6,"dose":27.9},"coolest":{"len_m":442.1,"mean_c":37.6,"peak_c":37.6,"dose":27.9},"delta_mean_c":0.0,"delta_dose_pct":0,"distance_mi":0.2,"status_now":"walk","status_rec":"walk","reason":"Shortest route already under threshold (dose 28).","safe_until_hour":null}},{"type":"Feature","geometry":{"type":"Polygon","coordinates":[[[-81.40004700010299,28.627104000143227],[-81.40004600027807,28.626953000321425],[-81.40004399972993,28.626500000341085],[-81.40004399972993,28.62635000026665],[-81.39998099998074,28.62634799982269],[-81.3997950002079,28.626345000339352],[-81.39973300028362,28.626343999723034],[-81.39973400010854,28.626557999713143],[-81.39973599975836,28.62690600000353],[-81.39973099973548,28.62710099989303],[-81.39983200001782,28.62710099989303],[-81.39988899991923,28.627101999713627],[-81.40004700010299,28.627104000143227]]]},"properties":{"block_id":"120950152043003","school_id":"sch_lake_weston_elementary","kids_est":3,"class":"red","shortest":{"len_m":3453.3,"mean_c":37.51,"peak_c":37.8,"dose":216.3},"coolest":{"len_m":3456.0,"mean_c":37.51,"peak_c":37.8,"dose":216.0},"delta_mean_c":0.0,"delta_dose_pct":0,"distance_mi":1.231,"status_now":"walk","status_rec":"bus_eligible","reason":"Coolest route mean 37.5C exceeds threshold (110 C-min dose, actual 216).","safe_until_hour":"11:00"}},{"type":"Feature","geometry":{"type":"Polygon","coordinates":[[[-81.40128099963911,28.626937000014237],[-81.40128099963911,28.62648099969696],[-81.40128099963911,28.626328999939492],[-81.401217000065,28.626328999939492],[-81.40102600026928,28.626328999939492],[-81.40096299962178,28.626329999767428],[-81.40096299962178,28.626483000138442],[-81.40096599999484,28.626941000091236],[-81.40096699981974,28.627095000180862],[-81.40102899974403,28.62709299975103],[-81.40121799988992,28.62709000028899],[-81.40128099963911,28.627088999679835],[-81.40128099963911,28.626937000014237]]]},"properties":{"block_id":"120950152043001","school_id":"sch_lake_weston_elementary","kids_est":4,"class":"red","shortest":{"len_m":3687.2,"mean_c":37.12,"peak_c":37.6,"dose":210.3},"coolest":{"len_m":3688.4,"mean_c":37.12,"peak_c":37.6,"dose":210.2},"delta_mean_c":0.0,"delta_dose_pct":0,"distance_mi":1.189,"status_now":"walk","status_rec":"bus_eligible","reason":"Coolest route mean 37.1C exceeds threshold (110 C-min dose, actual 210).","safe_until_hour":"11:00"}},{"type":"Feature","geometry":{"type":"Polygon","coordinates":[[[-81.41082100015862,28.624740000322067],[-81.41081899961047,28.624580000075742],[-81.41081500031083,28.624221999903085],[-81.41080400044018,28.623355000360416],[-81.41079299967122,28.622459999813042],[-81.41079100002139,28.622281000207398],[-81.41078799964835,28.62201400003024],[-81.40653100029787,28.622026999904012],[-81.40535399976486,28.622036000300866],[-81.40534100024438,28.622058999646985],[-81.40523499993917,28.62210800029409],[-81.40515999959611,28.622206999809904],[-81.40514200005275,28.622289999793974],[-81.40514200005275,28.622346000183203],[-81.40514200005275,28.62240500013849],[-81.40515399974832,28.62270799989453],[-81.40521599967259,28.62310399986574],[-81.40524099978695,28.62320300001942],[-81.4052850001679,28.623280000074416],[-81.4053780000543,28.623406999970012],[-81.4054409998035,28.623461999908198],[-81.40557800007086,28.62351199975527],[-81.40563999999513,28.62357799961164],[-81.40590799978372,28.62400100014303],[-81.40595200016466,28.624111000156685],[-81.40601400008894,28.624397999814573],[-81.40602699960941,28.624508000200795],[-81.4059830001268,28.624568000362885],[-81.40594499959366,28.62457900023114],[-81.40588299966937,28.624590000098298],[-81.40582699959288,28.62462900033482],[-81.40571500033819,28.62465100005746],[-81.40567099995725,28.624672999775484],[-81.40555899980427,28.624683999632808],[-81.40537200020653,28.62466699992455],[-81.40520599962686,28.62469399964539],[-81.40513500038006,28.624706000132395],[-81.40500399996048,28.624682999789187],[-81.40496600032566,28.624700000283333],[-81.4046730004227,28.62468899963923],[-81.40466099982883,28.624595000109196],[-81.40408300041881,28.62465199990139],[-81.40381899992985,28.624677999782424],[-81.40350500011051,28.62479000034902],[-81.40337600023906,28.624837000037243],[-81.40283399991576,28.62485399971798],[-81.40276500031878,28.62486399971437],[-81.40277100016657,28.624913999682267],[-81.40273400035665,28.624963999626384],[-81.40252199974623,28.62498000023424],[-81.40239700007277,28.62496899961946],[-81.40227900007199,28.624852999875976],[-81.4022160003228,28.624820000353754],[-81.40217299976676,28.62484200003637],[-81.40214799965241,28.624803999721447],[-81.40217899961456,28.624753999701188],[-81.4021750003149,28.624707999819183],[-81.40217299976676,28.62466600008076],[-81.40207499985749,28.62459900027549],[-81.40200399971238,28.6245509998473],[-81.40190400015327,28.624544999989386],[-81.40179200000027,28.624573000374827],[-81.40169900011384,28.624644000361265],[-81.40158600013594,28.624595000109196],[-81.4015559999987,28.624548000312682],[-81.4014709996099,28.62467600009508],[-81.40147300015805,28.624717999829553],[-81.40150900014305,28.62558199964991],[-81.39952499987118,28.625708999914817],[-81.399245000387,28.62571100037103],[-81.39896199963147,28.625712000204793],[-81.39870600043673,28.625703999956983],[-81.3984500003437,28.625698000164906],[-81.39842400040443,28.625697000330952],[-81.39843500027509,28.625907999778764],[-81.39847499955975,28.627431999911273],[-81.39948899988616,28.62742399979449],[-81.40149999992222,28.62740999998294],[-81.4019150000239,28.62740400028843],[-81.40258700004355,28.627400000229],[-81.402715999915,28.627400000229],[-81.40351699980607,28.627395000351722],[-81.40375000033288,28.627392999927658],[-81.40398200013648,28.627391000292015],[-81.40401399992354,28.627391000292015],[-81.40450900039116,28.627396000169508],[-81.40460099955435,28.627372999627106],[-81.4046109996001,28.627370999991143],[-81.40475100024051,28.62736699993048],[-81.40484499995183,28.627369000355092],[-81.40498600041714,28.627375000051604],[-81.40527299957401,28.627375999869578],[-81.40551500032167,28.627376999687552],[-81.40575299997303,28.627378000294023],[-81.40586299957789,28.627389999685683],[-81.4059689998831,28.627419999735903],[-81.4062099999075,28.627536999613227],[-81.40642800036572,28.627643999629512],[-81.40654999966614,28.627449999777493],[-81.40658900002421,28.627389999685683],[-81.4066099999406,28.62735700017252],[-81.4066300000321,28.6272989996649],[-81.4066319996819,28.627279999953902],[-81.40663500005496,28.627253999928737],[-81.40662900020719,28.62601999982152],[-81.40662800038226,28.625599999833423],[-81.40666400036727,28.625598999998527],[-81.40677499979705,28.62559800016363],[-81.4068130003302,28.62559800016363],[-81.40684000009438,28.62559700032871],[-81.40692299993503,28.625595999705332],[-81.40695100042245,28.625595999705332],[-81.40701499999656,28.625594999870398],[-81.40701300034674,28.625261999903074],[-81.40701300034674,28.62456099987262],[-81.40744400034195,28.624560000027838],[-81.40754300007616,28.624560000027838],[-81.40754300007616,28.62462900033482],[-81.40790100027644,28.62462900033482],[-81.40790100027644,28.62465699990932],[-81.40826000030164,28.62465699990932],[-81.40826000030164,28.62460199980865],[-81.408349999815,28.62460199980865],[-81.4084469998994,28.62460199980865],[-81.40882099999321,28.62460199980865],[-81.40882099999321,28.624670000244297],[-81.40902199983466,28.624670000244297],[-81.40922000020139,28.624406000161972],[-81.40948600034015,28.6245619997174],[-81.40953999986851,28.624555000015274],[-81.40968499963347,28.62453800028613],[-81.41008499966655,28.624620000160196],[-81.410770000105,28.62476299986431],[-81.41082100015862,28.624740000322067]],[[-81.40482599968526,28.625364999735854],[-81.40488900033277,28.625483000162667],[-81.40463200041481,28.625482000326652],[-81.40454500037617,28.625480999702102],[-81.40437600032178,28.625479999866087],[-81.40437999962141,28.62551399980508],[-81.40438200016958,28.62552899970508],[-81.40440399991087,28.62562499964509],[-81.40444999994162,28.625735000322617],[-81.40451600006386,28.625849000215066],[-81.40452100008673,28.625896000217633],[-81.4045060000181,28.625953000091883],[-81.4044270003754,28.62607400013742],[-81.40441599960643,28.626090999617773],[-81.40432500026816,28.626210999675195],[-81.40421599958991,28.626380999653044],[-81.40419999969636,28.626411999818796],[-81.40416799990932,28.626584999736224],[-81.40410599998503,28.62686799964731],[-81.40405199955836,28.626989000215122],[-81.40396399969482,28.627148000123565],[-81.40393500028081,28.627175999814703],[-81.40389699974767,28.627188999837784],[-81.40331900033765,28.62719100026573],[-81.40274900042527,28.627192999905176],[-81.40270400021943,28.627188000018016],[-81.40263600044737,28.626897000024194],[-81.40254699986059,28.626515999926365],[-81.40254199983772,28.62647900004394],[-81.40254199983772,28.626014000047558],[-81.40254199983772,28.62571600032852],[-81.40253799963975,28.62558300027349],[-81.40253199979196,28.62553600013078],[-81.40270400021943,28.625503999870535],[-81.4028420003117,28.625479000030047],[-81.40302399988657,28.625464000122975],[-81.4031670000017,28.625459000153402],[-81.40338399973668,28.62544500007977],[-81.40360600039283,28.625419000388693],[-81.40376299985337,28.62538100028264],[-81.40411000018298,28.625300000052203],[-81.40427900023741,28.62526000022685],[-81.40447400023106,28.625253999620917],[-81.40472000027835,28.62525799976211],[-81.40475100024051,28.625271999860672],[-81.40482599968526,28.625364999735854]],[[-81.4015839995878,28.626705999841725],[-81.40160000037966,28.627082999966902],[-81.40149499989936,28.62708399978766],[-81.40143999964776,28.62708600021767],[-81.40128099963911,28.627088999679835],[-81.40121799988992,28.62709000028899],[-81.40102899974403,28.62709299975103],[-81.40096699981974,28.627095000180862],[-81.40084399979611,28.62709699982213],[-81.40068300013762,28.62710099989303],[-81.40054400022045,28.627099000251828],[-81.40047800009819,28.62710000007245],[-81.40035599989946,28.62710300032272],[-81.40033099978511,28.62710300032272],[-81.40029399997519,28.62710300032272],[-81.4001890003932,28.627104000143227],[-81.40010800020235,28.627104000143227],[-81.40004700010299,28.627104000143227],[-81.39988899991923,28.627101999713627],[-81.39983200001782,28.62710099989303],[-81.39973099973548,28.62710099989303],[-81.39973599975836,28.62690600000353],[-81.39973400010854,28.626557999713143],[-81.39973300028362,28.626343999723034],[-81.3997950002079,28.626345000339352],[-81.39998099998074,28.62634799982269],[-81.40004399972993,28.62635000026665],[-81.4001049998293,28.62635000026665],[-81.40028999977723,28.62635199992213],[-81.4003519997015,28.626352999749848],[-81.40034900022678,28.62627899985706],[-81.40034599985373,28.6261700003675],[-81.40035300042474,28.626060000145753],[-81.40035900027252,28.62598799970888],[-81.40047899992312,28.625991999822034],[-81.40060000029695,28.62599699976615],[-81.40081100018413,28.626018000159732],[-81.40083999959815,28.626018000159732],[-81.40096099997197,28.626018999990634],[-81.40096099997197,28.626080999738267],[-81.40096199979688,28.626267000338384],[-81.40096299962178,28.626329999767428],[-81.40102600026928,28.626328999939492],[-81.401217000065,28.626328999939492],[-81.40128099963911,28.626328999939492],[-81.40134000008864,28.626328000111556],[-81.40151699964065,28.626328000111556],[-81.40157699991511,28.626328000111556],[-81.40158000028816,28.626542000134272],[-81.4015839995878,28.626705999841725]]]},"properties":{"block_id":"120950152043000","school_id":"sch_lake_weston_elementary","kids_est":19,"class":"red","shortest":{"len_m":3533.8,"mean_c":37.17,"peak_c":37.6,"dose":204.2},"coolest":{"len_m":3535.0,"mean_c":37.17,"peak_c":37.6,"dose":204.1},"delta_mean_c":0.0,"delta_dose_pct":0,"distance_mi":0.939,"status_now":"walk","status_rec":"bus_eligible","reason":"Coolest route mean 37.2C exceeds threshold (110 C-min dose, actual 204).","safe_until_hour":"11:00"}},{"type":"Feature","geometry":{"type":"Polygon","coordinates":[[[-81.41879199960962,28.613023000140156],[-81.41882199974687,28.61299699973892],[-81.41864900039282,28.612896000303007],[-81.41835099956867,28.612709999674443],[-81.41817200036684,28.612589000000263],[-81.41794600041104,28.612421999654003],[-81.41768899959477,28.612225000179187],[-81.41755399987555,28.61236600028124],[-81.41752899976119,28.612393999971363],[-81.417317999874,28.61260500012816],[-81.41714600034486,28.612784999624143],[-81.4170640003291,28.612871999782534],[-81.41699800020685,28.612908999728344],[-81.41700099968159,28.61292299989623],[-81.41702099977307,28.61296399964499],[-81.417057999583,28.61299599978402],[-81.41710399961374,28.613012999804592],[-81.41731700004908,28.61302100023083],[-81.41734100033852,28.6130279999133],[-81.41736300007985,28.61304100011085],[-81.41738399999623,28.613043000019793],[-81.4174020004379,28.613055000261205],[-81.41741900015634,28.61306899962108],[-81.41743400022496,28.613084999675785],[-81.41744400027069,28.613102999635846],[-81.41745699979117,28.613142000195957],[-81.417466000012,28.613312999993624],[-81.41743599987477,28.614134999811625],[-81.41760499992917,28.614002000070112],[-81.41853399986677,28.613240000326225],[-81.41879199960962,28.613023000140156]]]},"properties":{"block_id":"120950151041024","school_id":"sch_lake_weston_elementary","kids_est":0,"class":"green","shortest":{"len_m":814.8,"mean_c":37.58,"peak_c":37.6,"dose":51.6},"coolest":{"len_m":814.8,"mean_c":37.58,"peak_c":37.6,"dose":51.6},"delta_mean_c":0.0,"delta_dose_pct":0,"distance_mi":0.38,"status_now":"walk","status_rec":"walk","reason":"Shortest route already under threshold (dose 52).","safe_until_hour":null}},{"type":"Feature","geometry":{"type":"Polygon","coordinates":[[[-81.42443200025575,28.607787999863778],[-81.42447900011142,28.60772200033587],[-81.42426800022422,28.607583000322137],[-81.42420200010199,28.607540000036686],[-81.42342700015017,28.606975000171495],[-81.42310300028508,28.606744000249027],[-81.42255799958872,28.60632399966221],[-81.42230499986873,28.606093999906314],[-81.42214800040821,28.605941999818654],[-81.4219779996306,28.605776999993505],[-81.42168100042797,28.6054869998401],[-81.42152599971895,28.60533599969078],[-81.42151700039645,28.605342999885345],[-81.42149099955887,28.605364999704978],[-81.42139900039567,28.605454999779607],[-81.42228300012744,28.60630900017358],[-81.42330499995143,28.607126000331093],[-81.42415799972106,28.607758999729814],[-81.42436100011064,28.607889000267967],[-81.42443200025575,28.607787999863778]]]},"properties":{"block_id":"120950124021017","school_id":"sch_lake_weston_elementary","kids_est":0,"class":"red","shortest":{"len_m":3278.7,"mean_c":37.61,"peak_c":37.7,"dose":209.3},"coolest":{"len_m":3278.7,"mean_c":37.61,"peak_c":37.7,"dose":209.3},"delta_mean_c":0.0,"delta_dose_pct":0,"distance_mi":0.78,"status_now":"walk","status_rec":"bus_eligible","reason":"Coolest route mean 37.6C exceeds threshold (110 C-min dose, actual 209).","safe_until_hour":"11:00"}},{"type":"Feature","geometry":{"type":"Polygon","coordinates":[[[-81.41901599991563,28.61074000001005],[-81.41901500009071,28.61060499995733],[-81.41901099989275,28.610454000066692],[-81.41899199962616,28.609599000257973],[-81.41898599977839,28.609314000352494],[-81.4189809997555,28.609143000353534],[-81.41896900005995,28.608630000263773],[-81.41896499986198,28.608458999939977],[-81.41892899987698,28.607063999644154],[-81.41890499958753,28.60697100012251],[-81.41887699999845,28.60689599996497],[-81.41882599994481,28.606816999699028],[-81.41873800008126,28.606747000292206],[-81.4185509995852,28.606645000352067],[-81.41849000038414,28.606890999899964],[-81.4183179999567,28.607357000202292],[-81.41817800021462,28.607640999890638],[-81.41794999971069,28.6079999998115],[-81.41763300041657,28.608349000091916],[-81.4174860001035,28.60847899989997],[-81.41735399985902,28.60859600037837],[-81.41706500015401,28.60879600033485],[-81.41686299958934,28.6089109996839],[-81.41681300025894,28.60894000028851],[-81.41629600004998,28.609234000336873],[-81.41615499958466,28.609327000221125],[-81.41584900016123,28.60952700036312],[-81.41558399984736,28.609779000173422],[-81.41541099959501,28.609989000079256],[-81.41524900011161,28.610297000075537],[-81.41527900024884,28.61032500031718],[-81.41537799998305,28.610418000024122],[-81.41544199955715,28.61046599981526],[-81.41583800029058,28.61076900010977],[-81.41624900019431,28.61110200029977],[-81.41650600011228,28.61130500012976],[-81.41686199976442,28.611584000343772],[-81.41691899966582,28.61162899969836],[-81.41692500041192,28.611591000121937],[-81.41693399973444,28.611522999891065],[-81.4169379999324,28.61146000025252],[-81.41692500041192,28.61074099998642],[-81.41753899980694,28.61073500012804],[-81.41844199980525,28.610738000057307],[-81.41901599991563,28.61074000001005]]]},"properties":{"block_id":"120950152022018","school_id":"sch_lake_weston_elementary","kids_est":0,"class":"green","shortest":{"len_m":1314.3,"mean_c":37.58,"peak_c":37.6,"dose":83.1},"coolest":{"len_m":1314.3,"mean_c":37.58,"peak_c":37.6,"dose":83.1},"delta_mean_c":0.0,"delta_dose_pct":0,"distance_mi":0.4,"status_now":"walk","status_rec":"walk","reason":"Shortest route already under threshold (dose 83).","safe_until_hour":null}},{"type":"Feature","geometry":{"type":"Polygon","coordinates":[[[-81.42167600040511,28.610843999868077],[-81.42171200039013,28.61081299983775],[-81.42129100044063,28.610215000057224],[-81.42097500007316,28.609773000260038],[-81.42096000000453,28.60975199977198],[-81.41954499982013,28.607742999652423],[-81.419401999705,28.607519999897935],[-81.41929700012301,28.607337000028693],[-81.41919900021372,28.60713899968183],[-81.41911600037304,28.60693499967499],[-81.41905600009859,28.606750000335346],[-81.41898800032652,28.606506999718718],[-81.41891800000631,28.606211999905714],[-81.4185990001641,28.604866999791405],[-81.4183670003605,28.60389200006736],[-81.41767400042447,28.600968000311642],[-81.41744300044577,28.599993999978835],[-81.4174090001106,28.599854999994466],[-81.4173399996153,28.599620999945998],[-81.417317999874,28.59954399989698],[-81.41724400025414,28.599339000044576],[-81.41721499994183,28.599269999685013],[-81.4172049998961,28.599407000274656],[-81.41721499994183,28.599668999937766],[-81.41722900018553,28.59984399990276],[-81.41725099992685,28.600049999636852],[-81.41727400039139,28.600182999690965],[-81.41768500029512,28.6018019996685],[-81.41769199996781,28.601830999869332],[-81.41771299988422,28.601919999755985],[-81.41772100028012,28.601949999984367],[-81.41773100032587,28.601993000191616],[-81.4177410003716,28.602036000381208],[-81.41774999969412,28.6020779997058],[-81.4178390002809,28.60246599973246],[-81.41786900041812,28.602594999667957],[-81.41787500026591,28.602621000277736],[-81.41789299980927,28.60269899970235],[-81.41790000038029,28.60272500028639],[-81.41791799992363,28.60280000026666],[-81.41797200035029,28.603028000035753],[-81.41798999989365,28.603103999848884],[-81.41808100013023,28.603486999803465],[-81.41835399994171,28.604638000035045],[-81.41844600000321,28.60502199994944],[-81.41846799974454,28.60511699967882],[-81.41857499987466,28.605255999800576],[-81.4186350001491,28.60535600024537],[-81.41868000035495,28.605461999966167],[-81.41870299992117,28.605534000281022],[-81.41892100037937,28.606447000278347],[-81.41902599996136,28.6068319999038],[-81.41910499960407,28.60705300030713],[-81.41917599974917,28.60721399966589],[-81.41932399988718,28.607487999667928],[-81.41945899960639,28.607707000258102],[-81.42167600040511,28.610843999868077]]]},"properties":{"block_id":"120950152022032","school_id":"sch_lake_weston_elementary","kids_est":0,"class":"red","shortest":{"len_m":2338.1,"mean_c":37.54,"peak_c":37.6,"dose":147.3},"coolest":{"len_m":2338.1,"mean_c":37.54,"peak_c":37.6,"dose":147.3},"delta_mean_c":0.0,"delta_dose_pct":0,"distance_mi":0.879,"status_now":"walk","status_rec":"bus_eligible","reason":"Coolest route mean 37.5C exceeds threshold (110 C-min dose, actual 147).","safe_until_hour":"13:00"}},{"type":"Feature","geometry":{"type":"Polygon","coordinates":[[[-81.40561400005585,28.6151729997039],[-81.40561200040604,28.614902999780096],[-81.40164200021245,28.614940999735413],[-81.40167099962645,28.615272000238054],[-81.40561400005585,28.6151729997039]]]},"properties":{"block_id":"120950152023011","school_id":"sch_lake_weston_elementary","kids_est":0,"class":"red","shortest":{"len_m":2280.2,"mean_c":37.59,"peak_c":37.6,"dose":145.0},"coolest":{"len_m":2281.4,"mean_c":37.59,"peak_c":37.6,"dose":144.9},"delta_mean_c":0.0,"delta_dose_pct":0,"distance_mi":0.532,"status_now":"walk","status_rec":"bus_eligible","reason":"Coolest route mean 37.6C exceeds threshold (110 C-min dose, actual 145).","safe_until_hour":"13:00"}},{"type":"Feature","geometry":{"type":"Polygon","coordinates":[[[-81.40711899975362,28.620752999896748],[-81.40711499955566,28.62067899999939],[-81.40707699992083,28.61990700013403],[-81.40700999997368,28.618568999630806],[-81.40700599977572,28.61845800021644],[-81.4068710000565,28.618459000119284],[-81.40554899975852,28.618466000227897],[-81.40510799971756,28.618468999936265],[-81.40479999974599,28.618469999839057],[-81.40387800037941,28.618476999946868],[-81.40357100023273,28.61847899975229],[-81.40335399959945,28.61847899975229],[-81.40324999984237,28.618479999654994],[-81.40270400021943,28.61848200024894],[-81.40248800030936,28.61848400005427],[-81.4023500002171,28.61848400005427],[-81.40193900031335,28.618486999762144],[-81.401802000046,28.618487999664758],[-81.40152800040963,28.618489000355947],[-81.40070900007689,28.618493999868807],[-81.4004360002654,28.61849599967391],[-81.40026899986084,28.61849599967391],[-81.3999130002087,28.61849800026755],[-81.399786999812,28.61849900017008],[-81.39977099991846,28.61849800026755],[-81.3996050002371,28.61849800026755],[-81.39917699971662,28.618493999868807],[-81.3981680003114,28.61852100038862],[-81.39809600034138,28.618525999900015],[-81.39818699967965,28.62015599982412],[-81.39820400029642,28.620477999919107],[-81.39820799959605,28.62059200000005],[-81.39830600040366,28.62061800009805],[-81.3996189995825,28.62110200038259],[-81.39962699997842,28.62109000027219],[-81.3996539997426,28.621051000298078],[-81.39973599975836,28.620929000103747],[-81.39988499972128,28.620747999702814],[-81.39997900033092,28.620659999878786],[-81.40008499973783,28.620587999681142],[-81.4001249999208,28.62057399974653],[-81.40018500019524,28.620554999606917],[-81.40044600031116,28.62052799961013],[-81.40059600009899,28.62053899990173],[-81.40077100000117,28.620571999980992],[-81.40089599967463,28.620571999980992],[-81.40095199975113,28.62054499998858],[-81.40107599959968,28.62053399969767],[-81.40129499988281,28.62056699977851],[-81.40141299988359,28.620560999692852],[-81.4014630001123,28.620547999637637],[-81.40151900018878,28.62053399969767],[-81.40176199986304,28.62053899990173],[-81.40181799993954,28.62052300019411],[-81.40194500016115,28.620441000274305],[-81.40204899991824,28.620374000138394],[-81.40211599986539,28.62024300018467],[-81.40214900037564,28.620182000030084],[-81.40244800012638,28.619736000033384],[-81.4028849999694,28.619500000322518],[-81.40292699980219,28.619492000389798],[-81.40350299956235,28.61938400005633],[-81.40459399988166,28.61933499971505],[-81.40551699997148,28.619312999667002],[-81.40574700012525,28.6194340002683],[-81.40592200002743,28.61964299990321],[-81.40600900006606,28.619704000370994],[-81.40627100000688,28.619758999883274],[-81.40633999960386,28.619802999787815],[-81.40638300015989,28.620276000356956],[-81.40635700022061,28.62045899976213],[-81.40635200019774,28.620496000189107],[-81.40637099956601,28.620539999784814],[-81.40639599968037,28.620666999840594],[-81.40636399989332,28.62079399974283],[-81.4063770003121,28.620849000261288],[-81.40638300015989,28.62105200017629],[-81.40636399989332,28.621145999724362],[-81.40623900021983,28.62144299992436],[-81.40616499970167,28.621602000347277],[-81.40610799980028,28.621685000021127],[-81.40604599987599,28.62173400005427],[-81.40600900006606,28.62174600009106],[-81.4058840003926,28.62178900008033],[-81.40579399998093,28.62182899965106],[-81.4055959996142,28.621916000202468],[-81.40552199999433,28.621948999848897],[-81.4053789998792,28.621992999624254],[-81.40535399976486,28.622036000300866],[-81.40653100029787,28.622026999904012],[-81.40646799965037,28.620757000209373],[-81.40711899975362,28.620752999896748]]]},"properties":{"block_id":"120950152041028","school_id":"sch_lake_weston_elementary","kids_est":0,"class":"red","shortest":{"len_m":2121.7,"mean_c":37.6,"peak_c":37.7,"dose":135.4},"coolest":{"len_m":2122.9,"mean_c":37.6,"peak_c":37.7,"dose":135.3},"delta_mean_c":0.0,"delta_dose_pct":0,"distance_mi":0.768,"status_now":"walk","status_rec":"bus_eligible","reason":"Coolest route mean 37.6C exceeds threshold (110 C-min dose, actual 135).","safe_until_hour":"14:00"}},{"type":"Feature","geometry":{"type":"Polygon","coordinates":[[[-81.4074479996416,28.62559099974205],[-81.40744699981668,28.62539200006572],[-81.40744400034195,28.624795000350375],[-81.40744400034195,28.624560000027838],[-81.40701300034674,28.62456099987262],[-81.40701300034674,28.625261999903074],[-81.40701499999656,28.625594999870398],[-81.40705000015666,28.625594999870398],[-81.4073480000825,28.62559099974205],[-81.4074479996416,28.62559099974205]]]},"properties":{"block_id":"120950152041018","school_id":"sch_lake_weston_elementary","kids_est":0,"class":"red","shortest":{"len_m":3347.1,"mean_c":37.26,"peak_c":37.6,"dose":197.5},"coolest":{"len_m":3348.3,"mean_c":37.26,"peak_c":37.6,"dose":197.4},"delta_mean_c":0.0,"delta_dose_pct":0,"distance_mi":0.929,"status_now":"walk","status_rec":"bus_eligible","reason":"Coolest route mean 37.3C exceeds threshold (110 C-min dose, actual 197).","safe_until_hour":"11:00"}},{"type":"Feature","geometry":{"type":"Polygon","coordinates":[[[-81.42858800022218,28.60730099970659],[-81.42861699963619,28.6067460002778],[-81.42847699989409,28.606251999888773],[-81.42819099966384,28.60580099976908],[-81.42811100019621,28.60567499990031],[-81.42773999957713,28.60521900031381],[-81.42772000038396,28.6051949996166],[-81.42725000003067,28.604497999848583],[-81.42716399981694,28.604523999987457],[-81.42707799960323,28.604550000119897],[-81.4269760003943,28.60458099963235],[-81.42687299956381,28.604611999924387],[-81.42630000017668,28.60462999975898],[-81.42584099969406,28.60464600031046],[-81.4251600003519,28.604493999705287],[-81.42440999961613,28.603834000006575],[-81.42421299997264,28.6034679997274],[-81.42406800020768,28.603537999741505],[-81.42389900015327,28.60362799980374],[-81.42377799977946,28.603703999971533],[-81.4232389998292,28.604094000382766],[-81.42301600024643,28.604249000103795],[-81.42295199977403,28.604294000234404],[-81.4226749997646,28.604498999884385],[-81.42255400028907,28.60458000038601],[-81.42231400008957,28.604761000258986],[-81.4222670002339,28.604793999775175],[-81.42211700044608,28.604901000095],[-81.4216689998341,28.60522199961191],[-81.42161000028287,28.605265000057432],[-81.42152599971895,28.60533599969078],[-81.42168100042797,28.6054869998401],[-81.4219779996306,28.605776999993505],[-81.42214800040821,28.605941999818654],[-81.42230499986873,28.606093999906314],[-81.42255799958872,28.60632399966221],[-81.42310300028508,28.606744000249027],[-81.42342700015017,28.606975000171495],[-81.42347400000584,28.606915000209717],[-81.42356000021957,28.60680600033609],[-81.42357799976291,28.606787000071606],[-81.42370800035756,28.60664799960947],[-81.42382700018327,28.606502999651923],[-81.42389900015327,28.606377999854285],[-81.42395799970451,28.606207999827685],[-81.42399000038986,28.605942999840707],[-81.4239510000318,28.605894000326426],[-81.42393500013829,28.605847000046566],[-81.42393500013829,28.60579799969884],[-81.42395900042774,28.605712000015107],[-81.423985000367,28.605678999998563],[-81.42402300000184,28.60565800026945],[-81.42405300013907,28.60565100009588],[-81.42441999966188,28.60566499965381],[-81.42444399995132,28.605223999669715],[-81.42443800010352,28.60516400028526],[-81.42441399981409,28.60510800019798],[-81.42437399963113,28.60506000032472],[-81.42428900014062,28.60499199980948],[-81.42400000043563,28.604788999610186],[-81.42420899977466,28.60454099980173],[-81.42424899995764,28.60452099988076],[-81.4242930003386,28.60451100031317],[-81.42433799964611,28.604512000348784],[-81.42438200002704,28.604522999951897],[-81.4244210003851,28.60454399990787],[-81.4244919996319,28.604610999889662],[-81.42463499974703,28.604736000212295],[-81.4247529997478,28.604818999808057],[-81.42500800001594,28.604968999880416],[-81.4251889997659,28.605058000263796],[-81.42533100005613,28.60511400037773],[-81.425372000064,28.605158000108357],[-81.42539399980531,28.60521100008198],[-81.42539600035344,28.605267000114413],[-81.42534899959945,28.605448000381188],[-81.42532699985817,28.605494000024535],[-81.42528900022332,28.60553700035879],[-81.42512400036688,28.60565100009588],[-81.4250840001839,28.605667999727867],[-81.42504599965076,28.605678999998563],[-81.42508900020678,28.60583699981651],[-81.42511699979588,28.605922000164366],[-81.42516899967441,28.605937999730397],[-81.42576700007422,28.606007999676198],[-81.42588300042517,28.606009999719042],[-81.42599700022798,28.60599700022862],[-81.42608900028948,28.60597699979606],[-81.42613399959701,28.605959000192236],[-81.42620399991722,28.605916000030746],[-81.42626500001658,28.60586399964684],[-81.4263160000702,28.605803999839242],[-81.42635600025318,28.6057230002812],[-81.42637999964433,28.605636999747464],[-81.42640599958358,28.60540900011911],[-81.42641900000237,28.605373999952498],[-81.42644300029183,28.605343999913096],[-81.42647500007885,28.605320000033124],[-81.4265339996301,28.60530200031668],[-81.426646999608,28.605294000091224],[-81.42675999958591,28.60529900023218],[-81.42683499992899,28.60530999975285],[-81.42690400042427,28.605336999718595],[-81.42696200015058,28.605380000117123],[-81.42733100022153,28.60574500002133],[-81.42753600026094,28.605941999818654],[-81.42747599998648,28.606019999932624],[-81.4272519996805,28.60633399984598],[-81.42697999969394,28.606371999746656],[-81.42691299974679,28.606396000174993],[-81.42685400019555,28.606434000053316],[-81.42700200033354,28.606525000017328],[-81.42705699968683,28.60657800009008],[-81.42712399963398,28.60666599988391],[-81.42715700014425,28.60673100006075],[-81.42718999975622,28.60683299991739],[-81.42720700037297,28.607005999757103],[-81.42724900020576,28.60740599982289],[-81.4272809999928,28.607540000036686],[-81.4273010000843,28.607592000379654],[-81.42733200004645,28.607668000046008],[-81.42737499970413,28.607750999691387],[-81.42742599975777,28.607830000043634],[-81.42752600021521,28.607953999688068],[-81.42760099965996,28.608029999881197],[-81.42763699964496,28.608058999940354],[-81.42772799988155,28.608133000055084],[-81.4277940000038,28.60817500009707],[-81.42784099985946,28.60820500011673],[-81.42798200032476,28.60829600012402],[-81.42803000000535,28.608327000108495],[-81.42804800044702,28.608300000122497],[-81.42811100019621,28.608210000119154],[-81.4281739999454,28.608119000037423],[-81.42844400028214,28.607768999776912],[-81.4285050003815,28.607567000217955],[-81.42858800022218,28.60730099970659]]]},"properties":{"block_id":"120950124023003","school_id":"sch_lake_weston_elementary","kids_est":52,"class":"red","shortest":{"len_m":3509.4,"mean_c":37.6,"peak_c":37.7,"dose":223.9},"coolest":{"len_m":3509.4,"mean_c":37.6,"peak_c":37.7,"dose":223.9},"delta_mean_c":0.0,"delta_dose_pct":0,"distance_mi":0.936,"status_now":"walk","status_rec":"bus_eligible","reason":"Coolest route mean 37.6C exceeds threshold (110 C-min dose, actual 224).","safe_until_hour":"11:00"}},{"type":"Feature","geometry":{"type":"Polygon","coordinates":[[[-81.41890200011281,28.594415999963164],[-81.41890600031077,28.59410599968061],[-81.41888200002133,28.593799999823023],[-81.41881800044722,28.593465999869043],[-81.41873100040858,28.593173000015565],[-81.41863900034706,28.592966000065594],[-81.41861099985967,28.592908999642],[-81.41855200030844,28.59279699978513],[-81.41849299985888,28.59269400035372],[-81.41840199962229,28.592551000370765],[-81.41835300011681,28.592478999836935],[-81.41834200024616,28.59246399994952],[-81.4183310003755,28.592446999759087],[-81.4182970000403,28.592400999925935],[-81.41826600007816,28.59236000004053],[-81.41824000013891,28.59232599962327],[-81.41819699958288,28.59227200009784],[-81.41813999968147,28.5922029998313],[-81.41802900025169,28.592073999760235],[-81.41794300003798,28.59197400008541],[-81.41784400030376,28.591859000341717],[-81.41780699959554,28.591884000296705],[-81.417754999717,28.59182300023832],[-81.41771600025726,28.591778000288958],[-81.41760599975409,28.591648999696353],[-81.4158039999554,28.591662000172956],[-81.4158039999554,28.591758999673534],[-81.4158049997803,28.59198000022631],[-81.41523900006588,28.59198199974735],[-81.41384499979787,28.591965000267738],[-81.41436200000682,28.592912000080165],[-81.41450799959668,28.593198999801388],[-81.41457700009197,28.59333299999098],[-81.41523099966996,28.594595999860307],[-81.41540599957213,28.59493399988608],[-81.41545599980084,28.59501299962106],[-81.41552299974799,28.59514499961475],[-81.41724199970601,28.59511999964662],[-81.41726099997258,28.59569200020628],[-81.41779400007506,28.59568500015755],[-81.41784500012868,28.595673999629373],[-81.41809200000088,28.595589999788448],[-81.41872700021061,28.595282000060404],[-81.41882500011991,28.594918000222037],[-81.41887500034863,28.59461499996292],[-81.41890200011281,28.594415999963164]],[[-81.41843900033054,28.59488399984339],[-81.41843400030766,28.594902999893947],[-81.418415999866,28.594936000139644],[-81.41840499999535,28.594945999829655],[-81.41838800027689,28.594964999869003],[-81.41835200029189,28.594985000031276],[-81.418311000284,28.5949959998428],[-81.4178679996949,28.595013999747064],[-81.41726400034564,28.595025999681553],[-81.41718099960664,28.59502799993342],[-81.41712200005541,28.59501999971448],[-81.41706900035197,28.594996999969023],[-81.41695600037407,28.594901999766837],[-81.41692299986379,28.59488399984339],[-81.41689000025183,28.594875999613546],[-81.41673600026603,28.594882000377538],[-81.41648799967061,28.594894000327102],[-81.41617300002633,28.594913999714123],[-81.41598600042859,28.59492599965999],[-81.41602700043646,28.59489200007269],[-81.41606000004843,28.59485000024253],[-81.41608199978974,28.594803999883467],[-81.41609900040649,28.59472700024895],[-81.41611100010205,28.594679000366366],[-81.4161210001478,28.59466099961598],[-81.41614899973689,28.59462699994298],[-81.41620499981339,28.594593000258918],[-81.41625199966906,28.594581000275042],[-81.4166199999151,28.594575999624087],[-81.41673200006808,28.594575999624087],[-81.41696899989454,28.594577999884457],[-81.4172559999497,28.594577999884457],[-81.41736200025493,28.594577999884457],[-81.41811700011525,28.594556000172705],[-81.41832700017754,28.594551000309323],[-81.41836499981237,28.59456100003591],[-81.41839699959942,28.594581000275042],[-81.41842099988887,28.59460899997244],[-81.41843299958443,28.594642999651274],[-81.41843900033054,28.59488399984339]]]},"properties":{"block_id":"120950124031002","school_id":"sch_lake_weston_elementary","kids_est":5,"class":"red","shortest":{"len_m":2897.0,"mean_c":37.51,"peak_c":37.6,"dose":180.7},"coolest":{"len_m":2897.3,"mean_c":37.51,"peak_c":37.6,"dose":180.6},"delta_mean_c":0.0,"delta_dose_pct":0,"distance_mi":1.321,"status_now":"walk","status_rec":"bus_eligible","reason":"Coolest route mean 37.5C exceeds threshold (110 C-min dose, actual 181).","safe_until_hour":"13:00"}},{"type":"Feature","geometry":{"type":"Polygon","coordinates":[[[-81.42539600035344,28.605267000114413],[-81.42539399980531,28.60521100008198],[-81.425372000064,28.605158000108357],[-81.42533100005613,28.60511400037773],[-81.4251889997659,28.605058000263796],[-81.42500800001594,28.604968999880416],[-81.4247529997478,28.604818999808057],[-81.42463499974703,28.604736000212295],[-81.4244919996319,28.604610999889662],[-81.4244210003851,28.60454399990787],[-81.42438200002704,28.604522999951897],[-81.42433799964611,28.604512000348784],[-81.4242930003386,28.60451100031317],[-81.42424899995764,28.60452099988076],[-81.42420899977466,28.60454099980173],[-81.42400000043563,28.604788999610186],[-81.42428900014062,28.60499199980948],[-81.42437399963113,28.60506000032472],[-81.42441399981409,28.60510800019798],[-81.42443800010352,28.60516400028526],[-81.42444399995132,28.605223999669715],[-81.42441999966188,28.60566499965381],[-81.42464800016582,28.60567299985109],[-81.42497500040396,28.605689000243657],[-81.42501899988657,28.605685000145773],[-81.42504599965076,28.605678999998563],[-81.4250840001839,28.605667999727867],[-81.42512400036688,28.60565100009588],[-81.42528900022332,28.60553700035879],[-81.42532699985817,28.605494000024535],[-81.42534899959945,28.605448000381188],[-81.42539600035344,28.605267000114413]]]},"properties":{"block_id":"120950124023005","school_id":"sch_lake_weston_elementary","kids_est":22,"class":"red","shortest":{"len_m":3555.4,"mean_c":37.6,"peak_c":37.7,"dose":226.8},"coolest":{"len_m":3555.4,"mean_c":37.6,"peak_c":37.7,"dose":226.8},"delta_mean_c":0.0,"delta_dose_pct":0,"distance_mi":0.926,"status_now":"walk","status_rec":"bus_eligible","reason":"Coolest route mean 37.6C exceeds threshold (110 C-min dose, actual 227).","safe_until_hour":"11:00"}},{"type":"Feature","geometry":{"type":"Polygon","coordinates":[[[-81.41009100041266,28.606468999866806],[-81.41026299994179,28.60626800019323],[-81.41002199991736,28.60607400028089],[-81.40992200035825,28.605993000142398],[-81.40978199971786,28.60588000001039],[-81.40970800009801,28.605820000211875],[-81.40948799998998,28.605642999897],[-81.40941500019505,28.60558399998867],[-81.40941699984488,28.60629199985664],[-81.40942100004284,28.607559000164976],[-81.40943000026367,28.60759799962894],[-81.40946799989848,28.607661000006374],[-81.40974699955774,28.60751699987678],[-81.40983600014452,28.607450000170903],[-81.40990899993946,28.607370000313104],[-81.40993900007669,28.607325999931593],[-81.40998400028253,28.60723099983365],[-81.40999900035114,28.60718100012115],[-81.41001400041976,28.607078999813723],[-81.41001500024468,28.606672999989847],[-81.41003100013819,28.606593000328985],[-81.41006200010033,28.60651699988501],[-81.41009100041266,28.606468999866806]]]},"properties":{"block_id":"120950152022008","school_id":"sch_lake_weston_elementary","kids_est":0,"class":"green","shortest":{"len_m":1391.2,"mean_c":37.6,"peak_c":37.6,"dose":88.1},"coolest":{"len_m":1391.2,"mean_c":37.6,"peak_c":37.6,"dose":88.1},"delta_mean_c":0.0,"delta_dose_pct":0,"distance_mi":0.396,"status_now":"walk","status_rec":"walk","reason":"Shortest route already under threshold (dose 88).","safe_until_hour":null}},{"type":"Feature","geometry":{"type":"Polygon","coordinates":[[[-81.41728100006408,28.59813499977336],[-81.4172479995538,28.59807199999388],[-81.41713799994895,28.5981060001299],[-81.41710100013901,28.598035000343646],[-81.41703400019186,28.598061999812547],[-81.41694899980305,28.5980980001453],[-81.41687000016033,28.59813499977336],[-81.41712200005541,28.598628000374273],[-81.41719700039849,28.598372000258085],[-81.41723099983535,28.598255000225333],[-81.41728100006408,28.59813499977336]]]},"properties":{"block_id":"120950124021022","school_id":"sch_lake_weston_elementary","kids_est":0,"class":"red","shortest":{"len_m":2140.7,"mean_c":37.55,"peak_c":37.6,"dose":135.0},"coolest":{"len_m":2140.7,"mean_c":37.55,"peak_c":37.6,"dose":135.0},"delta_mean_c":0.0,"delta_dose_pct":0,"distance_mi":1.008,"status_now":"walk","status_rec":"bus_eligible","reason":"Coolest route mean 37.5C exceeds threshold (110 C-min dose, actual 135).","safe_until_hour":"14:00"}},{"type":"Feature","geometry":{"type":"Polygon","coordinates":[[[-81.41151999994244,28.605815000095713],[-81.41151800029262,28.60570999996664],[-81.41151200044483,28.605395999765634],[-81.4115099998967,28.605292000034755],[-81.41150900007179,28.605234999986912],[-81.41150599969873,28.60506599971854],[-81.41150499987384,28.605010000367713],[-81.41150400004892,28.60498300031791],[-81.4115020003991,28.604902000126913],[-81.4115020003991,28.60487600008163],[-81.41132599977368,28.604879000178155],[-81.41080000024222,28.604889999742795],[-81.41075099983841,28.60489199980692],[-81.4107009996097,28.60490000006304],[-81.41065499957895,28.60492199997543],[-81.4106360002107,28.60493799969376],[-81.4106160001192,28.604962999692386],[-81.41060699989838,28.60497500006817],[-81.41059199982976,28.605018999856952],[-81.41059199982976,28.605033000287783],[-81.41059299965467,28.60506000032472],[-81.41059299965467,28.605109000227955],[-81.4105950002028,28.605255999800576],[-81.41059600002772,28.605305999640535],[-81.41059699985263,28.605408000091966],[-81.41060100005058,28.605689000243657],[-81.41060000022568,28.605717000136227],[-81.41059900040077,28.605820000211875],[-81.41074699964045,28.60581800016547],[-81.41078299962547,28.60581800016547],[-81.411030000396,28.605822000258307],[-81.41133499999452,28.60581700014222],[-81.41151999994244,28.605815000095713]]]},"properties":{"block_id":"120950152022040","school_id":"sch_lake_weston_elementary","kids_est":0,"class":"green","shortest":{"len_m":1394.8,"mean_c":37.6,"peak_c":37.6,"dose":88.6},"coolest":{"len_m":1394.8,"mean_c":37.6,"peak_c":37.6,"dose":88.6},"delta_mean_c":0.0,"delta_dose_pct":0,"distance_mi":0.467,"status_now":"walk","status_rec":"walk","reason":"Shortest route already under threshold (dose 89).","safe_until_hour":null}},{"type":"Feature","geometry":{"type":"Polygon","coordinates":[[[-81.41839800032265,28.606304000080637],[-81.41840099979738,28.60601499982593],[-81.41837300020829,28.60568200007221],[-81.41828399962151,28.605258999886296],[-81.41818900008528,28.604879000178155],[-81.41777200033376,28.603102999799823],[-81.41768000027224,28.602741000339265],[-81.41765099995992,28.602594999667957],[-81.41751899971545,28.602039999829373],[-81.41694899980305,28.60204700024352],[-81.4168740003583,28.602048000302645],[-81.41677399990087,28.602049000361767],[-81.41675800000735,28.602597999829605],[-81.41676200020531,28.60279299990274],[-81.41678599959643,28.60394699997308],[-81.41650000026448,28.603950000096177],[-81.41471799965896,28.60396900008503],[-81.41472299968184,28.6042829998187],[-81.4144530002434,28.60428599993214],[-81.41426499992244,28.60428800000777],[-81.41420399982306,28.60428800000777],[-81.41420399982306,28.60431000004838],[-81.41420399982306,28.604377000179326],[-81.41420499964799,28.604400000237963],[-81.4142060003712,28.604493999705287],[-81.41420899984594,28.60477599996867],[-81.41421100039408,28.604870999920486],[-81.41420399982306,28.60490000006304],[-81.4142130000439,28.604980000224305],[-81.4142139998688,28.605008000305823],[-81.41421499969373,28.605056000202826],[-81.41421800006677,28.6052019998205],[-81.41421899989169,28.60525099965752],[-81.41422100043981,28.60537700003485],[-81.41422800011252,28.6057019997722],[-81.41421600041693,28.605743999997397],[-81.41420899984594,28.605752000188566],[-81.41418999957936,28.605781000087948],[-81.41415199994454,28.605808999955936],[-81.41411000011173,28.605825000327858],[-81.41408199962432,28.605828999631804],[-81.41395199992797,28.605827999608657],[-81.41376799980496,28.605827999608657],[-81.41347800027505,28.605821000235085],[-81.4133200000913,28.60581800016547],[-81.413186000197,28.605812000025857],[-81.41297799978454,28.605804999862617],[-81.41278699998884,28.605805999885977],[-81.41265399991946,28.605807999932665],[-81.41265399991946,28.605821000235085],[-81.41265499974436,28.605862000389884],[-81.41265599956927,28.605875999919714],[-81.41265800011742,28.605953000060676],[-81.41266399996519,28.606184000145074],[-81.41266700033825,28.60626200007938],[-81.41266899998807,28.60635800028293],[-81.41267099963788,28.60641799977414],[-81.41267200036111,28.606646000367437],[-81.41267300018603,28.606743000234594],[-81.41267999985872,28.607171000018088],[-81.41270099977511,28.607634999855208],[-81.41298600018048,28.607622999783256],[-81.41336000027428,28.60761299972225],[-81.414284000189,28.607607999691368],[-81.41476600023785,28.60758400032858],[-81.41502599963053,28.607546000077548],[-81.4151779999665,28.607536000009215],[-81.4151920002102,28.607536000009215],[-81.41638700028658,28.607502999776965],[-81.41642300027159,28.60750199976975],[-81.4168390001982,28.607497999740893],[-81.41802500005375,28.607499999755316],[-81.41816899999378,28.607255000065734],[-81.41826299970512,28.60698500029322],[-81.41835999978949,28.60658900026551],[-81.41839800032265,28.606304000080637]]]},"properties":{"block_id":"120950152022012","school_id":"sch_lake_weston_elementary","kids_est":0,"class":"green","shortest":{"len_m":1287.9,"mean_c":37.6,"peak_c":37.6,"dose":81.7},"coolest":{"len_m":1287.9,"mean_c":37.6,"peak_c":37.6,"dose":81.7},"delta_mean_c":0.0,"delta_dose_pct":0,"distance_mi":0.515,"status_now":"walk","status_rec":"walk","reason":"Shortest route already under threshold (dose 82).","safe_until_hour":null}},{"type":"Feature","geometry":{"type":"Polygon","coordinates":[[[-81.40639599968037,28.620666999840594],[-81.40637099956601,28.620539999784814],[-81.40635200019774,28.620496000189107],[-81.40635700022061,28.62045899976213],[-81.40638300015989,28.620276000356956],[-81.40633999960386,28.619802999787815],[-81.40627100000688,28.619758999883274],[-81.40600900006606,28.619704000370994],[-81.40592200002743,28.61964299990321],[-81.40574700012525,28.6194340002683],[-81.40551699997148,28.619312999667002],[-81.40459399988166,28.61933499971505],[-81.40350299956235,28.61938400005633],[-81.40292699980219,28.619492000389798],[-81.4028849999694,28.619500000322518],[-81.40244800012638,28.619736000033384],[-81.40214900037564,28.620182000030084],[-81.40211599986539,28.62024300018467],[-81.40204899991824,28.620374000138394],[-81.40194500016115,28.620441000274305],[-81.40181799993954,28.62052300019411],[-81.40176199986304,28.62053899990173],[-81.40151900018878,28.62053399969767],[-81.4014630001123,28.620547999637637],[-81.40141299988359,28.620560999692852],[-81.40129499988281,28.62056699977851],[-81.40107599959968,28.62053399969767],[-81.40095199975113,28.62054499998858],[-81.40089599967463,28.620571999980992],[-81.40077100000117,28.620571999980992],[-81.40059600009899,28.62053899990173],[-81.40044600031116,28.62052799961013],[-81.40018500019524,28.620554999606917],[-81.4001249999208,28.62057399974653],[-81.40008499973783,28.620587999681142],[-81.39997900033092,28.620659999878786],[-81.39988499972128,28.620747999702814],[-81.39973599975836,28.620929000103747],[-81.3996539997426,28.621051000298078],[-81.39962699997842,28.62109000027219],[-81.39965499956752,28.62111500036922],[-81.40020100008877,28.621316999894308],[-81.4002379998987,28.62167100023277],[-81.40026999968573,28.621969000394273],[-81.40027899990658,28.622058999646985],[-81.40206499981174,28.622043000170947],[-81.40227400004912,28.622040999644888],[-81.40378999961754,28.62203700016969],[-81.40440300008596,28.62203399977468],[-81.40535399976486,28.622036000300866],[-81.4053789998792,28.621992999624254],[-81.40552199999433,28.621948999848897],[-81.4055959996142,28.621916000202468],[-81.40579399998093,28.62182899965106],[-81.4058840003926,28.62178900008033],[-81.40600900006606,28.62174600009106],[-81.40604599987599,28.62173400005427],[-81.40610799980028,28.621685000021127],[-81.40616499970167,28.621602000347277],[-81.40623900021983,28.62144299992436],[-81.40636399989332,28.621145999724362],[-81.40638300015989,28.62105200017629],[-81.4063770003121,28.620849000261288],[-81.40636399989332,28.62079399974283],[-81.40639599968037,28.620666999840594]]]},"properties":{"block_id":"120950152041029","school_id":"sch_lake_weston_elementary","kids_est":0,"class":"red","shortest":{"len_m":1931.3,"mean_c":37.6,"peak_c":37.7,"dose":123.1},"coolest":{"len_m":1932.5,"mean_c":37.6,"peak_c":37.7,"dose":123.0},"delta_mean_c":0.0,"delta_dose_pct":0,"distance_mi":0.778,"status_now":"walk","status_rec":"bus_eligible","reason":"Coolest route mean 37.6C exceeds threshold (110 C-min dose, actual 123).","safe_until_hour":"14:00"}},{"type":"Feature","geometry":{"type":"Polygon","coordinates":[[[-81.40488900033277,28.625483000162667],[-81.40482599968526,28.625364999735854],[-81.40475100024051,28.625271999860672],[-81.40472000027835,28.62525799976211],[-81.40447400023106,28.625253999620917],[-81.40427900023741,28.62526000022685],[-81.40411000018298,28.625300000052203],[-81.40376299985337,28.62538100028264],[-81.40360600039283,28.625419000388693],[-81.40338399973668,28.62544500007977],[-81.4031670000017,28.625459000153402],[-81.40302399988657,28.625464000122975],[-81.4028420003117,28.625479000030047],[-81.40270400021943,28.625503999870535],[-81.40253199979196,28.62553600013078],[-81.40253799963975,28.62558300027349],[-81.40254199983772,28.62571600032852],[-81.40285900003012,28.625698999998857],[-81.40331599996463,28.625675999873213],[-81.40344499983604,28.625660000159908],[-81.40352900039994,28.6256410001522],[-81.40365300024851,28.62560399996136],[-81.40379999966328,28.625570000051578],[-81.40411000018298,28.62549999973878],[-81.40412299970347,28.625498000067093],[-81.40416200006153,28.62549099963885],[-81.40423700040462,28.625480999702102],[-81.40432199989509,28.625479999866087],[-81.40437600032178,28.625479999866087],[-81.40454500037617,28.625480999702102],[-81.40463200041481,28.625482000326652],[-81.40488900033277,28.625483000162667]]]},"properties":{"block_id":"120950152043005","school_id":"sch_lake_weston_elementary","kids_est":1,"class":"red","shortest":{"len_m":3814.8,"mean_c":37.09,"peak_c":37.6,"dose":216.4},"coolest":{"len_m":3816.0,"mean_c":37.09,"peak_c":37.6,"dose":216.3},"delta_mean_c":0.0,"delta_dose_pct":0,"distance_mi":1.037,"status_now":"walk","status_rec":"bus_eligible","reason":"Coolest route mean 37.1C exceeds threshold (110 C-min dose, actual 216).","safe_until_hour":"11:00"}},{"type":"Feature","geometry":{"type":"Polygon","coordinates":[[[-81.40946799989848,28.607661000006374],[-81.40943000026367,28.60759799962894],[-81.40942100004284,28.607559000164976],[-81.40941699984488,28.60629199985664],[-81.40941500019505,28.60558399998867],[-81.40933599965402,28.605519999916947],[-81.4091020002006,28.605331000340257],[-81.40902400038279,28.60526800014289],[-81.40866000033473,28.604973000005618],[-81.40792100036793,28.60437500010539],[-81.40788299983478,28.604303999822637],[-81.40777999990263,28.60418700008509],[-81.40739499993815,28.603873000064603],[-81.40728399961006,28.603797000019046],[-81.40718599970077,28.60370500001488],[-81.40714600041612,28.603751999675573],[-81.40709600018741,28.603795999976576],[-81.40675300005573,28.604103999990098],[-81.4066030002679,28.604228000088852],[-81.40625500011336,28.604550000119897],[-81.40612500041703,28.60464899962491],[-81.4059129998066,28.604805000137393],[-81.40517999968758,28.605246000302962],[-81.4050399999455,28.605298000203998],[-81.40495600027991,28.605326000200776],[-81.40496299995262,28.605344999940833],[-81.40497899984612,28.60541600030881],[-81.40498300004408,28.605451999699483],[-81.40495899975465,28.60588900021379],[-81.40486900024126,28.607307999770164],[-81.40485499999757,28.607658999994957],[-81.40496700015058,28.607657999989225],[-81.40599300017254,28.60765599997782],[-81.40602900015756,28.607668000046008],[-81.40605699974664,28.607688000156593],[-81.40608000021118,28.60771900032046],[-81.40608900043202,28.60775299970105],[-81.406053000447,28.609253000158823],[-81.406053000447,28.609450999675754],[-81.40624199969457,28.609450999675754],[-81.40657999980338,28.609450999675754],[-81.40679499988852,28.609469000258642],[-81.40680900013224,28.60947000024712],[-81.40688100010225,28.60948000013135],[-81.40699400008018,28.609509999778325],[-81.407103999685,28.609547000119758],[-81.40719300027179,28.609586999621726],[-81.40726100004385,28.60961900000091],[-81.40735899995315,28.60967600003606],[-81.40752999965737,28.609794999940643],[-81.4076660000998,28.609867999636503],[-81.40775200031352,28.60990199989879],[-81.40781000003985,28.609925000325163],[-81.40795599962972,28.609967999634364],[-81.4080960002701,28.609994999980238],[-81.4081439999507,28.60999999989751],[-81.40824100003506,28.610009999731282],[-81.40871800006104,28.61000699978123],[-81.40890999968167,28.61000699978123],[-81.40890999968167,28.609773000260038],[-81.40890999968167,28.6090720001384],[-81.40890999968167,28.608839000106194],[-81.40890899985676,28.60823600012805],[-81.40892399992538,28.60813200005387],[-81.40893800016907,28.608088999993143],[-81.40898400019982,28.607997999806543],[-81.40901400033705,28.607955999693864],[-81.40908700013198,28.607881000239516],[-81.4091299997897,28.607848000115624],[-81.40946799989848,28.607661000006374]]]},"properties":{"block_id":"120950152022007","school_id":"sch_lake_weston_elementary","kids_est":7,"class":"green","shortest":{"len_m":1609.0,"mean_c":37.6,"peak_c":37.6,"dose":101.9},"coolest":{"len_m":1609.0,"mean_c":37.6,"peak_c":37.6,"dose":101.9},"delta_mean_c":0.0,"delta_dose_pct":0,"distance_mi":0.447,"status_now":"walk","status_rec":"walk","reason":"Shortest route already under threshold (dose 102).","safe_until_hour":null}},{"type":"Feature","geometry":{"type":"Polygon","coordinates":[[[-81.4148110004437,28.616391999924286],[-81.41479999967473,28.61586300012318],[-81.41480100039796,28.61463000013281],[-81.41480100039796,28.614402000308147],[-81.41477899975833,28.61341099996434],[-81.41478600032934,28.612934000195857],[-81.41456799987114,28.612936000106835],[-81.41391599994297,28.612943999750314],[-81.413699000208,28.61294699961649],[-81.41349800036656,28.612948000360475],[-81.41329599980186,28.612949000315837],[-81.41313799961812,28.612948000360475],[-81.41311300040208,28.61294699961649],[-81.4129810001576,28.61294699961649],[-81.41268599970651,28.612944999705714],[-81.41266999981296,28.612551999941736],[-81.41265999976723,28.61212999978001],[-81.41265999976723,28.611718999926875],[-81.41265499974436,28.611617000082653],[-81.41265300009454,28.611547999899916],[-81.41264899989658,28.6114890001534],[-81.41263200017814,28.61144699985929],[-81.412601000216,28.61141100015705],[-81.41255900038321,28.611385000145408],[-81.41250999997942,28.611371999742826],[-81.41242600031383,28.61136899983168],[-81.41224600038875,28.61136399997962],[-81.4122410003659,28.611253000047576],[-81.41223700016793,28.611132000272153],[-81.4122349996198,28.61092000033621],[-81.41223399979488,28.61080899993497],[-81.41192199962535,28.61081599976479],[-81.41182100024133,28.61081699974044],[-81.41058199978401,28.6108340001137],[-81.41017000005537,28.61083999996648],[-81.41017000005537,28.6115459999625],[-81.41017099988026,28.611635000294292],[-81.4101859999489,28.612568000075253],[-81.41019299962159,28.613599000038466],[-81.4102000001926,28.614019999873012],[-81.41020900041342,28.614535000331752],[-81.4102079996902,28.61481499978934],[-81.41011399997889,28.614813999851737],[-81.40983500031963,28.614811000038895],[-81.4097420004332,28.61481000010127],[-81.40974599973285,28.615109999888926],[-81.40975599977858,28.615115000351256],[-81.41043199999619,28.6154509999633],[-81.41058000013419,28.615551000165965],[-81.41071099965544,28.61564399997723],[-81.41083500040232,28.615731000133092],[-81.41089399995356,28.615773000291306],[-81.41093699961125,28.615803999646296],[-81.41105200013729,28.615927000202056],[-81.41110300019092,28.615981000188963],[-81.41111700043463,28.615995999873764],[-81.4112350004354,28.616108000238597],[-81.41126700022245,28.61613900028331],[-81.41132900014672,28.616215999998524],[-81.41136099993378,28.616269999836835],[-81.41138500022323,28.616309999932856],[-81.41142700005604,28.616409000183758],[-81.412713000369,28.616405999627876],[-81.41380100031525,28.61640199993809],[-81.41468099984905,28.61639800024809],[-81.4148110004437,28.616391999924286]],[[-81.41380600033813,28.614654000251562],[-81.41380200014017,28.614904999653582],[-81.41380200014017,28.615191000094722],[-81.41380299996506,28.615418999783664],[-81.41379499956915,28.615698000109667],[-81.4137900004446,28.615728000346444],[-81.41376699998006,28.615774000219773],[-81.41373199981996,28.615806000291233],[-81.41355299971981,28.615949000170897],[-81.41351400026007,28.61598000026248],[-81.41348300029793,28.616000000367606],[-81.41343300006922,28.6160150000497],[-81.41285999978378,28.616015999975865],[-81.41282399979876,28.616015999975865],[-81.41228700039665,28.616015999975865],[-81.41200500036435,28.61601799982809],[-81.41196400035645,28.616008999703936],[-81.41192300034857,28.615989000389114],[-81.41189099966321,28.61595900022689],[-81.41179399957883,28.615788000005814],[-81.41159699993536,28.615409999608175],[-81.41157199982099,28.615334000023253],[-81.41157000017117,28.615323999907748],[-81.4115600001254,28.615255999727903],[-81.41155699975238,28.615044000229975],[-81.41151499991958,28.615044000229975],[-81.41139100007102,28.615045000165377],[-81.41135000006312,28.615046000100776],[-81.41129499981155,28.615047000036164],[-81.41107700025167,28.615035000022353],[-81.41104100026665,28.615033000151335],[-81.41099799971062,28.615012999862042],[-81.41097599996931,28.614991999633098],[-81.41095800042596,28.614951999823685],[-81.41091300022013,28.614653000312433],[-81.41087999970983,28.614375000306513],[-81.41087200021224,28.614297000087536],[-81.41085399977058,28.614098000297723],[-81.4108610003416,28.614071000217937],[-81.41088899993068,28.614035999782914],[-81.41093099976347,28.614015000147155],[-81.41095199967987,28.61401200031149],[-81.411030000396,28.614009999632447],[-81.41147100043696,28.614003999960747],[-81.41161799985174,28.614002000070112],[-81.41171800030916,28.614000000179423],[-81.41214099990846,28.614002000070112],[-81.4121939996119,28.614002000070112],[-81.41253099989581,28.613998000288763],[-81.41340799995487,28.613988000046035],[-81.41344099956683,28.614001000124762],[-81.41346400003137,28.614026000332423],[-81.41347200042728,28.614057000203022],[-81.4134730002522,28.614248999681344],[-81.41347800027505,28.614640000314356],[-81.41354299967406,28.614642000192852],[-81.41374000021587,28.614650999645555],[-81.41380600033813,28.614654000251562]]]},"properties":{"block_id":"120950152024007","school_id":"sch_lake_weston_elementary","kids_est":20,"class":"green","shortest":{"len_m":283.2,"mean_c":37.6,"peak_c":37.6,"dose":18.0},"coolest":{"len_m":283.2,"mean_c":37.6,"peak_c":37.6,"dose":18.0},"delta_mean_c":0.0,"delta_dose_pct":0,"distance_mi":0.108,"status_now":"walk","status_rec":"walk","reason":"Shortest route already under threshold (dose 18).","safe_until_hour":null}},{"type":"Feature","geometry":{"type":"Polygon","coordinates":[[[-81.41849000038414,28.606890999899964],[-81.4185509995852,28.606645000352067],[-81.41835999978949,28.60658900026551],[-81.41826299970512,28.60698500029322],[-81.41816899999378,28.607255000065734],[-81.41802500005375,28.607499999755316],[-81.41786199984713,28.607789999872743],[-81.4177120000593,28.607985999776115],[-81.41734899983614,28.608368000073888],[-81.41720599972099,28.60848199989366],[-81.41704599988745,28.608610000332458],[-81.41685900028969,28.608719999907283],[-81.41658999977786,28.60887999987177],[-81.41599800012416,28.609214999722887],[-81.41584999998616,28.609329000200777],[-81.41562999987812,28.609498999908762],[-81.41533699997517,28.609784000100912],[-81.41509900032379,28.610173000042263],[-81.41521899997437,28.610268999826438],[-81.41524900011161,28.610297000075537],[-81.41541099959501,28.609989000079256],[-81.41558399984736,28.609779000173422],[-81.41584900016123,28.60952700036312],[-81.41615499958466,28.609327000221125],[-81.41629600004998,28.609234000336873],[-81.41681300025894,28.60894000028851],[-81.41686299958934,28.6089109996839],[-81.41706500015401,28.60879600033485],[-81.41735399985902,28.60859600037837],[-81.4174860001035,28.60847899989997],[-81.41763300041657,28.608349000091916],[-81.41794999971069,28.6079999998115],[-81.41817800021462,28.607640999890638],[-81.4183179999567,28.607357000202292],[-81.41849000038414,28.606890999899964]]]},"properties":{"block_id":"120950152022017","school_id":"sch_lake_weston_elementary","kids_est":0,"class":"green","shortest":{"len_m":1097.7,"mean_c":37.6,"peak_c":37.6,"dose":69.5},"coolest":{"len_m":1097.7,"mean_c":37.6,"peak_c":37.6,"dose":69.5},"delta_mean_c":0.0,"delta_dose_pct":0,"distance_mi":0.545,"status_now":"walk","status_rec":"walk","reason":"Shortest route already under threshold (dose 70).","safe_until_hour":null}},{"type":"Feature","geometry":{"type":"Polygon","coordinates":[[[-81.40445999998735,28.613426000016208],[-81.40456200009461,28.61334200017153],[-81.40437100029891,28.613175000233895],[-81.40387599983127,28.612744999762796],[-81.40380600040939,28.61266899982654],[-81.40376399967828,28.61262300017048],[-81.40365099970037,28.612470000106544],[-81.40352900039994,28.612510000072607],[-81.40322800010107,28.612618000378074],[-81.40255899955615,28.612859000352618],[-81.4022160003228,28.61298600023451],[-81.40217600013982,28.613011999849842],[-81.40214099997972,28.613045999883145],[-81.40211599986539,28.61308599962984],[-81.40210199962165,28.613129999964478],[-81.40209800032201,28.613174000280747],[-81.40209800032201,28.613207000308638],[-81.40210599981961,28.61365600027969],[-81.40261700018078,28.61365099974782],[-81.40379200016568,28.613642000209435],[-81.4041520000158,28.613629000086217],[-81.4041810003281,28.613629000086217],[-81.40424400007728,28.61361000026723],[-81.40429900032888,28.613577000365964],[-81.40445999998735,28.613426000016208]]]},"properties":{"block_id":"120950152021002","school_id":"sch_lake_weston_elementary","kids_est":5,"class":"red","shortest":{"len_m":2506.6,"mean_c":37.57,"peak_c":37.6,"dose":158.4},"coolest":{"len_m":2506.6,"mean_c":37.57,"peak_c":37.6,"dose":158.4},"delta_mean_c":0.0,"delta_dose_pct":0,"distance_mi":0.517,"status_now":"walk","status_rec":"bus_eligible","reason":"Coolest route mean 37.6C exceeds threshold (110 C-min dose, actual 158).","safe_until_hour":"13:00"}},{"type":"Feature","geometry":{"type":"Polygon","coordinates":[[[-81.41738399999623,28.59788900023245],[-81.41750600019496,28.5976770003906],[-81.41704000003963,28.597917999935728],[-81.41697499974232,28.597949999925397],[-81.41703400019186,28.598061999812547],[-81.41710100013901,28.598035000343646],[-81.41713799994895,28.5981060001299],[-81.4172479995538,28.59807199999388],[-81.41728100006408,28.59813499977336],[-81.41738399999623,28.59788900023245]]]},"properties":{"block_id":"120950124021025","school_id":"sch_lake_weston_elementary","kids_est":0,"class":"red","shortest":{"len_m":2143.0,"mean_c":37.55,"peak_c":37.6,"dose":135.1},"coolest":{"len_m":2143.0,"mean_c":37.55,"peak_c":37.6,"dose":135.1},"delta_mean_c":0.0,"delta_dose_pct":0,"distance_mi":1.033,"status_now":"walk","status_rec":"bus_eligible","reason":"Coolest route mean 37.5C exceeds threshold (110 C-min dose, actual 135).","safe_until_hour":"14:00"}},{"type":"Feature","geometry":{"type":"Polygon","coordinates":[[[-81.42584599971693,28.602148999915297],[-81.42587699967906,28.602068999964583],[-81.42553899957028,28.601921999876637],[-81.42536600021621,28.60182100004575],[-81.42524400001747,28.601736000323687],[-81.42511500014606,28.601627999872473],[-81.42501700023675,28.601528999887133],[-81.42492799965,28.601423000142034],[-81.42484999983218,28.60131099989337],[-81.42478200006012,28.601193999977916],[-81.42472500015872,28.60107299965866],[-81.42467999995287,28.600947999710566],[-81.42464700034091,28.60082100026091],[-81.42462600042451,28.600691999725026],[-81.4246180000286,28.600560999672968],[-81.42462200022655,28.6004420003511],[-81.42464099959481,28.600283000231595],[-81.42467699957982,28.600126000026428],[-81.42481999969495,28.599713999663653],[-81.42489800041106,28.599453000196547],[-81.42493199984796,28.599276000198124],[-81.42495500031248,28.599036999999107],[-81.42495500031248,28.59885799990983],[-81.4249360000459,28.598650000022374],[-81.4249000000609,28.598442999816726],[-81.4248570004032,28.59825600032055],[-81.4248439999844,28.59814399985142],[-81.42484700035743,28.597995000387353],[-81.42486700044894,28.59787200013068],[-81.42489300038821,28.597777000160953],[-81.42492799965,28.597684000306597],[-81.42499700014527,28.597550000142803],[-81.4250840001839,28.59742700015407],[-81.42514899958292,28.59735300038643],[-81.42525999991102,28.597252000107897],[-81.42538499958447,28.59716400031711],[-81.42555199998905,28.597075000346248],[-81.42537600026196,28.596790000384267],[-81.42530799959158,28.596710999618754],[-81.42522800012397,28.596641999899933],[-81.42508099981086,28.59654899983],[-81.42496399963501,28.596485999888564],[-81.42484200033458,28.596429999908892],[-81.42471500011297,28.596383000128302],[-81.42458500041663,28.59634300033202],[-81.42441600036223,28.59630600007309],[-81.4242599998283,28.596281999706367],[-81.42404999976601,28.596267999687022],[-81.4233860001423,28.596274000371604],[-81.42327499981421,28.59627200014345],[-81.42282000042786,28.596276999925028],[-81.42269099965812,28.596279000153082],[-81.4224289997173,28.59628100038111],[-81.42220399958639,28.59628299982035],[-81.42186999967555,28.596288999715274],[-81.42166700018429,28.596292000057016],[-81.4215840003436,28.596290999943097],[-81.42146600034282,28.596290999943097],[-81.42137299955809,28.596290999943097],[-81.4208450003768,28.596290999943097],[-81.42064500036025,28.596292000057016],[-81.4204930000243,28.59629300017091],[-81.42028600033507,28.59629499960992],[-81.42020000012133,28.59629699983763],[-81.41980299956299,28.596303999845546],[-81.41980699976097,28.596412000247128],[-81.41981199978382,28.596576999791893],[-81.41984399957087,28.597534000088288],[-81.41986500038558,28.598036999749514],[-81.41987899973097,28.598561999824742],[-81.41991800008904,28.59960500020678],[-81.41953399994948,28.59961199999437],[-81.41950100033752,28.599613000076662],[-81.41909100025869,28.599613000076662],[-81.41851200012546,28.59961899978153],[-81.41844500017831,28.599624000192616],[-81.41838400007894,28.599634000225265],[-81.41831299993383,28.59964799979616],[-81.41821800039759,28.599678999966127],[-81.41812899981082,28.59971699990755],[-81.41816499979582,28.59978499989305],[-81.41844400035339,28.60031699965236],[-81.4187690000434,28.600935999663573],[-81.42001500017342,28.600914999775153],[-81.42015699956532,28.60118600022832],[-81.4212970002884,28.601165999668734],[-81.42203799990503,28.601153000367653],[-81.42293800042863,28.60113800014082],[-81.4230339997898,28.60387700023147],[-81.42183500041376,28.6038899999842],[-81.42105000041622,28.603899999610945],[-81.42062199989573,28.60423599960679],[-81.42086100027032,28.604537999695562],[-81.42115099980025,28.604910999625464],[-81.42143200000763,28.605228999814006],[-81.42152599971895,28.60533599969078],[-81.42161000028287,28.605265000057432],[-81.4216689998341,28.60522199961191],[-81.42211700044608,28.604901000095],[-81.4222670002339,28.604793999775175],[-81.42231400008957,28.604761000258986],[-81.42255400028907,28.60458000038601],[-81.4226749997646,28.604498999884385],[-81.42295199977403,28.604294000234404],[-81.42301600024643,28.604249000103795],[-81.4232389998292,28.604094000382766],[-81.42377799977946,28.603703999971533],[-81.42389900015327,28.60362799980374],[-81.42406800020768,28.603537999741505],[-81.42421299997264,28.6034679997274],[-81.42475000027306,28.603210000264276],[-81.42491799960425,28.60313899998299],[-81.42505300022177,28.603082000344468],[-81.42530099991889,28.602953000218236],[-81.42535500034556,28.60291199971696],[-81.42540899987394,28.602859000160983],[-81.4254499998818,28.602820999778366],[-81.42554699996619,28.60271200038953],[-81.42560800006555,28.602631000025173],[-81.42564900007342,28.602565999677907],[-81.42584599971693,28.602148999915297]]]},"properties":{"block_id":"120950124021015","school_id":"sch_lake_weston_elementary","kids_est":4,"class":"red","shortest":{"len_m":2858.7,"mean_c":37.52,"peak_c":37.6,"dose":179.3},"coolest":{"len_m":2858.7,"mean_c":37.52,"peak_c":37.6,"dose":179.3},"delta_mean_c":0.0,"delta_dose_pct":0,"distance_mi":1.075,"status_now":"walk","status_rec":"bus_eligible","reason":"Coolest route mean 37.5C exceeds threshold (110 C-min dose, actual 179).","safe_until_hour":"13:00"}},{"type":"Feature","geometry":{"type":"Polygon","coordinates":[[[-81.4148530002765,28.618403000022653],[-81.41480899989557,28.616766000265663],[-81.4148110004437,28.61641399979565],[-81.4148110004437,28.616391999924286],[-81.41468099984905,28.61639800024809],[-81.41380100031525,28.61640199993809],[-81.412713000369,28.616405999627876],[-81.41142700005604,28.616409000183758],[-81.41071800022645,28.616412999873276],[-81.41071800022645,28.61645900023515],[-81.40963699995291,28.616481000092545],[-81.40952800017295,28.616482999935993],[-81.40925399963824,28.616489000254607],[-81.40897900017696,28.616493999862694],[-81.40870499964225,28.616500000180736],[-81.40682400020086,28.61653699963702],[-81.40669600015433,28.6165659997132],[-81.40562400010161,28.616815000228545],[-81.40561400005585,28.6151729997039],[-81.40167099962645,28.615272000238054],[-81.40168800024321,28.615462999929505],[-81.4017030003118,28.615635999750793],[-81.40172599987802,28.615897000022123],[-81.40175000016747,28.616169000394102],[-81.40169900011384,28.61619599993458],[-81.40148700040173,28.616306000239355],[-81.39965100026787,28.617261000014576],[-81.3995979996661,28.617288000062835],[-81.39926100028052,28.617462999856716],[-81.39903799979946,28.61651000018421],[-81.39825100015207,28.615974999841317],[-81.39807100022702,28.615853000058106],[-81.3980629998311,28.61546499979233],[-81.39768399971442,28.61554800037418],[-81.39747299982723,28.615595000256505],[-81.39742099994866,28.61556100025987],[-81.39736099967423,28.615539000209747],[-81.39729700010011,28.61553199990609],[-81.39682799957176,28.615535999629067],[-81.39485099987088,28.615555999818707],[-81.39471500032676,28.615557999679762],[-81.39419300009493,28.615560000329367],[-81.39419499974476,28.615713999763848],[-81.39419800011781,28.615965999713488],[-81.39425900021716,28.615966999640108],[-81.394304000423,28.615965999713488],[-81.39452299980783,28.61596499978684],[-81.39460499982357,28.61596499978684],[-81.39466799957276,28.615963999860202],[-81.39473000039537,28.615963999860202],[-81.39479200031964,28.615963999860202],[-81.39487599998522,28.615963999860202],[-81.39491699999311,28.615962999933558],[-81.39497899991738,28.615962000006935],[-81.39505300043555,28.615962000006935],[-81.39510399959087,28.615962000006935],[-81.39516600041345,28.61596100008026],[-81.39522900016264,28.61596100008026],[-81.39529100008694,28.61596100008026],[-81.3953530000112,28.615960000153574],[-81.39542699963107,28.615960000153574],[-81.39547799968467,28.615960000153574],[-81.39553999960896,28.61595900022689],[-81.39561400012713,28.61595900022689],[-81.39566500018074,28.61595800030018],[-81.39566600000566,28.61601300019736],[-81.39568000024936,28.616312999702888],[-81.39569100012002,28.616674999710604],[-81.39569199994492,28.61672099995771],[-81.39632700015464,28.616718000199345],[-81.39642099986598,28.616769000022604],[-81.3969509995954,28.616763999639023],[-81.39702000009068,28.61676500034665],[-81.39702699976338,28.616874000137432],[-81.39704299965689,28.617209999641666],[-81.39770200015607,28.617205999982502],[-81.39810600038712,28.617202000323125],[-81.3981120002349,28.61739500027338],[-81.3981199997325,28.617597999768844],[-81.3981680003114,28.61852100038862],[-81.39917699971662,28.618493999868807],[-81.39916500002104,28.61822199999886],[-81.39916400019615,28.618028000084465],[-81.39917400024189,28.61799100036493],[-81.39919900035625,28.61796000007841],[-81.39923399961802,28.617937999742274],[-81.3998799996984,28.617747999730454],[-81.40031599971648,28.617620000176142],[-81.40034900022678,28.61762700034062],[-81.40037400034113,28.617646000221463],[-81.40042399967153,28.617769000196937],[-81.40043000041763,28.61794599979339],[-81.4004360002654,28.61849599967391],[-81.40070900007689,28.618493999868807],[-81.40152800040963,28.618489000355947],[-81.401802000046,28.618487999664758],[-81.40193900031335,28.618486999762144],[-81.4023500002171,28.61848400005427],[-81.40248800030936,28.61848400005427],[-81.40248900013428,28.618085000287532],[-81.40248999995917,28.618045999985927],[-81.40250300037798,28.61801800022549],[-81.40253000014215,28.617997999716152],[-81.40256399957903,28.617989999668985],[-81.40311500012315,28.61798699994693],[-81.40338899975956,28.61798500013213],[-81.40350299956235,28.617993000179617],[-81.40353799972247,28.618008000365545],[-81.403561000187,28.618037000035585],[-81.40356600020988,28.618079999966607],[-81.40357100023273,28.61847899975229],[-81.40387800037941,28.618476999946868],[-81.40479999974599,28.618469999839057],[-81.40510799971756,28.618468999936265],[-81.40554899975852,28.618466000227897],[-81.4068710000565,28.618459000119284],[-81.40700599977572,28.61845800021644],[-81.4073129999224,28.618457000313533],[-81.40749600022049,28.61845599962204],[-81.40767899962027,28.618454999719116],[-81.40823600001221,28.618451000107306],[-81.40980500018239,28.618443000094718],[-81.41100699993146,28.618435999984644],[-81.41193099984619,28.618432000372184],[-81.41253099989581,28.618427999970923],[-81.41288900009609,28.618427000067722],[-81.4136149996441,28.618418000150037],[-81.41433000021976,28.618413999748306],[-81.4148530002765,28.618403000022653]]]},"properties":{"block_id":"120950152024003","school_id":"sch_lake_weston_elementary","kids_est":14,"class":"red","shortest":{"len_m":2156.5,"mean_c":37.6,"peak_c":37.6,"dose":137.3},"coolest":{"len_m":2157.7,"mean_c":37.6,"peak_c":37.6,"dose":137.2},"delta_mean_c":0.0,"delta_dose_pct":0,"distance_mi":0.54,"status_now":"walk","status_rec":"bus_eligible","reason":"Coolest route mean 37.6C exceeds threshold (110 C-min dose, actual 137).","safe_until_hour":"13:00"}},{"type":"Feature","geometry":{"type":"Polygon","coordinates":[[[-81.40789700007849,28.6124819996248],[-81.40789299988053,28.612430000125254],[-81.40788399965969,28.612266000200417],[-81.40787399961394,28.6118869997791],[-81.4078700003143,28.61170700032146],[-81.40759800032774,28.611710000222963],[-81.40678200036807,28.611720999860985],[-81.4066319996819,28.61172399976204],[-81.40657999980338,28.611739000054815],[-81.40652499955178,28.611777000366253],[-81.40650199998557,28.611806000179616],[-81.40648299971899,28.611852000193462],[-81.40648000024426,28.611876000158443],[-81.40648299971899,28.61194100026604],[-81.40650899965827,28.61247100006646],[-81.4065110002064,28.612504000315287],[-81.40650600018353,28.61264799991746],[-81.40677300014723,28.612643000126287],[-81.4075740000383,28.6126309998378],[-81.40773700024492,28.61262899992101],[-81.40778999994836,28.612614999713937],[-81.40783299960607,28.612590999917806],[-81.40785500024568,28.612570999952116],[-81.40788299983478,28.612529000090596],[-81.40789700007849,28.6124819996248]]]},"properties":{"block_id":"120950152023010","school_id":"sch_lake_weston_elementary","kids_est":2,"class":"red","shortest":{"len_m":1805.4,"mean_c":37.6,"peak_c":37.6,"dose":114.3},"coolest":{"len_m":1805.4,"mean_c":37.6,"peak_c":37.6,"dose":114.3},"delta_mean_c":0.0,"delta_dose_pct":0,"distance_mi":0.273,"status_now":"walk","status_rec":"bus_eligible","reason":"Coolest route mean 37.6C exceeds threshold (110 C-min dose, actual 114).","safe_until_hour":"14:00"}},{"type":"Feature","geometry":{"type":"Polygon","coordinates":[[[-81.41697499974232,28.597949999925397],[-81.41691399964294,28.59783300021158],[-81.41687600000813,28.59776100014099],[-81.41678499977152,28.59758800006536],[-81.41617300002633,28.596398000245166],[-81.41610199988123,28.59642400002202],[-81.41607799959178,28.596434000359146],[-81.41603999995695,28.596440000245522],[-81.41596499961388,28.596450999904764],[-81.41674100028891,28.597834999621302],[-81.41677700027392,28.59792399973736],[-81.41681599973366,28.59801900036297],[-81.41697499974232,28.597949999925397]]]},"properties":{"block_id":"120950124021027","school_id":"sch_lake_weston_elementary","kids_est":0,"class":"red","shortest":{"len_m":2289.6,"mean_c":37.54,"peak_c":37.6,"dose":144.1},"coolest":{"len_m":2289.9,"mean_c":37.54,"peak_c":37.6,"dose":144.0},"delta_mean_c":0.0,"delta_dose_pct":0,"distance_mi":1.069,"status_now":"walk","status_rec":"bus_eligible","reason":"Coolest route mean 37.5C exceeds threshold (110 C-min dose, actual 144).","safe_until_hour":"13:00"}},{"type":"Feature","geometry":{"type":"Polygon","coordinates":[[[-81.41490400033013,28.61050799971305],[-81.41509900032379,28.610173000042263],[-81.41439899981674,28.60960700015559],[-81.41323200022775,28.608665000134234],[-81.412741999783,28.608263000130496],[-81.41258399959925,28.608147000070943],[-81.4118470001806,28.607548000091118],[-81.41140899961437,28.607997999806543],[-81.41136699978156,28.608072999966083],[-81.41134199966721,28.608154000078144],[-81.41133599981943,28.60820900011873],[-81.41134900023823,28.609093999965808],[-81.41135099988804,28.609269999996556],[-81.41135799956074,28.6097989998821],[-81.41136099993378,28.609976000292544],[-81.41153400018615,28.609973000341512],[-81.41205499969473,28.609965999666887],[-81.412228999772,28.60996499968312],[-81.41222999959692,28.610132999974816],[-81.41223299996997,28.61063999995846],[-81.41223399979488,28.61080899993497],[-81.4122349996198,28.61092000033621],[-81.41223700016793,28.611132000272153],[-81.4122410003659,28.611253000047576],[-81.41224600038875,28.61136399997962],[-81.41242600031383,28.61136899983168],[-81.41250999997942,28.611371999742826],[-81.41255900038321,28.611385000145408],[-81.412601000216,28.61141100015705],[-81.41263200017814,28.61144699985929],[-81.41264899989658,28.6114890001534],[-81.41265300009454,28.611547999899916],[-81.41265499974436,28.611617000082653],[-81.41265999976723,28.611718999926875],[-81.41265999976723,28.61212999978001],[-81.41266999981296,28.612551999941736],[-81.41268599970651,28.612944999705714],[-81.4129810001576,28.61294699961649],[-81.41311300040208,28.61294699961649],[-81.41313799961812,28.612948000360475],[-81.41329599980186,28.612949000315837],[-81.41349800036656,28.612948000360475],[-81.413699000208,28.61294699961649],[-81.41391599994297,28.612943999750314],[-81.41456799987114,28.612936000106835],[-81.41478600032934,28.612934000195857],[-81.41477799993342,28.612602000252217],[-81.41475899966686,28.61160599964509],[-81.41475199999415,28.611275000206792],[-81.41475399964398,28.611189000274987],[-81.41480100039796,28.610770000085818],[-81.41490400033013,28.61050799971305]]]},"properties":{"block_id":"120950152022003","school_id":"sch_lake_weston_elementary","kids_est":2,"class":"green","shortest":{"len_m":654.0,"mean_c":37.6,"peak_c":37.6,"dose":41.4},"coolest":{"len_m":654.0,"mean_c":37.6,"peak_c":37.6,"dose":41.4},"delta_mean_c":0.0,"delta_dose_pct":0,"distance_mi":0.148,"status_now":"walk","status_rec":"walk","reason":"Shortest route already under threshold (dose 41).","safe_until_hour":null}},{"type":"Feature","geometry":{"type":"Polygon","coordinates":[[[-81.41894800014356,28.596271000029354],[-81.41889100024214,28.59623999964287],[-81.41875099960176,28.596249999997514],[-81.41871499961674,28.596313000080457],[-81.41849299985888,28.596624000274467],[-81.41801699965782,28.597249999898356],[-81.41781599981638,28.59751699992909],[-81.41798400004586,28.597429999674585],[-81.41818200041259,28.597254999633396],[-81.41837700040624,28.597063999963495],[-81.4185930003163,28.5967999998979],[-81.41894800014356,28.596271000029354]]]},"properties":{"block_id":"120950124021030","school_id":"sch_lake_weston_elementary","kids_est":0,"class":"red","shortest":{"len_m":2349.2,"mean_c":37.53,"peak_c":37.6,"dose":147.8},"coolest":{"len_m":2349.2,"mean_c":37.53,"peak_c":37.6,"dose":147.8},"delta_mean_c":0.0,"delta_dose_pct":0,"distance_mi":1.13,"status_now":"walk","status_rec":"bus_eligible","reason":"Coolest route mean 37.5C exceeds threshold (110 C-min dose, actual 148).","safe_until_hour":"13:00"}},{"type":"Feature","geometry":{"type":"Polygon","coordinates":[[[-81.41831299993383,28.596274000371604],[-81.41826000023039,28.596269999915254],[-81.41820199960576,28.596280000267114],[-81.41815599957498,28.59629300017091],[-81.41811799994016,28.596307000186854],[-81.41753200013424,28.596329999645654],[-81.41641200040094,28.596362000118845],[-81.41630299972267,28.596371999673185],[-81.4161999997905,28.596392999680596],[-81.41617300002633,28.596398000245166],[-81.41678499977152,28.59758800006536],[-81.41687600000813,28.59776100014099],[-81.41691399964294,28.59783300021158],[-81.41733799996548,28.597506999695014],[-81.41749500032434,28.597337000301916],[-81.41769000031799,28.59708100019596],[-81.41795700028167,28.596739000326167],[-81.41831299993383,28.596274000371604]]]},"properties":{"block_id":"120950124021028","school_id":"sch_lake_weston_elementary","kids_est":0,"class":"red","shortest":{"len_m":2320.9,"mean_c":37.54,"peak_c":37.6,"dose":146.0},"coolest":{"len_m":2321.2,"mean_c":37.54,"peak_c":37.6,"dose":145.9},"delta_mean_c":0.0,"delta_dose_pct":0,"distance_mi":1.101,"status_now":"walk","status_rec":"bus_eligible","reason":"Coolest route mean 37.5C exceeds threshold (110 C-min dose, actual 146).","safe_until_hour":"13:00"}},{"type":"Feature","geometry":{"type":"Polygon","coordinates":[[[-81.42524499984239,28.60922199965896],[-81.42567099981474,28.60872999986291],[-81.42436100011064,28.607889000267967],[-81.42416399956883,28.608168000091215],[-81.42393799961303,28.608887999824148],[-81.42363700021245,28.60881700022538],[-81.42349699957205,28.60921599971378],[-81.4217740003144,28.6090810000684],[-81.42179799970553,28.61013100001052],[-81.42180000025367,28.610182999859585],[-81.4218019999035,28.610235999664074],[-81.42180500027652,28.61028200036547],[-81.42180799975128,28.610317999666],[-81.42181299977413,28.610362000371612],[-81.42181600014719,28.610396999665017],[-81.42182299981988,28.61044700021269],[-81.42183799988851,28.610546999659427],[-81.42185399978203,28.610634000094326],[-81.42186300000286,28.610677999878856],[-81.4218019999035,28.61073300017516],[-81.42178099998709,28.61074999977337],[-81.42175000002496,28.610777999894314],[-81.42171200039013,28.61081299983775],[-81.42177500013932,28.610902000002042],[-81.42184999958407,28.611008999621152],[-81.42188899994213,28.61106399974413],[-81.42200299974493,28.611226000025013],[-81.4220770002631,28.611329000219726],[-81.422154000256,28.611436000192555],[-81.42224999961714,28.61138600011559],[-81.42296699984263,28.611002999778083],[-81.42353699975503,28.610700000158566],[-81.4238869995594,28.61049999988399],[-81.42407300023055,28.61038000000967],[-81.42424999978256,28.610252000150332],[-81.42441899983696,28.610115000294428],[-81.42461499965553,28.609937000134163],[-81.42479799995365,28.60974999980043],[-81.42500700019102,28.609517999682723],[-81.42514299973514,28.6093480000055],[-81.42524499984239,28.60922199965896]]]},"properties":{"block_id":"120950152022029","school_id":"sch_lake_weston_elementary","kids_est":0,"class":"red","shortest":{"len_m":3085.7,"mean_c":37.61,"peak_c":37.7,"dose":196.9},"coolest":{"len_m":3085.7,"mean_c":37.61,"peak_c":37.7,"dose":196.9},"delta_mean_c":0.0,"delta_dose_pct":0,"distance_mi":0.735,"status_now":"walk","status_rec":"bus_eligible","reason":"Coolest route mean 37.6C exceeds threshold (110 C-min dose, actual 197).","safe_until_hour":"12:00"}},{"type":"Feature","geometry":{"type":"Polygon","coordinates":[[[-81.41798999989365,28.603103999848884],[-81.41797200035029,28.603028000035753],[-81.41791799992363,28.60280000026666],[-81.41790000038029,28.60272500028639],[-81.41789299980927,28.60269899970235],[-81.41787500026591,28.602621000277736],[-81.41786900041812,28.602594999667957],[-81.41774600039449,28.602594999667957],[-81.41765099995992,28.602594999667957],[-81.41768000027224,28.602741000339265],[-81.41777200033376,28.603102999799823],[-81.41798999989365,28.603103999848884]]]},"properties":{"block_id":"120950152022014","school_id":"sch_lake_weston_elementary","kids_est":0,"class":"green","shortest":{"len_m":1515.5,"mean_c":37.57,"peak_c":37.6,"dose":95.8},"coolest":{"len_m":1515.5,"mean_c":37.57,"peak_c":37.6,"dose":95.8},"delta_mean_c":0.0,"delta_dose_pct":0,"distance_mi":0.739,"status_now":"walk","status_rec":"walk","reason":"Shortest route already under threshold (dose 96).","safe_until_hour":null}},{"type":"Feature","geometry":{"type":"Polygon","coordinates":[[[-81.41610199988123,28.59642400002202],[-81.41617300002633,28.596398000245166],[-81.4155500004105,28.595200000154794],[-81.41552299974799,28.59514499961475],[-81.41545599980084,28.59501299962106],[-81.41543300023463,28.59501599999915],[-81.41536399973933,28.595029000059352],[-81.41523999989077,28.59505699963735],[-81.41532299973146,28.595200000154794],[-81.41551000022753,28.595576999797697],[-81.41557600034976,28.595704000063318],[-81.41560800013681,28.59576500023573],[-81.41596499961388,28.596450999904764],[-81.41603999995695,28.596440000245522],[-81.41607799959178,28.596434000359146],[-81.41610199988123,28.59642400002202]]]},"properties":{"block_id":"120950124031000","school_id":"sch_lake_weston_elementary","kids_est":0,"class":"red","shortest":{"len_m":2426.7,"mean_c":37.53,"peak_c":37.6,"dose":152.5},"coolest":{"len_m":2427.0,"mean_c":37.53,"peak_c":37.6,"dose":152.4},"delta_mean_c":0.0,"delta_dose_pct":0,"distance_mi":1.153,"status_now":"walk","status_rec":"bus_eligible","reason":"Coolest route mean 37.5C exceeds threshold (110 C-min dose, actual 152).","safe_until_hour":"13:00"}},{"type":"Feature","geometry":{"type":"Polygon","coordinates":[[[-81.41489500010928,28.623763999915408],[-81.41489500010928,28.623509000190957],[-81.41489199973623,28.62296299998748],[-81.41487300036798,28.622157000129835],[-81.41486599979697,28.62163300034713],[-81.41447199961166,28.621636999837737],[-81.41442999977887,28.621637999710355],[-81.41297199993676,28.621640000244135],[-81.41247300016948,28.62164199998927],[-81.4124739999944,28.621718999612053],[-81.41246999979644,28.621747999834234],[-81.41245599955273,28.62177500030579],[-81.41241999956772,28.621807000125575],[-81.41237199988714,28.62182199976673],[-81.41200700001416,28.621827999780265],[-81.41195199976258,28.621827999780265],[-81.41135799956074,28.62183899993561],[-81.41131800027608,28.621834999664202],[-81.41126100037468,28.62181800028317],[-81.41122200001661,28.621789999951506],[-81.41119400042753,28.621753999852004],[-81.41117900035891,28.62171199972038],[-81.41117299961282,28.62127700012852],[-81.41117799963567,28.621257000239936],[-81.41119699990226,28.621220000081067],[-81.41122600021458,28.621188999959283],[-81.41126399984941,28.621165999634076],[-81.41130800023033,28.621154000319553],[-81.41180799982253,28.62114700039016],[-81.41246300012374,28.621138999794486],[-81.41246099957561,28.62100199994624],[-81.41245499972781,28.62059299988263],[-81.41245399990291,28.620456999994417],[-81.41188300016559,28.620457999878266],[-81.41176400033991,28.62045899976213],[-81.41132099975081,28.620465999737334],[-81.41127499972006,28.620456999994417],[-81.41123200006236,28.62043799983362],[-81.41119799972718,28.62040900003818],[-81.41117299961282,28.620373000253743],[-81.41116099991726,28.620332000243252],[-81.41115400024455,28.61995999976285],[-81.41115500006944,28.619627000059058],[-81.41114500002371,28.619181999966703],[-81.41114599984863,28.61907599989691],[-81.41116599994011,28.619037999860755],[-81.41119699990226,28.619005000087945],[-81.41123600026032,28.618981000174998],[-81.41124600030606,28.61897699979464],[-81.41128099956784,28.618967000026043],[-81.4113890004212,28.618962999645223],[-81.41193400021923,28.618961999747125],[-81.41193300039431,28.618856000243877],[-81.41193099984619,28.618536999612715],[-81.41193099984619,28.618432000372184],[-81.41100699993146,28.618435999984644],[-81.40980500018239,28.618443000094718],[-81.40823600001221,28.618451000107306],[-81.40767899962027,28.618454999719116],[-81.40749600022049,28.61845599962204],[-81.4073129999224,28.618457000313533],[-81.40700599977572,28.61845800021644],[-81.40700999997368,28.618568999630806],[-81.40707699992083,28.61990700013403],[-81.40711499955566,28.62067899999939],[-81.40711899975362,28.620752999896748],[-81.40646799965037,28.620757000209373],[-81.40653100029787,28.622026999904012],[-81.41078799964835,28.62201400003024],[-81.41079100002139,28.622281000207398],[-81.41079299967122,28.622459999813042],[-81.41080400044018,28.623355000360416],[-81.41081500031083,28.624221999903085],[-81.41094699965699,28.62421699987444],[-81.41098400036523,28.624195000060848],[-81.41099699988573,28.624063000293894],[-81.41104100026665,28.62400199999314],[-81.41103200004581,28.623932000211827],[-81.41102799984786,28.623891999865215],[-81.41099100003794,28.623781999622103],[-81.41096099990071,28.62374399971204],[-81.41090999984708,28.62367799996009],[-81.41087899988494,28.623506999692797],[-81.41087899988494,28.623488999938964],[-81.41087899988494,28.623264999853067],[-81.41089099958049,28.623071999652733],[-81.410954000228,28.622973000164066],[-81.41105299996222,28.6228909997921],[-81.4111719997879,28.622934999961174],[-81.41127200024533,28.62291299987894],[-81.41127499972006,28.62290199983606],[-81.41128999978866,28.622862999746534],[-81.41131499990303,28.622851999698476],[-81.41143399972871,28.62283000038735],[-81.41159000026263,28.622626999967334],[-81.411615000377,28.622528000059003],[-81.41170800026342,28.622445000263095],[-81.41172699963168,28.62239599977322],[-81.41173900022555,28.62229699964711],[-81.41200100016638,28.62225800012139],[-81.41223200014505,28.622280000340886],[-81.41233199970416,28.622406999869103],[-81.41239399962846,28.622429000057377],[-81.41245700027596,28.622434000171182],[-81.41256900042895,28.622384999676225],[-81.41256900042895,28.622323999977535],[-81.41263700020102,28.622323999977535],[-81.41263700020102,28.622400999888658],[-81.41268099968363,28.622445000263095],[-81.41282499962367,28.622472999631587],[-81.41289300029405,28.622528000059003],[-81.41297399958658,28.622578000350945],[-81.41305499977744,28.622649000109504],[-81.41317399960313,28.622836000343277],[-81.41319200004479,28.622879999746917],[-81.4132919996039,28.623121999685537],[-81.41329800035,28.623358999785363],[-81.41317399960313,28.623745000353143],[-81.41353799965121,28.623752000109274],[-81.41401899987513,28.623762000210643],[-81.41421800006677,28.623764999767783],[-81.41463200034354,28.623763999915408],[-81.41489500010928,28.623763999915408]]]},"properties":{"block_id":"120950152041023","school_id":"sch_lake_weston_elementary","kids_est":5,"class":"green","shortest":{"len_m":1464.8,"mean_c":37.6,"peak_c":37.6,"dose":93.0},"coolest":{"len_m":1466.0,"mean_c":37.6,"peak_c":37.6,"dose":92.9},"delta_mean_c":0.0,"delta_dose_pct":0,"distance_mi":0.605,"status_now":"walk","status_rec":"walk","reason":"Shortest route already under threshold (dose 93).","safe_until_hour":null}},{"type":"Feature","geometry":{"type":"Polygon","coordinates":[[[-81.41207200031148,28.60014900022692],[-81.41206700028862,28.600087000155124],[-81.4120530000449,28.599380000362526],[-81.4120370001514,28.59921200022782],[-81.4118189996932,28.599221000213696],[-81.41179500030205,28.5992310002847],[-81.41176699981465,28.59925600006375],[-81.41175500011907,28.5992889997314],[-81.41176099996687,28.59932300026243],[-81.41176799963957,28.59945699974303],[-81.41176799963957,28.59970399963855],[-81.4117779996853,28.599989999664096],[-81.41177299966245,28.600025000046752],[-81.41177000018769,28.600050999715],[-81.41175199974604,28.60011099965292],[-81.41168700034703,28.60021800000935],[-81.41207200031148,28.60014900022692]]]},"properties":{"block_id":"120950125001013","school_id":"sch_lake_weston_elementary","kids_est":0,"class":"red","shortest":{"len_m":2312.1,"mean_c":37.6,"peak_c":37.6,"dose":146.6},"coolest":{"len_m":2312.1,"mean_c":37.6,"peak_c":37.6,"dose":146.6},"delta_mean_c":0.0,"delta_dose_pct":0,"distance_mi":0.854,"status_now":"walk","status_rec":"bus_eligible","reason":"Coolest route mean 37.6C exceeds threshold (110 C-min dose, actual 147).","safe_until_hour":"13:00"}},{"type":"Feature","geometry":{"type":"Polygon","coordinates":[[[-81.42724900020576,28.60740599982289],[-81.42720700037297,28.607005999757103],[-81.42718999975622,28.60683299991739],[-81.42715700014425,28.60673100006075],[-81.42712399963398,28.60666599988391],[-81.42705699968683,28.60657800009008],[-81.42700200033354,28.606525000017328],[-81.42685400019555,28.606434000053316],[-81.42649000014747,28.60622200010007],[-81.42643200042117,28.60618500016482],[-81.42621499978786,28.606048999758023],[-81.42615200003867,28.60601299978324],[-81.42608900028948,28.60597699979606],[-81.42599700022798,28.60599700022862],[-81.42588300042517,28.606009999719042],[-81.42576700007422,28.606007999676198],[-81.42516899967441,28.605937999730397],[-81.42511699979588,28.605922000164366],[-81.42508900020678,28.60583699981651],[-81.42504599965076,28.605678999998563],[-81.42501899988657,28.605685000145773],[-81.42497500040396,28.605689000243657],[-81.42464800016582,28.60567299985109],[-81.42441999966188,28.60566499965381],[-81.42405300013907,28.60565100009588],[-81.42402300000184,28.60565800026945],[-81.423985000367,28.605678999998563],[-81.42395900042774,28.605712000015107],[-81.42393500013829,28.60579799969884],[-81.42393500013829,28.605847000046566],[-81.4239510000318,28.605894000326426],[-81.42399000038986,28.605942999840707],[-81.42395799970451,28.606207999827685],[-81.42389900015327,28.606377999854285],[-81.42382700018327,28.606502999651923],[-81.42370800035756,28.60664799960947],[-81.42357799976291,28.606787000071606],[-81.42356000021957,28.60680600033609],[-81.42347400000584,28.606915000209717],[-81.42342700015017,28.606975000171495],[-81.42420200010199,28.607540000036686],[-81.42426800022422,28.607583000322137],[-81.42447900011142,28.60772200033587],[-81.42543999983607,28.608355000086572],[-81.42578100031791,28.608584999624444],[-81.4257879999906,28.608576999648978],[-81.425885000075,28.608470999916438],[-81.42593799977843,28.608414000016044],[-81.42600999974846,28.60833600010226],[-81.42621499978786,28.608104000016347],[-81.42633399961356,28.607955999693864],[-81.42647699972869,28.607778999823058],[-81.4264840002997,28.60776999978157],[-81.42655600026971,28.607694000189007],[-81.42660099957725,28.60765399996631],[-81.42663699956226,28.607623999789304],[-81.42672600014903,28.60756300019157],[-81.42682200040849,28.607509999827133],[-81.42692399961743,28.607467000300407],[-81.42707400030358,28.607432000030723],[-81.42708500017424,28.607430000014954],[-81.42724900020576,28.60740599982289]]]},"properties":{"block_id":"120950124023007","school_id":"sch_lake_weston_elementary","kids_est":48,"class":"red","shortest":{"len_m":3549.5,"mean_c":37.6,"peak_c":37.7,"dose":226.5},"coolest":{"len_m":3549.5,"mean_c":37.6,"peak_c":37.7,"dose":226.5},"delta_mean_c":0.0,"delta_dose_pct":0,"distance_mi":0.904,"status_now":"walk","status_rec":"bus_eligible","reason":"Coolest route mean 37.6C exceeds threshold (110 C-min dose, actual 226).","safe_until_hour":"11:00"}},{"type":"Feature","geometry":{"type":"Polygon","coordinates":[[[-81.42160699990983,28.610903999951706],[-81.42167600040511,28.610843999868077],[-81.41945899960639,28.607707000258102],[-81.41932399988718,28.607487999667928],[-81.41917599974917,28.60721399966589],[-81.41910499960407,28.60705300030713],[-81.41902599996136,28.6068319999038],[-81.41892100037937,28.606447000278347],[-81.41870299992117,28.605534000281022],[-81.41868000035495,28.605461999966167],[-81.4186350001491,28.60535600024537],[-81.41857499987466,28.605255999800576],[-81.41846799974454,28.60511699967882],[-81.41857900007261,28.60573599980559],[-81.4185930003163,28.606089999823794],[-81.41858400009549,28.606258000003244],[-81.4185509995852,28.606645000352067],[-81.41873800008126,28.606747000292206],[-81.41882599994481,28.606816999699028],[-81.41887699999845,28.60689599996497],[-81.41890499958753,28.60697100012251],[-81.41892899987698,28.607063999644154],[-81.41896499986198,28.608458999939977],[-81.41896900005995,28.608630000263773],[-81.4189809997555,28.609143000353534],[-81.41898599977839,28.609314000352494],[-81.41899199962616,28.609599000257973],[-81.41901099989275,28.610454000066692],[-81.41901500009071,28.61060499995733],[-81.41901599991563,28.61074000001005],[-81.41907700001498,28.610738000057307],[-81.41912600041879,28.610737000080903],[-81.41913999976418,28.61087099998884],[-81.41914700033517,28.610933000006096],[-81.41967200004174,28.610926000184012],[-81.42043199992494,28.61091800038685],[-81.42124899970953,28.610907999850873],[-81.42160699990983,28.610903999951706]]]},"properties":{"block_id":"120950152022031","school_id":"sch_lake_weston_elementary","kids_est":0,"class":"green","shortest":{"len_m":1259.2,"mean_c":37.58,"peak_c":37.6,"dose":79.6},"coolest":{"len_m":1259.2,"mean_c":37.58,"peak_c":37.6,"dose":79.6},"delta_mean_c":0.0,"delta_dose_pct":0,"distance_mi":0.53,"status_now":"walk","status_rec":"walk","reason":"Shortest route already under threshold (dose 80).","safe_until_hour":null}},{"type":"Feature","geometry":{"type":"Polygon","coordinates":[[[-81.42416399956883,28.608168000091215],[-81.42436100011064,28.607889000267967],[-81.42415799972106,28.607758999729814],[-81.42330499995143,28.607126000331093],[-81.42228300012744,28.60630900017358],[-81.42139900039567,28.605454999779607],[-81.42098199974585,28.60499399987165],[-81.42048299997855,28.60439900020123],[-81.42023899958109,28.60405300032678],[-81.41990200019549,28.603623000371897],[-81.41942699981935,28.602898999843227],[-81.41905299972554,28.602266999613178],[-81.41866500028634,28.601556000035785],[-81.4186429996467,28.601513999713912],[-81.41816700034396,28.600628999900977],[-81.41808899962784,28.600489999967806],[-81.41775700026514,28.59987099969562],[-81.41726099997258,28.59889999971584],[-81.41722699963739,28.599096999727255],[-81.41721499994183,28.599269999685013],[-81.41724400025414,28.599339000044576],[-81.417317999874,28.59954399989698],[-81.4173399996153,28.599620999945998],[-81.4174090001106,28.599854999994466],[-81.41744300044577,28.599993999978835],[-81.41767400042447,28.600968000311642],[-81.4183670003605,28.60389200006736],[-81.4185990001641,28.604866999791405],[-81.41891800000631,28.606211999905714],[-81.41898800032652,28.606506999718718],[-81.41905600009859,28.606750000335346],[-81.41911600037304,28.60693499967499],[-81.41919900021372,28.60713899968183],[-81.41929700012301,28.607337000028693],[-81.419401999705,28.607519999897935],[-81.41954499982013,28.607742999652423],[-81.42096000000453,28.60975199977198],[-81.42097500007316,28.609773000260038],[-81.42129100044063,28.610215000057224],[-81.42171200039013,28.61081299983775],[-81.42175000002496,28.610777999894314],[-81.42178099998709,28.61074999977337],[-81.4218019999035,28.61073300017516],[-81.42186300000286,28.610677999878856],[-81.42185399978203,28.610634000094326],[-81.42183799988851,28.610546999659427],[-81.42182299981988,28.61044700021269],[-81.42181600014719,28.610396999665017],[-81.42181299977413,28.610362000371612],[-81.42180799975128,28.610317999666],[-81.42180500027652,28.61028200036547],[-81.4218019999035,28.610235999664074],[-81.42180000025367,28.610182999859585],[-81.42179799970553,28.61013100001052],[-81.4217740003144,28.6090810000684],[-81.42349699957205,28.60921599971378],[-81.42363700021245,28.60881700022538],[-81.42393799961303,28.608887999824148],[-81.42416399956883,28.608168000091215]]]},"properties":{"block_id":"120950152022035","school_id":"sch_lake_weston_elementary","kids_est":0,"class":"red","shortest":{"len_m":3079.7,"mean_c":37.53,"peak_c":37.6,"dose":193.8},"coolest":{"len_m":3079.7,"mean_c":37.53,"peak_c":37.6,"dose":193.8},"delta_mean_c":0.0,"delta_dose_pct":0,"distance_mi":0.68,"status_now":"walk","status_rec":"bus_eligible","reason":"Coolest route mean 37.5C exceeds threshold (110 C-min dose, actual 194).","safe_until_hour":"12:00"}},{"type":"Feature","geometry":{"type":"Polygon","coordinates":[[[-81.4191189998478,28.613426000016208],[-81.41925000026734,28.613223000342327],[-81.4191189998478,28.613152999684033],[-81.41904500022792,28.613119999639117],[-81.41891899983123,28.61305400030685],[-81.41882199974687,28.61299699973892],[-81.41879199960962,28.613023000140156],[-81.41853399986677,28.613240000326225],[-81.41760499992917,28.614002000070112],[-81.41743599987477,28.614134999811625],[-81.4173039996303,28.614246999795363],[-81.41727500021629,28.614268000173347],[-81.41724400025414,28.61428699987328],[-81.41721199956878,28.614303999684907],[-81.41717899995682,28.614320000340136],[-81.41707400037484,28.61435499989192],[-81.41696300004675,28.614372999634327],[-81.41658899995294,28.614380000015245],[-81.41497600030013,28.61439799975338],[-81.41499399984349,28.61573299999081],[-81.41503200037664,28.618401000215783],[-81.41553500034189,28.618401000215783],[-81.41665800044824,28.618421999763093],[-81.41696200022186,28.618424000358146],[-81.41709299974309,28.618417000246748],[-81.41728799973676,28.61839200029586],[-81.41747900043079,28.618349999607943],[-81.41767199987632,28.618289999835266],[-81.41780599977062,28.618238999962095],[-81.41799900011448,28.61814799989496],[-81.41818099968935,28.618042000358543],[-81.41829899969012,28.617960999986046],[-81.41846500026979,28.617823999934185],[-81.41856700037705,28.61772500022867],[-81.41866100008838,28.617619000265258],[-81.41878699958677,28.617451000119026],[-81.41886100010493,28.61733100030057],[-81.41892499967902,28.61720699989732],[-81.4189790001057,28.61708000038815],[-81.4190219997634,28.61694900026785],[-81.41906600014433,28.616756000286514],[-81.41908700006074,28.61658599970674],[-81.41909299990851,28.61645700039127],[-81.41908000038802,28.615418999783664],[-81.41907899966482,28.615374999619384],[-81.41906100012146,28.613619999757326],[-81.41907500036517,28.613534000168322],[-81.4191189998478,28.613426000016208]]]},"properties":{"block_id":"120950151041020","school_id":"sch_lake_weston_elementary","kids_est":2,"class":"green","shortest":{"len_m":1397.5,"mean_c":37.55,"peak_c":37.6,"dose":88.4},"coolest":{"len_m":1397.5,"mean_c":37.55,"peak_c":37.6,"dose":88.4},"delta_mean_c":0.0,"delta_dose_pct":0,"distance_mi":0.426,"status_now":"walk","status_rec":"walk","reason":"Shortest route already under threshold (dose 88).","safe_until_hour":null}},{"type":"Feature","geometry":{"type":"Polygon","coordinates":[[[-81.41140899961437,28.607997999806543],[-81.4118470001806,28.607548000091118],[-81.41123200006236,28.60705200029565],[-81.41108200027452,28.606930999624545],[-81.41063299983763,28.606567999929613],[-81.41048399987473,28.60644800029559],[-81.41037300044496,28.60635800028293],[-81.41034300030772,28.60633399984598],[-81.41026299994179,28.60626800019323],[-81.41009100041266,28.606468999866806],[-81.41006200010033,28.60651699988501],[-81.41003100013819,28.606593000328985],[-81.41001500024468,28.606672999989847],[-81.41001400041976,28.607078999813723],[-81.40999900035114,28.60718100012115],[-81.40998400028253,28.60723099983365],[-81.40993900007669,28.607325999931593],[-81.40990899993946,28.607370000313104],[-81.40983600014452,28.607450000170903],[-81.40974699955774,28.60751699987678],[-81.40946799989848,28.607661000006374],[-81.4091299997897,28.607848000115624],[-81.40908700013198,28.607881000239516],[-81.40901400033705,28.607955999693864],[-81.40898400019982,28.607997999806543],[-81.40893800016907,28.608088999993143],[-81.40892399992538,28.60813200005387],[-81.40890899985676,28.60823600012805],[-81.40890999968167,28.608839000106194],[-81.40908499958385,28.608841000095083],[-81.40917099979758,28.608855000016593],[-81.40925399963824,28.60887999987177],[-81.40933200035437,28.608915999652776],[-81.40938699970765,28.60895100021662],[-81.40954400006648,28.609050000306375],[-81.40963100010511,28.60908900000547],[-81.40972599964134,28.60911099982933],[-81.40982299972573,28.60911699978046],[-81.41084799992281,28.60910099990996],[-81.41134900023823,28.609093999965808],[-81.41133599981943,28.60820900011873],[-81.41134199966721,28.608154000078144],[-81.41136699978156,28.608072999966083],[-81.41140899961437,28.607997999806543]]]},"properties":{"block_id":"120950152022005","school_id":"sch_lake_weston_elementary","kids_est":5,"class":"green","shortest":{"len_m":1251.4,"mean_c":37.6,"peak_c":37.6,"dose":79.2},"coolest":{"len_m":1251.4,"mean_c":37.6,"peak_c":37.6,"dose":79.2},"delta_mean_c":0.0,"delta_dose_pct":0,"distance_mi":0.315,"status_now":"walk","status_rec":"walk","reason":"Shortest route already under threshold (dose 79).","safe_until_hour":null}},{"type":"Feature","geometry":{"type":"Polygon","coordinates":[[[-81.40699499990507,28.609841000046586],[-81.40699400008018,28.609784000100912],[-81.40699400008018,28.609509999778325],[-81.40688100010225,28.60948000013135],[-81.40680900013224,28.60947000024712],[-81.40679499988852,28.609469000258642],[-81.40657999980338,28.609450999675754],[-81.40624199969457,28.609450999675754],[-81.406053000447,28.609450999675754],[-81.40490199985324,28.60945800038478],[-81.4037589996554,28.609469000258642],[-81.40347900017123,28.609472000224],[-81.40349000004188,28.610167000151396],[-81.40351299960811,28.610300000017318],[-81.40410099996215,28.610290000211076],[-81.40481900001257,28.61028500030767],[-81.40521700039584,28.610281000384713],[-81.40533500039659,28.610281000384713],[-81.40577200023961,28.61028500030767],[-81.40581200042257,28.61028800024978],[-81.40585099988232,28.610296000094934],[-81.40588799969225,28.61030999982253],[-81.40592100020251,28.61032900023846],[-81.40595100033975,28.610351999782697],[-81.40597599955579,28.61038000000967],[-81.40599499982237,28.61041000018827],[-81.40600900006606,28.610443000295966],[-81.40601599973877,28.61047800035104],[-81.40601900011181,28.610699000181793],[-81.40602800033264,28.610734000151613],[-81.40604300040125,28.610768000133643],[-81.40606400031766,28.610799000177252],[-81.40609100008183,28.610826000309515],[-81.40612200004396,28.61084999972028],[-81.40615700020409,28.610869000038527],[-81.4061949998389,28.610882999689764],[-81.40623599984679,28.610891000278237],[-81.40627699985465,28.610894000202983],[-81.40647699987122,28.610890000303282],[-81.40699400008018,28.610882999689764],[-81.40699200043034,28.610607999890284],[-81.4069909997071,28.610108999611654],[-81.40699499990507,28.609841000046586]]]},"properties":{"block_id":"120950152021010","school_id":"sch_lake_weston_elementary","kids_est":2,"class":"red","shortest":{"len_m":2046.9,"mean_c":37.59,"peak_c":37.6,"dose":129.6},"coolest":{"len_m":2046.9,"mean_c":37.59,"peak_c":37.6,"dose":129.6},"delta_mean_c":0.0,"delta_dose_pct":0,"distance_mi":0.406,"status_now":"walk","status_rec":"bus_eligible","reason":"Coolest route mean 37.6C exceeds threshold (110 C-min dose, actual 130).","safe_until_hour":"14:00"}},{"type":"Feature","geometry":{"type":"Polygon","coordinates":[[[-81.41982900040057,28.612672999658546],[-81.41971600042267,28.61251499987018],[-81.4196419999045,28.612411000089367],[-81.41938400016164,28.612037000011565],[-81.41937199956777,28.612018999868816],[-81.41927700003153,28.611876000158443],[-81.41916400005363,28.61170700032146],[-81.41915700038092,28.61169599989333],[-81.41911100035017,28.61160599964509],[-81.41905899957331,28.611465000100065],[-81.41902799961117,28.611318999722887],[-81.41901900028867,28.611220000194336],[-81.41901799956544,28.611123999702038],[-81.41901699974052,28.610921000310885],[-81.41901599991563,28.61088399966478],[-81.41901599991563,28.610775999942245],[-81.41901599991563,28.61074000001005],[-81.41844199980525,28.610738000057307],[-81.41753899980694,28.61073500012804],[-81.41692500041192,28.61074099998642],[-81.4169379999324,28.61146000025252],[-81.41693399973444,28.611522999891065],[-81.41692500041192,28.611591000121937],[-81.41691899966582,28.61162899969836],[-81.41702599979594,28.611713000124315],[-81.41706699980384,28.611744999855837],[-81.41752299991342,28.612097000202294],[-81.41768899959477,28.612225000179187],[-81.41794600041104,28.612421999654003],[-81.41817200036684,28.612589000000263],[-81.41835099956867,28.612709999674443],[-81.41864900039282,28.612896000303007],[-81.41882199974687,28.61299699973892],[-81.41891899983123,28.61305400030685],[-81.41904500022792,28.613119999639117],[-81.4191189998478,28.613152999684033],[-81.41925000026734,28.613223000342327],[-81.41933800013089,28.613108000193748],[-81.41934599962849,28.613097999866277],[-81.41945299975862,28.61297999971575],[-81.41956900010958,28.612868999914223],[-81.41970600037693,28.612758999952554],[-81.41982900040057,28.612672999658546]]]},"properties":{"block_id":"120950152022019","school_id":"sch_lake_weston_elementary","kids_est":0,"class":"green","shortest":{"len_m":797.8,"mean_c":37.58,"peak_c":37.6,"dose":50.6},"coolest":{"len_m":797.8,"mean_c":37.58,"peak_c":37.6,"dose":50.6},"delta_mean_c":0.0,"delta_dose_pct":0,"distance_mi":0.405,"status_now":"walk","status_rec":"walk","reason":"Shortest route already under threshold (dose 51).","safe_until_hour":null}},{"type":"Feature","geometry":{"type":"Polygon","coordinates":[[[-81.4133200000913,28.60581800016547],[-81.41331800044149,28.60570999996664],[-81.41331500006845,28.605385000253982],[-81.41331400024353,28.605277999638442],[-81.41331300041861,28.605223999669715],[-81.4133119996954,28.60506200038555],[-81.4133119996954,28.605008000305823],[-81.41331099987049,28.604977000130617],[-81.41331000004557,28.60488500037105],[-81.41331000004557,28.604855000191954],[-81.41312799957238,28.60485600022436],[-81.41258399959925,28.60486299966223],[-81.41240299984929,28.6048659997591],[-81.41240299984929,28.604893999871],[-81.41240299984929,28.604980000224305],[-81.4124039996742,28.605009000336768],[-81.4124039996742,28.60506200038555],[-81.4124039996742,28.60522299964082],[-81.41240500039743,28.60527699961004],[-81.41240500039743,28.605383000199243],[-81.41240700004725,28.605538999621942],[-81.41240500039743,28.605700999747846],[-81.4124039996742,28.605807999932665],[-81.41245399990291,28.605807999932665],[-81.41260399969073,28.605807999932665],[-81.41265399991946,28.605807999932665],[-81.41278699998884,28.605805999885977],[-81.41297799978454,28.605804999862617],[-81.413186000197,28.605812000025857],[-81.4133200000913,28.60581800016547]]]},"properties":{"block_id":"120950152022042","school_id":"sch_lake_weston_elementary","kids_est":5,"class":"green","shortest":{"len_m":1190.1,"mean_c":37.6,"peak_c":37.6,"dose":75.5},"coolest":{"len_m":1190.1,"mean_c":37.6,"peak_c":37.6,"dose":75.5},"delta_mean_c":0.0,"delta_dose_pct":0,"distance_mi":0.473,"status_now":"walk","status_rec":"walk","reason":"Shortest route already under threshold (dose 76).","safe_until_hour":null}},{"type":"Feature","geometry":{"type":"Polygon","coordinates":[[[-81.41240700004725,28.605538999621942],[-81.41240500039743,28.605383000199243],[-81.41240500039743,28.60527699961004],[-81.4124039996742,28.60522299964082],[-81.4124039996742,28.60506200038555],[-81.4124039996742,28.605009000336768],[-81.41240299984929,28.604980000224305],[-81.41240299984929,28.604893999871],[-81.41240299984929,28.6048659997591],[-81.41222200009932,28.6048659997591],[-81.41213199968763,28.6048659997591],[-81.41168200032415,28.604872999984984],[-81.4115020003991,28.60487600008163],[-81.4115020003991,28.604902000126913],[-81.41150400004892,28.60498300031791],[-81.41150499987384,28.605010000367713],[-81.41150599969873,28.60506599971854],[-81.41150900007179,28.605234999986912],[-81.4115099998967,28.605292000034755],[-81.41151200044483,28.605395999765634],[-81.41151800029262,28.60570999996664],[-81.41151999994244,28.605815000095713],[-81.41169599966953,28.60580999997926],[-81.4119030002571,28.605805999885977],[-81.41222700012219,28.605806999909326],[-81.4124039996742,28.605807999932665],[-81.41240500039743,28.605700999747846],[-81.41240700004725,28.605538999621942]]]},"properties":{"block_id":"120950152022041","school_id":"sch_lake_weston_elementary","kids_est":0,"class":"green","shortest":{"len_m":1217.5,"mean_c":37.6,"peak_c":37.6,"dose":77.2},"coolest":{"len_m":1217.5,"mean_c":37.6,"peak_c":37.6,"dose":77.2},"delta_mean_c":0.0,"delta_dose_pct":0,"distance_mi":0.467,"status_now":"walk","status_rec":"walk","reason":"Shortest route already under threshold (dose 77).","safe_until_hour":null}},{"type":"Feature","geometry":{"type":"Polygon","coordinates":[[[-81.41254900033746,28.599074000085256],[-81.41254699978933,28.599014000343967],[-81.41254500013952,28.598904000072025],[-81.41252900024598,28.59885400034056],[-81.41252000002515,28.598838999785556],[-81.41250199958348,28.59880900024643],[-81.41248599968996,28.598791000203356],[-81.41244700023023,28.598748000263324],[-81.41241600026807,28.598694000093612],[-81.41239500035167,28.59862600019091],[-81.4123910001537,28.598573000050642],[-81.41240899969708,28.59833999960817],[-81.4124120000701,28.598308999831946],[-81.41239399962846,28.59825199993963],[-81.41237699991001,28.598229000112767],[-81.41236699986428,28.598214000257233],[-81.4123200000086,28.598179000060153],[-81.4122630001072,28.59815700031339],[-81.41220200000782,28.598149000332672],[-81.41214099990846,28.598155000121075],[-81.41208400000707,28.598175999772288],[-81.4120370001514,28.598209999874722],[-81.41200100016638,28.598253000034887],[-81.41197699987694,28.598301999957513],[-81.41196600000629,28.59835400014018],[-81.41197500022712,28.598618000245825],[-81.41199299977046,28.59889099970246],[-81.41199799979334,28.598967000141485],[-81.41202200008277,28.599113999630863],[-81.41213199968763,28.599092000079843],[-81.41228400002359,28.59908500025762],[-81.41254900033746,28.599074000085256]]]},"properties":{"block_id":"120950125001016","school_id":"sch_lake_weston_elementary","kids_est":0,"class":"red","shortest":{"len_m":2441.6,"mean_c":37.6,"peak_c":37.6,"dose":154.8},"coolest":{"len_m":2441.6,"mean_c":37.6,"peak_c":37.6,"dose":154.8},"delta_mean_c":0.0,"delta_dose_pct":0,"distance_mi":0.926,"status_now":"walk","status_rec":"bus_eligible","reason":"Coolest route mean 37.6C exceeds threshold (110 C-min dose, actual 155).","safe_until_hour":"13:00"}},{"type":"Feature","geometry":{"type":"Polygon","coordinates":[[[-81.41259600019313,28.599918000282543],[-81.41254900033746,28.599722999606488],[-81.41254900033746,28.599278000369118],[-81.41254900033746,28.599074000085256],[-81.41228400002359,28.59908500025762],[-81.41213199968763,28.599092000079843],[-81.41202200008277,28.599113999630863],[-81.4120370001514,28.59921200022782],[-81.4120530000449,28.599380000362526],[-81.41206700028862,28.600087000155124],[-81.41207200031148,28.60014900022692],[-81.41231599981064,28.600057000183593],[-81.4123829997578,28.600022999889983],[-81.41259600019313,28.599918000282543]]]},"properties":{"block_id":"120950125001012","school_id":"sch_lake_weston_elementary","kids_est":0,"class":"red","shortest":{"len_m":2351.5,"mean_c":37.6,"peak_c":37.6,"dose":149.1},"coolest":{"len_m":2351.5,"mean_c":37.6,"peak_c":37.6,"dose":149.1},"delta_mean_c":0.0,"delta_dose_pct":0,"distance_mi":0.864,"status_now":"walk","status_rec":"bus_eligible","reason":"Coolest route mean 37.6C exceeds threshold (110 C-min dose, actual 149).","safe_until_hour":"13:00"}},{"type":"Feature","geometry":{"type":"Polygon","coordinates":[[[-81.42211099969997,28.611459000282988],[-81.422154000256,28.611436000192555],[-81.4220770002631,28.611329000219726],[-81.42200299974493,28.611226000025013],[-81.42188899994213,28.61106399974413],[-81.42184999958407,28.611008999621152],[-81.42177500013932,28.610902000002042],[-81.42171200039013,28.61081299983775],[-81.42167600040511,28.610843999868077],[-81.42160699990983,28.610903999951706],[-81.42124899970953,28.610907999850873],[-81.42043199992494,28.61091800038685],[-81.41967200004174,28.610926000184012],[-81.41914700033517,28.610933000006096],[-81.41913999976418,28.61087099998884],[-81.41912600041879,28.610737000080903],[-81.41907700001498,28.610738000057307],[-81.41901599991563,28.61074000001005],[-81.41901599991563,28.610775999942245],[-81.41901599991563,28.61088399966478],[-81.41901699974052,28.610921000310885],[-81.41901799956544,28.611123999702038],[-81.41901900028867,28.611220000194336],[-81.41902799961117,28.611318999722887],[-81.41905899957331,28.611465000100065],[-81.41911100035017,28.61160599964509],[-81.41915700038092,28.61169599989333],[-81.41916400005363,28.61170700032146],[-81.41927700003153,28.611876000158443],[-81.41937199956777,28.612018999868816],[-81.41938400016164,28.612037000011565],[-81.4196419999045,28.612411000089367],[-81.41971600042267,28.61251499987018],[-81.41982900040057,28.612672999658546],[-81.41996400011979,28.612590999917806],[-81.42029100035793,28.612421999654003],[-81.42056199962128,28.612283000339158],[-81.42145999959672,28.611797999660837],[-81.42168700027577,28.611678999659578],[-81.42206999969208,28.611480999610475],[-81.42211099969997,28.611459000282988]]]},"properties":{"block_id":"120950152022030","school_id":"sch_lake_weston_elementary","kids_est":0,"class":"green","shortest":{"len_m":1082.4,"mean_c":37.56,"peak_c":37.6,"dose":68.5},"coolest":{"len_m":1082.4,"mean_c":37.56,"peak_c":37.6,"dose":68.5},"delta_mean_c":0.0,"delta_dose_pct":0,"distance_mi":0.531,"status_now":"walk","status_rec":"walk","reason":"Shortest route already under threshold (dose 68).","safe_until_hour":null}},{"type":"Feature","geometry":{"type":"Polygon","coordinates":[[[-81.40565099986578,28.612319999703878],[-81.40565599988864,28.61227299993314],[-81.40564699966782,28.612226000141444],[-81.40560599965994,28.612151999755593],[-81.40543699960554,28.61188899971001],[-81.40530699990919,28.611698999795134],[-81.40522999991629,28.611560000312075],[-81.40489699983037,28.610841999917316],[-81.40484199957878,28.610722999621576],[-81.4048280002334,28.61064699979954],[-81.40482200038562,28.61050999967022],[-81.40481900001257,28.61028500030767],[-81.40410099996215,28.610290000211076],[-81.40351299960811,28.610300000017318],[-81.40355699998904,28.610431999735457],[-81.40359200014913,28.610503999798603],[-81.40366400011916,28.610612999778386],[-81.40382399995273,28.61080899993497],[-81.40390900034154,28.610932000031546],[-81.40401499974843,28.611120999783857],[-81.40442800020031,28.612003999616018],[-81.4044759998809,28.612081999960704],[-81.40453500033044,28.612153999681404],[-81.40460200027759,28.612220000367877],[-81.40509500019708,28.61265199975028],[-81.40521900004565,28.612750000337734],[-81.40558300009371,28.61242600028405],[-81.40563300032242,28.61235799980512],[-81.40565099986578,28.612319999703878]]]},"properties":{"block_id":"120950152021009","school_id":"sch_lake_weston_elementary","kids_est":3,"class":"red","shortest":{"len_m":2046.9,"mean_c":37.59,"peak_c":37.6,"dose":129.6},"coolest":{"len_m":2046.9,"mean_c":37.59,"peak_c":37.6,"dose":129.6},"delta_mean_c":0.0,"delta_dose_pct":0,"distance_mi":0.43,"status_now":"walk","status_rec":"bus_eligible","reason":"Coolest route mean 37.6C exceeds threshold (110 C-min dose, actual 130).","safe_until_hour":"14:00"}},{"type":"Feature","geometry":{"type":"Polygon","coordinates":[[[-81.41708199987244,28.59876500022338],[-81.41712200005541,28.598628000374273],[-81.41687000016033,28.59813499977336],[-81.41669400043324,28.598218999946422],[-81.41664400020451,28.598243999966165],[-81.41665199970213,28.59825699962703],[-81.41673700009095,28.59841899993795],[-81.41690699997027,28.598742999810636],[-81.41694600032832,28.59881900035668],[-81.41699099963584,28.598908999728394],[-81.41704400023761,28.599020000083044],[-81.417057999583,28.59892599966241],[-81.41708199987244,28.59876500022338]]]},"properties":{"block_id":"120950152022039","school_id":"sch_lake_weston_elementary","kids_est":0,"class":"red","shortest":{"len_m":2102.5,"mean_c":37.55,"peak_c":37.6,"dose":132.6},"coolest":{"len_m":2102.5,"mean_c":37.55,"peak_c":37.6,"dose":132.6},"delta_mean_c":0.0,"delta_dose_pct":0,"distance_mi":0.989,"status_now":"walk","status_rec":"bus_eligible","reason":"Coolest route mean 37.5C exceeds threshold (110 C-min dose, actual 133).","safe_until_hour":"14:00"}},{"type":"Feature","geometry":{"type":"Polygon","coordinates":[[[-81.41871499961674,28.596313000080457],[-81.41875099960176,28.596249999997514],[-81.41864000017198,28.596258000122834],[-81.41850600027769,28.596267999687022],[-81.4183959997745,28.596454000241888],[-81.41797200035029,28.597000000223602],[-81.41765699980772,28.59741499970502],[-81.41750600019496,28.5976770003906],[-81.41781599981638,28.59751699992909],[-81.41801699965782,28.597249999898356],[-81.41849299985888,28.596624000274467],[-81.41871499961674,28.596313000080457]]]},"properties":{"block_id":"120950124021029","school_id":"sch_lake_weston_elementary","kids_est":0,"class":"red","shortest":{"len_m":2304.1,"mean_c":37.54,"peak_c":37.6,"dose":145.1},"coolest":{"len_m":2304.1,"mean_c":37.54,"peak_c":37.6,"dose":145.1},"delta_mean_c":0.0,"delta_dose_pct":0,"distance_mi":1.116,"status_now":"walk","status_rec":"bus_eligible","reason":"Coolest route mean 37.5C exceeds threshold (110 C-min dose, actual 145).","safe_until_hour":"13:00"}},{"type":"Feature","geometry":{"type":"Polygon","coordinates":[[[-81.41872700021061,28.599167000286965],[-81.4187189998147,28.598852000161564],[-81.41766699985347,28.598870000194115],[-81.41751600024072,28.59858200009125],[-81.41739700041502,28.598355000234456],[-81.41735899988187,28.598466999689993],[-81.41732200007195,28.59861000030021],[-81.41743300040004,28.598820999747637],[-81.41789199998435,28.5996389998469],[-81.41796399995438,28.599785999973687],[-81.41799099971855,28.599774999874764],[-81.41802400022881,28.59976199961294],[-81.41812899981082,28.59971699990755],[-81.41808600015311,28.59963500030735],[-81.41804699979504,28.5995599996455],[-81.41797900002298,28.599561999811076],[-81.41778099965626,28.599185000265624],[-81.41872700021061,28.599167000286965]]]},"properties":{"block_id":"120950124021019","school_id":"sch_lake_weston_elementary","kids_est":0,"class":"red","shortest":{"len_m":2310.0,"mean_c":37.54,"peak_c":37.6,"dose":145.5},"coolest":{"len_m":2310.0,"mean_c":37.54,"peak_c":37.6,"dose":145.5},"delta_mean_c":0.0,"delta_dose_pct":0,"distance_mi":0.978,"status_now":"walk","status_rec":"bus_eligible","reason":"Coolest route mean 37.5C exceeds threshold (110 C-min dose, actual 146).","safe_until_hour":"13:00"}},{"type":"Feature","geometry":{"type":"Polygon","coordinates":[[[-81.41271199964577,28.60782700003138],[-81.41270099977511,28.607634999855208],[-81.41267999985872,28.607171000018088],[-81.41267300018603,28.606743000234594],[-81.41237400043528,28.6067460002778],[-81.41236299966633,28.6067460002778],[-81.41207599961113,28.606749000320978],[-81.41164899981388,28.606762999732606],[-81.41155299955442,28.60678500004356],[-81.41149200035335,28.606810000391345],[-81.41144999962225,28.606834999944525],[-81.41141100016249,28.606861000293723],[-81.41133199962147,28.60693599968759],[-81.41123200006236,28.60705200029565],[-81.4118470001806,28.607548000091118],[-81.41258399959925,28.608147000070943],[-81.41264499969863,28.608058999940354],[-81.41267599966076,28.607995999801613],[-81.41269699957715,28.607928999612565],[-81.41271199964577,28.60782700003138]]]},"properties":{"block_id":"120950152022011","school_id":"sch_lake_weston_elementary","kids_est":1,"class":"green","shortest":{"len_m":1004.9,"mean_c":37.6,"peak_c":37.6,"dose":63.5},"coolest":{"len_m":1004.9,"mean_c":37.6,"peak_c":37.6,"dose":63.5},"delta_mean_c":0.0,"delta_dose_pct":0,"distance_mi":0.335,"status_now":"walk","status_rec":"walk","reason":"Shortest route already under threshold (dose 64).","safe_until_hour":null}},{"type":"Feature","geometry":{"type":"Polygon","coordinates":[[[-81.4177410003716,28.602036000381208],[-81.41773100032587,28.601993000191616],[-81.41772100028012,28.601949999984367],[-81.41771299988422,28.601919999755985],[-81.41769199996781,28.601830999869332],[-81.41768500029512,28.6018019996685],[-81.41727400039139,28.600182999690965],[-81.41725099992685,28.600049999636852],[-81.41722900018553,28.59984399990276],[-81.41721499994183,28.599668999937766],[-81.4172049998961,28.599407000274656],[-81.41704400023761,28.599020000083044],[-81.41702699962086,28.59913100032046],[-81.4170140001004,28.599291999987443],[-81.41700999990243,28.59951800010331],[-81.41703099981882,28.59988500002367],[-81.41704000003963,28.599968000296492],[-81.41706799962874,28.600140999609046],[-81.41749799979905,28.60195200010446],[-81.41751899971545,28.602039999829373],[-81.41762199964762,28.602037999711023],[-81.4177410003716,28.602036000381208]]]},"properties":{"block_id":"120950152022037","school_id":"sch_lake_weston_elementary","kids_est":0,"class":"red","shortest":{"len_m":2751.0,"mean_c":37.6,"peak_c":37.6,"dose":174.6},"coolest":{"len_m":2751.0,"mean_c":37.6,"peak_c":37.6,"dose":174.6},"delta_mean_c":0.0,"delta_dose_pct":0,"distance_mi":0.86,"status_now":"walk","status_rec":"bus_eligible","reason":"Coolest route mean 37.6C exceeds threshold (110 C-min dose, actual 175).","safe_until_hour":"13:00"}},{"type":"Feature","geometry":{"type":"Polygon","coordinates":[[[-81.41348400012284,28.6197529997515],[-81.41347599972691,28.619062999657835],[-81.41346499985626,28.61902399971947],[-81.41343999974191,28.618989000146584],[-81.4134039997569,28.618964000331896],[-81.41336000027428,28.61895100007889],[-81.41261100026173,28.61895600035839],[-81.41193400021923,28.618961999747125],[-81.41193500004415,28.619206999729496],[-81.41193699969396,28.619347000026018],[-81.4119469997397,28.619541999761875],[-81.4119669998312,28.619611000212476],[-81.41200100016638,28.619675000372773],[-81.41204999967186,28.61973099979108],[-81.41210900012142,28.61977600038624],[-81.41219600016005,28.61982599962303],[-81.4122780001758,28.61985899992638],[-81.41237299971206,28.61987999997067],[-81.41244100038243,28.61988099986003],[-81.41311800042496,28.619870000288063],[-81.413262000365,28.619867999720558],[-81.4133760001678,28.619863000273114],[-81.41341600035078,28.61984800035211],[-81.41344999978767,28.619822999953424],[-81.4134730002522,28.61978999963875],[-81.41348400012284,28.6197529997515]]]},"properties":{"block_id":"120950152041027","school_id":"sch_lake_weston_elementary","kids_est":4,"class":"green","shortest":{"len_m":1326.3,"mean_c":37.6,"peak_c":37.6,"dose":84.2},"coolest":{"len_m":1327.5,"mean_c":37.6,"peak_c":37.6,"dose":84.1},"delta_mean_c":0.0,"delta_dose_pct":0,"distance_mi":0.503,"status_now":"walk","status_rec":"walk","reason":"Shortest route already under threshold (dose 84).","safe_until_hour":null}},{"type":"Feature","geometry":{"type":"Polygon","coordinates":[[[-81.41991800008904,28.59960500020678],[-81.41987899973097,28.598561999824742],[-81.41986500038558,28.598036999749514],[-81.41984399957087,28.597534000088288],[-81.41981199978382,28.596576999791893],[-81.41980699976097,28.596412000247128],[-81.41980299956299,28.596303999845546],[-81.41939800040535,28.596315000307836],[-81.41905400044877,28.59630800030061],[-81.41900400022004,28.596301000292897],[-81.41894800014356,28.596271000029354],[-81.4185930003163,28.5967999998979],[-81.41837700040624,28.597063999963495],[-81.41818200041259,28.597254999633396],[-81.41798400004586,28.597429999674585],[-81.41781599981638,28.59751699992909],[-81.41774999969412,28.59760500021307],[-81.41758400001277,28.59790199993723],[-81.41746900038505,28.59814000025498],[-81.41739700041502,28.598355000234456],[-81.41751600024072,28.59858200009125],[-81.41766699985347,28.598870000194115],[-81.4187189998147,28.598852000161564],[-81.41872700021061,28.599167000286965],[-81.41778099965626,28.599185000265624],[-81.41797900002298,28.599561999811076],[-81.41804699979504,28.5995599996455],[-81.41808600015311,28.59963500030735],[-81.41812899981082,28.59971699990755],[-81.41821800039759,28.599678999966127],[-81.41831299993383,28.59964799979616],[-81.41838400007894,28.599634000225265],[-81.41844500017831,28.599624000192616],[-81.41851200012546,28.59961899978153],[-81.41909100025869,28.599613000076662],[-81.41950100033752,28.599613000076662],[-81.41953399994948,28.59961199999437],[-81.41991800008904,28.59960500020678]]]},"properties":{"block_id":"120950124021018","school_id":"sch_lake_weston_elementary","kids_est":0,"class":"red","shortest":{"len_m":2622.7,"mean_c":37.52,"peak_c":37.6,"dose":164.7},"coolest":{"len_m":2622.7,"mean_c":37.52,"peak_c":37.6,"dose":164.7},"delta_mean_c":0.0,"delta_dose_pct":0,"distance_mi":1.059,"status_now":"walk","status_rec":"bus_eligible","reason":"Coolest route mean 37.5C exceeds threshold (110 C-min dose, actual 165).","safe_until_hour":"13:00"}},{"type":"Feature","geometry":{"type":"Polygon","coordinates":[[[-81.41422800011252,28.6057019997722],[-81.41422100043981,28.60537700003485],[-81.41421899989169,28.60525099965752],[-81.41421800006677,28.6052019998205],[-81.41421499969373,28.605056000202826],[-81.4142139998688,28.605008000305823],[-81.4142130000439,28.604980000224305],[-81.41420399982306,28.60490000006304],[-81.41421100039408,28.604870999920486],[-81.41418600027973,28.604871999952742],[-81.41416899966298,28.604860000353877],[-81.41414500027183,28.604850000029867],[-81.41408400017247,28.604844999867485],[-81.41403499976867,28.604844999867485],[-81.41349099979554,28.60485200009469],[-81.41331000004557,28.604855000191954],[-81.41331000004557,28.60488500037105],[-81.41331099987049,28.604977000130617],[-81.4133119996954,28.605008000305823],[-81.4133119996954,28.60506200038555],[-81.41331300041861,28.605223999669715],[-81.41331400024353,28.605277999638442],[-81.41331500006845,28.605385000253982],[-81.41331800044149,28.60570999996664],[-81.4133200000913,28.60581800016547],[-81.41347800027505,28.605821000235085],[-81.41376799980496,28.605827999608657],[-81.41395199992797,28.605827999608657],[-81.41408199962432,28.605828999631804],[-81.41411000011173,28.605825000327858],[-81.41415199994454,28.605808999955936],[-81.41418999957936,28.605781000087948],[-81.41420899984594,28.605752000188566],[-81.41421600041693,28.605743999997397],[-81.41422800011252,28.6057019997722]]]},"properties":{"block_id":"120950152022013","school_id":"sch_lake_weston_elementary","kids_est":0,"class":"green","shortest":{"len_m":1250.3,"mean_c":37.6,"peak_c":37.6,"dose":79.3},"coolest":{"len_m":1250.3,"mean_c":37.6,"peak_c":37.6,"dose":79.3},"delta_mean_c":0.0,"delta_dose_pct":0,"distance_mi":0.484,"status_now":"walk","status_rec":"walk","reason":"Shortest route already under threshold (dose 79).","safe_until_hour":null}}]}